"fitness","RSB_short","RC_short","RSB_long","RC_long","AAV","Blim_risk","m","tau","theta","scenario"
"10.500900278871","0.972949998135502","0.213899286847656","1.70204495959459","0.500900278871005","0.280795352058153","1","0.5","0.4","0.75","one_way"
"10.500900278871","0.972949998135502","0.213899286847656","1.70204495959459","0.500900278871005","0.280795352058153","1","0.5","0.4","0.75","one_way"
"10.3053625131207","1.03219275785229","0.125962993369655","1.92967095627082","0.305362513120708","0.287658689609884","1","0.2655086631421","0.380035179434344","0.79423986072652","one_way"
"0.0587869058350832","0.0451998030611493","1.1541473432095","0.00604540900457956","0.0587869058350832","0.239002371480655","0.036","0.37212389963679","0.777445221319795","0.107943625887856","one_way"
"10.5466861333175","1.0069699904458","0.193939357952704","1.68540275447676","0.546686133317477","0.322460483642697","1","0.572853363351896","0.934705231105909","0.723710946040228","one_way"
"5.61930180719523","0.810271828838453","0.390016052159977","1.38370370181348","0.619301807195225","0.264570454149455","0.8564","0.908207789994776","0.212142521282658","0.411274429643527","one_way"
"10.2466476644534","1.08666315507385","0.084921085570358","2.04488283680708","0.246647664453429","0.294299102887191","1","0.201681931037456","0.651673766085878","0.820946294115856","one_way"
"10.6964283863599","0.809004435787313","0.40932857414812","1.33197008014642","0.69642838635988","0.27271762474055","1","0.898389684967697","0.125555095961317","0.647060193819925","one_way"
"10.775149420199","0.823672757932655","0.410421416978325","1.25099220815409","0.775149420198964","0.270984120617017","1","0.944675268605351","0.267220668727532","0.78293276228942","one_way"
"10.5633108163373","0.946391255966084","0.251420017134034","1.61637470461178","0.563310816337342","0.278309833182052","1","0.660797792486846","0.386114092543721","0.553036311641335","one_way"
"10.5046725887304","0.818609479663132","0.395514895793079","1.54489165678701","0.50467258873044","0.314333125026091","1","0.62911404389888","0.0133903331588954","0.529719580197707","one_way"
"10.0778537740083","1.09173515359834","0.0297073516051515","2.17437843717412","0.0778537740083397","0.289575567581578","1","0.0617862704675645","0.382387957070023","0.789356231689453","one_way"
"0.0579417488172663","0.0449383920562522","1.15524400375633","0.00597667699820355","0.0579417488172663","0.239002371480655","0.02","0.205974574899301","0.86969084572047","0.023331202333793","one_way"
"10.1736485449379","1.05476185568546","0.0952148640074862","2.05476408653632","0.173648544937881","0.285165470301038","0.986","0.176556752528995","0.34034899668768","0.477230065036565","one_way"
"10.622649880929","0.937466322663036","0.267189612756301","1.54235719046436","0.622649880928967","0.289676891258989","1","0.687022846657783","0.482080115471035","0.7323137386702","one_way"
"10.3902924344075","1.03836709843489","0.145563879878131","1.86408876401525","0.390292434407485","0.291314446472672","1","0.384103718213737","0.599565825425088","0.692731556482613","one_way"
"10.6028352737473","0.940574698514737","0.271902184086626","1.55269178436722","0.602835273747263","0.287329553416545","0.9876","0.769841419998556","0.493541307048872","0.477619622135535","one_way"
"10.5235380159408","0.903493741664737","0.295524912966218","1.61082184254813","0.523538015940821","0.281379869261152","1","0.497699242085218","0.186217601411045","0.8612094768323","one_way"
"5.54966473072016","0.960270541556741","0.222455216107176","1.61804790946758","0.54966473072016","0.311720209638474","0.932","0.717618508264422","0.827373318606988","0.438097107224166","one_way"
"0.0640721860432096","0.0500865200268271","1.1102795081214","0.00658763285798161","0.0640721860432096","0.241038922880185","0.192","0.991906094830483","0.668466738192365","0.244797277031466","one_way"
"0.0587869058350832","0.0451998030611493","1.1541473432095","0.00604540900457956","0.0587869058350832","0.238484160555046","0.036","0.1","0.1","0.1","one_way"
"0.0614316945995512","0.0480673675798164","1.134576067193","0.00629883413427918","0.0614316945995512","0.239308298419995","0.126","0.2","0.2","0.2","one_way"
"0.0793584127375463","0.0594816245089475","1.01792768770266","0.00808905439471304","0.0793584127375463","0.245390163241076","0.364","0.3","0.3","0.3","one_way"
"5.32781173383165","0.95881698690896","0.187007564891434","1.79110309070341","0.327811733831655","0.266283830820579","0.808","0.4","0.4","0.4","one_way"
"10.440855718108","1.00567440613886","0.181104736858782","1.76847815776867","0.440855718107957","0.288022838252659","0.996","0.5","0.5","0.5","one_way"
"10.5325636484953","0.990808027674626","0.211999944890451","1.66964577318454","0.532563648495339","0.293256232850737","1","0.6","0.6","0.6","one_way"
"10.6231089383777","0.964498429586738","0.245516612531077","1.5633397034807","0.623108938377695","0.310293827268152","1","0.7","0.7","0.7","one_way"
"10.7190672415892","0.921612701438464","0.295314862063606","1.42552466150864","0.719067241589198","0.320098085175516","1","0.8","0.8","0.8","one_way"
"10.7774786958036","0.89518030618831","0.332415643983852","1.32036347075493","0.777478695803557","0.335251177237586","1","0.9","0.9","0.9","one_way"
"10.8063851941632","0.876473322405195","0.356267443485567","1.2510000570448","0.806385194163173","0.352180149200333","1","1","1","1","one_way"
"10.7569367879849","0.902971471842014","0.319761201024006","1.36571906720565","0.756936787984925","0.320960753426327","1","0.833413007531821","0.777981484906828","0.888715307624958","one_way"
"10.527269783329","0.966234981434656","0.226134546924033","1.66730708935839","0.527269783328992","0.281984632060618","1","0.538189376374443","0.41097730424598","0.744239904375478","one_way"
"10.6900720011024","0.941577729898694","0.279816928421941","1.47159407253003","0.690072001102425","0.315259659244601","1","0.77392633005511","0.778341248445213","0.763957811146975","one_way"
"10.8063851941632","0.876473322405195","0.356267443485567","1.2510000570448","0.806385194163173","0.352180149200333","1","1","1","1","one_way"
"10.6964283863599","0.809004435787313","0.40932857414812","1.33197008014642","0.69642838635988","0.27271762474055","1","0.898389684967697","0.125555095961317","0.647060193819925","one_way"
"10.7774786958036","0.89518030618831","0.332415643983852","1.32036347075493","0.777478695803557","0.335251177237586","1","0.9","0.9","0.9","one_way"
"10.5235380159408","0.903493741664737","0.295524912966218","1.61082184254813","0.523538015940821","0.281379869261152","1","0.497699242085218","0.186217601411045","0.8612094768323","one_way"
"10.1266678477963","1.10936946847534","0.0436847616978794","2.15800796191185","0.126667847796305","0.296120886779509","1","0.115379119940647","0.570822970055026","0.624921956485639","one_way"
"10.2466476644534","1.08666315507385","0.084921085570358","2.04488283680708","0.246647664453429","0.294299102887191","1","0.201681931037456","0.651673766085878","0.820946294115856","one_way"
"10.6488834892809","0.937225030914635","0.277435960069492","1.50824653954623","0.648883489280852","0.298516642915822","0.992","0.836428412466735","0.615559822142044","0.488904314510576","one_way"
"10.5102011218445","0.986113777199911","0.211703119161769","1.70863103617246","0.510201121844541","0.289006171177725","1","0.574211965710856","0.503545672702603","0.55650761120487","one_way"
"10.6231089383777","0.964498429586738","0.245516612531077","1.5633397034807","0.623108938377695","0.310293827268152","1","0.7","0.7","0.7","one_way"
"10.6465780414177","0.917279557466033","0.29125516568336","1.49245272190099","0.646578041417688","0.280296300597216","1","0.729896399028174","0.390908544594449","0.725150243386385","one_way"
"10.5139201132153","0.854758020422984","0.346962667977644","1.58770372340694","0.513920113215259","0.295152560460189","1","0.612035095089252","0.0886619764537082","0.542529229102369","one_way"
"10.3101957843882","1.07829276658403","0.104318949333107","1.97959440674177","0.310195784388195","0.309577879240225","1","0.261973869123268","0.792628918680646","0.818394663429165","one_way"
"0.0633233773861827","0.0494777154316339","1.11779825971354","0.0064753342316856","0.0633233773861827","0.239864694406953","0.17","0.552793421208681","0.383890148646985","0.234661261551082","one_way"
"10.6886833058977","0.847527421586583","0.366342767178861","1.38376028933735","0.688683305897698","0.268782201247323","1","0.855516132597305","0.216726666837903","0.654223689103741","one_way"
"10.4635434653691","1.0217459161157","0.172586946380169","1.77816543460299","0.463543465369108","0.304484859912054","1","0.449318917027717","0.672584425361225","0.75015517638395","one_way"
"10.8063851941632","0.876473322405195","0.356267443485567","1.2510000570448","0.806385194163173","0.352180149200333","1","1","1","1","one_way"
"10.6882396687384","0.928660933491","0.286830676124879","1.46145990839693","0.688239668738428","0.306508849106652","1","0.739708061914188","0.659044847405232","0.802551630686692","one_way"
"10.530759926175","0.869444670421273","0.329561300411538","1.57786181542997","0.530759926175019","0.296929035864685","1","0.514778190894847","0.110945958116232","0.848399827927639","one_way"
"10.5366239416746","0.963125483968752","0.225551073322515","1.65531017115363","0.536623941674579","0.284737658888025","1","0.52607366994489","0.421658751554787","0.786042188853025","one_way"
"10.4232660009296","1.01322992666282","0.166411962663121","1.80855923007829","0.423266000929564","0.28711578166568","1","0.399738088591202","0.478225146258395","0.754972545853128","one_way"
"10.6053494681115","0.945613781129649","0.256965008122738","1.57261237125929","0.60534946811148","0.28723529699806","1","0.64883347028334","0.471102811225055","0.738073834294722","one_way"
"10.52475617501","0.934527398017535","0.268337847270456","1.63412046056022","0.524756175010003","0.275528415996255","1","0.574840539409004","0.263523558433696","0.668165899001244","one_way"
"10.6065597606056","0.942472647087876","0.266742199264781","1.55908034710749","0.60655976060563","0.28438357421016","1","0.692700122674771","0.431016370421275","0.670663199966591","one_way"
"0.120798074650604","0.0837060877670618","0.864882226984118","0.0121456782168276","0.120798074650604","0.254130176554053","0.48","0.525788034289144","0.596454327297397","0.325278303353116","one_way"
"10.5414383736966","0.961208050037758","0.231147281300019","1.64565447120913","0.541438373696598","0.281707091838163","1","0.546407150526918","0.411564987014997","0.764434275203814","one_way"
"10.6231089383777","0.964498429586738","0.245516612531077","1.5633397034807","0.623108938377695","0.310293827268152","1","0.7","0.7","0.7","one_way"
"10.5108853594788","0.97182511323525","0.21722696029193","1.69025803984244","0.510885359478782","0.283111574378203","1","0.516189746114383","0.407450754073119","0.74408468434257","one_way"
"10.6231089383777","0.964498429586738","0.245516612531077","1.5633397034807","0.623108938377695","0.310293827268152","1","0.7","0.7","0.7","one_way"
"10.3815840172118","1.03625463717798","0.142518824220445","1.87372764238717","0.38158401721179","0.291208827326132","1","0.342548518239796","0.561804338478576","0.785580695807653","one_way"
"10.1441155310956","1.09295791182539","0.0515935415898298","2.13686173396387","0.144115531095573","0.290015686829222","1","0.12567705340931","0.488098051633514","0.722781802189736","one_way"
"10.6231089383777","0.964498429586738","0.245516612531077","1.5633397034807","0.623108938377695","0.310293827268152","1","0.7","0.7","0.7","one_way"
"10.5752830056519","0.96645005448534","0.235315878304823","1.62238425318338","0.575283005651861","0.291123390665491","1","0.556543291309037","0.524815521782255","0.815918333588811","one_way"
"10.6240631388347","0.960431403288732","0.248899129492458","1.56864975531353","0.62406313883474","0.302787862092401","1","0.608726085440805","0.66406901042375","0.886256122633664","one_way"
"10.6657337516005","0.912524522082501","0.299100655241311","1.46911609021501","0.665733751600476","0.281726078034918","1","0.761320233718212","0.414242569981711","0.731610713574914","one_way"
"10.5510120924986","0.952956959637756","0.248102418322339","1.62246546720015","0.551012092498594","0.278094481428522","1","0.625180860675905","0.378918582501757","0.616045463676961","one_way"
"10.6195387104419","0.896500825341098","0.314850794633018","1.49863586655797","0.619538710441923","0.274142996256882","1","0.70320359780097","0.262246093017111","0.718930116963776","one_way"
"10.3171938033357","0.930400797266127","0.244481526460991","1.84129522052087","0.317193803335728","0.318941023230995","1","0.310892331431715","0.115678141878998","0.719700972873054","one_way"
"10.7727154447843","0.894503669708347","0.328900817578361","1.33827668735516","0.772715444784339","0.324581554427655","1","0.869530378635853","0.796843229772532","0.870123855264215","one_way"
"10.5739529387017","0.958482194363324","0.238433915486904","1.61271306509864","0.573952938701675","0.290076390010184","1","0.589029811825835","0.480777972201752","0.760515841694588","one_way"
"10.7930933720049","0.885597240394893","0.343468014301576","1.29293977406569","0.793093372004889","0.336564249944144","1","0.931618795532121","0.893442472284957","0.982710224255632","one_way"
"10.5775710122472","0.975352862037718","0.227672227654","1.62540592121506","0.57757101224717","0.304165124348094","1","0.676356825452613","0.669837516840921","0.552416870523041","one_way"
"10.5270657345056","0.978573217153621","0.216257373269565","1.6751571383181","0.527065734505598","0.286386527651146","1","0.55775588768578","0.476928782350709","0.687223930046669","one_way"
"10.5615457941099","0.983084631536016","0.22192639313637","1.64206666959969","0.561545794109907","0.29733546387347","1","0.609390504041839","0.618306730662348","0.686642620371486","one_way"
"10.5588211785544","0.890462274870873","0.31627048201853","1.56370571857323","0.558821178554391","0.278264885560597","1","0.635687704696686","0.180846205177006","0.66455759972013","one_way"
"10.7774786958036","0.89518030618831","0.332415643983852","1.32036347075493","0.777478695803557","0.335251177237586","1","0.9","0.9","0.9","one_way"
"10.3500273706982","1.04611873741582","0.128805706483857","1.91150841426952","0.350027370698161","0.291890058633993","1","0.319264979403779","0.56609078629226","0.753620811540224","one_way"
"10.7799943922989","0.892766730542434","0.334136165987745","1.31844223858856","0.779994392298908","0.333308039768182","1","0.9017942119997","0.884539012621871","0.906005083369327","one_way"
"10.4636242195119","1.00992387518596","0.177938457981861","1.77236903048085","0.463624219511941","0.290120647900955","1","0.446091044242942","0.563144340788517","0.751419040637481","one_way"
"10.5621592139693","0.971079154587937","0.232334034199335","1.63191571938818","0.562159213969255","0.295452049611177","0.996","0.679159024843812","0.5854930099584","0.497057874058634","one_way"
"10.5074820301769","0.981217305230275","0.21154649342943","1.70030581227164","0.507482030176859","0.285499280526493","1","0.554645454399519","0.437594194597874","0.613523585533679","one_way"
"10.4264689592292","1.02309922689378","0.160820505436667","1.82337677891489","0.426468959229181","0.291237836890221","1","0.402965961375977","0.587665230831102","0.753708681599597","one_way"
"10.5386674197686","0.902691092435811","0.295677639490145","1.60590268583371","0.53866741976855","0.273209181692513","1","0.638727896316456","0.217324428031046","0.548749355524977","one_way"
"10.4812085765049","1.00042349615149","0.189647799398602","1.73985683733653","0.481208576504905","0.286087309613605","1","0.505891812645719","0.490175672494632","0.646224838638473","one_way"
"10.5233261986989","0.989852872030795","0.209224775024297","1.67334178746157","0.523326198698947","0.29321668208499","0.998","0.613297555122966","0.612294556406313","0.501533505311141","one_way"
"10.8063851941632","0.876473322405195","0.356267443485567","1.2510000570448","0.806385194163173","0.352180149200333","1","1","1","1","one_way"
"10.6874186551996","0.918188988712753","0.301998279753898","1.44619141486321","0.687418655199624","0.290643316280588","1","0.771094072617934","0.525477461498074","0.766893460195109","one_way"
"10.6087442195022","0.949673332300002","0.257264910447672","1.56852569704173","0.60874421950221","0.293707388646495","1","0.731481353333779","0.533612484886247","0.548354051656812","one_way"
"10.6294276448245","0.957512826121631","0.251453446565621","1.55630627094834","0.629427644824532","0.30166097121398","1","0.625643485099788","0.66829417754026","0.838843007811423","one_way"
"10.5230625490439","0.995909020296734","0.201023390256726","1.69331834730907","0.52306254904393","0.301117508880454","1","0.551107771597503","0.651952795185499","0.711563083723257","one_way"
"10.584399794402","0.941346191285247","0.260323415816723","1.58268881191155","0.584399794401989","0.277903087161171","1","0.671061118994403","0.389709904086597","0.637428741639218","one_way"
"10.7649024386068","0.902256074973121","0.322916561917222","1.34202346780069","0.764902438606831","0.331825021805843","1","0.899704249916527","0.885387880249828","0.812415126450455","one_way"
"10.6225199482827","0.972948338275926","0.235716463171974","1.57328132746509","0.622519948282734","0.322808647160133","1","0.699771334375381","0.894768048776314","0.715975810891377","one_way"
"10.8063851941632","0.876473322405195","0.356267443485567","1.2510000570448","0.806385194163173","0.352180149200333","1","1","1","1","one_way"
"10.5856169641685","0.978506697247517","0.228949361397112","1.60550342399271","0.585616964168501","0.306791891167755","1","0.654119741681503","0.68920867841516","0.678616722037743","one_way"
"10.5800817859257","0.959370225386094","0.239667686294174","1.61090865855898","0.580081785925696","0.289317942771278","1","0.563510126489021","0.502291887732883","0.82091787754888","one_way"
"10.6149940613944","0.959131034698612","0.24974195059923","1.57060203768899","0.614994061394449","0.296114132724705","1","0.666870291100257","0.613992751717318","0.735594141191572","one_way"
"10.6232457374918","0.970673424457355","0.23870611372544","1.57590855291551","0.623245737491824","0.315057741488739","1","0.65795869600464","0.829705099950025","0.77309861829706","one_way"
"10.5166664762153","0.942855012449291","0.260889042110895","1.6419589217093","0.516666476215291","0.277399667008533","1","0.543868195729092","0.28168689488123","0.727523407064763","one_way"
"10.6299381837329","0.960608301000752","0.251151628247063","1.55200569665899","0.629938183732917","0.309346477343054","1","0.683082600341017","0.695774832883491","0.74741311482224","one_way"
"10.6316596519883","0.952866044172707","0.256608388919461","1.547701547975","0.631659651988283","0.302239688314151","1","0.660295648141414","0.641014968278697","0.784884763744327","one_way"
"10.8108416688269","0.872066611556173","0.35961927371431","1.24814946041615","0.810841668826917","0.343129275944887","1","0.998870778127526","0.948650810034842","0.988692583822751","one_way"
"10.6485090804511","0.949159322792667","0.263720902039435","1.53048766848719","0.648509080451069","0.301131426349493","1","0.645007265371337","0.657960130881077","0.880610063302537","one_way"
"5.31388276969795","0.99248076783831","0.141421939479481","1.83396146515307","0.313882769697951","0.27871803058672","0.808","0.375678227139539","0.647811586761258","0.399409950012341","one_way"
"10.516618545928","0.994882271961029","0.204533532849583","1.70736009412221","0.516618545927996","0.293640680302376","1","0.468908850886767","0.576134949062331","0.953706175105034","one_way"
"10.614983109599","0.944650222232433","0.261976598336731","1.55490230005218","0.614983109599017","0.294175532523363","1","0.750481763086365","0.551068870367709","0.547975523362366","one_way"
"10.622584044342","0.947288775739944","0.263235123988597","1.54824551873112","0.622584044341955","0.2928107381581","1","0.731777103417252","0.548224604636419","0.635938925206357","one_way"
"10.7141631767335","0.922422265692644","0.298831021200402","1.43353348936392","0.714163176733516","0.312316909408044","1","0.750578941928927","0.702233154269823","0.897351353272788","one_way"
"10.7930933720049","0.885597240394893","0.343468014301576","1.29293977406569","0.793093372004889","0.336564249944144","1","0.931618795532121","0.893442472284957","0.982710224255632","one_way"
"10.6812882871241","0.907822564780173","0.30543284045566","1.44674577778405","0.681288287124141","0.28501169530056","1","0.709750671017603","0.437296612126765","0.83298207246425","one_way"
"10.7556490772896","0.913956540135701","0.310511537862265","1.3617026241827","0.755649077289611","0.340887205186726","1","0.873639667353029","0.985669389416244","0.831874520702619","one_way"
"10.5619944583837","0.962946369954148","0.239705848071335","1.62029841692542","0.56199445838371","0.285711710517621","1","0.619831153855362","0.444894267995148","0.662886009450741","one_way"
"10.5756924948183","0.963784586455804","0.237318398402245","1.61378848648386","0.575692494818322","0.293639646383701","1","0.60542644631482","0.543703538924398","0.742825750536494","one_way"
"10.5932511329934","0.986335486964164","0.218224379967554","1.62893719708486","0.593251132993396","0.319509350938467","1","0.568686037474852","0.863857632022437","0.856269458267436","one_way"
"10.712468053639","0.870291958578721","0.352221056228609","1.36996477540379","0.71246805363905","0.274400485779698","1","0.882118195323407","0.324628977012754","0.702794912969694","one_way"
"10.550722242012","0.976895469005159","0.223489222490684","1.64966706793423","0.550722242011962","0.292886464355513","1","0.614740210862382","0.552331045168957","0.639802074597706","one_way"
"10.7806324883201","0.89834633797711","0.329277184017027","1.32454824135913","0.780632488320101","0.339881617656052","1","0.902923433872174","0.935888202587029","0.917312499546576","one_way"
"10.6571670435329","0.953499884472899","0.259732402420465","1.52910307664139","0.657167043532923","0.313475652889916","1","0.653569509373279","0.756217228164252","0.887281800083322","one_way"
"10.5636199799841","0.954159175541113","0.240821826201287","1.61590911377657","0.563619979984087","0.282964449622047","1","0.545035164621011","0.41962842573259","0.825511928880587","one_way"
"10.5972380605395","0.966559260153963","0.241353435374325","1.59042112007639","0.59723806053946","0.296421731758764","1","0.666688779833344","0.606665723982323","0.681475359258976","one_way"
"10.6612210325678","0.921720733710308","0.28922470837338","1.48511207005211","0.661221032567829","0.287600424075407","1","0.677185974045525","0.470826269526128","0.832130962463965","one_way"
"10.5545151830797","0.980772372498378","0.224889431966391","1.64436380508096","0.554515183079736","0.296317841877622","1","0.634900754850524","0.596355941570886","0.578063247826648","one_way"
"10.6571670435329","0.953499884472899","0.259732402420465","1.52910307664139","0.657167043532923","0.313475652889916","1","0.653569509373279","0.756217228164252","0.887281800083322","one_way"
"10.6301376524856","0.968608625379312","0.238578835843489","1.57440831291358","0.630137652485589","0.316343551063345","1","0.63007043759918","0.833318624389849","0.822363095473812","one_way"
"10.7854232334287","0.891885169238506","0.336718473469103","1.31209865506158","0.785423233428686","0.335387555155576","1","0.910598101180732","0.894545053688531","0.979515116811654","one_way"
"10.8023806810479","0.872248816946991","0.355207805897206","1.27427959751271","0.8023806810479","0.3255340058903","1","0.943293182768861","0.783626094478022","0.886622611346755","one_way"
"10.5942600117879","0.961039572201361","0.243538257781305","1.5839226641326","0.594260011787854","0.294926055080061","1","0.679938228015321","0.564206791964615","0.643553096392139","one_way"
"10.5569724953358","0.996697142834224","0.204000683006632","1.66570332139386","0.556972495335839","0.314600147274643","1","0.572138489652884","0.833382741020808","0.750073972688481","one_way"
"10.8063851941632","0.876473322405195","0.356267443485567","1.2510000570448","0.806385194163173","0.352180149200333","1","1","1","1","one_way"
"10.5953473912782","0.949759502538464","0.250498438748496","1.57862644739161","0.595347391278225","0.292026386758067","1","0.616833677619724","0.48055721823936","0.769170020463212","one_way"
"10.6945120308473","0.940357979264182","0.275352584767935","1.47893005147964","0.694512030847281","0.322769595344636","1","0.723577108331395","0.830366657239296","0.848971529844817","one_way"
"10.586549784563","0.972760009274553","0.232308432494473","1.60992131559738","0.586549784563022","0.300155084728563","1","0.605485890975929","0.644531759349906","0.769500503985196","one_way"
"10.5725168860372","0.957737665997432","0.239602080704258","1.61452749162992","0.572516886037241","0.28855713701627","1","0.626295314559063","0.480052096341695","0.691073151394763","one_way"
"10.5745189483203","0.969643251981019","0.23504225639725","1.61363808298137","0.574518948320324","0.293475858933655","1","0.630954732106184","0.546286538136642","0.682875859536249","one_way"
"10.702464505082","0.935288092073788","0.281877835864535","1.46332714101188","0.70246450508202","0.323143768515646","1","0.732547475310791","0.817589282524354","0.910563578421921","one_way"
"10.7881435439478","0.892985173416967","0.335775972182488","1.3052873830864","0.788143543947834","0.341237444365267","1","0.923944128223563","0.934785621183455","0.920507606990554","one_way"
"10.6034837707221","0.946022562469175","0.255074562741163","1.57373942967036","0.603483770722052","0.287382523098993","1","0.596074823461099","0.46876223033352","0.821768987549165","one_way"
"10.7713834251353","0.889238479232221","0.337110122573778","1.33680218235245","0.771383425135297","0.316105089194973","1","0.857627144496829","0.70435923270676","0.951365554618976","one_way"
"10.5424378108307","0.953769990000076","0.245727334163201","1.62798706102474","0.542437810830718","0.278403064189179","1","0.562343157597102","0.364350356881523","0.745835133450526","one_way"
"10.54278521482","0.97509395521173","0.223023645650522","1.6578365575225","0.54278521482001","0.288581728504776","1","0.591214158485721","0.495376161135454","0.666115965826226","one_way"
"10.5997284651378","0.958692838070747","0.245906229049897","1.58650000834089","0.599728465137787","0.294782400600839","1","0.660406130396556","0.578834923370771","0.70740699924755","one_way"
"10.6237265686778","0.955515311431449","0.254724599187907","1.54556133375037","0.623726568677835","0.30632385638874","1","0.775802404876203","0.662002458987074","0.511992958607152","one_way"
"10.5379336845471","0.971391547210235","0.222586289161079","1.65899476748502","0.537933684547135","0.285587569516844","1","0.566507602724659","0.466628937488672","0.714633866536409","one_way"
"10.6544463318027","0.946300988159649","0.268302133284896","1.51553646244345","0.654446331802745","0.300898519425245","1","0.663417838922225","0.644467642718947","0.841789626770527","one_way"
"10.6948894971786","0.940749234636894","0.276342841602203","1.47600274351371","0.694889497178647","0.323555567462197","1","0.718998916406629","0.847043370459274","0.911954732939193","one_way"
"10.6263243698866","0.952542430915667","0.259622566874082","1.54541165136839","0.626324369886611","0.296352925831531","1","0.737413826171301","0.600854830120412","0.6400165681618","one_way"
"10.6571670435329","0.953499884472899","0.259732402420465","1.52910307664139","0.657167043532923","0.313475652889916","1","0.653569509373279","0.756217228164252","0.887281800083322","one_way"
"10.8108416688269","0.872066611556173","0.35961927371431","1.24814946041615","0.810841668826917","0.343129275944887","1","0.998870778127526","0.948650810034842","0.988692583822751","one_way"
"10.3461690807805","1.06758753275801","0.115163128743525","1.93943091800698","0.346169080780494","0.312788165048481","1","0.289980886038393","0.830366657239296","0.848971529844817","one_way"
"10.570250680568","0.981851161716976","0.223406359713976","1.63560726883012","0.570250680568039","0.303287138128974","1","0.58215931103434","0.665715708660651","0.766684730679047","one_way"
"10.8108416688269","0.872066611556173","0.35961927371431","1.24814946041615","0.810841668826917","0.343129275944887","1","0.998870778127526","0.948650810034842","0.988692583822751","one_way"
"10.7659159096661","0.894268129386119","0.331761198721757","1.34928763618112","0.765915909666109","0.317512042180371","1","0.845869354694162","0.72181204526833","0.905050466481713","one_way"
"0.0591928597285154","0.0456592984620321","1.15045139841207","0.00610859579319624","0.0591928597285154","0.239579480460428","0.066","0.722893420469342","0.999332882691311","0.166742393514141","one_way"
"10.7174323972541","0.924793891072252","0.295140698800605","1.43971369381034","0.717432397254056","0.315487459056489","1","0.753674602182767","0.766307863243983","0.926645599611565","one_way"
"10.8108416688269","0.872066611556173","0.35961927371431","1.24814946041615","0.810841668826917","0.343129275944887","1","0.998870778127526","0.948650810034842","0.988692583822751","one_way"
"10.5918376012532","0.963404304465651","0.241609323725312","1.60032095250534","0.591837601253184","0.294999768093991","1","0.619802937519471","0.567563121669779","0.747399594932801","one_way"
"10.7998131931048","0.868936601264204","0.357603459636644","1.26873092480107","0.799813193104751","0.324305626220271","1","0.980259190163739","0.76808302465272","0.805195864247355","one_way"
"10.6854001837765","0.939300578115748","0.275195687791524","1.48596007349059","0.685400183776457","0.313162500712141","1","0.702831152591094","0.742959164552517","0.852084013645632","one_way"
"10.681008162298","0.935193931149463","0.28185631870076","1.4843423106704","0.681008162298032","0.306967993162922","1","0.692911437481791","0.654895792692721","0.906694561903464","one_way"
"10.6757986515704","0.945459360968047","0.269868487911619","1.4936030475068","0.675798651570371","0.316963965665683","1","0.815488599700701","0.813828406035537","0.655473708670641","one_way"
"10.712791928695","0.930444767307679","0.288516395326058","1.4458919792706","0.712791928695028","0.322805660064563","1","0.750137663870906","0.822638549479604","0.923479939097472","one_way"
"10.6787724002694","0.935135512751073","0.280332067545344","1.48158640424912","0.678772400269402","0.307282249580479","1","0.703273452970364","0.662973847292681","0.837391133499693","one_way"
"10.6739484212796","0.950491867081412","0.264094205278741","1.50138275169584","0.673948421279636","0.321840127411899","1","0.794413992839991","0.842570244369196","0.695489678182547","one_way"
"10.7625456431189","0.902069301130012","0.320136329724111","1.3550314400861","0.76254564311892","0.326907863831234","1","0.849245069183542","0.834049858329498","0.894367534158059","one_way"
"10.5682228062761","0.983695164261361","0.221801559890445","1.63669211318642","0.568222806276101","0.304006164302685","1","0.587133606199653","0.675536705284585","0.754960220237831","one_way"
"10.7772284090505","0.89576605317084","0.331580057163081","1.32595012764449","0.777228409050519","0.333151198714594","1","0.893007912620617","0.889495786733281","0.966598756136103","one_way"
"10.7313813652389","0.922433734705205","0.297078902304504","1.4123073687853","0.731381365238925","0.327106930665871","1","0.788868589749252","0.878804914621073","0.919549912828744","one_way"
"10.5725553274597","0.990204766236761","0.215544737018311","1.63999866919415","0.572555327459656","0.314832498681776","1","0.595465069594473","0.812198791710063","0.752889745994631","one_way"
"10.7508157308386","0.900918799377812","0.324605912857521","1.36342652218482","0.7508157308386","0.315028343466715","1","0.887705176604959","0.715792681100629","0.77098419955816","one_way"
"10.702464505082","0.935288092073788","0.281877835864535","1.46332714101188","0.70246450508202","0.323143768515646","1","0.732547475310791","0.817589282524354","0.910563578421921","one_way"
"10.7629205587291","0.896993127505348","0.330956364437943","1.34220319906325","0.762920558729116","0.319714594058036","1","0.92369125325564","0.746679571074503","0.764764305729414","one_way"
"10.6339447124678","0.959919970842188","0.249142585768534","1.55707436885214","0.633944712467828","0.310359437205567","1","0.631207607074106","0.734392588245593","0.838619160797389","one_way"
"10.5525174903451","0.972418983382464","0.230688405753163","1.63762424607216","0.552517490345074","0.290252585157796","1","0.631931494950777","0.509350038140467","0.599833673357059","one_way"
"10.8063851941632","0.876473322405195","0.356267443485567","1.2510000570448","0.806385194163173","0.352180149200333","1","1","1","1","one_way"
"10.8063851941632","0.876473322405195","0.356267443485567","1.2510000570448","0.806385194163173","0.352180149200333","1","1","1","1","one_way"
"10.7374141532861","0.909509319524153","0.312251974375493","1.39550025028508","0.737414153286062","0.315042674093223","1","0.798493377396536","0.700448349281329","0.842747320932337","one_way"
"10.7421136320265","0.917565056803395","0.303346239944133","1.39460406593917","0.74211363202651","0.329396484319928","1","0.810493008371244","0.8844544186088","0.940151317283411","one_way"
"10.5833771866189","0.975906857610312","0.230250099851601","1.61574407543173","0.583377186618887","0.299275059987697","1","0.601838561072956","0.638403253975584","0.764283772913862","one_way"
"10.758042910318","0.767667770566914","0.461246529478018","1.21424753911771","0.758042910317996","0.268056192776357","1","0.884843963521665","0.10212059924379","0.942256539402909","one_way"
"10.6997425900556","0.926616063348049","0.288169405281277","1.45114521972084","0.699742590055566","0.312717711036488","1","0.751620660800139","0.712298211900182","0.808706191091109","one_way"
"10.6842069647953","0.940573772280699","0.2733436020551","1.49210784139676","0.684206964795285","0.313360481773273","1","0.699462969456359","0.760154900404899","0.849945115980812","one_way"
"10.6542711988092","0.948248961715942","0.265527030641881","1.52226546203388","0.654271198809238","0.306559492020559","1","0.653757271967491","0.671156746741893","0.89046028313106","one_way"
"10.7862000055121","0.890304664661736","0.338322556320867","1.30943020145054","0.786200005512059","0.333745248618383","1","0.912869781789756","0.884327117552492","0.957480064872129","one_way"
"10.7601002214371","0.909685299797808","0.315996145140549","1.35662696897838","0.760100221437139","0.337401040006851","1","0.859283180913117","0.938915198776268","0.944357910405726","one_way"
"10.7969451143171","0.886284440147107","0.344338803772948","1.28683374922965","0.796945114317135","0.341888840673459","1","0.951209827458127","0.945539219832533","0.995793406877685","one_way"
"10.7374141532861","0.909509319524153","0.312251974375493","1.39550025028508","0.737414153286062","0.315042674093223","1","0.798493377396536","0.700448349281329","0.842747320932337","one_way"
"10.7374141532861","0.909509319524153","0.312251974375493","1.39550025028508","0.737414153286062","0.315042674093223","1","0.798493377396536","0.700448349281329","0.842747320932337","one_way"
"10.772112115596","0.893815541747501","0.329258427399589","1.34031807704314","0.772112115595959","0.323097009699397","1","0.863427897467278","0.783357659584371","0.906255642916304","one_way"
"10.6735175084447","0.935636864246672","0.280047252159469","1.481512892127","0.673517508444722","0.300048014707346","1","0.701690296899605","0.639882490712991","0.822625690105897","one_way"
"10.7675822131851","0.906141644102149","0.320191299860673","1.34638868093844","0.767582213185101","0.33862067356315","1","0.874869586087022","0.943128607103422","0.950762431779366","one_way"
"10.6586047929928","0.94209032994084","0.272073430306598","1.50570044132829","0.658604792992817","0.299265345911643","1","0.716606018016402","0.628128980238117","0.767521225759241","one_way"
"10.7374141532861","0.909509319524153","0.312251974375493","1.39550025028508","0.737414153286062","0.315042674093223","1","0.798493377396536","0.700448349281329","0.842747320932337","one_way"
"10.7174323972541","0.924793891072252","0.295140698800605","1.43971369381034","0.717432397254056","0.315487459056489","1","0.753674602182767","0.766307863243983","0.926645599611565","one_way"
"10.7625456431189","0.902069301130012","0.320136329724111","1.3550314400861","0.76254564311892","0.326907863831234","1","0.849245069183542","0.834049858329498","0.894367534158059","one_way"
"10.6664605961164","0.94468355471201","0.268311513837152","1.50324169345817","0.666460596116427","0.312208021653625","1","0.701755891288232","0.733554370477674","0.800469089394367","one_way"
"10.6715013798849","0.950378226596957","0.264110999271817","1.50925719037322","0.67150137988487","0.318918151062566","1","0.770058506290958","0.828425644391326","0.726878658366852","one_way"
"10.8108416688269","0.872066611556173","0.35961927371431","1.24814946041615","0.810841668826917","0.343129275944887","1","0.998870778127526","0.948650810034842","0.988692583822751","one_way"
"10.7629205587291","0.896993127505348","0.330956364437943","1.34220319906325","0.762920558729116","0.319714594058036","1","0.92369125325564","0.746679571074503","0.764764305729414","one_way"
"10.6852390233197","0.934412029242144","0.283562846431313","1.47566612431286","0.685239023319723","0.307980030121332","1","0.704878073091034","0.678816167472426","0.870070130196487","one_way"
"10.5089150946046","0.990547837448314","0.202455765765644","1.70149369903793","0.508915094604606","0.301704652785582","0.982","0.606514797583373","0.679860308638521","0.47614038689062","one_way"
"10.7731977813","0.892890309092532","0.329982582086779","1.33479368726382","0.773197781299957","0.328548942589575","1","0.875449369847502","0.82795017241724","0.965393579701512","one_way"
"10.8063851941632","0.876473322405195","0.356267443485567","1.2510000570448","0.806385194163173","0.352180149200333","1","1","1","1","one_way"
"10.6790907315964","0.944716685779556","0.270119649931588","1.49258764049262","0.679090731596384","0.314285702058649","1","0.803521964091457","0.789908031255832","0.692098140377619","one_way"
"10.8063851941632","0.876473322405195","0.356267443485567","1.2510000570448","0.806385194163173","0.352180149200333","1","1","1","1","one_way"
"10.6854001837765","0.939300578115748","0.275195687791524","1.48596007349059","0.685400183776457","0.313162500712141","1","0.702831152591094","0.742959164552517","0.852084013645632","one_way"
"10.6985079695972","0.933072271186418","0.284048532871853","1.46468496653716","0.698507969597185","0.313201493782641","1","0.723882493147457","0.739623088329701","0.859043941399568","one_way"
"10.6589974945362","0.958513743571004","0.252881351420908","1.53516415939619","0.65899749453617","0.324626574265341","1","0.66265130485408","0.884532596394462","0.964493534016604","one_way"
"10.7057156174809","0.928000663721293","0.293384573879641","1.44674554649586","0.705715617480915","0.309108632265231","1","0.733065562005674","0.689658622206963","0.90499279171169","one_way"
"10.7374141532861","0.909509319524153","0.312251974375493","1.39550025028508","0.737414153286062","0.315042674093223","1","0.798493377396536","0.700448349281329","0.842747320932337","one_way"
"10.5990212322975","0.987154169362042","0.220374308386402","1.62050826994086","0.599021232297541","0.325223190885935","1","0.577510603936389","0.945454303843893","0.968139196386183","one_way"
"10.6787492017135","0.942802544081775","0.274454085354357","1.49293758451565","0.678749201713493","0.312902372838976","1","0.687702953865539","0.731480717502125","0.896372553892434","one_way"
"10.7585024169007","0.908825548466304","0.315976024135914","1.35902879760474","0.75850241690066","0.333867725002594","1","0.852999507103041","0.909546134939833","0.900666677763352","one_way"
"10.7516652925761","0.91150392336088","0.311220884620403","1.37229191981171","0.751665292576097","0.330862413604249","1","0.834013104957865","0.888515791320868","0.975433979785642","one_way"
"10.7525943173282","0.784891514997022","0.444225664973877","1.23872751646993","0.752594317328198","0.270376717709223","1","0.867688825760756","0.129306000424549","0.86534261768274","one_way"
"10.4128656490992","1.05045226150345","0.138091201207971","1.8619740882635","0.412865649099154","0.320846136873977","1","0.357248281361535","0.975044345848716","0.970362246382368","one_way"
"10.7104833379167","0.92483027533984","0.296106812625836","1.44021966890357","0.7104833379167","0.309626388019997","1","0.742352834862813","0.690785886043719","0.880979861204485","one_way"
"10.6756306914429","0.943809772229123","0.269820011841075","1.50185511522369","0.675630691442933","0.314069353160349","1","0.686538599272993","0.742605677454664","0.855776035705253","one_way"
"10.7731977813","0.892890309092532","0.329982582086779","1.33479368726382","0.773197781299957","0.328548942589575","1","0.875449369847502","0.82795017241724","0.965393579701512","one_way"
"10.6803292709489","0.948601009182589","0.265749464255212","1.50385023579469","0.68032927094889","0.325367882982345","1","0.6948689434797","0.867698501631928","0.893036801619305","one_way"
"10.7374141532861","0.909509319524153","0.312251974375493","1.39550025028508","0.737414153286062","0.315042674093223","1","0.798493377396536","0.700448349281329","0.842747320932337","one_way"
"10.6615371504337","0.947609870468293","0.267526913519902","1.51426262553994","0.661537150433749","0.309651211537314","1","0.665517287558311","0.699830929644666","0.870475535579899","one_way"
"10.8063851941632","0.876473322405195","0.356267443485567","1.2510000570448","0.806385194163173","0.352180149200333","1","1","1","1","one_way"
"10.7119837866614","0.933769574428386","0.284228867226557","1.45060818820135","0.711983786661397","0.327974514006117","1","0.752478657825981","0.887768599331224","0.904683265915658","one_way"
"10.7024481185271","0.926758750596968","0.288624330648756","1.44908490139964","0.702448118527082","0.311701561837604","1","0.742333387943","0.711170948063426","0.829913498600945","one_way"
"10.6656975172944","0.943580528824482","0.271426321339418","1.50756558409993","0.665697517294445","0.307939522175439","1","0.670049825285592","0.671510233839746","0.886768261071438","one_way"
"10.7731977813","0.892890309092532","0.329982582086779","1.33479368726382","0.773197781299957","0.328548942589575","1","0.875449369847502","0.82795017241724","0.965393579701512","one_way"
"10.7873463723628","0.882633128176451","0.344127722689096","1.30636862096322","0.787346372362798","0.321773123018299","1","0.897491931824624","0.751402886995191","0.896732097150508","one_way"
"10.8108416688269","0.872066611556173","0.35961927371431","1.24814946041615","0.810841668826917","0.343129275944887","1","0.998870778127526","0.948650810034842","0.988692583822751","one_way"
"10.7922052387565","0.880090864153184","0.347150328973927","1.29685055528317","0.792205238756481","0.327621572925607","1","0.918514548805314","0.804419139546434","0.93517890179902","one_way"
"10.7969451143171","0.886284440147107","0.344338803772948","1.28683374922965","0.796945114317135","0.341888840673459","1","0.951209827458127","0.945539219832533","0.995793406877685","one_way"
"10.758042910318","0.767667770566914","0.461246529478018","1.21424753911771","0.758042910317996","0.268056192776357","1","0.884843963521665","0.10212059924379","0.942256539402909","one_way"
"10.7465057663209","0.918444335319412","0.306063286379772","1.37908207260648","0.746505766320923","0.336998081728698","1","0.835160053377453","0.961888723697548","0.991466697812544","one_way"
"10.7868295520154","0.883276918304907","0.343494676431866","1.30524911098651","0.786829552015376","0.324288898640248","1","0.90127861414151","0.783388147410669","0.985777017215401","one_way"
"10.7975086870147","0.883282549155607","0.34630683214318","1.2844705713976","0.797508687014743","0.340265006538316","1","0.946939832643524","0.909282771703776","0.987117818489761","one_way"
"10.7505013389207","0.911140619536764","0.311715500203537","1.37873483426056","0.750501338920742","0.329122786278862","1","0.832901357046012","0.866233237854001","0.860563685769454","one_way"
"10.8034720423678","0.8797736510399","0.349962138854125","1.2681420773042","0.803472042367806","0.34232197095374","1","0.972929468227577","0.946325113294371","0.971315819215934","one_way"
"10.6684136624266","0.949609958487257","0.265855168003218","1.51245198627474","0.668413662426642","0.313693988364583","1","0.670613513965474","0.759793259315051","0.923540746042931","one_way"
"10.7365124181818","0.915121758233679","0.305350119426704","1.40247315278652","0.736512418181753","0.320518018233659","1","0.793588889841149","0.789193581149604","0.89890493710102","one_way"
"10.5148808287274","0.988815908451812","0.236836276463892","1.69137068277233","0.514880828727364","0.208242617164947","1","0.5","0.4","0.75","roller_coaster"
"10.5148808287274","0.988815908451812","0.236836276463892","1.69137068277233","0.514880828727364","0.208242617164947","1","0.5","0.4","0.75","roller_coaster"
"10.3193414591692","1.04176947481705","0.16708926818107","1.93579012210495","0.319341459169223","0.234448961850977","1","0.2655086631421","0.380035179434344","0.79423986072652","roller_coaster"
"0.057971525043207","0.0453660934796083","1.19484725679056","0.00599110971573099","0.057971525043207","0.272395741913586","0.036","0.37212389963679","0.777445221319795","0.107943625887856","roller_coaster"
"10.5616367497742","1.00573474392025","0.223038917900385","1.65437724394132","0.561636749774157","0.244547439353695","1","0.572853363351896","0.934705231105909","0.723710946040228","roller_coaster"
"5.62059674228616","0.862544231635254","0.354571120025712","1.40118354320367","0.620596742286157","0.197270436022187","0.835","0.908207789994776","0.212142521282658","0.411274429643527","roller_coaster"
"10.2593172419495","1.08600833481518","0.105307467008132","2.0220623110215","0.259317241949524","0.265218992616306","1","0.201681931037456","0.651673766085878","0.820946294115856","roller_coaster"
"10.7115376272226","0.875716349484608","0.374963382518386","1.34575535358858","0.711537627222594","0.172348286434951","1","0.898389684967697","0.125555095961317","0.647060193819925","roller_coaster"
"10.7887271099863","0.836415444191657","0.429501875696057","1.21256044747523","0.788727109986292","0.178403112023669","1","0.944675268605351","0.267220668727532","0.78293276228942","roller_coaster"
"10.5688066919257","0.962457585990821","0.269973637206321","1.5968119106052","0.568806691925693","0.199480775417214","1","0.660797792486846","0.386114092543721","0.553036311641335","roller_coaster"
"10.5313693002248","0.94127022353793","0.29199977249436","1.60412689025975","0.531369300224842","0.170765514487039","1","0.62911404389888","0.0133903331588954","0.529719580197707","roller_coaster"
"10.0806442666248","1.08077073131076","0.11251238428843","2.1841110497773","0.0806442666248216","0.291050718207201","1","0.0617862704675645","0.382387957070023","0.789356231689453","roller_coaster"
"0.0570913861633497","0.045164980567379","1.19632142077482","0.00589298962041134","0.0570913861633497","0.273187247787669","0.02","0.205974574899301","0.86969084572047","0.023331202333793","roller_coaster"
"10.1722448145054","1.05869047605185","0.143690204468434","2.06239159050289","0.172244814505412","0.258892299425449","0.986","0.176556752528995","0.34034899668768","0.477230065036565","roller_coaster"
"10.6391619922983","0.950050083735364","0.290886085770165","1.51919520055237","0.639161992298254","0.203593319348515","1","0.687022846657783","0.482080115471035","0.7323137386702","roller_coaster"
"10.3997002377225","1.04616048435855","0.167024306242139","1.85875317028323","0.399700237722472","0.240483249998102","1","0.384103718213737","0.599565825425088","0.692731556482613","roller_coaster"
"10.6086712209768","0.945206939419508","0.284832388068969","1.53426654314974","0.608671220976757","0.209615364059315","0.987","0.769841419998556","0.493541307048872","0.477619622135535","roller_coaster"
"10.563565767343","0.950813336978622","0.284696775295357","1.59734267042618","0.563565767342961","0.184261447335476","1","0.497699242085218","0.186217601411045","0.8612094768323","roller_coaster"
"5.55727686403784","0.962014900345231","0.239659313687273","1.61293815717185","0.557276864037844","0.246588839437581","0.9198","0.717618508264422","0.827373318606988","0.438097107224166","roller_coaster"
"0.0631095642453452","0.0494283869252433","1.15116281422596","0.00647584489653623","0.0631095642453452","0.268665398364253","0.178","0.991906094830483","0.668466738192365","0.244797277031466","roller_coaster"
"0.057971525043207","0.0453660934796083","1.19484725679056","0.00599110971573099","0.057971525043207","0.272117653287822","0.036","0.1","0.1","0.1","roller_coaster"
"0.060749863567682","0.0471277483556949","1.16975586471367","0.00627497152098828","0.060749863567682","0.271677243174277","0.12","0.2","0.2","0.2","roller_coaster"
"0.0758701690495461","0.057916856635754","1.07232275786991","0.007780158774263","0.0758701690495461","0.267843368134859","0.344","0.3","0.3","0.3","roller_coaster"
"5.32494960471201","0.964824069689677","0.204323408619274","1.79257058081733","0.324949604712005","0.253496990600543","0.7974","0.4","0.4","0.4","roller_coaster"
"10.4404568379003","1.01216157563488","0.203098162497354","1.75335344813784","0.440456837900323","0.227496896377667","0.994","0.5","0.5","0.5","roller_coaster"
"10.5412788624577","0.988421527250558","0.231904415884461","1.65980475372432","0.54127886245767","0.222859266351493","1","0.6","0.6","0.6","roller_coaster"
"10.637703242321","0.961963645333897","0.275017262313903","1.54303239701174","0.63770324232105","0.223859784476772","1","0.7","0.7","0.7","roller_coaster"
"10.7408650753755","0.909666529255818","0.337153212561809","1.36514271731225","0.74086507537546","0.229067072693767","1","0.8","0.8","0.8","roller_coaster"
"10.8288320689822","0.855054538932835","0.403124566308369","1.20505179906352","0.828832068982245","0.242049324935449","1","0.9","0.9","0.9","roller_coaster"
"10.8620183914247","0.826985726186688","0.439675446199654","1.12172422355698","0.862018391424731","0.260187179902805","1","1","1","1","roller_coaster"
"10.7982604952549","0.87082298414221","0.384472235267936","1.26077053360408","0.798260495254887","0.226786132426059","1","0.833413007531821","0.777981484906828","0.888715307624958","roller_coaster"
"10.5392319651812","0.982991911774418","0.241122492085534","1.6624338467481","0.539231965181208","0.209713183109735","1","0.540839263284579","0.440121669601649","0.733715903782286","roller_coaster"
"10.7081502787626","0.927519119465052","0.313411487173418","1.42496399237301","0.708150278762619","0.228498382010827","1","0.77392633005511","0.778341248445213","0.763957811146975","roller_coaster"
"10.8620183914247","0.826985726186688","0.439675446199654","1.12172422355698","0.862018391424731","0.260187179902805","1","1","1","1","roller_coaster"
"10.7115376272226","0.875716349484608","0.374963382518386","1.34575535358858","0.711537627222594","0.172348286434951","1","0.898389684967697","0.125555095961317","0.647060193819925","roller_coaster"
"10.8288320689822","0.855054538932835","0.403124566308369","1.20505179906352","0.828832068982245","0.242049324935449","1","0.9","0.9","0.9","roller_coaster"
"10.5412788624577","0.988421527250558","0.231904415884461","1.65980475372432","0.54127886245767","0.222859266351493","1","0.6","0.6","0.6","roller_coaster"
"10.1360284413701","1.13311025056064","0.0475987962797061","2.17256966961246","0.1360284413701","0.279701995210276","1","0.11267598263338","0.860651527888496","0.732350793474034","roller_coaster"
"10.2593172419495","1.08600833481518","0.105307467008132","2.0220623110215","0.259317241949524","0.265218992616306","1","0.201681931037456","0.651673766085878","0.820946294115856","roller_coaster"
"10.6488184892744","0.935969495960923","0.296401581248078","1.49214690756447","0.648818489274422","0.215412803574671","0.992","0.836428412466735","0.615559822142044","0.488904314510576","roller_coaster"
"10.5124603953217","0.997134542706177","0.225917498113395","1.68781082180107","0.512460395321685","0.221702278193379","1","0.554065913029915","0.51541322471611","0.626413711611149","roller_coaster"
"10.6391619922983","0.950050083735364","0.290886085770165","1.51919520055237","0.639161992298254","0.203593319348515","1","0.687022846657783","0.482080115471035","0.7323137386702","roller_coaster"
"10.6588766473242","0.943730678722882","0.29752401397011","1.49753010828952","0.658876647324161","0.206776380001208","1","0.740241272548803","0.553101349365949","0.695551691691377","roller_coaster"
"10.5364977075359","0.955942450021819","0.267432217370187","1.62473952155116","0.536497707535881","0.190614556926154","1","0.625330320463409","0.268877063015273","0.532435402042292","roller_coaster"
"10.3263165000129","1.07695604083961","0.122806517655447","1.95133163055365","0.326316500012904","0.260161106773283","1","0.261973869123268","0.792628918680646","0.818394663429165","roller_coaster"
"0.0622979836968431","0.048032783650871","1.15581073483573","0.0063827836247914","0.0622979836968431","0.26954880585642","0.162","0.561638054447869","0.392122545846776","0.234661261551082","roller_coaster"
"10.6992172903533","0.894784607079243","0.353623629318999","1.38333071992163","0.699217290353265","0.182001948551377","1","0.858148412418894","0.272453746595369","0.651508502128548","roller_coaster"
"10.4764234045817","1.00877729503791","0.211143711767641","1.74534892827025","0.476423404581729","0.221427390526991","1","0.443828971318338","0.473336589993837","0.76527129559531","roller_coaster"
"10.8620183914247","0.826985726186688","0.439675446199654","1.12172422355698","0.862018391424731","0.260187179902805","1","1","1","1","roller_coaster"
"10.7116029493691","0.921221200314818","0.325771791676769","1.40746206071515","0.711602949369059","0.215629579605214","1","0.739708061914188","0.659044847405232","0.802551630686692","roller_coaster"
"10.5376339575322","0.964229253086066","0.259355049305632","1.63675955739437","0.537633957532201","0.199319889865342","1","0.603783723435472","0.344513270143622","0.597284178155414","roller_coaster"
"10.553957592537","0.979899371236039","0.250916392689976","1.64113642890915","0.553957592537016","0.206257596011494","1","0.52607366994489","0.421658751554787","0.786042188853025","roller_coaster"
"10.4302455708","1.04310000217163","0.171918032032836","1.82295308276478","0.430245570800044","0.241248372853267","1","0.403870608694232","0.687912633587568","0.734482424576919","roller_coaster"
"10.6189543452981","0.970643794825242","0.263931707438186","1.56309694105914","0.618954345298054","0.221207231269323","1","0.659160736715421","0.659878330398351","0.716284096217714","roller_coaster"
"10.5609646864461","0.979008517157179","0.245329825505174","1.61772450922327","0.560964686446127","0.216726940516961","1","0.648143171258719","0.573220773435336","0.538411442038923","roller_coaster"
"10.6018633529165","0.94813904465341","0.282119521290382","1.54541904650583","0.601863352916505","0.20326652204104","1","0.721698248739838","0.431016370421275","0.539208180096612","roller_coaster"
"0.10593954289659","0.0773354529708758","0.916056553944086","0.0108500714076598","0.10593954289659","0.267771627084597","0.4632","0.518787450321982","0.919292006389799","0.325278303353116","roller_coaster"
"10.5483250241768","0.983740982534539","0.243255226502607","1.64874739305606","0.548325024176812","0.20994460688142","1","0.521963651186081","0.456441660287435","0.780716384255647","roller_coaster"
"10.6391619922983","0.950050083735364","0.290886085770165","1.51919520055237","0.639161992298254","0.203593319348515","1","0.687022846657783","0.482080115471035","0.7323137386702","roller_coaster"
"10.5259217200949","0.981437550282574","0.242687621993211","1.67022296406236","0.525921720094912","0.207377389365753","1","0.508702538481545","0.388778704911542","0.76128230380141","roller_coaster"
"10.6391619922983","0.950050083735364","0.290886085770165","1.51919520055237","0.639161992298254","0.203593319348515","1","0.687022846657783","0.482080115471035","0.7323137386702","roller_coaster"
"10.3915854226816","1.05279869340921","0.158903047841047","1.86576821836754","0.391585422681574","0.245924789232395","1","0.370958950119802","0.639227553157973","0.698364379905814","roller_coaster"
"10.1515065286724","1.11110799717661","0.0674131938336377","2.14011320228487","0.151506528672393","0.279612741721383","1","0.12285100010455","0.62171468938457","0.756110178539662","roller_coaster"
"10.6391619922983","0.950050083735364","0.290886085770165","1.51919520055237","0.639161992298254","0.203593319348515","1","0.687022846657783","0.482080115471035","0.7323137386702","roller_coaster"
"10.5964035111612","0.966269129984613","0.263428991846465","1.58724199240305","0.596403511161152","0.210653791551913","1","0.556543291309037","0.524815521782255","0.815918333588811","roller_coaster"
"10.7212225854279","0.920423628248235","0.327176505425557","1.40676340415498","0.721222585427901","0.221976457086674","1","0.688371684323568","0.714324964376688","0.881783742993901","roller_coaster"
"10.6066016711961","0.962033794162376","0.26847259877333","1.56305970017882","0.606601671196109","0.214716920088579","1","0.704923070396164","0.599251468021108","0.604726096140086","roller_coaster"
"10.5612305418887","0.958667573496386","0.266595580769666","1.59911404269132","0.561230541888739","0.200092299934055","1","0.659756574027911","0.391934019270441","0.534981670908535","roller_coaster"
"10.6209596895301","0.934707323501302","0.294967291851346","1.51424470487114","0.620959689530073","0.207007371773873","0.992","0.788619681178585","0.467981459273501","0.490386996384963","roller_coaster"
"10.3525558398933","1.04459492732944","0.160536883481717","1.89893274526367","0.352555839893341","0.237323635955386","1","0.313029845027833","0.460601023166104","0.752863084430176","roller_coaster"
"10.8123777219835","0.86243361596921","0.395424048281467","1.23263171619688","0.812377721983481","0.231569631977658","1","0.869530378635853","0.796843229772532","0.870123855264215","roller_coaster"
"10.5873171163249","0.97634344628944","0.253951473805766","1.59775063651901","0.587317116324858","0.219977493424026","1","0.66715139338439","0.628006035069949","0.611486228720618","roller_coaster"
"10.8412533951601","0.845719413264313","0.41773671637707","1.17468237917328","0.841253395160067","0.241871483549747","1","0.931618795532121","0.893442472284957","0.982710224255632","roller_coaster"
"10.5882111981602","0.970311123054395","0.260406951582422","1.59604299635256","0.588211198160174","0.209334303197255","1","0.617673399563257","0.477178905148527","0.712501186963326","roller_coaster"
"10.5232120825361","0.994685900227298","0.2281213407358","1.67998414745539","0.523212082536056","0.220751570568122","1","0.575049827099252","0.539735106590982","0.608022080153153","roller_coaster"
"10.5668799394577","0.982072229042683","0.246086230094021","1.63017414564339","0.566879939457713","0.215090255607","1","0.566396844303885","0.549259034211259","0.748321800323361","roller_coaster"
"10.5757076755792","0.946275885497962","0.281305802462723","1.57079290280879","0.575707675579183","0.192839036170541","1","0.687271995175335","0.307959414166108","0.536661911230369","roller_coaster"
"10.8288320689822","0.855054538932835","0.403124566308369","1.20505179906352","0.828832068982245","0.242049324935449","1","0.9","0.9","0.9","roller_coaster"
"10.3662528573318","1.07350073054348","0.135714087076767","1.91037297718166","0.366252857331845","0.258326515525112","1","0.321609788791628","0.856492165009827","0.760204093299505","roller_coaster"
"10.8307630822779","0.853981110521927","0.404061522457975","1.20051718339467","0.830763082277863","0.241871312438938","1","0.9017942119997","0.884539012621871","0.906005083369327","roller_coaster"
"10.4737815029439","1.02228195798746","0.199046712097807","1.75907318423101","0.47378150294386","0.229891614349288","1","0.441227552275821","0.594160357536989","0.757193660334889","roller_coaster"
"10.5890443119537","0.974423982896204","0.25532369657245","1.60447663412588","0.58904431195366","0.212949770945969","1","0.628578998331228","0.542985111631062","0.687213035661542","roller_coaster"
"10.5273567989332","0.9967718330241","0.229145796285032","1.67522631505084","0.527356798933203","0.219951778098333","1","0.579016085930662","0.575678118125128","0.618391631457996","roller_coaster"
"10.436446350015","1.0292746635611","0.181567591914761","1.80690688737765","0.436446350015001","0.232717689074954","1","0.406472027736749","0.567088866044416","0.742560059837341","roller_coaster"
"10.5693859659194","0.958508532155201","0.268618901469246","1.5876033548196","0.569385965919399","0.204807753019485","1","0.673139051751559","0.416455425883816","0.530952720167906","roller_coaster"
"10.5112530933988","1.0098086680445","0.212552133267074","1.71519937317904","0.511253093398849","0.229860976058339","1","0.498527521010375","0.627715543415468","0.737522918735782","roller_coaster"
"10.5938909347585","0.973875354345209","0.259537744772972","1.59992065602933","0.593890934758477","0.213666996606511","1","0.635318202152639","0.55384988134484","0.690825595551291","roller_coaster"
"10.8620183914247","0.826985726186688","0.439675446199654","1.12172422355698","0.862018391424731","0.260187179902805","1","1","1","1","roller_coaster"
"10.6442241398455","0.948432506510553","0.290748584088518","1.49726100401774","0.644224139845518","0.218150169676566","1","0.793184494466972","0.636877293965475","0.54534300666998","roller_coaster"
"10.5879048108034","0.969038054276236","0.262005331349189","1.58171353354748","0.587904810803371","0.213019760094499","1","0.66572818724749","0.525529462450996","0.634752367640983","roller_coaster"
"10.6410506503685","0.947073031213674","0.289362373599549","1.50407986597649","0.64105065036853","0.215441501320264","1","0.773507689400399","0.618674512577692","0.592938031517354","roller_coaster"
"10.5720978095278","0.977520045102365","0.252511297188134","1.62569634031756","0.572097809527814","0.212680070917912","1","0.581408419327804","0.492227428831647","0.736104942386405","roller_coaster"
"10.6050595143168","0.941667606590868","0.290332381979068","1.52087457438718","0.605059514316806","0.200523724083026","1","0.743953567352226","0.418187179781727","0.520620602507782","roller_coaster"
"10.8261448491291","0.857881775542205","0.402065600712169","1.20708962982547","0.826144849129099","0.242141049528702","1","0.899397233764488","0.885037043299848","0.87905767959177","roller_coaster"
"10.6888485915201","0.944462471961751","0.293825854047676","1.46630492891824","0.688848591520121","0.239758879622442","1","0.671909091517782","0.894768048776314","0.830778928408487","roller_coaster"
"10.8620183914247","0.826985726186688","0.439675446199654","1.12172422355698","0.862018391424731","0.260187179902805","1","1","1","1","roller_coaster"
"10.5839917316612","0.955105064234675","0.277311131735317","1.56576654413759","0.583991731661203","0.208642414491152","0.994","0.717805165577918","0.466249705375591","0.500719114045087","roller_coaster"
"10.5877735975811","0.982450400175299","0.25167704325993","1.60721007917649","0.587773597581095","0.219670397802338","1","0.604141948340354","0.617568230054856","0.733731715019577","roller_coaster"
"10.6161882996833","0.965597087600732","0.269337484045666","1.5608574260108","0.616188299683276","0.214091004467943","1","0.657729067165084","0.57988216324395","0.718193752173025","roller_coaster"
"10.6394951963104","0.96893098813083","0.267402257694375","1.53179608382421","0.639495196310391","0.237089667631001","1","0.65966604964224","0.825074128156777","0.76342767185141","roller_coaster"
"10.5102348089158","1.00732227717719","0.216893398733406","1.70146513943862","0.510234808915786","0.226258431640142","1","0.541508134708185","0.598922535330662","0.645053625093505","roller_coaster"
"10.6361044376616","0.949082042702336","0.285566985388002","1.53061509484382","0.636104437661644","0.20672206292172","1","0.706699651724356","0.500282896858818","0.684718713822826","roller_coaster"
"10.6181048039824","0.955425257702351","0.282444249521218","1.54169490553373","0.618104803982449","0.208034434803585","1","0.72290043315044","0.496364835177372","0.609752860266136","roller_coaster"
"10.862621538979","0.825619257821764","0.444290318889584","1.11608294353224","0.86262153897902","0.253290710910433","1","0.998870778127526","0.948650810034842","0.988692583822751","roller_coaster"
"10.6925467873351","0.93349103258132","0.313704741235496","1.44706019767038","0.692546787335084","0.214462990861289","1","0.646805978094509","0.64201473788764","0.879132387985931","roller_coaster"
"5.33005293668442","0.982507198458897","0.180200391234133","1.80881163578706","0.330052936684416","0.258516155739421","0.7978","0.400252729612501","0.541425505385059","0.399409950012341","roller_coaster"
"10.5796421405427","0.985222074152435","0.245621042680183","1.62596298271986","0.579642140542746","0.222719108155978","1","0.491858877364095","0.65102613972337","0.934875888944223","roller_coaster"
"10.6184594110262","0.97078959515133","0.264802177905738","1.56229782183629","0.618459411026177","0.221123462710829","1","0.683613986190175","0.67751745249436","0.662491043306032","roller_coaster"
"10.6121912795683","0.964223336273133","0.270383496235242","1.5668229482526","0.612191279568321","0.209586675278027","1","0.557146057544549","0.539778478482408","0.836860653997041","roller_coaster"
"10.7602165457233","0.905381492020279","0.342764158487533","1.34648816725513","0.760216545723276","0.241599285750272","1","0.751438079215532","0.901518856911454","0.900094137547055","roller_coaster"
"10.8412533951601","0.845719413264313","0.41773671637707","1.17468237917328","0.841253395160067","0.241871483549747","1","0.931618795532121","0.893442472284957","0.982710224255632","roller_coaster"
"10.6613381092927","0.949400787142034","0.295340692985371","1.49539857444013","0.661338109292685","0.216265132536145","1","0.757306907974315","0.622592574259139","0.667903885074044","roller_coaster"
"10.7590268967871","0.906447414901438","0.341641708000611","1.34444397200846","0.759026896787054","0.249742101388791","1","0.879100072755706","0.988201413434604","0.763488490961591","roller_coaster"
"10.5796662092304","0.962885283345382","0.265526985745026","1.5927818926882","0.5796662092304","0.209421231906838","1","0.671110458126458","0.474759049370793","0.58438594142367","roller_coaster"
"10.5809461576134","0.981182399287989","0.248166663876485","1.61681403777254","0.580946157613355","0.217360094233729","1","0.6046424879638","0.594489290227435","0.716866131381469","roller_coaster"
"10.6297048925736","0.971817844573452","0.257972913275445","1.55657509984826","0.629704892573577","0.243279133031921","1","0.570171709576096","0.954973308098373","0.86010995575245","roller_coaster"
"10.7337711313744","0.893378453986347","0.359977154747798","1.35059834819441","0.733771131374438","0.192674359313233","1","0.885608082941618","0.426328026114278","0.702794912969694","roller_coaster"
"10.5773098805452","0.976169392056845","0.256758648268892","1.60130670607793","0.577309880545154","0.216010241700783","1","0.66917998700949","0.569702411582972","0.558053007464854","roller_coaster"
"10.8310011668892","0.854996235401657","0.403999619482741","1.19891375415594","0.831001166889244","0.246806345912377","1","0.902923433872174","0.935888202587029","0.917312499546576","roller_coaster"
"10.7281745497156","0.919451087859421","0.32758771102163","1.39347502565086","0.728174549715651","0.226906149618774","1","0.701663912233717","0.78163138805183","0.880373091487247","roller_coaster"
"10.6297500901848","0.95198951376159","0.285223400799845","1.54261004249036","0.629750090184776","0.203214325127224","1","0.589512040187601","0.475983884679537","0.825511928880587","roller_coaster"
"10.5756493239187","0.972013809454132","0.254073268497046","1.60822235328547","0.575649323918706","0.215705096989802","1","0.662541664473232","0.574272130089999","0.587506778837535","roller_coaster"
"10.721141921069","0.91524803792767","0.336897280565871","1.3963932421701","0.721141921068979","0.211004561875191","1","0.705258230249954","0.618932796938023","0.853589099756688","roller_coaster"
"10.6125079369421","0.967595130424938","0.267439491688305","1.57259642789178","0.612507936942134","0.21336232384232","1","0.664367389701342","0.575312444736923","0.688739980800344","roller_coaster"
"10.6925467873351","0.93349103258132","0.313704741235496","1.44706019767038","0.692546787335084","0.214462990861289","1","0.646805978094509","0.64201473788764","0.879132387985931","roller_coaster"
"10.6433425042179","0.949383007856354","0.288778950786927","1.51314195137955","0.643342504217913","0.206929086457779","1","0.660775025926475","0.534472372307615","0.773049765125221","roller_coaster"
"10.8342094684642","0.851697343011047","0.408846283726323","1.19286046393576","0.834209468464245","0.241380981715321","1","0.910598101180732","0.894545053688531","0.979515116811654","roller_coaster"
"10.8301111575192","0.839951267890395","0.422103668363168","1.18344708197366","0.830111157519208","0.221033123604757","1","0.952830882168799","0.717690514735947","0.83266179565075","roller_coaster"
"10.6323971335778","0.957330723055886","0.282552849841603","1.53263064410108","0.632397133577812","0.211844987678363","1","0.712714566556599","0.562444521372727","0.662951274717619","roller_coaster"
"10.5213387577151","0.999590237810893","0.227301840073105","1.68265262327625","0.521338757715136","0.220090272043281","1","0.562974477417884","0.534483512474824","0.637003524814139","roller_coaster"
"10.8620183914247","0.826985726186688","0.439675446199654","1.12172422355698","0.862018391424731","0.260187179902805","1","1","1","1","roller_coaster"
"10.5667223064282","0.960358731791944","0.263264089165801","1.59032137502294","0.566722306428196","0.210201280730522","1","0.673595609453784","0.469471925742698","0.52811598708154","roller_coaster"
"10.7122837461431","0.922788901558084","0.320353507480494","1.41324500556167","0.71228374614312","0.228605631858659","1","0.770069550981641","0.778674320441424","0.777091064615386","roller_coaster"
"10.5755760220578","0.975742035692412","0.254298467112659","1.61440487121847","0.5755760220578","0.212774331965105","1","0.619271464768514","0.501670941352165","0.673563749137956","roller_coaster"
"10.5862031084763","0.970803522564943","0.262790143216031","1.58019407590052","0.586203108476259","0.212014512649344","1","0.672828704240249","0.516915223547673","0.614665355027061","roller_coaster"
"10.5633212352888","0.985356265081605","0.244132777289664","1.63017224699944","0.563321235288774","0.217863576660502","1","0.625887408537346","0.588989118869144","0.626034112130127","roller_coaster"
"10.7502360222728","0.910472232998973","0.337866732867926","1.36082006202283","0.750236022272794","0.233795166542641","1","0.732098503855234","0.832908340331492","0.90955949402527","roller_coaster"
"10.8382849324656","0.849190642405471","0.412430907457884","1.17763572394398","0.838284932465627","0.247267076898962","1","0.923944128223563","0.934785621183455","0.920507606990554","roller_coaster"
"10.5931396134824","0.962291131795967","0.260693797593811","1.56606281863498","0.59313961348245","0.219590235003312","1","0.71421084756168","0.628948296489397","0.527503105775646","roller_coaster"
"10.8153006493807","0.866628816986029","0.388350229614178","1.23435649115187","0.815300649380699","0.241412016553444","1","0.864572121662692","0.894506859091204","0.936067435142051","roller_coaster"
"10.638232392403","0.947097025159523","0.28911887258897","1.52386712339614","0.638232392402982","0.20470931711408","1","0.709701544718121","0.482493249527701","0.689953164220849","roller_coaster"
"10.5946296425883","0.977124447680619","0.258401783055437","1.5924791776982","0.594629642588338","0.217107126930277","1","0.647434526812497","0.598281522768684","0.665750610354304","roller_coaster"
"10.6021082818835","0.972369705942247","0.259143503758377","1.57426967373486","0.602108281883486","0.220837151817917","1","0.681895740076385","0.635361278317479","0.632211629702641","roller_coaster"
"10.6258725745997","0.949091251624049","0.277435907539744","1.52478206142166","0.625872574599735","0.223903410383254","1","0.775467417980739","0.697469152482973","0.511992958607152","roller_coaster"
"10.6060436715441","0.95577327537639","0.281397211704785","1.55374418512298","0.606043671544118","0.207632252653681","1","0.715320014250592","0.471536829003685","0.556989068387217","roller_coaster"
"10.701025978382","0.918710698635127","0.327597868926568","1.41874264464451","0.701025978381972","0.201119624575726","1","0.717072013277105","0.501659801184955","0.809609989449038","roller_coaster"
"10.749804394293","0.910788578466036","0.335891844178657","1.36293845297231","0.74980439429304","0.24003868974922","1","0.738955765387211","0.893703661970067","0.877421717522067","roller_coaster"
"10.6053666215872","0.963944824586333","0.268514883534944","1.57392824741059","0.605366621587173","0.211557511272157","1","0.667914933758925","0.513802477048594","0.664995337721542","roller_coaster"
"10.6925467873351","0.93349103258132","0.313704741235496","1.44706019767038","0.692546787335084","0.214462990861289","1","0.646805978094509","0.64201473788764","0.879132387985931","roller_coaster"
"10.862621538979","0.825619257821764","0.444290318889584","1.11608294353224","0.86262153897902","0.253290710910433","1","0.998870778127526","0.948650810034842","0.988692583822751","roller_coaster"
"10.3703476683222","1.05519124034971","0.152773932802752","1.89180800926652","0.370347668322236","0.244913355443455","1","0.289980886038393","0.618932796938023","0.853589099756688","roller_coaster"
"10.5896308527663","0.97396669885313","0.255340583827502","1.59463657506026","0.589630852766337","0.219977590188858","1","0.668357521989192","0.628508735598148","0.625731897227568","roller_coaster"
"10.862621538979","0.825619257821764","0.444290318889584","1.11608294353224","0.86262153897902","0.253290710910433","1","0.998870778127526","0.948650810034842","0.988692583822751","roller_coaster"
"10.7821228151465","0.870992150291242","0.388975028067412","1.2711173980871","0.782122815146538","0.204540179054099","1","0.85106581906127","0.567686969218632","0.824797489621411","roller_coaster"
"0.0593074161866835","0.0456214062544912","1.18816691869935","0.00606001404793677","0.0593074161866835","0.271677243174277","0.062","0.781443474511022","0.998295432102602","0.166742393514141","roller_coaster"
"10.7573633254947","0.89041807824312","0.36380324475838","1.331798623716","0.757363325494747","0.212375191005233","1","0.765993696507256","0.647535078033646","0.859299434498757","roller_coaster"
"10.862621538979","0.825619257821764","0.444290318889584","1.11608294353224","0.86262153897902","0.253290710910433","1","0.998870778127526","0.948650810034842","0.988692583822751","roller_coaster"
"10.6068661041921","0.964450380654798","0.26575129026365","1.57300702626953","0.606866104192126","0.211348524218859","1","0.656956034791277","0.519981562429857","0.687011140860869","roller_coaster"
"10.8472321347678","0.823313885950293","0.445044534286007","1.13054919987592","0.847232134767753","0.220832939312806","1","0.974995490809068","0.705368705011515","0.863304480939404","roller_coaster"
"10.6648481493497","0.946232418599879","0.298629714840653","1.4878120132743","0.664848149349669","0.21491954399438","1","0.696192757846276","0.624130206838992","0.769065554411402","roller_coaster"
"10.757837864957","0.903996985701736","0.345290168386418","1.34165600133808","0.757837864957","0.234341743906001","1","0.758367942099312","0.834954048270987","0.870810198280699","roller_coaster"
"10.7013416682476","0.930302042403318","0.319417420281705","1.43143989362896","0.701341668247619","0.214261242515234","1","0.811466607825649","0.632496795045016","0.697817470250188","roller_coaster"
"10.7597440368617","0.90181831201848","0.346740654269575","1.34364931727072","0.759744036861713","0.233261441904474","1","0.753905358714","0.825348601137998","0.895154617346363","roller_coaster"
"10.7046819439319","0.932624321970618","0.310700066788797","1.4257731246864","0.704681943931858","0.23441641027568","1","0.75065737426954","0.837423934140505","0.783702583856753","roller_coaster"
"10.7038773355293","0.934441809989594","0.308325703318904","1.43175449535511","0.703877335529311","0.230867876459527","1","0.736589853875057","0.805726626396055","0.788339377600966","roller_coaster"
"10.7982867018656","0.857574891967125","0.402558812226085","1.2427631543992","0.798286701865574","0.20437645600856","1","0.881098189962209","0.575976697987397","0.825657709350274","roller_coaster"
"10.585852598654","0.964240290347805","0.263770718947242","1.58062860047225","0.585852598653969","0.213431133269818","1","0.680248660283268","0.528310715851021","0.579697985643325","roller_coaster"
"10.8276422919999","0.84266508749116","0.41760816243875","1.18382115177239","0.827642291999895","0.221190016695759","1","0.931024027310033","0.725250253929441","0.847066672329657","roller_coaster"
"10.7742933468624","0.892464057528855","0.35497712862563","1.31818865155156","0.774293346862443","0.235243328581548","1","0.773829319931406","0.845850771709423","0.978293846231866","roller_coaster"
"10.5855684367159","0.968655480830696","0.25772445772399","1.58724932387318","0.585568436715866","0.215979763196796","1","0.676079882560424","0.581124672809331","0.593986511312609","roller_coaster"
"10.764581452585","0.885821405410325","0.371133031389137","1.3174097115636","0.764581452585037","0.20859711945385","1","0.924553058081448","0.607362784945549","0.72859157896089","roller_coaster"
"10.7502360222728","0.910472232998973","0.337866732867926","1.36082006202283","0.750236022272794","0.233795166542641","1","0.732098503855234","0.832908340331492","0.90955949402527","roller_coaster"
"10.7779655109126","0.879841725832329","0.373602566610977","1.28766652794662","0.777965510912645","0.223507217085011","1","0.910370968454059","0.751098221959591","0.773874580234626","roller_coaster"
"10.6904407637918","0.93872399893603","0.304896402642276","1.45529462809591","0.690440763791848","0.226457587261182","1","0.647661659539171","0.741728354497624","0.871391146931332","roller_coaster"
"10.5825896466752","0.97787968406666","0.254135394752742","1.61101117614363","0.582589646675222","0.214341541526366","1","0.626682819678579","0.557001823659231","0.675292589077431","roller_coaster"
"10.8620183914247","0.826985726186688","0.439675446199654","1.12172422355698","0.862018391424731","0.260187179902805","1","1","1","1","roller_coaster"
"10.8620183914247","0.826985726186688","0.439675446199654","1.12172422355698","0.862018391424731","0.260187179902805","1","1","1","1","roller_coaster"
"10.7741247209784","0.885464236910591","0.370849138490484","1.30346346835186","0.774124720978387","0.215839579278643","1","0.783574759343835","0.690709019866748","0.880353658565718","roller_coaster"
"10.7890048401678","0.872319656360915","0.381224509215608","1.27318129606845","0.789004840167824","0.218619368166775","1","0.833643163756052","0.712170174589941","0.852494749137924","roller_coaster"
"10.5959913719385","0.960294080238377","0.2700635391357","1.56982750220736","0.59599137193848","0.212444018759866","1","0.697613018440555","0.517498243242663","0.564797861581428","roller_coaster"
"10.8189759539367","0.798671257155638","0.474802710330415","1.12741369250817","0.818975953936655","0.170747942369341","1","0.915471326845333","0.10212059924379","0.967848133483763","roller_coaster"
"10.6694800733636","0.935485083975175","0.307351224734289","1.45987401500406","0.66948007336362","0.205051552394608","1","0.79051470830117","0.536454328918316","0.653585363512888","roller_coaster"
"10.6842209824958","0.934322758754178","0.314618021939008","1.45162232406943","0.68422098249575","0.204050350076244","1","0.758164129200655","0.548730883542978","0.736009987689951","roller_coaster"
"10.7088655538085","0.920004619159631","0.328612147736803","1.41033806568368","0.708865553808541","0.207853198720472","1","0.716861582344563","0.5963317937152","0.821528544013965","roller_coaster"
"10.8460581149256","0.819300821208162","0.45513444712742","1.12757703645834","0.846058114925552","0.215279964223508","1","0.96843586685888","0.634345927210985","0.87127728258236","roller_coaster"
"10.802662498137","0.877713385148791","0.373681359807651","1.26474827845346","0.802662498137011","0.243105791173893","1","0.832058868137611","0.918506836388303","0.979819509838956","roller_coaster"
"10.8448061220605","0.842685064443521","0.419879087636365","1.16249504313539","0.844806122060533","0.247119735377743","1","0.941770451793795","0.92734393532112","0.99847433639291","roller_coaster"
"10.7741247209784","0.885464236910591","0.370849138490484","1.30346346835186","0.774124720978387","0.215839579278643","1","0.783574759343835","0.690709019866748","0.880353658565718","roller_coaster"
"10.7741247209784","0.885464236910591","0.370849138490484","1.30346346835186","0.774124720978387","0.215839579278643","1","0.783574759343835","0.690709019866748","0.880353658565718","roller_coaster"
"10.8051180975779","0.853873235363789","0.40883045782614","1.22987504726403","0.805118097577874","0.20986040899658","1","0.899694960612747","0.630765150471404","0.826076918036927","roller_coaster"
"10.7209313465574","0.914405092709281","0.335961257776778","1.39830733114805","0.72093134655737","0.210106347354847","1","0.714980812215423","0.612895592244219","0.83955177552626","roller_coaster"
"10.8374562289898","0.847166030647814","0.412674728269461","1.17784135119368","0.837456228989777","0.246135530392563","1","0.954987969350094","0.921667667769406","0.846006880201281","roller_coaster"
"10.6600538050515","0.946486135992845","0.298889674208908","1.4911394725245","0.660053805051503","0.21161334036981","1","0.725549981919689","0.597794990052386","0.727813023900327","roller_coaster"
"10.7741247209784","0.885464236910591","0.370849138490484","1.30346346835186","0.774124720978387","0.215839579278643","1","0.783574759343835","0.690709019866748","0.880353658565718","roller_coaster"
"10.7597440368617","0.90181831201848","0.346740654269575","1.34364931727072","0.759744036861713","0.233261441904474","1","0.753905358714","0.825348601137998","0.895154617346363","roller_coaster"
"10.7821228151465","0.870992150291242","0.388975028067412","1.2711173980871","0.782122815146538","0.204540179054099","1","0.85106581906127","0.567686969218632","0.824797489621411","roller_coaster"
"10.6332226550216","0.959864445911594","0.272318225511206","1.5264359419754","0.633222655021563","0.228471530569261","1","0.734656794809992","0.746515050665461","0.638423934913825","roller_coaster"
"10.6249329909335","0.972332071270178","0.264558953697387","1.560132910732","0.624932990933485","0.227480091810388","1","0.651400904542129","0.72465948422645","0.742787395146522","roller_coaster"
"10.862621538979","0.825619257821764","0.444290318889584","1.11608294353224","0.86262153897902","0.253290710910433","1","0.998870778127526","0.948650810034842","0.988692583822751","roller_coaster"
"10.7890048401678","0.872319656360915","0.381224509215608","1.27318129606845","0.789004840167824","0.218619368166775","1","0.833643163756052","0.712170174589941","0.852494749137924","roller_coaster"
"10.7018043005356","0.929754366389097","0.309613192686681","1.43112441881175","0.70180430053559","0.231727147953487","1","0.756593895612266","0.8065810890718","0.771181754325876","roller_coaster"
"10.5531610107423","0.963009232926583","0.251494993342752","1.61714911941721","0.55316101074227","0.2178304026733","0.98","0.676509415280311","0.545379586122195","0.47614038689062","roller_coaster"
"10.8185834371156","0.845241649285778","0.418170986070137","1.20083201641918","0.818583437115629","0.214945341718966","1","0.912427256659495","0.670461801445434","0.846647463643004","roller_coaster"
"10.8620183914247","0.826985726186688","0.439675446199654","1.12172422355698","0.862018391424731","0.260187179902805","1","1","1","1","roller_coaster"
"10.7009570240893","0.929594616069201","0.316781854549234","1.43340153424412","0.70095702408932","0.217375252685804","1","0.805530086482923","0.663339640113721","0.710338299781065","roller_coaster"
"10.8620183914247","0.826985726186688","0.439675446199654","1.12172422355698","0.862018391424731","0.260187179902805","1","1","1","1","roller_coaster"
"10.7502360222728","0.910472232998973","0.337866732867926","1.36082006202283","0.750236022272794","0.233795166542641","1","0.732098503855234","0.832908340331492","0.90955949402527","roller_coaster"
"10.7200026526316","0.925551795624942","0.32112670734334","1.40870412730426","0.720002652631585","0.23242419221368","1","0.743670167329985","0.820281460617598","0.814252365126848","roller_coaster"
"10.6943562090756","0.94083161234681","0.301145884097271","1.45212936417323","0.69435620907558","0.235802217317649","1","0.66265130485408","0.843980588616885","0.857512385077761","roller_coaster"
"10.7509665580138","0.90467148284111","0.342800591662081","1.35345346416071","0.750966558013769","0.230953402028262","1","0.746825045259072","0.810793766916454","0.869241629820481","roller_coaster"
"10.7741247209784","0.885464236910591","0.370849138490484","1.30346346835186","0.774124720978387","0.215839579278643","1","0.783574759343835","0.690709019866748","0.880353658565718","roller_coaster"
"10.6434324732687","0.943186277724498","0.296228139346952","1.50820818849739","0.643432473268657","0.201696779729055","1","0.577510603936389","0.458640013035129","0.97739750482519","roller_coaster"
"10.7410477150563","0.910871992954194","0.335169873870906","1.37418796542113","0.741047715056273","0.227613115242221","1","0.719929407893966","0.789473158111159","0.896372553892434","roller_coaster"
"10.8093569069565","0.872436642891533","0.381571765099406","1.2477673661543","0.809356906956531","0.243977230186758","1","0.850170216092457","0.925842281915207","0.930272731654333","roller_coaster"
"10.8068455442278","0.871994275222878","0.3829157611995","1.25240688156674","0.806845544227827","0.235637348904682","1","0.840778971560489","0.850491031800736","0.974217657978686","roller_coaster"
"10.791410516751","0.823612784934316","0.441764720894707","1.19347583956957","0.791410516750973","0.172100655697026","1","0.873072618782461","0.129306000424549","0.854026701370325","roller_coaster"
"10.4509145379056","1.04468503752046","0.170792828380762","1.80768629882794","0.450914537905583","0.252089979351409","1","0.357248281361535","0.921112568594701","0.910276152295552","roller_coaster"
"10.7597440368617","0.90181831201848","0.346740654269575","1.34364931727072","0.759744036861713","0.233261441904474","1","0.753905358714","0.825348601137998","0.895154617346363","roller_coaster"
"10.7470955996201","0.910589240906104","0.338084548849165","1.36441498298016","0.747095599620083","0.233731113440519","1","0.732947857752948","0.832483021600324","0.883474664029814","roller_coaster"
"10.8484936737451","0.839165968776416","0.424468346071187","1.15341726775385","0.848493673745149","0.247084575956778","1","0.953107706751469","0.923894789621631","0.968546235287162","roller_coaster"
"10.6844196027792","0.92727292216374","0.31826109813012","1.44647731694271","0.684419602779194","0.203771234533761","1","0.729948929555475","0.545543742474616","0.771800903391279","roller_coaster"
"10.7741247209784","0.885464236910591","0.370849138490484","1.30346346835186","0.774124720978387","0.215839579278643","1","0.783574759343835","0.690709019866748","0.880353658565718","roller_coaster"
"10.6578881890961","0.953826955208636","0.285530358792273","1.50230112447121","0.657888189096091","0.229393174359987","1","0.675141663978148","0.75546778673289","0.77803862287839","roller_coaster"
"10.8620183914247","0.826985726186688","0.439675446199654","1.12172422355698","0.862018391424731","0.260187179902805","1","1","1","1","roller_coaster"
"10.6951703305974","0.937023385519645","0.299011084440796","1.46093351149808","0.695170330597428","0.242316984106375","1","0.81031195468394","0.913487746425074","0.685372113127547","roller_coaster"
"10.7363971774631","0.917887050820116","0.331757743205545","1.37825960144718","0.736397177463057","0.232634335031529","1","0.753905358714","0.825348601137998","0.829913498600945","roller_coaster"
"10.6466733160639","0.957067558261575","0.279511025701066","1.52119065787973","0.646673316063917","0.228929829699666","1","0.733807440912278","0.746940369396629","0.664508764909281","roller_coaster"
"10.8418658464723","0.843714711255987","0.417391823314326","1.17047766531209","0.84186584647234","0.246397014196114","1","0.94365071439242","0.925116813468895","0.875934981307029","roller_coaster"
"10.8300459306182","0.853464485342368","0.4075449818429","1.20044589720962","0.830045930618191","0.234056232775077","1","0.895525607294141","0.83360229503609","0.927661481988899","roller_coaster"
"10.862621538979","0.825619257821764","0.444290318889584","1.11608294353224","0.86262153897902","0.253290710910433","1","0.998870778127526","0.948650810034842","0.988692583822751","roller_coaster"
"10.8395033656055","0.837668432241415","0.42847493940812","1.16665624423799","0.839503365605531","0.223858424406822","1","0.928405643343886","0.741149202259453","0.894272092656595","roller_coaster"
"10.8460581149256","0.819300821208162","0.45513444712742","1.12757703645834","0.846058114925552","0.215279964223508","1","0.96843586685888","0.634345927210985","0.87127728258236","roller_coaster"
"10.7890048401678","0.872319656360915","0.381224509215608","1.27318129606845","0.789004840167824","0.218619368166775","1","0.833643163756052","0.712170174589941","0.852494749137924","roller_coaster"
"10.8114010289907","0.86977584860054","0.385396257920558","1.24696269901299","0.811401028990656","0.248113203190026","1","0.855169115999949","0.949559817607295","0.986081565909123","roller_coaster"
"10.8402850841619","0.843487796168477","0.41872735845701","1.17681629624261","0.840285084161866","0.237767222010654","1","0.924344840126052","0.833027304240387","0.953051821786279","roller_coaster"
"10.8563360477244","0.814847678206533","0.455688997390416","1.1150944771842","0.856336047724437","0.222039126079291","1","0.980778216543787","0.713233358616284","0.961001130286808","roller_coaster"
"10.8036470341515","0.831353053896404","0.435333166897425","1.19414571729634","0.803647034151471","0.183144382057664","1","0.8604555322655","0.343045908097552","0.921691315825651","roller_coaster"
"10.8531527033425","0.807570084629363","0.469110253955489","1.10115834587533","0.853152703342503","0.208344609155604","1","0.981423437698005","0.592131396243502","0.979143212481324","roller_coaster"
"10.6862706059793","0.933719765786087","0.313099131300781","1.44886512048215","0.686270605979282","0.211920848102352","1","0.775546590961119","0.603806178687919","0.721336235647869","roller_coaster"
"10.7894762948271","0.867135235273581","0.394612621313857","1.26415152437397","0.789476294827075","0.205094055512258","1","0.808921153293834","0.584423292284236","0.941311435004475","roller_coaster"
"10.8127135001355","0.696501384033167","0.444438500589508","1.03222244351497","0.812713500135547","0.198473419520214","1","0.5","0.4","0.75","05_05"
"10.8127135001355","0.696501384033167","0.444438500589508","1.03222244351497","0.812713500135547","0.198473419520214","1","0.5","0.4","0.75","05_05"
"10.5610668130303","0.808135576039355","0.291636864436195","1.47658263202401","0.561066813030308","0.216476847944174","1","0.2655086631421","0.380035179434344","0.79423986072652","05_05"
"0.0534627389767078","0.0407470855490817","1.04391082554028","0.0054788238743148","0.0534627389767078","0.255186118702188","0","0.37212389963679","0.777445221319795","0.107943625887856","05_05"
"5.87504014550837","0.694468401108228","0.44190730455955","0.96567387747332","0.875040145508373","0.253913645226936","0.9994","0.572853363351896","0.934705231105909","0.723710946040228","05_05"
"0.0540928249106019","0.0416987072203779","1.0387264320053","0.00553451903475129","0.0540928249106019","0.254406237066627","0.0238","0.908207789994776","0.212142521282658","0.411274429643527","05_05"
"10.4621624942687","0.873651528178421","0.192933539142742","1.65105812055273","0.462162494268747","0.24999977934019","1","0.201681931037456","0.651673766085878","0.820946294115856","05_05"
"0.821770555914743","0.448268794601016","0.721409213777227","0.50426385061972","0.821770555914743","0.194778099362253","0.491","0.898389684967697","0.125555095961317","0.647060193819925","05_05"
"0.818450902587974","0.439736724997008","0.738505231095447","0.468222749199586","0.818450902587974","0.212690635370754","0.3812","0.944675268605351","0.267220668727532","0.78293276228942","05_05"
"0.0829870818586392","0.0593772392996917","0.881522468489889","0.00838922319496394","0.0829870818586392","0.242037799339602","0.3872","0.660797792486846","0.386114092543721","0.553036311641335","05_05"
"0.0660477326892649","0.0497953285926188","0.954719094155862","0.006652541601151","0.0660477326892649","0.24194976895911","0.2726","0.62911404389888","0.0133903331588954","0.529719580197707","05_05"
"10.1582391233207","0.880096715856776","0.186493924353976","1.9333785121819","0.158239123320739","0.270097678125659","1","0.0617862704675645","0.382387957070023","0.789356231689453","05_05"
"0.0534627389767078","0.0407470855490817","1.04391082554028","0.0054788238743148","0.0534627389767078","0.255186118702188","0","0.205974574899301","0.86969084572047","0.023331202333793","05_05"
"0.0575745591970289","0.0435478439473245","1.01778769758519","0.0059431066753115","0.0575745591970289","0.253731996411229","0.138","0.176556752528995","0.34034899668768","0.477230065036565","05_05"
"5.88118239645474","0.598655201503412","0.56251968912667","0.767966754015617","0.881182396454743","0.207814026826075","0.9722","0.687022846657783","0.482080115471035","0.7323137386702","05_05"
"10.7219002170861","0.77667509673706","0.338226106316122","1.26768122422758","0.721900217086063","0.223223648919385","1","0.384103718213737","0.599565825425088","0.692731556482613","05_05"
"0.0575745591970289","0.0436245607168668","1.01833521587192","0.0059431066753115","0.0575745591970289","0.253833622703081","0.1078","0.769841419998556","0.493541307048872","0.477619622135535","05_05"
"10.7991699187261","0.673278830920035","0.464003322120994","1.02612035564461","0.799169918726101","0.18308568369656","1","0.497699242085218","0.186217601411045","0.8612094768323","05_05"
"0.0546382415179483","0.042087129423922","1.03271979614102","0.00568377865536759","0.0546382415179483","0.254747272017747","0.057","0.717618508264422","0.827373318606988","0.438097107224166","05_05"
"0.0536679226258611","0.0408255751765614","1.04391082554028","0.00549597028021999","0.0536679226258611","0.255186118702188","0.0024","0.991906094830483","0.668466738192365","0.244797277031466","05_05"
"0.0534627389767078","0.0407470855490817","1.04391082554028","0.0054788238743148","0.0534627389767078","0.255186118702188","0","0.1","0.1","0.1","05_05"
"0.0536679226258611","0.0408255751765614","1.04391082554028","0.00549597028021999","0.0536679226258611","0.254953854463691","0.004","0.2","0.2","0.2","05_05"
"0.0536679226258611","0.0408916666262562","1.04196021063574","0.00549597028021999","0.0536679226258611","0.254953854463691","0.01","0.3","0.3","0.3","05_05"
"0.0540084765496438","0.0416285282893745","1.03713246593205","0.00552037564460194","0.0540084765496438","0.254406237066627","0.034","0.4","0.4","0.4","05_05"
"0.0595462624508966","0.0462617897218758","0.997457107458375","0.00612441752015987","0.0595462624508966","0.250645796491793","0.1946","0.5","0.5","0.5","05_05"
"0.777919083381931","0.588859336026987","0.546414821726403","0.776100611706821","0.777919083381931","0.237542458252422","0.7098","0.6","0.6","0.6","05_05"
"5.89564695758643","0.60797964226703","0.540881349641184","0.773574571882884","0.895646957586435","0.236878339383338","0.9668","0.7","0.7","0.7","05_05"
"0.901390815615409","0.564789862482384","0.59084639757302","0.662107914591088","0.901390815615409","0.260260070956432","0.9056","0.8","0.8","0.8","05_05"
"0.873352479089162","0.522264413140269","0.638756968488161","0.586121238051164","0.873352479089162","0.292063062888021","0.7554","0.9","0.9","0.9","05_05"
"0.847913656270681","0.488209642272362","0.680689094278279","0.525603496066772","0.847913656270681","0.318627586359242","0.5742","1","1","1","05_05"
"10.7114306954277","0.756769394593658","0.360225205631207","1.24577728896983","0.711430695427675","0.204827121100596","1","0.38003808215304","0.394006579753934","0.751181951731606","05_05"
"0.902392067814693","0.582509681926701","0.571076616498134","0.699362299996643","0.902392067814693","0.26082520591171","0.9372","0.770439206211379","0.83046047754928","0.865555834321436","05_05"
"5.82636643954913","0.654976928053874","0.490644901244922","0.954370830497485","0.826366439549128","0.183065406872904","1","0.541355322668345","0.230281378387787","0.961255761772709","05_05"
"10.8127135001355","0.696501384033167","0.444438500589508","1.03222244351497","0.812713500135547","0.198473419520214","1","0.5","0.4","0.75","05_05"
"10.7219002170861","0.77667509673706","0.338226106316122","1.26768122422758","0.721900217086063","0.223223648919385","1","0.384103718213737","0.599565825425088","0.692731556482613","05_05"
"0.0575745591970289","0.0436245607168668","1.01833521587192","0.0059431066753115","0.0575745591970289","0.253833622703081","0.1078","0.769841419998556","0.493541307048872","0.477619622135535","05_05"
"5.88118239645474","0.598655201503412","0.56251968912667","0.767966754015617","0.881182396454743","0.207814026826075","0.9722","0.687022846657783","0.482080115471035","0.7323137386702","05_05"
"5.52780145546732","0.838250304937806","0.23835037358766","1.53275494983632","0.527801455467322","0.242649705807222","0.926","0.249787701922469","0.632960902457126","0.634192932909355","05_05"
"10.7991699187261","0.673278830920035","0.464003322120994","1.02612035564461","0.799169918726101","0.18308568369656","1","0.497699242085218","0.186217601411045","0.8612094768323","05_05"
"10.7148025222486","0.750926167956972","0.365048837364053","1.23543790880888","0.714802522248566","0.204326355736232","1","0.38547058098906","0.38602859968041","0.793057908994914","05_05"
"10.5655711088731","0.768669636847842","0.340068054899928","1.42332379474877","0.56557110887307","0.18807509518525","1","0.277529845863008","0.134661548608963","0.727468285659173","05_05"
"10.7219002170861","0.77667509673706","0.338226106316122","1.26768122422758","0.721900217086063","0.223223648919385","1","0.384103718213737","0.599565825425088","0.692731556482613","05_05"
"10.5992554537712","0.801129414549844","0.293912791262196","1.42835312185107","0.599255453771193","0.219818963940644","1","0.28956442962439","0.43617416759863","0.785710546666954","05_05"
"5.86967216522533","0.670936933154926","0.460736514376019","0.92718079719117","0.869672165225329","0.228510393428746","0.9986","0.587691073671376","0.737572934825933","0.724043380766922","05_05"
"0.0623223614466631","0.0487847789994049","0.95829895106829","0.00644997295945959","0.0623223614466631","0.248882040586391","0.27","0.208917973260003","0.193877170581441","0.52400557791615","05_05"
"0.0536679226258611","0.0408255751765614","1.04391082554028","0.00549597028021999","0.0536679226258611","0.254953854463691","0.004","0.381297273010713","0.0272411389828803","0.234661261551082","05_05"
"10.6955300902176","0.784178417127046","0.325890939568438","1.29870535974027","0.695530090217634","0.219298753700915","1","0.360047951731447","0.543426837260803","0.70126087054218","05_05"
"0.769340810221697","0.64207366144503","0.481101443045144","0.923262738003378","0.769340810221697","0.228373779185478","0.7708","0.525463162170224","0.549340497743019","0.605975332945825","05_05"
"10.8127135001355","0.696501384033167","0.444438500589508","1.03222244351497","0.812713500135547","0.198473419520214","1","0.5","0.4","0.75","05_05"
"10.7845288661508","0.707495740721631","0.427142757102393","1.09189294336405","0.784528866150796","0.194247418654126","1","0.46533802135421","0.332689427517284","0.814433963952716","05_05"
"5.8939845631162","0.621028631785084","0.528071236839627","0.801010727597298","0.893984563116197","0.227817406352458","0.9842","0.672185136338303","0.679212411751011","0.731981303943506","05_05"
"0.859318633724384","0.503318354222884","0.658105956814291","0.549582913316292","0.859318633724384","0.306982823029336","0.6558","0.956343919416873","0.955936223023258","0.899953715059591","05_05"
"10.8147400024277","0.682567740664833","0.453610140635296","1.01113753273218","0.814740002427738","0.195308754444028","1","0.513325434030267","0.366184373610359","0.697451722967383","05_05"
"10.7266351467633","0.751590745724196","0.365293147963281","1.22536100316512","0.726635146763298","0.210547417394609","1","0.395069456930721","0.449574701885064","0.828684026405085","05_05"
"5.86286785579248","0.670874293522502","0.470396155049608","0.931276664023493","0.862867855792477","0.214172173167304","0.9978","0.576839284310286","0.619514224859182","0.747426697203265","05_05"
"10.7209529621645","0.754451707249595","0.362891707245808","1.23348810833327","0.720952962164537","0.208484888624448","1","0.388669378831814","0.431016370421275","0.746813163523255","05_05"
"0.0536679226258611","0.0409381689903395","1.04148236722569","0.00549597028021999","0.0536679226258611","0.254844088777775","0.0108","0.682646109572253","0.373281504422377","0.325278303353116","05_05"
"0.0536679226258611","0.0408255751765614","1.0428746921849","0.00549597028021999","0.0536679226258611","0.254953854463691","0.005","0.650212298077531","0.267039097542875","0.265807067090645","05_05"
"10.7219002170861","0.77667509673706","0.338226106316122","1.26768122422758","0.721900217086063","0.223223648919385","1","0.384103718213737","0.599565825425088","0.692731556482613","05_05"
"0.743560673271015","0.637976684347059","0.483751667578851","0.997849011986335","0.743560673271015","0.184824422523693","0.8456","0.487754599942393","0.063615660840965","0.616475803734495","05_05"
"10.7219002170861","0.77667509673706","0.338226106316122","1.26768122422758","0.721900217086063","0.223223648919385","1","0.384103718213737","0.599565825425088","0.692731556482613","05_05"
"10.8098552935464","0.691527975857369","0.446582581965703","1.0340248078884","0.809855293546368","0.195978826528231","1","0.499418764330829","0.357550581273465","0.862123082418972","05_05"
"10.5344274464931","0.814790064711051","0.283003562498135","1.50237972921391","0.534427446493143","0.21868445674036","1","0.250500474324002","0.380642764095417","0.710793324594341","05_05"
"10.7219002170861","0.77667509673706","0.338226106316122","1.26768122422758","0.721900217086063","0.223223648919385","1","0.384103718213737","0.599565825425088","0.692731556482613","05_05"
"10.7235924341153","0.748656400457747","0.372171342196509","1.21954084419683","0.723592434115289","0.204662296449611","1","0.394803082478872","0.389041604595225","0.781769482969486","05_05"
"10.7437482909059","0.7435180100447","0.381295610206073","1.18794210685144","0.743748290905921","0.20351111338168","1","0.412843121510467","0.409642446572409","0.749936941138317","05_05"
"10.719894353319","0.750048622245687","0.36907557215109","1.22257793167045","0.719894353318998","0.204612183877964","1","0.391283972647943","0.394893481953886","0.755015293135399","05_05"
"10.6493039768983","0.801446375852159","0.292553932584472","1.37070499906801","0.649303976898341","0.224516153882322","1","0.323337424219114","0.560181605469711","0.750754505582738","05_05"
"10.6964848766731","0.777460511440963","0.329913754019709","1.29277600807305","0.69648487667308","0.219410853390334","1","0.362692802551507","0.530012111738425","0.695898448725877","05_05"
"5.87096774169661","0.597144285130631","0.561715776131135","0.773475233286936","0.870967741696609","0.20119384275398","0.9828","0.674231583062887","0.399788896035596","0.836858244785671","05_05"
"10.8065932037126","0.701474451958362","0.437779825566413","1.0501032358177","0.806593203712567","0.198821022249308","1","0.490667498510189","0.396986995085186","0.761288426025428","05_05"
"10.7587283965402","0.73828182715453","0.381241558079014","1.16769254048119","0.758728396540211","0.209795593629375","1","0.426040276551253","0.47229662253941","0.79186423583635","05_05"
"10.8126037118312","0.689304826712372","0.451080544092112","1.01767094046699","0.812603711831153","0.197118847840403","1","0.507855563810832","0.382414144108119","0.705615899964746","05_05"
"10.8252557693679","0.694594188477951","0.445045698293731","1.01544126914852","0.825255769367944","0.205730885637785","1","0.51579354915368","0.480514310669341","0.805255497772456","05_05"
"5.84363362802025","0.689562728702967","0.445464660483086","0.992383579149194","0.843633628020255","0.21184756990583","1","0.538724582640432","0.597204999450726","0.745350543491214","05_05"
"5.84701761786985","0.667588663223962","0.482408449155102","0.929280962356503","0.847017617869855","0.201904607685878","0.9982","0.566298754434823","0.451140506686758","0.755742267302828","05_05"
"10.6839255659578","0.779310092901984","0.327036765897289","1.30322753576814","0.683925565957846","0.216777874822252","1","0.350330723619014","0.475558387554008","0.727687597566829","05_05"
"10.8127135001355","0.696501384033167","0.444438500589508","1.03222244351497","0.812713500135547","0.198473419520214","1","0.5","0.4","0.75","05_05"
"5.89633582152624","0.64669473985678","0.497988828993328","0.838595758690681","0.89633582152624","0.261983125319235","0.9956","0.662150418507025","0.950153906741595","0.814277422005527","05_05"
"10.8152781958285","0.691276542329155","0.450917152303963","1.02697606933446","0.815278195828476","0.197530711676045","1","0.505469870219435","0.38377022950224","0.741835823002637","05_05"
"5.8935260203665","0.626786230528003","0.51860531565308","0.813187244471922","0.8935260203665","0.231067418799904","0.988","0.666684298737195","0.712074133663695","0.729898744693204","05_05"
"5.85122278793041","0.670056314476171","0.471539879412246","0.946092929741279","0.851222787930409","0.206060068637944","1","0.561274947624884","0.51121400305705","0.817020816996595","05_05"
"10.8231636355807","0.698408646828203","0.443316704946969","1.01972394892678","0.823163635580695","0.205565603726134","1","0.51349863585091","0.476013992054219","0.737812712183898","05_05"
"5.87204337044356","0.666473057980953","0.470458737266889","0.914898873418858","0.872043370443556","0.226169826660245","0.9986","0.593191911272484","0.704711212913249","0.726125940017224","05_05"
"10.6333178808544","0.800306759395086","0.293549366409718","1.39243001660748","0.633317880854359","0.222301889101832","1","0.310975345286621","0.505727881285293","0.78254365442369","05_05"
"10.5671796996858","0.798461701057684","0.297517038315894","1.45289265129553","0.567179699685784","0.217208486290435","0.98","0.276817073461475","0.386979686970671","0.650867893974186","05_05"
"10.7158492084178","0.756911539938175","0.356871766657644","1.24639425187716","0.715849208417834","0.211538113697747","1","0.383823566435817","0.448687799685112","0.824850685001292","05_05"
"10.8147400024277","0.682567740664833","0.453610140635296","1.01113753273218","0.814740002427738","0.195308754444028","1","0.513325434030267","0.366184373610359","0.697451722967383","05_05"
"10.7958865805749","0.710121880747422","0.424237291203742","1.07561297560595","0.79588658057488","0.201728427940328","1","0.475826257321347","0.421373923848866","0.746876222384939","05_05"
"10.8256603204547","0.707495090163671","0.418533811795777","1.04882866723255","0.825660320454701","0.216516275792794","1","0.50597964564414","0.617573110579025","0.743644513351995","05_05"
"10.8088228652068","0.691718792405612","0.446772426993342","1.0396737309325","0.808822865206815","0.19609864864464","1","0.497796738343177","0.362187955328436","0.836454744250828","05_05"
"10.7203045636375","0.753555785549401","0.366780645516352","1.23192825012369","0.720304563637495","0.205653205864839","1","0.389985511870914","0.404563639470123","0.776757828095958","05_05"
"10.7711757238222","0.730485281887611","0.394041370684902","1.14415211963168","0.77117572382216","0.206332440361329","1","0.440241045465352","0.4477697994465","0.804990535912177","05_05"
"10.8163457974648","0.686908844162677","0.454103384612787","1.00577180589952","0.81634579746481","0.19569098724826","1","0.513149087656123","0.367917551025086","0.710524278526121","05_05"
"10.7641676610561","0.775462044630138","0.334075581129806","1.21504580454666","0.764167661056127","0.249824134799147","1","0.41741992164468","0.894768048776314","0.714937505811087","05_05"
"10.8256603204547","0.707495090163671","0.418533811795777","1.04882866723255","0.825660320454701","0.216516275792794","1","0.50597964564414","0.617573110579025","0.743644513351995","05_05"
"10.7520868958259","0.738396039130509","0.383181292256626","1.17909563932787","0.752086895825926","0.205256425984715","1","0.419408778291812","0.422291924087479","0.766736371474054","05_05"
"10.7470912660082","0.748231390734948","0.366136952506106","1.20058564822948","0.747091266008207","0.213373311893776","1","0.411657331925895","0.498151236900356","0.76707425235316","05_05"
"10.7816427493154","0.718636985028385","0.414182889114802","1.10152028650116","0.781642749315422","0.201142366008225","1","0.457381470640966","0.399968377262893","0.706945091131931","05_05"
"10.7188911058128","0.744652289390115","0.378823212403919","1.22343297125536","0.718891105812806","0.204915823201452","0.99","0.398152654000251","0.37086462255626","0.657042269222013","05_05"
"10.6587789343213","0.786168088288093","0.317279294631253","1.339242732641","0.65877893432133","0.218705842290581","1","0.333565060021629","0.466784361659428","0.754570834523086","05_05"
"10.8058093672017","0.699206079942315","0.437517337038201","1.04751330981316","0.805809367201717","0.198217239724918","1","0.492289524497841","0.392349621030214","0.786956764193572","05_05"
"10.8066286797481","0.698147502956593","0.440696668814432","1.04827885696631","0.806628679748131","0.198418462200534","1","0.4936250100304","0.39334779362814","0.82738638654018","05_05"
"10.8233424107382","0.706370393162106","0.426191940099467","1.0391608321967","0.823342410738227","0.209579356141743","1","0.506066102953565","0.554617247880353","0.742942958361211","05_05"
"10.7200362744704","0.750812806345243","0.369681823938315","1.22734129291937","0.720036274470391","0.203715379989609","1","0.391989853491491","0.38229943802477","0.691277347719556","05_05"
"0.0540084765496438","0.0416285282893745","1.03713246593205","0.00552037564460194","0.0540084765496438","0.254465397783141","0.034","0.295261860141856","0.408385233556645","0.399409950012341","05_05"
"10.6417636886967","0.784410012812737","0.32247208515304","1.35902849175604","0.641763688696659","0.211821357636847","1","0.320861477732509","0.394520940449615","0.723613739593069","05_05"
"10.7989780273275","0.705191661421619","0.433298702249182","1.06178857566502","0.798978027327481","0.198685283234068","1","0.481719614814096","0.38773549574826","0.745693687289058","05_05"
"10.7451390229743","0.742343421868006","0.383926731241512","1.18559401514825","0.745139022974314","0.204400387808879","1","0.413019467884611","0.407909269157682","0.736864385579578","05_05"
"10.7506432352747","0.738147180331373","0.384704146297678","1.17989868846623","0.750643235274729","0.204076857178248","1","0.418590265319403","0.41197823339318","0.765899843164364","05_05"
"10.8252557693679","0.694594188477951","0.445045698293731","1.01544126914852","0.825255769367944","0.205730885637785","1","0.51579354915368","0.480514310669341","0.805255497772456","05_05"
"10.8065498589395","0.694760128745068","0.446261371481427","1.03726180752242","0.806549858939509","0.19601441069005","1","0.496461252810618","0.361189782730511","0.79602512190422","05_05"
"10.7892549129216","0.73545320359545","0.388607626615199","1.1265989760999","0.789254912921578","0.216668984755596","0.9978","0.461935241373106","0.610031857100082","0.670898667733112","05_05"
"10.7169614715741","0.755665458740228","0.36021463873194","1.24217597280184","0.716961471574084","0.209293668239328","1","0.386351120874387","0.433862015638418","0.778515562986698","05_05"
"10.6966314630736","0.762477371462929","0.351770101303857","1.2708017904979","0.696631463073592","0.206420265479326","1","0.3692922899911","0.392491947850654","0.68816129528745","05_05"
"10.6773202575934","0.775790415381632","0.330504393922142","1.30969642182875","0.677320257593398","0.21554512617905","1","0.347703758158279","0.449178841371578","0.750148979202434","05_05"
"10.8150735330845","0.698051757413074","0.443300472501503","1.03072006457517","0.81507353308449","0.201429923566926","1","0.504564104562334","0.432192619693893","0.702794912969694","05_05"
"10.7217266169351","0.752521922574597","0.364792733701561","1.23398916274076","0.721726616935105","0.205651347164657","1","0.388756418209374","0.40971926600058","0.801350415149993","05_05"
"10.82791692929","0.702478770961282","0.434491806112656","1.02813775558935","0.827916929289977","0.208434538796395","1","0.513412178541486","0.538969854752891","0.738514267174683","05_05"
"10.7239418918789","0.749086598974421","0.371567793110107","1.21813429080656","0.723941891878877","0.203418572036639","1","0.39258489590375","0.382679553601579","0.704333599241149","05_05"
"10.6613417862985","0.776807944820324","0.330955857386263","1.33694011524103","0.661341786298457","0.211749892314119","1","0.337036201292283","0.413957000186872","0.825511928880587","05_05"
"10.7193919397997","0.756194037963035","0.360669832229864","1.23879741552621","0.719391939799715","0.20838587132996","1","0.38556855450124","0.430652816945477","0.74770561986837","05_05"
"10.7913126653841","0.707098287866074","0.427209238216365","1.07729452921184","0.79131266538413","0.196767465429617","1","0.473197666969611","0.372079797477499","0.788635330978129","05_05"
"10.7069076294937","0.759781847575557","0.351675262638681","1.25812242722766","0.706907629493739","0.208039237799003","1","0.37515467154165","0.426435293583783","0.739307744913642","05_05"
"10.8058093672017","0.699206079942315","0.437517337038201","1.04751330981316","0.805809367201717","0.198217239724918","1","0.492289524497841","0.392349621030214","0.786956764193572","05_05"
"10.7381496044532","0.74457882422729","0.37544545937626","1.19868519995097","0.7381496044532","0.203418466674364","1","0.4045089061284","0.396792743951911","0.721961954383464","05_05"
"10.8210196699074","0.698884989368739","0.439044300933984","1.02750464265366","0.821019669907355","0.205913649838625","1","0.508667739909129","0.482439227968151","0.802211121849413","05_05"
"10.8119871835531","0.711238149268238","0.415943175990964","1.05937965218879","0.811987183553099","0.21019532655661","1","0.489923682870648","0.550631939584011","0.753691199294397","05_05"
"10.7413278176421","0.743751069324516","0.381358517401153","1.19508268693275","0.741327817642081","0.204899120401267","1","0.408676432477128","0.406788967854225","0.736295242622446","05_05"
"10.7243993420192","0.748985095139314","0.370187928763021","1.21840243759012","0.724399342019181","0.204291767925502","1","0.393255539829366","0.396763113315964","0.75954600128176","05_05"
"10.8256603204547","0.707495090163671","0.418533811795777","1.04882866723255","0.825660320454701","0.216516275792794","1","0.50597964564414","0.617573110579025","0.743644513351995","05_05"
"10.7217130404616","0.753997191729833","0.363212006714707","1.22804499150513","0.721713040461606","0.204985304345999","1","0.386651221348566","0.401824560979129","0.719843678994266","05_05"
"10.7648538557427","0.747349998545946","0.369104494370613","1.17463858425692","0.764853855742712","0.215471088980999","1","0.427713294699387","0.56509240789537","0.757027566410759","05_05"
"10.737347929478","0.753653945541985","0.362572209443272","1.21480401799519","0.737347929478043","0.213414084634684","1","0.399733321701245","0.484038046550023","0.749445897210845","05_05"
"10.7202704825743","0.755103923119222","0.360121664511907","1.23707726022769","0.72027048257429","0.211152035180736","1","0.38982872324169","0.447228601523209","0.774080050216232","05_05"
"10.7054939457073","0.76080789961829","0.352511384140558","1.25657665376038","0.705493945707291","0.209723760122973","1","0.375848612738784","0.431201914055642","0.760445610859344","05_05"
"10.7712743233495","0.737961131801936","0.383547262377678","1.14897143379406","0.771274323349511","0.212269373410131","1","0.437505560564992","0.518192535519782","0.744318860566839","05_05"
"10.8283297589247","0.702901274962315","0.431926709655917","1.02322560585414","0.828329758924746","0.209388804582561","1","0.513191912198117","0.552692330581543","0.745987334284254","05_05"
"10.7444346791733","0.738165389303063","0.387403448157387","1.17995666263135","0.744434679173336","0.200161637978164","1","0.415253439332498","0.371409423277782","0.698667138645647","05_05"
"10.8140337816927","0.692964423384402","0.447676154557962","1.02523882615265","0.81403378169275","0.198312514030375","1","0.506997020076013","0.406016499984608","0.786970068492664","05_05"
"10.7219089555506","0.754801926857628","0.359383025338655","1.2334739251382","0.721908955550594","0.208574314991756","1","0.388518712220837","0.435126799497326","0.742160966933074","05_05"
"10.6909864626954","0.76656709948915","0.344248735479465","1.28525783409105","0.690986462695436","0.209377721656469","1","0.361840657290409","0.422540566786059","0.766461196439047","05_05"
"10.7425084992515","0.749079034303472","0.36646167111526","1.20574092787767","0.742508499251544","0.211895663033075","1","0.408179729558592","0.484784651015565","0.771509765123626","05_05"
"0.0603493342121415","0.0468420950252323","0.975149454705427","0.00622547441768985","0.0603493342121415","0.248882040586391","0.2312","0.45491166326296","0.470286727998989","0.511992958607152","05_05"
"10.7246634576168","0.7534169521032","0.367345319660801","1.22748070572665","0.724663457616784","0.206474554169324","1","0.391689753017312","0.414336892684059","0.749949231711987","05_05"
"10.7478769710841","0.749609616888744","0.368477114236217","1.19067691489927","0.747876971084093","0.211755832461343","1","0.410986688000279","0.484067677185971","0.71186185031255","05_05"
"10.8088931546785","0.706466924123957","0.426651738323723","1.05555739252779","0.808893154678458","0.204380405492166","1","0.490516143891763","0.462233306432993","0.763979116568851","05_05"
"10.7293624378516","0.75543235252443","0.360326482254801","1.22167081419327","0.729362437851623","0.212588684970274","1","0.395565795352517","0.47404182264771","0.735112608971864","05_05"
"10.8058093672017","0.699206079942315","0.437517337038201","1.04751330981316","0.805809367201717","0.198217239724918","1","0.492289524497841","0.392349621030214","0.786956764193572","05_05"
"10.82791692929","0.702478770961282","0.434491806112656","1.02813775558935","0.827916929289977","0.208434538796395","1","0.513412178541486","0.538969854752891","0.738514267174683","05_05"
"10.6014614262508","0.807944449997519","0.281643280878771","1.43461079194431","0.601461426250831","0.223093156610184","1","0.289980886038393","0.484784651015565","0.771509765123626","05_05"
"10.6954140036767","0.763000319029399","0.346958074036416","1.27594725377151","0.695414003676653","0.208631828963335","1","0.365841489540856","0.425998411051682","0.743243494575137","05_05"
"10.8283297589247","0.702901274962315","0.431926709655917","1.02322560585414","0.828329758924746","0.209388804582561","1","0.513191912198117","0.552692330581543","0.745987334284254","05_05"
"10.7771183994244","0.719716512086078","0.408549745942174","1.11613341763722","0.777118399424405","0.201186677901046","1","0.450837514611861","0.395164447513803","0.78544622747357","05_05"
"0.0536679226258611","0.0408255751765614","1.04391082554028","0.00549597028021999","0.0536679226258611","0.254953854463691","0.004","0.413574468691696","0.482199400270308","0.166742393514141","05_05"
"10.7686363181366","0.735692195803817","0.38764050470335","1.15355766639626","0.768636318136551","0.209621880440949","1","0.435781246198252","0.477349627647689","0.765454973978493","05_05"
"10.8283297589247","0.702901274962315","0.431926709655917","1.02322560585414","0.828329758924746","0.209388804582561","1","0.513191912198117","0.552692330581543","0.745987334284254","05_05"
"10.715893579785","0.755808823106046","0.360150867484175","1.24217212317131","0.715893579785011","0.208559253502336","1","0.385228984122906","0.42867913306251","0.773212128653354","05_05"
"10.8170211851306","0.702151024040717","0.43542662145442","1.03785664474326","0.817021185130642","0.206023464379876","1","0.502991760350198","0.473556220080749","0.739917996918835","05_05"
"10.7271079980023","0.749908788992211","0.36917589667357","1.21902836982771","0.727107998002281","0.205101018581999","1","0.396160579387309","0.409926222599967","0.772068722337998","05_05"
"10.7430309676081","0.746013038573217","0.377735431365834","1.19126762677891","0.74303096760808","0.207552229413496","1","0.410840086809886","0.429314221689424","0.70346727113356","05_05"
"10.763612940879","0.728869572936808","0.396936023381391","1.14492385085567","0.763612940878979","0.202081768731119","1","0.434707549715347","0.393948286832375","0.761056538001762","05_05"
"10.7714630611412","0.742034427505528","0.375153265447343","1.16680706233702","0.771463061141213","0.214393750825197","1","0.434092986166947","0.553758307381775","0.762634059352333","05_05"
"10.7452569467955","0.742631420283037","0.378605425084291","1.19214456362134","0.74525694679546","0.206332952485965","1","0.412593082081204","0.426879852603923","0.766709632635713","05_05"
"10.7345799657916","0.755652089712657","0.359100744685755","1.2194761305797","0.734579965791616","0.215321448810262","1","0.398939130412125","0.500540434169468","0.740757237188922","05_05"
"10.7827398402459","0.719373719722474","0.409753172599326","1.10752858476838","0.782739840245883","0.202740953002363","1","0.456933928507842","0.422780394483902","0.787101239875995","05_05"
"10.6979862475774","0.763789635443115","0.348905186291325","1.26737589236644","0.697986247577395","0.20912251924536","1","0.369801303621064","0.426169801197646","0.761662067784982","05_05"
"10.8003317120758","0.70287819328048","0.435645065773632","1.05891004177754","0.800331712075823","0.199125329737511","1","0.485909833030281","0.40368372154381","0.781350271251998","05_05"
"10.7713162440931","0.725862143630498","0.401153183630623","1.13262698243742","0.77131624409307","0.202680067541409","1","0.442140996943924","0.408101959867001","0.786326020815236","05_05"
"10.6993180617356","0.762649068603931","0.349907870446206","1.26662745192446","0.699318061735578","0.208288848115411","1","0.371153839291203","0.42297744931816","0.762525446777552","05_05"
"10.8003866269052","0.706879040825013","0.430052900265559","1.06581059267613","0.800386626905175","0.200021995221077","1","0.481697499611772","0.413076215375724","0.762593661723945","05_05"
"10.7648538557427","0.747349998545946","0.369104494370613","1.17463858425692","0.764853855742712","0.215471088980999","1","0.427713294699387","0.56509240789537","0.757027566410759","05_05"
"10.8086290824435","0.710217896169111","0.424822315143304","1.05574940266553","0.808629082443453","0.206768080657712","1","0.489824627374296","0.490497587830425","0.744264316342957","05_05"
"10.7109375304815","0.768297036820336","0.344489172232319","1.26079623324863","0.710937530481487","0.215584126121287","1","0.375253727038002","0.486569645337369","0.748734627865081","05_05"
"10.6969964987264","0.766481077960997","0.345061139118834","1.27721334453018","0.696996498726381","0.211615903905143","1","0.366440396409192","0.441090035246757","0.767329118001925","05_05"
"10.82791692929","0.702478770961282","0.434491806112656","1.02813775558935","0.827916929289977","0.208434538796395","1","0.513412178541486","0.538969854752891","0.738514267174683","05_05"
"10.8210196699074","0.698884989368739","0.439044300933984","1.02750464265366","0.821019669907355","0.205913649838625","1","0.508667739909129","0.482439227968151","0.802211121849413","05_05"
"10.7778474436968","0.729534793341282","0.397136691884059","1.13197152381196","0.777847443696771","0.208237453550808","1","0.445714322906435","0.458289483810923","0.7357433523502","05_05"
"10.7813957742733","0.718306288363771","0.413774956020947","1.1122128095007","0.781395774273341","0.201156969626287","1","0.456241600000834","0.399038039932549","0.770947687425924","05_05"
"10.7093912540985","0.760543282725766","0.354268446781163","1.25128286448219","0.709391254098457","0.208486794859936","1","0.377607908170585","0.42702358253389","0.752504748522435","05_05"
"10.7850827807644","0.669483349536954","0.461565891264347","1.03384166639546","0.7850827807644","0.177360167250667","1","0.485460394225256","0.10212059924379","0.736421623012888","05_05"
"10.7572596880943","0.73649909756992","0.386468309751147","1.16524484402695","0.757259688094326","0.204918698769017","1","0.42563258617867","0.425420946988768","0.764319134819956","05_05"
"10.7385905278666","0.743754220267303","0.377202915161029","1.19614619231352","0.738590527866574","0.206712572953736","1","0.408909250499757","0.424383030029024","0.775286853578475","05_05"
"10.7303124485309","0.748201871495123","0.369619473057472","1.21477258499736","0.730312448530893","0.206691944582907","1","0.399674307917738","0.422178180677837","0.778788328818416","05_05"
"10.8053963623149","0.717390098101879","0.408764920277402","1.07443093604228","0.805396362314904","0.211021986498397","1","0.480798980960301","0.553674028410531","0.753502031275035","05_05"
"10.7924722568644","0.724545368507821","0.402928206328491","1.10403328016774","0.792472256864437","0.211274128787177","1","0.463143706533713","0.496317038761933","0.735938112046055","05_05"
"10.8135508285693","0.709158920358999","0.426951583863588","1.04724658956366","0.813550828569256","0.207677547465526","1","0.495982794914208","0.500942299801881","0.738319507478828","05_05"
"10.7771183994244","0.719716512086078","0.408549745942174","1.11613341763722","0.777118399424405","0.201186677901046","1","0.450837514611861","0.395164447513803","0.78544622747357","05_05"
"10.7771183994244","0.719716512086078","0.408549745942174","1.11613341763722","0.777118399424405","0.201186677901046","1","0.450837514611861","0.395164447513803","0.78544622747357","05_05"
"10.8036604713706","0.707718305795336","0.426247247747417","1.06369163052933","0.80366047137062","0.20322941011501","1","0.484724756420593","0.441492482136515","0.762234754998207","05_05"
"10.7402991028286","0.743731388031055","0.376899208748564","1.19510415971611","0.740299102828649","0.207862662177958","1","0.409891040487062","0.436824716177946","0.777698824516381","05_05"
"10.7950375918358","0.726597666294147","0.399131004481085","1.09970210288663","0.79503759183584","0.210960365066111","1","0.466485917404762","0.552776609552787","0.755119362361552","05_05"
"10.7477260208301","0.743044971518161","0.377408753317505","1.18358792092665","0.747726020830063","0.208838443430677","1","0.416200201162801","0.444909376673225","0.756482030822271","05_05"
"10.7771183994244","0.719716512086078","0.408549745942174","1.11613341763722","0.777118399424405","0.201186677901046","1","0.450837514611861","0.395164447513803","0.78544622747357","05_05"
"10.7713162440931","0.725862143630498","0.401153183630623","1.13262698243742","0.77131624409307","0.202680067541409","1","0.442140996943924","0.408101959867001","0.786326020815236","05_05"
"10.7827398402459","0.719373719722474","0.409753172599326","1.10752858476838","0.782739840245883","0.202740953002363","1","0.456933928507842","0.422780394483902","0.787101239875995","05_05"
"10.7512340055786","0.737544489010611","0.385821445086519","1.17178120976189","0.751234005578631","0.203960861399461","1","0.42007459719677","0.412947361723054","0.760042440519255","05_05"
"10.7253716466841","0.751129280897929","0.367255221575923","1.22584996958423","0.725371646684051","0.205696647236622","1","0.393135944166519","0.411225363278224","0.767480562598027","05_05"
"10.8283297589247","0.702901274962315","0.431926709655917","1.02322560585414","0.828329758924746","0.209388804582561","1","0.513191912198117","0.552692330581543","0.745987334284254","05_05"
"10.8003317120758","0.70287819328048","0.435645065773632","1.05891004177754","0.800331712075823","0.199125329737511","1","0.485909833030281","0.40368372154381","0.781350271251998","05_05"
"10.7442093777703","0.748274584740623","0.373791569290779","1.18985545182654","0.744209377770316","0.207705744364073","1","0.409678252043642","0.440034222203016","0.708903618465302","05_05"
"0.0575745591970289","0.0435478439473245","1.01833521587192","0.0059431066753115","0.0575745591970289","0.252575827329576","0.136","0.372825938841854","0.424870660519389","0.47614038689062","05_05"
"10.805914246172","0.710424611231786","0.426346846085632","1.06014812476169","0.80591424617201","0.205357574794051","1","0.486797370565475","0.462081321069634","0.744623223068695","05_05"
"10.82791692929","0.702478770961282","0.434491806112656","1.02813775558935","0.827916929289977","0.208434538796395","1","0.513412178541486","0.538969854752891","0.738514267174683","05_05"
"10.735330386153","0.75447486176585","0.361416781455122","1.2163591504374","0.735330386152959","0.213717591747088","1","0.400100965178369","0.489820433655876","0.735320889857181","05_05"
"10.8210196699074","0.698884989368739","0.439044300933984","1.02750464265366","0.821019669907355","0.205913649838625","1","0.508667739909129","0.482439227968151","0.802211121849413","05_05"
"10.763612940879","0.728869572936808","0.396936023381391","1.14492385085567","0.763612940878979","0.202081768731119","1","0.434707549715347","0.393948286832375","0.761056538001762","05_05"
"10.7583088529585","0.737559788791349","0.387308686555874","1.16880553003501","0.75830885295849","0.203889739420952","1","0.423639035338092","0.413579773024103","0.723568501557508","05_05"
"5.87738204115363","0.61046843301654","0.548761203840623","0.794168784884168","0.877382041153627","0.203841543978735","0.9812","0.66265130485408","0.458788943122448","0.74358604568027","05_05"
"10.7611034588851","0.733665146349046","0.390134528145231","1.16024235580044","0.76110345888509","0.204322510979219","1","0.429342048415718","0.423836408532323","0.766224790391288","05_05"
"10.763612940879","0.728869572936808","0.396936023381391","1.14492385085567","0.763612940878979","0.202081768731119","1","0.434707549715347","0.393948286832375","0.761056538001762","05_05"
"5.85573448152054","0.664595542030571","0.48258364423936","0.926771653400276","0.855734481520543","0.206106002045697","0.9986","0.577510603936389","0.520059707051422","0.740541915614125","05_05"
"10.7968232822889","0.714171025490647","0.42155090694198","1.08435977242118","0.796823282288888","0.20451572023885","1","0.474767884377395","0.446076777871874","0.896372553892434","05_05"
"10.7889995863413","0.727792738881851","0.398277980331548","1.11348159253141","0.788999586341305","0.212334651181027","1","0.458345383134967","0.518119359841948","0.749043046243472","05_05"
"10.7901113363901","0.728752194697648","0.397974401984543","1.11080308423147","0.790111336390146","0.212519668025453","1","0.459179454342002","0.521181425337309","0.747005901609179","05_05"
"10.777612259179","0.68099876951148","0.452507356653598","1.05869704736482","0.777612259179","0.180448469547785","1","0.470212659018915","0.129306000424549","0.755463463497345","05_05"
"10.6896123053676","0.77566987659475","0.328692982989576","1.30135403791446","0.689612305367564","0.218006854063126","1","0.357248281361535","0.497807661828892","0.76825932909524","05_05"
"10.7565219723325","0.737167561672122","0.390487705963878","1.16535976647657","0.756521972332462","0.203585869575127","1","0.424636855442211","0.414169365299227","0.733731308410683","05_05"
"10.8124742993966","0.702476258802079","0.436053811580734","1.03810398913181","0.812474299396575","0.203680687644131","1","0.498022092893608","0.444977706512431","0.755241361464273","05_05"
"10.8035236992736","0.705783106378668","0.432955695066086","1.060482730856","0.803523699273555","0.20082952493618","1","0.485741249541271","0.418518243728397","0.765986972798791","05_05"
"10.7431012216165","0.742279755606589","0.379353019643662","1.18763994284974","0.743101221616474","0.204312387962839","1","0.411629690134354","0.415230633660502","0.760488991605911","05_05"
"10.763612940879","0.728869572936808","0.396936023381391","1.14492385085567","0.763612940878979","0.202081768731119","1","0.434707549715347","0.393948286832375","0.761056538001762","05_05"
"5.85893272035697","0.648750377112198","0.504428714184976","0.885538113416064","0.858932720356974","0.201909239307027","0.9974","0.597561672520327","0.45274638745359","0.726478389434345","05_05"
"10.82791692929","0.702478770961282","0.434491806112656","1.02813775558935","0.827916929289977","0.208434538796395","1","0.513412178541486","0.538969854752891","0.738514267174683","05_05"
"5.86632806358011","0.640140349272501","0.517356369707267","0.859389139351351","0.866328063580106","0.202373042159685","0.995","0.618747217634177","0.474367587245252","0.751198110718717","05_05"
"10.7528140185697","0.73607557292175","0.388975797416781","1.16990025042519","0.752814018569676","0.205600271668556","1","0.424634766074551","0.424831354713643","0.829913498600945","05_05"
"5.85197194873715","0.659784984039096","0.493882230128167","0.907762061306072","0.85197194873715","0.202244261653949","0.9978","0.580829413123273","0.458720613283242","0.744826715038267","05_05"
"10.8011760493971","0.706012865521548","0.430041631924947","1.0650483219956","0.801176049397076","0.201678070505699","1","0.484893339909603","0.426657959951928","0.777598053451414","05_05"
"10.7969035520599","0.71383386473387","0.421494104063366","1.07783227928882","0.796903552059936","0.203345737251432","1","0.475141392603289","0.433797856633997","0.749513661450466","05_05"
"10.8283297589247","0.702901274962315","0.431926709655917","1.02322560585414","0.828329758924746","0.209388804582561","1","0.513191912198117","0.552692330581543","0.745987334284254","05_05"
"10.7971804087102","0.715641549958063","0.420976451010671","1.08245958722171","0.79718040871022","0.202868430338818","1","0.472051182736102","0.427827138993392","0.725284483017775","05_05"
"10.8053963623149","0.717390098101879","0.408764920277402","1.07443093604228","0.805396362314904","0.211021986498397","1","0.480798980960301","0.553674028410531","0.753502031275035","05_05"
"10.7771183994244","0.719716512086078","0.408549745942174","1.11613341763722","0.777118399424405","0.201186677901046","1","0.450837514611861","0.395164447513803","0.78544622747357","05_05"
"10.781221095302","0.730039723292332","0.394253464355997","1.13146999548471","0.781221095301987","0.211136465497705","1","0.447570647516198","0.486694933832591","0.736603526018561","05_05"
"5.84321161388722","0.674174321825901","0.472068722647143","0.955435421893998","0.843211613887221","0.203377607795226","1","0.552571827129032","0.466860583845347","0.794599056810966","05_05"
"10.8152128504661","0.710541228466124","0.418055374696858","1.0640049659116","0.815212850466126","0.21069905733243","1","0.491696348763591","0.53830559454979","0.787453824029208","05_05"
"10.7804837552064","0.728303056251586","0.398113530256987","1.12092750311491","0.780483755206416","0.207033010667722","1","0.450370570484202","0.472699780079694","0.75395866962439","05_05"
"10.8212476106219","0.705445884053766","0.428197356228409","1.0414656968016","0.821247610621905","0.207828367798544","1","0.50272172242242","0.528949662292054","0.741383530716184","05_05"
"10.729673676952","0.751487660721353","0.364799529660399","1.21616209482412","0.729673676952022","0.209326685308936","1","0.397706455194965","0.440904106290948","0.763473601814387","05_05"
"10.7681065209709","0.734002016133293","0.391709251832581","1.14382199904851","0.768106520970938","0.207125735495189","1","0.438405722228181","0.449038205671007","0.74629857724162","05_05"
"10.7880977731923","0.718154600398146","0.415339293629947","1.10030038736326","0.788097773192338","0.20297243393716","1","0.464060673110546","0.429271966061243","0.748025399781117","05_05"
"10.8091171981137","0.703285204782309","0.432063452728089","1.04964419120411","0.809117198113674","0.202523839341016","1","0.49195973490541","0.436635447337159","0.759868387847458","05_05"
"10.7989468570399","0.70942828264578","0.424747645731164","1.07006638646377","0.798946857039907","0.202727024086404","1","0.479023664296539","0.429057730537454","0.753851413419999","05_05"
"10.7928684779956","0.708874955707828","0.427877517461496","1.08303529032085","0.79286847799558","0.197822232509026","1","0.472500667588626","0.378655782448838","0.771761807724659","05_05"
"10.82791692929","0.702478770961282","0.434491806112656","1.02813775558935","0.827916929289977","0.208434538796395","1","0.513412178541486","0.538969854752891","0.738514267174683","05_05"
"10.7497210360747","0.739714861185756","0.382492031489865","1.1805738386939","0.749721036074718","0.207964258059154","1","0.419338595251912","0.439857362956182","0.825399633832553","05_05"
"10.7895890263336","0.680487765394203","0.457253564618955","1.04195937362237","0.789589026333558","0.183022006696293","1","0.482605331339893","0.177308177927639","0.7612997092241","05_05"
"10.8124742993966","0.702476258802079","0.436053811580734","1.03810398913181","0.812474299396575","0.203680687644131","1","0.498022092893608","0.444977706512431","0.755241361464273","05_05"
"10.8131278720666","0.702495109043043","0.434745664087458","1.03789411522329","0.813127872066608","0.2047188586719","1","0.499437622527663","0.457127557376584","0.746885471781203","05_05"
"10.789647837947","0.712522318336892","0.418233347543901","1.09615481596319","0.789647837947005","0.202275396908586","1","0.467058979259837","0.421450048576194","0.831461911665791","05_05"
"10.7851394378752","0.678150066750766","0.457856970017184","1.04515335742364","0.785139437875165","0.180132702244555","1","0.480318251321157","0.141866960982103","0.75503917599419","05_05"
"10.8283297589247","0.702901274962315","0.431926709655917","1.02322560585414","0.828329758924746","0.209388804582561","1","0.513191912198117","0.552692330581543","0.745987334284254","05_05"
"10.7790674248824","0.731564310863355","0.392492106398996","1.13595816409394","0.779067424882424","0.211096867754896","1","0.447489213542304","0.497957143463199","0.760281412860698","05_05"
"10.7577061217759","0.695921506713099","0.43491377897776","1.10586157185333","0.757706121775904","0.182066083206461","1","0.44455770813655","0.149072240034313","0.753736640957848","05_05"
"10.8046700982611","0.717937913769175","0.410655597273154","1.07516814532222","0.804670098261146","0.209569933297027","1","0.479622940183772","0.532906133541521","0.744712206522878","05_05"
"10.8087992291142","0.703457775135054","0.433529768500191","1.05095775114269","0.808799229114243","0.201541239955326","1","0.491803607529469","0.426860502903669","0.761359946415607","05_05"
"10.8283297589247","0.702901274962315","0.431926709655917","1.02322560585414","0.828329758924746","0.209388804582561","1","0.513191912198117","0.552692330581543","0.745987334284254","05_05"
"10.7847459911063","0.716404728297155","0.413122266363443","1.10591159402316","0.784745991106293","0.202451168543021","1","0.460173732270038","0.420466112433019","0.780307155675212","05_05"
"10.7938486510452","0.742547439141544","0.374853656816445","1.14415585995342","0.793848651045166","0.22338759738246","1","0.450837514611861","0.664201692910865","0.78544622747357","05_05"
"10.8107850206373","0.714836493854196","0.414144503960569","1.07455007500834","0.810785020637264","0.209150443202685","1","0.48494510187413","0.54114583014566","0.785517397187189","05_05"
"10.7900029656345","0.670450510367474","0.464587281274325","1.02464015899331","0.790002965634535","0.174818248478632","1","0.490337464730364","0.0715024236124009","0.8156194200245","05_05"
"10.8063963167974","0.703659584880742","0.432061765990525","1.05425349071352","0.806396316797353","0.2006082088579","1","0.48868587523543","0.419676041593214","0.760380433262631","05_05"
"10.8130211568424","0.710804504447866","0.422260332789229","1.05845135927733","0.813021156842431","0.208157961537036","1","0.492968692699716","0.527245146548679","0.740807962260984","05_05"
"10.8283297589247","0.702901274962315","0.431926709655917","1.02322560585414","0.828329758924746","0.209388804582561","1","0.513191912198117","0.552692330581543","0.745987334284254","05_05"
"10.7984489237389","0.722042649251331","0.403168995464617","1.08831028480509","0.798448923738942","0.21061137058907","1","0.470693388658059","0.541113067852977","0.75392631877819","05_05"
"10.809632368445","0.708005705440809","0.431886246595675","1.05403888429529","0.809632368444955","0.203311417541619","1","0.491049611333171","0.443747114968369","0.72667443106205","05_05"
"10.7486723497844","0.752657609558452","0.360142424966824","1.20514863560695","0.748672349784412","0.214936767423266","1","0.411460744865419","0.536468879495906","0.762575464317438","05_05"
"10.8144797932079","0.710560748671281","0.421573548432114","1.05808871258029","0.814479793207908","0.208276045173884","1","0.492136098115585","0.522907179414509","0.759287513678819","05_05"
"10.8094634794795","0.714018399916697","0.414333354179308","1.064677882026","0.809463479479539","0.209926325750644","1","0.487550227849763","0.550833792814662","0.755438458117053","05_05"
"10.8134045626607","0.701135881177666","0.435025314113828","1.04412246927044","0.813404562660708","0.204761027340289","1","0.497582343541615","0.460376121647712","0.783407671814662","05_05"
"10.6904713793582","0.907477066413399","0.338390295404262","1.43317917897365","0.69047137935824","0.239238025485889","1","0.5","0.4","0.75","10_05"
"10.6904713793582","0.907477066413399","0.338390295404262","1.43317917897365","0.69047137935824","0.239238025485889","1","0.5","0.4","0.75","10_05"
"10.4388262473077","1.00326764546518","0.218685776904988","1.78055062082868","0.438826247307658","0.267199825910107","1","0.2655086631421","0.380035179434344","0.79423986072652","10_05"
"0.0581000496265834","0.0454634799437657","1.20505753573291","0.00594956245799869","0.0581000496265834","0.256795880011406","0.01","0.37212389963679","0.777445221319795","0.107943625887856","10_05"
"10.7510604846966","0.928077438146233","0.327300203871745","1.3822563486473","0.75106048469656","0.28796618167462","1","0.572853363351896","0.934705231105909","0.723710946040228","10_05"
"0.0762537775122441","0.0588811015610523","1.08291989896065","0.00782801293659114","0.0762537775122441","0.248798706716552","0.3386","0.908207789994776","0.212142521282658","0.411274429643527","10_05"
"10.3564230451972","1.06794994825291","0.136986022968012","1.91139973867661","0.356423045197219","0.276292376822352","1","0.201681931037456","0.651673766085878","0.820946294115856","10_05"
"5.87007906090595","0.71675374086465","0.583411608308824","0.947703074605081","0.870079060905947","0.195094439738267","1","0.898389684967697","0.125555095961317","0.647060193819925","10_05"
"5.90323430000546","0.702168073224849","0.603297727056532","0.881881979108573","0.903234300005456","0.219024267066311","0.9976","0.944675268605351","0.267220668727532","0.78293276228942","10_05"
"10.7709415733677","0.841634776170278","0.419857466319444","1.25699725464937","0.770941573367703","0.232907124777428","0.974","0.660797792486846","0.386114092543721","0.553036311641335","10_05"
"5.70733802373209","0.788277487805974","0.477920675840756","1.24461112106921","0.707338023732088","0.204521161474767","0.9178","0.62911404389888","0.0133903331588954","0.529719580197707","10_05"
"10.1169801578196","1.07856846096058","0.104686901511724","2.14869267991791","0.116980157819626","0.293102763543303","1","0.0617862704675645","0.382387957070023","0.789356231689453","10_05"
"0.0581000496265834","0.045412417448091","1.20505753573291","0.00594956245799869","0.0581000496265834","0.256795880011406","0.008","0.205974574899301","0.86969084572047","0.023331202333793","10_05"
"5.24441994581284","0.926133085118762","0.259595242041418","1.76482449223948","0.24441994581284","0.264053881777557","0.678","0.176556752528995","0.34034899668768","0.477230065036565","10_05"
"10.8219916730175","0.84513597997223","0.422146354937728","1.20794974739391","0.821991673017531","0.239992354447921","1","0.687022846657783","0.482080115471035","0.7323137386702","10_05"
"10.5709463722886","0.990409722742361","0.240541084475373","1.63016045409633","0.570946372288626","0.262206518894334","1","0.384103718213737","0.599565825425088","0.692731556482613","10_05"
"5.71956231756785","0.729950095060336","0.524006229742426","1.0178728359664","0.719562317567851","0.251154389495862","0.6756","0.769841419998556","0.493541307048872","0.477619622135535","10_05"
"10.6934263071523","0.86368107700227","0.395288857840533","1.37817732016552","0.693426307152298","0.219774155073164","1","0.497699242085218","0.186217601411045","0.8612094768323","10_05"
"0.117691990084768","0.0842271947561086","0.869258519463623","0.0119919266037613","0.117691990084768","0.263692413343867","0.478","0.717618508264422","0.827373318606988","0.438097107224166","10_05"
"0.0589885411835871","0.0459639188642674","1.20075086518414","0.00607729602355067","0.0589885411835871","0.256688666771391","0.034","0.991906094830483","0.668466738192365","0.244797277031466","10_05"
"0.0581000496265834","0.0454634799437657","1.20505753573291","0.00594956245799869","0.0581000496265834","0.256855427753341","0.01","0.1","0.1","0.1","10_05"
"0.0584049056478667","0.0457689231422163","1.20123538946776","0.00600400568246802","0.0584049056478667","0.257111832314353","0.024","0.2","0.2","0.2","10_05"
"0.0597503417737436","0.0465943738668844","1.18006296644117","0.00620215614092285","0.0597503417737436","0.255925268270499","0.07","0.3","0.3","0.3","10_05"
"0.0719435523501295","0.0551150251052566","1.10697967497185","0.00737725434504079","0.0719435523501295","0.256154312310125","0.298","0.4","0.4","0.4","10_05"
"5.61786286722983","0.884943278727301","0.334306627185468","1.43523225539522","0.617862867229831","0.250911419694653","0.8","0.5","0.5","0.5","10_05"
"10.7492095061005","0.900601018312568","0.353548629618698","1.36089634486038","0.749209506100479","0.258617867111841","1","0.6","0.6","0.6","10_05"
"10.8260891165723","0.865597720624302","0.402116048811769","1.21213236950026","0.826089116572329","0.264611784289711","1","0.7","0.7","0.7","10_05"
"10.8832687108331","0.822375268153398","0.463032694455938","1.08530377092504","0.883268710833105","0.285658020076965","1","0.8","0.8","0.8","10_05"
"5.9043460953269","0.778042214422903","0.516011455008549","0.981349721684733","0.9043460953269","0.31044654034349","1","0.9","0.9","0.9","10_05"
"5.91327952630633","0.751945525973256","0.55135275823686","0.90778885476648","0.913279526306332","0.329890279912784","0.9988","1","1","1","10_05"
"10.842324830059","0.859372260984334","0.411279088896965","1.19472157547536","0.842324830058984","0.273686307437882","1","0.69768328377977","0.739960189210251","0.794656620919704","10_05"
"10.5163716640841","0.979290261954652","0.242855721411798","1.6844215469112","0.516371664084105","0.257839162030497","1","0.333810562003853","0.409453032283415","0.730979449098799","10_05"
"10.8103359819891","0.856897804678418","0.41034607004952","1.23814740741955","0.810335981989108","0.241723599728904","1","0.644840783842333","0.491263082330876","0.796203964708172","10_05"
"10.8832687108331","0.822375268153398","0.463032694455938","1.08530377092504","0.883268710833105","0.285658020076965","1","0.8","0.8","0.8","10_05"
"10.7709415733677","0.841634776170278","0.419857466319444","1.25699725464937","0.770941573367703","0.232907124777428","0.974","0.660797792486846","0.386114092543721","0.553036311641335","10_05"
"5.9043460953269","0.778042214422903","0.516011455008549","0.981349721684733","0.9043460953269","0.31044654034349","1","0.9","0.9","0.9","10_05"
"10.6904713793582","0.907477066413399","0.338390295404262","1.43317917897365","0.69047137935824","0.239238025485889","1","0.5","0.4","0.75","10_05"
"10.7710681580621","0.86156056220868","0.407885581280281","1.27928747509127","0.771068158062143","0.227146579585149","1","0.616257460835596","0.348164073667242","0.72100798327063","10_05"
"10.8260891165723","0.865597720624302","0.402116048811769","1.21213236950026","0.826089116572329","0.264611784289711","1","0.7","0.7","0.7","10_05"
"10.8192886775749","0.866548250990958","0.399870405402974","1.23809940972076","0.819288677574913","0.259520698716918","1","0.70231671622023","0.660039810789749","0.605343379080296","10_05"
"10.6285717836103","0.967927475629338","0.268007539862482","1.56048964236743","0.628571783610313","0.263947675978411","1","0.423069634085227","0.642750238062158","0.780856238072605","10_05"
"10.7510604846966","0.928077438146233","0.327300203871745","1.3822563486473","0.75106048469656","0.28796618167462","1","0.572853363351896","0.934705231105909","0.723710946040228","10_05"
"10.7584457007154","0.891040675805905","0.364729277491439","1.33461668124451","0.758445700715438","0.249090501225318","1","0.612332196294516","0.545304500093796","0.596053839630262","10_05"
"10.5877584202836","0.96986508032749","0.257684862153332","1.60153274172258","0.587758420283612","0.254207962459499","1","0.399165846958264","0.512648709988675","0.694944561048429","10_05"
"5.90236312656907","0.74433882298019","0.555415897041197","0.943696772324538","0.902363126569073","0.23247518559405","0.9988","0.875895822918436","0.411651684328889","0.857733659735375","10_05"
"0.0587610400367025","0.0457689231422163","1.20123538946776","0.00603391336399723","0.0587610400367025","0.256855427753341","0.03","0.727378323860467","0.984889130759984","0.234661261551082","10_05"
"10.7662863634219","0.853695807811216","0.401579796490463","1.28128405266964","0.766286363421948","0.241189152393489","0.978","0.648465596192331","0.440809592449925","0.556982472011074","10_05"
"10.8876449761873","0.816058890818805","0.473279802468043","1.06464169093388","0.88764497618731","0.30822189126424","1","0.819296899458427","0.940299888690367","0.870754098772811","10_05"
"10.8832687108331","0.822375268153398","0.463032694455938","1.08530377092504","0.883268710833105","0.285658020076965","1","0.8","0.8","0.8","10_05"
"10.8058215322337","0.88129141356748","0.379735165780067","1.28253585149447","0.805821532233732","0.286815757693737","1","0.68490196956841","0.874462408214832","0.59530265190596","10_05"
"10.6794389937201","0.926763493416645","0.312163381428959","1.46751948935947","0.67943899372007","0.247538334983352","1","0.484937871255473","0.486917115436414","0.747786995434184","10_05"
"10.4066830290088","1.0522686270955","0.159389542661632","1.85076686059591","0.406683029008834","0.271431978689731","1","0.243863993852906","0.642490799226037","0.757056068077885","10_05"
"10.897711163883","0.778611081295105","0.50297386216377","1.00573922089139","0.89771116388303","0.264685115262163","1","0.872621676139534","0.615110869240016","0.746360252704471","10_05"
"10.7081931375208","0.92083988233375","0.320775116929716","1.42861743664198","0.708193137520767","0.254124251089523","1","0.531698101138247","0.570582147150929","0.663260411627721","10_05"
"10.7043513240253","0.912251227345366","0.335569953379723","1.42076982610905","0.704351324025344","0.245845493195798","1","0.528345954278484","0.450309140235186","0.674511724384502","10_05"
"10.7381449116503","0.891962216305612","0.361732624656995","1.35425984377579","0.738144911650345","0.239867582075801","1","0.571654045721516","0.431016370421275","0.675488275615498","10_05"
"0.0610035552643629","0.0470112960151637","1.17681785439321","0.00627355551051132","0.0610035552643629","0.256259768091513","0.104","0.278612296952229","0.40892352802372","0.325278303353116","10_05"
"10.6498607313923","0.84719637887975","0.411788075846639","1.40218986815839","0.649860731392254","0.209542532839062","0.978","0.512856583063284","0.0652262594916534","0.558711596927077","10_05"
"10.7510604846966","0.928077438146233","0.327300203871745","1.3822563486473","0.75106048469656","0.28796618167462","1","0.572853363351896","0.934705231105909","0.723710946040228","10_05"
"10.863642140262","0.847962050030471","0.433538331174805","1.13875362941777","0.86364214026202","0.309761979751803","1","0.753556463893469","0.994405342415541","0.852956847267417","10_05"
"10.7709415733677","0.841634776170278","0.419857466319444","1.25699725464937","0.770941573367703","0.232907124777428","0.974","0.660797792486846","0.386114092543721","0.553036311641335","10_05"
"10.5479312610923","1.00601118454695","0.220030065754891","1.67990841790651","0.547931261092324","0.274075645438964","1","0.361481965776316","0.722436873329532","0.69734059653438","10_05"
"5.89525698199115","0.765191097696618","0.528780537467122","0.989953108369136","0.895256981991145","0.237966396091892","1","0.86585103190652","0.449762978901888","0.767442309430668","10_05"
"10.7709415733677","0.841634776170278","0.419857466319444","1.25699725464937","0.770941573367703","0.232907124777428","0.974","0.660797792486846","0.386114092543721","0.553036311641335","10_05"
"10.7708219479987","0.918383939668024","0.340695290514626","1.35083462283437","0.770821947998719","0.285209230001353","1","0.591362549404098","0.905655349627369","0.743711530422449","10_05"
"10.7989356922317","0.893095584007026","0.369341717852656","1.2895473957311","0.798935692231739","0.281504352231068","1","0.622174783523958","0.841877498118599","0.798490446266473","10_05"
"10.7703358597115","0.886413828880203","0.367952883160511","1.31755635016182","0.770335859711451","0.253358495256921","1","0.61634705965394","0.569316164958459","0.669835952070189","10_05"
"10.7157074720087","0.905023214245118","0.34416881010833","1.39842418014744","0.715707472008717","0.244461858686692","1","0.543356133681474","0.451923432966962","0.676052824664971","10_05"
"10.7793596177476","0.890347597843719","0.368742066257448","1.31131500163565","0.779359617747597","0.26011364753878","1","0.643026041208023","0.672489902794085","0.60057168989789","10_05"
"10.847384470972","0.816890730167767","0.46186699943745","1.13865141347235","0.847384470972007","0.234784307841855","1","0.726963861741339","0.430817105725023","0.780441719658384","10_05"
"10.8737181793431","0.828894254170557","0.449831928139639","1.11205341224689","0.873718179343077","0.288582663437317","1","0.781490813947798","0.82904988147854","0.779999415617779","10_05"
"10.7350792406806","0.92696683430781","0.327257723173595","1.39819597104572","0.735079240680607","0.273424305939377","1","0.567283997645","0.794516334111337","0.655018123449465","10_05"
"10.8931089114176","0.800275660943005","0.479035666534159","1.04695602393453","0.893108911417565","0.273776294932849","1","0.842811679504616","0.70384819219211","0.754694006268697","10_05"
"10.7452995609357","0.91297285907144","0.344462266095948","1.3743226469164","0.745299560935687","0.259451314147073","1","0.553137376114483","0.635453013087256","0.79247278717017","10_05"
"10.6611569889708","0.957164565877968","0.288915748766429","1.506827055893","0.661156988970767","0.261283311217106","1","0.472694010414051","0.621999195403457","0.698975314527582","10_05"
"10.7139145860719","0.913631079879122","0.335148861610876","1.4159724887819","0.713914586071859","0.247351238212289","1","0.514773041813077","0.498560307305778","0.784587415610606","10_05"
"10.7457256210599","0.892090998869154","0.362179569069519","1.34904322232816","0.745725621059941","0.244208947411081","1","0.59004733376633","0.475803274919377","0.628716642780287","10_05"
"10.897711163883","0.778611081295105","0.50297386216377","1.00573922089139","0.89771116388303","0.264685115262163","1","0.872621676139534","0.615110869240016","0.746360252704471","10_05"
"10.8359177303994","0.821077360041857","0.454415527719647","1.15373300044725","0.835917730399373","0.235725819887868","1","0.720586006898613","0.411850949025142","0.75278021569249","10_05"
"10.8938477051283","0.802562577862607","0.482308880967639","1.04777531191683","0.893847705128329","0.274926252915361","1","0.829809996634918","0.711262677047906","0.791666246435774","10_05"
"10.6204863945901","0.965092275821636","0.270420235465392","1.5597385571095","0.620486394590085","0.257887752666589","1","0.42151341999294","0.569492494459047","0.758316821437356","10_05"
"10.7459361918933","0.879156559110186","0.380656019972476","1.3377688877913","0.745936191893339","0.231619060447008","1","0.565680705635085","0.376906376506416","0.767560270426975","10_05"
"10.6765492914738","0.944316534761067","0.301993063189574","1.47503895481776","0.676549291473815","0.255261416422879","1","0.482073724809423","0.59133318980963","0.745141335172744","10_05"
"10.5930092671543","0.980387996793059","0.251925516316176","1.59801739143463","0.593009267154345","0.261134839214021","1","0.400722061050551","0.585906453591785","0.717483977683677","10_05"
"10.7285065066854","0.917649407538905","0.33417262949098","1.39547575286232","0.728506506685421","0.258244802011306","1","0.541875928360388","0.601972505420747","0.74473096200807","10_05"
"10.7034155417685","0.912799586000939","0.33555845838472","1.42292760628858","0.7034155417685","0.244900345006096","1","0.494982662267389","0.448805820863416","0.838078345738892","10_05"
"10.7505034771579","0.893375071046575","0.360684244041762","1.35012651410132","0.750503477157945","0.244838156734191","1","0.56019182532664","0.492529064523346","0.789628424265704","10_05"
"10.8876449761873","0.816058890818805","0.473279802468043","1.06464169093388","0.88764497618731","0.30822189126424","1","0.819296899458427","0.940299888690367","0.870754098772811","10_05"
"10.8559093595041","0.853431916858806","0.42051936527096","1.16863840315811","0.855909359504095","0.29057659634805","1","0.750678579827938","0.892827732987309","0.725220499773755","10_05"
"10.7219929774678","0.84302350571308","0.419034419985103","1.31129478565978","0.721992977467808","0.215264675957271","0.998","0.592016661270531","0.179582965316114","0.587355291208274","10_05"
"10.7763054345428","0.888419131916114","0.373854861293929","1.29811843116745","0.776305434542801","0.259211219454947","1","0.646319992393045","0.638814636103589","0.588471146218961","10_05"
"10.7215892625912","0.893258696505863","0.35720801650583","1.37557707427949","0.721589262591229","0.238300911940613","1","0.555402748052785","0.402549654203424","0.659249666356648","10_05"
"10.7397607094806","0.893521415961234","0.355694712940003","1.35982742018754","0.739760709480578","0.245270531031062","1","0.572794413434444","0.467173044931862","0.693285543409457","10_05"
"10.8588721826916","0.850298867999677","0.420936489012924","1.16003943546813","0.858872182691575","0.292597729469697","1","0.750344275733651","0.876863182236682","0.741262657941068","10_05"
"10.7760048173933","0.913171005168221","0.344967069907682","1.3426693737545","0.776004817393331","0.28394984297009","1","0.601655094882156","0.894768048776314","0.734332626924447","10_05"
"10.897711163883","0.778611081295105","0.50297386216377","1.00573922089139","0.89771116388303","0.264685115262163","1","0.872621676139534","0.615110869240016","0.746360252704471","10_05"
"10.746299919841","0.928932690810905","0.325364469892863","1.39693065150268","0.746299919841033","0.285802381622143","1","0.561924269651128","0.890405737662469","0.726478811677963","10_05"
"10.7324685280779","0.91108580653363","0.342137540912744","1.38963375416831","0.732468528077853","0.257636275840838","1","0.578089054848113","0.605563633743754","0.59276195981227","10_05"
"10.7786047991842","0.880955590894113","0.383007180521316","1.29916875711512","0.778604799184176","0.24605632042166","1","0.636693169302902","0.510456571985308","0.621432266926525","10_05"
"10.7706278927003","0.912634939918584","0.345078185688564","1.34346626828488","0.770627892700301","0.27709870461437","1","0.590384599285147","0.820057037827565","0.753930125159046","10_05"
"10.6781434066974","0.938640503242376","0.305490068638221","1.47023691896304","0.678143406697423","0.254008579363196","1","0.495606567278461","0.56932755747041","0.693239059741465","10_05"
"10.7758981648095","0.848780014771651","0.410181022461711","1.26932377193071","0.775898164809537","0.237898829783476","0.986","0.657503841301824","0.419789359234217","0.565136855320265","10_05"
"10.792881064291","0.857953050156585","0.409104174536325","1.2533989883689","0.792881064291047","0.238176700588499","1","0.647745052883903","0.428172045824028","0.71393354954449","10_05"
"10.9000148915643","0.79237435300604","0.492755330602608","1.01920354667961","0.900014891564269","0.284853561009134","1","0.872008519772692","0.759732815695868","0.761324604371595","10_05"
"10.757317886236","0.905004042234568","0.350649257926358","1.35277755025697","0.757317886235998","0.260693016262305","1","0.581807400535731","0.642263189618792","0.729607196052065","10_05"
"0.0715600419105444","0.0544772337564949","1.1102694196399","0.00730799307027148","0.0715600419105444","0.25639018581613","0.292","0.424826684234496","0.461563974150198","0.399409950012341","10_05"
"10.6851322248462","0.940977533296934","0.307255938373127","1.46117304690308","0.685132224846248","0.254947948009476","1","0.491419844830694","0.586861545448532","0.740125771044964","10_05"
"10.8180533136552","0.858326554010769","0.405582700504507","1.22987536520766","0.818053313655207","0.252660695557802","1","0.686214909661457","0.575024436250223","0.673465712217507","10_05"
"10.7472382539151","0.896855991107917","0.356080187893075","1.35471195626581","0.747238253915111","0.246934129444577","1","0.560526129420927","0.508493615273974","0.773586266098392","10_05"
"10.8135198480343","0.877347899371876","0.385648374017639","1.25436549622053","0.813519848034331","0.266390677919105","1","0.658214780512812","0.718930882919631","0.752367471346158","10_05"
"10.8938477051283","0.802562577862607","0.482308880967639","1.04777531191683","0.893847705128329","0.274926252915361","1","0.829809996634918","0.711262677047906","0.791666246435774","10_05"
"10.7782357750029","0.89628741713396","0.360791428164662","1.31410545725101","0.778235775002877","0.275971528342642","1","0.635227523126901","0.799819544838293","0.637593208363319","10_05"
"10.8676005719004","0.821170721446115","0.455199112724921","1.11130451470017","0.867600571900397","0.258505381782551","1","0.781923892359391","0.614155777383269","0.723718459343185","10_05"
"10.7236461748428","0.908674587414587","0.342253025874748","1.38986434749961","0.723646174842772","0.246597034856546","1","0.542854646306266","0.493277152810038","0.72162011924876","10_05"
"10.7280127229651","0.913763215492362","0.33480228283083","1.39395159036224","0.728012722965128","0.253391926475128","1","0.542253912368418","0.569481101947097","0.73491371376608","10_05"
"10.7217184426846","0.929978571711204","0.31778226892666","1.41961732758908","0.721718442684616","0.266645598770168","1","0.533077181898422","0.714768667457806","0.736639371623996","10_05"
"10.8365596032887","0.803281433372419","0.473265743617784","1.12818212868083","0.836559603288738","0.221651842971174","1","0.739944453993946","0.322184326014419","0.702794912969694","10_05"
"10.7204733880769","0.916202488456766","0.333213044358146","1.40582187186188","0.720473388076861","0.253292810981541","1","0.542377415735596","0.56061878557767","0.69916366742428","10_05"
"10.8925064152188","0.805170434478643","0.480361200415388","1.04668159820702","0.892506415218755","0.288612839138826","1","0.819910055825269","0.795677942234515","0.855789747105687","10_05"
"10.7717929050754","0.909312389841034","0.350028717879094","1.33849983977665","0.771792905075413","0.27076898679357","1","0.602750787104523","0.750226372289004","0.717773254579151","10_05"
"10.7055285675564","0.927701790261185","0.321230874102186","1.43953596435163","0.705528567556363","0.253838420780555","1","0.494440004925507","0.575993772455399","0.825511928880587","10_05"
"10.7308184359657","0.907806106347888","0.341811459000027","1.38741605122086","0.730818435965684","0.249635566446538","1","0.552898580558899","0.537219653324591","0.712851790395749","10_05"
"10.7945850851778","0.880326650918377","0.378474010771606","1.28324411549925","0.794585085177773","0.258260767879798","1","0.632392731340921","0.641832972222453","0.751136136166051","10_05"
"10.7362075168765","0.903274112968884","0.346968863343885","1.37563598062292","0.736207516876461","0.249544123018874","1","0.550004964597624","0.531892747527053","0.759898143126923","10_05"
"10.792881064291","0.857953050156585","0.409104174536325","1.2533989883689","0.792881064291047","0.238176700588499","1","0.647745052883903","0.428172045824028","0.71393354954449","10_05"
"10.7538794481434","0.922563233834367","0.333800757228173","1.37826681564625","0.753879448143429","0.282814342625577","1","0.574355123040322","0.860077237076785","0.727357799511734","10_05"
"10.8912778689497","0.806719876983548","0.480168370301955","1.05590859571356","0.89127786894966","0.275954664069555","1","0.822557827022191","0.713455470078209","0.794799099684658","10_05"
"10.8873845342966","0.801666535867432","0.475412300866629","1.06561618289885","0.887384534296573","0.263448004797972","1","0.823117979728494","0.630330929563954","0.739176532102478","10_05"
"10.7579629970331","0.918920732989046","0.335544947231318","1.3714147733369","0.757962997033137","0.279775027912718","1","0.578699794678521","0.838595879924338","0.728072488198132","10_05"
"10.7466903522173","0.927220005995831","0.328321966184707","1.39237072913883","0.746690352217332","0.282268241537441","1","0.562623420034147","0.860140911748306","0.729231821205806","10_05"
"10.897711163883","0.778611081295105","0.50297386216377","1.00573922089139","0.89771116388303","0.264685115262163","1","0.872621676139534","0.615110869240016","0.746360252704471","10_05"
"10.7209465801138","0.92633247837744","0.327351415745298","1.41039253292306","0.720946580113792","0.260221886748464","1","0.53356557908844","0.624496923723725","0.735478783946449","10_05"
"10.79342053668","0.88350037838534","0.378792254103608","1.28296750700516","0.793420536679981","0.257019980919067","1","0.63131109694677","0.627043129294854","0.736790916654058","10_05"
"10.747843359518","0.911730910116845","0.340124207512355","1.36768577466656","0.747843359517959","0.26287569111793","1","0.569376547146537","0.672591690204476","0.728728208218293","10_05"
"10.7292176683937","0.925591013457775","0.323383668175118","1.41122358622977","0.729217668393685","0.264878687582032","1","0.539773732533654","0.699693812332336","0.73391317131771","10_05"
"10.7343233644037","0.906446541002899","0.340472905379487","1.38499949022201","0.734323364403687","0.255372537111531","1","0.56614887272114","0.578728538179308","0.657990176780955","10_05"
"10.8270459237107","0.873599557077539","0.396932708770062","1.23280064039848","0.827045923710732","0.275391041865987","1","0.655641414843547","0.771272398836284","0.851181165132207","10_05"
"10.8941975134431","0.80181115379778","0.484194408587786","1.03878505995595","0.894197513443105","0.288211238174519","1","0.827162225437996","0.793485149204211","0.852656893856803","10_05"
"10.7490086820624","0.910358902924143","0.343902369559642","1.36783937894681","0.749008682062408","0.260911186370006","1","0.56807596154031","0.646579012644275","0.736145048946187","10_05"
"10.8673907658098","0.812100304892495","0.46566706637884","1.10264276387666","0.867390765809753","0.249152102315942","1","0.779954944087041","0.550023118081595","0.739404547738727","10_05"
"10.7248156782566","0.918215521552361","0.333320887345625","1.39455102013921","0.724815678256636","0.256365701004852","1","0.539233752273604","0.58034887494023","0.739103850086441","10_05"
"10.7182741735082","0.913981900430345","0.333554042834742","1.40558361855642","0.718274173508208","0.25698310239918","1","0.554317597862569","0.587453881142117","0.633935450455595","10_05"
"10.7548840427011","0.905383650660659","0.345172006411148","1.36186515612188","0.754884042701123","0.261461249670859","1","0.5751108499005","0.657338044744262","0.732333396358351","10_05"
"5.76086678025221","0.840316851043473","0.401759700886823","1.23415851364508","0.760866780252211","0.2668917403174","0.862","0.697345822880144","0.739174210856037","0.511992958607152","10_05"
"10.7277215927216","0.923220508985009","0.326927716565597","1.40364977280903","0.727721592721645","0.262175219566859","1","0.5417655151784","0.659752845681178","0.736074301443628","10_05"
"10.7564520807064","0.907042579593158","0.346875418477249","1.3554361897361","0.756452080706402","0.262823221500722","1","0.581108250152712","0.672528015532955","0.726854186524221","10_05"
"10.8178200667834","0.866468235250605","0.394197383397577","1.23798982938871","0.817820066783399","0.260748969767037","1","0.686548221850779","0.671696130951618","0.673693965623572","10_05"
"10.7464402704767","0.914053910599968","0.335784402433661","1.37770838716545","0.746440270476731","0.264104344193794","1","0.565031875508338","0.694073047356923","0.728013519531896","10_05"
"10.792881064291","0.857953050156585","0.409104174536325","1.2533989883689","0.792881064291047","0.238176700588499","1","0.647745052883903","0.428172045824028","0.71393354954449","10_05"
"10.9000148915643","0.79237435300604","0.492755330602608","1.01920354667961","0.900014891564269","0.284853561009134","1","0.872008519772692","0.759732815695868","0.761324604371595","10_05"
"10.4656013554874","1.03456932840791","0.18449027896957","1.78170991010809","0.465601355487361","0.2709726378211","1","0.289980886038393","0.657338044744262","0.732333396358351","10_05"
"10.7320067942001","0.915482427088726","0.337392416209237","1.38862983460289","0.732006794200098","0.255081004598066","1","0.549784935154365","0.58114586360241","0.723860244946234","10_05"
"10.9000148915643","0.79237435300604","0.492755330602608","1.01920354667961","0.900014891564269","0.284853561009134","1","0.872008519772692","0.759732815695868","0.761324604371595","10_05"
"10.7836247288599","0.883025060253365","0.375192002643901","1.30001059923831","0.783624728859895","0.25376875835558","1","0.629396200062813","0.582532665677337","0.678444456368954","10_05"
"0.058319043822256","0.0456754865520244","1.20123538946776","0.00597312027017685","0.058319043822256","0.256855427753341","0.02","0.648830743380946","0.712950973476737","0.166742393514141","10_05"
"10.7674606795555","0.89786413340363","0.356664305436627","1.33371510674774","0.767460679555504","0.261009210433676","1","0.593919501387224","0.670347926178687","0.738291576585246","10_05"
"10.9000148915643","0.79237435300604","0.492755330602608","1.01920354667961","0.900014891564269","0.284853561009134","1","0.872008519772692","0.759732815695868","0.761324604371595","10_05"
"10.726968803226","0.92244936586817","0.330997817549982","1.40685046842056","0.726968803225967","0.257752507339995","1","0.542163965085205","0.615361823747152","0.722523948964675","10_05"
"10.8904741492117","0.796422568357807","0.486435283132039","1.04289528562933","0.890474149211721","0.260297054526478","1","0.84705128506978","0.592192624908038","0.712343823525909","10_05"
"10.7374547471658","0.915764725523234","0.33319342424712","1.3877563658118","0.737454747165845","0.261946223310951","1","0.550760239729528","0.650056058271492","0.745423150478008","10_05"
"10.7538850595374","0.907467685944894","0.345601996704271","1.36265864496619","0.753885059537358","0.261862503342866","1","0.577366417030034","0.664769952206879","0.727215251664299","10_05"
"10.7760306558153","0.888325857820609","0.36866146137268","1.3107450315998","0.776030655815314","0.258029302176542","1","0.60715698638559","0.621056212801334","0.755147652381541","10_05"
"10.7930464253356","0.859863099413652","0.40509466562543","1.25169852737983","0.793046425335569","0.238689027760545","1","0.646228348129527","0.442190891181189","0.72090253150036","10_05"
"10.7580507513823","0.904412755973822","0.347207436242743","1.35813883177954","0.758050751382313","0.261833297487371","1","0.578852683023178","0.665096108070338","0.731972331218273","10_05"
"10.7546568922335","0.902405354039191","0.353261227303892","1.34622868719225","0.75465689223353","0.257233714887877","1","0.591719263790893","0.601646782511285","0.692006605959518","10_05"
"10.8444017090331","0.841089062238867","0.432365932426712","1.16834555279248","0.84440170903312","0.253653722160723","1","0.728044681503814","0.587958377743589","0.72680928639795","10_05"
"10.7223035604917","0.920361875983193","0.330126517313574","1.40982636555533","0.722303560491662","0.257459403552532","1","0.55010640754621","0.619798777425013","0.660070476730198","10_05"
"10.7951610637009","0.879725891143343","0.381582446788095","1.28097313790727","0.7951610637009","0.257499804942056","1","0.633909436095297","0.627814126865292","0.744167154210181","10_05"
"10.7797195039166","0.89707040986539","0.359287948125905","1.31862665192857","0.779719503916642","0.264802311386793","1","0.622296704736733","0.708033088217534","0.674369647086713","10_05"
"10.7150159867174","0.917838720737894","0.327333065060852","1.41696883149221","0.715015986717415","0.255678623158145","1","0.543766414981808","0.586656892479936","0.649179055595803","10_05"
"10.7890832891837","0.884587590929593","0.37203658966616","1.29407958699385","0.789083289183702","0.258717338857011","1","0.623398006789793","0.651529759632139","0.741787287131671","10_05"
"10.792881064291","0.857953050156585","0.409104174536325","1.2533989883689","0.792881064291047","0.238176700588499","1","0.647745052883903","0.428172045824028","0.71393354954449","10_05"
"10.8680788263029","0.813316538075422","0.463980202784692","1.10505981963154","0.868078826302872","0.250397454264406","1","0.779747181060581","0.564706443186265","0.73920747118835","10_05"
"10.7251921253476","0.91342445200211","0.333382077672502","1.39435622657483","0.725192125347552","0.2533123342957","1","0.539441515300064","0.565665549835561","0.739300926636819","10_05"
"10.7185877855546","0.922538033411779","0.323389991342857","1.41463459804191","0.718587785554598","0.262231133144846","1","0.551927365311017","0.6717858697273","0.645324672808631","10_05"
"10.897711163883","0.778611081295105","0.50297386216377","1.00573922089139","0.89771116388303","0.264685115262163","1","0.872621676139534","0.615110869240016","0.746360252704471","10_05"
"10.8912778689497","0.806719876983548","0.480168370301955","1.05590859571356","0.89127786894966","0.275954664069555","1","0.822557827022191","0.713455470078209","0.794799099684658","10_05"
"10.7906480809868","0.89906859757493","0.361027695438225","1.30482810508183","0.790648080986836","0.278289711035626","1","0.626874937148193","0.823803954482391","0.728556139742665","10_05"
"10.7780038651857","0.892311184551697","0.36565750566385","1.31446133668537","0.778003865185658","0.258907270480783","1","0.607849777100234","0.644076736248242","0.741572767799099","10_05"
"10.7263769247879","0.926938514873389","0.330396444238039","1.40923170129758","0.726376924787852","0.259834955690592","1","0.545976705494759","0.627407949398281","0.709939275169025","10_05"
"10.8376579530673","0.76105428875981","0.529033526190165","1.06525929674771","0.837657953067293","0.195408387362751","1","0.764622141174797","0.10212059924379","0.729403988136851","10_05"
"10.7701357830628","0.888009245884858","0.366915486668499","1.31912797234157","0.770135783062806","0.252106161913179","1","0.606669941293645","0.557452190293402","0.713683127227704","10_05"
"10.7554376289261","0.891157828496686","0.362247719107953","1.33835218192603","0.755437628926107","0.247660769629228","1","0.585535112330641","0.512146650286068","0.71715867944168","10_05"
"10.7445641744743","0.916425228343701","0.339031378160838","1.37835825867709","0.744564174474318","0.26160235242207","1","0.572073513256293","0.648054233501754","0.682296992297288","10_05"
"10.8657879324039","0.825521587838885","0.454359489721082","1.12013854827812","0.865787932403946","0.257354000766357","1","0.772652882671979","0.596542582539071","0.723910686844646","10_05"
"10.8267411315178","0.864183623826915","0.399300272403183","1.22020900626169","0.826741131517834","0.269165522832425","1","0.690144506750557","0.725439412099975","0.729807540036448","10_05"
"10.8810423646918","0.814713697091825","0.461820986641991","1.08462867736804","0.881042364691787","0.272900997094585","1","0.80935210653717","0.713475411622431","0.745108852410688","10_05"
"10.7890832891837","0.884587590929593","0.37203658966616","1.29407958699385","0.789083289183702","0.258717338857011","1","0.623398006789793","0.651529759632139","0.741787287131671","10_05"
"10.7890832891837","0.884587590929593","0.37203658966616","1.29407958699385","0.789083289183702","0.258717338857011","1","0.623398006789793","0.651529759632139","0.741787287131671","10_05"
"10.853343995672","0.831573068430468","0.443784047182283","1.14641843987226","0.853343995672011","0.253652865853808","1","0.747303237341709","0.579424129975352","0.727052055128405","10_05"
"10.7582279818488","0.907069395343168","0.349993020456618","1.35057254143847","0.758227981848765","0.259567601424588","1","0.579390585443524","0.635045293082387","0.737722064023119","10_05"
"10.844449871024","0.853630563588519","0.41604805210913","1.1793910746728","0.844449871024045","0.274941272520945","1","0.728751837163526","0.745722898834133","0.715858373895903","10_05"
"10.7610228558283","0.904520065986225","0.353445349199753","1.34863511863247","0.761022855828254","0.259128438195876","1","0.586171386431475","0.631846290296905","0.726589172073226","10_05"
"10.7890832891837","0.884587590929593","0.37203658966616","1.29407958699385","0.789083289183702","0.258717338857011","1","0.623398006789793","0.651529759632139","0.741787287131671","10_05"
"10.7797195039166","0.89707040986539","0.359287948125905","1.31862665192857","0.779719503916642","0.264802311386793","1","0.622296704736733","0.708033088217534","0.674369647086713","10_05"
"10.7930464253356","0.859863099413652","0.40509466562543","1.25169852737983","0.793046425335569","0.238689027760545","1","0.646228348129527","0.442190891181189","0.72090253150036","10_05"
"10.7654614960286","0.907043849641178","0.347792802203412","1.34070655534433","0.765461496028583","0.262696190490617","1","0.596199896975198","0.687386804114061","0.702011929958449","10_05"
"10.7310144724942","0.924880551633866","0.32867641955792","1.40483016168034","0.731014472494198","0.261640359781512","1","0.550685214760417","0.647636119578504","0.707792257726308","10_05"
"10.9000148915643","0.79237435300604","0.492755330602608","1.01920354667961","0.900014891564269","0.284853561009134","1","0.872008519772692","0.759732815695868","0.761324604371595","10_05"
"10.7951610637009","0.879725891143343","0.381582446788095","1.28097313790727","0.7951610637009","0.257499804942056","1","0.633909436095297","0.627814126865292","0.744167154210181","10_05"
"10.755785870924","0.904620650785379","0.351059953288892","1.35062109942351","0.755785870923957","0.257352163812465","1","0.590318062424885","0.611147223261886","0.697139526350147","10_05"
"5.60588724652096","0.820225481408406","0.396387210240349","1.26204660028734","0.605887246520961","0.256820425012125","0.662","0.550181432515321","0.622218716118001","0.47614038689062","10_05"
"10.8600326657198","0.82322489511918","0.453004657292813","1.12525105207039","0.860032665719845","0.253607104814311","1","0.760488625222686","0.573240690954502","0.738964702457894","10_05"
"10.897711163883","0.778611081295105","0.50297386216377","1.00573922089139","0.89771116388303","0.264685115262163","1","0.872621676139534","0.615110869240016","0.746360252704471","10_05"
"10.7569261096565","0.909843688914172","0.345929067667579","1.36383852116048","0.756926109656472","0.261489171004478","1","0.578767618396042","0.655269511456278","0.72208233127367","10_05"
"10.8912778689497","0.806719876983548","0.480168370301955","1.05590859571356","0.89127786894966","0.275954664069555","1","0.822557827022191","0.713455470078209","0.794799099684658","10_05"
"10.7674606795555","0.89786413340363","0.356664305436627","1.33371510674774","0.767460679555504","0.261009210433676","1","0.593919501387224","0.670347926178687","0.738291576585246","10_05"
"10.7676553468074","0.903035103266965","0.354368860086867","1.33560177373042","0.767655346807394","0.262085719694425","1","0.604222385620711","0.680560095944872","0.687727944072367","10_05"
"10.8126112993717","0.883527685397109","0.380682787973116","1.25694740063379","0.812611299371736","0.278024633991548","1","0.66265130485408","0.819786063068121","0.738359622794164","10_05"
"10.7710527103487","0.897562079145372","0.360265408089383","1.33067469413923","0.771052710348675","0.257968006664628","1","0.609793582906915","0.629119774783947","0.678648308973864","10_05"
"10.7704764329807","0.900308211425421","0.355651745966953","1.33103067829426","0.770476432980745","0.261315312442764","1","0.610984315852914","0.683924307950135","0.678343558024021","10_05"
"10.7560040671179","0.913518152962764","0.340565865906654","1.35970533034282","0.756004067117875","0.268875265134136","1","0.577510603936389","0.739882209286732","0.744246306520256","10_05"
"10.7731717623891","0.897619543971623","0.36184633319326","1.33346944514857","0.773171762389061","0.258448037360307","1","0.572004731483942","0.639101912764788","0.896372553892434","10_05"
"10.8378121663966","0.851703605324318","0.419922166090805","1.18941049044986","0.837812166396585","0.259240520698047","1","0.70819449241215","0.624249872499716","0.742414107024705","10_05"
"10.8413389312868","0.85450225287861","0.414924082649846","1.18796154723141","0.841338931286826","0.27165729157623","1","0.712832380353072","0.722344527123921","0.757953341922213","10_05"
"10.8319112283292","0.771509622620939","0.514893936455062","1.08806844226239","0.831911228329172","0.199187463804221","1","0.745347525851096","0.129306000424549","0.729960434522608","10_05"
"10.5515029429269","1.00578327761984","0.22366837289564","1.6683647162734","0.551502942926921","0.272273587254694","1","0.357248281361535","0.683205065137381","0.755880740486336","10_05"
"10.7676553468074","0.903035103266965","0.354368860086867","1.33560177373042","0.767655346807394","0.262085719694425","1","0.604222385620711","0.680560095944872","0.687727944072367","10_05"
"10.7541292086716","0.913541755154478","0.340506728118217","1.36383270422623","0.754129208671564","0.263301624471912","1","0.581088999338461","0.68719110939315","0.702568031369997","10_05"
"10.8467995872456","0.843397600255338","0.422645470427707","1.17245271123651","0.846799587245588","0.264853342775632","1","0.731390873106439","0.680474455424932","0.724854828047691","10_05"
"10.7572342799451","0.910778707958738","0.347367158560074","1.36017484307036","0.757234279945098","0.260613085784689","1","0.583377692065548","0.646126993000014","0.710452743047734","10_05"
"10.7778028377567","0.894259903466803","0.363572460299708","1.31444506525924","0.777802837756706","0.261086264005575","1","0.621105971790735","0.653228555051345","0.674674398036556","10_05"
"10.7391188023402","0.91824280213735","0.335095563176499","1.38784932881388","0.739118802340208","0.261777793361555","1","0.558071068719999","0.643579499896102","0.722555608470457","10_05"
"10.897711163883","0.778611081295105","0.50297386216377","1.00573922089139","0.89771116388303","0.264685115262163","1","0.872621676139534","0.615110869240016","0.746360252704471","10_05"
"10.7904535920151","0.892324223968035","0.367301161172729","1.30157636798559","0.7904535920151","0.261976896296558","1","0.628202051610577","0.690991886518254","0.719089500869602","10_05"
"10.7912470813543","0.888591186805934","0.372354108729562","1.29860170494869","0.791247081354325","0.260491059510086","1","0.604222385620711","0.680560095944872","0.829913498600945","10_05"
"10.7451037797616","0.919119619206419","0.336498501762939","1.38269379941989","0.74510377976158","0.261114910991893","1","0.565796112397154","0.647831814299414","0.707236156314761","10_05"
"10.8534099832514","0.840550510824953","0.430782772367756","1.15711217055807","0.853409983251376","0.260447899489923","1","0.744664201398797","0.644672573384553","0.718055600976617","10_05"
"10.8615322322722","0.83126283700965","0.440067455612651","1.13502640791835","0.861532232272193","0.263305176472329","1","0.758346685114608","0.661208922918987","0.742237722265012","10_05"
"10.9000148915643","0.79237435300604","0.492755330602608","1.01920354667961","0.900014891564269","0.284853561009134","1","0.872008519772692","0.759732815695868","0.761324604371595","10_05"
"10.8510564441786","0.838901669966681","0.43780907879335","1.15515254890463","0.851056444178646","0.25418838656175","1","0.742304015555343","0.582896966400171","0.717338875322247","10_05"
"10.8600326657198","0.82322489511918","0.453004657292813","1.12525105207039","0.860032665719845","0.253607104814311","1","0.760488625222686","0.573240690954502","0.738964702457894","10_05"
"10.7890832891837","0.884587590929593","0.37203658966616","1.29407958699385","0.789083289183702","0.258717338857011","1","0.623398006789793","0.651529759632139","0.741787287131671","10_05"
"10.8195939647344","0.86833547142709","0.394673243996853","1.23403548360446","0.819593964734378","0.263066635185806","1","0.673718032275471","0.688030635515662","0.741453104316146","10_05"
"10.863256259799","0.833180167552343","0.440163584951193","1.13741089038224","0.863256259799026","0.265900101553634","1","0.745040990172031","0.670099703138459","0.783501856541365","10_05"
"10.8777281307251","0.811535856236344","0.467510610072363","1.08934832856986","0.877728130725059","0.258838059998343","1","0.784759204422421","0.603491095895329","0.777883061656216","10_05"
"10.810852088054","0.877195672860634","0.3838415814134","1.25825762523735","0.810852088054004","0.263845840964403","1","0.657378354387275","0.70708706232088","0.735194487164545","10_05"
"10.8876693873733","0.807055767351494","0.473799279877949","1.05685411451166","0.887669387373302","0.279686791678991","1","0.833962186154266","0.745290018509111","0.746885837887788","10_05"
"10.7455677647085","0.914501875691487","0.343046004483281","1.37375928171347","0.745567764708464","0.259467523258386","1","0.57486720762222","0.633773530798645","0.69843342132278","10_05"
"10.7906193135824","0.888267926609384","0.369598934320163","1.29486743640949","0.790619313582406","0.261533231182735","1","0.626685653750507","0.688700275957783","0.732904629457149","10_05"
"10.5419969986923","1.03070549944883","0.260680636831203","1.69956373973781","0.541996998692292","0.261366590307174","1","0.5","0.4","0.75","15_05"
"10.5419969986923","1.03070549944883","0.260680636831203","1.69956373973781","0.541996998692292","0.261366590307174","1","0.5","0.4","0.75","15_05"
"10.3347941902004","1.0952272519347","0.171437635245552","1.96241058308471","0.334794190200393","0.277375146868349","1","0.2655086631421","0.380035179434344","0.79423986072652","15_05"
"0.060954425930642","0.0477291498603533","1.27472656754524","0.00627784854885775","0.060954425930642","0.257245590251265","0.036","0.37212389963679","0.777445221319795","0.107943625887856","15_05"
"10.5937288034669","1.06284365539669","0.240068182391939","1.67059421001465","0.593728803466902","0.29679727657306","1","0.572853363351896","0.934705231105909","0.723710946040228","15_05"
"5.65556758660942","0.850249870220052","0.450779774804015","1.34048085685772","0.655567586609416","0.243326858327304","0.8002","0.908207789994776","0.212142521282658","0.411274429643527","15_05"
"10.2697784193676","1.15548926858435","0.103537084019831","2.06566326421103","0.269778419367635","0.286772210094803","1","0.201681931037456","0.651673766085878","0.820946294115856","15_05"
"10.7387401981119","0.880608387256017","0.452525226256879","1.32265222706465","0.738740198111921","0.217610392733424","1","0.898389684967697","0.125555095961317","0.647060193819925","15_05"
"10.8211455603202","0.869558725159768","0.477676286300556","1.21566087842545","0.821145560320189","0.226546457289351","1","0.944675268605351","0.267220668727532","0.78293276228942","15_05"
"10.6050566193279","0.996198025218213","0.299852433596554","1.59263321550401","0.605056619327859","0.257183207538022","1","0.660797792486846","0.386114092543721","0.553036311641335","15_05"
"10.5565182395813","0.921335409044871","0.39544869403692","1.56363406464691","0.556518239581252","0.223965040417724","1","0.62911404389888","0.0133903331588954","0.529719580197707","15_05"
"10.0854993336476","1.15734211986196","0.0873517216395864","2.2318638349469","0.0854993336475518","0.289118020033082","1","0.0617862704675645","0.382387957070023","0.789356231689453","15_05"
"0.060131359213114","0.047597063821893","1.27628137239166","0.00618984433923786","0.060131359213114","0.257843346422332","0.02","0.205974574899301","0.86969084572047","0.023331202333793","15_05"
"10.1888798538158","1.1087072710711","0.137934288066501","2.10348112216622","0.188879853815847","0.284103899577771","0.974","0.176556752528995","0.34034899668768","0.477230065036565","15_05"
"10.6716068102691","0.993220549202287","0.316584564249861","1.52638376290432","0.671606810269083","0.259551424663207","1","0.687022846657783","0.482080115471035","0.7323137386702","15_05"
"10.4252047996533","1.10699497162843","0.175347911898404","1.87692338138814","0.425204799653313","0.275534728346328","1","0.384103718213737","0.599565825425088","0.692731556482613","15_05"
"10.6477356283188","0.977752235025568","0.318852891041201","1.53937135835938","0.647735628318767","0.258893981423495","0.974","0.769841419998556","0.493541307048872","0.477619622135535","15_05"
"10.5674758010331","0.971144710393291","0.33636369656287","1.61957200377104","0.567475801033071","0.247231619741857","1","0.497699242085218","0.186217601411045","0.8612094768323","15_05"
"5.5902980756398","1.00338439399998","0.267482267953668","1.61272672375328","0.590298075639797","0.282398406579194","0.912","0.717618508264422","0.827373318606988","0.438097107224166","15_05"
"0.0649148958350271","0.0513431916224822","1.23313741339433","0.0066539529869093","0.0649148958350271","0.258333764098081","0.1588","0.991906094830483","0.668466738192365","0.244797277031466","15_05"
"0.0606043863488349","0.047692954221513","1.27628137239166","0.0062696863278272","0.0606043863488349","0.257685516917876","0.032","0.1","0.1","0.1","15_05"
"0.0625950351727841","0.0489930259412263","1.25250922942683","0.00643607677297643","0.0625950351727841","0.257843346422332","0.098","0.2","0.2","0.2","15_05"
"0.0734940313078795","0.0580492930916077","1.17782900526898","0.00757129589795354","0.0734940313078795","0.259262464364436","0.304","0.3","0.3","0.3","15_05"
"5.34750428397687","0.99306454634045","0.242879607902183","1.79186283960054","0.34750428397687","0.265385906222438","0.76","0.4","0.4","0.4","15_05"
"10.477895810583","1.06251264913925","0.223056466302234","1.78437865258014","0.47789581058298","0.262771586047905","0.992","0.5","0.5","0.5","15_05"
"10.5743505014805","1.04781164053311","0.249036849390878","1.67494998766355","0.57435050148046","0.268794640641893","1","0.6","0.6","0.6","15_05"
"10.6717143322367","1.00962160009521","0.29553796549256","1.55355848546946","0.671714332236665","0.276907929066174","1","0.7","0.7","0.7","15_05"
"10.7697701334587","0.964392670855111","0.358439696238441","1.39039058830912","0.769770133458653","0.289211545173141","1","0.8","0.8","0.8","15_05"
"10.8296886304549","0.931635711532326","0.405165007614556","1.27896199953411","0.829688630454947","0.308654501709344","1","0.9","0.9","0.9","15_05"
"10.8493660556429","0.906824318514531","0.436451901662812","1.2069597686017","0.849366055642938","0.32525849617379","1","1","1","1","15_05"
"10.8066215090416","0.943988975209404","0.386383368656814","1.32760162793928","0.806621509041643","0.289910085433405","1","0.833413007531821","0.777981484906828","0.888715307624958","15_05"
"10.5703114703052","1.02334548757045","0.271823496952769","1.66021838886439","0.570311470305239","0.25871740139522","1","0.538189376374443","0.41097730424598","0.744239904375478","15_05"
"10.7391211093208","0.983336202671024","0.338843839305689","1.45203128732866","0.739121109320779","0.285317109062565","1","0.77392633005511","0.778341248445213","0.763957811146975","15_05"
"10.8493660556429","0.906824318514531","0.436451901662812","1.2069597686017","0.849366055642938","0.32525849617379","1","1","1","1","15_05"
"10.7387401981119","0.880608387256017","0.452525226256879","1.32265222706465","0.738740198111921","0.217610392733424","1","0.898389684967697","0.125555095961317","0.647060193819925","15_05"
"10.8296886304549","0.931635711532326","0.405165007614556","1.27896199953411","0.829688630454947","0.308654501709344","1","0.9","0.9","0.9","15_05"
"10.5674758010331","0.971144710393291","0.33636369656287","1.61957200377104","0.567475801033071","0.247231619741857","1","0.497699242085218","0.186217601411045","0.8612094768323","15_05"
"10.1375641963646","1.18213274905422","0.0528358582830504","2.21043222676145","0.137564196364571","0.287505681729988","1","0.115379119940647","0.570822970055026","0.624921956485639","15_05"
"10.2697784193676","1.15548926858435","0.103537084019831","2.06566326421103","0.269778419367635","0.286772210094803","1","0.201681931037456","0.651673766085878","0.820946294115856","15_05"
"10.6849917577555","0.983247754407134","0.324176800271542","1.50425079929599","0.684991757755506","0.266901462743906","0.992","0.836428412466735","0.615559822142044","0.488904314510576","15_05"
"10.5509131067399","1.04086176991127","0.249511594855999","1.69266709852249","0.550913106739918","0.262525483575894","1","0.574211965710856","0.503545672702603","0.55650761120487","15_05"
"10.6717143322367","1.00962160009521","0.29553796549256","1.55355848546946","0.671714332236665","0.276907929066174","1","0.7","0.7","0.7","15_05"
"10.693835122315","0.961694980694077","0.346518848097203","1.47588209909593","0.693835122315029","0.25274607591901","1","0.729896399028174","0.390908544594449","0.725150243386385","15_05"
"10.553499920516","0.937916674606628","0.373662071241342","1.59769998923318","0.553499920515969","0.237969972316957","1","0.612035095089252","0.0886619764537082","0.542529229102369","15_05"
"10.3400356106737","1.14275968897387","0.127626639614871","1.994361100062","0.340035610673736","0.289084742524884","1","0.261973869123268","0.792628918680646","0.818394663429165","15_05"
"0.0646703839922869","0.051109806404634","1.23879857511427","0.00661281553704917","0.0646703839922869","0.257245590251265","0.15","0.552793421208681","0.383890148646985","0.234661261551082","15_05"
"10.7290820021324","0.907986805128217","0.417543969766776","1.36855969366881","0.729082002132424","0.228654155094813","1","0.855516132597305","0.216726666837903","0.654223689103741","15_05"
"10.4987622049696","1.07872891089608","0.20637877607034","1.78621682913149","0.498762204969569","0.277089159060975","1","0.449318917027717","0.672584425361225","0.75015517638395","15_05"
"10.8493660556429","0.906824318514531","0.436451901662812","1.2069597686017","0.849366055642938","0.32525849617379","1","1","1","1","15_05"
"10.740640129773","0.976065306903359","0.342777184570838","1.44126908307691","0.740640129772974","0.270520930554582","1","0.739708061914188","0.659044847405232","0.802551630686692","15_05"
"10.5749350292332","0.942102434710193","0.367885153193036","1.58783994757924","0.574935029233155","0.239834747664686","1","0.514778190894847","0.110945958116232","0.848399827927639","15_05"
"10.5799365652714","1.02352585167298","0.274025262761","1.64860185683379","0.579936565271426","0.257659240068733","1","0.52607366994489","0.421658751554787","0.786042188853025","15_05"
"10.4594234083249","1.07530374044006","0.201928779238125","1.81788782007822","0.459423408324854","0.271376478376381","1","0.399738088591202","0.478225146258395","0.754972545853128","15_05"
"10.6488970160439","1.00047102046963","0.304739233362517","1.56023885621928","0.648897016043927","0.259501883770706","1","0.64883347028334","0.471102811225055","0.738073834294722","15_05"
"10.5634158499519","0.991661155592633","0.309757879484311","1.64182848402243","0.563415849951863","0.248661000076105","1","0.574840539409004","0.263523558433696","0.668165899001244","15_05"
"10.6509062987798","0.994799200638998","0.312702419558842","1.55098094840709","0.650906298779788","0.256304427329908","1","0.692700122674771","0.431016370421275","0.670663199966591","15_05"
"0.0905112635899294","0.0685931637276534","1.06485732199656","0.0092347376189724","0.0905112635899294","0.261638724918123","0.412","0.525788034289144","0.596454327297397","0.325278303353116","15_05"
"10.5872909846899","1.01661622816682","0.278453656232188","1.6462532776253","0.587290984689891","0.257495950099647","1","0.546407150526918","0.411564987014997","0.764434275203814","15_05"
"10.6717143322367","1.00962160009521","0.29553796549256","1.55355848546946","0.671714332236665","0.276907929066174","1","0.7","0.7","0.7","15_05"
"10.5530811716109","1.02902208229995","0.264293748295868","1.6855343922839","0.553081171610905","0.259960775548473","1","0.516189746114383","0.407450754073119","0.74408468434257","15_05"
"10.6717143322367","1.00962160009521","0.29553796549256","1.55355848546946","0.671714332236665","0.276907929066174","1","0.7","0.7","0.7","15_05"
"10.4151842218895","1.11397563846641","0.16702082457756","1.89182654227025","0.415184221889532","0.279343818265754","1","0.370958950119802","0.639227553157973","0.698364379905814","15_05"
"10.1593356510431","1.16172143271289","0.0649669696790749","2.17342420795176","0.159335651043139","0.284015136903338","1","0.12567705340931","0.488098051633514","0.722781802189736","15_05"
"10.6717143322367","1.00962160009521","0.29553796549256","1.55355848546946","0.671714332236665","0.276907929066174","1","0.7","0.7","0.7","15_05"
"10.6182971545721","1.02123909316392","0.280151093697512","1.61238842859932","0.6182971545721","0.263957838255679","1","0.556543291309037","0.524815521782255","0.815918333588811","15_05"
"10.6743248797637","1.00982673366333","0.297864797499764","1.54720781678249","0.674324879763723","0.272520668898835","1","0.608726085440805","0.66406901042375","0.886256122633664","15_05"
"10.6705943744467","0.980636276610871","0.328755532667975","1.51446189701971","0.670594374446696","0.255065710812038","1","0.681617121058781","0.41065699421205","0.74329570787284","15_05"
"10.5924372848198","1.00450235714303","0.291767880443678","1.62653551496318","0.592437284819805","0.258287397461942","1","0.625180860675905","0.378918582501757","0.616045463676961","15_05"
"10.6573787568127","0.96221581513275","0.343140549792408","1.50356472630395","0.657378756812683","0.252013562489078","0.992","0.785608626690616","0.39126622974793","0.490730795156685","15_05"
"10.3492354212318","0.996798024463428","0.289524181152872","1.87445548360629","0.349235421231824","0.281338303024561","1","0.310892331431715","0.115678141878998","0.719700972873054","15_05"
"10.8221477528591","0.931950145409071","0.396731732568428","1.29498891937352","0.822147752859064","0.291402746670887","1","0.869530378635853","0.796843229772532","0.870123855264215","15_05"
"10.6223820862038","1.02818440513694","0.277384838677629","1.61062099950185","0.622382086203775","0.269257793701542","1","0.66715139338439","0.628006035069949","0.611486228720618","15_05"
"10.8425295949673","0.921089625707223","0.418747044248453","1.25127388486777","0.842529594967291","0.308015842095506","1","0.931618795532121","0.893442472284957","0.982710224255632","15_05"
"10.6239518254268","1.03219286539225","0.272026662066953","1.61592162878512","0.62395182542682","0.272604656405308","1","0.613876297859371","0.659015933286525","0.7312291791503","15_05"
"10.567666924958","1.03393814084743","0.259548290281145","1.67520139829992","0.56766692495795","0.265323266923205","1","0.55775588768578","0.476928782350709","0.687223930046669","15_05"
"10.5899337059098","1.01358583000467","0.284371094793785","1.63078166681256","0.589933705909808","0.258942946729148","1","0.565339018196521","0.404477036669149","0.744076240620035","15_05"
"10.6001839822203","0.95612435668474","0.354788301730305","1.56734530455489","0.600183982220296","0.241671569105002","1","0.635687704696686","0.180846205177006","0.66455759972013","15_05"
"10.8296886304549","0.931635711532326","0.405165007614556","1.27896199953411","0.829688630454947","0.308654501709344","1","0.9","0.9","0.9","15_05"
"10.3807347436559","1.11783924182599","0.156180506719348","1.92146116046368","0.380734743655936","0.277007548725651","1","0.319264979403779","0.56609078629226","0.753620811540224","15_05"
"10.8311312563876","0.929327808026967","0.407870438304474","1.27517682836235","0.831131256387556","0.306104967422452","1","0.9017942119997","0.884539012621871","0.906005083369327","15_05"
"10.4984755452314","1.07663296887401","0.212934232914313","1.77773836724718","0.498475545231442","0.271508814875679","1","0.446091044242942","0.563144340788517","0.751419040637481","15_05"
"10.6261253783883","1.00353295112504","0.299952052346132","1.5852167517084","0.626125378388339","0.256370360948529","1","0.636521647775324","0.42114257656881","0.704810440284012","15_05"
"10.5464774607651","1.03455366803844","0.255213119473904","1.69969171036071","0.546477460765098","0.259460681668484","1","0.554645454399519","0.437594194597874","0.613523585533679","15_05"
"10.4616621718301","1.093528618603","0.191436718206591","1.83213716828952","0.461662171830105","0.273126096927296","1","0.402965961375977","0.587665230831102","0.753708681599597","15_05"
"10.5994853190673","0.986232693697916","0.316241744560711","1.5995129386751","0.599485319067345","0.252254408454357","1","0.662854880865372","0.312955568847822","0.54070274845626","15_05"
"10.5139820965369","1.05689725856566","0.230333281515749","1.74963127668094","0.513982096536895","0.263631189284993","1","0.505891812645719","0.490175672494632","0.646224838638473","15_05"
"10.6009789897563","1.00767807872884","0.292900432080255","1.61953723218365","0.600978989756263","0.259036793353069","1","0.586468654343836","0.391228854628379","0.726094439889022","15_05"
"10.8493660556429","0.906824318514531","0.436451901662812","1.2069597686017","0.849366055642938","0.32525849617379","1","1","1","1","15_05"
"10.7401324120866","0.966729735599745","0.356399589384569","1.42252659440008","0.740132412086629","0.260075670721576","1","0.771094072617934","0.525477461498074","0.766893460195109","15_05"
"10.6097259177345","1.00559171405603","0.285481925247181","1.60498194884253","0.609725917734541","0.259599644293068","1","0.667586716963706","0.473311640728242","0.576847414307242","15_05"
"10.6717143322367","1.00962160009521","0.29553796549256","1.55355848546946","0.671714332236665","0.276907929066174","1","0.7","0.7","0.7","15_05"
"10.5856113657469","1.0478327627683","0.250066603667182","1.67289284435345","0.585611365746899","0.271732649078465","1","0.591240671475163","0.685380252374518","0.660862825046044","15_05"
"10.6133691690813","0.980543965556268","0.324780699796969","1.57514917782835","0.613369169081334","0.249385816716834","1","0.674360177965603","0.316239245332801","0.592303314121133","15_05"
"10.8282559498176","0.930927069528","0.404601952552495","1.27977526054314","0.828255949817588","0.305229648391273","1","0.899537595712966","0.880902400530043","0.851383904787006","15_05"
"10.6476678711241","1.03605174677599","0.271741301302821","1.59959898251951","0.647667871124079","0.294429214126262","1","0.627862620638509","0.894768048776314","0.759194734324198","15_05"
"10.8493660556429","0.906824318514531","0.436451901662812","1.2069597686017","0.849366055642938","0.32525849617379","1","1","1","1","15_05"
"10.6457648250149","0.988456744108808","0.314122034464258","1.55546407426239","0.645764825014943","0.256820628867019","1","0.67011182395855","0.407373317727072","0.691695142207967","15_05"
"10.6077762878011","1.0254995971248","0.277089815614863","1.62365175370342","0.607776287801088","0.262176924243457","1","0.614651141170557","0.504795420120114","0.68536201359243","15_05"
"10.6485946539905","1.01499201046962","0.295358416428708","1.57198549951307","0.64859465399052","0.265265333536619","1","0.652824360934095","0.552909830494656","0.724608175404331","15_05"
"10.6748466335097","1.02125274992876","0.290754659343706","1.5568278419394","0.674846633509704","0.288496198027414","1","0.65795869600464","0.829705099950025","0.77309861829706","15_05"
"10.5478460696435","1.02293460803596","0.264430336363587","1.67986140899609","0.547846069643473","0.260523285299555","1","0.575205945992402","0.402371140880738","0.55968259367831","15_05"
"10.6717143322367","1.00962160009521","0.29553796549256","1.55355848546946","0.671714332236665","0.276907929066174","1","0.7","0.7","0.7","15_05"
"10.7017970004285","0.998938797564923","0.315842110077287","1.50501210049565","0.701797000428516","0.275407472167975","1","0.669153759086269","0.696684279908329","0.822092445988231","15_05"
"10.8568761988997","0.904558928687628","0.440295813803337","1.20118832455599","0.856876198899692","0.318137860031376","1","0.998870778127526","0.948650810034842","0.988692583822751","15_05"
"10.6979206467235","0.997690111876991","0.313731178056687","1.50965859515155","0.697920646723484","0.271595293936938","1","0.645007265371337","0.657960130881077","0.880610063302537","15_05"
"5.35052355873465","1.01190546477852","0.215925243221072","1.80793013284043","0.350523558734652","0.26304751919198","0.76","0.399751710244488","0.496974716875368","0.399409950012341","15_05"
"10.5790863959608","1.04953083442792","0.246583062928764","1.68235489697156","0.579086395960839","0.272812441639072","1","0.491858877364095","0.65102613972337","0.934875888944223","15_05"
"10.6973047296812","0.976347180373103","0.335496950833571","1.48555665396865","0.69730472968117","0.2586857137312","1","0.729700106323262","0.468232112972226","0.733793165759933","15_05"
"10.6463103843055","0.997017310543932","0.307654065031246","1.55659904155667","0.646310384305506","0.256654278509418","1","0.636984052062359","0.440240176038768","0.753426535497007","15_05"
"10.7653769751906","0.966669277270837","0.357618741153929","1.40287238019688","0.765376975190557","0.276396207656354","1","0.750578941928927","0.702233154269823","0.897351353272788","15_05"
"10.8425295949673","0.921089625707223","0.418747044248453","1.25127388486777","0.842529594967291","0.308015842095506","1","0.931618795532121","0.893442472284957","0.982710224255632","15_05"
"10.6543844376199","1.01714615187815","0.287267495849612","1.57300053919592","0.654384437619905","0.272648017498898","1","0.639572326354536","0.667384730515422","0.764163676645432","15_05"
"10.7842788498196","0.965178967545787","0.363029405127879","1.37178931331135","0.78427884981955","0.310948786646928","1","0.879100072755706","0.988201413434604","0.763488490961591","15_05"
"10.6097695171246","0.991867184050769","0.308227225577249","1.59593035658079","0.609769517124559","0.251628572939835","1","0.636975546630691","0.334527788378624","0.663708382326331","15_05"
"10.6367197268205","1.02131560205673","0.287162128135261","1.59126874786588","0.636719726820492","0.266503011009089","1","0.656493724941156","0.552039429655709","0.682467242115856","15_05"
"10.6416512231696","1.03785528662539","0.267696406095208","1.60952805196346","0.641651223169619","0.292087114999167","1","0.568686037474852","0.863857632022437","0.856269458267436","15_05"
"10.7641980263255","0.915308969463639","0.410187909052174","1.3393297796397","0.764198026325539","0.237958972533677","1","0.882118195323407","0.324628977012754","0.702794912969694","15_05"
"10.5807385980406","1.00343388177895","0.290744757594728","1.63832472914641","0.580738598040633","0.257601747611464","1","0.612347988578517","0.369656635097578","0.603088806018951","15_05"
"10.8280950815349","0.93298851861769","0.406039721863374","1.27808930882583","0.828095081534895","0.31164226646813","1","0.902923433872174","0.935888202587029","0.917312499546576","15_05"
"10.7036177104562","1.00133079285549","0.312057858176438","1.50152822807443","0.703617710456209","0.28067035641672","1","0.653569509373279","0.756217228164252","0.887281800083322","15_05"
"10.5777178043448","1.02828858418603","0.268735217311982","1.6616334418561","0.577717804344841","0.260226392280814","1","0.502701667878926","0.441688100161126","0.825511928880587","15_05"
"10.5983044543635","1.00866049503137","0.291316796376668","1.62371245246059","0.598304454363506","0.258425522365682","1","0.626629997155266","0.401341780676017","0.630739564861143","15_05"
"10.7052242624394","0.984101104224008","0.331630389765463","1.48387616658756","0.70522426243943","0.260987531198192","1","0.658199154488035","0.529242099741028","0.866471531264505","15_05"
"10.6278418563088","1.00073584754451","0.302413430540513","1.58529352968403","0.62784185630877","0.256613695737417","1","0.622702043485609","0.408555030460328","0.725775776654815","15_05"
"10.7017970004285","0.998938797564923","0.315842110077287","1.50501210049565","0.701797000428516","0.275407472167975","1","0.669153759086269","0.696684279908329","0.822092445988231","15_05"
"10.6344944544553","1.00475151149561","0.298997485312746","1.58004089627458","0.634494454455285","0.260796170487821","1","0.6436977921177","0.466943719911724","0.710660625076977","15_05"
"10.8328243852964","0.928501570993854","0.408981689482776","1.27092881973669","0.832824385296415","0.308250286571428","1","0.908117816390758","0.893116728097778","0.976294072886587","15_05"
"10.8407802439608","0.923019397406833","0.418562760001485","1.25245445506418","0.840780243960767","0.315204771856127","1","0.936653124015793","0.941012899697436","0.896742559641787","15_05"
"10.645566564455","1.01203683224757","0.29454035447686","1.57483270934555","0.645566564454964","0.26524699801093","1","0.629288241879117","0.535141371380739","0.756364998913031","15_05"
"10.6673246352851","0.991452529904728","0.31442620633989","1.52907107075715","0.667324635285088","0.260257415015313","1","0.668626215537276","0.4668186518827","0.751095458153756","15_05"
"10.8493660556429","0.906824318514531","0.436451901662812","1.2069597686017","0.849366055642938","0.32525849617379","1","1","1","1","15_05"
"10.5882686528821","1.01013697879019","0.28961194692534","1.63179351582395","0.588268652882143","0.260324140799306","1","0.617828931548595","0.387639525670053","0.622775574803568","15_05"
"10.7202125039504","1.00045281158169","0.315105501563832","1.48453346773375","0.720212503950414","0.302570790054584","1","0.691209496622715","0.953755149078878","0.862452174682411","15_05"
"10.6583759525221","1.02863236695703","0.280292616368835","1.58241223611626","0.658375952522075","0.28830751469935","1","0.654276652479358","0.835197646591662","0.740229251455189","15_05"
"10.6177410978129","1.03207625600194","0.273729465973674","1.62062763794101","0.617741097812876","0.267915955856888","1","0.616466674605404","0.585875926794986","0.713985130836013","15_05"
"10.6100262052072","1.01438269431136","0.289688391927554","1.61362703393985","0.610026205207152","0.259106687468668","1","0.641733603440194","0.443144641465691","0.633805298914304","15_05"
"10.7609863741765","0.969773326694525","0.352749645280892","1.4111394450845","0.760986374176474","0.277411970885871","1","0.749168809926154","0.716093491472912","0.844124859012462","15_05"
"10.8377838634733","0.924247175160459","0.414612503847132","1.26110526835847","0.837783863473313","0.307259414843212","1","0.923038574854329","0.881228144717221","0.857800056156051","15_05"
"10.6244898853622","1.01738250207595","0.283380918544217","1.60169100058827","0.624489885362202","0.265519509498822","1","0.669730532850848","0.543214373756025","0.613113582939949","15_05"
"10.8181520188693","0.930212838142942","0.402336217493954","1.29785547608043","0.818152018869296","0.280056086744939","1","0.857627144496829","0.70435923270676","0.951365554618976","15_05"
"10.7089706226667","0.981908401301413","0.334727300079126","1.47757764717172","0.708970622666663","0.260696479207326","1","0.663517387450773","0.525577284895044","0.867708151658388","15_05"
"10.6029947233619","1.01802270586344","0.280688594403476","1.62588059521414","0.602994723361857","0.262059162659261","1","0.627108110079478","0.478551423287596","0.651750749220504","15_05"
"10.6348443938636","1.03918524346577","0.267838001305728","1.61227435760994","0.634844393863642","0.286775647767169","1","0.626047087203661","0.813687542101442","0.730571617080615","15_05"
"10.6685609432458","0.982022919990377","0.325841711228643","1.51751462872458","0.668560943245785","0.258770761366539","0.998","0.787344332417502","0.499336697435755","0.511992958607152","15_05"
"10.6344576843329","1.00098791173263","0.301923568861859","1.57798264372931","0.634457684332941","0.257212488495181","1","0.671182387587565","0.433395139782862","0.654889752909994","15_05"
"10.6245554498982","1.04010144408483","0.263224280358196","1.627900894203","0.624555449898175","0.289194384315675","1","0.629348229059782","0.835322714620685","0.69979441837841","15_05"
"10.7446901692637","0.984065432825877","0.333480389429322","1.4437610219163","0.744690169263678","0.293852092718334","1","0.718998916406629","0.847043370459274","0.911954732939193","15_05"
"10.650746785745","1.02880813618523","0.280187277655366","1.59083070508613","0.650746785744954","0.286639538858704","1","0.63555843082175","0.799866853434342","0.756256270908174","15_05"
"10.7017970004285","0.998938797564923","0.315842110077287","1.50501210049565","0.701797000428516","0.275407472167975","1","0.669153759086269","0.696684279908329","0.822092445988231","15_05"
"10.8568761988997","0.904558928687628","0.440295813803337","1.20118832455599","0.856876198899692","0.318137860031376","1","0.998870778127526","0.948650810034842","0.988692583822751","15_05"
"10.3771287757648","1.14024800994044","0.138672859963223","1.96196219253673","0.377128775764849","0.294893537773657","1","0.289980886038393","0.953755149078878","0.862452174682411","15_05"
"10.621146960923","1.00321656320427","0.299363807631868","1.58845750610103","0.621146960923004","0.257380646337167","1","0.625784096675728","0.416406724025638","0.715046239144855","15_05"
"10.8568761988997","0.904558928687628","0.440295813803337","1.20118832455599","0.856876198899692","0.318137860031376","1","0.998870778127526","0.948650810034842","0.988692583822751","15_05"
"10.7912740282996","0.958278809041654","0.366834195385875","1.36310690354787","0.791274028299562","0.297102968019105","1","0.801869173855085","0.856177235747256","0.963285147078132","15_05"
"0.0612908658321632","0.0480154139731228","1.27034222649756","0.00631701573974281","0.0612908658321632","0.257822265780905","0.048","0.767967032998786","0.997770411958577","0.166742393514141","15_05"
"10.7708115888682","0.96310374060709","0.361460751702053","1.38792559174256","0.77081158886819","0.277677714708704","1","0.762223245894639","0.711013487679689","0.887903393089207","15_05"
"10.8568761988997","0.904558928687628","0.440295813803337","1.20118832455599","0.856876198899692","0.318137860031376","1","0.998870778127526","0.948650810034842","0.988692583822751","15_05"
"10.6308938298999","1.00963677384077","0.293911686602498","1.58721916107243","0.630893829899932","0.260747068999513","1","0.640971336864514","0.475665221236731","0.703949753203388","15_05"
"10.8571810478304","0.906186218053514","0.434396286134474","1.21490025004422","0.857181047830445","0.309154328088094","1","0.970119755345468","0.877183500375987","0.893051211326184","15_05"
"10.7273508361873","0.982919213466827","0.331220460502679","1.46240225667112","0.727350836187329","0.2746941512548","1","0.694698159214779","0.682159313246515","0.854384736212758","15_05"
"10.724363839691","0.985569621984423","0.329015973410294","1.46989984806372","0.724363839691002","0.274868641518016","1","0.684383480715594","0.682859101530365","0.909039002651114","15_05"
"10.7288558605806","0.994382165181282","0.323698356651384","1.48014679961302","0.728855860580599","0.293523624819247","1","0.760525295015031","0.872137138942184","0.753238177263644","15_05"
"10.7715706625466","0.963471129642312","0.360905753899084","1.38819126196012","0.771570662546618","0.280003086966198","1","0.764871888651627","0.727708443353447","0.868883483351675","15_05"
"10.7309769497387","0.981839026167659","0.333654218332672","1.45660938199458","0.730976949738698","0.275507289384721","1","0.698132823141808","0.689761553823953","0.870623881946467","15_05"
"10.7136444850015","1.00407921086039","0.310922027779879","1.49826419264573","0.713644485001508","0.298353712480187","1","0.683027675261416","0.906664956250517","0.835870623951755","15_05"
"10.8209106423865","0.900839967237465","0.433745896115278","1.26753215664441","0.820910642386511","0.24853622994835","1","0.873766570441409","0.445374229507114","0.845226006790723","15_05"
"10.6178491628708","1.00826941639153","0.294572008031613","1.59732892554597","0.617849162870836","0.257961848572544","1","0.651613592104255","0.438782938324415","0.639200334729105","15_05"
"10.8293854709877","0.931668016100871","0.404776002839558","1.28384123658852","0.829385470987652","0.304237815266617","1","0.892414737665286","0.881501776217244","0.951535448547373","15_05"
"10.7834031882255","0.962078958292955","0.362380988459241","1.3758294282517","0.783403188225521","0.295299688852005","1","0.791406453227416","0.845643383489568","0.857365632283711","15_05"
"10.6067074527355","1.01838934016056","0.280464403128514","1.6241565699457","0.606707452735532","0.262125800055852","1","0.62402605688936","0.470699729722286","0.662480286730464","15_05"
"10.8047886280411","0.933423903267321","0.39302843877574","1.32854570495363","0.804788628041055","0.268844277737202","1","0.884602044763544","0.644352554634125","0.776799089583822","15_05"
"10.7609863741765","0.969773326694525","0.352749645280892","1.4111394450845","0.760986374176474","0.277411970885871","1","0.749168809926154","0.716093491472912","0.844124859012462","15_05"
"10.8080517074496","0.944282621528765","0.386319354498634","1.32916946849893","0.808051707449641","0.296589106453013","1","0.92278509490674","0.859001350598967","0.754243524215411","15_05"
"10.6713311909522","1.0216030882276","0.2842193042685","1.56440598392474","0.671331190952187","0.291255089270939","1","0.629601709007371","0.857549508738939","0.803350950319049","15_05"
"10.6090382969312","1.01692906122086","0.282616202488493","1.61978909272211","0.609038296931212","0.262411055426791","1","0.629834565332664","0.469829921962588","0.658461621094093","15_05"
"10.8493660556429","0.906824318514531","0.436451901662812","1.2069597686017","0.849366055642938","0.32525849617379","1","1","1","1","15_05"
"10.8493660556429","0.906824318514531","0.436451901662812","1.2069597686017","0.849366055642938","0.32525849617379","1","1","1","1","15_05"
"10.7804832529154","0.958845732338161","0.367960459730503","1.37460358574749","0.780483252915401","0.279624644100104","1","0.800785880713182","0.732269041135982","0.822526869860571","15_05"
"10.7961101570733","0.955347926165959","0.370486149629518","1.35094892790344","0.796110157073288","0.299563879024488","1","0.815048329582388","0.878787520326418","0.910483125785611","15_05"
"10.6230773273015","1.00612290760334","0.297111378246946","1.58862186256175","0.623077327301477","0.257391389313292","1","0.661302398923504","0.437756842924138","0.649494717095193","15_05"
"10.8085549996842","0.840162719073653","0.507708300072638","1.19809562164271","0.808554999684242","0.208633613782375","1","0.883456242460002","0.10212059924379","0.962349868415341","15_05"
"10.7266675276529","0.971871955758111","0.345426164948046","1.4517651739216","0.726667527652934","0.260629665821608","1","0.796489989895474","0.515787235910647","0.69296799935881","15_05"
"10.7121618211758","0.983566355326432","0.332441143797572","1.47671940354535","0.712161821175813","0.264137460555524","1","0.749414453791573","0.566322161647615","0.733325807320206","15_05"
"10.71797152861","0.972341002186631","0.344317347284858","1.45733478737932","0.71797152860995","0.260389319269185","1","0.696716878617426","0.512006924305587","0.819988665519654","15_05"
"10.8337389791037","0.921520309689163","0.414133416704933","1.26580757729864","0.833738979103672","0.287443583300204","1","0.90077342117356","0.743726365104407","0.861214976005359","15_05"
"10.8112860158932","0.944885547855525","0.387060272976548","1.32041258247069","0.81128601589323","0.305282680539775","1","0.852588897601782","0.899763350767313","0.965070963303556","15_05"
"10.8454927089016","0.91623597657343","0.426364380920917","1.23789927472265","0.845492708901587","0.310423657175506","1","0.948151054380829","0.905064695014785","0.986906767597326","15_05"
"10.7834031882255","0.962078958292955","0.362380988459241","1.3758294282517","0.783403188225521","0.295299688852005","1","0.791406453227416","0.845643383489568","0.857365632283711","15_05"
"10.7834031882255","0.962078958292955","0.362380988459241","1.3758294282517","0.783403188225521","0.295299688852005","1","0.791406453227416","0.845643383489568","0.857365632283711","15_05"
"10.8272620825238","0.914020092988401","0.418406586244708","1.27612896575271","0.827262082523767","0.267697799528363","1","0.880712787216888","0.605447815341511","0.84730765089","15_05"
"10.7293892108326","0.98310382785747","0.335111381054676","1.46232738707697","0.729389210832623","0.274359024462427","1","0.709910304419109","0.677016325003563","0.824989635379674","15_05"
"10.8201096397169","0.938427468375184","0.390501394872103","1.30423221398026","0.820109639716902","0.299362223154432","1","0.87013221488509","0.865726176407563","0.854363105181396","15_05"
"10.6988883474334","0.997852397428246","0.317143162545337","1.50424617002614","0.698888347433353","0.269928172830666","1","0.722467485672822","0.644292279722736","0.736325750107425","15_05"
"10.7834031882255","0.962078958292955","0.362380988459241","1.3758294282517","0.783403188225521","0.295299688852005","1","0.791406453227416","0.845643383489568","0.857365632283711","15_05"
"10.7715706625466","0.963471129642312","0.360905753899084","1.38819126196012","0.771570662546618","0.280003086966198","1","0.764871888651627","0.727708443353447","0.868883483351675","15_05"
"10.8047886280411","0.933423903267321","0.39302843877574","1.32854570495363","0.804788628041055","0.268844277737202","1","0.884602044763544","0.644352554634125","0.776799089583822","15_05"
"10.6881232676553","1.00452239455867","0.309546602229824","1.52142049725576","0.688123267655323","0.270652469478052","1","0.729457408957705","0.653458361971997","0.698389534927214","15_05"
"10.6788662758148","1.02027699524778","0.291746273416097","1.55691120215156","0.678866275814759","0.291631268160805","1","0.679423018472338","0.86924434979624","0.74916123060515","15_05"
"10.8571810478304","0.906186218053514","0.434396286134474","1.21490025004422","0.857181047830445","0.309154328088094","1","0.970119755345468","0.877183500375987","0.893051211326184","15_05"
"10.8080517074496","0.944282621528765","0.386319354498634","1.32916946849893","0.808051707449641","0.296589106453013","1","0.92278509490674","0.859001350598967","0.754243524215411","15_05"
"10.7353430766866","0.991203176019639","0.330674514006463","1.46486968545594","0.735343076686564","0.293830748558665","1","0.753091925455367","0.843649583762482","0.775951724391063","15_05"
"10.58483984283","1.00762160524527","0.284071383232431","1.63311093747453","0.584839842830018","0.259511828379251","0.974","0.655218248893334","0.476203544778691","0.47614038689062","15_05"
"10.8296013675755","0.923690523265707","0.412316185903522","1.27122146930601","0.829601367575522","0.283132420768938","1","0.885468520889806","0.721428190382846","0.949453804448096","15_05"
"10.8568761988997","0.904558928687628","0.440295813803337","1.20118832455599","0.856876198899692","0.318137860031376","1","0.998870778127526","0.948650810034842","0.988692583822751","15_05"
"10.7268655595783","0.986888942406136","0.330575069984439","1.46448637902431","0.726865559578326","0.277836500639214","1","0.691816850275259","0.711346656710067","0.886325455523695","15_05"
"10.8493660556429","0.906824318514531","0.436451901662812","1.2069597686017","0.849366055642938","0.32525849617379","1","1","1","1","15_05"
"10.7309769497387","0.981839026167659","0.333654218332672","1.45660938199458","0.730976949738698","0.275507289384721","1","0.698132823141808","0.689761553823953","0.870623881946467","15_05"
"10.7460462129009","0.977390038903791","0.343201958619825","1.43133967803709","0.746046212900945","0.27795769671719","1","0.723392211472313","0.715945924755334","0.857902079380711","15_05"
"10.7101416173375","1.00272232089049","0.309423861335876","1.50230026491708","0.710141617337531","0.294083609473424","1","0.66265130485408","0.85656994987722","0.952470727210164","15_05"
"10.7546554572047","0.971084373615817","0.349075037317594","1.41632386217684","0.754655457204749","0.275673802449703","1","0.736177836394093","0.693921831844627","0.865366140183723","15_05"
"10.7834031882255","0.962078958292955","0.362380988459241","1.3758294282517","0.783403188225521","0.295299688852005","1","0.791406453227416","0.845643383489568","0.857365632283711","15_05"
"10.650398793011","1.03422598867915","0.27140412057878","1.59799848867398","0.650398793011003","0.29222844893705","1","0.577510603936389","0.870551471917126","0.872087107784723","15_05"
"10.7358983167658","0.984980306721973","0.334025834792994","1.45160712832091","0.735898316765806","0.28016503899207","1","0.702065966015934","0.738949986715415","0.896372553892434","15_05"
"10.8062763051601","0.947718171476339","0.378912683389827","1.33194124037457","0.80627630516013","0.297378596235556","1","0.832099982363285","0.846862750522393","0.879511279586635","15_05"
"10.7991612953219","0.951191351495066","0.376876027579993","1.34322523891315","0.799161295321934","0.293523407927389","1","0.818656475068714","0.822389722841234","0.890874517144626","15_05"
"10.7947130273405","0.854227351502392","0.488118994705338","1.23583589540359","0.794713027340453","0.21312636088845","1","0.849596103418562","0.129306000424549","0.872800576128025","15_05"
"10.4515110903303","1.11139245440486","0.170858716416428","1.86920415440492","0.451511090330314","0.294125674486602","1","0.357248281361535","0.944710669733254","0.903262403044586","15_05"
"10.7637121249795","0.967761448546758","0.354907578458322","1.40349520531682","0.763712124979461","0.27863488198858","1","0.750509825929966","0.726026150262603","0.868006292584552","15_05"
"10.7195318649291","0.999154108191651","0.318327369439085","1.49151033836948","0.719531864929071","0.292499942245605","1","0.728633810880871","0.843775588148426","0.773374321861531","15_05"
"10.8303235455382","0.923462196373932","0.41187579775304","1.2704251710233","0.830323545538232","0.285167158256554","1","0.887645724850886","0.730177029604162","0.878535528502594","15_05"
"10.723794969063","0.986856676477624","0.331879727722245","1.46814720561365","0.723794969062975","0.273917442864103","1","0.747023256528001","0.667997290642829","0.761515277035603","15_05"
"10.7834031882255","0.962078958292955","0.362380988459241","1.3758294282517","0.783403188225521","0.295299688852005","1","0.791406453227416","0.845643383489568","0.857365632283711","15_05"
"10.6997436883661","1.00638433820236","0.309078229762691","1.51136566122906","0.699743688366138","0.286849740032962","1","0.687267356875513","0.807310688084388","0.786564791622343","15_05"
"10.8568761988997","0.904558928687628","0.440295813803337","1.20118832455599","0.856876198899692","0.318137860031376","1","0.998870778127526","0.948650810034842","0.988692583822751","15_05"
"10.7433073994935","0.986849085058236","0.332025331787606","1.45207529166685","0.743307399493462","0.299546651684348","1","0.770504571929799","0.921550061680023","0.780262737990473","15_05"
"10.7544302640887","0.971912021902298","0.352967170951676","1.41575388484945","0.754430264088716","0.275978479531365","1","0.750539899115754","0.695604124935471","0.829913498600945","15_05"
"10.6939807253408","1.01067874205757","0.302620522565964","1.53340691987291","0.693980725340792","0.293596263805436","1","0.703881133046834","0.869118345410296","0.751738633134682","15_05"
"10.8369751738291","0.920538130536841","0.416963539688457","1.26035135970689","0.836975173829096","0.286305036009703","1","0.89859621721248","0.734977525883091","0.932133251950861","15_05"
"10.825258148644","0.927361550232419","0.406968437126002","1.28338559253174","0.825258148643992","0.283353775102261","1","0.874197609376276","0.724242581698221","0.878906071923272","15_05"
"10.8571810478304","0.906186218053514","0.434396286134474","1.21490025004422","0.857181047830445","0.309154328088094","1","0.970119755345468","0.877183500375987","0.893051211326184","15_05"
"10.8419861257542","0.920044680128592","0.418818033666653","1.24888671929536","0.841986125754218","0.305742067230362","1","0.930996399779793","0.870816364243655","0.873958258705502","15_05"
"10.8454927089016","0.91623597657343","0.426364380920917","1.23789927472265","0.845492708901587","0.310423657175506","1","0.948151054380829","0.905064695014785","0.986906767597326","15_05"
"10.8080517074496","0.944282621528765","0.386319354498634","1.32916946849893","0.808051707449641","0.296589106453013","1","0.92278509490674","0.859001350598967","0.754243524215411","15_05"
"10.8120644603259","0.950181642415074","0.384710348853459","1.32171366124591","0.812064460325878","0.312747298491348","1","0.860410053447623","0.974827019245913","0.98340737357821","15_05"
"10.8322061108994","0.929030425605142","0.408798166050664","1.2715398539922","0.832206110899444","0.308373271779332","1","0.907789224670065","0.896345098151058","0.957591076437427","15_05"
"10.8470674609029","0.909627373874821","0.427349189310533","1.22774545189481","0.847067460902855","0.296885739042396","1","0.939573445506161","0.799015695371153","0.957952572960773","15_05"
"10.8041701217242","0.933261947454735","0.397340036230705","1.32492436900704","0.804170121724233","0.269743853768219","1","0.831496326250248","0.634920719730885","0.858773905953737","15_05"
"10.8488937598558","0.914580816222712","0.426165481812093","1.23277746481696","0.848893759855841","0.306820662694774","1","0.949202151808487","0.872358204866423","0.875327208722857","15_05"
"10.7092845031249","1.00266978772269","0.314146118367611","1.50501449734493","0.709284503124864","0.287584546790058","1","0.728536154600188","0.819944572842389","0.750762197462885","15_05"
"10.7815997997273","0.952333765378738","0.372739825049416","1.36944262504425","0.781599799727333","0.271055326491855","1","0.785394297360734","0.664448927455253","0.853899885119985","15_05"
"10.8067580493055","0.930730243566435","0.399945212063442","1.31970751560752","0.806758049305503","0.269672471809093","1","0.837178415768909","0.631365731119101","0.857461101084271","15_05"
"10.8422411767266","0.919374846531962","0.41680896624482","1.25281018601584","0.842241176726601","0.302000999131428","1","0.923688633165739","0.851438842560171","0.963321464341303","15_05"
"10.8384077196743","0.919293569463494","0.418087907756544","1.25545425920982","0.838407719674266","0.287924915397651","1","0.90388975680422","0.742725610400458","0.981878527017976","15_05"
"10.8177886398579","0.935318229587466","0.396956885462215","1.30258952458608","0.81778863985791","0.290215353571779","1","0.858665598295064","0.772520298141668","0.93523429476101","15_05"
"10.8568761988997","0.904558928687628","0.440295813803337","1.20118832455599","0.856876198899692","0.318137860031376","1","0.998870778127526","0.948650810034842","0.988692583822751","15_05"
"10.7498349326197","0.982701665973001","0.337924694129044","1.43164577364651","0.749834932619706","0.303048243815989","1","0.744637397055492","0.943598539253727","0.861895196469298","15_05"
"10.8243130415497","0.862571896966191","0.485282007997538","1.20352452807738","0.824313041549697","0.225348162934341","1","0.898719729793563","0.253130800433939","0.895157357804442","15_05"
"10.8454927089016","0.91623597657343","0.426364380920917","1.23789927472265","0.845492708901587","0.310423657175506","1","0.948151054380829","0.905064695014785","0.986906767597326","15_05"
"10.8482208907341","0.910871769619272","0.424734259651182","1.23380496039231","0.848220890734065","0.300444653581017","1","0.941347207610812","0.828251466944416","0.885742899330252","15_05"
"10.8093087175751","0.944171459847717","0.384501893014674","1.32252420969064","0.809308717575101","0.297845398023331","1","0.844308810992319","0.851173052834576","0.872274374571797","15_05"
"10.8275003362828","0.833052872437792","0.51591140850179","1.16442908706148","0.827500336282766","0.211624465891762","1","0.927299975723104","0.151254125209428","0.873051000407109","15_05"
"10.8571810478304","0.906186218053514","0.434396286134474","1.21490025004422","0.857181047830445","0.309154328088094","1","0.970119755345468","0.877183500375987","0.893051211326184","15_05"
"10.7911614983172","0.9553520726912","0.371995978612564","1.36061860653141","0.791161498317189","0.289919296595707","1","0.80459904160749","0.787634314202474","0.870648364780251","15_05"
"10.7718822570557","0.878117798417631","0.460480929914559","1.28867740366622","0.771882257055696","0.219715917719535","1","0.797811985010387","0.162389196760701","0.869239360163739","15_05"
"10.8362530391208","0.924219364731351","0.416934913583974","1.25567505669867","0.836253039120799","0.311478063791736","1","0.951466239190847","0.918091095286053","0.817571103865402","15_05"
"10.8421622358072","0.913252939814269","0.421541044397128","1.24127355409075","0.842162235807168","0.294043564515835","1","0.92305863842757","0.788603378337705","0.955718555206884","15_05"
"10.8571810478304","0.906186218053514","0.434396286134474","1.21490025004422","0.857181047830445","0.309154328088094","1","0.970119755345468","0.877183500375987","0.893051211326184","15_05"
"10.8000703954023","0.952597698006706","0.37300773319549","1.34362933537396","0.800070395402306","0.298647843370116","1","0.8224208601884","0.875825269667961","0.879405829217958","15_05"
"10.7850440817395","0.949874114082843","0.375434492084333","1.36371998828092","0.785044081739491","0.271964176911921","1","0.791406453227416","0.664201692910865","0.857365632283711","15_05"
"10.845272962606","0.911367623868989","0.425159880732045","1.23547841406478","0.845272962605959","0.297647730001774","1","0.934259707883813","0.812285155186434","0.953161991035438","15_05"
"10.7953283597953","0.842327704660602","0.504209391605843","1.2117323848026","0.795328359795305","0.206976347557707","1","0.912543970265979","0.0715024236124009","0.783918123581536","15_05"
"10.8392310337423","0.923470550752912","0.414024847198282","1.26019044230057","0.839231033742305","0.306190046643232","1","0.917136647419845","0.874882808836392","0.964866570663079","15_05"
"10.8562744283346","0.907431593837963","0.436459823076004","1.21652727268251","0.856274428334588","0.30849748509274","1","0.97018963384342","0.889561065347756","0.92536500417276","15_05"
"10.8571810478304","0.906186218053514","0.434396286134474","1.21490025004422","0.857181047830445","0.309154328088094","1","0.970119755345468","0.877183500375987","0.893051211326184","15_05"
"10.8132557894352","0.94113210195399","0.388325745277449","1.31381686570142","0.813255789435239","0.296270194881414","1","0.853292527475251","0.848868239458776","0.873707834426418","15_05"
"10.8426647486816","0.920845550372813","0.418103621164737","1.25081652941765","0.842664748681596","0.307957984320407","1","0.931907022427495","0.892516114218488","0.883563769081945","15_05"
"10.7301407048245","0.995229894899188","0.32344947474156","1.48101843815045","0.730140704824519","0.294659234555091","1","0.757308702334844","0.86887660627396","0.758070509458817","15_05"
"10.8478749967391","0.909866973440828","0.42656336710091","1.23286739104584","0.847874996739146","0.299244719701701","1","0.940169738664208","0.816513000362564","0.98326988083299","15_05"
"10.8454535999119","0.916918498506238","0.420633167576029","1.24107421146264","0.845453599911936","0.302055238099492","1","0.936310137402141","0.857546904428373","0.878748840630837","15_05"
"10.8493255713637","0.914998623031954","0.42562912969877","1.23610649113452","0.849325571363654","0.305532033986869","1","0.947554761222781","0.887567390023374","0.961589459725109","15_05"
"10.8394891607626","0.918682802127398","0.415447912735935","1.25542881902092","0.839489160762648","0.296884834693259","1","0.912836841368131","0.821138526067083","0.966176794356014","15_05"
"10.8528855631922","0.910972265532023","0.429457482768739","1.22662033539382","0.852885563192171","0.306431146227855","1","0.95739773224737","0.882773416068841","0.914990343680253","15_05"
"10.842695539427","0.918264813691066","0.423727088722008","1.24148610230262","0.842695539426965","0.309734177914465","1","0.949309626385528","0.903246511584634","0.852365135360838","15_05"
"10.8571810478304","0.906186218053514","0.434396286134474","1.21490025004422","0.857181047830445","0.309154328088094","1","0.970119755345469","0.877183500375987","0.893051211326184","15_05"
"10.8429799089813","0.918371844971909","0.420122362325995","1.24550247531838","0.842979908981316","0.306425070264119","1","0.933423673076172","0.874279752792287","0.950958889479916","15_05"
"10.3564037938342","1.1418755666903","0.133473118556194","1.97542220188648","0.356403793834239","0.289496805359217","1","0.27056393912062","0.854424462477066","0.881074781687491","15_05"
"10.8490468506202","0.910337114217404","0.42595212867023","1.23383398624723","0.849046850620188","0.29970566869762","1","0.941304428508016","0.821867839315794","0.914142081674499","15_05"
"10.8466073182551","0.913927934936296","0.421497771773398","1.23690547556759","0.846607318255125","0.301502362603929","1","0.940562530282851","0.84653243736864","0.883651560145468","15_05"
"10.8427977671899","0.918588205074771","0.41908925093895","1.24604678477971","0.842797767189887","0.306606304338519","1","0.932691699755456","0.874235143794264","0.885655108266729","15_05"
"10.8537571385305","0.906126113971891","0.431207348453473","1.22137608849841","0.853757138530494","0.301742486227055","1","0.960384715435036","0.854342590143871","0.905413786187571","15_05"
"10.8571810478304","0.906186218053514","0.434396286134474","1.21490025004422","0.857181047830445","0.309154328088094","1","0.970119755345469","0.877183500375987","0.893051211326184","15_05"
"10.3320950633027","1.14997087192038","0.122762382836687","2.00553711670244","0.332095063302672","0.293377805892205","1","0.249787741340697","0.889561065347756","0.92536500417276","15_05"
"10.8465234987379","0.911883519474244","0.423938599848405","1.23750891680252","0.846523498737877","0.298578362017276","1","0.934302486986608","0.818668782815057","0.924762808691191","15_05"
"10.8568761988997","0.904558928687628","0.440295813803337","1.20118832455599","0.856876198899692","0.318137860031376","1","0.998870778127526","0.948650810034842","0.988692583822751","15_05"
"10.8421922100838","0.91879753891728","0.41844514271446","1.24906000292122","0.842192210083834","0.302249610831574","1","0.927477242175497","0.855196029059646","0.931029770810375","15_05"
"10.8455661650684","0.913872075835961","0.425240424569657","1.2378710775847","0.845566165068415","0.293410624974561","1","0.941322576889185","0.779542023570255","0.839997822510619","15_05"
"10.8378909080751","0.923807465770734","0.414923602341741","1.25886264221759","0.837890908075095","0.307444250285977","1","0.920663842279922","0.885358107149817","0.964359634300376","15_05"
"10.8390194628559","0.922692141627975","0.419622809903557","1.24937788180852","0.839019462855921","0.310203701034535","1","0.952168552422853","0.906669845789658","0.825425788447671","15_05"
"10.8410248033694","0.920539667542544","0.417490505902991","1.25152037695582","0.841024803369401","0.306501534155838","1","0.926436133244979","0.874423893696453","0.962794250924018","15_05"
"10.8367256954473","0.918931922933193","0.415875009428055","1.25606977335954","0.836725695447303","0.29356430587269","1","0.908189562855934","0.796469893169767","0.980568303325042","15_05"
"10.8538761506715","0.909927119462764","0.430684059166436","1.22374737207195","0.853876150671478","0.307687876658808","1","0.96027678432088","0.881977474330519","0.93965032737104","15_05"
"10.8164896989187","0.941930900526512","0.385804970834985","1.31280396467883","0.816489698918704","0.298583195219322","1","0.855118720249767","0.871627277357697","0.885684264065111","15_05"
"10.8267670631066","0.843474399286599","0.508349743503909","1.17536246403854","0.826767063106592","0.216989811620905","1","0.918776154599576","0.17952779006552","0.905509760796027","15_05"
"10.8558880333945","0.907839880125152","0.435548628359891","1.21775149389828","0.855888033394485","0.307293818520861","1","0.969417442113462","0.888604749872383","0.885196526743915","15_05"
"10.5763530680096","1.06403916774011","0.234312552852075","1.69586244465838","0.576353068009589","0.290246875308013","1","0.48998980014585","0.857546904428373","0.878748840630837","15_05"
"10.8571810478304","0.906186218053514","0.434396286134474","1.21490025004422","0.857181047830445","0.309154328088094","1","0.970119755345468","0.877183500375987","0.893051211326184","15_05"
"10.8461707438668","0.915430717465737","0.42741100607977","1.2361133988112","0.846170743866788","0.30994185018524","1","0.9497113740281","0.902411973724793","0.926795428229673","15_05"
"10.8474762776632","0.913074209145755","0.424947456238832","1.23531445832384","0.847476277663167","0.303997292655336","1","0.944807261143542","0.864582338887091","0.962116673142395","15_05"
"10.843441211706","0.917195740423343","0.420563881431069","1.24450291765438","0.843441211705974","0.302060823871805","1","0.932521528392384","0.853789717928898","0.911040534161766","15_05"
"10.4264664933943","1.12008555455721","0.163040212464512","1.89230358427489","0.426466493394322","0.291947139226633","1","0.33364394819364","0.877092091709948","0.962096396087813","15_05"
"10.864786598423","1.04576356132583","0.645794816823395","1.26245328531415","0.864786598423001","0.167926834025721","1","0.5","0.4","0.75","05_10"
"10.864786598423","1.04576356132583","0.645794816823395","1.26245328531415","0.864786598423001","0.167926834025721","1","0.5","0.4","0.75","05_10"
"10.6023674722918","1.22363906779709","0.419857116439322","1.75571533877173","0.602367472291805","0.17177043246549","1","0.2655086631421","0.380035179434344","0.79423986072652","05_10"
"0.067439068589133","0.0555933681413606","1.66781238316501","0.00685192330573648","0.067439068589133","0.276014245686055","0.002","0.37212389963679","0.777445221319795","0.107943625887856","05_10"
"10.9107858402063","1.02293750942869","0.701876098074351","1.17589348072911","0.910785840206255","0.196782268675897","1","0.572853363351896","0.934705231105909","0.723710946040228","05_10"
"0.0681763100722875","0.0571461198880605","1.65086394866019","0.00703280754751785","0.0681763100722875","0.273590737599415","0.0508","0.908207789994776","0.212142521282658","0.411274429643527","05_10"
"10.4950433335217","1.27459475179487","0.351097240669522","1.91912074277644","0.495043333521704","0.185499642635592","1","0.201681931037456","0.651673766085878","0.820946294115856","05_10"
"0.938942798844578","0.760889739306981","0.994930521770811","0.71912197600412","0.938942798844578","0.165665612571795","0.8274","0.898389684967697","0.125555095961317","0.647060193819925","05_10"
"0.938276212080683","0.707134840252122","1.07567913590421","0.614494703232091","0.938276212080683","0.175302737996939","0.8266","0.944675268605351","0.267220668727532","0.78293276228942","05_10"
"0.629871214184705","0.638600181193159","1.16570518910128","0.597315613843712","0.629871214184705","0.242543138427612","0.514","0.660797792486846","0.386114092543721","0.553036311641335","05_10"
"0.0941251760925608","0.075440629214067","1.48185339604235","0.00965023337942858","0.0941251760925608","0.253546144725389","0.3698","0.62911404389888","0.0133903331588954","0.529719580197707","05_10"
"10.1686166828498","1.31083637234035","0.29761546209846","2.276176752982","0.168616682849788","0.179675212398632","1","0.0617862704675645","0.382387957070023","0.789356231689453","05_10"
"0.067439068589133","0.0555933681413606","1.66781238316501","0.00685192330573648","0.067439068589133","0.276097154929233","0","0.205974574899301","0.86969084572047","0.023331202333793","05_10"
"0.0735935800989934","0.0611956735626024","1.61304074047831","0.00756449423443464","0.0735935800989934","0.269212679771906","0.18","0.176556752528995","0.34034899668768","0.477230065036565","05_10"
"5.94570674707525","0.899560284168363","0.836584609106878","0.96638304892542","0.945706747075246","0.173557410996033","1","0.687022846657783","0.482080115471035","0.7323137386702","05_10"
"10.7412712374074","1.15672838593401","0.511588136129738","1.52669186471385","0.741271237407445","0.175380432412064","1","0.384103718213737","0.599565825425088","0.692731556482613","05_10"
"0.0735935800989934","0.0611956735626024","1.61429379745293","0.00756449423443464","0.0735935800989934","0.269212679771906","0.1628","0.769841419998556","0.493541307048872","0.477619622135535","05_10"
"10.8769497251642","1.02359097152541","0.669821716442469","1.23344118246199","0.876949725164178","0.164789296232273","1","0.497699242085218","0.186217601411045","0.8612094768323","05_10"
"0.0699449975919506","0.058175037368291","1.64520793591118","0.00725077935223979","0.0699449975919506","0.2735416875938","0.1034","0.717618508264422","0.827373318606988","0.438097107224166","05_10"
"0.0675214035402415","0.0557349983686985","1.66606293068782","0.00688033568024865","0.0675214035402415","0.27584918908231","0.0064","0.991906094830483","0.668466738192365","0.244797277031466","05_10"
"0.067439068589133","0.0555933681413606","1.66781238316501","0.00685192330573648","0.067439068589133","0.276014245686055","0.002","0.1","0.1","0.1","05_10"
"0.0675214035402415","0.0556347478034923","1.66781238316501","0.00688033568024865","0.0675214035402415","0.27584918908231","0.004","0.2","0.2","0.2","05_10"
"0.0675214035402415","0.055935411586825","1.66436239995646","0.00688033568024865","0.0675214035402415","0.275688961407326","0.016","0.3","0.3","0.3","05_10"
"0.0681504164302648","0.0571461198880605","1.65150642442866","0.00703040738639103","0.0681504164302648","0.273853385721774","0.062","0.4","0.4","0.4","05_10"
"0.0793620603432844","0.0663649471688069","1.56006521675972","0.00811908212115569","0.0793620603432844","0.264947588343896","0.261","0.5","0.5","0.5","05_10"
"5.83995644584594","0.952377606133506","0.756197753220203","1.08767001372852","0.839956445845936","0.188028694325308","0.8322","0.6","0.6","0.6","05_10"
"5.94909680845749","0.907423118193602","0.826509955572241","0.978953675958744","0.949096808457494","0.186938757178109","0.9994","0.7","0.7","0.7","05_10"
"5.95837550748981","0.815360806395374","0.943967099208396","0.806796362778923","0.958375507489813","0.206795941895969","0.9918","0.8","0.8","0.8","05_10"
"0.939565593025065","0.74945241644767","1.02613890108352","0.693227177271776","0.939565593025065","0.234903785610356","0.9384","0.9","0.9","0.9","05_10"
"0.912814676748287","0.707046781325473","1.08145327215458","0.629108211063428","0.912814676748287","0.261489541694656","0.852","1","1","1","05_10"
"10.8442803130063","1.09013145742538","0.604443655487843","1.33866474700551","0.844280313006303","0.187716161944471","1","0.476292143960546","0.834096698579582","0.722883272929816","05_10"
"10.9277394431521","0.952646314821328","0.770359273893328","1.06752936291511","0.927739443152107","0.171980256571814","1","0.625167876455475","0.497792524930008","0.719422537405205","05_10"
"10.8746701203795","1.0345816418348","0.662263134461967","1.24297043766525","0.874670120379494","0.168409299628911","1","0.516254573253029","0.404444382071439","0.737250968580948","05_10"
"10.9107858402063","1.02293750942869","0.701876098074351","1.17589348072911","0.910785840206255","0.196782268675897","1","0.572853363351896","0.934705231105909","0.723710946040228","05_10"
"10.864786598423","1.04576356132583","0.645794816823395","1.26245328531415","0.864786598423001","0.167926834025721","1","0.5","0.4","0.75","05_10"
"0.0941251760925608","0.075440629214067","1.48185339604235","0.00965023337942858","0.0941251760925608","0.253546144725389","0.3698","0.62911404389888","0.0133903331588954","0.529719580197707","05_10"
"5.95837550748981","0.815360806395374","0.943967099208396","0.806796362778923","0.958375507489813","0.206795941895969","0.9918","0.8","0.8","0.8","05_10"
"10.6041804175396","1.21772307065751","0.422104139508477","1.74801507813307","0.604180417539599","0.170809885091511","1","0.276279771680399","0.371341528489272","0.724950034949427","05_10"
"10.8769497251642","1.02359097152541","0.669821716442469","1.23344118246199","0.876949725164178","0.164789296232273","1","0.497699242085218","0.186217601411045","0.8612094768323","05_10"
"10.8336561471751","1.08928299142","0.605294746479149","1.33871549390127","0.833656147175092","0.179303429794555","1","0.480664937605088","0.700174357951415","0.693559229593026","05_10"
"10.6493263074755","1.21204064206877","0.434991996600242","1.6858592842266","0.649326307475454","0.179712163846431","1","0.304400331241373","0.601832182618514","0.724851472850557","05_10"
"10.864786598423","1.04576356132583","0.645794816823395","1.26245328531415","0.864786598423001","0.167926834025721","1","0.5","0.4","0.75","05_10"
"10.76845130032","1.13742093959558","0.536138800590096","1.4844545472213","0.768451300319975","0.171880374939186","1","0.407612066762772","0.548532296775939","0.697543581903594","05_10"
"5.95603262365462","0.876321238986955","0.868830932218929","0.916990174412967","0.956032623654617","0.182577502317465","0.9996","0.704060164279465","0.618116984380141","0.799588696559187","05_10"
"0.637987008399811","0.70528681268626","1.10121245591959","0.698462082367528","0.637987008399811","0.240454462271591","0.5322","0.616103345501859","0.380787408822204","0.556553648111389","05_10"
"0.0675214035402415","0.0556347478034923","1.66781238316501","0.00688033568024865","0.0675214035402415","0.27584918908231","0.004","0.580233308328306","0.984872728871912","0.234661261551082","05_10"
"10.8458736530686","1.06918228997508","0.621176134332805","1.30907793145727","0.845873653068632","0.168463459105218","1","0.476491651450965","0.45103352864915","0.745187974579019","05_10"
"5.95571021043295","0.797186566474204","0.962876051230698","0.770779383347272","0.955710210432951","0.18025879540191","0.9834","0.788476503104903","0.451409854227677","0.883051916665863","05_10"
"10.9107858402063","1.02293750942869","0.701876098074351","1.17589348072911","0.910785840206255","0.196782268675897","1","0.572853363351896","0.934705231105909","0.723710946040228","05_10"
"10.8690926115906","1.03170355941945","0.659848393720415","1.25251128255811","0.869092611590602","0.164166476171184","1","0.513010698397022","0.032602924336691","0.723165932086318","05_10"
"10.3999611213225","1.28874965164276","0.326361669454609","2.03590375507284","0.399961121322519","0.184030403423496","1","0.1577261061881","0.564270972689882","0.789767535130266","05_10"
"5.94207437698855","0.903198543253073","0.823347727370793","0.978717219099585","0.942074376988548","0.173279873498614","1","0.670768273404754","0.477635733399597","0.745062770089252","05_10"
"5.95746742623368","0.798950792012281","0.961542272063719","0.781790030072314","0.957467426233681","0.191509317208131","0.9858","0.803870409885431","0.614693096553176","0.805161274085899","05_10"
"10.8117380335465","1.11032893097611","0.577698270744916","1.40156674269243","0.811738033546528","0.173100882817749","1","0.445958688416045","0.583853415966116","0.705622757747608","05_10"
"10.3779078262899","1.28873279892121","0.329379312379042","2.0530649329223","0.377907826289873","0.176314878712032","1","0.153150226837271","0.437018116245291","0.74072936426764","05_10"
"10.6339129064184","1.20770697377532","0.43744539524594","1.70467057248162","0.633912906418404","0.171937467874821","1","0.29273976184403","0.431016370421275","0.741358423904426","05_10"
"0.0677596899583754","0.0561877643832247","1.66185347412055","0.0069321152326349","0.0677596899583754","0.275653142783369","0.024","0.497281599796083","0.649841583467364","0.325278303353116","05_10"
"0.0678962398582421","0.0566814216739573","1.6569399877531","0.00697597195149256","0.0678962398582421","0.275077584811094","0.044","0.0855064987871655","0.311046428580751","0.364406196740027","05_10"
"10.864786598423","1.04576356132583","0.645794816823395","1.26245328531415","0.864786598423001","0.167926834025721","1","0.5","0.4","0.75","05_10"
"5.96294957506193","0.881883935984744","0.865414129510351","0.917078964231125","0.96294957506193","0.213167417562878","0.9992","0.711523496895097","0.948590145772323","0.866948083334137","05_10"
"10.8458736530686","1.06918228997508","0.621176134332805","1.30907793145727","0.845873653068632","0.168463459105218","1","0.476491651450965","0.45103352864915","0.745187974579019","05_10"
"5.95420574080504","0.857013726703956","0.890123807137691","0.884408664919003","0.954205740805036","0.175113308442363","0.9986","0.711544304267125","0.433692099741893","0.833932348550997","05_10"
"10.9406830933498","0.918305040730964","0.809829037881066","1.01207771726838","0.94068309334976","0.169450691865114","1","0.660632772797668","0.423812753910477","0.728545615834158","05_10"
"10.8458736530686","1.06918228997508","0.621176134332805","1.30907793145727","0.845873653068632","0.168463459105218","1","0.476491651450965","0.45103352864915","0.745187974579019","05_10"
"10.8247661418677","1.1048727016862","0.584933100040795","1.38182831143413","0.824766141867714","0.177013724693016","1","0.456298780534864","0.659516428921628","0.710364910356537","05_10"
"10.86567353549","1.07313544157659","0.627516183076138","1.2984426398856","0.86567353549002","0.1893080518406","1","0.500682245139794","0.861793688483197","0.723114325243762","05_10"
"10.8204963310728","1.10009220803516","0.584816791834693","1.38042189792349","0.820496331072815","0.174521187630094","1","0.450740402474582","0.598610813964684","0.72609534781484","05_10"
"10.708969458755","1.18794063087964","0.471072180255679","1.59028953380768","0.708969458755035","0.183133316498541","1","0.347731724288559","0.722553357586723","0.724173022659601","05_10"
"10.8256728994656","1.08682153338219","0.593272089059405","1.3616317758495","0.825672899465569","0.166463622550775","1","0.449332652995808","0.387800459652159","0.749146790690505","05_10"
"10.8887225484134","1.02242872238912","0.682458887417252","1.20678186139335","0.888722548413436","0.171535888136173","1","0.541948456770075","0.547802763536973","0.724909446242448","05_10"
"10.901218637923","1.0284869157361","0.695831185634449","1.18829057072024","0.901218637922994","0.191269417280129","1","0.562513271233077","0.859042218150397","0.718968793431299","05_10"
"10.9127870975201","0.971077437326361","0.742371499507201","1.10793502463139","0.91278709752014","0.16609025838614","1","0.576932198837778","0.417717754485784","0.799119568114866","05_10"
"10.9223463936195","0.981354168501152","0.742444949212733","1.10917682874694","0.922346393619497","0.183537065469216","1","0.603693634294241","0.70748826934959","0.720088807150103","05_10"
"10.7248997183437","1.16351445322496","0.497871940833349","1.55818642446457","0.724899718343657","0.169541448375888","1","0.356575996456298","0.435234931914679","0.747746220751195","05_10"
"10.5123988752832","1.25891365175505","0.371137677940008","1.88332002857751","0.512398875283184","0.176937348595153","1","0.222245302044948","0.484408364191181","0.729673730301007","05_10"
"10.6410634536443","1.2022804117842","0.442854227515013","1.69441250365912","0.64106345364433","0.171518500356484","1","0.296574230380973","0.401783184330612","0.742983143516445","05_10"
"10.7754536859214","1.13392608872015","0.540818185917841","1.46930852629944","0.775453685921365","0.169524372921111","1","0.404840191352385","0.48288486948213","0.723660285219641","05_10"
"10.9277394431521","0.952646314821328","0.770359273893328","1.06752936291511","0.927739443152107","0.171980256571814","1","0.625167876455475","0.497792524930008","0.719422537405205","05_10"
"10.8829014144856","1.02589208036474","0.679473963757506","1.22513111730094","0.882901414485571","0.16901882774796","1","0.53643188339745","0.478365266638562","0.717696905750399","05_10"
"10.9190108674347","0.984145243433852","0.731311512006888","1.12754037475023","0.919010867434695","0.184185858621877","1","0.59432760551313","0.725009486686326","0.72304467629533","05_10"
"10.4694237285786","1.27910196704833","0.343737460565505","1.94766184718148","0.469423728578552","0.184581612522699","1","0.195262245625004","0.641406444087662","0.756279352340062","05_10"
"10.6343432766234","1.20765289293778","0.437720806919744","1.70316475358832","0.634343276623443","0.171716923713903","1","0.291970137276566","0.409936394233313","0.748881878781238","05_10"
"10.5389412981278","1.25363962206234","0.379759227481575","1.85082681736449","0.538941298127771","0.178675257797991","1","0.235305256033696","0.554441934672624","0.73590710681719","05_10"
"5.95822090646563","0.839053493529804","0.913199632511243","0.847632240477852","0.958220906465634","0.1856330099034","0.9954","0.757887981212267","0.595611672157629","0.784450011927578","05_10"
"10.6781938704962","1.18823339643527","0.465369787396489","1.63258939274946","0.678193870496213","0.169860611799609","1","0.326947118684591","0.383541068837113","0.725803244258921","05_10"
"10.6242877832218","1.21294386452089","0.432469078475455","1.71882852054172","0.624287783221789","0.171911976697507","1","0.286415272287484","0.425164507978391","0.74146718920452","05_10"
"10.7206221729774","1.16630462485864","0.495819111616223","1.56367710155716","0.720622172977381","0.168643397644334","1","0.353659928766791","0.40322136865383","0.748756125035717","05_10"
"10.9107858402063","1.02293750942869","0.701876098074351","1.17589348072911","0.910785840206255","0.196782268675897","1","0.572853363351896","0.934705231105909","0.723710946040228","05_10"
"10.8887340844685","1.03094410543065","0.676978805644246","1.21016741828676","0.888734084468517","0.184876041287908","1","0.55283605581719","0.773085900574128","0.694155850389492","05_10"
"10.7291435505563","1.15715882352174","0.50292334903474","1.54922511895038","0.729143550556277","0.168715127782121","1","0.361180089560705","0.427081722011979","0.741847485486402","05_10"
"10.8802040524928","1.03402096818513","0.672519100707449","1.23566280052874","0.880204052492783","0.170407595508283","1","0.529805774273177","0.523453063513046","0.719075956966794","05_10"
"10.7542209513978","1.16714959550558","0.500791988596238","1.51923814369704","0.754220951397767","0.188016512872905","1","0.380627896015747","0.831371055889567","0.736471407390098","05_10"
"10.8010059652494","1.1244182847741","0.555535880976709","1.42959031882104","0.801005965249373","0.180358706118514","1","0.426689311513565","0.713427766284816","0.729525545321715","05_10"
"10.9079282559415","1.02244138372463","0.706556147131636","1.17429655502726","0.907928255941536","0.196473942126754","1","0.572648810156869","0.92373026180278","0.720386833098642","05_10"
"10.7692364744248","1.16337615523484","0.516611158205858","1.50016633043054","0.769236474424812","0.191036139724584","1","0.400578508992867","0.894768048776314","0.704268288571586","05_10"
"10.9406830933498","0.918305040730964","0.809829037881066","1.01207771726838","0.94068309334976","0.169450691865114","1","0.660632772797668","0.423812753910477","0.728545615834158","05_10"
"10.7718400986693","1.13232568600723","0.535695895130447","1.47865634948284","0.771840098669285","0.168827699060236","1","0.397534064225959","0.460159119951057","0.739835451916905","05_10"
"10.777802738521","1.12811618789482","0.542315098552359","1.46425350557928","0.777802738520952","0.167992074099795","1","0.406469621411531","0.455587140572021","0.728110107058185","05_10"
"10.8268343708687","1.09038973482286","0.59399830085436","1.36258892726197","0.826834370868656","0.168851129093584","1","0.452927313423421","0.471804642121567","0.738735395570393","05_10"
"10.7818850744573","1.14688262751638","0.528915152933164","1.46653308780353","0.781885074457335","0.188906951504096","1","0.408477128109254","0.849122154695364","0.734290587204111","05_10"
"10.6847958651478","1.1864903199812","0.468462700651957","1.62493122794691","0.684795865147795","0.171624461091136","1","0.327025860083433","0.457714665370537","0.742733193686082","05_10"
"10.8689314889058","1.06735901239061","0.639512134658717","1.28449038498148","0.868931488905754","0.186637000299508","1","0.507308354264068","0.816705891608713","0.721735274027366","05_10"
"10.8768840375052","1.06145146875835","0.642257788490476","1.26875298589798","0.87688403750517","0.187189476552796","1","0.51462826149827","0.832818532754818","0.724291042070438","05_10"
"10.941255465534","0.925286806252273","0.804426250127338","1.01716061251352","0.941255465534009","0.178100230506734","1","0.659870361063285","0.55776456394949","0.727883862890903","05_10"
"10.771954911388","1.14208152092616","0.527128368684963","1.47806408756049","0.771954911387973","0.176024743896334","1","0.399681491276338","0.640025011083169","0.725327465653307","05_10"
"0.0681504164302648","0.0571461198880605","1.65150642442866","0.00703040738639103","0.0681504164302648","0.274548702718709","0.062","0.245809640072492","0.463637250718764","0.399409950012341","05_10"
"10.6509178001397","1.20549967023529","0.44301837611293","1.67829340898116","0.650917800139676","0.173338449846017","1","0.306502145583073","0.482426664758095","0.728789179415276","05_10"
"10.8694233038973","1.05201692360972","0.648487977938344","1.25803285350248","0.869423303897341","0.175100529886322","1","0.508833543280622","0.629021862207773","0.737633782569101","05_10"
"10.8284323361016","1.10351669385297","0.588718057374048","1.37757760620366","0.828432336101608","0.177166506886352","1","0.456503333729891","0.670491398224757","0.713689023298123","05_10"
"10.8377213707044","1.07907183567911","0.605264613453227","1.33848003048842","0.837721370704367","0.174062955427013","1","0.467650613396887","0.596346467458932","0.734778145155151","05_10"
"10.9277394431521","0.952646314821328","0.770359273893328","1.06752936291511","0.927739443152107","0.171980256571814","1","0.625167876455475","0.497792524930008","0.719422537405205","05_10"
"10.8813233534558","1.03641585274082","0.667384006524845","1.23359049422825","0.881323353455784","0.173144344900733","1","0.528002440411599","0.576777919265353","0.723732729415772","05_10"
"10.9077715244175","0.984065768494074","0.726032869905517","1.14347629567921","0.907771524417471","0.166757528475043","1","0.576375929259543","0.425794453343563","0.729430166719889","05_10"
"10.7161188255739","1.17558685677415","0.480050380186358","1.57978831685712","0.716118825573907","0.177457678080017","1","0.350728126728034","0.643368025170523","0.739813616643031","05_10"
"10.758248038807","1.14785584452741","0.521991906036352","1.50749780136118","0.758248038806983","0.171883096520436","1","0.384771047401228","0.547760797951236","0.738361887710127","05_10"
"10.7192073446198","1.17344192155432","0.488497606823486","1.5737616346471","0.719207344619768","0.172491648285392","1","0.352779508683592","0.542852501558737","0.740923744590116","05_10"
"10.8920313899437","1.01231266022916","0.695832568410816","1.18976781698386","0.892031389943734","0.169305422125877","1","0.558024033603371","0.509482676707052","0.702794912969694","05_10"
"10.7159974656648","1.17417765000928","0.489480944819035","1.57553083467331","0.715997465664831","0.172370988900246","1","0.353579594016824","0.51442026433088","0.732105626767764","05_10"
"10.9177214697447","0.978842590277258","0.738738411527552","1.12026069992361","0.917721469744689","0.176535143531249","1","0.595090017247513","0.591057676647313","0.723706429238586","05_10"
"10.7380011669206","1.17916954702622","0.490998217025283","1.54790498222773","0.738001166920556","0.189405836885862","1","0.368489258515316","0.828443923052687","0.725063844214197","05_10"
"10.7079533623493","1.18549932094468","0.468085195788031","1.60438907035845","0.707953362349318","0.180070833995413","1","0.330210471069036","0.691357312594069","0.825511928880587","05_10"
"10.7494789701305","1.15303821171477","0.512142377211859","1.51558392015333","0.749478970130502","0.173551723140482","1","0.380305766909528","0.570804580463521","0.730858958356448","05_10"
"10.8578711766836","1.07004880587328","0.631506078737125","1.29858195802739","0.857871176683603","0.178494575063781","1","0.496586994788659","0.682301298176315","0.720303178668582","05_10"
"10.7393194894213","1.15988360048083","0.503615138003157","1.53316973143426","0.73931948942135","0.174800109021576","1","0.372955318383634","0.583640694950528","0.726574134064623","05_10"
"10.8768840375052","1.06145146875835","0.642257788490476","1.26875298589798","0.87688403750517","0.187189476552796","1","0.51462826149827","0.832818532754818","0.724291042070438","05_10"
"10.7768450521829","1.1271753998342","0.542503433347587","1.46615315882412","0.776845052182908","0.168331967510734","1","0.403120538608151","0.459600323080597","0.736540960497336","05_10"
"10.9186567701702","0.970017565115983","0.74708810013787","1.10617586215492","0.918656770170229","0.170336582756579","1","0.603134437997818","0.500215204929932","0.719631833596272","05_10"
"10.9273894451614","0.954837780136446","0.766867185266113","1.07716275525281","0.927389445161355","0.168627732457916","1","0.617367993381427","0.441623684062983","0.728358869413417","05_10"
"10.7773044754892","1.13600645050459","0.535475237202893","1.46687852331235","0.77730447548922","0.175673036974521","1","0.405408680200106","0.60151609792804","0.726745012137593","05_10"
"10.7678592177122","1.13458625117263","0.533816559021297","1.479435150872","0.767859217712248","0.168469868282476","1","0.39784826515664","0.459601496274342","0.72951703120731","05_10"
"10.9406830933498","0.918305040730964","0.809829037881066","1.01207771726838","0.94068309334976","0.169450691865114","1","0.660632772797668","0.423812753910477","0.728545615834158","05_10"
"10.7225168004225","1.18028682386825","0.47779820216393","1.57641755421125","0.722516800422518","0.182388093714215","1","0.354261635042652","0.722118173108312","0.737929334274697","05_10"
"10.8199409001974","1.09099406665739","0.58722465231038","1.37699148501932","0.819940900197399","0.167611993769239","1","0.449734400827772","0.437776210419516","0.728296853478926","05_10"
"10.7711808108466","1.13067247136827","0.538558800681187","1.47375154438345","0.771180810846587","0.16840032012504","1","0.400883147029339","0.456145937442481","0.731404598477753","05_10"
"10.726240496285","1.16481079219241","0.497264137424491","1.55502354898313","0.726240496284967","0.17230544830879","1","0.360157652442189","0.524708870021442","0.735956214668989","05_10"
"10.7423037810806","1.15988886967364","0.510586947356154","1.53023985540427","0.742303781080583","0.172246975363045","1","0.374342188814218","0.527854258216899","0.734526566310501","05_10"
"10.8259541280211","1.09627854663255","0.591850649885239","1.36882096788387","0.825954128021139","0.172831203002315","1","0.456319250171711","0.576517026074306","0.724372372663774","05_10"
"10.9269547358605","0.960312303147076","0.762592527663515","1.08330224618119","0.926954735860469","0.17875977718117","1","0.61712345570517","0.588634996647389","0.723497133047519","05_10"
"10.7897081239272","1.12963077358127","0.543920338611841","1.45108194583768","0.789708123927247","0.178776338251353","1","0.413846675500264","0.672522821226298","0.73524418568831","05_10"
"10.9181500215665","0.982469613811308","0.737782652720218","1.12181300814999","0.918150021566452","0.177684629766389","1","0.595134997530931","0.603164622354595","0.725013375441167","05_10"
"10.7496224302524","1.15592207623635","0.510609166409668","1.52035139523177","0.749622430252399","0.175574505267345","1","0.377443285030144","0.597728408666034","0.741505453791591","05_10"
"10.7313961712431","1.16178991883116","0.501106086846208","1.54700657728975","0.731396171243084","0.172284100359645","1","0.364008452603833","0.534326804065217","0.735940948167391","05_10"
"10.7700596733438","1.13624144242987","0.53749066794331","1.47623368949071","0.770059673343793","0.169287366702622","1","0.399091477652934","0.473730772109316","0.733077636979311","05_10"
"0.0827963831188938","0.068384110177477","1.53999300107388","0.00842871581841943","0.0827963831188938","0.263008383910233","0.2934","0.491550275759394","0.557393152131745","0.511992958607152","05_10"
"10.7516910725138","1.15650376279323","0.508691024300179","1.52354625708885","0.751691072513783","0.17688491222804","1","0.379145769656687","0.652105384339992","0.739465817705516","05_10"
"10.7810351344004","1.12498311867377","0.545757674893704","1.45913971525828","0.781035134400439","0.16856084596757","1","0.406155420480851","0.456144764248737","0.738428527767779","05_10"
"10.8886896865783","1.02251258427999","0.684094817196625","1.20932188511037","0.888689686578265","0.170508301842227","1","0.538866422205166","0.523649764783185","0.732042944533138","05_10"
"10.7717386029029","1.13863258714314","0.534949605496742","1.47590453894518","0.771738602902923","0.169805590623989","1","0.400742432487763","0.49409605372715","0.726692560573899","05_10"
"10.8768840375052","1.06145146875835","0.642257788490476","1.26875298589798","0.87688403750517","0.187189476552796","1","0.51462826149827","0.832818532754818","0.724291042070438","05_10"
"10.941255465534","0.925286806252273","0.804426250127338","1.01716061251352","0.941255465534009","0.178100230506734","1","0.659870361063285","0.55776456394949","0.727883862890903","05_10"
"10.627752589213","1.22001493678846","0.422019994306231","1.72270144912337","0.627752589213002","0.180176364426384","1","0.289980886038393","0.60151609792804","0.726745012137593","05_10"
"10.7243622450093","1.16740955693429","0.493087909834192","1.56287202402134","0.724362245009275","0.173616005490803","1","0.357190532466234","0.555391893627404","0.736229154252036","05_10"
"10.941255465534","0.925286806252273","0.804426250127338","1.01716061251352","0.941255465534009","0.178100230506734","1","0.659870361063285","0.55776456394949","0.727883862890903","05_10"
"10.8293761220846","1.10198660398531","0.586454995431787","1.36647778452603","0.829376122084639","0.180801102971775","1","0.457920237379129","0.717563736063966","0.725127284968467","05_10"
"0.0675214035402415","0.0556347478034923","1.66781238316501","0.00688033568024865","0.0675214035402415","0.27584918908231","0.004","0.446879724377486","0.589169448708247","0.166742393514141","05_10"
"10.8165379735431","1.09956047987581","0.581899608765397","1.38690387238862","0.816537973543109","0.168583653971167","1","0.445183530735554","0.483623169079906","0.728368639040501","05_10"
"10.941255465534","0.925286806252273","0.804426250127338","1.01716061251352","0.941255465534009","0.178100230506734","1","0.659870361063285","0.55776456394949","0.727883862890903","05_10"
"10.7419709832408","1.16656348702591","0.498162986194754","1.5380293162439","0.741970983240849","0.178754110920474","1","0.371042021204541","0.673815344252948","0.734914201481875","05_10"
"10.9341562162429","0.938996818829424","0.785749860736447","1.04753433564339","0.934156216242886","0.175632670476158","1","0.637005012460406","0.533367071971981","0.733534266182566","05_10"
"10.7570250193412","1.15848205726892","0.511027643443985","1.50456787399842","0.757025019341217","0.181464059558884","1","0.387016316322471","0.718475604692427","0.725157023680756","05_10"
"10.7806624247832","1.13324618611248","0.543450136274875","1.46180028231441","0.780662424783235","0.170412676287108","1","0.405689522358494","0.530391122465545","0.737658615620714","05_10"
"10.8126958396216","1.12124091994954","0.563775928777501","1.40884023277223","0.812695839621571","0.184985005728263","1","0.435853793775829","0.767360181030843","0.738629574807487","05_10"
"10.8279683995801","1.09175785201463","0.592755362707022","1.36458804001818","0.827968399580067","0.168685379978501","1","0.456145472061083","0.463695957748634","0.727546464058202","05_10"
"10.7778952748157","1.13540209307048","0.53932145770087","1.46646388212682","0.777895274815674","0.170714763959868","1","0.405874578322463","0.527269739711232","0.727514924284657","05_10"
"10.7745720937273","1.13227739829268","0.539478730472755","1.47086925344358","0.774572093727282","0.169790067050629","1","0.401071045367406","0.488174090604531","0.736516803443184","05_10"
"10.8807243087837","1.04216003415697","0.658034940803238","1.24357210386688","0.880724308783748","0.18180033141425","1","0.524505366370336","0.721583721047455","0.729596973946657","05_10"
"10.7286945777969","1.17313045547432","0.489391872524762","1.55967456917606","0.728694577796943","0.178476325954346","1","0.360533316025275","0.660166529719137","0.735023794874431","05_10"
"10.8722894543432","1.06350545130028","0.636237549293066","1.27909950203011","0.872289454343166","0.18628974371082","1","0.508217190264958","0.8068987854257","0.725041431491161","05_10"
"10.8268086007937","1.10873023190529","0.58097455349608","1.37359759711505","0.826808600793714","0.183835646449441","1","0.454725695299095","0.763577259220336","0.72439794103587","05_10"
"10.7308652396932","1.17569642401759","0.48560806117324","1.55958384877569","0.730865239693233","0.180713938333871","1","0.361079555180251","0.701053083546126","0.737641128190051","05_10"
"10.8644038126414","1.06469455010552","0.634182213352627","1.28732937300559","0.864403812641392","0.179065360719149","1","0.500567263559433","0.697983623012918","0.725708152454305","05_10"
"10.8199409001974","1.09099406665739","0.58722465231038","1.37699148501932","0.819940900197399","0.167611993769239","1","0.449734400827772","0.437776210419516","0.728296853478926","05_10"
"10.9192837303499","0.975646565703386","0.740719105744826","1.11711457983497","0.919283730349888","0.17517356417341","1","0.594935515507319","0.569834273168231","0.732175281497009","05_10"
"10.7290111453679","1.16725946614494","0.496071574629384","1.55094635688366","0.729011145367947","0.17315918830628","1","0.364207934627445","0.567657153251582","0.728779042111549","05_10"
"10.726193586175","1.1695153197039","0.493114066503004","1.56293262011207","0.726193586174997","0.174313141419472","1","0.357561802652328","0.576157087072264","0.737541699103322","05_10"
"10.9406830933498","0.918305040730964","0.809829037881066","1.01207771726838","0.94068309334976","0.169450691865114","1","0.660632772797668","0.423812753910477","0.728545615834158","05_10"
"10.9269547358605","0.960312303147076","0.762592527663515","1.08330224618119","0.926954735860469","0.17875977718117","1","0.61712345570517","0.588634996647389","0.723497133047519","05_10"
"10.8302797200578","1.09219538930277","0.59933308667401","1.35698339845187","0.830279720057766","0.171169599392148","1","0.458994043852109","0.542972045643798","0.732970738013879","05_10"
"10.8429803729751","1.09458587544807","0.599422670131089","1.34505122852818","0.842980372975144","0.186615037233602","1","0.470327877792055","0.805341301117393","0.727327001507689","05_10"
"10.7342115269543","1.16565828387236","0.495169085045412","1.54709951744227","0.734211526954284","0.178243794266073","1","0.36668363740101","0.645592338339704","0.72947967346489","05_10"
"10.9138197801207","0.976397810537265","0.733777649099809","1.12937768288451","0.913819780120691","0.16322193560978","1","0.581485590731598","0.10212059924379","0.732907419495071","05_10"
"10.8191059269201","1.10992575961709","0.575275576726864","1.38609365192546","0.819105926920139","0.178644190004596","1","0.445526654032752","0.699893760297447","0.733566125798038","05_10"
"10.7897041908704","1.13079661529496","0.54354055733786","1.45060705931031","0.78970419087042","0.18029837765365","1","0.416120164706932","0.699142946261597","0.729783154846319","05_10"
"10.7645541606818","1.15131055289814","0.518519392847025","1.49261319238566","0.764554160681807","0.18201082174027","1","0.393100851571291","0.717064118233448","0.727349428636935","05_10"
"10.9095309419119","0.98870525716714","0.723023485359029","1.14474370056428","0.909530941911911","0.167629609460105","1","0.576440071273012","0.471133272852687","0.727731553653956","05_10"
"10.8709711716173","1.04094108098475","0.655749323930938","1.25833573083253","0.870971171617292","0.169296548034383","1","0.510907634436938","0.486807994073292","0.732659708803516","05_10"
"10.9240494483577","0.962154043476373","0.75776090969752","1.09213606332147","0.924049448357679","0.169389137365509","1","0.608719182212839","0.479976805480984","0.728856645044522","05_10"
"10.8293761220846","1.10198660398531","0.586454995431787","1.36647778452603","0.829376122084639","0.180801102971775","1","0.457920237379129","0.717563736063966","0.725127284968467","05_10"
"10.8293761220846","1.10198660398531","0.586454995431787","1.36647778452603","0.829376122084639","0.180801102971775","1","0.457920237379129","0.717563736063966","0.725127284968467","05_10"
"10.8976694593576","1.01664355481049","0.687886293894907","1.19585795866244","0.897669459357562","0.178618213768932","1","0.550739745200254","0.665886532338202","0.729647459760613","05_10"
"10.7827642002438","1.13802718265904","0.533527218441671","1.46146706175423","0.782764200243849","0.178756452720255","1","0.408494068088682","0.684760921380339","0.72604578778141","05_10"
"10.8882034903862","1.02314131957257","0.681697952307761","1.21220322490163","0.888203490386218","0.171243108704926","1","0.539575761851357","0.550327248845437","0.727698773295149","05_10"
"10.7899937759587","1.13101531192604","0.544322068656174","1.44898643806967","0.789993775958691","0.178861489628219","1","0.416109806691456","0.678395153023331","0.728561170651947","05_10"
"10.8293761220846","1.10198660398531","0.586454995431787","1.36647778452603","0.829376122084639","0.180801102971775","1","0.457920237379129","0.717563736063966","0.725127284968467","05_10"
"10.8268086007937","1.10873023190529","0.58097455349608","1.37359759711505","0.826808600793714","0.183835646449441","1","0.454725695299095","0.763577259220336","0.72439794103587","05_10"
"10.8644038126414","1.06469455010552","0.634182213352627","1.28732937300559","0.864403812641392","0.179065360719149","1","0.500567263559433","0.697983623012918","0.725708152454305","05_10"
"10.796700159638","1.12754922630996","0.546959788723054","1.43402098539412","0.796700159638001","0.183091297270694","1","0.422704398908055","0.747566224533014","0.734689640588986","05_10"
"10.7572203654169","1.15656241599813","0.510154352791221","1.51245739905358","0.757220365416861","0.181121602526602","1","0.383977484142048","0.713812119318572","0.729507155812431","05_10"
"10.941255465534","0.925286806252273","0.804426250127338","1.01716061251352","0.941255465534009","0.178100230506734","1","0.659870361063285","0.55776456394949","0.727883862890903","05_10"
"10.8722894543432","1.06350545130028","0.636237549293066","1.27909950203011","0.872289454343166","0.18628974371082","1","0.508217190264958","0.8068987854257","0.725041431491161","05_10"
"10.7802108908432","1.13346430603423","0.543271558325064","1.462424748129","0.780210890843215","0.17020235993998","1","0.405238642029552","0.524037189166632","0.737492155625137","05_10"
"0.0735935800989934","0.0611956735626024","1.61304074047831","0.00756449423443464","0.0735935800989934","0.269350662099047","0.18","0.363572148205698","0.664830015092992","0.47614038689062","05_10"
"10.9075463633673","1.00245336874112","0.711727498110813","1.16169671827883","0.907546363367337","0.176203481379549","1","0.568701136677401","0.625531461877483","0.732124795683053","05_10"
"10.9406830933498","0.918305040730964","0.809829037881066","1.01207771726838","0.94068309334976","0.169450691865114","1","0.660632772797668","0.423812753910477","0.728545615834158","05_10"
"10.7754935433532","1.13251759320647","0.539701675832253","1.46996957094774","0.775493543353222","0.169547926589644","1","0.401521925696348","0.494528023903444","0.736683263438761","05_10"
"10.9341562162429","0.938996818829424","0.785749860736447","1.04753433564339","0.934156216242886","0.175632670476158","1","0.637005012460406","0.533367071971981","0.733534266182566","05_10"
"10.8126958396216","1.12124091994954","0.563775928777501","1.40884023277223","0.812695839621571","0.184985005728263","1","0.435853793775829","0.767360181030843","0.738629574807487","05_10"
"10.7991541902216","1.12540389102529","0.551317322888955","1.42800320591284","0.799154190221582","0.180817226776083","1","0.425849810002687","0.702553665870162","0.726758755518508","05_10"
"10.9417697641461","0.919929969187453","0.810607869909415","1.00730918838955","0.941769764146125","0.176766769234861","1","0.66265130485408","0.543388605080431","0.732238600015817","05_10"
"10.806832968335","1.11397779762365","0.567860490644682","1.41016413788766","0.806832968335046","0.173910059933773","1","0.434750463618871","0.588293333061406","0.725154109802019","05_10"
"10.8190982648471","1.1110416156752","0.574059346289958","1.39213899920111","0.819098264847098","0.183590157363817","1","0.446402723358199","0.74412133454315","0.732913114859502","05_10"
"10.9106867536121","0.988328491028391","0.723496243603592","1.14538221748928","0.910686753612123","0.173028844420525","1","0.577510603936389","0.547405012667599","0.729778583051529","05_10"
"10.8059404954129","1.1211543381682","0.557505812791476","1.42619935741457","0.805940495412919","0.181196594874164","1","0.407849895455142","0.70386918533461","0.896372553892434","05_10"
"10.8783479540385","1.04109204563558","0.661200360659585","1.24553975937571","0.878347954038546","0.173330581902957","1","0.521804197139655","0.581720005237596","0.727333606872289","05_10"
"10.8799182352272","1.03910097161817","0.667065385765399","1.23151815148024","0.879918235227163","0.173046938108894","1","0.52535800280641","0.582858469148162","0.731881685513698","05_10"
"10.8962959168712","0.999760082516881","0.703423818102296","1.18201346772666","0.896295916871202","0.16395093287912","1","0.553403108739126","0.129306000424549","0.728918085154066","05_10"
"10.7195980834819","1.16645466907428","0.497573037075703","1.56376531582896","0.719598083481948","0.168092641651644","1","0.357248281361535","0.354409813608663","0.73158593237843","05_10"
"10.806832968335","1.11397779762365","0.567860490644682","1.41016413788766","0.806832968335046","0.173910059933773","1","0.434750463618871","0.588293333061406","0.725154109802019","05_10"
"10.7820654579502","1.13949576215577","0.533503661092481","1.45935174194787","0.782065457950203","0.183648042247996","1","0.409847043515475","0.747400051289039","0.734191055177343","05_10"
"10.9067412482025","0.997515398028486","0.715852545170589","1.15966671721026","0.906741248202477","0.173483961560015","1","0.569802041534258","0.564952291218544","0.728593910742563","05_10"
"10.7844855892502","1.13687563061855","0.53868950607483","1.45884416534202","0.784485589250174","0.180788753403787","1","0.411550254517428","0.712466101386311","0.728119711479665","05_10"
"10.8258691697086","1.10541318008117","0.582329997996939","1.37456030540879","0.825869169708563","0.18085810950329","1","0.453849625973648","0.719349684974633","0.725050951974406","05_10"
"10.7656730597792","1.14973464389973","0.518082641537539","1.49822763457615","0.765673059779237","0.181001524725038","1","0.392247753393838","0.709085880245559","0.729643296704956","05_10"
"10.941255465534","0.925286806252273","0.804426250127338","1.01716061251352","0.941255465534009","0.178100230506734","1","0.659870361063285","0.55776456394949","0.727883862890903","05_10"
"10.833645641482","1.08688275701825","0.600872630796498","1.35159816069009","0.83364564148199","0.171004096320518","1","0.462857966791778","0.522787066596955","0.729382306424934","05_10"
"10.8260257280781","1.0965378227077","0.586348864418418","1.37374807361605","0.82602572807807","0.174368138992335","1","0.434750463618871","0.588293333061406","0.829913498600945","05_10"
"10.7690649832349","1.14627642314087","0.522741686210689","1.48630858187505","0.769064983234889","0.181797314745553","1","0.396834839534628","0.713978292562547","0.730005741224073","05_10"
"10.9104448093461","0.989244252086549","0.720743936300902","1.14704206686085","0.910444809346136","0.172497093653134","1","0.575339166416154","0.531712443511625","0.731262438594445","05_10"
"10.9063293537709","1.01167786825617","0.700048235467634","1.1760233356923","0.906329353770902","0.180437111597108","1","0.563915973926317","0.678598224582056","0.727309011537122","05_10"
"10.9417697641461","0.919929969187453","0.810607869909415","1.00730918838955","0.941769764146125","0.176766769234861","1","0.66265130485408","0.543388605080431","0.732238600015817","05_10"
"10.9075459443807","1.00255824419501","0.707379561705284","1.15263792183415","0.907545944380686","0.183260645401246","1","0.570463364875063","0.729199821183038","0.738036838611641","05_10"
"10.9138197801207","0.976397810537265","0.733777649099809","1.12937768288451","0.913819780120691","0.16322193560978","1","0.581485590731598","0.10212059924379","0.732907419495071","05_10"
"10.8293761220846","1.10198660398531","0.586454995431787","1.36647778452603","0.829376122084639","0.180801102971775","1","0.457920237379129","0.717563736063966","0.725127284968467","05_10"
"10.8642845583562","1.05358074129857","0.644125723461062","1.27685016511723","0.86428455835619","0.172210393591704","1","0.502395441361171","0.571527431819785","0.734127002378412","05_10"
"10.9130754987729","0.991706671275185","0.725289878509497","1.14276857629186","0.913075498772924","0.176335948658676","1","0.581752290147938","0.614837806632094","0.728670465221655","05_10"
"10.9249029367532","0.951006090996421","0.767564290088249","1.07873004047644","0.924902936753209","0.163505893671723","1","0.612434078791352","0.171523539545604","0.7298671029508","05_10"
"10.8639093458501","1.05975327016117","0.638281599654238","1.28376009200181","0.863909345850109","0.173924134414246","1","0.500850257478948","0.601037669959287","0.727101908108029","05_10"
"10.9339278241781","0.939296308178486","0.783784176772402","1.04793075803974","0.933927824178148","0.175758167782366","1","0.636903642677613","0.54631084125827","0.730158790259438","05_10"
"10.7706137782438","1.14535947998177","0.525197920057708","1.48484231287806","0.770613778243753","0.178334707178688","1","0.397660403745319","0.682993169870468","0.727790887809217","05_10"
"10.8368881608455","1.09305419743176","0.597342166588948","1.35192805688015","0.836888160845468","0.176688326138117","1","0.464575314375096","0.651843244756312","0.727355620705629","05_10"
"10.877596004537","1.04216165870994","0.658970436386002","1.24713955686223","0.877596004536984","0.173701006109795","1","0.52061780085322","0.599913809324511","0.728002500557033","05_10"
"10.9175260500266","0.965484590967461","0.748604561909017","1.10443522567591","0.917526050026626","0.164833545716745","1","0.597288214526321","0.311293667998965","0.729351834515017","05_10"
"10.91392191929","0.979143032719564","0.734120478542595","1.12802430393374","0.913921919290042","0.171354942806066","1","0.586886605122941","0.520434677028274","0.729862995778516","05_10"
"10.8848027173673","1.02867503781205","0.675389848219686","1.21950467902814","0.884802717367308","0.171684874309634","1","0.533486072560571","0.553128341727824","0.73033310982538","05_10"
"10.941255465534","0.925286806252273","0.804426250127338","1.01716061251352","0.941255465534009","0.178100230506734","1","0.659870361063285","0.55776456394949","0.727883862890903","05_10"
"10.8236425236822","1.1067592375799","0.579370105045591","1.37624619263963","0.823642523682223","0.178988973520457","1","0.451320431948743","0.700789271458047","0.731308100664438","05_10"
"10.9076656105719","0.997048427322565","0.714166831259421","1.15866810630666","0.907665610571943","0.17363401726923","1","0.569382534182227","0.577135140087936","0.731327158739846","05_10"
"10.9249029367532","0.951006090996421","0.767564290088249","1.07873004047644","0.924902936753209","0.163505893671723","1","0.612434078791352","0.171523539545604","0.7298671029508","05_10"
"10.9311522294335","0.944813459216154","0.775240971645906","1.05433267563635","0.931152229433492","0.18382414320113","1","0.632304519343094","0.680579175492605","0.740668921595027","05_10"
"10.8993163980111","1.01482857896007","0.696346802059754","1.18686836931374","0.899316398011087","0.174511913801823","1","0.553893396545191","0.616703882786398","0.731882847749222","05_10"
"10.9124962961373","0.988166568689169","0.723758540959055","1.14239337918516","0.912496296137325","0.172945245824013","1","0.578936811728019","0.568629005512436","0.732103567312573","05_10"
"10.9417697641461","0.919929969187453","0.810607869909415","1.00730918838955","0.941769764146125","0.176766769234861","1","0.66265130485408","0.543388605080431","0.732238600015817","05_10"
"10.868589566445","1.05518101070445","0.64568183816444","1.26670125301662","0.868589566445037","0.174646466110627","1","0.507736265392818","0.618714657992038","0.731014419133487","05_10"
"10.8662719565752","1.05287250345373","0.645743882020076","1.26949172236659","0.86627195657515","0.1733855375758","1","0.505590459432138","0.583982329782938","0.730981093064694","05_10"
"10.9220088975583","0.969980571497867","0.750677401101109","1.10480835540588","0.922008897558319","0.17408169958916","1","0.603754059292223","0.560214716983503","0.728402118069321","05_10"
"10.9172153179929","0.97058645227592","0.746323334171667","1.1096551919945","0.917215317992915","0.168262989219135","1","0.596898154412969","0.475067678178733","0.729185733657438","05_10"
"10.9417697641461","0.919929969187453","0.810607869909415","1.00730918838955","0.941769764146125","0.176766769234861","1","0.66265130485408","0.543388605080431","0.732238600015817","05_10"
"10.8793032084345","1.02862227300778","0.672507150643662","1.22968215320935","0.879303208434526","0.167319332432893","1","0.524168332150255","0.368353324119213","0.733402220847994","05_10"
"10.8783479540385","1.04731055060657","0.658496050782533","1.24805477151379","0.878347954038546","0.177791015389862","1","0.521804197139655","0.664201692910865","0.727333606872289","05_10"
"10.9202245175358","0.965456197608783","0.752190575932122","1.09986577017707","0.920224517535749","0.168355759200757","1","0.602570493831559","0.464220177489974","0.730315557222207","05_10"
"10.924016741162","0.95339563038494","0.760480021821202","1.08380343174106","0.924016741161965","0.162795514083999","1","0.608764665434909","0.0715024236124009","0.726275132856735","05_10"
"10.9167243172939","0.971581632163577","0.740947827217304","1.11481381726712","0.916724317293851","0.166533656242098","1","0.590661188002268","0.374697647246176","0.730591884481217","05_10"
"10.931237673807","0.951813286080755","0.770569301576204","1.06936926994504","0.931237673806978","0.177803680569146","1","0.62591834330532","0.562502138184532","0.728075655564145","05_10"
"10.9417697641461","0.919929969187453","0.810607869909415","1.00730918838955","0.941769764146125","0.176766769234861","1","0.66265130485408","0.543388605080431","0.732238600015817","05_10"
"10.8812931878297","1.02128051478765","0.679979684393859","1.22176365990024","0.88129318782969","0.163326001628722","1","0.527906781809989","0.116350062879516","0.732685537696196","05_10"
"10.9208270527063","0.959998586091355","0.757359187662405","1.0943830779299","0.920827052706337","0.163686213957801","1","0.6030580776048","0.198493875184929","0.729782690223813","05_10"
"10.8336598111996","1.08647503539714","0.596856919970072","1.35680925812719","0.833659811199562","0.172630583206899","1","0.438196680966128","0.566678614922437","0.887942232313224","05_10"
"10.9322473144532","0.938627491537126","0.784005645485741","1.04921119191308","0.932247314453237","0.1702385787031","1","0.635202581957897","0.484473692892785","0.729903741293721","05_10"
"10.9272505877655","0.952051930040488","0.769756777054223","1.07374493109079","0.927250587765486","0.163735744569468","1","0.615818739577652","0.184211263012085","0.732750652532302","05_10"
"10.9257780152395","0.950097863750319","0.769338821033091","1.07555112808993","0.925778015239498","0.164121187419424","1","0.614135139511067","0.233360687911089","0.730122151916516","05_10"
"10.9167136506946","0.967538091165454","0.748465775515503","1.10619361628039","0.916713650694593","0.16600083639765","1","0.597161604978119","0.377895539236664","0.729339041790037","05_10"
"10.9353175867251","0.935385287860844","0.790129312658214","1.04316819720502","0.935317586725147","0.177622198886793","1","0.641941457435372","0.553677913063533","0.730906039125491","05_10"
"10.9238420577134","0.959796686436186","0.759474744840979","1.0886649614624","0.92384205771339","0.168823187896086","1","0.610100395694722","0.466032544541412","0.729983977609432","05_10"
"10.9417697641461","0.919929969187453","0.810607869909415","1.00730918838955","0.941769764146125","0.176766769234861","1","0.66265130485408","0.543388605080431","0.732238600015817","05_10"
"10.9262193594894","0.955708887167227","0.764981910125501","1.08042962325431","0.926219359489449","0.171191595304192","1","0.615552766908615","0.504487826296355","0.730214755960789","05_10"
"10.5985317459504","1.23608097304589","0.40612084223613","1.76857378272574","0.598531745950356","0.180809959515622","1","0.27056393912062","0.60231743461722","0.73201833640767","05_10"
"10.9315158143867","0.939380910145841","0.783859350429279","1.04565146686214","0.931515814386699","0.168107073461912","1","0.632162436257532","0.437058991232743","0.734605775078743","05_10"
"10.9295621697968","0.948096524661832","0.771440819088722","1.06355789699296","0.929562169796847","0.167566334323423","1","0.624492513000652","0.422830458013074","0.726347670881254","05_10"
"10.9245666547277","0.956914886186479","0.763047820553449","1.08608954773953","0.924566654727698","0.163947876614769","1","0.610190495739578","0.211174103783859","0.728003117539627","05_10"
"10.9374935310085","0.924045021975753","0.802950880528455","1.01836484437051","0.937493531008481","0.164437005731187","1","0.650156615550264","0.237394653969004","0.731806534278841","05_10"
"10.9417697641461","0.919929969187453","0.810607869909415","1.00730918838955","0.941769764146125","0.176766769234861","1","0.66265130485408","0.543388605080431","0.732238600015817","05_10"
"10.5621613071864","1.24313480392152","0.393313100979438","1.81621334626865","0.5621613071864","0.174427767787104","1","0.249787741340697","0.484473692892785","0.729903741293721","05_10"
"10.9247487897124","0.958080794841856","0.760427784226306","1.08591293411095","0.924748789712353","0.16540550755882","1","0.608906748520472","0.315022607872263","0.732338279373019","05_10"
"10.941255465534","0.925286806252273","0.804426250127338","1.01716061251352","0.941255465534009","0.178100230506734","1","0.659870361063285","0.55776456394949","0.727883862890903","05_10"
"10.9220722225249","0.955841689740519","0.760386106368422","1.08963555133018","0.922072222524863","0.163500957272507","1","0.605872480857022","0.18190390227095","0.729814920865247","05_10"
"10.9239035684079","0.968083388203867","0.751375119445547","1.09921459123221","0.92390356840786","0.177618216235029","1","0.607385241569913","0.575964463023384","0.727567825109925","05_10"
"10.9185926079997","0.97004686986204","0.748271187723054","1.10646645431059","0.918592607999715","0.171740453213492","1","0.600608079910704","0.518748973401852","0.729154422365182","05_10"
"10.9185770897606","0.970952274905774","0.743168544179198","1.11170206638188","0.918577089760578","0.166614525982871","1","0.593371648122474","0.421795539983373","0.730763246599743","05_10"
"10.9232764024608","0.96828365286135","0.751986000826466","1.10087206090827","0.923276402460793","0.174949004127525","1","0.606305640844821","0.56166997873543","0.728302744539158","05_10"
"10.918527399215","0.967655439759006","0.747757685929317","1.10669054919907","0.918527399215048","0.166550189905473","1","0.597024763961171","0.408465806941034","0.729198526382418","05_10"
"10.9347865599125","0.930093131366904","0.794013935398564","1.03539716122128","0.934786559912491","0.177132268694879","1","0.646628190724029","0.55221283020143","0.729408216454472","05_10"
"10.8990509877698","1.00809962870735","0.699710716528913","1.18283249400483","0.899050987769779","0.172564570402508","1","0.55559345320104","0.55777505324961","0.732103111357368","05_10"
"10.8897622835637","1.02916481535307","0.678388576340495","1.21449844509162","0.889762283563651","0.177009715298931","1","0.540337298875062","0.650739368072013","0.727841437326509","05_10"
"10.9395285776581","0.922787968039989","0.808191428038405","1.01013262525166","0.939528577658118","0.173120135870949","1","0.659940844733874","0.496290712343235","0.732067237897292","05_10"
"10.8548463138977","1.05170900656379","0.635051801169905","1.29380900217151","0.854846313897746","0.164648448430281","1","0.48998980014585","0.171523539545604","0.7298671029508","05_10"
"10.9417697641461","0.919929969187453","0.810607869909415","1.00730918838955","0.941769764146125","0.176766769234861","1","0.66265130485408","0.543388605080431","0.732238600015817","05_10"
"10.922969217659","0.963949026343226","0.755636938240207","1.09513569658516","0.922969217658966","0.168692547216764","1","0.606479135612866","0.471167240889296","0.728683562435931","05_10"
"10.93027479348","0.953799808582506","0.768562293038087","1.07315352634164","0.930274793479961","0.177644350167159","1","0.623366761752723","0.561046876432605","0.728175029094308","05_10"
"10.9237075040013","0.954131537446253","0.764487383801949","1.08343843983122","0.923707504001313","0.163668285195933","1","0.609619675539129","0.188113512459582","0.729834872309365","05_10"
"10.6878534652036","1.18464216300656","0.472117122878599","1.61821795027008","0.687853465203567","0.169411633971574","1","0.33364394819364","0.355046832781644","0.728273067713981","05_10"
"10.017042719576","1.33425524511859","0.284623994489092","2.40298577713796","0.0170427195760212","0.196652023845568","1","0.00586823979392648","0.553455907210418","0.729946311602993","05_10"
"5.94940622465786","0.903470589224109","0.831728704883723","0.975025185727814","0.949406224657864","0.183051856014735","1","0.690205555409193","0.650739368072013","0.727841437326509","05_10"
"10.9198434719852","0.963434227955944","0.750349795703512","1.09966373021486","0.919843471985215","0.164743129481124","1","0.599328607462835","0.304803435690701","0.730448069303792","05_10"
"10.9294045824003","0.950036133924244","0.772386264402916","1.0704484683876","0.929404582400275","0.177536690549142","1","0.625152877640203","0.559360204194774","0.729349123825372","05_10"
"10.9214281358546","0.959457172543337","0.754988710572674","1.09227444661364","0.921428135854629","0.164123795156615","1","0.603662716198769","0.26907251206149","0.730150049605316","05_10"
"10.9286571608049","0.949793641058365","0.769967590137435","1.07185889537253","0.928657160804884","0.166005498639306","1","0.619683157641731","0.380254313121069","0.728601428315993","05_10"
"10.8397161366797","1.08035247058001","0.609531559672934","1.33652483240889","0.839716136679738","0.172132486142419","1","0.47132907086052","0.561024013247289","0.728966122084873","05_10"
"10.9325146708018","0.947251812205805","0.778350281146672","1.06086976772191","0.932514670801807","0.176976547143254","1","0.631273928161909","0.556013968318885","0.728438056577612","05_10"
"10.9355072501119","0.933043573670598","0.790844731743521","1.03663095851829","0.93550725011188","0.175182262585575","1","0.643048809590413","0.539342578034848","0.730367943976969","05_10"
"10.9237661197444","0.959922516452167","0.758523411406451","1.09016076474478","0.923766119744441","0.168849157941877","1","0.60881332517219","0.459057291534099","0.731533784512848","05_10"
"10.9029860086235","0.999028746885796","0.710766482946136","1.16461841191358","0.902986008623485","0.169650245967891","1","0.563788413737509","0.508046434918929","0.73119775304588","05_10"
"10.931487677359","0.950172281613985","0.774815311816381","1.06592016978748","0.93148767735904","0.176609455122599","1","0.627780953928647","0.554522604742086","0.728361837168258","05_10"
"10.9240607853558","0.963056170715986","0.756762330923185","1.09170118883485","0.924060785355774","0.166386431000524","1","0.607744150378305","0.416716510080769","0.727982034887629","05_10"
"10.9231256630203","0.959131124568591","0.758278213093217","1.08952602488226","0.923125663020277","0.165428230031391","1","0.606572558961149","0.32713255722746","0.729488057296102","05_10"
"10.941255465534","0.925286806252273","0.804426250127338","1.01716061251352","0.941255465534009","0.178100230506734","1","0.659870361063285","0.55776456394949","0.727883862890903","05_10"
"10.9295157645451","0.955465277128108","0.766587280679139","1.07645797376828","0.929515764545065","0.177449576747226","1","0.621190362522813","0.561579396328932","0.728174875773322","05_10"
"10.9335278783885","0.946458471094088","0.777689957522076","1.05743659722382","0.933527878388469","0.178135518500467","1","0.633220975037604","0.567153279977524","0.728009919479524","05_10"
"10.9353175867251","0.935385287860844","0.790129312658214","1.04316819720502","0.935317586725147","0.177622198886793","1","0.641941457435372","0.553677913063533","0.730906039125491","05_10"
"10.9417697641461","0.919929969187453","0.810607869909415","1.00730918838955","0.941769764146125","0.176766769234861","1","0.66265130485408","0.543388605080431","0.732238600015817","05_10"
"10.9259467745992","0.956172706195307","0.762835126800177","1.08178825037806","0.925946774599201","0.166486046549916","1","0.613773126583518","0.414579754873339","0.727564162376042","05_10"
"10.9211852196046","0.959280570527011","0.758256862985611","1.09311350009159","0.92118521960458","0.163747333317473","1","0.603856170901546","0.213822095852562","0.72976751228993","05_10"
"10.920533756318","0.970607658228072","0.748407336555411","1.10977739726444","0.920533756318005","0.174088939896282","1","0.600845209089111","0.5586881025482","0.728912642568352","05_10"
"10.9218128640658","0.967221450169377","0.75132975899551","1.10394608357302","0.921812864065806","0.171737813573113","1","0.601905435158254","0.515761162872093","0.730889335920921","05_10"
"10.9332367047449","0.942122349048177","0.782910234019405","1.05300659948435","0.933236704744871","0.175911867195492","1","0.634780983424327","0.54523703767048","0.731963011132323","05_10"
"10.9335967462734","0.942974925282866","0.782002063346379","1.05122864787416","0.93359674627339","0.177315062505707","1","0.634034291026186","0.558710821177253","0.730643011642187","05_10"
"10.937612731025","0.929920409406297","0.796398964244768","1.0309302048968","0.937612731025022","0.177508620449758","1","0.64884618390118","0.557773671774883","0.73163154935242","05_10"
"10.9300743052905","0.947732434880514","0.77325980998656","1.06541162448602","0.930074305290476","0.16812660097536","1","0.624384394128771","0.430059957711024","0.727428476116588","05_10"
"10.9351236284691","0.935441967622856","0.790165184446392","1.03927856237533","0.935123628469139","0.169180595503195","1","0.639322910268576","0.445499866625796","0.733548803071911","05_10"
"10.9297464871022","0.954429332583937","0.768453595481762","1.07444514856799","0.929746487102243","0.175899009879836","1","0.623474880624605","0.553817376734656","0.727094223858974","05_10"
"10.9191515660703","0.962493618180696","0.754682899263045","1.09717673140813","0.919151566070337","0.16566009965573","1","0.602925109615702","0.352186955843685","0.729406401809472","05_10"
"10.737023132707","1.35278692987571","0.517916253048673","1.6947713014226","0.737023132707049","0.213193982022063","1","0.5","0.4","0.75","10_10"
"10.737023132707","1.35278692987571","0.517916253048673","1.6947713014226","0.737023132707049","0.213193982022063","1","0.5","0.4","0.75","10_10"
"10.4626565518926","1.48483835519878","0.342610821715271","2.09611754170418","0.46265655189261","0.232119928137856","1","0.2655086631421","0.380035179434344","0.79423986072652","10_10"
"0.07143096336421","0.0601400727130268","1.92609851899777","0.00733065892420127","0.07143096336421","0.278703327128732","0.01","0.37212389963679","0.777445221319795","0.107943625887856","10_10"
"10.7822405447623","1.3656357336742","0.504162503117757","1.6470294404736","0.782240544762317","0.290949223512816","1","0.572853363351896","0.934705231105909","0.723710946040228","10_10"
"0.0996855884987908","0.0834282270467309","1.72319355231196","0.0101706189472553","0.0996855884987908","0.266352613964946","0.3772","0.908207789994776","0.212142521282658","0.411274429643527","10_10"
"10.3701646935838","1.56408241385088","0.220810660475243","2.24708313454974","0.370164693583817","0.266795919616131","1","0.201681931037456","0.651673766085878","0.820946294115856","10_10"
"10.9446821272962","1.06235141539737","0.885249728877216","1.12103861102373","0.944682127296179","0.190278180513285","1","0.898389684967697","0.125555095961317","0.647060193819925","10_10"
"10.9589802332449","1.05421450424995","0.908091726017557","1.09209609136033","0.958980233244927","0.216233247633506","1","0.944675268605351","0.267220668727532","0.78293276228942","10_10"
"10.8436573758142","1.25479363080971","0.650555013404893","1.45200830638949","0.843657375814174","0.215329993083312","0.986","0.660797792486846","0.386114092543721","0.553036311641335","10_10"
"10.8119275066238","1.22010968212186","0.673408865740596","1.45096852816394","0.811927506623796","0.173951458705869","0.952","0.62911404389888","0.0133903331588954","0.529719580197707","10_10"
"10.123143925219","1.57355048856267","0.221858568724092","2.488958340521","0.123143925219046","0.297171169237079","1","0.0617862704675645","0.382387957070023","0.789356231689453","10_10"
"0.07143096336421","0.0601213124198725","1.92609851899777","0.00733065892420127","0.07143096336421","0.278817808330103","0.008","0.205974574899301","0.86969084572047","0.023331202333793","10_10"
"5.28493066284309","1.4119371576383","0.353884422830123","2.12501739602395","0.284930662843086","0.268191593675812","0.73","0.176556752528995","0.34034899668768","0.477230065036565","10_10"
"10.8709846815796","1.24007651266928","0.662119817471699","1.42808606147765","0.870984681579601","0.230247675235877","1","0.687022846657783","0.482080115471035","0.7323137386702","10_10"
"10.6170723466989","1.44858701393129","0.385688802187477","1.90275385175261","0.617072346698924","0.240630687392586","1","0.384103718213737","0.599565825425088","0.692731556482613","10_10"
"5.80513238705236","1.10349845077746","0.791828307451302","1.232225623447","0.805132387052357","0.259594029662379","0.734","0.769841419998556","0.493541307048872","0.477619622135535","10_10"
"10.7325930033018","1.32849490596966","0.548688441495904","1.67167232815845","0.732593003301769","0.18881650757888","1","0.497699242085218","0.186217601411045","0.8612094768323","10_10"
"0.555982235465762","0.875722457540514","1.08442436920933","0.991811587791607","0.555982235465762","0.281484734390831","0.512","0.717618508264422","0.827373318606988","0.438097107224166","10_10"
"0.0723759089332754","0.061698982468019","1.92196392841759","0.00739616704425036","0.0723759089332754","0.278898052003714","0.046","0.991906094830483","0.668466738192365","0.244797277031466","10_10"
"0.07143096336421","0.0601400727130268","1.92609851899777","0.00733065892420127","0.07143096336421","0.278703327128732","0.01","0.1","0.1","0.1","10_10"
"0.0716528315675569","0.0612102593408003","1.92527577412673","0.0073372539547205","0.0716528315675569","0.278703327128732","0.028","0.2","0.2","0.2","10_10"
"0.0738237323846395","0.0631228923252409","1.90915028783206","0.00761269551750034","0.0738237323846395","0.276485737561005","0.096","0.3","0.3","0.3","10_10"
"0.0919379683010478","0.0772484011105114","1.78022864329776","0.00943323796710698","0.0919379683010478","0.270060668002835","0.332","0.4","0.4","0.4","10_10"
"5.69341931158715","1.33136523124923","0.514591644658185","1.67325360936126","0.693419311587155","0.243987415084005","0.858","0.5","0.5","0.5","10_10"
"10.8129239562234","1.31188164481335","0.567928060624698","1.56967805807077","0.812923956223406","0.24274214840816","1","0.6","0.6","0.6","10_10"
"10.8691124283742","1.26517411994919","0.63510661854254","1.44175286813493","0.869112428374198","0.26542374401435","1","0.7","0.7","0.7","10_10"
"10.9016769487864","1.21360521419","0.697137205646432","1.34015119774226","0.90167694878643","0.288948775322757","1","0.8","0.8","0.8","10_10"
"10.9230771208675","1.16876905490545","0.760839285394454","1.2514887134404","0.92307712086754","0.315086239308166","1","0.9","0.9","0.9","10_10"
"10.9346511323536","1.12794464800658","0.815948339588705","1.18154023549299","0.934651132353611","0.333577486930195","1","1","1","1","10_10"
"10.9255800395824","1.15130349897285","0.789502510463233","1.25333267873009","0.925580039582411","0.225241325627075","1","0.81950341848534","0.397140614544097","0.780717056353978","10_10"
"10.7695004329973","1.33073794479367","0.548198062072268","1.63410801750515","0.769500432997323","0.215518898690897","1","0.538189376374443","0.41097730424598","0.744239904375478","10_10"
"10.9118928594537","1.1826798695065","0.742144436261134","1.28499621820595","0.911892859453666","0.30944896880486","1","0.865235106740147","0.872926560556516","0.791873433440924","10_10"
"10.9589802332449","1.05421450424995","0.908091726017557","1.09209609136033","0.958980233244927","0.216233247633506","1","0.944675268605351","0.267220668727532","0.78293276228942","10_10"
"10.9016769487864","1.21360521419","0.697137205646432","1.34015119774226","0.90167694878643","0.288948775322757","1","0.8","0.8","0.8","10_10"
"10.4626565518926","1.48483835519878","0.342610821715271","2.09611754170418","0.46265655189261","0.232119928137856","1","0.2655086631421","0.380035179434344","0.79423986072652","10_10"
"10.7822405447623","1.3656357336742","0.504162503117757","1.6470294404736","0.782240544762317","0.290949223512816","1","0.572853363351896","0.934705231105909","0.723710946040228","10_10"
"10.2186271058597","1.46617519401081","0.358913033138414","2.32616674208081","0.21862710585973","0.188067944322858","0.994","0.118278162619437","0.0628648685638294","0.563891433285522","10_10"
"10.9446821272962","1.06235141539737","0.885249728877216","1.12103861102373","0.944682127296179","0.190278180513285","1","0.898389684967697","0.125555095961317","0.647060193819925","10_10"
"10.9224733872795","1.16989708160586","0.759096643380647","1.26648061304001","0.922473387279451","0.258854251521029","1","0.825171850120011","0.570080054183435","0.702215705935442","10_10"
"10.7954648580713","1.28608302214535","0.608974597617109","1.55458480645146","0.795464858071306","0.189370236723423","1","0.573618645470882","0.200888970965989","0.713606241233629","10_10"
"10.8709846815796","1.24007651266928","0.662119817471699","1.42808606147765","0.870984681579601","0.230247675235877","1","0.687022846657783","0.482080115471035","0.7323137386702","10_10"
"10.891582877336","1.22742927650721","0.678182923881627","1.39008984257897","0.891582877336023","0.253154458532642","1","0.730223034589468","0.588951752209081","0.746403706944321","10_10"
"10.8025623192179","1.32083238657512","0.560797813503007","1.58962242692806","0.802562319217889","0.23276451404382","1","0.580165121767202","0.533443977243545","0.716214605089247","10_10"
"10.5517759864507","1.50645316425253","0.310665193175716","2.02831702728345","0.55177598645072","0.275380749419285","1","0.329445746747401","0.874160316253888","0.807123324278897","10_10"
"0.0719717504567201","0.0614689041166536","1.92403176531477","0.00737821978128227","0.0719717504567201","0.278354395047892","0.042","0.599404152780781","0.603359944623164","0.234661261551082","10_10"
"10.9192674041026","1.17737825211069","0.748180463816206","1.27728000418974","0.919267404102556","0.294644367263983","1","0.856799812068314","0.793128363261955","0.88591003172588","10_10"
"10.7810491468049","1.35459653713273","0.511847408009311","1.64851301344784","0.781049146804935","0.268786135121863","1","0.560047389951935","0.782826180504765","0.742910911968991","10_10"
"10.9589802332449","1.05421450424995","0.908091726017557","1.09209609136033","0.958980233244927","0.216233247633506","1","0.944675268605351","0.267220668727532","0.78293276228942","10_10"
"10.9291304794121","1.14325784785192","0.802515903443098","1.23771515177296","0.929130479412116","0.229175402960635","1","0.836062916394699","0.405874863180456","0.887116536447623","10_10"
"10.8157744383396","1.27892278584814","0.622011407547201","1.50902930382073","0.815774438339592","0.22257310682275","0.972","0.621802285483575","0.414651587021259","0.537215921148688","10_10"
"10.7667124759104","1.33526238143284","0.546656999571093","1.64494944670572","0.766712475910421","0.21721841956807","1","0.534764893259853","0.427073439443484","0.858126566559076","10_10"
"10.7213228450607","1.39806264663306","0.456799040127513","1.75214818362723","0.721322845060679","0.25031294136077","1","0.484699565432957","0.696205880801924","0.697340471925068","10_10"
"10.8474081791079","1.26516390682905","0.63156386889072","1.48239073841125","0.847408179107908","0.226372872343769","1","0.64883347028334","0.471102811225055","0.738073834294722","10_10"
"10.8412144537027","1.2362798676946","0.676715837179173","1.44310420187914","0.841214453702738","0.189449318401254","1","0.64920734460517","0.186104043238611","0.615414081944095","10_10"
"10.8602977706787","1.24568791422413","0.667512775246953","1.43623759396657","0.860297770678695","0.221781241137114","1","0.67990669929371","0.431016370421275","0.614305498253611","10_10"
"0.0751944291832432","0.0646200907634487","1.8924429748442","0.00775493094315253","0.0751944291832432","0.275491662001694","0.134","0.524080596614336","0.585328630445055","0.325278303353116","10_10"
"10.7980520018336","1.303651867737","0.59476229274839","1.57596841432488","0.798052001833625","0.203349026313137","1","0.572622151747008","0.332913421665089","0.755184378601637","10_10"
"10.9016769487864","1.21360521419","0.697137205646432","1.34015119774226","0.90167694878643","0.288948775322757","1","0.8","0.8","0.8","10_10"
"10.8356238915871","1.29847036688025","0.586423578446106","1.5327022252157","0.835623891587122","0.245979218672478","1","0.624056328261802","0.616739644920323","0.749820644513622","10_10"
"10.8709846815796","1.24007651266928","0.662119817471699","1.42808606147765","0.870984681579601","0.230247675235877","1","0.687022846657783","0.482080115471035","0.7323137386702","10_10"
"10.6456665026178","1.42569358523496","0.420923639744195","1.85926746502398","0.645666502617849","0.231002565316878","1","0.408049193693625","0.524770730531136","0.796366365631409","10_10"
"10.2476121422503","1.55979474255843","0.236894519707829","2.35844127355725","0.247612142250288","0.274478077753226","1","0.129628435827017","0.427423434651683","0.710907357451219","10_10"
"10.8709846815796","1.24007651266928","0.662119817471699","1.42808606147765","0.870984681579601","0.230247675235877","1","0.687022846657783","0.482080115471035","0.7323137386702","10_10"
"10.8473778521987","1.27202809500906","0.618835309334704","1.48622279331705","0.847377852198658","0.23229843433281","1","0.646410553772351","0.510813150349889","0.722880094610642","10_10"
"10.8728178026354","1.22770744808381","0.695145419619332","1.40485597366855","0.872817802635386","0.208778027089414","1","0.689780175899166","0.33755196270303","0.881740280834065","10_10"
"10.8945139725928","1.21231247118913","0.69578207518716","1.35831257707596","0.894513972592812","0.243653565036449","1","0.744637034957559","0.537698379118693","0.720358726710476","10_10"
"10.8164632526794","1.31095781054325","0.568533671002147","1.56489586929854","0.81646325267941","0.238223311758329","1","0.599996319248767","0.582850374835835","0.729110764976922","10_10"
"10.8750547581971","1.25137698844774","0.655147003250372","1.40699292360295","0.87505475819709","0.29490006342711","1","0.748556652447881","0.857342273167872","0.797401571981453","10_10"
"10.5851674952133","1.43523675125607","0.407467033402608","1.91841369427033","0.585167495213288","0.225855762049728","0.986","0.364762507435751","0.411031663968305","0.552578103756984","10_10"
"10.9434818764607","1.09549366690802","0.855522810366901","1.16265155491371","0.943481876460713","0.20456721720367","1","0.876035459457147","0.231481590531752","0.674000743722905","10_10"
"10.8508878499278","1.28809543368227","0.604533252971909","1.49612993892727","0.850887849927824","0.258084047955275","1","0.657459469448475","0.655264448903208","0.797873495095111","10_10"
"10.9452735382068","1.09167528910522","0.868062055405304","1.15134860767421","0.945273538206847","0.223312848612312","1","0.900091694856803","0.333767587852832","0.799119301991813","10_10"
"10.872881960042","1.23960849728283","0.6751941035414","1.42189890593243","0.872881960042018","0.225142142955058","1","0.690324042763132","0.445037530183457","0.814131118220712","10_10"
"10.7833519782667","1.32371210314196","0.557550528345688","1.60696707054451","0.78335197826667","0.219836288631046","1","0.557365014607803","0.44619108257313","0.724726138814607","10_10"
"10.8347341820308","1.30582584972758","0.582066495017506","1.53059357003494","0.834734182030806","0.271640519555659","1","0.644440850496721","0.782035909260027","0.843995448338364","10_10"
"10.8196209882398","1.3227557091813","0.553114329622461","1.56415671102333","0.819620988239776","0.27643538799357","1","0.621690514386469","0.822957667495128","0.732674015358028","10_10"
"10.9446821272962","1.06235141539737","0.885249728877216","1.12103861102373","0.944682127296179","0.190278180513285","1","0.898389684967697","0.125555095961317","0.647060193819925","10_10"
"10.5888949853773","1.37650603522372","0.475954619083675","1.8658790181521","0.588894985377293","0.181550051130812","0.98","0.375317940667261","0.0664847916167835","0.548529250677227","10_10"
"10.9441830642441","1.10327784731175","0.852616255770261","1.17780602183369","0.944183064244119","0.221876041422364","1","0.880646490143247","0.339327944055157","0.87092999674523","10_10"
"10.7656107379985","1.35129219161857","0.513314858493314","1.66541550083597","0.765610737998469","0.237321024343362","1","0.531505477992918","0.578616896897572","0.815943421011928","10_10"
"10.8438521792866","1.30087475604323","0.586984853636624","1.5184265584662","0.843852179286584","0.265093638494008","1","0.642974012651845","0.695578617639421","0.793274835957544","10_10"
"10.7870753864082","1.32629108523295","0.54893279717838","1.61701902140166","0.787075386408202","0.225895400878693","1","0.560989483533842","0.498230198916395","0.735728370650117","10_10"
"10.7260634523295","1.37855306384793","0.483329463646782","1.73524288250023","0.726063452329532","0.230597830160188","1","0.487958980699892","0.544662423347836","0.739523617472216","10_10"
"10.8147952086286","1.32781516705817","0.551565721002352","1.56733605911434","0.814795208628634","0.284358309575911","1","0.624296710904015","0.877362957938037","0.726309374058775","10_10"
"10.7715339336517","1.33005276900884","0.557511256939304","1.62131309943384","0.771533933651712","0.216316673692915","1","0.548697116744356","0.418267614416912","0.595894987803295","10_10"
"10.8293220247158","1.31183008839884","0.573139862724154","1.54467601981375","0.82932202471581","0.274107573594582","1","0.635528086809643","0.795745598124852","0.795855878378771","10_10"
"10.9589802332449","1.05421450424995","0.908091726017557","1.09209609136033","0.958980233244927","0.216233247633506","1","0.944675268605351","0.267220668727532","0.78293276228942","10_10"
"10.9143657448419","1.14592885236891","0.789704598657872","1.26420642191471","0.914365744841909","0.202626102517412","1","0.795490085100703","0.254426943716037","0.620790337557654","10_10"
"10.8763437931117","1.24015572582201","0.661563187747962","1.42007340302625","0.876343793111699","0.235584281135451","1","0.695215363722598","0.51539868660656","0.750965068417934","10_10"
"10.8761967591147","1.25030472368774","0.648049917695864","1.41505274838482","0.876196759114656","0.282891041726286","1","0.737763378860568","0.808858875894834","0.801660223377983","10_10"
"10.8175141627408","1.29759382542375","0.598467088514392","1.54978025602606","0.817514162740814","0.22281489110557","1","0.601337582701245","0.454344823825478","0.815450099133341","10_10"
"10.8533164330824","1.27497936765488","0.619186168064841","1.48487975406091","0.853316433082375","0.242524404473441","1","0.655053174662562","0.574606066989555","0.767985607311348","10_10"
"10.9444544261474","1.09495867460457","0.859163047370656","1.16764559470795","0.944454426147398","0.208413774471857","1","0.875651858778118","0.248382728313894","0.704853876870853","10_10"
"10.8331267999244","1.30945029883151","0.578732505518974","1.52592798680136","0.833126799924385","0.291642352341866","1","0.659990872943331","0.894768048776314","0.734604948074817","10_10"
"10.9589802332449","1.05421450424995","0.908091726017557","1.09209609136033","0.958980233244927","0.216233247633506","1","0.944675268605351","0.267220668727532","0.78293276228942","10_10"
"10.8395547083783","1.26409553403143","0.647188598666068","1.48655151194638","0.83955470837829","0.207126225127061","1","0.634723320485372","0.345796270549311","0.842865438499639","10_10"
"10.8317663840858","1.29637060789021","0.590164475156168","1.53579564530359","0.831766384085831","0.238417123811545","1","0.620491938054804","0.569309603255551","0.8146244400993","10_10"
"10.8589753966088","1.25882668089352","0.651373583734126","1.45868151431245","0.858975396608841","0.226107674980071","1","0.663668477095887","0.454069159194568","0.846232142425953","10_10"
"10.8715109157634","1.22824370841936","0.692636894172744","1.40553015574787","0.871510915763436","0.204120419893764","1","0.687053358294884","0.30196690793319","0.730838998397572","10_10"
"10.7881479684974","1.32339463110363","0.554213401337299","1.60958495619516","0.788147968497358","0.224446583537217","1","0.563660837757566","0.486123509730202","0.734220744909032","10_10"
"10.8779903632371","1.23798022772432","0.673712740251791","1.41324370330837","0.877990363237054","0.232135104259383","1","0.701117316350446","0.493520927456495","0.809872466824183","10_10"
"10.8754007822606","1.23764561660374","0.675200926720312","1.4185996847462","0.875400782260561","0.226110493193049","1","0.691977076550833","0.45153047409557","0.772725244337016","10_10"
"10.9558700983357","1.05879552256688","0.90448732301125","1.09990112088635","0.955870098335744","0.220855313901351","1","0.943939031988555","0.299289077830445","0.793518668294832","10_10"
"10.8640380848552","1.24930992607144","0.65372736996452","1.4446958231218","0.864038084855226","0.229541828388342","1","0.676941081862156","0.474177105946398","0.682685362797549","10_10"
"0.0914737975175756","0.0762575431285893","1.78138052348967","0.00940013530022672","0.0914737975175756","0.270143290426048","0.326","0.434160892496904","0.408253534039599","0.399409950012341","10_10"
"10.7464960896874","1.36011007402781","0.507156261345161","1.69355622178875","0.746496089687355","0.227730288110525","1","0.511187221691281","0.516347895789425","0.785833120926274","10_10"
"10.8840190836335","1.24547264036014","0.65519625989918","1.40945450360964","0.88401908363354","0.26230477529516","1","0.720174248823871","0.647733062774453","0.78160965701443","10_10"
"10.8526784356008","1.28152322946909","0.608521061584549","1.48945613872922","0.852678435600754","0.257422876122688","1","0.657843070127504","0.638363311121067","0.767020361947163","10_10"
"10.8792555630949","1.19263006101914","0.725821271500114","1.36312087888311","0.879255563094929","0.185014950902473","1","0.707814786724112","0.150346833835941","0.694716288849555","10_10"
"10.9452735382068","1.09167528910522","0.868062055405304","1.15134860767421","0.945273538206847","0.223312848612312","1","0.900091694856803","0.333767587852832","0.799119301991813","10_10"
"10.8750692122277","1.2452020209632","0.664316276428063","1.4242546554883","0.875069212227721","0.234400616540109","1","0.693562329934897","0.508905742694447","0.79237094230163","10_10"
"10.9360570447764","1.12148163389858","0.827003293352728","1.21050485949699","0.936057044776433","0.208126932307553","1","0.841537240607696","0.275643503469243","0.793466006994555","10_10"
"10.8266950014266","1.31059010693464","0.571778589558357","1.55545757680588","0.826695001426603","0.253126168232256","1","0.61203433356798","0.641524575721248","0.773395516457825","10_10"
"10.82396683276","1.29859950508801","0.58596474279693","1.54580113853243","0.823966832759968","0.233790405630834","1","0.611320989600109","0.54061902908867","0.737616611233384","10_10"
"10.7878768449321","1.29966625901857","0.599817232217098","1.56801228580296","0.787876844932074","0.194840356901323","1","0.567594848799951","0.249905545633674","0.652932263819485","10_10"
"10.9234909845458","1.16897569924983","0.756506824624921","1.26167081874903","0.923490984545844","0.280534487519165","1","0.858827986671921","0.704701919652957","0.702794912969694","10_10"
"10.829354512842","1.31363807504253","0.57237964990317","1.5544842046684","0.829354512842025","0.266308189384714","1","0.62349007249043","0.737071397239439","0.751571126897868","10_10"
"10.9442842861826","1.09845944973223","0.854574192345679","1.16785510475666","0.944284286182585","0.216079942285527","1","0.881382726760044","0.307259534952243","0.860344090739818","10_10"
"10.8400018797429","1.26528242870009","0.646995393751182","1.47652090391915","0.840001879742942","0.208862960457129","1","0.638897987171696","0.349737338373923","0.677170174537125","10_10"
"10.7971656829534","1.32466321039878","0.550745218967786","1.60565607467303","0.797165682953422","0.234333140175261","1","0.570915702948705","0.554524233000352","0.825511928880587","10_10"
"10.818026741232","1.29192874243073","0.604415537471126","1.54086673351971","0.818026741232042","0.218370147994722","1","0.604857150978193","0.423130226270937","0.754203142091611","10_10"
"10.8702772735748","1.23784634789827","0.665459307911213","1.427397985581","0.870277273574807","0.22648855548948","1","0.689037444400006","0.453025350316583","0.698727308363661","10_10"
"10.8112083728271","1.29669342630582","0.600270269605689","1.55447878350813","0.81120837282708","0.215980422609186","1","0.593527007264744","0.408789554008575","0.82288304131706","10_10"
"10.8779903632371","1.23798022772432","0.673712740251791","1.41324370330837","0.877990363237054","0.232135104259383","1","0.701117316350446","0.493520927456495","0.809872466824183","10_10"
"10.8486459876619","1.25978979011734","0.652356467645495","1.46864571874826","0.848645987661946","0.213552557077257","1","0.649177694892713","0.381554425413468","0.821555109726426","10_10"
"10.944034308733","1.10202463639113","0.853179680025324","1.1712756822534","0.944034308732996","0.21954643415509","1","0.882188372002882","0.33154960838577","0.794513818194729","10_10"
"10.9430925840067","1.11200102936202","0.827212909724181","1.17700198334561","0.943092584006674","0.250461171827188","1","0.895238507879179","0.489354980596173","0.782156178859191","10_10"
"10.8519018613356","1.25971179464003","0.653566643039737","1.46339941886039","0.851901861335589","0.218869679355961","1","0.654229601513225","0.406881549435948","0.804228077095869","10_10"
"10.8407658647061","1.2684272962975","0.641889390130909","1.48550063244171","0.840765864706149","0.212840607288306","1","0.635536280069625","0.381479351185557","0.776121012809009","10_10"
"10.9558700983357","1.05879552256688","0.90448732301125","1.09990112088635","0.955870098335744","0.220855313901351","1","0.943939031988555","0.299289077830445","0.793518668294832","10_10"
"10.8262179398453","1.31322537484385","0.5669361163202","1.55769329397895","0.826217939845285","0.257254992082469","1","0.611968643566646","0.662681077353581","0.747001692321185","10_10"
"10.8824900087742","1.22883736571258","0.688550899672807","1.3999912191947","0.882490008774154","0.226096935745656","1","0.70654359423688","0.44829740835534","0.778382851382804","10_10"
"10.8460414050861","1.2864299696837","0.60443256989789","1.50464344223769","0.846041405086121","0.246998251907073","1","0.643388695720163","0.60260515625691","0.788330690720377","10_10"
"10.8296591650761","1.29656258593115","0.586629249473027","1.53986486077589","0.829659165076074","0.235824265687636","1","0.61771409590293","0.560941367964266","0.749015717154717","10_10"
"10.8182610319963","1.30253499376889","0.582740956967092","1.55459593554857","0.818261031996257","0.231392422085926","1","0.601490466688919","0.519641913620986","0.76533397481768","10_10"
"10.8917198805177","1.20591904457702","0.718494539167846","1.36291203846928","0.891719880517673","0.209955727859113","1","0.724270073088996","0.336533138026259","0.706121096939398","10_10"
"10.9487580065171","1.0825388676701","0.8718089301534","1.14393653800432","0.948758006517125","0.209401636410345","1","0.89355518163204","0.250600707780955","0.709459360667937","10_10"
"10.8452109203176","1.27013439853321","0.635512214952403","1.48603146474773","0.84521092031762","0.221655932545093","1","0.642267414814536","0.434392880758797","0.747560107383762","10_10"
"10.9253023418784","1.17108087874294","0.755092238818005","1.26473186703908","0.925302341878385","0.281775037398647","1","0.858185006372909","0.715247571883939","0.799899362872019","10_10"
"10.8274651696904","1.28550488864412","0.615366700771247","1.51341452544113","0.827465169690432","0.220091177644125","1","0.620169218341676","0.432452709872762","0.672272251104935","10_10"
"10.8064660590625","1.31621852937867","0.564098404404512","1.584167923715","0.806466059062469","0.232353659381174","1","0.58266230912345","0.535791199364767","0.783511210190651","10_10"
"10.8508471306926","1.28388874995869","0.610253991605287","1.49650272267707","0.850847130692619","0.251582022109831","1","0.651449963824683","0.618040972245471","0.755621256025831","10_10"
"5.86061548496193","1.16809950001833","0.737538055480991","1.3162547787602","0.860615484961927","0.24181269114504","0.902","0.762702775289232","0.452468619376304","0.511992958607152","10_10"
"10.8331500621412","1.29813361493479","0.58580662914397","1.53479166290659","0.833150062141238","0.245536338296213","1","0.622842418523893","0.615009348974528","0.742186045810067","10_10"
"10.8535720579451","1.27837965522696","0.61694408531937","1.48687053277084","0.853572057945136","0.247616508497713","1","0.657030110543251","0.602680230484821","0.833764787637793","10_10"
"10.9110239600095","1.17880335412647","0.753662967758098","1.30211799635916","0.911023960009466","0.226479232142321","1","0.779670067344462","0.427378891863726","0.800880162497777","10_10"
"10.8425446273243","1.2874080202656","0.605910989495913","1.51324139839186","0.842544627324266","0.240735210240276","1","0.63833678909965","0.577278032234431","0.805657723350934","10_10"
"10.8779903632371","1.23798022772432","0.673712740251791","1.41324370330837","0.877990363237054","0.232135104259383","1","0.701117316350446","0.493520927456495","0.809872466824183","10_10"
"10.9589802332449","1.05421450424995","0.908091726017557","1.09209609136033","0.958980233244927","0.216233247633506","1","0.944675268605351","0.267220668727532","0.78293276228942","10_10"
"10.568980598003","1.5531332582275","0.377170494384325","2.02568369404565","0.568980598002998","0.254789058466439","1","0.5","0.4","0.75","15_10"
"10.568980598003","1.5531332582275","0.377170494384325","2.02568369404565","0.568980598002998","0.254789058466439","1","0.5","0.4","0.75","15_10"
"10.3396359136847","1.64531435517801","0.246989365802662","2.33080925438857","0.339635913684651","0.276284728165004","1","0.2655086631421","0.380035179434344","0.79423986072652","15_10"
"0.0740144636967465","0.0633811678281008","2.059915269416","0.00756395306324299","0.0740144636967465","0.280253644810296","0.036","0.37212389963679","0.777445221319795","0.107943625887856","15_10"
"10.5952108302983","1.57898003223278","0.354377166681944","2.008334443104","0.595210830298253","0.322251305272897","1","0.572853363351896","0.934705231105909","0.723710946040228","15_10"
"5.74449199661969","1.29836498680821","0.660739609309903","1.55106050216492","0.744491996619687","0.239722829548158","0.826","0.908207789994776","0.212142521282658","0.411274429643527","15_10"
"10.2671726005114","1.72512769013454","0.146763014729205","2.45197069682895","0.26717260051143","0.291437835598228","1","0.201681931037456","0.651673766085878","0.820946294115856","15_10"
"10.8197502164459","1.34301247128055","0.665527498000725","1.5565395421458","0.819750216445927","0.199009322093716","1","0.898389684967697","0.125555095961317","0.647060193819925","15_10"
"10.8486649564644","1.33883415022828","0.672022009016407","1.52676793192523","0.848664956464426","0.229887278485105","1","0.944675268605351","0.267220668727532","0.78293276228942","15_10"
"10.6703312352977","1.48792807648939","0.467310257599812","1.85428870997658","0.670331235297668","0.248189708617616","1","0.660797792486846","0.386114092543721","0.553036311641335","15_10"
"10.6478881511397","1.43464172517266","0.537073779979931","1.83858137205359","0.647888151139704","0.188269005865326","1","0.62911404389888","0.0133903331588954","0.529719580197707","15_10"
"10.0869664829236","1.72845439185472","0.122832151286113","2.61711226063974","0.0869664829236353","0.313574485914468","1","0.0617862704675645","0.382387957070023","0.789356231689453","15_10"
"0.0731943016895575","0.063080024442908","2.06331956345225","0.00750995874510807","0.0731943016895575","0.280326057412501","0.02","0.205974574899301","0.86969084572047","0.023331202333793","15_10"
"10.2208771847876","1.6609761827887","0.215165369218072","2.4437249195075","0.220877184787582","0.290493078514103","0.98","0.176556752528995","0.34034899668768","0.477230065036565","15_10"
"10.7084905339193","1.47779563608998","0.470846658120547","1.82390045882137","0.708490533919308","0.25943366134052","1","0.687022846657783","0.482080115471035","0.7323137386702","15_10"
"10.4584930473209","1.63659360724105","0.268288789561199","2.19356592065678","0.458493047320879","0.281305759645647","1","0.384103718213737","0.599565825425088","0.692731556482613","15_10"
"10.72322988714","1.45367549957839","0.508539728102701","1.76343380261537","0.723229887140006","0.26469165936089","0.98","0.769841419998556","0.493541307048872","0.477619622135535","15_10"
"10.5654848896186","1.50836439433819","0.435622310459467","1.99908307485015","0.565484889618578","0.220761217691188","1","0.497699242085218","0.186217601411045","0.8612094768323","15_10"
"5.64716050365991","1.48614848657294","0.433780554429473","1.85506325884046","0.647160503659906","0.305586923345646","0.926","0.717618508264422","0.827373318606988","0.438097107224166","15_10"
"0.0792613663774258","0.0688262730280431","2.00449304066627","0.00810114274051692","0.0792613663774258","0.280618752739151","0.178","0.991906094830483","0.668466738192365","0.244797277031466","15_10"
"0.0736224690084055","0.0632931524470092","2.06331956345225","0.00753314821187555","0.0736224690084055","0.280253644810296","0.032","0.1","0.1","0.1","15_10"
"0.0763819037639234","0.0667283639317915","2.025980630673","0.00784650887341166","0.0763819037639234","0.279462962360077","0.118","0.2","0.2","0.2","15_10"
"0.0937050675193642","0.0794714833852325","1.90915914514848","0.00953009790316365","0.0937050675193642","0.278998519773055","0.332","0.3","0.3","0.3","15_10"
"5.41161496905541","1.51677458891138","0.350325685401942","2.09642717978622","0.411614969055407","0.272846929643345","0.784","0.4","0.4","0.4","15_10"
"10.5440897699388","1.5692212396808","0.356466189884376","2.06336528248524","0.544089769938812","0.26276242849764","0.996","0.5","0.5","0.5","15_10"
"10.631106906378","1.53943039038822","0.396107891205856","1.94056187327074","0.631106906377958","0.279274096606247","1","0.6","0.6","0.6","15_10"
"10.6985239499788","1.50193458420374","0.445687422899921","1.84497367028962","0.698523949978843","0.295797867103732","1","0.7","0.7","0.7","15_10"
"10.7449065961668","1.46382932719209","0.497552695816249","1.75008649394744","0.744906596166834","0.3107209487935","1","0.8","0.8","0.8","15_10"
"10.7852775044686","1.43720819142122","0.545752775994804","1.67625744375851","0.78527750446865","0.334635144341945","1","0.9","0.9","0.9","15_10"
"10.8142706179599","1.4114995774295","0.584200275649213","1.59578694007508","0.814270617959872","0.350208095437322","1","1","1","1","15_10"
"10.7665598798849","1.40793654563583","0.568424239528338","1.68616637329491","0.766559879884902","0.229975857040941","1","0.796896779478394","0.298002912699408","0.648474581084213","15_10"
"10.6014203886869","1.53679244157189","0.397420765220999","1.97908529832818","0.601420388686889","0.252986269544561","1","0.538189376374443","0.41097730424598","0.744239904375478","15_10"
"10.7718301119235","1.44530954223043","0.529037762366568","1.69939932349989","0.771830111923496","0.323462881914678","1","0.865035142731837","0.861350910911954","0.872038092765642","15_10"
"10.8486649564644","1.33883415022828","0.672022009016407","1.52676793192523","0.848664956464426","0.229887278485105","1","0.944675268605351","0.267220668727532","0.78293276228942","15_10"
"10.7449065961668","1.46382932719209","0.497552695816249","1.75008649394744","0.744906596166834","0.3107209487935","1","0.8","0.8","0.8","15_10"
"10.8197502164459","1.34301247128055","0.665527498000725","1.5565395421458","0.819750216445927","0.199009322093716","1","0.898389684967697","0.125555095961317","0.647060193819925","15_10"
"10.5952108302983","1.57898003223278","0.354377166681944","2.008334443104","0.595210830298253","0.322251305272897","1","0.572853363351896","0.934705231105909","0.723710946040228","15_10"
"10.1551229313798","1.74844235001529","0.0881794353722562","2.57358692331781","0.155122931379815","0.29475905308202","1","0.115379119940647","0.570822970055026","0.624921956485639","15_10"
"10.2671726005114","1.72512769013454","0.146763014729205","2.45197069682895","0.26717260051143","0.291437835598228","1","0.201681931037456","0.651673766085878","0.820946294115856","15_10"
"10.7674099347637","1.43706780388635","0.52814735677481","1.71426264655282","0.767409934763665","0.270861609521975","1","0.801492905489303","0.52755218326191","0.698585612735713","15_10"
"10.6065981850771","1.5431747761608","0.395062749436771","1.96605152584811","0.606598185077143","0.262713672279604","1","0.574211965710856","0.503545672702603","0.55650761120487","15_10"
"10.72322988714","1.45367549957839","0.508539728102701","1.76343380261537","0.723229887140006","0.26469165936089","0.98","0.769841419998556","0.493541307048872","0.477619622135535","15_10"
"10.7185676006039","1.48095247364097","0.469147127972429","1.80742055962555","0.718567600603923","0.273949373409016","1","0.70993908053442","0.563379473718791","0.738001129319664","15_10"
"10.5759897547047","1.57850526941246","0.342481632052858","2.04445828276525","0.575989754704731","0.282899291069035","1","0.509468178973177","0.632880735955125","0.748984121221554","15_10"
"10.334525027634","1.7037176926866","0.178411734350633","2.37859546176834","0.334525027634035","0.306874691716899","1","0.261973869123268","0.792628918680646","0.818394663429165","15_10"
"0.0786177815057962","0.0684044484163136","2.01291819551773","0.00805140198822866","0.0786177815057962","0.276641232795732","0.166","0.552793421208681","0.383890148646985","0.234661261551082","15_10"
"10.7387546423537","1.47087981956985","0.495664759947389","1.76544280057207","0.738754642353713","0.300448248782495","1","0.777083766123363","0.718700641752245","0.794312609350536","15_10"
"10.5413062153702","1.57626295187583","0.342610382277867","2.0712617621211","0.541306215370184","0.263721813651243","1","0.478865119800145","0.483815751257854","0.646127340534469","15_10"
"10.8486649564644","1.33883415022828","0.672022009016407","1.52676793192523","0.848664956464426","0.229887278485105","1","0.944675268605351","0.267220668727532","0.78293276228942","15_10"
"10.7280839464512","1.47788669786091","0.477009708729606","1.79083252608497","0.728083946451184","0.290130477983781","1","0.739708061914188","0.659044847405232","0.802551630686692","15_10"
"10.6112521652032","1.56392273066608","0.368067617847473","1.99243777429302","0.611252165203179","0.294701769330707","1","0.56338518437872","0.701824495150783","0.724726824818674","15_10"
"10.5956887451897","1.5008603814807","0.44530131433018","1.95852218563131","0.595688745189709","0.226319791887077","1","0.532664099353382","0.22486669049909","0.889171384066658","15_10"
"10.4775036243477","1.60952415773755","0.301729583732321","2.15996624835775","0.477503624347719","0.267630046933288","1","0.399738088591202","0.478225146258395","0.754972545853128","15_10"
"10.6830634459117","1.49159919562656","0.450553362170517","1.86225985955113","0.683063445911735","0.259898613333062","1","0.64883347028334","0.471102811225055","0.738073834294722","15_10"
"10.6261797314416","1.55951924736736","0.382054983901227","1.96274517015885","0.626179731441599","0.317586471836183","1","0.608894290842798","0.875666139177715","0.711778289841635","15_10"
"10.6901803672767","1.48371121311604","0.464946740462196","1.84486734869152","0.690180367276659","0.25211969867501","1","0.663959072509098","0.431016370421275","0.711932656198593","15_10"
"0.112717929475056","0.0935029695848634","1.74416906595239","0.0116157792114538","0.112717929475056","0.278934881093042","0.432","0.525788034289144","0.596454327297397","0.325278303353116","15_10"
"10.6077926198394","1.53323733777252","0.402476697540423","1.97314117197926","0.607792619839418","0.252335965815711","1","0.546407150526918","0.411564987014997","0.764434275203814","15_10"
"10.72322988714","1.45367549957839","0.508539728102701","1.76343380261537","0.723229887140006","0.26469165936089","0.98","0.769841419998556","0.493541307048872","0.477619622135535","15_10"
"10.6039952886662","1.52983492988316","0.406646429277712","1.97021847044436","0.603995288666168","0.252975001552293","1","0.556484963340511","0.389760735225362","0.625732142327586","15_10"
"10.7185676006039","1.48095247364097","0.469147127972429","1.80742055962555","0.718567600603923","0.273949373409016","1","0.70993908053442","0.563379473718791","0.738001129319664","15_10"
"10.4293608490481","1.65112560058748","0.249864922522896","2.23440331362782","0.429360849048106","0.281901187769596","1","0.353201234363282","0.597175418881023","0.694198342845535","15_10"
"10.1712770170078","1.76886438363016","0.0883173806067535","2.57674780171114","0.171277017007763","0.30713942932807","1","0.127132898445097","0.75507786419078","0.706050304660772","15_10"
"10.7185676006039","1.48095247364097","0.469147127972429","1.80742055962555","0.718567600603923","0.273949373409016","1","0.70993908053442","0.563379473718791","0.738001129319664","15_10"
"10.6364114357153","1.5392246673973","0.396158620266365","1.94173445634224","0.636411435715255","0.275984607047477","1","0.590683236074429","0.577549011498619","0.704365083174946","15_10"
"10.6633023079544","1.5311488939531","0.415613661601921","1.89758866763648","0.66330230795439","0.316405749331804","1","0.664511361672777","0.865801264768631","0.868866985361875","15_10"
"10.7015858477835","1.48926925372151","0.46402044538486","1.82873655612334","0.701585847783487","0.263520929048051","1","0.698029713772076","0.5060275373913","0.568677230289377","15_10"
"10.6323994379962","1.5185636285653","0.422013542334443","1.93652922437677","0.632399437996164","0.252079015899369","1","0.574164174031667","0.41174961248384","0.832365301885291","15_10"
"10.7002775553698","1.4634804402465","0.503696501230904","1.8038924672513","0.700277555369822","0.247099595415805","0.994","0.716126359465514","0.379170000686183","0.491637198364072","15_10"
"10.4005089575155","1.62879557203409","0.268787659312955","2.25645373616966","0.400508957515474","0.271401113785465","1","0.326375290515755","0.413203768736778","0.684090411316157","15_10"
"10.8082849142664","1.3686042344995","0.624529959277537","1.59968292923271","0.808284914266399","0.224997395787989","1","0.871091633271987","0.249830579613482","0.667421935463653","15_10"
"10.6489258538665","1.52576153672506","0.413110260111024","1.91108090085186","0.648925853866453","0.271369630853295","1","0.61832211667273","0.548039654253727","0.604367573405856","15_10"
"10.8196955575897","1.38905500185248","0.592559448925481","1.61118645763651","0.819695557589699","0.281727891247022","1","0.911984314464711","0.552372786429714","0.796776635590248","15_10"
"10.6707916844818","1.50045476411655","0.438569790194915","1.88391117540343","0.670791684481752","0.262340526506768","1","0.631848285293945","0.492256639401561","0.764523405942237","15_10"
"10.590571191602","1.56783695578905","0.361378196288388","2.00658694378871","0.590571191601984","0.277916588007157","1","0.539044864764532","0.595692036892542","0.614964446566897","15_10"
"10.6264761894853","1.5459203559836","0.386409142635088","1.95848017456234","0.62647618948532","0.285631341483703","1","0.586724896420388","0.650603959261525","0.684155565278923","15_10"
"10.65672303966","1.49417105719565","0.468913308452533","1.87905189067935","0.656723039660012","0.231677251518069","1","0.607333395605054","0.284219889240305","0.794879916476089","15_10"
"10.8197502164459","1.34301247128055","0.665527498000725","1.5565395421458","0.819750216445927","0.199009322093716","1","0.898389684967697","0.125555095961317","0.647060193819925","15_10"
"10.410907180587","1.65221177286871","0.241292743342113","2.25652175311223","0.410907180586993","0.279952904320443","1","0.33541097995181","0.569184188333244","0.705265820373296","15_10"
"10.8148307878023","1.40017285450186","0.581317039338208","1.62747738674407","0.814830787802276","0.283433497997237","1","0.897726096872477","0.576198793209773","0.858194219464814","15_10"
"10.5399825963857","1.57624457772356","0.342006896425799","2.07390222484309","0.539982596385692","0.263064525934981","1","0.473713693359047","0.480667785867276","0.674683498630836","15_10"
"10.6434206938148","1.53750265195692","0.398345165206015","1.93889709707373","0.64342069381485","0.287266560659963","1","0.601617237160479","0.6520218826382","0.79609091205872","15_10"
"10.5991514080675","1.55073316216552","0.373542090873815","1.99394156461433","0.59915140806752","0.269868579819899","1","0.544635279919501","0.540734371765186","0.690527285859527","15_10"
"10.4815711195166","1.61052924240715","0.304007800046558","2.15515911740331","0.4815711195166","0.267690327294208","1","0.4048895150323","0.481373111648973","0.72641638775676","15_10"
"10.6430720766649","1.50570775992218","0.443767107076122","1.9078476195977","0.643072076664916","0.240982686241663","1","0.586379159886425","0.339237996861779","0.875153807838121","15_10"
"10.5998378955744","1.5704781215576","0.358395285183874","2.00204636573882","0.599837895574381","0.299368327945114","1","0.561099584847446","0.750450336970155","0.642582597865095","15_10"
"10.6528550520611","1.52988269395152","0.405828669082056","1.92361281760336","0.652855052061085","0.287542934600798","1","0.615890313852969","0.656562982716535","0.790382011602185","15_10"
"10.8486649564644","1.33883415022828","0.672022009016407","1.52676793192523","0.848664956464426","0.229887278485105","1","0.944675268605351","0.267220668727532","0.78293276228942","15_10"
"10.7426596679748","1.47702595091587","0.494151952248724","1.76259406755224","0.742659667974796","0.320251267235811","1","0.809418071901857","0.871215785321038","0.714949397245403","15_10"
"10.6719528424749","1.517499557014","0.426396938491763","1.88340102077656","0.671952842474906","0.284861843833414","1","0.647559003726885","0.639903700722158","0.755444839849526","15_10"
"10.7122533637866","1.48305250797115","0.470269801011717","1.81216494777917","0.712253363786565","0.27405886060987","1","0.707731708163277","0.556635392403556","0.694898259178517","15_10"
"10.6399757732699","1.52240322711278","0.412430865206009","1.91700595701558","0.639975773269944","0.263272934751638","1","0.608950084214133","0.51227501293076","0.6023647327667","15_10"
"10.6833170285159","1.50676214876949","0.44089263007363","1.85808349283499","0.68331702851593","0.273411879726354","1","0.667606907710526","0.570881631872481","0.650183145063455","15_10"
"10.8127011267622","1.40020694277704","0.579383627155286","1.6314533111692","0.812701126762161","0.28509436595354","1","0.897316805207923","0.587748602686905","0.860852497929054","15_10"
"10.6483096351061","1.54350637375128","0.400726945901654","1.91797889249714","0.64830963510606","0.318777821607237","1","0.64820725076586","0.894768048776314","0.73026070312019","15_10"
"10.8486649564644","1.33883415022828","0.672022009016407","1.52676793192523","0.848664956464426","0.229887278485105","1","0.944675268605351","0.267220668727532","0.78293276228942","15_10"
"10.6568159063772","1.49729027057403","0.456058075696229","1.86664142354366","0.656815906377247","0.248479345642198","1","0.639202687829416","0.385837380312321","0.545819136475563","15_10"
"10.6499467423551","1.52765802230192","0.412274093311965","1.91545257770707","0.649946742355148","0.277362492870785","1","0.628124494322475","0.589444561353083","0.581276944089573","15_10"
"10.6890376670557","1.49294886245826","0.4557157637105","1.84715093277828","0.689037667055688","0.264403187675113","1","0.682489336371269","0.514847531537951","0.57588505249235","15_10"
"10.6783567502631","1.48011579742612","0.48291824672741","1.84619026459575","0.678356750263079","0.232997505745768","1","0.644064589135298","0.301942162291462","0.718597067321532","15_10"
"10.5972576511901","1.54529987710359","0.380423845223562","1.996308256029","0.59725765119011","0.262530859950221","1","0.533850585692191","0.49150789258412","0.74076083399845","15_10"
"10.7050753964996","1.48155149637017","0.464222981935687","1.81882086782211","0.705075396499573","0.263656109195648","1","0.700237086143218","0.512771618706535","0.611780100430524","15_10"
"10.7117378135924","1.47961122483769","0.472011780070728","1.81048205739949","0.711737813592379","0.262503652044852","1","0.702054513169093","0.511319987441243","0.67967046210669","15_10"
"10.8426284610858","1.3544175379856","0.643105883561928","1.54892787248379","0.84262846108582","0.253849406668924","1","0.944299370797296","0.394036925831791","0.784598154871581","15_10"
"10.6650124604844","1.49946680467938","0.442746826408954","1.88263549152883","0.665012460484412","0.251385341137579","1","0.631916559168989","0.429261528970992","0.675241255898882","15_10"
"5.39965111360531","1.53290728323981","0.327325421988897","2.11643027097097","0.399651113605315","0.274476610980082","0.784","0.386838257457527","0.461497888029254","0.399409950012341","15_10"
"10.5399242061651","1.59161099293133","0.323404296161126","2.08938413829381","0.539924206165074","0.276616726241966","1","0.466880886462893","0.586384684398868","0.763774712638225","15_10"
"10.7278061370582","1.47528615080658","0.478787730647412","1.78558580580078","0.727806137058225","0.304687549979777","1","0.762828058296476","0.777748660064393","0.780779606183932","15_10"
"10.6665087550621","1.52922057531405","0.417632571602583","1.89513823292688","0.666508755062101","0.31392594669838","1","0.664920653337331","0.854251455291499","0.866208706897635","15_10"
"10.7303995881555","1.4616604789234","0.492008483477605","1.78473178006129","0.730399588155463","0.259197955208771","1","0.721441060105561","0.474440801230037","0.750574483438961","15_10"
"10.8197502164459","1.34301247128055","0.665527498000725","1.5565395421458","0.819750216445927","0.199009322093716","1","0.898389684967697","0.125555095961317","0.647060193819925","15_10"
"10.7055057173249","1.4878002541997","0.464969807216138","1.81575440267516","0.705505717324862","0.273509159781556","1","0.705914281137403","0.558087023668848","0.627007897502351","15_10"
"10.7927213533338","1.39253183030974","0.598051491489089","1.6437496367504","0.792721353333829","0.227189806492627","1","0.83099561650574","0.278011403209687","0.71335639249673","15_10"
"10.6393652922391","1.51896139802305","0.414680740076852","1.93569620287514","0.639365292239096","0.259932186213932","1","0.583465157060015","0.477968963150494","0.808297587310899","15_10"
"10.6226381611091","1.52972146305723","0.402088767904388","1.95753151801227","0.622638161109123","0.260884824535765","1","0.5717113929608","0.481416532684717","0.698446070574624","15_10"
"10.6195441974897","1.52467435651931","0.420761849892837","1.9490858352964","0.619544197489693","0.246233126870748","1","0.5586451884516","0.36196405583074","0.737624099223755","15_10"
"10.7913917343593","1.41187020974886","0.559373463158273","1.66236198115089","0.791391734359342","0.270244251279536","1","0.852120861660288","0.512027192859384","0.702794912969694","15_10"
"10.642584953045","1.53512414154483","0.401223565074173","1.93759010086551","0.642584953044961","0.276727978035748","1","0.592316254132132","0.585802531971545","0.820158626633112","15_10"
"10.8293288317909","1.37174321721043","0.615878231691762","1.5843169135221","0.829328831790864","0.257113939813001","1","0.912360212272766","0.425556529325454","0.795111243008087","15_10"
"10.648949782827","1.49173812578773","0.458848940325843","1.89268559370667","0.648949782827017","0.237795213827796","1","0.609654007686128","0.315352398252717","0.669417541767297","15_10"
"10.6021031931772","1.55341295576985","0.37216719091056","1.99562668945605","0.602103193177161","0.269839900784953","1","0.537324155431774","0.550469146089951","0.825511928880587","15_10"
"10.6484074635816","1.50710985611969","0.444028235778638","1.8990279906454","0.648407463581597","0.247359356012517","1","0.605345948814149","0.37268085682363","0.702346509306049","15_10"
"10.7178010267875","1.48791166144482","0.465852899536595","1.81250101911587","0.717801026787548","0.292983713607019","1","0.724858661706266","0.678727802716391","0.78355773421824","15_10"
"10.628242326894","1.51586624996637","0.430568172378759","1.92927750759901","0.628242326893968","0.248545131652732","1","0.592501927466868","0.375120579319431","0.581096726393269","15_10"
"10.7122533637866","1.48305250797115","0.470269801011717","1.81216494777917","0.712253363786565","0.27405886060987","1","0.707731708163277","0.556635392403556","0.694898259178517","15_10"
"10.6572378494258","1.52372509095511","0.41702831135239","1.90305911630791","0.657237849425838","0.273808027346666","1","0.630495277999498","0.56986665651686","0.607678267268668","15_10"
"10.8256109771114","1.37460006042284","0.611284749708747","1.58869066689506","0.825610977111394","0.25615752719995","1","0.902126147691608","0.41776361354526","0.787877978984693","15_10"
"10.819239205398","1.38024455184368","0.601756989655739","1.60687945568235","0.819239205398001","0.254142102324284","1","0.891124182479022","0.413781852865154","0.73770585190743","15_10"
"10.6626346753787","1.49806375980778","0.45044510585694","1.88068206944391","0.662634675378656","0.248918718306542","1","0.633055334356505","0.394903938958319","0.611749971133512","15_10"
"10.6623648203786","1.52289051336247","0.417860127388059","1.90148100381245","0.662364820378605","0.273656041511988","1","0.628257834670394","0.569907760318085","0.663966477968392","15_10"
"10.8426284610858","1.3544175379856","0.643105883561928","1.54892787248379","0.84262846108582","0.253849406668924","1","0.944299370797296","0.394036925831791","0.784598154871581","15_10"
"10.63848349975","1.53094207211607","0.400449365753564","1.9401726113026","0.638483499749989","0.271472060316294","1","0.583936223629174","0.544969358238178","0.816274705148667","15_10"
"10.7063477968638","1.4713148544736","0.482389046407841","1.8198095286","0.706347796863805","0.248032334629491","1","0.685091747487263","0.40951660193763","0.722133558863033","15_10"
"10.6593127753242","1.5034755662417","0.438320793391119","1.88915121307857","0.6593127753242","0.254992601360768","1","0.629545775491966","0.448839433807215","0.648839932719787","15_10"
"10.6420383442413","1.51546731385242","0.417901718606994","1.92757915081599","0.642038344241323","0.258490111155019","1","0.590123392476227","0.467842038459099","0.756714942972986","15_10"
"10.6576806111977","1.52361633890233","0.416492297448227","1.90807371402418","0.657680611197686","0.275439317514915","1","0.618262186291776","0.576648249706607","0.734774739684538","15_10"
"10.729120185677","1.43317351872584","0.544119445324946","1.74774819667639","0.729120185676953","0.221209345803488","1","0.73262817649358","0.242205625120119","0.645331431360944","15_10"
"10.8258156976458","1.33735817814009","0.669063255278153","1.55158739346816","0.825815697645772","0.200515711398597","1","0.908623749548855","0.133348011741512","0.654293457843319","15_10"
"10.661882994789","1.52916367616339","0.410372468494917","1.90892265612635","0.661882994788966","0.292508821931813","1","0.630285650722343","0.684823389319547","0.817380498598804","15_10"
"10.7987575734494","1.40457868250177","0.571853342982497","1.64572435406598","0.798757573449364","0.268051523418178","1","0.858067679484281","0.49442127901872","0.759671013470993","15_10"
"10.6396783686794","1.52699383016126","0.404878583692435","1.93973831750621","0.639678368679386","0.267149709096734","1","0.58884268439255","0.526841278465714","0.756328250857532","15_10"
"10.6304475878548","1.54852565470913","0.385664475008612","1.95695526318649","0.63044758785479","0.28974441836038","1","0.588590252925685","0.680083854900446","0.733110062659407","15_10"
"10.6641523459619","1.498866073628","0.440762414562732","1.88882592142674","0.664152345961878","0.254363190307487","1","0.625258323752776","0.439388453662388","0.726823900236795","15_10"
"10.7371457068462","1.43182747457344","0.531403596694411","1.73701871095042","0.737145706846172","0.249634907754166","1","0.774711592688249","0.395624483771958","0.511992958607152","15_10"
"10.6438135695348","1.52252311659878","0.410457616260335","1.93049763877118","0.643813569534809","0.266121681501917","1","0.591845187562972","0.518802136883861","0.812181508795344","15_10"
"10.6559390563169","1.50434957111703","0.4382749114785","1.8913809006899","0.655939056316892","0.256831400302848","1","0.63178321882107","0.44879833000599","0.592551722020063","15_10"
"10.747354741627","1.44411060908523","0.518286563135762","1.74492658292717","0.747354741627035","0.253947626555502","1","0.756347045957578","0.442455237747977","0.715110691643783","15_10"
"10.6655708597892","1.49747325140095","0.448170784007237","1.87837312283408","0.665570859789208","0.249861001453977","1","0.6380639126419","0.420194970324995","0.609310421240934","15_10"
"10.7122533637866","1.48305250797115","0.470269801011717","1.81216494777917","0.712253363786565","0.27405886060987","1","0.707731708163277","0.556635392403556","0.694898259178517","15_10"
"10.8486649564644","1.33883415022828","0.672022009016407","1.52676793192523","0.848664956464426","0.229887278485105","1","0.944675268605351","0.267220668727532","0.78293276228942","15_10"
"10.8675995938416","1.34175386507454","0.734314866832168","1.45823460134758","0.86759959384157","0.159793681517241","1","0.5","0.4","0.75","05_15"
"10.8675995938416","1.34175386507454","0.734314866832168","1.45823460134758","0.86759959384157","0.159793681517241","1","0.5","0.4","0.75","05_15"
"10.6159897870646","1.55778312227647","0.451509408941756","1.95212856687351","0.615989787064595","0.165438671366002","1","0.2655086631421","0.380035179434344","0.79423986072652","05_15"
"0.0738777365367566","0.0633128665281016","2.14492845237725","0.00751581416435323","0.0738777365367566","0.288848082791617","0.002","0.37212389963679","0.777445221319795","0.107943625887856","05_15"
"10.9059578688863","1.3097648470685","0.786790340419152","1.38802057105119","0.905957868886347","0.16658537681952","1","0.572853363351896","0.934705231105909","0.723710946040228","05_15"
"0.0765348348282827","0.0670410558121644","2.12121717531279","0.00784579617042701","0.0765348348282827","0.284432708506254","0.0948","0.908207789994776","0.212142521282658","0.411274429643527","05_15"
"10.5085429907579","1.61541206030014","0.373950422944647","2.11222867916131","0.508542990757873","0.167883912106106","1","0.201681931037456","0.651673766085878","0.820946294115856","05_15"
"10.9917747137003","1.19345843783714","0.944744117922816","1.03907369979815","0.991774713700322","0.151647389522052","0.9742","0.898389684967697","0.125555095961317","0.647060193819925","05_15"
"6.06427891053907","1.11007795382287","1.05083540003782","0.77115675816701","1.06427891053907","0.150496688719138","0.9782","0.944675268605351","0.267220668727532","0.78293276228942","05_15"
"5.61560819968153","1.16119936242532","0.959117513385143","1.06019322505982","0.615608199681532","0.185481523973592","0.6472","0.660797792486846","0.386114092543721","0.553036311641335","05_15"
"0.406039108587845","0.85118219648558","1.41020099094667","0.508392189325597","0.406039108587845","0.241576798108432","0.5002","0.62911404389888","0.0133903331588954","0.529719580197707","05_15"
"10.1733519606551","1.71476522027121","0.242450606043999","2.52481117575808","0.173351960655083","0.173954532858242","1","0.0617862704675645","0.382387957070023","0.789356231689453","05_15"
"0.0738777365367566","0.0633128665281016","2.14492845237725","0.00751581416435323","0.0738777365367566","0.288926415892696","0","0.205974574899301","0.86969084572047","0.023331202333793","05_15"
"0.0857642741291208","0.0761948819091723","2.02353630390662","0.00880824563650486","0.0857642741291208","0.276089741426394","0.262","0.176556752528995","0.34034899668768","0.477230065036565","05_15"
"10.9766477582752","1.21619297121356","0.90549174529472","1.17900303161015","0.976647758275242","0.155593370809474","1","0.687022846657783","0.482080115471035","0.7323137386702","05_15"
"10.7100858661444","1.48921470564628","0.547010929638373","1.79218471081304","0.710085866144414","0.164136615839961","1","0.384103718213737","0.599565825425088","0.692731556482613","05_15"
"0.0857642741291208","0.0761948819091723","2.02353630390662","0.00880824563650486","0.0857642741291208","0.276328650161245","0.2498","0.769841419998556","0.493541307048872","0.477619622135535","05_15"
"10.9142663683516","1.29440054361566","0.796700399157283","1.36099598182408","0.914266368351644","0.157553143246169","1","0.497699242085218","0.186217601411045","0.8612094768323","05_15"
"0.0781555937749687","0.0685816651131868","2.08813655590863","0.00808073159300118","0.0781555937749687","0.283131365661843","0.1422","0.717618508264422","0.827373318606988","0.438097107224166","05_15"
"0.0739680384453482","0.0636974319773781","2.14285267502587","0.0075444177942926","0.0739680384453482","0.288563690346823","0.0128","0.991906094830483","0.668466738192365","0.244797277031466","05_15"
"0.0738777365367566","0.0633128665281016","2.14492845237725","0.00751581416435323","0.0738777365367566","0.288848082791617","0.002","0.1","0.1","0.1","05_15"
"0.0739680384453482","0.0636974319773781","2.14492845237725","0.0075444177942926","0.0739680384453482","0.288563690346823","0.01","0.2","0.2","0.2","05_15"
"0.074317609312195","0.0649941565283918","2.13451899927242","0.00762429185716292","0.074317609312195","0.287874101487497","0.034","0.3","0.3","0.3","05_15"
"0.0762624640630643","0.06703717160876","2.12658940239429","0.00781891115619665","0.0762624640630643","0.284499249460064","0.096","0.4","0.4","0.4","05_15"
"0.0983708756826813","0.0834188385321203","1.94094024243058","0.0100283960250051","0.0983708756826813","0.270826991706446","0.3498","0.5","0.5","0.5","05_15"
"5.81336421963085","1.33409837549917","0.730194924161218","1.46481498538315","0.813364219630845","0.165483839130259","0.9138","0.6","0.6","0.6","05_15"
"10.9564869238628","1.23405655801616","0.874380604567058","1.21527424879691","0.956486923862791","0.160828879253077","1","0.7","0.7","0.7","05_15"
"6.03882386605898","1.14281216788655","1.00497936516558","0.931887693548777","1.03882386605898","0.165143005820048","1","0.8","0.8","0.8","05_15"
"6.0366628418113","1.10119137744952","1.06160662017822","0.78034804182104","1.03666284181131","0.180790851400312","0.9874","0.9","0.9","0.9","05_15"
"1.00642507975995","1.08138238349882","1.08922492132344","0.699968154225431","1.00642507975995","0.204573323052316","0.942","1","1","1","05_15"
"10.9419046030165","1.25395668926665","0.849460138346666","1.25304165680745","0.94190460301655","0.156685230600316","0.9984","0.73185064777699","0.368461201034223","0.64910806394944","05_15"
"10.6349320484246","1.54618628946045","0.463671222460721","1.92659786025893","0.634932048424635","0.166015737526681","1","0.277473770277474","0.689526082507226","0.789278498839327","05_15"
"10.9865738720144","1.20165017729043","0.920927901505874","1.14429918183809","0.986573872014434","0.159518997828209","1","0.656690063807653","0.697383285265189","0.787183383471945","05_15"
"10.9917747137003","1.19345843783714","0.944744117922816","1.03907369979815","0.991774713700322","0.151647389522052","0.9742","0.898389684967697","0.125555095961317","0.647060193819925","05_15"
"10.9142663683516","1.29440054361566","0.796700399157283","1.36099598182408","0.914266368351644","0.157553143246169","1","0.497699242085218","0.186217601411045","0.8612094768323","05_15"
"10.9766477582752","1.21619297121356","0.90549174529472","1.17900303161015","0.976647758275242","0.155593370809474","1","0.687022846657783","0.482080115471035","0.7323137386702","05_15"
"10.7100858661444","1.48921470564628","0.547010929638373","1.79218471081304","0.710085866144414","0.164136615839961","1","0.384103718213737","0.599565825425088","0.692731556482613","05_15"
"6.04122229903659","1.12874330333522","1.02763156045781","0.865962069605364","1.04122229903659","0.161773422377697","0.989","0.938671879014537","0.653255316802744","0.733172426637387","05_15"
"6.0366628418113","1.10119137744952","1.06160662017822","0.78034804182104","1.03666284181131","0.180790851400312","0.9874","0.9","0.9","0.9","05_15"
"10.9921583939346","1.20456497414552","0.930706370796084","1.12569686542382","0.992158393934572","0.159519320303874","1","0.739392400542603","0.691799126033003","0.721663075910714","05_15"
"10.7721240115433","1.4379278148444","0.603696891704747","1.68336824101346","0.772124011543333","0.162458511163254","1","0.386993293168439","0.383012422468562","0.767116965301489","05_15"
"10.9142663683516","1.29440054361566","0.796700399157283","1.36099598182408","0.914266368351644","0.157553143246169","1","0.497699242085218","0.186217601411045","0.8612094768323","05_15"
"10.9024339508724","1.30446528215075","0.786665320795528","1.39072664847212","0.902433950872448","0.16186637896594","1","0.557609135923688","0.743299889974967","0.735264366822794","05_15"
"10.6405789025789","1.54240625092739","0.471077108258078","1.91620620644135","0.640578902578864","0.165080231486739","1","0.280921530236901","0.475647594329351","0.790317310593099","05_15"
"6.04317094343081","1.10834856995641","1.05603805550672","0.790938665846795","1.04317094343081","0.166012208134243","0.9894","0.879846191778779","0.709939012303948","0.875636447453871","05_15"
"0.0739680384453482","0.0636974319773781","2.14474263764381","0.0075444177942926","0.0739680384453482","0.288563690346823","0.0118","0.645187257968841","0.805088782832969","0.234661261551082","05_15"
"10.9244875238376","1.28494941354806","0.812130524781831","1.33462011222202","0.924487523837555","0.157312499940635","1","0.512943469513427","0.377622942541986","0.849656056049735","05_15"
"11.0135247585894","1.18214494427913","0.953794266820829","1.06545846654658","1.01352475858937","0.151253493920013","1","0.672112573143654","0.238808374142665","0.828633323989691","05_15"
"10.9917747137003","1.19345843783714","0.944744117922816","1.03907369979815","0.991774713700322","0.151647389522052","0.9742","0.898389684967697","0.125555095961317","0.647060193819925","05_15"
"10.9870005404618","1.21253081949137","0.912026356921201","1.14857515128756","0.987000540461752","0.16601650006591","1","0.720153808221221","0.890060987696052","0.724363552546129","05_15"
"10.6961719412704","1.4992894035396","0.531619569012858","1.82013946724574","0.696171941270349","0.164066822467451","1","0.368690851118936","0.503953410530082","0.696654106616035","05_15"
"10.5423511701535","1.59302016896778","0.395648664095508","2.05558097871525","0.542351170153466","0.167402231269268","1","0.244991867229803","0.654290480820689","0.733762910643911","05_15"
"10.9991748572035","1.1925426612934","0.943866568697301","1.09218660356192","0.99917485720353","0.169103777038969","1","0.727666105383055","0.92961644827294","0.751625159080571","05_15"
"10.8706379720247","1.34485174629935","0.734025687230411","1.46057715963419","0.870637972024708","0.166769909681879","1","0.497061524111878","0.896852914684561","0.755378741316757","05_15"
"10.7814682402395","1.42580034832095","0.620184329512833","1.66545431649301","0.781468240239514","0.163380972280463","1","0.4376066063254","0.683868702218754","0.708322094464781","05_15"
"10.8560003769455","1.35539397151251","0.719906868455335","1.49934194137646","0.85600037694549","0.159908716670673","1","0.519350475240233","0.431016370421275","0.708120408058061","05_15"
"0.0743587612196799","0.0651732009036218","2.13314261424411","0.0076401520241102","0.0743587612196799","0.287373816567855","0.038","0.174792977299126","0.399375534601461","0.325278303353116","05_15"
"10.8720420791329","1.34777960607911","0.727574796516086","1.47739364041493","0.872042079132904","0.168138370488244","1","0.4454318391992","0.946310508622344","0.959559129845226","05_15"
"10.9142663683516","1.29440054361566","0.796700399157283","1.36099598182408","0.914266368351644","0.157553143246169","1","0.497699242085218","0.186217601411045","0.8612094768323","05_15"
"10.9873547998189","1.20618321220618","0.915222952770554","1.14507934325064","0.987354799818921","0.162336768390618","1","0.625586668941564","0.74740922726838","0.832576152842609","05_15"
"10.9142663683516","1.29440054361566","0.796700399157283","1.36099598182408","0.914266368351644","0.157553143246169","1","0.497699242085218","0.186217601411045","0.8612094768323","05_15"
"6.04857872570076","1.13638986900803","1.0191314551352","0.882716260389957","1.04857872570076","0.157770797953991","1","0.840378080873017","0.592253013903225","0.792007615623963","05_15"
"6.03667183717771","1.13988236160517","1.00604906867343","0.927012054650519","1.03667183717771","0.163123714683002","0.9976","0.886745197757649","0.747872586942834","0.729785216680401","05_15"
"10.9142663683516","1.29440054361566","0.796700399157283","1.36099598182408","0.914266368351644","0.157553143246169","1","0.497699242085218","0.186217601411045","0.8612094768323","05_15"
"10.9127349283864","1.29578414636494","0.79588287952646","1.37283878190216","0.912734928386446","0.162145291682998","1","0.572421859174443","0.732193483220859","0.731698537225043","05_15"
"10.8608178465325","1.34338473257884","0.730165513136622","1.47339687493697","0.860817846532513","0.158307295182947","1","0.58470304713364","0.144414006910686","0.651297628064082","05_15"
"10.9518849793493","1.25013929200151","0.860323834747948","1.25109419293713","0.951884979349338","0.166160067040287","1","0.616489394405255","0.893669253866617","0.756951835354819","05_15"
"10.8321482786461","1.38209576165952","0.684141961120427","1.54977508277153","0.832148278646089","0.161328437805506","1","0.426541627730282","0.233653380089786","0.802491641798482","05_15"
"10.902866049147","1.29298067222922","0.795229196920393","1.35104549327793","0.902866049147048","0.156762437760892","1","0.653748603164656","0.374655467638153","0.653127482460944","05_15"
"11.0122609417816","1.17416919157448","0.962012366777779","1.05118148706138","1.01226094178157","0.170008334874481","1","0.677480501525894","0.945833968523016","0.925259573608772","05_15"
"10.9873369007753","1.20533637237429","0.91794374788671","1.14265829972322","0.987336900775309","0.160790873464459","1","0.724579677291848","0.702905532787111","0.725228905508465","05_15"
"11.0091695680166","1.17583769801263","0.957718522937738","1.06227117433731","1.00916956801661","0.155112733305962","1","0.771318758682752","0.486147199434947","0.732736895779348","05_15"
"6.03521086462356","1.15221759142391","0.996062481312947","0.963797313797682","1.03521086462356","0.14873411429884","1","0.764995584120616","0.184452595195292","0.800423166466334","05_15"
"10.8802451836887","1.32469740088742","0.756591356058702","1.43160533999754","0.880245183688749","0.159476166977705","1","0.519098052836095","0.47595745263846","0.746414955731301","05_15"
"10.7908287597098","1.41509099003836","0.632705593232732","1.63333103325767","0.790828759709793","0.162657108386273","1","0.427333992820245","0.616926807336722","0.737543545208423","05_15"
"10.8456397783993","1.37254329470424","0.69118369118962","1.53985008025852","0.845639778399323","0.160800872996683","1","0.448846324058589","0.481770257161926","0.776216093531998","05_15"
"10.8749006169448","1.34236857065791","0.73688608493901","1.4606717071904","0.874900616944845","0.160035946658792","1","0.458150907523375","0.335576643789821","0.825834800335308","05_15"
"10.9991748572035","1.1925426612934","0.943866568697301","1.09218660356192","0.99917485720353","0.169103777038969","1","0.727666105383055","0.92961644827294","0.751625159080571","05_15"
"11.0097142792478","1.17949531248892","0.956922172766472","1.0651492718236","1.00971427924777","0.167420359499575","1","0.667951337673306","0.900476540099328","0.934299556236454","05_15"
"10.988799347738","1.19137900021607","0.932219115430167","1.10076577449443","0.988799347737999","0.152449689837601","0.9992","0.805506673990735","0.17991087490869","0.675270351343282","05_15"
"10.6404293826078","1.54315904747696","0.46903252967946","1.91730194179071","0.640429382607754","0.165233224436079","1","0.28069706987808","0.596078581429717","0.790044772426753","05_15"
"10.8510471310643","1.36299845909011","0.706295765837684","1.51634483339322","0.851047131064284","0.160483640329053","1","0.496097072860739","0.487951340291015","0.728012869516877","05_15"
"10.7911341032229","1.42728083166802","0.619588780805192","1.65515498434233","0.791134103222936","0.164880682501024","1","0.438418382410569","0.78387951787792","0.714489302724369","05_15"
"10.6344732688772","1.5459594927917","0.464967581348009","1.92601147055207","0.634473268877184","0.165496821160103","1","0.277698230636295","0.569095095406859","0.789551037005673","05_15"
"10.8502476771806","1.36407516398167","0.705453099748319","1.51370477497138","0.850247677180585","0.160231616859956","1","0.465095337780773","0.376818155864632","0.763097546789984","05_15"
"10.8199848031555","1.39149103085358","0.662565125364883","1.5898970997654","0.819984803155529","0.163543115173949","1","0.397358520456088","0.751693238482254","0.862946339802212","05_15"
"10.9200367616274","1.29047390247495","0.806644283471212","1.34872614219917","0.920036761627444","0.161028812216164","1","0.537262193514275","0.700566946083133","0.785610289433883","05_15"
"11.0135247585894","1.18214494427913","0.953794266820829","1.06545846654658","1.01352475858937","0.151253493920013","1","0.672112573143654","0.238808374142665","0.828633323989691","05_15"
"6.05804066082358","1.13146933466737","1.02853069035633","0.859126235573547","1.05804066082358","0.14899966784805","0.999","0.811385879919275","0.167358690461676","0.856972042588143","05_15"
"10.8785577312988","1.33140842241976","0.757945392952238","1.44035637368605","0.878557731298804","0.159212316859549","1","0.55961662491598","0.498082185710102","0.700954975769359","05_15"
"10.9230594824372","1.28478498600491","0.814975961857243","1.33652837302191","0.923059482437199","0.160436948266839","1","0.529929296001917","0.640084004668592","0.804854719640557","05_15"
"10.8392623244102","1.36827206676107","0.698990628166422","1.52290462062138","0.839262324410246","0.160366607169428","1","0.464484020303654","0.227860372237436","0.754427591330692","05_15"
"10.8856265528592","1.33150276681716","0.750580123696811","1.4427840570009","0.885626552859238","0.158793618997913","1","0.485088558301525","0.370412204709365","0.788086722639111","05_15"
"11.0003724002361","1.19198613886104","0.944442641447379","1.09470001004241","1.00037240023611","0.168163914114121","1","0.727300068625873","0.91152380238162","0.750327447550939","05_15"
"10.9234138213149","1.28852379502919","0.816624719840307","1.33046545482283","0.923413821314923","0.165091935332967","1","0.616064105477108","0.894768048776314","0.711278162719535","05_15"
"11.0135247585894","1.18214494427913","0.953794266820829","1.06545846654658","1.01352475858937","0.151253493920013","1","0.672112573143654","0.238808374142665","0.828633323989691","05_15"
"10.8952379884596","1.31839669416202","0.769392253857898","1.41552210263342","0.895237988459634","0.158170894281792","1","0.477706021564466","0.192623552566311","0.836220300983174","05_15"
"10.883287141623","1.33151210117325","0.749258333733446","1.4450183034306","0.883287141622988","0.163470808382509","1","0.471633604192134","0.742236747051529","0.821271188225977","05_15"
"10.8933711746665","1.32034108624748","0.764203400173951","1.41841404670283","0.893371174666528","0.158610501474253","1","0.47758680959387","0.441298077033535","0.831611136779531","05_15"
"10.8982374061452","1.31516245695432","0.774091660579277","1.40754530482158","0.898237406145213","0.165579156985513","1","0.510005020241545","0.854549522246694","0.784952509407532","05_15"
"10.8274202471339","1.37980058915769","0.679534739172709","1.54488706295297","0.827420247133945","0.160415712031344","1","0.513437045152641","0.390308430549432","0.675455452561084","05_15"
"10.9167453959568","1.29357135052661","0.802916010712306","1.35482419966352","0.916745395956786","0.157332326474649","1","0.505032139597577","0.246700542825585","0.841965046625627","05_15"
"10.926097125094","1.28065450551712","0.814781875594842","1.33458950309187","0.926097125093964","0.156848889944938","1","0.537844662322084","0.251501404768451","0.792867720969671","05_15"
"11.0067970128212","1.18459683148944","0.948539743967285","1.07781141715117","1.00679701282122","0.152324124124074","1","0.673253298113908","0.348807852010444","0.817097159454893","05_15"
"10.8732674790769","1.33718186773647","0.738649070188576","1.45531794467044","0.873267479076865","0.162130772420155","1","0.498358155019591","0.671145507455963","0.756717422099792","05_15"
"0.0762624640630643","0.0667832192941941","2.12658940239429","0.00781891115619665","0.0762624640630643","0.284499249460064","0.094","0.300809502369429","0.340998105807227","0.399409950012341","05_15"
"10.7599470925385","1.45215967304889","0.588017391667974","1.70153509638521","0.759947092538517","0.162519857878521","1","0.355926032878363","0.584394530985147","0.820301930248191","05_15"
"10.9339551166476","1.26011259476064","0.846250330591164","1.26339633131826","0.933955116647625","0.156459221100064","1","0.69321861894838","0.464757496893074","0.665248370853012","05_15"
"10.8811268022078","1.32206124201258","0.755932448628776","1.42910316891256","0.881126802207763","0.158951792698386","1","0.519464089593278","0.49405009852978","0.747712667260933","05_15"
"10.9371934242221","1.26791046463988","0.831997141478569","1.29534155383495","0.937193424222142","0.160207519893577","1","0.531000426333045","0.68729982735288","0.868719499267579","05_15"
"11.0122609417816","1.17416919157448","0.962012366777779","1.05118148706138","1.01226094178157","0.170008334874481","1","0.677480501525894","0.945833968523016","0.925259573608772","05_15"
"10.9575556894615","1.24425300561432","0.865606061462891","1.23925337146809","0.957555689461486","0.163349116043346","1","0.57634397416839","0.82838545050921","0.825293591217448","05_15"
"10.9638833970484","1.23211265488537","0.88286161730871","1.21871234092842","0.963883397048358","0.154306857208866","1","0.596883610143372","0.250492424587236","0.798376166168254","05_15"
"10.8324961009838","1.37636477596008","0.689397886467217","1.54204779876904","0.832496100983825","0.160709935020066","1","0.46485468023449","0.483473771724642","0.744233710293904","05_15"
"10.8983723145902","1.3177620426424","0.774952590152552","1.40595614245074","0.898372314590187","0.159220300938613","1","0.567645550832259","0.601273844425444","0.715215575108284","05_15"
"10.8443971403758","1.36821081070899","0.694148731494986","1.53185975558192","0.844397140375797","0.166304602118691","1","0.424178305829144","0.827629236576995","0.846091111346865","05_15"
"10.9966792273368","1.19262771733137","0.940064076362654","1.08454032747515","0.996679227336804","0.153334751850632","1","0.782476458855192","0.337449838747631","0.702794912969694","05_15"
"10.8635152687877","1.35161790558347","0.721628478485444","1.48765112794717","0.86351526878769","0.160361894749086","1","0.480088716684839","0.486247825728299","0.75999525275497","05_15"
"11.0166439685196","1.17087346792049","0.969956435533699","1.02923334052217","1.01664396851956","0.152232491142824","1","0.770178033712498","0.376147721567167","0.744273060314146","05_15"
"10.8088820617624","1.39522495558374","0.66564793083025","1.5931644594038","0.80888206176241","0.161129536365062","1","0.488125552916316","0.21927919202569","0.680014627771337","05_15"
"10.9008336307052","1.31502295878432","0.774314846962693","1.40436700007017","0.900833630705191","0.158230074203841","1","0.487648067378555","0.386211325093946","0.825511928880587","05_15"
"10.8295057633034","1.38580382501536","0.685766713223221","1.563856609573","0.829505763303433","0.160360213199505","1","0.497002872030339","0.381376960070651","0.696171077958844","05_15"
"10.9292688033646","1.27746017804713","0.819940631920374","1.31937812429755","0.929268803364627","0.158556798957404","1","0.519663458173027","0.583581446731168","0.861049174465178","05_15"
"10.8867404223495","1.32949823475537","0.755386250129453","1.43622071351354","0.886740422349544","0.158922398052664","1","0.501522731423828","0.379343675188145","0.767371097241351","05_15"
"10.9339551166476","1.26011259476064","0.846250330591164","1.26339633131826","0.933955116647625","0.156459221100064","1","0.69321861894838","0.464757496893074","0.665248370853012","05_15"
"10.8879350548498","1.32739451779794","0.755669062291856","1.43414619878325","0.887935054849846","0.16326922954021","1","0.475355524244576","0.705455394148321","0.824176422332002","05_15"
"11.0113188426513","1.17565928768234","0.959791009871573","1.05593286401673","1.01131884265125","0.168290806516026","1","0.674383877341905","0.930325461805611","0.919975130821822","05_15"
"10.9962939608903","1.20055618107822","0.929068352435678","1.11960275707117","0.996293960890279","0.153243081174813","1","0.638999534511351","0.352312687953883","0.829910211875352","05_15"
"10.8862483474915","1.32890510800856","0.756253653196793","1.43073371752817","0.886248347491463","0.158376557751827","1","0.47875928481211","0.385212516021201","0.810259137718253","05_15"
"10.8871312072563","1.3266736041589","0.755282104969732","1.43512753167211","0.887131207256342","0.163130529018762","1","0.47184293670928","0.705532616579994","0.830370446335369","05_15"
"11.0135247585894","1.18214494427913","0.953794266820829","1.06545846654658","1.01352475858937","0.151253493920013","1","0.672112573143654","0.238808374142665","0.828633323989691","05_15"
"10.8467195434362","1.36486701229537","0.702520256467912","1.52238849771229","0.846719543436227","0.160157592843179","1","0.465314521960925","0.388404641140542","0.758172110681461","05_15"
"10.9205737163183","1.29235771234021","0.803526310053154","1.35248723864313","0.920573716318343","0.157240250615343","1","0.510699848226174","0.327793763222316","0.83033424889387","05_15"
"10.8900489258887","1.32451760779412","0.759171348384074","1.4284650946401","0.890048925888686","0.158864881893791","1","0.473864889541428","0.478079429936743","0.828705902673506","05_15"
"10.8653546310031","1.35348844821308","0.721094109067678","1.48793097446367","0.865354631003069","0.159984717111242","1","0.466284617436159","0.272236915555418","0.784349740328609","05_15"
"10.8417998466498","1.36831673259067","0.702094659874228","1.53197838685691","0.841799846649821","0.16067096050762","1","0.503399780073372","0.503466894570726","0.706900802617501","05_15"
"10.9458571695688","1.25912944916286","0.844170780163366","1.2772583475505","0.945857169568819","0.156643915344665","1","0.553691530053207","0.312325149938857","0.814673181848651","05_15"
"11.0104190552215","1.18178528279767","0.952797366163563","1.0695512937258","1.01041905522154","0.151982909317504","1","0.676349922297897","0.364316358727849","0.822381602241843","05_15"
"10.8775817645207","1.34064820256981","0.741583700349364","1.45754283527062","0.877581764520739","0.160519870825563","1","0.491425684844857","0.589966206350011","0.767665577557372","05_15"
"11.0066355223006","1.19285824267666","0.940551280604368","1.09849732363367","1.00663552230058","0.153152619273329","1","0.641432104308264","0.388311694382825","0.884615378292921","05_15"
"10.8167988848462","1.39785423162562","0.668157136354297","1.59175061152029","0.816798884846155","0.161357284386672","1","0.4805662022226","0.319315692660042","0.695696319773774","05_15"
"10.8630268373903","1.35724327792527","0.720623718804976","1.49970710365633","0.86302683739025","0.160473042090928","1","0.508395420098861","0.557987043434669","0.725272072043375","05_15"
"10.8791985340336","1.33307078361007","0.747782806254211","1.44750048746243","0.879198534033563","0.1585759709539","1","0.475786212461365","0.396921533715552","0.801688987781614","05_15"
"0.111517606425172","0.0909072270113519","1.86004025686842","0.0115093471926279","0.111517606425172","0.264790509333034","0.41","0.584045788364356","0.264343074309022","0.511992958607152","05_15"
"10.8562788864861","1.35353158645423","0.718528198249967","1.4925318350091","0.856278886486128","0.160110025905193","1","0.479258215027568","0.325703556825192","0.756250733404201","05_15"
"10.8909104632093","1.32597491887535","0.75921729791114","1.42589670393063","0.890910463209336","0.158906402297417","1","0.477377477076724","0.47800220750507","0.822511878670139","05_15"
"10.9605263233401","1.24275763494841","0.870228680267947","1.237356025283","0.960526323340129","0.162608077863113","1","0.573893059539713","0.809023678908641","0.833511916285523","05_15"
"10.8895907893379","1.32275260173658","0.762060688788189","1.42014344512313","0.889590789337948","0.158231103508495","1","0.483916083083285","0.426497765721699","0.809438721700389","05_15"
"10.9339551166476","1.26011259476064","0.846250330591164","1.26339633131826","0.933955116647625","0.156459221100064","1","0.69321861894838","0.464757496893074","0.665248370853012","05_15"
"11.0166439685196","1.17087346792049","0.969956435533699","1.02923334052217","1.01664396851956","0.152232491142824","1","0.770178033712498","0.376147721567167","0.744273060314146","05_15"
"10.6707023450735","1.5217003402797","0.498383913815684","1.86363076497263","0.670702345073457","0.164630091002341","1","0.289980886038393","0.478079429936743","0.828705902673506","05_15"
"10.8554117439752","1.35350793803638","0.717441908745932","1.48661164853466","0.855411743975184","0.15984632902563","1","0.487480591932933","0.38761632625735","0.749185387821494","05_15"
"11.0166439685196","1.17087346792049","0.969956435533699","1.02923334052217","1.01664396851956","0.152232491142824","1","0.770178033712498","0.376147721567167","0.744273060314146","05_15"
"10.921786076242","1.2898959228214","0.810049105431482","1.33945919979708","0.921786076241969","0.157373586415793","1","0.521083208719899","0.366278827900257","0.813957656272767","05_15"
"0.0739680384453482","0.0635770988034941","2.14492845237725","0.0075444177942926","0.0739680384453482","0.288698102345762","0.008","0.560194936521689","0.364384667512438","0.166742393514141","05_15"
"10.9229663769358","1.28934573244722","0.811087499920681","1.34445052433074","0.922966376935798","0.160892022625725","1","0.558062267642354","0.687968732669937","0.759898815177185","05_15"
"11.0166439685196","1.17087346792049","0.969956435533699","1.02923334052217","1.01664396851956","0.152232491142824","1","0.770178033712498","0.376147721567167","0.744273060314146","05_15"
"10.8587995209712","1.36321265117538","0.717250926669966","1.50509290234918","0.858799520971155","0.160063831255894","1","0.506523095333562","0.425290244921481","0.72195695654099","05_15"
"10.9962023449981","1.19658445572612","0.931752339951035","1.11736331176259","0.996202344998081","0.154645733179283","1","0.6570370612436","0.460012479624161","0.805164915628398","05_15"
"10.831358599262","1.38074977302271","0.690542111544123","1.55655867164527","0.831358599261996","0.160636929267776","1","0.500493722192044","0.400948312231708","0.699765758967691","05_15"
"10.8893446709119","1.32765487726116","0.756226232618762","1.43047358781748","0.88934467091192","0.158943999476366","1","0.47518594143909","0.478041647772826","0.822920048134737","05_15"
"10.9076925265515","1.30391098016459","0.787407112470045","1.37582833727899","0.907692526551519","0.157805288150976","1","0.508394533794672","0.342967855754152","0.802404513357498","05_15"
"10.9230337973216","1.28722175960693","0.809540107815548","1.34057873122226","0.923033797321604","0.157037089539459","1","0.528731459050778","0.336780307623464","0.799409503877111","05_15"
"10.8919343499175","1.32233271825152","0.761220946811243","1.42454274345401","0.89193434991748","0.158885912338821","1","0.476056425179062","0.478039989668987","0.828297733208907","05_15"
"10.9052239455974","1.31155739330099","0.77924000141945","1.39885428843422","0.905223945597424","0.15775269595049","1","0.506501196744911","0.368762100868515","0.791133985918665","05_15"
"10.9603326755108","1.23590384547804","0.876248532638713","1.23567951359381","0.960332675510774","0.155386972605321","1","0.613157857806547","0.381308651286062","0.769038102812711","05_15"
"10.835135210412","1.38046299723984","0.687689599657623","1.5515309766039","0.835135210411959","0.161493487558394","1","0.49104958685708","0.356469958080086","0.711544105542809","05_15"
"10.9481369849625","1.25315924834129","0.856904490142104","1.25009648848376","0.948136984962497","0.155824880655873","1","0.675187008123775","0.455770952491927","0.696173115869771","05_15"
"10.9261040245612","1.28368537845458","0.816726415801225","1.3285170531674","0.926104024561156","0.157266317017781","1","0.526643478260358","0.325248029934326","0.814097697948489","05_15"
"10.814752658628","1.39638585170388","0.669831852066981","1.58760878872688","0.814752658628038","0.161890102758333","1","0.474836802058331","0.382165274953844","0.705157800818811","05_15"
"10.9640176596769","1.23958483884064","0.880091836287282","1.21757664657787","0.964017659676912","0.155083165021382","1","0.671983111783904","0.389512741486558","0.721733345289521","05_15"
"10.9205737163183","1.29235771234021","0.803526310053154","1.35248723864313","0.920573716318343","0.157240250615343","1","0.510699848226174","0.327793763222316","0.83033424889387","05_15"
"10.9775929041614","1.2169024050293","0.907108970046211","1.17007727008659","0.977592904161398","0.155089246973422","1","0.638849629454856","0.369787928053334","0.782893225189721","05_15"
"10.8722240107355","1.34032546455063","0.733821633407456","1.46448575747481","0.872224010735482","0.15983214307313","1","0.465464427017419","0.370929401041091","0.805189097367092","05_15"
"10.830024899062","1.3822680411497","0.688535690883539","1.56366007123576","0.83002489906195","0.160955711791938","1","0.498875196795638","0.51407375858384","0.699486193461229","05_15"
"11.0135247585894","1.18214494427913","0.953794266820829","1.06545846654658","1.01352475858937","0.151253493920013","1","0.672112573143654","0.238808374142665","0.828633323989691","05_15"
"11.0104190552215","1.18178528279767","0.952797366163563","1.0695512937258","1.01041905522154","0.151982909317504","1","0.676349922297897","0.364316358727849","0.822381602241843","05_15"
"10.9086485083881","1.30456215603704","0.787975231519515","1.38299209106635","0.908648508388101","0.15764765398167","1","0.528570783216677","0.366420795192676","0.767946581141512","05_15"
"10.9380177752935","1.26470608230332","0.839220388379007","1.30108537934714","0.938017775293458","0.157238940325845","1","0.606999288015305","0.482321380803132","0.735720002011196","05_15"
"10.8467871546935","1.3614290267134","0.707842516252574","1.51178182681178","0.846787154693504","0.160379043645752","1","0.485211500200826","0.350610558815758","0.740877705820236","05_15"
"10.9869134554935","1.21162166431516","0.912631004587822","1.15176327368082","0.986913455493456","0.152668402674806","1","0.627748055560122","0.10212059924379","0.811613814853232","05_15"
"10.9273732816993","1.27900047833565","0.81655633938676","1.33096523098281","0.927373281699282","0.15617198493585","1","0.600224361789409","0.390329228565721","0.725611496031806","05_15"
"10.8878999802449","1.32319329712188","0.763769579895043","1.42565215072508","0.887899980244934","0.158261289513382","1","0.560174146535193","0.416052282741964","0.711439325658201","05_15"
"10.8983036075622","1.31395047793641","0.770521520561564","1.40314690335533","0.898303607562157","0.157930507535729","1","0.497477447404678","0.354622850015075","0.79767044646927","05_15"
"10.9835011034586","1.20977822542625","0.917104076688462","1.15015888435061","0.983501103458578","0.158832309709121","1","0.683311475978716","0.663315331186727","0.751326868950243","05_15"
"10.9516979841984","1.2508297496137","0.856064854481653","1.25784368850996","0.951697984198415","0.156039341949112","1","0.56409572304492","0.284505917296692","0.815119365623666","05_15"
"10.9940148764185","1.20268963592321","0.924876359043048","1.12617879187514","0.994014876418475","0.15308159341448","1","0.634660328359092","0.279550486780299","0.827611656314514","05_15"
"10.9230337973216","1.28722175960693","0.809540107815548","1.34057873122226","0.923033797321604","0.157037089539459","1","0.528731459050778","0.336780307623464","0.799409503877111","05_15"
"10.9230337973216","1.28722175960693","0.809540107815548","1.34057873122226","0.923033797321604","0.157037089539459","1","0.528731459050778","0.336780307623464","0.799409503877111","05_15"
"10.9569540118773","1.2447693984766","0.869261571079201","1.23862566533343","0.956954011877285","0.154775046056495","1","0.659641290305093","0.38227306667127","0.722930916276661","05_15"
"10.9041789043586","1.31209206094507","0.776941551761054","1.39951146830017","0.904178904358643","0.157814177552842","1","0.506384370908154","0.359950129958853","0.788810497857185","05_15"
"10.9672148570199","1.22893507564085","0.888863392584393","1.19830020024836","0.967214857019945","0.15509823540535","1","0.644928825376136","0.400801123050377","0.752845006541088","05_15"
"10.8883781164173","1.32315677694205","0.756897467608972","1.43046880170209","0.888378116417308","0.158745047807405","1","0.509827680075556","0.364446503921961","0.759784393841421","05_15"
"10.9230337973216","1.28722175960693","0.809540107815548","1.34057873122226","0.923033797321604","0.157037089539459","1","0.528731459050778","0.336780307623464","0.799409503877111","05_15"
"10.921786076242","1.2898959228214","0.810049105431482","1.33945919979708","0.921786076241969","0.157373586415793","1","0.521083208719899","0.366278827900257","0.813957656272767","05_15"
"10.9481369849625","1.25315924834129","0.856904490142104","1.25009648848376","0.948136984962497","0.155824880655873","1","0.675187008123775","0.455770952491927","0.696173115869771","05_15"
"10.8824797452618","1.32664834264618","0.754813100244903","1.43201552996495","0.882479745261775","0.159103274830028","1","0.508817261516048","0.36226653670094","0.757164915623733","05_15"
"10.8517103925026","1.36181435651311","0.706404232453003","1.51186256530477","0.851710392502639","0.16012284272711","1","0.469483916812367","0.373330275233327","0.75870930749483","05_15"
"11.0166439685196","1.17087346792049","0.969956435533699","1.02923334052217","1.01664396851956","0.152232491142824","1","0.770178033712498","0.376147721567167","0.744273060314146","05_15"
"10.9603326755108","1.23590384547804","0.876248532638713","1.23567951359381","0.960332675510774","0.155386972605321","1","0.613157857806547","0.381308651286062","0.769038102812711","05_15"
"10.8914119128888","1.32437409609447","0.761103053687487","1.42467936120681","0.891411912888795","0.158876565912882","1","0.475971443918838","0.478040239224219","0.827513743117296","05_15"
"0.0857642741291208","0.0761948819091723","2.02353630390662","0.00880824563650486","0.0857642741291208","0.276328650161245","0.262","0.496474232397096","0.398547438039473","0.47614038689062","05_15"
"10.9830707490998","1.21012092369679","0.916262423259257","1.15286646279232","0.983070749099804","0.154670433657927","1","0.651191450933666","0.377027602868622","0.781695654202582","05_15"
"11.0135247585894","1.18214494427913","0.953794266820829","1.06545846654658","1.01352475858937","0.151253493920013","1","0.672112573143654","0.238808374142665","0.828633323989691","05_15"
"10.8894199196581","1.32704664660922","0.757031197467987","1.43083077857351","0.889419919658118","0.158943277194894","1","0.475270922699314","0.478041398217593","0.823704038226348","05_15"
"11.0104190552215","1.18178528279767","0.952797366163563","1.0695512937258","1.01041905522154","0.151982909317504","1","0.676349922297897","0.364316358727849","0.822381602241843","05_15"
"10.9076925265515","1.30391098016459","0.787407112470045","1.37582833727899","0.907692526551519","0.157805288150976","1","0.508394533794672","0.342967855754152","0.802404513357498","05_15"
"10.9064357445287","1.30874970305247","0.780676870311268","1.3905100237767","0.906435744528732","0.158263715033428","1","0.494467886138568","0.395139812528617","0.824818882853357","05_15"
"10.9903097483546","1.20072053533441","0.927340159149756","1.13153562308711","0.990309748354586","0.153923021519772","1","0.66265130485408","0.325938721532827","0.785377108284978","05_15"
"10.9104616359405","1.30405620527179","0.787649128471619","1.37717540256232","0.910461635940479","0.159192899932765","1","0.502671747760393","0.449179005040627","0.817436506628317","05_15"
"10.9224416208743","1.28871473342651","0.810532149631028","1.33909644862009","0.92244162087428","0.157508411247495","1","0.521811588701489","0.345792390789445","0.812921453044288","05_15"
"10.93452617479","1.27332525865389","0.828613081654144","1.30480971276128","0.934526174790048","0.157137765291679","1","0.577510603936389","0.379135106131331","0.757692608771897","05_15"
"10.8982645930057","1.31389153600505","0.770532143373682","1.40546804580213","0.898264593005729","0.158887264127476","1","0.474302211763776","0.44430389149518","0.896372553892434","05_15"
"10.9580885255318","1.24502466643905","0.864463982768617","1.24494715415111","0.958088525531802","0.155398450467674","1","0.567306732951204","0.264673501725206","0.826767796090387","05_15"
"10.9530935612987","1.24974669269679","0.860144762776177","1.25108459670938","0.953093561298734","0.156200627901375","1","0.618317335843938","0.369854813799496","0.749455566790346","05_15"
"10.9910638828884","1.20392464720789","0.919743372755354","1.14125735794701","0.991063882888388","0.152565525010811","1","0.649338145273238","0.129306000424549","0.79248793999307","05_15"
"10.7591677316075","1.45193668688928","0.591609963309992","1.70172303575858","0.75916773160751","0.162312539029031","1","0.357248281361535","0.307749369515086","0.814876110319737","05_15"
"10.9076925265515","1.30391098016459","0.787407112470045","1.37582833727899","0.907692526551519","0.157805288150976","1","0.508394533794672","0.342967855754152","0.802404513357498","05_15"
"10.8918217434862","1.32557618380122","0.758464686982533","1.42804563445253","0.891821743486179","0.15829169442949","1","0.49413340138673","0.360016001121219","0.785914586911988","05_15"
"10.9749135371725","1.21901087221444","0.903031749473259","1.17619973311681","0.974913537172504","0.154941543480903","1","0.655760696368889","0.489354523675686","0.757288010417367","05_15"
"10.8927721006304","1.32328951429147","0.762966622291692","1.41879931003012","0.89277210063039","0.15837298692408","1","0.499724593084025","0.361357647622454","0.782913561011491","05_15"
"10.9223196534375","1.28780504528808","0.810556490640371","1.34073442346766","0.922319653437451","0.157144953445934","1","0.528003079069188","0.357266744734276","0.80044570710559","05_15"
"10.874414525441","1.34094416032304","0.733223314208156","1.46964710083738","0.874414525441042","0.159307867232994","1","0.471153148967429","0.407066622962366","0.792648184538477","05_15"
"11.0135247585894","1.18214494427913","0.953794266820829","1.06545846654658","1.01352475858937","0.151253493920013","1","0.672112573143654","0.238808374142665","0.828633323989691","05_15"
"10.9080473961697","1.30470127344671","0.787335167140818","1.38249292650606","0.908047396169701","0.157725624893448","1","0.528465946166711","0.367392731634691","0.766976719333461","05_15"
"10.9194380147175","1.2947753169541","0.800097692042971","1.35600151546678","0.919438014717472","0.1573325741237","1","0.508394533794672","0.342967855754152","0.829913498600945","05_15"
"10.8652104346296","1.34990042357024","0.726468679365749","1.47780491022553","0.865210434629579","0.159456450582184","1","0.481734886333791","0.37326440407096","0.761605218440026","05_15"
"10.9917667601705","1.19717320014733","0.934689066649876","1.12806211879058","0.99176676017046","0.155545004428082","1","0.678742230543494","0.550988410379663","0.775734512735458","05_15"
"10.9754697872044","1.22600456912198","0.892676420989121","1.18945743949389","0.97546978720438","0.154809339232135","1","0.599273726331018","0.369274684946076","0.826684410752662","05_15"
"11.0166439685196","1.17087346792049","0.969956435533699","1.02923334052217","1.01664396851956","0.152232491142824","1","0.770178033712498","0.376147721567167","0.744273060314146","05_15"
"10.965879218807","1.23203207184547","0.882466089716342","1.21083422581579","0.96587921880703","0.155211244655944","1","0.590997964924644","0.421515432710231","0.818620179681537","05_15"
"10.9869134554935","1.21162166431516","0.912631004587822","1.15176327368082","0.986913455493456","0.152668402674806","1","0.627748055560122","0.10212059924379","0.811613814853232","05_15"
"10.9273732816993","1.27900047833565","0.81655633938676","1.33096523098281","0.927373281699282","0.15617198493585","1","0.600224361789409","0.390329228565721","0.725611496031806","05_15"
"10.9446863407994","1.2613905941143","0.842576187426025","1.28591764257668","0.94468634079938","0.156483908230403","1","0.546334111194842","0.307214059110695","0.826427983261294","05_15"
"10.9801749857613","1.21619509255143","0.903915541088483","1.16958006766059","0.980174985761334","0.154272579176621","1","0.617367892943553","0.370253902326484","0.814114190403211","05_15"
"11.0001873461976","1.19729237386614","0.93131780477767","1.11491331306968","1.0001873461976","0.151000522955611","1","0.64675257667068","0.158687588456553","0.819119306775338","05_15"
"10.9518645108503","1.24728831669472","0.861391520928077","1.25567719588648","0.951864510850328","0.156708241041355","1","0.572742025341978","0.385916156506326","0.804456162496286","05_15"
"11.0107729689218","1.18193679745961","0.958576457158757","1.05995216324136","1.01077296892176","0.152843859344566","1","0.737329083015393","0.378321266721899","0.755618554354959","05_15"
"10.8916264900359","1.32543168137493","0.762847420822011","1.42633908444364","0.89162649003585","0.158467387793236","1","0.5065701158367","0.355531739093562","0.771921801081512","05_15"
"10.9246064765944","1.2905778706403","0.81051684563885","1.34358518831485","0.924606476594377","0.15734303838661","1","0.534883718603136","0.390532307308353","0.789400823169782","05_15"
"10.7379550941144","1.69489482262573","0.626630798791554","1.87898950250267","0.737955094114406","0.185765324966768","1","0.5","0.4","0.75","10_15"
"10.7379550941144","1.69489482262573","0.626630798791554","1.87898950250267","0.737955094114406","0.185765324966768","1","0.5","0.4","0.75","10_15"
"10.466368464262","1.87192219822838","0.391554805163394","2.30850177208888","0.466368464261996","0.186205467833288","1","0.2655086631421","0.380035179434344","0.79423986072652","10_15"
"0.0777038920482026","0.0692729806162442","2.52272992166441","0.00794400127627445","0.0777038920482026","0.292024365597497","0.014","0.37212389963679","0.777445221319795","0.107943625887856","10_15"
"10.7790900172601","1.68511639873331","0.644574180354554","1.82892472871043","0.779090017260083","0.255330296121184","1","0.572853363351896","0.934705231105909","0.723710946040228","10_15"
"0.122757063049952","0.102510469285117","2.16212699871711","0.0125517985668259","0.122757063049952","0.271006344423178","0.4274","0.908207789994776","0.212142521282658","0.411274429643527","10_15"
"10.3710126369952","1.93405426398255","0.305945778964711","2.45438814658243","0.371012636995167","0.220583961029848","1","0.201681931037456","0.651673766085878","0.820946294115856","10_15"
"10.9664724426438","1.40068728543273","1.01625517583231","1.33186635539117","0.966472442643786","0.171132226643121","1","0.898389684967697","0.125555095961317","0.647060193819925","10_15"
"10.9910344502847","1.36470957982175","1.06673037907936","1.25017488696357","0.991034450284736","0.187827076196374","1","0.944675268605351","0.267220668727532","0.78293276228942","10_15"
"10.8233312081796","1.57945391993289","0.761026584693244","1.66702992437809","0.823331208179552","0.190357013864904","0.996","0.660797792486846","0.386114092543721","0.553036311641335","10_15"
"10.8040397149588","1.60327658757042","0.747550159842057","1.7078222694659","0.804039714958776","0.163940722877081","0.978","0.62911404389888","0.0133903331588954","0.529719580197707","10_15"
"10.1229515668152","1.96724056766445","0.277315898511789","2.71709795897179","0.122951566815227","0.199705503724183","1","0.0617862704675645","0.382387957070023","0.789356231689453","10_15"
"0.0777038920482026","0.0687757287505829","2.52272992166441","0.00794400127627445","0.0777038920482026","0.292095272929884","0.008","0.205974574899301","0.86969084572047","0.023331202333793","10_15"
"5.28762849385909","1.83987085797656","0.335533638380335","2.4045289829259","0.287628493859087","0.20350212346454","0.804","0.176556752528995","0.34034899668768","0.477230065036565","10_15"
"10.8751739955232","1.54962811334941","0.81964792328091","1.59941025887855","0.875173995523214","0.200961481273589","1","0.687022846657783","0.482080115471035","0.7323137386702","10_15"
"10.6075298567384","1.80596837672023","0.477595318989639","2.11221034254099","0.607529856738363","0.204930885398572","1","0.384103718213737","0.599565825425088","0.692731556482613","10_15"
"5.81187982823489","1.44727503543902","0.908010635677658","1.46509993560184","0.811879828234894","0.225641488983968","0.806","0.769841419998556","0.493541307048872","0.477619622135535","10_15"
"10.74396185877","1.6780855329705","0.64171359354157","1.86418647824925","0.743961858769995","0.169125726944982","1","0.497699242085218","0.186217601411045","0.8612094768323","10_15"
"5.63995432080079","1.3354882401762","1.00911667880217","1.34395736481197","0.639954320800788","0.279157203151395","0.584","0.717618508264422","0.827373318606988","0.438097107224166","10_15"
"0.0790128658073439","0.0712030140163191","2.51590508366774","0.00812206127099863","0.0790128658073439","0.291547104493907","0.062","0.991906094830483","0.668466738192365","0.244797277031466","10_15"
"0.0777038920482026","0.0692729806162442","2.52272992166441","0.00794400127627445","0.0777038920482026","0.291974795716626","0.014","0.1","0.1","0.1","10_15"
"0.0783835766330321","0.0703057192383829","2.51772535348163","0.00797797885467671","0.0783835766330321","0.291429549352498","0.042","0.2","0.2","0.2","10_15"
"0.0814764619121186","0.0731418798659209","2.47894858483293","0.00837266952690521","0.0814764619121186","0.28773432066688","0.114","0.3","0.3","0.3","10_15"
"0.106110460256754","0.0934305691087196","2.29322948108833","0.0108003345389951","0.106110460256754","0.275188590723707","0.372","0.4","0.4","0.4","10_15"
"5.67898083669444","1.68071879467678","0.605552477205113","1.89046478051075","0.678980836694437","0.201811138822345","0.908","0.5","0.5","0.5","10_15"
"10.7949209820419","1.65156619613417","0.696553030222831","1.77610824714104","0.794920982041898","0.210113350214005","1","0.6","0.6","0.6","10_15"
"10.8673268985786","1.57169695406236","0.79993261601592","1.61814897556987","0.867326898578647","0.232682002842373","1","0.7","0.7","0.7","10_15"
"10.9032372021293","1.50071575686914","0.889481173676052","1.49418227477836","0.903237202129253","0.256452628348892","1","0.8","0.8","0.8","10_15"
"10.924253490779","1.44515861853561","0.960672265961097","1.40298783118924","0.924253490778983","0.283085766454849","1","0.9","0.9","0.9","10_15"
"10.9391274115037","1.40225738216433","1.02489568336193","1.31948794720862","0.939127411503659","0.307652059720508","1","1","1","1","10_15"
"10.9445792047678","1.4491985570232","0.96036516898913","1.40942645560721","0.94457920476783","0.19767711127691","1","0.81950341848534","0.397140614544097","0.780717056353978","10_15"
"10.7706969960505","1.66485071870543","0.666365827921012","1.82109937212013","0.770696996050457","0.186003596150003","1","0.538189376374443","0.41097730424598","0.744239904375478","10_15"
"10.9180343600465","1.46637762678185","0.932122212991168","1.43906748209833","0.918034360046465","0.27476361189948","1","0.865235106740147","0.872926560556516","0.791873433440924","10_15"
"10.9910344502847","1.36470957982175","1.06673037907936","1.25017488696357","0.991034450284736","0.187827076196374","1","0.944675268605351","0.267220668727532","0.78293276228942","10_15"
"10.9032372021293","1.50071575686914","0.889481173676052","1.49418227477836","0.903237202129253","0.256452628348892","1","0.8","0.8","0.8","10_15"
"10.9664724426438","1.40068728543273","1.01625517583231","1.33186635539117","0.966472442643786","0.171132226643121","1","0.898389684967697","0.125555095961317","0.647060193819925","10_15"
"10.7790900172601","1.68511639873331","0.644574180354554","1.82892472871043","0.779090017260083","0.255330296121184","1","0.572853363351896","0.934705231105909","0.723710946040228","10_15"
"10.8803633983353","1.54346591045144","0.849732274559932","1.57158566990784","0.880363398335272","0.217803877596273","1","0.752929392012602","0.585726210597925","0.583893012526589","10_15"
"10.3710126369952","1.93405426398255","0.305945778964711","2.45438814658243","0.371012636995167","0.220583961029848","1","0.201681931037456","0.651673766085878","0.820946294115856","10_15"
"10.9293135705178","1.46938180033308","0.931455054184472","1.44369599441934","0.929313570517835","0.219118639581799","1","0.825171850120011","0.570080054183435","0.702215705935442","10_15"
"10.7881156310242","1.64936264476827","0.6920576910815","1.78093306398956","0.788115631024229","0.187169784977793","1","0.574211965710856","0.407091345405206","0.665238583192695","10_15"
"10.8751739955232","1.54962811334941","0.81964792328091","1.59941025887855","0.875173995523214","0.200961481273589","1","0.687022846657783","0.482080115471035","0.7323137386702","10_15"
"10.883427986845","1.54575039965356","0.831129199516063","1.57792984438666","0.883427986845047","0.239124411824949","1","0.740567908110097","0.75114455698058","0.716805155249313","10_15"
"10.7790900172601","1.68511639873331","0.644574180354554","1.82892472871043","0.779090017260083","0.255330296121184","1","0.572853363351896","0.934705231105909","0.723710946040228","10_15"
"10.4754149451664","1.90796847537148","0.341438045266342","2.32697884116621","0.475414945166377","0.242775134036295","1","0.272050773233878","0.887659412528672","0.830576439702229","10_15"
"0.0787191328124083","0.0709747420824697","2.51772535348163","0.00807731464265203","0.0787191328124083","0.291008575366361","0.058","0.561638054447869","0.392122545846776","0.234661261551082","10_15"
"10.921595614069","1.46638276050344","0.93382768073792","1.43478749628103","0.921595614069029","0.270128658001827","1","0.859432091889903","0.84885544301942","0.883194844750687","10_15"
"10.6851948281149","1.74840568263539","0.562457748785217","1.97755239259237","0.685194828114926","0.191720571131375","1","0.443828971318338","0.473336589993837","0.76527129559531","10_15"
"10.9910344502847","1.36470957982175","1.06673037907936","1.25017488696357","0.991034450284736","0.187827076196374","1","0.944675268605351","0.267220668727532","0.78293276228942","10_15"
"10.929445284774","1.46170321774902","0.938314499233594","1.42561334438602","0.92944528477404","0.237411517997066","1","0.829631157803578","0.664014353557206","0.890369854413627","10_15"
"10.7790900172601","1.68511639873331","0.644574180354554","1.82892472871043","0.779090017260083","0.255330296121184","1","0.572853363351896","0.934705231105909","0.723710946040228","10_15"
"10.7744680374117","1.65985475950897","0.670806716552083","1.81799860827229","0.774468037411723","0.187628633595996","1","0.534764893259853","0.427073439443484","0.858126566559076","10_15"
"10.6366275954531","1.79422826555818","0.497595851312113","2.06902690190768","0.636627595453065","0.214712867194087","1","0.403870608694232","0.687912633587568","0.734482424576919","10_15"
"10.8524096169218","1.58090286561576","0.781695394096863","1.65714260399256","0.852409616921821","0.197489022583228","1","0.64883347028334","0.471102811225055","0.738073834294722","10_15"
"10.8192166013946","1.62165650943194","0.730977997279034","1.72233254171527","0.819216601394573","0.214788885871424","1","0.628345954278484","0.625154570117593","0.650325517076999","10_15"
"10.848893123454","1.57157634391695","0.788673111757629","1.64605775623139","0.848893123454024","0.194276864279153","1","0.671654045721516","0.431016370421275","0.649674482923001","10_15"
"0.0836352694339207","0.0753415099133362","2.47078384966343","0.00854247559890826","0.0836352694339207","0.287405895870225","0.162","0.525788034289144","0.592908654594794","0.325278303353116","10_15"
"5.76033277671129","1.59349050421379","0.728807293984239","1.70005983479747","0.760332776711288","0.207909159536454","0.882","0.616912027985954","0.507815096450947","0.493726609608946","10_15"
"10.9032372021293","1.50071575686914","0.889481173676052","1.49418227477836","0.903237202129253","0.256452628348892","1","0.8","0.8","0.8","10_15"
"10.7458815829066","1.68574169515372","0.638669269473349","1.86209402628981","0.745881582906621","0.185117766878682","1","0.508702538481545","0.388778704911542","0.76128230380141","10_15"
"10.8803633983353","1.54346591045144","0.849732274559932","1.57158566990784","0.880363398335272","0.217803877596273","1","0.752929392012602","0.585726210597925","0.583893012526589","10_15"
"10.5943976989172","1.82642798640756","0.456639308761296","2.13737859302924","0.594397698917215","0.215948717155364","1","0.361244058816449","0.702792522125387","0.813213426026766","10_15"
"10.8332436081993","1.60093262992556","0.752178132678846","1.69756431832429","0.833243608199256","0.196134257251555","1","0.614801440908644","0.466930868070891","0.792982293018053","10_15"
"10.8803633983353","1.54346591045144","0.849732274559932","1.57158566990784","0.880363398335272","0.217803877596273","1","0.752929392012602","0.585726210597925","0.583893012526589","10_15"
"10.8353495818687","1.59577194748631","0.761749534562572","1.6762298968932","0.835349581868694","0.202093776925667","1","0.650350636924526","0.517413353300483","0.649469452282005","10_15"
"10.8893941185028","1.52863305091017","0.851661824062873","1.56304289463284","0.889394118502836","0.193416819592619","1","0.703757277113656","0.407671993996595","0.7781240787811","10_15"
"10.8637981912255","1.55795500090498","0.81045191656917","1.60338713359364","0.863798191225529","0.268717872950327","1","0.742795650056312","0.932555250843288","0.727484290049821","10_15"
"10.8053749348663","1.63473540840734","0.710161094835768","1.75918599994241","0.8053749348663","0.194903845844017","1","0.575514485230827","0.460489892023364","0.812991980423165","10_15"
"10.8984763438345","1.52182758149546","0.862015025667448","1.53699467379551","0.898476343834529","0.226805780193397","1","0.739930513696336","0.641249990579998","0.801979808259894","10_15"
"10.7847352148463","1.64499511880632","0.699126499306831","1.76658601502032","0.784735214846292","0.18796046865359","1","0.596009559969872","0.408127803603484","0.566466411764933","10_15"
"10.9557863938507","1.42000331683289","0.992231801097613","1.36304797466035","0.955786393850654","0.180231626850529","1","0.876385002321655","0.233296312778428","0.647916258614919","10_15"
"10.8372587713235","1.60577568032688","0.752965035905359","1.68725290863554","0.837258771323455","0.23409329907746","1","0.640437872221007","0.748881243960491","0.807732868089091","10_15"
"10.9710111042343","1.39860200174889","1.02609935896566","1.31520729936611","0.971011104234305","0.19226231343374","1","0.8932942949179","0.329575595393337","0.782588518549138","10_15"
"10.8584318200401","1.57315590128001","0.790390905035386","1.64109503277576","0.858431820040116","0.201245708202847","1","0.652721613700361","0.489072157688513","0.79155712341798","10_15"
"10.7680660108175","1.67678951045859","0.657744928835899","1.83466856743175","0.768066010817469","0.201973183242413","1","0.538008343502406","0.545753130735144","0.735121702993286","10_15"
"10.802596881392","1.65021947968953","0.69297786654531","1.77198054736232","0.802596881391974","0.234054069076791","1","0.591107357617977","0.784264432305324","0.77371417217733","10_15"
"10.8297118026374","1.60743103260435","0.747610105131522","1.71091496978493","0.829711802637436","0.193080340775784","1","0.608083878312366","0.437686358645175","0.783208420430633","10_15"
"10.9910344502847","1.36470957982175","1.06673037907936","1.25017488696357","0.991034450284736","0.187827076196374","1","0.944675268605351","0.267220668727532","0.78293276228942","10_15"
"10.7884475797318","1.64981056764018","0.701570959491454","1.77528867792831","0.788447579731753","0.199184215254789","1","0.595114433726938","0.506778638252669","0.592498781036708","10_15"
"10.9646588048302","1.41147073730654","1.00855392135005","1.34007341949183","0.964658804830249","0.191348579862291","1","0.870884392172792","0.334785687878293","0.781061300094259","10_15"
"10.7400159507331","1.70871087451899","0.620034832616526","1.88724160283478","0.740015950733058","0.202760321464055","1","0.501877639749383","0.557215440239986","0.754251203204396","10_15"
"10.831973919483","1.61133197313202","0.740297893082426","1.70480461712878","0.831973919483042","0.226325799778659","1","0.625288711078562","0.689620074720793","0.795330301080636","10_15"
"10.7680470848872","1.69155232421227","0.6399501844536","1.84879599775307","0.768047084887179","0.22911877254718","1","0.543547558331035","0.777730805282308","0.749871546848352","10_15"
"10.6460830799273","1.77847921961465","0.521810566172834","2.04609074097104","0.646083079927287","0.196508184818501","1","0.410695507426394","0.519475898259124","0.741513525173933","10_15"
"10.8174823911877","1.6222485516198","0.723864182133701","1.73428071348315","0.817482391187676","0.20951187701153","1","0.594834379563517","0.585823448863486","0.856146758299183","10_15"
"10.7361236961098","1.69819410532401","0.631927188477013","1.86667286074352","0.736123696109761","0.194058011872069","0.998","0.536875480337163","0.46795766782354","0.558870883149969","10_15"
"10.8281346613916","1.61797310070675","0.730162730202111","1.71377641174542","0.828134661391563","0.241519048683049","1","0.630057713295584","0.802149980262621","0.796226655990408","10_15"
"10.9664724426438","1.40068728543273","1.01625517583231","1.33186635539117","0.966472442643786","0.171132226643121","1","0.898389684967697","0.125555095961317","0.647060193819925","10_15"
"10.910693972492","1.48875619702149","0.903787932046551","1.48710731621297","0.910693972491977","0.198095081912626","1","0.787400187093201","0.420484990968778","0.652267460495879","10_15"
"10.873581756068","1.55399310623691","0.821675139669938","1.59993324897217","0.873581756067984","0.203165724714877","1","0.683413827402983","0.49915863019075","0.765952002720774","10_15"
"10.8982716974892","1.5272371121155","0.859248436544391","1.54547907664471","0.898271697489245","0.225352200213597","1","0.742339824403089","0.634720884309025","0.746463918950552","10_15"
"10.8258029863359","1.59813348349735","0.761819673658818","1.68724626251162","0.825802986335857","0.190352312840574","1","0.643385947463075","0.407703753047117","0.624081153857688","10_15"
"10.8823704333534","1.54025418664008","0.831308857106901","1.58054845728515","0.882370433353429","0.1974339832251","1","0.696905397042429","0.442661874395173","0.732442649383153","10_15"
"10.9615769173412","1.41615398673363","1.0037997690082","1.34374231513667","0.961576917341232","0.195699876410716","1","0.870659596537874","0.358625693546446","0.767716810638276","10_15"
"10.8251426174771","1.62893331509026","0.722974095197231","1.71383151417357","0.82514261747715","0.255285729958875","1","0.653498965598659","0.894768048776314","0.678820179493341","10_15"
"10.9910344502847","1.36470957982175","1.06673037907936","1.25017488696357","0.991034450284736","0.187827076196374","1","0.944675268605351","0.267220668727532","0.78293276228942","10_15"
"10.8386156918822","1.59525762871509","0.772643791241109","1.67542229894075","0.838615691882241","0.21174543083544","1","0.664107873282539","0.580750694847927","0.634658783574069","10_15"
"10.8572256449789","1.57752934736485","0.791064456305579","1.6398561570545","0.857225644978851","0.191805789960154","1","0.656380889620453","0.408096044552962","0.720509336688344","10_15"
"10.8748079283314","1.55652646182392","0.825556384001779","1.59437476814143","0.874807928331448","0.233221165548409","1","0.733523236064931","0.705221907240148","0.652925676139155","10_15"
"10.8892744904591","1.53055499582668","0.849242804020257","1.56213874759203","0.889274490459148","0.190266034949554","1","0.708783315328939","0.38226658585479","0.741210689608724","10_15"
"10.8149784711614","1.62883047654437","0.725192479690986","1.74126281146054","0.814978471161438","0.199637362387264","1","0.593304492327185","0.502169064647415","0.757797417111245","10_15"
"10.8873770890874","1.53385912829687","0.857030247833056","1.56349801682178","0.887377089087376","0.2176372136795","1","0.750520081305849","0.592255316868898","0.639408901835931","10_15"
"10.8977423557608","1.51933699433191","0.860768928928669","1.54476399393273","0.897742355760757","0.196763381345535","1","0.715982110196005","0.429226625955738","0.793761708952475","10_15"
"10.9920191818917","1.36588687696453","1.06718853088164","1.24218526317987","0.992019181891674","0.181878348802569","1","0.944143052587456","0.204217462426585","0.766587541358025","10_15"
"10.8845833907668","1.53902543881545","0.84135932735614","1.57435761686013","0.884583390766817","0.204859231821397","1","0.700109420346258","0.498272232758647","0.774972313478821","10_15"
"0.10475283505455","0.0912880890856991","2.29758683497242","0.0107342971842695","0.10475283505455","0.28027243147962","0.366","0.562953714278707","0.658235108640084","0.399409950012341","10_15"
"10.8112358573838","1.62968297008004","0.716438967953136","1.74800771413071","0.811235857383763","0.205186524196134","1","0.586982103317902","0.547731544102263","0.776740320433505","10_15"
"10.9115651807285","1.50088826874623","0.89001684116671","1.50578508615754","0.911565180728498","0.200008846995525","1","0.748702662403186","0.440290115835957","0.76642957402059","10_15"
"10.8674076726445","1.55430396093644","0.811410502196136","1.59358023503268","0.86740767264452","0.264719272797023","1","0.74302044569123","0.908715245175134","0.740828779505804","10_15"
"10.9224300643135","1.48065012454459","0.918573430573875","1.46442836584942","0.922430064313469","0.196998452575853","1","0.795257578030353","0.404974883558333","0.689582147651059","10_15"
"10.9710111042343","1.39860200174889","1.02609935896566","1.31520729936611","0.971011104234305","0.19226231343374","1","0.8932942949179","0.329575595393337","0.782588518549138","10_15"
"10.8910665947617","1.52870134502273","0.850578171675028","1.55204409129067","0.891066594761746","0.222432650164517","1","0.727705680613987","0.619695358620854","0.786342178088519","10_15"
"10.9630042895751","1.41927989252311","0.99803022060948","1.34595276489846","0.963004289575091","0.183918783129872","1","0.859570805036832","0.276704564865255","0.760443645060311","10_15"
"10.830420437754","1.61577318804426","0.737143960573338","1.70782211919955","0.830420437753951","0.228988165265193","1","0.624888951985381","0.709763156239491","0.794074051842752","10_15"
"10.8354647373242","1.60000586452539","0.756281777136142","1.68681342796297","0.835464737324238","0.206040280961796","1","0.628117678578204","0.542742696278479","0.743276288602815","10_15"
"10.8623870722833","1.55424428454819","0.808482520147563","1.61505136300503","0.862387072283306","0.18268449893464","1","0.686293170912161","0.33020345299274","0.65222149778833","10_15"
"10.9497084436677","1.43828708012891","0.972220401296188","1.39162323219493","0.949708443667672","0.202157284955615","1","0.853104865676048","0.417113090766832","0.702794912969694","10_15"
"10.8341017733214","1.60256071441829","0.750510399498691","1.69676288538673","0.834101773321419","0.207385806658142","1","0.619970202218848","0.559317692094021","0.795134897165709","10_15"
"10.9654863656856","1.40244417995468","1.02105804248731","1.32415963260173","0.965486365685564","0.177291135525382","1","0.898921900985593","0.188558302262264","0.66340541475132","10_15"
"10.8414573656546","1.58815524462361","0.77258406213355","1.67491865593286","0.841457365654578","0.185281023475294","1","0.62586340480911","0.355358955756635","0.78117728390028","10_15"
"10.8212332964778","1.61934456648193","0.728239103627341","1.73071767427804","0.821233296477841","0.20268302430348","1","0.595372817782562","0.527539246831604","0.825511928880587","10_15"
"10.8397253984404","1.60538831335655","0.756384542099629","1.67902939917837","0.839725398440412","0.225634858194289","1","0.655169673405683","0.676299648110275","0.686487827767233","10_15"
"10.897829437697","1.52460563988686","0.860602159983873","1.54781038365499","0.897829437696982","0.206020376099405","1","0.72185091981496","0.49314318692279","0.764796146104615","10_15"
"10.846571395522","1.59083445698974","0.766859667326085","1.67302831620841","0.846571395521965","0.217900214417985","1","0.654710181813429","0.626564445219001","0.712841688414452","10_15"
"10.8982716974892","1.5272371121155","0.859248436544391","1.54547907664471","0.898271697489245","0.225352200213597","1","0.742339824403089","0.634720884309025","0.746463918950552","10_15"
"10.8888201112443","1.53409585454287","0.843418987676034","1.56864551749856","0.888820111244289","0.201596183358609","1","0.710547591306991","0.469282769034415","0.726218527404619","10_15"
"10.9724443239661","1.39739329798401","1.02862659927784","1.30927032105615","0.972444323966108","0.191744397349772","1","0.897416779536872","0.325912493265463","0.776765642847653","10_15"
"10.9503625671529","1.41384370175779","1.00565810909596","1.34399022097574","0.950362567152934","0.239770556990303","1","0.91034868985458","0.626806369500401","0.764878549567279","10_15"
"10.8986577201289","1.52231667283893","0.858872471908421","1.54372680157498","0.898657720128943","0.208682142253631","1","0.729479238651242","0.512620680773938","0.730860564366495","10_15"
"10.8597124489106","1.57244535515035","0.792696465337363","1.64096067726023","0.859712448910577","0.197931803662497","1","0.659427395684465","0.469154307537553","0.738390649528296","10_15"
"10.9910344502847","1.36470957982175","1.06673037907936","1.25017488696357","0.991034450284736","0.187827076196374","1","0.944675268605351","0.267220668727532","0.78293276228942","10_15"
"10.8340756096169","1.60298689081149","0.74763538943693","1.69811491649604","0.834075609616859","0.212538964596938","1","0.625060788894008","0.605988080189796","0.759910119639853","10_15"
"10.9149792478969","1.49292376749702","0.906204719919197","1.48550159820581","0.914979247896873","0.214069764058513","1","0.777347024442002","0.549129544402266","0.758882992227944","10_15"
"10.8532569939667","1.58767335806504","0.769511995982602","1.6569147629731","0.853256993966661","0.251702383694201","1","0.688853744004692","0.847528520693681","0.735119588789528","10_15"
"10.8375081500891","1.60990567871332","0.750726188731216","1.69198085835114","0.837508150089117","0.234025491467698","1","0.641122688490948","0.751127946969836","0.773432178461114","10_15"
"10.8339590330417","1.61377273328725","0.747624602562219","1.69633571522392","0.833959033041668","0.23604219368216","1","0.660560786308607","0.768240163505688","0.661731367081527","10_15"
"10.8935198625209","1.5149642808409","0.86969929808464","1.53039344284455","0.893519862520873","0.18694695433287","1","0.741983752647829","0.345774983764044","0.668459508143508","10_15"
"10.9649000439265","1.40500922070284","1.01631711120924","1.32684428956891","0.964900043926518","0.177431204208716","1","0.89479941636662","0.192221404390138","0.669228290452805","10_15"
"10.8559048745849","1.57753948452829","0.788421571260031","1.64551581799908","0.8559048745849","0.201053979797131","1","0.65496942116643","0.489889625191646","0.74490971651879","10_15"
"10.955019147446","1.43059693610168","0.983442602242703","1.37395451228508","0.955019147445975","0.20258480859229","1","0.84751936992138","0.409591530234616","0.786018679272792","10_15"
"10.8380330338334","1.60019786314843","0.759633054720326","1.68847953891017","0.838033033833401","0.202630645798776","1","0.626049353122827","0.51737251409429","0.754950279259502","10_15"
"10.8338273228058","1.61338553650352","0.750590202816249","1.69873650727682","0.833827322805847","0.228564551442713","1","0.657046052572591","0.707278580118552","0.651747595985883","10_15"
"10.8669944219972","1.55886811739434","0.806512215552347","1.60328982999522","0.866994421997223","0.257019248191858","1","0.726786709185663","0.86735045444479","0.761470652887442","10_15"
"5.86264177398487","1.50147008956604","0.873123738820157","1.52536036459242","0.862641773984866","0.22069704312168","0.948","0.781827100323144","0.552546474737712","0.511992958607152","10_15"
"10.8362116872925","1.60382141421359","0.747585696337508","1.69508892263232","0.836211687292525","0.219348300188441","1","0.627945841669577","0.646517772328174","0.777440220805714","10_15"
"10.8672248475377","1.55703232592684","0.816520983809382","1.58838446246435","0.867224847537737","0.256236136318154","1","0.739973939627219","0.847656982190543","0.722947466665852","10_15"
"10.9229655007654","1.48179957989732","0.911287982325968","1.47239616040751","0.922965500765387","0.189025822725903","1","0.761757035192525","0.349210691114459","0.790331548228821","10_15"
"10.8483859682626","1.59888926381044","0.760684601343756","1.67034546588971","0.848385968262607","0.244724638736661","1","0.669922096660441","0.804190608954158","0.730477551827653","10_15"
"10.8982716974892","1.5272371121155","0.859248436544391","1.54547907664471","0.898271697489245","0.225352200213597","1","0.742339824403089","0.634720884309025","0.746463918950552","10_15"
"10.9920191818917","1.36588687696453","1.06718853088164","1.24218526317987","0.992019181891674","0.181878348802569","1","0.944143052587456","0.204217462426585","0.766587541358025","10_15"
"10.4937173858426","1.89839136305464","0.359270148025879","2.30020577071669","0.493717385842602","0.238206592934359","1","0.289980886038393","0.847656982190543","0.722947466665852","10_15"
"10.8486656486861","1.59087320322955","0.766966574074743","1.67100757972083","0.848665648686121","0.216174274227663","1","0.647434550583069","0.617350122352172","0.744232532005764","10_15"
"10.9920191818917","1.36588687696453","1.06718853088164","1.24218526317987","0.992019181891674","0.181878348802569","1","0.944143052587456","0.204217462426585","0.766587541358025","10_15"
"10.8911340073679","1.5307940664929","0.849852507531535","1.56277405688069","0.891134007367887","0.218043781169532","1","0.72601572004137","0.598515789004249","0.756345774264664","10_15"
"0.0779450062609428","0.069809047575439","2.51876130348373","0.00794840419698634","0.0779450062609428","0.29160800400254","0.03","0.740817298743042","0.194283637072384","0.166742393514141","10_15"
"10.8739979928402","1.55450331891759","0.818116944339525","1.60526522434662","0.873997992840163","0.202054922131114","1","0.683988808239611","0.491547793286089","0.738913748592215","10_15"
"10.9920191818917","1.36588687696453","1.06718853088164","1.24218526317987","0.992019181891674","0.181878348802569","1","0.944143052587456","0.204217462426585","0.766587541358025","10_15"
"10.8393540993318","1.60318453492287","0.751493603020918","1.68818520561761","0.839354099331811","0.230656520171683","1","0.643739636757272","0.718181523486174","0.759570162455987","10_15"
"10.9605751955065","1.4017387951846","1.02446949672891","1.31725552353519","0.960575195506498","0.219990532900209","1","0.920520527292038","0.524910919111046","0.745808065376807","10_15"
"10.8426613628843","1.59373786559654","0.763806439134291","1.67943760738908","0.842661362884251","0.209470437966102","1","0.638023001459552","0.574063486611969","0.748528326328791","10_15"
"10.8879962999186","1.54182173168369","0.838470412873317","1.57374295499608","0.887996299918565","0.227546614248333","1","0.728906960399203","0.662532061442829","0.726002973330291","10_15"
"10.8792531798592","1.5472212335296","0.823819611924558","1.59458891468944","0.879253179859237","0.214275694652583","1","0.706041486214061","0.577178200617018","0.715378906377732","10_15"
"10.8985387010453","1.52632477806966","0.859411476552644","1.54767742642029","0.898538701045333","0.206799961873953","1","0.722604545734955","0.494421155612934","0.75843915648987","10_15"
"10.8846016712993","1.54614671584156","0.829753322555272","1.58308141350453","0.884601671299289","0.226037406481728","1","0.721614570535007","0.654407689782129","0.72316302074018","10_15"
"10.8727877516098","1.5535669298726","0.814585109198037","1.60763587471184","0.872787751609772","0.194128683879137","1","0.679324414718997","0.418609397726761","0.723612524679845","10_15"
"10.9059736123391","1.50437604476353","0.90050507407352","1.49073798585667","0.905973612339151","0.239599407592638","1","0.81102817019617","0.705216347436306","0.661839988878","10_15"
"10.8357701498287","1.61398269403783","0.749547924342447","1.69018462366964","0.83577014982866","0.225175410582342","1","0.647283009303817","0.680095590174305","0.68390950127866","10_15"
"10.8984672164511","1.52123946980637","0.859901175581028","1.54421059552986","0.898467216451121","0.208989254786486","1","0.728725612731247","0.511342712083795","0.737217553981239","10_15"
"10.8927396469848","1.52698280383677","0.854251788548584","1.55430817123608","0.892739646984837","0.220061796958461","1","0.731465752580788","0.606668473333349","0.75859388327629","10_15"
"10.8215403700245","1.62617992072202","0.733283929220234","1.70997531300617","0.82154037002445","0.225595537270062","1","0.634672290883531","0.695916537956176","0.667425183619972","10_15"
"10.8879742671535","1.53413524378833","0.844650290884748","1.56552439697003","0.887974267153532","0.217061621617596","1","0.719402078861267","0.585074966490143","0.759772458843418","10_15"
"10.897829437697","1.52460563988686","0.860602159983873","1.54781038365499","0.897829437696982","0.206020376099405","1","0.72185091981496","0.49314318692279","0.764796146104615","10_15"
"10.951158995345","1.41531190516651","1.00658486677055","1.34214648155596","0.951158995344984","0.238313238951126","1","0.910102461937256","0.616726432782065","0.761622252009097","10_15"
"10.8364697857132","1.6022703273418","0.74714113589176","1.69761608560631","0.836469785713169","0.21366448265409","1","0.625307016811332","0.616068016908132","0.763166417198035","10_15"
"10.8335869221606","1.61442566044796","0.746531646806095","1.69482062195604","0.833586922160625","0.23002875872087","1","0.654429104306267","0.740225003602214","0.66560961199101","10_15"
"10.9910344502847","1.36470957982175","1.06673037907936","1.25017488696357","0.991034450284736","0.187827076196374","1","0.944675268605351","0.267220668727532","0.78293276228942","10_15"
"10.9649000439265","1.40500922070284","1.01631711120924","1.32684428956891","0.964900043926518","0.177431204208716","1","0.89479941636662","0.192221404390138","0.669228290452805","10_15"
"10.8771902856228","1.54905569609103","0.824947857750351","1.58449272303872","0.877190285622771","0.246308860028658","1","0.734735015865906","0.789989591762598","0.735408697741182","10_15"
"10.8826112201645","1.54246015548631","0.832346004347116","1.58705324067018","0.8826112201645","0.206509149034108","1","0.700459851578061","0.510962512679496","0.73685653229307","10_15"
"10.8389642544674","1.60347122156828","0.74905568830924","1.69292985701783","0.838964254467416","0.22376386896384","1","0.637708884938351","0.673700762272421","0.745278315512938","10_15"
"10.9794316740611","1.39502441541146","1.03719469028367","1.29277153790542","0.979431674061071","0.170526187035895","1","0.892428309423146","0.10212059924379","0.758834942112944","10_15"
"10.8736969674775","1.55601163670081","0.814527076054895","1.60951524291515","0.873696967477468","0.218374606069417","1","0.692811221183378","0.612378761172388","0.742525638959283","10_15"
"10.8636515228444","1.56640495839275","0.800686220928178","1.63009348883615","0.86365152284445","0.210864147488164","1","0.673623276486221","0.572664713183828","0.739970230534895","10_15"
"10.8550712170526","1.57950515234091","0.783204575130336","1.64986371918742","0.855071217052607","0.223722750600394","1","0.665642999173242","0.65100568992384","0.756542172672127","10_15"
"10.9369037536094","1.45066844938395","0.959147047597894","1.40756131245503","0.936903753609365","0.233384881768954","1","0.855998645526824","0.626296485863094","0.748266776764215","10_15"
"10.9289349786699","1.47817668009749","0.921411182396766","1.45841201261458","0.928934978669867","0.201958879189097","1","0.786358339841032","0.446674538105509","0.760304593628034","10_15"
"10.9626457639164","1.40663184453871","1.01871421972533","1.32636858618592","0.962645763916413","0.205137737386448","1","0.889782681345108","0.427214603955372","0.781222051937676","10_15"
"10.8911340073679","1.5307940664929","0.849852507531535","1.56277405688069","0.891134007367887","0.218043781169532","1","0.72601572004137","0.598515789004249","0.756345774264664","10_15"
"10.8911340073679","1.5307940664929","0.849852507531535","1.56277405688069","0.891134007367887","0.218043781169532","1","0.72601572004137","0.598515789004249","0.756345774264664","10_15"
"10.9224974320973","1.4747531442956","0.935186637566476","1.44336011898247","0.922497432097279","0.238197449641753","1","0.847932145747694","0.67273755068124","0.663793824358905","10_15"
"10.8650063648289","1.56890737340474","0.797956641706124","1.62885206208388","0.865006364828922","0.224343005592054","1","0.681443787045949","0.65305652374487","0.757026230438598","10_15"
"10.9467904651315","1.44657521289017","0.961490516699194","1.40140301279681","0.946790465131479","0.180945430604775","1","0.817051367459834","0.24045303800632","0.744323737924101","10_15"
"10.8681256686755","1.56580007144682","0.803696188448544","1.61986676289163","0.868125668675469","0.225720642399881","1","0.688311569752692","0.663640788745553","0.758889706282054","10_15"
"10.8911340073679","1.5307940664929","0.849852507531535","1.56277405688069","0.891134007367887","0.218043781169532","1","0.72601572004137","0.598515789004249","0.756345774264664","10_15"
"10.8879742671535","1.53413524378833","0.844650290884748","1.56552439697003","0.887974267153532","0.217061621617596","1","0.719402078861267","0.585074966490143","0.759772458843418","10_15"
"10.8984672164511","1.52123946980637","0.859901175581028","1.54421059552986","0.898467216451121","0.208989254786486","1","0.728725612731247","0.511342712083795","0.737217553981239","10_15"
"10.8739583125071","1.55565908624944","0.815190454245173","1.60890665759743","0.873958312507124","0.217340658127251","1","0.691467964626376","0.607770038838723","0.74850860168423","10_15"
"10.8450119800558","1.59438991688504","0.761133965793587","1.68328367831288","0.845011980055752","0.215860908170003","1","0.647417161748311","0.622368424762188","0.717636885963599","10_15"
"10.9920191818917","1.36588687696453","1.06718853088164","1.24218526317987","0.992019181891674","0.181878348802569","1","0.944143052587456","0.204217462426585","0.766587541358025","10_15"
"10.8985387010453","1.52632477806966","0.859411476552644","1.54767742642029","0.898538701045333","0.206799961873953","1","0.722604545734955","0.494421155612934","0.75843915648987","10_15"
"10.8740204554397","1.55235836354797","0.817843608911498","1.60563648460543","0.874020455439689","0.200744059797089","1","0.683533445294435","0.480570098268602","0.736683047505899","10_15"
"5.73045361036735","1.54999301048503","0.778236294931438","1.63450382930922","0.730453610367352","0.248640850401462","0.792","0.647300398138575","0.675077287764289","0.47614038689062","10_15"
"10.9397194887714","1.43794097707863","0.971916816407357","1.38816566096046","0.939719488771428","0.238600992361466","1","0.873198486385731","0.649205229537132","0.759668416528192","10_15"
"10.9910344502847","1.36470957982175","1.06673037907936","1.25017488696357","0.991034450284736","0.187827076196374","1","0.944675268605351","0.267220668727532","0.78293276228942","10_15"
"10.8717814916928","1.5533758214521","0.815165750704354","1.60799038987349","0.8717814916928","0.195135050684594","1","0.679779777664173","0.429587092744247","0.725843225766162","10_15"
"10.9649000439265","1.40500922070284","1.01631711120924","1.32684428956891","0.964900043926518","0.177431204208716","1","0.89479941636662","0.192221404390138","0.669228290452805","10_15"
"10.8792531798592","1.5472212335296","0.823819611924558","1.59458891468944","0.879253179859237","0.214275694652583","1","0.706041486214061","0.577178200617018","0.715378906377732","10_15"
"10.8813920824863","1.54819294080971","0.826566414969767","1.59166984189203","0.881392082486274","0.211699020504137","1","0.698469301808681","0.560922691536507","0.743973995611589","10_15"
"10.8593195922042","1.57446107377071","0.786054186451436","1.64446264443162","0.85931959220424","0.216557677260547","1","0.66265130485408","0.606824444684489","0.761381193172443","10_15"
"10.8874328820361","1.53975746573593","0.84155156037247","1.57577829495402","0.887432882036112","0.208112257941327","1","0.704921585292196","0.515700068239724","0.754712211824044","10_15"
"10.8826597744429","1.5440150633488","0.831485992338371","1.58778235869657","0.882659774442942","0.209207296166807","1","0.699083784065618","0.529516016914786","0.744738833235285","10_15"
"10.7966995783358","1.64376402893175","0.699723249827996","1.7706458646408","0.796699578335824","0.195712187967989","1","0.577510603936389","0.475418535854909","0.710886233092473","10_15"
"10.8652093283287","1.56742988193378","0.803135804839553","1.61783459981263","0.865209328328702","0.224016019759805","1","0.677789492590955","0.650343307112732","0.896372553892434","10_15"
"10.9390681953185","1.46339097124664","0.943521655274752","1.43296909890356","0.939068195318518","0.187876615181672","1","0.795289409203759","0.323564760466354","0.766096945527848","10_15"
"10.9382533487062","1.4599742303456","0.948024207904956","1.42529783975801","0.938253348706193","0.182385102130796","1","0.796925212082518","0.270105442003658","0.762633084134038","10_15"
"10.9512858069953","1.43215114326257","0.97418731838236","1.38366595469437","0.95128580699532","0.170651338229341","1","0.82699761816911","0.129306000424549","0.729797682990149","10_15"
"10.5847155683977","1.79357228731769","0.489206628612403","2.12302043665106","0.58471556839768","0.167483920714161","1","0.357248281361535","0.131964901785727","0.748720169050598","10_15"
"10.8740204554397","1.55235836354797","0.817843608911498","1.60563648460543","0.874020455439689","0.200744059797089","1","0.683533445294435","0.480570098268602","0.736683047505899","10_15"
"10.8660207071272","1.56944256162801","0.798863258939953","1.63082924908285","0.866020707127211","0.216668916095442","1","0.677740370370835","0.612427940814224","0.740131195040459","10_15"
"10.9363472961348","1.44952670978917","0.962249888644582","1.40308995310389","0.93634729613484","0.235134547068731","1","0.858445414924447","0.635284885930329","0.757430368907074","10_15"
"10.864307298901","1.56961909919923","0.79526533959046","1.63228363928859","0.864307298901041","0.218584985530168","1","0.6769783736558","0.624677433282652","0.737027398241109","10_15"
"10.8867124258842","1.54104799338004","0.836676365674963","1.5794201260601","0.886712425884197","0.210392078318922","1","0.704307103035259","0.547106742861446","0.753947374200348","10_15"
"10.8534162908122","1.58543848469391","0.775775684690164","1.66231259705914","0.853416290812158","0.219181002017305","1","0.657939238910048","0.635665906395009","0.737985492617013","10_15"
"10.9910344502847","1.36470957982175","1.06673037907936","1.25017488696357","0.991034450284736","0.187827076196374","1","0.944675268605351","0.267220668727532","0.78293276228942","10_15"
"10.8968083271393","1.52037330706773","0.864931698921573","1.54029407669024","0.896808327139288","0.181226027509005","1","0.717275206671547","0.279676749702459","0.722986171684979","10_15"
"10.8789431690208","1.54575868653755","0.826573107185057","1.58870832148167","0.878943169020763","0.201092597396271","1","0.683533445294435","0.480570098268602","0.829913498600945","10_15"
"10.8538403203021","1.58159431409531","0.777652454345212","1.65610637924479","0.853840320302131","0.217490192367516","1","0.662488012560854","0.622319245120352","0.720031329882423","10_15"
"10.9391992280806","1.4434667748429","0.970400755632247","1.39106095639062","0.93919922808056","0.236860556640334","1","0.870751716988108","0.640216829469897","0.750504824385334","10_15"
"10.9440241445199","1.4459097337857","0.962260150201163","1.40485699940926","0.94402414451992","0.218027522683567","1","0.840853824027968","0.551425947099902","0.765344418445801","10_15"
"10.9920191818917","1.36588687696453","1.06718853088164","1.24218526317987","0.992019181891674","0.181878348802569","1","0.944143052587456","0.204217462426585","0.766587541358025","10_15"
"10.9337431781931","1.4552186970467","0.945165504647439","1.42671364988834","0.933743178193057","0.212295123045159","1","0.832357519423177","0.514398190004909","0.710010214796325","10_15"
"10.9467904651315","1.44657521289017","0.961490516699194","1.40140301279681","0.946790465131479","0.180945430604775","1","0.817051367459834","0.24045303800632","0.744323737924101","10_15"
"10.8911340073679","1.5307940664929","0.849852507531535","1.56277405688069","0.891134007367887","0.218043781169532","1","0.72601572004137","0.598515789004249","0.756345774264664","10_15"
"10.9116436647912","1.48804465965866","0.900668607403593","1.48716920860762","0.911643664791181","0.181034605007498","1","0.768483383157504","0.255001415002247","0.674596982034213","10_15"
"10.9418067651193","1.45586007267304","0.955465042125123","1.41287658079135","0.941806765119336","0.20445913992269","1","0.822570264499909","0.444812274303519","0.753485656391564","10_15"
"10.9592455966905","1.42502453647157","0.994048324371601","1.36141256317051","0.959245596690513","0.178468039607728","1","0.84652559923204","0.210608735464383","0.754438510986447","10_15"
"10.9141649265372","1.49841595215484","0.898023561390947","1.49533688453261","0.914164926537208","0.230686640115102","1","0.794653591190493","0.651095250030375","0.717583553315774","10_15"
"10.9717828395657","1.39408325853161","1.03504710114168","1.30076412763898","0.971782839565703","0.204305452634763","1","0.924015528738571","0.401536477252915","0.719495132624457","10_15"
"10.8660730325096","1.5648249787023","0.80377744568298","1.62193744879276","0.866073032509595","0.197459432924368","1","0.668444403181614","0.455915349385436","0.74535800019718","10_15"
"10.8904959541354","1.53353890008347","0.850838700791806","1.5517013278448","0.890495954135411","0.223571086631874","1","0.744746519183577","0.629412339489588","0.69471887272736","10_15"
"10.5518445951945","1.97298924634703","0.446963814881031","2.27072036268244","0.551844595194452","0.230796673755234","1","0.5","0.4","0.75","15_15"
"10.5518445951945","1.97298924634703","0.446963814881031","2.27072036268244","0.551844595194452","0.230796673755234","1","0.5","0.4","0.75","15_15"
"10.3252965864759","2.08022664322267","0.294549272118478","2.5820465671717","0.325296586475938","0.250109472870258","1","0.2655086631421","0.380035179434344","0.79423986072652","15_15"
"0.0806289479492703","0.0730409534064861","2.72623786512113","0.00825130643118893","0.0806289479492703","0.293525890477879","0.048","0.37212389963679","0.777445221319795","0.107943625887856","15_15"
"10.5693190452774","1.98866739806293","0.432340757778956","2.24183959938757","0.569319045277386","0.321849573270675","1","0.572853363351896","0.934705231105909","0.723710946040228","15_15"
"5.76713534435996","1.67373383265556","0.800025100768678","1.74544067205653","0.767135344359963","0.222940717205584","0.862","0.908207789994776","0.212142521282658","0.411274429643527","15_15"
"10.2527673482272","2.1431743985002","0.186188205435925","2.69735105818059","0.252767348227197","0.294349841031356","1","0.201681931037456","0.651673766085878","0.820946294115856","15_15"
"10.8175925052371","1.71901539322604","0.78302565154271","1.78149746240469","0.817592505237144","0.192950012682062","1","0.898389684967697","0.125555095961317","0.647060193819925","15_15"
"10.8270835306873","1.70585564014823","0.804701350871556","1.7566325432542","0.827083530687253","0.220876806047109","1","0.944675268605351","0.267220668727532","0.78293276228942","15_15"
"10.6693569269404","1.88458243404938","0.569184495243655","2.07376529566688","0.669356926940432","0.230272493093545","1","0.660797792486846","0.386114092543721","0.553036311641335","15_15"
"10.656313999142","1.86461985780497","0.587993655441596","2.07395242281309","0.656313999142036","0.174829613407649","1","0.62911404389888","0.0133903331588954","0.529719580197707","15_15"
"10.0826605619307","2.16023503400913","0.187488563744855","2.8646142795001","0.0826605619307041","0.316721575004454","1","0.0617862704675645","0.382387957070023","0.789356231689453","15_15"
"0.0796860181826142","0.0722323184605766","2.73112383044302","0.00816019603294521","0.0796860181826142","0.294276214323053","0.024","0.205974574899301","0.86969084572047","0.023331202333793","15_15"
"10.2233074579678","2.10127958839405","0.256703048225556","2.70218436148276","0.223307457967768","0.270608576903424","0.992","0.176556752528995","0.34034899668768","0.477230065036565","15_15"
"10.6807440982746","1.87503198820394","0.570636215660755","2.05865594114453","0.680744098274589","0.249649120671436","1","0.687022846657783","0.482080115471035","0.7323137386702","15_15"
"10.4432011063227","2.05232987958545","0.331608907746282","2.44797600142565","0.443201106322697","0.272670844742158","1","0.384103718213737","0.599565825425088","0.692731556482613","15_15"
"10.7089722669043","1.83060319170859","0.629240518306283","1.95782666904976","0.708972266904258","0.254595001321295","0.992","0.769841419998556","0.493541307048872","0.477619622135535","15_15"
"10.5509189590023","1.94887557595342","0.477753009297277","2.24885373087769","0.55091895900227","0.195889378912408","1","0.497699242085218","0.186217601411045","0.8612094768323","15_15"
"10.6452870018896","1.87930659847784","0.545684270567355","2.06567120873237","0.645287001889614","0.301579342953712","0.95","0.717618508264422","0.827373318606988","0.438097107224166","15_15"
"0.0875284638386398","0.0805314796796462","2.65277121816568","0.00913105716641471","0.0875284638386398","0.29371359725143","0.206","0.991906094830483","0.668466738192365","0.244797277031466","15_15"
"0.0802020817257562","0.0727774993826315","2.72990844667129","0.00821324754309006","0.0802020817257562","0.29371359725143","0.042","0.1","0.1","0.1","15_15"
"0.0836962187591631","0.0770378113263452","2.68463434881123","0.00857888825025886","0.0836962187591631","0.290515384268386","0.132","0.2","0.2","0.2","15_15"
"0.105552326532062","0.0949989804447215","2.52444460400928","0.0107791804488228","0.105552326532062","0.285104804339215","0.358","0.3","0.3","0.3","15_15"
"5.42900475559233","1.95885644817347","0.397115321835682","2.32797462625404","0.429004755592332","0.254113578419447","0.828","0.4","0.4","0.4","15_15"
"10.5406963399763","1.9813087363152","0.428631533274275","2.28324044205306","0.540696339976283","0.249490175696728","0.998","0.5","0.5","0.5","15_15"
"10.6137002526723","1.94129569328489","0.490633590249541","2.1723918769071","0.613700252672255","0.268246792951382","1","0.6","0.6","0.6","15_15"
"10.6656718882429","1.8912333126315","0.548866993135397","2.07538354233489","0.66567188824292","0.285266213252443","1","0.7","0.7","0.7","15_15"
"10.7050836161113","1.85004424799333","0.608813758887768","1.99119506224944","0.705083616111251","0.307017331623537","1","0.8","0.8","0.8","15_15"
"10.7450897261326","1.81970603772599","0.660369334401465","1.91787897012861","0.745089726132576","0.324077675205898","1","0.9","0.9","0.9","15_15"
"10.780651349674","1.78579529525933","0.702981588283502","1.8564267015481","0.780651349673969","0.342895362915697","1","1","1","1","15_15"
"10.7496719616037","1.79733350237177","0.682914223997434","1.92224134499918","0.749671961603709","0.202103584785549","1","0.776841573771744","0.203774660233189","0.644548167594519","15_15"
"10.582622926404","1.95334170731367","0.472685783080131","2.2240805793107","0.582622926403987","0.232716946464677","1","0.538189376374443","0.41097730424598","0.744239904375478","15_15"
"10.7304104426152","1.8311882825847","0.64336810962095","1.94327084456288","0.730410442615221","0.322009532108095","1","0.865235106740147","0.872926560556516","0.791873433440924","15_15"
"10.8270835306873","1.70585564014823","0.804701350871556","1.7566325432542","0.827083530687253","0.220876806047109","1","0.944675268605351","0.267220668727532","0.78293276228942","15_15"
"10.7089722669043","1.83060319170859","0.629240518306283","1.95782666904976","0.708972266904258","0.254595001321295","0.992","0.769841419998556","0.493541307048872","0.477619622135535","15_15"
"10.3252965864759","2.08022664322267","0.294549272118478","2.5820465671717","0.325296586475938","0.250109472870258","1","0.2655086631421","0.380035179434344","0.79423986072652","15_15"
"10.6137002526723","1.94129569328489","0.490633590249541","2.1723918769071","0.613700252672255","0.268246792951382","1","0.6","0.6","0.6","15_15"
"10.1510344240896","2.17382920027317","0.146668305222789","2.80855790468599","0.151034424089618","0.313411795808789","1","0.115379119940647","0.570822970055026","0.624921956485639","15_15"
"10.8175925052371","1.71901539322604","0.78302565154271","1.78149746240469","0.817592505237144","0.192950012682062","1","0.898389684967697","0.125555095961317","0.647060193819925","15_15"
"10.7459350282964","1.80957370357701","0.674136309065342","1.92109656363046","0.745935028296405","0.222911877070721","1","0.782345903682799","0.307894528271849","0.555548337866742","15_15"
"10.6760377618786","1.86357561943375","0.595475319000244","2.05154542713338","0.676037761878646","0.200716792220958","1","0.660905652493695","0.20895088465684","0.622118784054423","15_15"
"10.6807440982746","1.87503198820394","0.570636215660755","2.05865594114453","0.680744098274589","0.249649120671436","1","0.687022846657783","0.482080115471035","0.7323137386702","15_15"
"10.6907854421768","1.86599021730023","0.583628206246069","2.03999828613804","0.690785442176802","0.250430640111389","1","0.703821728023272","0.485011003299625","0.710912867822942","15_15"
"10.5807375135244","1.96833279803116","0.445528953322114","2.22356279517915","0.580737513524387","0.295212664356586","1","0.57638139833173","0.788930707099923","0.718930426933832","15_15"
"10.3794987518641","2.07327949293072","0.298598596764036","2.52239691926232","0.379498751864103","0.25608268615659","1","0.316329791448923","0.4879006130542","0.755669891626124","15_15"
"0.0864202968597748","0.0791091416734638","2.66200703772009","0.00897136102904592","0.0864202968597748","0.291465292803172","0.186","0.572685723979266","0.591502222363526","0.234661261551082","15_15"
"10.7083810965972","1.84236961866217","0.619526695554511","1.99032633057639","0.708381096597187","0.25327912793141","0.998","0.753042538633067","0.490610419220282","0.499020492982793","15_15"
"10.5658097992264","1.97719398809364","0.435154442235189","2.24409142346647","0.565809799226363","0.292293807860407","1","0.560047389951935","0.782826180504765","0.742910911968991","15_15"
"10.8270835306873","1.70585564014823","0.804701350871556","1.7566325432542","0.827083530687253","0.220876806047109","1","0.944675268605351","0.267220668727532","0.78293276228942","15_15"
"10.6998744423301","1.8559992327148","0.612195848843169","2.01290624394831","0.699874442330147","0.234594812255198","1","0.719020291691733","0.385675873429016","0.516189591235931","15_15"
"10.5926844637107","1.94954206834058","0.466497838061428","2.193067980954","0.592684463710672","0.287656610289688","1","0.596471965020166","0.745774524005986","0.604780519106396","15_15"
"10.5795568304375","1.95636911764604","0.465874146173192","2.23310490094028","0.57955683043745","0.234940149768639","1","0.534764893259853","0.427073439443484","0.858126566559076","15_15"
"10.5270540373275","1.98889949010021","0.426496074619803","2.30332662993193","0.527054037327497","0.231358443179059","1","0.472215786721317","0.394177695605284","0.604150889982791","15_15"
"10.6590464031211","1.89967354777207","0.544866169549126","2.09659294291256","0.659046403121114","0.245691880276454","1","0.64883347028334","0.471102811225055","0.738073834294722","15_15"
"10.6302227682621","1.92422530078947","0.511463902112032","2.14156414412303","0.630222768262121","0.25879128729996","1","0.617233714460649","0.546197919437261","0.576365280995072","15_15"
"10.6559467780662","1.89827763182918","0.549316116690614","2.09392778263761","0.655946778066206","0.236588406634842","1","0.643564078026197","0.431016370421275","0.576671030646264","15_15"
"0.141687763110312","0.118529824372879","2.25400956997493","0.0145993338372557","0.141687763110312","0.295469187079024","0.46","0.554412097855945","0.804640035361192","0.325278303353116","15_15"
"10.5893410713054","1.94906055210532","0.479264877002812","2.21774501721448","0.589341071305415","0.232987419969549","1","0.546407150526918","0.411564987014997","0.764434275203814","15_15"
"10.7050836161113","1.85004424799333","0.608813758887768","1.99119506224944","0.705083616111251","0.307017331623537","1","0.8","0.8","0.8","15_15"
"10.6266655418319","1.93109355334973","0.504913458113657","2.14945397228949","0.626665541831904","0.271269192963585","1","0.624056328261802","0.616739644920323","0.749820644513622","15_15"
"10.6807440982746","1.87503198820394","0.570636215660755","2.05865594114453","0.680744098274589","0.249649120671436","1","0.687022846657783","0.482080115471035","0.7323137386702","15_15"
"10.4484347375743","2.03098311814676","0.369848669988004","2.4184500288744","0.448434737574257","0.233813133680606","1","0.386453164365956","0.381979173106927","0.691590387544568","15_15"
"10.1654296620995","2.1826521409991","0.1247664367573","2.8026615928458","0.165429662099503","0.308128691523704","1","0.127223543420866","0.68126368756441","0.702124405425744","15_15"
"10.6807440982746","1.87503198820394","0.570636215660755","2.05865594114453","0.680744098274589","0.249649120671436","1","0.687022846657783","0.482080115471035","0.7323137386702","15_15"
"10.6527862098569","1.90693800572151","0.539812762213827","2.10343586074431","0.652786209856942","0.242165151760703","1","0.640143884932882","0.455484113696731","0.594899257967611","15_15"
"10.6820236091787","1.86742070725614","0.595030578436951","2.04834319759151","0.682023609178719","0.213962668860811","1","0.672503249057507","0.274420129698194","0.643205062913271","15_15"
"10.7013283153747","1.85561251673508","0.602059068974834","2.00511197906526","0.701328315374697","0.2746628727965","1","0.749632228072733","0.60319212586619","0.609892229130492","15_15"
"10.6098109212982","1.93722616756792","0.492006788078064","2.18787910386119","0.609810921298193","0.238837120923018","1","0.577715613997775","0.456610050558488","0.741921731219976","15_15"
"10.6778257208125","1.87606952439178","0.581507843881513","2.06007087059746","0.677825720812457","0.233498032442591","1","0.678066360952945","0.396446365009285","0.523957053178933","15_15"
"10.4227006640703","2.06289101416102","0.314395384100701","2.47713709642598","0.422700664070323","0.275045332358055","1","0.364385995128357","0.616267157412584","0.67789263641465","15_15"
"10.8049743992292","1.74252851914961","0.760200146463903","1.81529565155955","0.804974399229235","0.206766400303664","1","0.875479514495464","0.216268901701847","0.628526216847386","15_15"
"10.6287210656646","1.91597363044202","0.521123044870225","2.14909933921472","0.62872106566465","0.22964521070677","1","0.598075790467877","0.383731879756433","0.618839064417883","15_15"
"10.8010380895313","1.74628326912592","0.756190967299819","1.82167479100589","0.801038089531266","0.210727768562104","1","0.875782313441348","0.236769830851657","0.761432603034033","15_15"
"10.6587295783774","1.89805336650607","0.540611700157289","2.08952544649527","0.658729578377426","0.298828717060242","1","0.700778473400621","0.783653453443716","0.786121102624238","15_15"
"10.5991823000351","1.94404116968888","0.483063110984511","2.20414216043073","0.59918230003508","0.242676810341194","1","0.564566027111296","0.476796334834255","0.678395343944054","15_15"
"10.6362483629089","1.92182003986481","0.507965139986083","2.13429237677856","0.636248362908927","0.30039296411887","1","0.659268916551314","0.799172727061049","0.756789809344753","15_15"
"10.6322305263803","1.91764896280363","0.520813779269762","2.14564581949649","0.63223052638033","0.234977449105791","1","0.609307232660008","0.425470064912547","0.740392007450225","15_15"
"10.8175925052371","1.71901539322604","0.78302565154271","1.78149746240469","0.817592505237144","0.192950012682062","1","0.898389684967697","0.125555095961317","0.647060193819925","15_15"
"10.4354210402393","2.05279703316621","0.330176264413289","2.4544166951577","0.435421040239308","0.266509169549411","1","0.375049453074092","0.571295457562766","0.696849964584611","15_15"
"10.7880686916117","1.76594731196999","0.735703673743369","1.85510074195088","0.788068691611709","0.209240536916967","1","0.845734528935748","0.234225498109065","0.666048326849906","15_15"
"10.5863547546114","1.96017257654477","0.462446708647969","2.22092484209077","0.5863547546114","0.262281501980278","1","0.554329267632251","0.563985468330944","0.706506431737706","15_15"
"10.6297448215228","1.92603752441133","0.506258594082162","2.14367397885834","0.629744821522807","0.282493439794193","1","0.640920112642827","0.699899138540465","0.807010581509164","15_15"
"10.595954859597","1.95032195954859","0.473307888102702","2.2035159528859","0.595954859597001","0.258696171244297","1","0.570198866148557","0.550277104609229","0.779731222615022","15_15"
"10.5224642549105","2.00645591959865","0.400006440203704","2.32421099075357","0.522464254910504","0.268477678717841","1","0.477933909041002","0.613018407779105","0.640555370214077","15_15"
"10.6151192473465","1.92763193001767","0.50277610170843","2.17517915417355","0.615119247346495","0.231250203698836","1","0.579143307113231","0.400206812665711","0.736472442432476","15_15"
"10.5803489797793","1.96510805547149","0.4524713860501","2.22361704381207","0.58034897977935","0.276715439638765","1","0.564536974851511","0.678489989590539","0.641727977993727","15_15"
"10.6282044037465","1.92635673097126","0.502636700194577","2.14485424497235","0.628204403746548","0.299317438995838","1","0.650367771927267","0.79680787413381","0.790107770869508","15_15"
"10.8270835306873","1.70585564014823","0.804701350871556","1.7566325432542","0.827083530687253","0.220876806047109","1","0.944675268605351","0.267220668727532","0.78293276228942","15_15"
"10.7243283540479","1.83259726108625","0.639459430623179","1.97223630925911","0.724328354047859","0.230398953586982","1","0.747902402740434","0.360370900956271","0.578014135327512","15_15"
"10.6795771696867","1.87555129574296","0.568802102713915","2.0640067702956","0.679577169686685","0.257605540399087","1","0.693844780617026","0.527174300903019","0.851115985049912","15_15"
"10.6848882668068","1.87117161342621","0.596790754194095","2.05092628283788","0.684888266806788","0.217014148489923","1","0.67519442141138","0.298839110462426","0.665888450796475","15_15"
"10.6333759777866","1.92184698105001","0.516035105510711","2.14168481924709","0.633375977786611","0.247867218507138","1","0.612674284904259","0.487786963681748","0.713531366643138","15_15"
"10.6633597276263","1.8905058663895","0.556275583836413","2.09594742358588","0.66335972762627","0.232537924994343","1","0.649480032199985","0.404474101028469","0.765672231338864","15_15"
"10.7871225971188","1.76459900129407","0.73227620231285","1.85409135512819","0.787122597118781","0.215039478932798","1","0.845480131179935","0.256137563193896","0.695954995567369","15_15"
"10.630906873749","1.93311962151704","0.498737648413029","2.13363838514142","0.630906873748987","0.31692825638729","1","0.665293926844549","0.894768048776314","0.647088224223112","15_15"
"10.8270835306873","1.70585564014823","0.804701350871556","1.7566325432542","0.827083530687253","0.220876806047109","1","0.944675268605351","0.267220668727532","0.78293276228942","15_15"
"10.6352324719948","1.91612961641181","0.517529265421781","2.14217193351353","0.635232471994792","0.254806079253149","1","0.623508055530272","0.52290701254026","0.821916196143524","15_15"
"10.6382787883071","1.9184614640675","0.516287708140212","2.13370719938225","0.638278788307136","0.262225794393975","1","0.628677829385775","0.558278620120231","0.725288803764768","15_15"
"10.6692490428489","1.88738499435479","0.55977485820022","2.07988281324267","0.669249042848857","0.235728997064726","1","0.659165118863842","0.419781440473155","0.715376359322204","15_15"
"10.6781565035919","1.87716400880615","0.58346248696951","2.06289700019232","0.67815650359186","0.218993518244198","1","0.666626188798571","0.319477645334774","0.643934291265612","15_15"
"10.5947926988604","1.95021173181388","0.484453826219964","2.20316218768752","0.594792698860412","0.232417510661072","1","0.554042137896783","0.410438916325151","0.554797199612617","15_15"
"10.6825790048597","1.87784049797648","0.573805486276331","2.06099657333772","0.68257900485973","0.24485358108609","1","0.68433167430391","0.457661134706803","0.709630350786996","15_15"
"10.6808033047822","1.87787566460982","0.570661245160618","2.05957577452138","0.680803304782234","0.245142545810999","1","0.68211591341501","0.46291720358958","0.673902256523468","15_15"
"10.8301542364856","1.70733392457532","0.806724518624947","1.75741432912139","0.830154236485593","0.217078754464306","1","0.943879619381265","0.244560790066578","0.764357937901154","15_15"
"10.6583677089798","1.89665125039711","0.543509613122504","2.09773262456846","0.658367708979768","0.257287134646206","1","0.657042249178178","0.527766260553397","0.662669405798371","15_15"
"5.43955294911735","1.95930158335611","0.400158698385003","2.3139445347606","0.439552949117348","0.259922572457181","0.828","0.414310892159897","0.444277848104808","0.399409950012341","15_15"
"10.5467015834516","1.97604093332222","0.445978672698832","2.2746074796922","0.546701583451571","0.229143518861447","1","0.493741888689357","0.378226147730717","0.763211646609764","15_15"
"10.6836504642391","1.87544513408712","0.575478120624093","2.04754369530785","0.683650464239127","0.277450860063211","1","0.725258413871011","0.644429251334508","0.769814586416544","15_15"
"10.6617161103046","1.89524266121299","0.540412397477717","2.08833278568817","0.661716110304624","0.295558936458476","1","0.701032871156434","0.761741388358884","0.756214433906775","15_15"
"10.7068360460394","1.84858712727043","0.607825298134104","2.00570330609453","0.706836046039398","0.250640928328904","1","0.735964581897964","0.475889643428131","0.747068196186534","15_15"
"10.8175925052371","1.71901539322604","0.78302565154271","1.78149746240469","0.817592505237144","0.192950012682062","1","0.898389684967697","0.125555095961317","0.647060193819925","15_15"
"10.685989136657","1.86573030487161","0.599326165932312","2.04368997379113","0.685989136656963","0.21589300984639","1","0.67741018230028","0.293583041579649","0.701616545060002","15_15"
"10.7790953532102","1.77073242786368","0.723845942220625","1.86425066293558","0.779095353210189","0.217420127705998","1","0.83738654428195","0.270973694103743","0.711311503224224","15_15"
"10.6189834612017","1.92198887868512","0.508312847784586","2.16796939051207","0.618983461201696","0.230194578127024","1","0.585557553331942","0.395666299693373","0.658423808671505","15_15"
"10.6171658920185","1.94022135262038","0.491692251681606","2.16864554587824","0.617165892018474","0.268204694564064","1","0.601958132097164","0.599025856463239","0.609715223780393","15_15"
"10.6195077111137","1.92102846972071","0.51453196564459","2.15977140517753","0.619507711113736","0.225418102099036","1","0.583760139781479","0.362626482862166","0.732714530687497","15_15"
"10.7352864166017","1.81889311046503","0.647019091232302","1.9347067687135","0.735286416601682","0.289419872959595","1","0.832517171093518","0.684328938483212","0.702794912969694","15_15"
"10.6246352827925","1.92048056606026","0.51679154956758","2.15944869129074","0.624635282792459","0.229650944937956","1","0.591661544249165","0.388272392728771","0.696887698178854","15_15"
"10.8021438358593","1.74587170639277","0.757388012154728","1.82470426885237","0.802143835859257","0.211908354643108","1","0.87627516371955","0.238928780362801","0.647101041235651","15_15"
"10.6758951456841","1.87653275521011","0.578975143026378","2.07039103360309","0.675895145684134","0.224042488564474","1","0.663585129769497","0.346704433759663","0.672749808013527","15_15"
"10.5750420127165","1.96923274933","0.44433415961624","2.24033681948868","0.575042012716461","0.282630045454221","1","0.560651843350853","0.713283838838535","0.825511928880587","15_15"
"10.6412137949282","1.91605077066468","0.518624861382448","2.12762931761184","0.641213794928201","0.26319475843612","1","0.633891473765555","0.567037227950746","0.619454783648353","15_15"
"10.6600266822176","1.89742029165959","0.548040807518566","2.0911569846168","0.660026682217616","0.27085106367643","1","0.674712146754638","0.603721388358818","0.697769657680562","15_15"
"10.6333614825295","1.92072731865673","0.515680949837669","2.14260640168555","0.633361482529486","0.262186874967211","1","0.625108907509787","0.55975488906589","0.652929845930412","15_15"
"10.6848882668068","1.87117161342621","0.596790754194095","2.05092628283788","0.684888266806788","0.217014148489923","1","0.67519442141138","0.298839110462426","0.665888450796475","15_15"
"10.6626104655717","1.89721354583215","0.549855877812651","2.08570959618193","0.662610465571695","0.267135148425641","1","0.673913910234418","0.583146264683165","0.733978034177621","15_15"
"10.8100653638541","1.72915266748567","0.770562010509989","1.79684245424061","0.810065363854054","0.192692512835145","1","0.88218976397024","0.128500120471113","0.647062189483882","15_15"
"10.7795145684708","1.76321765852051","0.723060827160296","1.84410023843284","0.779514568470821","0.273071751910654","1","0.903201378607596","0.544421109766441","0.771475927275038","15_15"
"10.6765999526818","1.88264380678167","0.56607030150328","2.06412794038322","0.676599952681823","0.267994181613869","1","0.694157419029938","0.576618092621026","0.710323561121816","15_15"
"10.6372133281587","1.92001175823528","0.515752055505245","2.13505116549105","0.637213328158685","0.266023676408834","1","0.631222049179976","0.58309405507608","0.752503667494531","15_15"
"10.8270835306873","1.70585564014823","0.804701350871556","1.7566325432542","0.827083530687253","0.220876806047109","1","0.944675268605351","0.267220668727532","0.78293276228942","15_15"
"10.5951217406695","1.95234287043584","0.467840242489369","2.20408831079571","0.595121740669462","0.280832256481649","1","0.588099470943417","0.693262810200955","0.675126732677248","15_15"
"10.7106979110037","1.84481372200202","0.610341733858132","2.00093522471021","0.710697911003739","0.252344421212771","1","0.742506761154189","0.484540947319976","0.767671268921157","15_15"
"10.639340937827","1.91798517698974","0.511289757972484","2.13140700755292","0.639340937827014","0.290723223447803","1","0.65579679030779","0.736873743795951","0.747525203493922","15_15"
"10.6257835177355","1.92463778342152","0.511648594165276","2.15688763987726","0.625783517735451","0.236783095539043","1","0.599875864392306","0.445607790731587","0.741824861153334","15_15"
"10.6227223670384","1.92963797897059","0.504837413559206","2.15643490252539","0.622722367038404","0.261026955697361","1","0.609091340536625","0.554204060191757","0.649888197341796","15_15"
"10.7089217619268","1.84461101734863","0.62557688963798","2.00551346605996","0.70892176192676","0.21576831172539","1","0.713277485541236","0.283976916350982","0.649026724547858","15_15"
"10.81000813948","1.73601759959269","0.770833686958971","1.80773233840918","0.810008139480006","0.211639947995982","1","0.892475084717006","0.235983755853006","0.647099045571695","15_15"
"10.6571228810332","1.90076707677231","0.545085116443265","2.09538381083255","0.657122881033175","0.267164246512433","1","0.667991962390191","0.584629701997145","0.650935111602552","15_15"
"10.7610647606438","1.78769289705884","0.688634775838925","1.89199439286325","0.761064760643753","0.269219208140152","1","0.853694104901199","0.542191034123205","0.684745696432962","15_15"
"10.6499755588726","1.90796668248709","0.536336420956552","2.10101082250392","0.649975558872607","0.268629490175152","1","0.658684221390478","0.591923126262929","0.572892574871654","15_15"
"10.6238726894226","1.92666608899887","0.506484408819355","2.15954682284253","0.623872689422583","0.255779729163492","1","0.605541076464799","0.532608759953229","0.673358393081736","15_15"
"10.6580537188036","1.8996012643981","0.541437505797646","2.09109640406742","0.65805371880357","0.280968162484246","1","0.684917146545606","0.678760080489464","0.747104103440938","15_15"
"10.7247782403551","1.82274906575924","0.645678965653121","1.96660724258241","0.724778240355089","0.227419212866519","1","0.754659222427479","0.343224256740591","0.511992958607152","15_15"
"10.6595702020944","1.90104683386065","0.542627986773004","2.0975328672137","0.659570202094378","0.26308164396583","1","0.660954595682611","0.564131721437525","0.704676022233361","15_15"
"10.662206818619","1.89523784014747","0.541361462312411","2.08575594418605","0.662206818619008","0.292057152549635","1","0.698488651362232","0.736925953403036","0.728999570177012","15_15"
"10.7477306228018","1.8034474036491","0.675858319757164","1.92885622421639","0.74773062280177","0.206345582447262","1","0.769953993937508","0.22779331317262","0.732129083803507","15_15"
"10.6420055442072","1.9140132991156","0.521724579864282","2.11592445472812","0.642005544207243","0.286032867664134","1","0.663917701304673","0.712889556291255","0.70856027858333","15_15"
"10.6848882668068","1.87117161342621","0.596790754194095","2.05092628283788","0.684888266806788","0.217014148489923","1","0.67519442141138","0.298839110462426","0.665888450796475","15_15"
"10.8301542364856","1.70733392457532","0.806724518624947","1.75741432912139","0.830154236485593","0.217078754464306","1","0.943879619381265","0.244560790066578","0.764357937901154","15_15"
"10.3525538721237","2.05513257413397","0.332600624754659","2.5318902318857","0.352553872123677","0.229808237460779","1","0.289980886038393","0.283976916350982","0.649026724547858","15_15"
"10.6144186088946","1.93749325128359","0.490355581508797","2.16398397451916","0.61441860889458","0.284479426396576","1","0.620642808888853","0.713960762219688","0.736775115288715","15_15"
"10.8301542364856","1.70733392457532","0.806724518624947","1.75741432912139","0.830154236485593","0.217078754464306","1","0.943879619381265","0.244560790066578","0.764357937901154","15_15"
"10.7357729786701","1.8203565582282","0.646418280561851","1.95198252097205","0.735772978670085","0.268220591268619","1","0.8018057205992","0.556992096220555","0.767794756131325","15_15"
"0.0813592917959239","0.0738717550970582","2.70670753574553","0.00833328441110674","0.0813592917959239","0.292793451276592","0.076","0.721364264425118","0.267934911282387","0.166742393514141","15_15"
"10.7204160392366","1.83534783858461","0.627502203078671","1.97986842114246","0.720416039236642","0.270886052359601","1","0.77557390591814","0.574269411121677","0.736422475996832","15_15"
"10.8301542364856","1.70733392457532","0.806724518624947","1.75741432912139","0.830154236485593","0.217078754464306","1","0.943879619381265","0.244560790066578","0.764357937901154","15_15"
"10.6539937779023","1.90658910496101","0.536401349731562","2.10511322915577","0.653993777902288","0.265316184355688","1","0.654323710588561","0.577434750700364","0.704550164152169","15_15"
"10.7997983947143","1.7388303068982","0.749806638880102","1.81535401593999","0.799798394714326","0.252383484619908","1","0.920273924459236","0.445867426365833","0.741384486352787","15_15"
"10.6597811362608","1.89865784090305","0.542887046966007","2.09606340791737","0.659781136260796","0.26168027560039","1","0.660620402618457","0.554799212399427","0.713813986759504","15_15"
"10.7105406963369","1.84804513334651","0.615860227134719","2.00607035659067","0.710540696336864","0.232639484861703","1","0.724270347534789","0.382105697454403","0.759852913660009","15_15"
"10.7171677908575","1.83901314354616","0.618262080350519","1.98882035982671","0.717167790857501","0.265832870357913","1","0.762350253691007","0.551560734983411","0.708357193377074","15_15"
"10.7544074591156","1.79862188412944","0.684347672920247","1.91642517332029","0.754407459115609","0.20995129189431","1","0.783117927566144","0.248568080890094","0.739499739101292","15_15"
"10.71351804882","1.84861583563198","0.622306918595873","1.99716453873187","0.713518048819971","0.234047976812327","1","0.731513899160636","0.386412166216554","0.656845079809006","15_15"
"10.6883614256729","1.86737384557538","0.588848647426548","2.04961325284642","0.688361425672898","0.227651161778514","1","0.684560290604641","0.36282508513827","0.727649473781728","15_15"
"10.7569290629135","1.79651755002886","0.678403088965361","1.91049353534186","0.756929062913522","0.24687507854162","1","0.82318686857254","0.444893548176733","0.765558305497935","15_15"
"10.6316418404668","1.9239979614117","0.511448713020997","2.14053390343728","0.631641840466783","0.262810855666359","1","0.621361730143281","0.565183514124778","0.733313205391878","15_15"
"10.7777348956938","1.76718730569946","0.719730483820936","1.85657284864154","0.777734895693781","0.267239913769554","1","0.89003744497896","0.523646342048967","0.764105271977252","15_15"
"10.7474431344674","1.8131210528115","0.674136527547283","1.93439756657986","0.747443134467377","0.221309037563719","1","0.779157275554698","0.302925536858337","0.648156027724175","15_15"
"10.6466309639673","1.90781606870025","0.528712805290667","2.12694962977044","0.64663096396732","0.261986496854363","1","0.640695057883735","0.555521741529492","0.684108481286942","15_15"
"10.7693001482336","1.77793129048399","0.703266464115839","1.87026107341507","0.769300148233605","0.274406308905518","1","0.876472449754695","0.55665912531776","0.677116724163887","15_15"
"10.7247782403551","1.82274906575924","0.645678965653121","1.96660724258241","0.724778240355089","0.227419212866519","1","0.754659222427479","0.343224256740591","0.511992958607152","15_15"
"10.7931010458496","1.75219007625415","0.741277065308431","1.8309979041451","0.793101045849624","0.244546096963569","1","0.892249600949141","0.404049911445762","0.716180992585536","15_15"
"10.649934279814","1.90352777076322","0.540444507671202","2.1172137814397","0.649934279814047","0.23478200413381","1","0.631447532947841","0.415027899483324","0.683421720480689","15_15"
"10.6155733023366","1.93900646246136","0.490479195729771","2.16924788643156","0.615573302336612","0.277236005390818","1","0.61513506718091","0.668063565544121","0.677368507512897","15_15"
"10.8270835306873","1.70585564014823","0.804701350871556","1.7566325432542","0.827083530687253","0.220876806047109","1","0.944675268605351","0.267220668727532","0.78293276228942","15_15"
"10.8270835306873","1.70585564014823","0.804701350871556","1.7566325432542","0.827083530687253","0.220876806047109","1","0.944675268605351","0.267220668727532","0.78293276228942","15_15"
"10.7343947435648","1.82357266446233","0.642530278405671","1.95907388151508","0.734394743564816","0.260106492446938","1","0.787231719396727","0.516204483677834","0.732921052025141","15_15"
"10.7462739173703","1.80886776508257","0.663842836693621","1.92984614995377","0.746273917370316","0.267091739773878","1","0.821784891719395","0.546769791265789","0.745377012400022","15_15"
"10.6434409615145","1.91431708093271","0.522989857233787","2.12125178617113","0.643440961514529","0.268325680300121","1","0.642431835553699","0.593313832898065","0.717071934344786","15_15"
"10.8094769358474","1.72941664674964","0.773177466001168","1.79499335723321","0.809476935847365","0.188822889059894","1","0.881060349790197","0.10212059924379","0.653570830325739","15_15"
"10.716593274304","1.84071960762056","0.615103704833603","1.99551665843636","0.716593274303967","0.257717828293814","1","0.751177222628435","0.513737905208527","0.711922853480346","15_15"
"10.6952382180817","1.86168600243827","0.589560122591886","2.03062009400076","0.695238218081735","0.251066980834193","1","0.71270470382784","0.486677384497698","0.737743933304531","15_15"
"10.6778684511746","1.87847121990981","0.564865991704173","2.06025940103304","0.677868451174607","0.26053227603113","1","0.690801702583732","0.545453476374692","0.722042273704438","15_15"
"10.774446876331","1.77059969716569","0.714744064627931","1.86184795165328","0.774446876330981","0.268731718234831","1","0.885696907366664","0.532290443181533","0.765909393067651","15_15"
"10.7692753817977","1.78643127165395","0.708666164890312","1.88697497900791","0.769275381797743","0.220093722812013","1","0.821771278184987","0.286096550835958","0.6576290997942","15_15"
"10.8090359349667","1.73244855080426","0.771869116372884","1.80121765958535","0.809035934966687","0.223306643962169","1","0.902061265975063","0.284049654749911","0.773459690219395","15_15"
"10.7462739173703","1.80886776508257","0.663842836693621","1.92984614995377","0.746273917370316","0.267091739773878","1","0.821784891719395","0.546769791265789","0.745377012400022","15_15"
"10.7462739173703","1.80886776508257","0.663842836693621","1.92984614995377","0.746273917370316","0.267091739773878","1","0.821784891719395","0.546769791265789","0.745377012400022","15_15"
"10.784288841032","1.75916540544208","0.724702530828352","1.84926966201848","0.784288841031986","0.25670618640262","1","0.890861446325879","0.479750400038283","0.763166867149239","15_15"
"10.6984134277454","1.8581454448342","0.59328791575278","2.02703064125973","0.698413427745384","0.251370838532217","1","0.71867225359834","0.486725037393324","0.732302327097604","15_15"
"10.7922250647033","1.75893845431154","0.742849644552904","1.84574771747538","0.792225064703265","0.217730913088465","1","0.859988432613801","0.2692624431056","0.766243300964828","15_15"
"10.7084189004183","1.84674403128586","0.610124645644885","2.00624374106736","0.708418900418342","0.250446925063378","1","0.734560171068896","0.475072653355789","0.696496405783107","15_15"
"10.7462739173703","1.80886776508257","0.663842836693621","1.92984614995377","0.746273917370316","0.267091739773878","1","0.821784891719395","0.546769791265789","0.745377012400022","15_15"
"10.7343947435648","1.82357266446233","0.642530278405671","1.95907388151508","0.734394743564816","0.260106492446938","1","0.787231719396727","0.516204483677834","0.732921052025141","15_15"
"10.7569290629135","1.79651755002886","0.678403088965361","1.91049353534186","0.756929062913522","0.24687507854162","1","0.82318686857254","0.444893548176733","0.765558305497935","15_15"
"10.7051367114397","1.84931839329533","0.605473616189682","2.01071285382256","0.705136711439686","0.259330992515266","1","0.737125074696731","0.526272748832634","0.694987259607646","15_15"
"10.6561854135505","1.9008802928902","0.538494429906494","2.10069304647169","0.656185413550461","0.261686631943331","1","0.656115606487375","0.555629735593905","0.722410940702211","15_15"
"10.8301542364856","1.70733392457532","0.806724518624947","1.75741432912139","0.830154236485593","0.217078754464306","1","0.943879619381265","0.244560790066578","0.764357937901154","15_15"
"10.7693001482336","1.77793129048399","0.703266464115839","1.87026107341507","0.769300148233605","0.274406308905518","1","0.876472449754695","0.55665912531776","0.677116724163887","15_15"
"10.7109394722494","1.84699202255421","0.62029716458988","1.99690194625609","0.710939472249371","0.232864475946538","1","0.72693003774667","0.382862159660412","0.667167354645023","15_15"
"10.6226522327641","1.91251555727155","0.512758957888467","2.13374776174186","0.622652232764091","0.264008389264654","0.992","0.625866526274363","0.5643529909303","0.47614038689062","15_15"
"10.7887209823559","1.75468566958444","0.72899598911194","1.84035270559704","0.7887209823559","0.252207429585777","1","0.891425599602222","0.447945853456446","0.71711939741355","15_15"
"10.8270835306873","1.70585564014823","0.804701350871556","1.7566325432542","0.827083530687253","0.220876806047109","1","0.944675268605351","0.267220668727532","0.78293276228942","15_15"
"10.6917027629216","1.8642495757709","0.591680620472937","2.0441942341044","0.691702762921555","0.228578781809366","1","0.689144152018606","0.366375091694413","0.717327198945711","15_15"
"10.8270835306873","1.70585564014823","0.804701350871556","1.7566325432542","0.827083530687253","0.220876806047109","1","0.944675268605351","0.267220668727532","0.78293276228942","15_15"
"10.7171677908575","1.83901314354616","0.618262080350519","1.98882035982671","0.717167790857501","0.265832870357913","1","0.762350253691007","0.551560734983411","0.708357193377074","15_15"
"10.7152637891137","1.84102063133532","0.617198763390353","1.99335067255461","0.715263789113663","0.252111008722915","1","0.750015265311153","0.481575074439186","0.753319342268356","15_15"
"10.6771279076346","1.87419804164019","0.587466050529415","2.06239127306197","0.677127907634623","0.217439527610873","1","0.66265130485408","0.304493698414176","0.710766189983972","15_15"
"10.7282566016799","1.82977883434703","0.638251212638154","1.96862687323949","0.728256601679928","0.239842889934797","1","0.761486801620363","0.416735106693052","0.739454623416794","15_15"
"10.7462739173703","1.80886776508257","0.663842836693621","1.92984614995377","0.746273917370316","0.267091739773878","1","0.821784891719395","0.546769791265789","0.745377012400022","15_15"
"10.614118496744","1.92517808642476","0.50962456475577","2.16762270191809","0.614118496744006","0.225335741321916","1","0.577510603936389","0.362289461458443","0.73876057083895","15_15"
"10.6983441714574","1.85816285806672","0.594466553556889","2.02738181706332","0.698344171457392","0.259387930329254","1","0.726717994363081","0.527234971801062","0.896372553892434","15_15"
"10.7862385387587","1.76695388798203","0.733416387307282","1.85837023253817","0.786238538758734","0.221518725538679","1","0.851461348680085","0.289504397473949","0.748983106943528","15_15"
"10.7762889144475","1.77361681729436","0.718180527662029","1.87241214825938","0.776288914447526","0.228551023699153","1","0.842790081839009","0.334313815229425","0.75892276134916","15_15"
"10.8024466461735","1.73999725340646","0.759840480217685","1.81581762337478","0.802446646173546","0.192204461823813","1","0.863439791233263","0.129306000424549","0.713792369929067","15_15"
"10.4215744527367","2.02068979345788","0.38318533845277","2.43971414454035","0.421574452736713","0.209054926500722","1","0.357248281361535","0.231601428096445","0.692763361618642","15_15"
"10.7392588975627","1.81792306385562","0.651548046484329","1.94610528060073","0.739258897562699","0.264925917106035","1","0.804490198600537","0.545247892398798","0.742270618478596","15_15"
"10.7017940628911","1.85773835408065","0.594205764326187","2.02234076854952","0.701794062891063","0.264842086995895","1","0.729250151986334","0.550344410904153","0.708588952970527","15_15"
"10.8090359349667","1.73244855080426","0.771869116372884","1.80121765958535","0.809035934966687","0.223306643962169","1","0.902061265975063","0.284049654749911","0.773459690219395","15_15"
"10.7240764572799","1.83425910700946","0.634759071460226","1.97642340265161","0.724076457279914","0.233531417381975","1","0.747843421968778","0.38839499067707","0.711625125977113","15_15"
"10.7462739173703","1.80886776508257","0.663842836693621","1.92984614995377","0.746273917370316","0.267091739773878","1","0.821784891719395","0.546769791265789","0.745377012400022","15_15"
"10.6734628374446","1.88542976166799","0.557157406707766","2.07223560359757","0.673462837444635","0.261031399463952","1","0.680574834752729","0.542132669001369","0.717237525653811","15_15"
"10.8270835306873","1.70585564014823","0.804701350871556","1.7566325432542","0.827083530687253","0.220876806047109","1","0.944675268605351","0.267220668727532","0.78293276228942","15_15"
"10.7308637308598","1.82331359639495","0.651942754034427","1.96813824324776","0.730863730859784","0.215404478664815","1","0.743062514368973","0.279941636202019","0.720136525647263","15_15"
"10.7419502319218","1.81354064917313","0.654156545994314","1.94840035853676","0.741950231921846","0.261572089975502","1","0.804526412515584","0.517726382544825","0.829913498600945","15_15"
"10.6998645502799","1.85427290024524","0.610321999702297","2.02664891301234","0.699864550279903","0.218251097122281","1","0.695751406558753","0.305710022493434","0.710534430390518","15_15"
"10.8090359349667","1.73244855080426","0.771869116372884","1.80121765958535","0.809035934966687","0.223306643962169","1","0.902061265975063","0.284049654749911","0.773459690219395","15_15"
"10.7810459662501","1.76295556557826","0.713325445078474","1.86141366318752","0.781045966250145","0.254600322216397","1","0.879649990097907","0.471260876270463","0.748295882982767","15_15"
"10.8301542364856","1.70733392457532","0.806724518624947","1.75741432912139","0.830154236485593","0.217078754464306","1","0.943879619381265","0.244560790066578","0.764357937901154","15_15"
"10.7879899551785","1.75476290792842","0.730016153353956","1.83817096656626","0.787989955178507","0.264101923810769","1","0.904022628249252","0.501180008070445","0.749745864997626","15_15"
"10.8094769358474","1.72941664674964","0.773177466001168","1.79499335723321","0.809476935847365","0.188822889059894","1","0.881060349790197","0.10212059924379","0.653570830325739","15_15"
"10.7693001482336","1.77793129048399","0.703266464115839","1.87026107341507","0.769300148233605","0.274406308905518","1","0.876472449754695","0.55665912531776","0.677116724163887","15_15"
"10.7872005945201","1.75807255624062","0.738421119529392","1.84632300996428","0.787200594520074","0.226081817277714","1","0.862437532075494","0.312810451922875","0.778563909691815","15_15"
"10.7903685072499","1.75574711273901","0.741023801666496","1.84326834463722","0.790368507249926","0.222969244599319","1","0.864264059090459","0.291772730939689","0.773562426626128","15_15"
"10.8241479648668","1.7181638528703","0.789188008235606","1.77163738816247","0.824147964866843","0.19640554710373","1","0.905935342228077","0.137739839874877","0.743740230996517","15_15"
"10.7718074900377","1.78262932310941","0.708094541072681","1.8811339733488","0.77180749003766","0.231709488026387","1","0.83521360883779","0.35152500378912","0.745085307102483","15_15"
"10.8168360468791","1.72255994268589","0.784324613758835","1.77863024039655","0.816836046879144","0.232213577840083","1","0.932906128238198","0.330217182064581","0.742716764475754","15_15"
"10.6880385007159","1.87050679314695","0.577607400619718","2.04423177427816","0.68803850071595","0.258886639580688","1","0.703650983740835","0.529540836000753","0.714059266345672","15_15"
"10.7507020267838","1.80072851587529","0.67182628670483","1.92187869852314","0.750702026783843","0.244413950230312","1","0.812006543172738","0.433941922994313","0.754079045887485","15_15"
