"fitness","RSB_short","RC_short","RSB_long","RC_long","AAV","Blim_risk","Btarget","Blimit","delta1","delta2","delta3","scenario"
"10.1834025567652","1.3746106031906","0.165964841076665","3.01448664727083","0.183402556765176","0.270952968089781","1","0.8","0.7","0.5","0.4","0.4","one_way"
"10.1834025567652","1.3746106031906","0.165964841076665","3.01448664727083","0.183402556765176","0.270952968089781","1","0.8","0.7","0.5","0.4","0.4","one_way"
"0.0205191157564928","0.0424606268042499","0.663339209979714","0.002183051625157","0.0205191157564928","0.278743937856571","0.168","0.2655086631421","0.380035179434344","0.79423986072652","0.0706790471449494","0.34668348915875","one_way"
"0.0194762633520138","0.040561590473289","0.667958503654518","0.00207141776269226","0.0194762633520138","0.28427540005832","0.155","0.37212389963679","0.777445221319795","0.107943625887856","0.0994661601725966","0.333774930797517","one_way"
"10.536393657188","1.14707999772468","0.278645324541411","2.47302201374735","0.536393657188032","0.239862813415474","0.9992","0.572853363351896","0.934705231105909","0.723710946040228","0.31627170718275","0.476351245073602","one_way"
"10.2450035392114","1.0120095929862","0.344482307079325","2.70538515571538","0.245003539211413","0.168530184118025","1","0.908207789994776","0.212142521282658","0.411274429643527","0.518634263193235","0.892198335845023","one_way"
"0.0262926142481404","0.0609179055696548","0.671859850552501","0.00282918939905297","0.0262926142481404","0.27498143409945","0.1726","0.201681931037456","0.651673766085878","0.820946294115856","0.662005076417699","0.864339470630512","one_way"
"10.217851114018","0.934585060307228","0.382815841265273","2.67629688601991","0.217851114018002","0.145416520692003","0.998","0.898389684967697","0.125555095961317","0.647060193819925","0.406830187188461","0.389989543473348","one_way"
"10.1018317492368","1.42907059732511","0.140663661126776","3.1275058112544","0.10183174923679","0.299138165126455","1","0.944675268605351","0.267220668727532","0.78293276228942","0.912875924259424","0.777320698834956","one_way"
"10.4175834267849","0.866801597550388","0.406383490701106","2.35379342794319","0.417583426784861","0.156550337527011","0.9994","0.660797792486846","0.386114092543721","0.553036311641335","0.293603372760117","0.960617997217923","one_way"
"5.31694515246776","0.297112280205441","0.594741174059463","1.49012851248268","0.316945152467764","0.112640278805927","0.6954","0.62911404389888","0.0133903331588954","0.529719580197707","0.459065726259723","0.434659484773874","one_way"
"0.0110360115090709","0.0222639403710665","0.649047104676136","0.00117353881161462","0.0110360115090709","0.324429920787481","0","0.0617862704675645","0.382387957070023","0.789356231689453","0.332394674187526","0.712514678714797","one_way"
"0.0231299963204321","0.0487884705514299","0.667362090905887","0.0024037620960451","0.0231299963204321","0.281459132092149","0.2076","0.205974574899301","0.86969084572047","0.023331202333793","0.65087046707049","0.399994368897751","one_way"
"0.0132354848379282","0.0265495527823157","0.666874078161695","0.0013973451470151","0.0132354848379282","0.309703388495444","0.0322","0.176556752528995","0.34034899668768","0.477230065036565","0.258016780717298","0.325352151878178","one_way"
"10.3650987131313","1.20823974616265","0.24987715300337","2.70107032273561","0.365098713131334","0.236790338867319","1","0.687022846657783","0.482080115471035","0.7323137386702","0.478545248275623","0.757087148027495","one_way"
"10.8693146383496","0.714763831104034","0.469417736963758","1.63112468949964","0.869314638349555","0.192986831245654","0.9506","0.384103718213737","0.599565825425088","0.692731556482613","0.766310670645908","0.202692255144939","one_way"
"10.3239528277548","0.753977914763324","0.451948435953133","2.37150340235756","0.323952827754828","0.125750847741475","0.9916","0.769841419998556","0.493541307048872","0.477619622135535","0.0842469143681228","0.711121222469956","one_way"
"5.71421621574717","0.619649602962401","0.508506581189861","1.71456159987091","0.714216215747167","0.168956509690122","0.943","0.497699242085218","0.186217601411045","0.8612094768323","0.875321330036968","0.121691921027377","one_way"
"10.2612326691902","1.27273194454649","0.218521640513238","2.85864045575012","0.261232669190225","0.239127412058573","1","0.717618508264422","0.827373318606988","0.438097107224166","0.339072937844321","0.245488513959572","one_way"
"10.0496728495724","1.62293278258849","0.0472694232826178","3.28334414343283","0.0496728495724396","0.410027597230588","1","0.991906094830483","0.668466738192365","0.244797277031466","0.839440350187942","0.14330437942408","one_way"
"0.012116580437642","0.0248055623186573","0.654711981897076","0.00128801105296697","0.012116580437642","0.314728929342795","0.0332","0.1","0.1","0.1","0.1","0.1","one_way"
"0.0129502825603478","0.0260006745093173","0.66005005514883","0.00135845094622085","0.0129502825603478","0.310148686728315","0.041","0.2","0.2","0.2","0.2","0.2","one_way"
"0.0159297640774514","0.0334261056465257","0.675682208530216","0.00164902885343432","0.0159297640774514","0.295447790712094","0.1094","0.3","0.3","0.3","0.3","0.3","one_way"
"5.41733248706908","0.261799004426162","0.630506849443912","1.05403325360564","0.417332487069076","0.140854550072443","0.6344","0.4","0.4","0.4","0.4","0.4","one_way"
"10.5687400163455","0.762718215952156","0.451796762460666","2.03498563690193","0.568740016345454","0.162943538103692","0.989","0.5","0.5","0.5","0.5","0.5","one_way"
"10.4486973482603","1.17039238052649","0.267312165556189","2.5831262808041","0.448697348260267","0.241804094122165","0.9998","0.6","0.6","0.6","0.6","0.6","one_way"
"10.2260147063248","1.4344505193903","0.1314756793709","2.9930740383695","0.226014706324767","0.329822199679337","1","0.7","0.7","0.7","0.7","0.7","one_way"
"10.082359928289","1.60714285993426","0.0560377416839926","3.22404918970756","0.0823599282889676","0.416349019214162","1","0.8","0.8","0.8","0.8","0.8","one_way"
"10.0220387958884","1.69546637791884","0.0201017377226989","3.35884161417516","0.0220387958884133","0.486882046005773","1","0.9","0.9","0.9","0.9","0.9","one_way"
"10.0037206710785","1.74395764366949","0.00677430629436811","3.4173253353184","0.00372067107847865","0.528269703431249","1","1","1","1","1","1","one_way"
"10.714355170181","0.665516386474941","0.491991783385623","1.73962534098992","0.714355170181002","0.172138404943695","0.9558","0.394409432044729","0.566735605648258","0.533092761525","0.742126922225217","0.489993319253895","one_way"
"10.2094942120473","1.327856907924","0.191142360298321","2.954848444565","0.209494212047312","0.255275103503376","1","0.795634263115545","0.544557405770444","0.52341003268157","0.474641937330482","0.443499557472575","one_way"
"10.2584409000393","1.33892021587175","0.182502541511316","2.89693470466325","0.258440900039252","0.27731256475164","1","0.699348965846002","0.650303382682614","0.531844580965117","0.592444565379992","0.526819873647764","one_way"
"10.8693146383496","0.714763831104034","0.469417736963758","1.63112468949964","0.869314638349555","0.192986831245654","0.9506","0.384103718213737","0.599565825425088","0.692731556482613","0.766310670645908","0.202692255144939","one_way"
"10.5687400163455","0.762718215952156","0.451796762460666","2.03498563690193","0.568740016345454","0.162943538103692","0.989","0.5","0.5","0.5","0.5","0.5","one_way"
"10.1079366066646","1.48283638683896","0.108043406332012","3.15473080699181","0.107936606664574","0.323622332146837","1","0.952014658049098","0.57578595697326","0.252775427989171","0.595614576696241","0.461627499389575","one_way"
"10.2925568964141","0.685345726080054","0.474003790149349","2.34646756070602","0.292556896414126","0.122914024570924","0.9776","0.798078499530042","0.0965717426230432","0.59613047383156","0.407833814376147","0.408893293736537","one_way"
"10.026436849648","1.66864596312898","0.0326096824927053","3.35087398131567","0.0264368496479495","0.445114867665347","1","0.970127378846519","0.740223458525725","0.739484240254387","0.731586250755936","0.853475074330345","one_way"
"10.8693146383496","0.714763831104034","0.469417736963758","1.63112468949964","0.869314638349555","0.192986831245654","0.9506","0.384103718213737","0.599565825425088","0.692731556482613","0.766310670645908","0.202692255144939","one_way"
"10.3223827818795","0.940888947949329","0.373878879490112","2.55938772750992","0.322382781879465","0.154803771907185","1","0.759535706167565","0.526371526825703","0.637258417093148","0.108430662788813","0.423820158360999","one_way"
"10.1299122513587","1.36431487050894","0.173326601992808","3.07765291933235","0.129912251358735","0.274673624912004","1","0.937228743803841","0.259854577947352","0.661890361311","0.851744035822318","0.792250442324947","one_way"
"10.2279448544739","1.40494539188076","0.145223887485184","2.98216434956464","0.227944854473909","0.313408265971542","1","0.726914283439168","0.57476089669014","0.724335587712496","0.722371021767324","0.438764028062","one_way"
"10.4441492385961","1.11117459024728","0.294996848167008","2.55535324022724","0.444149238596111","0.217747510619751","1","0.63681475366964","0.492183855594666","0.661895352545015","0.489698541914047","0.693897787692857","one_way"
"10.2675694932152","1.32638825809274","0.189814698860371","2.8823597982596","0.267569493215213","0.267893542907445","1","0.717242490554395","0.668895601353782","0.661838670156304","0.443028182879425","0.637117621432288","one_way"
"10.3596877301365","1.27021575554055","0.218651007616619","2.73603461851018","0.359687730136459","0.266104062635603","1","0.63293021383389","0.600369840544312","0.579526369021334","0.723039917957322","0.0222068231087178","one_way"
"10.1425967853282","1.48566254446773","0.11260590466342","3.1057083811879","0.142596785328163","0.333862022088847","1","0.799857740084413","0.601490625916631","0.769888184882727","0.616592050740183","0.78179970598893","one_way"
"10.365824691305","1.2642423302201","0.22221519397515","2.72999691247172","0.36582469130498","0.260967191624868","1","0.650208092988143","0.589896259876369","0.670418386125185","0.588846706361575","0.663189360334637","one_way"
"10.1452907888351","1.49375965223058","0.107188204599968","3.10700073827059","0.145290788835079","0.340749305514538","1","0.768700973302001","0.764826014724872","0.64261047121196","0.58173476373349","0.811679513323101","one_way"
"5.32189735901464","0.514820439991901","0.534286154030323","2.02149005312804","0.321897359014637","0.115582903294677","0.8768","0.729425229336536","0.0423736864971695","0.580649300186072","0.458062099072038","0.415755734510686","one_way"
"10.0652752396807","1.58409906435168","0.0648137554520337","3.23379300248345","0.0652752396807087","0.38123193217246","1","0.958975880996593","0.668096897648052","0.265270908010132","0.71640043223062","0.470545268199711","one_way"
"10.2150542608193","1.08677506375146","0.320842113742013","2.79696772840689","0.215054260819256","0.178551349651322","1","0.881147194413302","0.156659494607536","0.685221523663622","0.663802004309037","0.45287192204106","one_way"
"10.3041942810429","1.24977692960872","0.230238248060018","2.79203244812572","0.304194281042919","0.237379774877072","1","0.700651034153998","0.649696617317386","0.568155419034883","0.407555434620008","0.473180126352236","one_way"
"10.2662633516843","1.40514593085747","0.144919363647428","2.92949717037005","0.26626335168428","0.319441699295913","1","0.68716510657337","0.680589489554404","0.762425553787473","0.661953197535439","0.775287442038565","one_way"
"10.3264957535425","1.26823879614872","0.2222529723694","2.78483012496523","0.326495753542498","0.25155953304292","1","0.691388583542238","0.637522709700591","0.70890370598863","0.403903310945141","0.713587590554919","one_way"
"10.2358267457852","1.35835590361947","0.171209753836703","2.93715826323206","0.23582674578523","0.281868714124333","1","0.715965727311654","0.683037753153843","0.510917765408685","0.555506604121652","0.710989630013488","one_way"
"10.3078276434851","1.12090131639513","0.294181581639979","2.71134501128489","0.307827643485117","0.192318463331049","1","0.753875692686903","0.510503553895029","0.66670185672685","0.228740310246471","0.700131592456467","one_way"
"10.2020444851258","1.13722919775197","0.28579525955061","2.87127222453617","0.20204448512584","0.194180290680123","1","0.915654314796286","0.219508612062838","0.532316830621946","0.579766151630341","0.877268592355032","one_way"
"10.0973817943518","1.64137778826481","0.0437585517596623","3.21337055316823","0.0973817943517505","0.460543949682127","1","0.729872621153481","0.959776541474275","0.960515759745613","0.968413749244064","0.846524925669655","one_way"
"10.4175834267849","0.866801597550388","0.406383490701106","2.35379342794319","0.417583426784861","0.156550337527011","0.9994","0.660797792486846","0.386114092543721","0.553036311641335","0.293603372760117","0.960617997217923","one_way"
"10.367762363785","1.16815005396803","0.267608102181528","2.67776023136245","0.367762363784961","0.227146315624256","1","0.692096819184846","0.421288077818849","0.710425840429376","0.511868609026627","0.948938483894823","one_way"
"10.1804534431639","1.48385472831303","0.110909033559355","3.05599511301175","0.180453443163938","0.344852568971086","1","0.724102841178354","0.876137321968412","0.752549570156611","0.537200236636945","0.709330990759653","one_way"
"10.3596877301365","1.27021575554055","0.218651007616619","2.73603461851018","0.359687730136459","0.266104062635603","1","0.63293021383389","0.600369840544312","0.579526369021334","0.723039917957322","0.0222068231087178","one_way"
"10.0616711381275","1.59155178151526","0.0645730595559005","3.2608419324485","0.0616711381275428","0.378898299080697","1","0.915654314796286","0.743514884263277","0.532316830621946","0.579766151630341","0.877268592355032","one_way"
"10.1883826579237","1.38334903513078","0.162703313165683","3.01113337496776","0.1883826579237","0.277222196206882","1","0.791756916234943","0.637515598308977","0.572861955738625","0.450648419282425","0.516291496651562","one_way"
"10.2838567571977","1.28122688249624","0.21497277025258","2.82982914043406","0.283856757197724","0.248776085548671","1","0.721119837434996","0.575937408815249","0.612386747099249","0.467021700927482","0.564325682253301","one_way"
"10.3256354847768","1.34686658627295","0.175465617669818","2.83946065794255","0.325635484776755","0.297933660760868","1","0.639804724884001","0.690412330589729","0.63058501354095","0.721854247549245","0.378688915598568","one_way"
"10.714355170181","0.665516386474941","0.491991783385623","1.73962534098992","0.714355170181002","0.172138404943695","0.9558","0.394409432044729","0.566735605648258","0.533092761525","0.742126922225217","0.489993319253895","one_way"
"10.4112789222085","1.00633521510398","0.345750053285414","2.50057108620945","0.411278922208545","0.18482308289977","1","0.675565604125141","0.391567185098949","0.651280077973495","0.369662852691836","0.722038409994938","one_way"
"10.073983504608","1.55058954207621","0.0852941930671962","3.22719571210501","0.0739835046080017","0.350823425780757","1","0.943552168714787","0.456044146398875","0.688910203191609","0.751467215615268","0.804397409749218","one_way"
"10.2634339029597","1.336898794076","0.184395573157788","2.8939110997638","0.263433902959656","0.276625751849486","1","0.701542851400797","0.630201078641174","0.554497062856434","0.598506085267189","0.455926247537202","one_way"
"10.8349993343014","0.811818839485605","0.428325414706168","1.83934222037996","0.834999334301394","0.2004420128325","0.9788","0.424885216047369","0.596285102511465","0.684538596780931","0.690466284344336","0.288499860164414","one_way"
"10.5012244793338","0.862799526138811","0.407207160518637","2.23797257302709","0.501224479333798","0.169162567456401","1","0.552817425400841","0.497075465628495","0.460255289217457","0.490426286238796","0.579600718333162","one_way"
"10.2020444851258","1.13722919775197","0.28579525955061","2.87127222453617","0.20204448512584","0.194180290680123","1","0.915654314796286","0.219508612062838","0.532316830621946","0.579766151630341","0.877268592355032","one_way"
"10.2833120701091","1.31979007950097","0.193995211766029","2.86273611243536","0.2833120701091","0.271440404482063","1","0.696981821232482","0.604581802895335","0.586070585839196","0.591573708889579","0.568594298281951","one_way"
"10.1546238073995","1.55015687261274","0.0786227949517412","3.11433163169754","0.154623807399546","0.397983920774067","1","0.723012270529522","0.752534820859645","0.869804859745306","0.874241695486544","0.77431155634229","one_way"
"10.2244769533753","1.40964349121142","0.143085137141913","2.98812907241837","0.224476953375348","0.314686411032051","1","0.724720397884373","0.59486320073158","0.701683105821178","0.716309501880127","0.509657654172562","one_way"
"10.3063822185053","1.13813662913","0.285928846264713","2.71824875045005","0.306382218505301","0.205046202040556","1","0.757145649548444","0.331331589050429","0.681910737737863","0.465743029133695","0.634191282156588","one_way"
"10.2875381491229","1.07599349294113","0.317624554850003","2.70229428721221","0.287538149122943","0.183997993576131","1","0.791079853092891","0.27850662825582","0.635078913869103","0.428683229295443","0.603777974820017","one_way"
"10.0432471039705","1.62095806842199","0.0527838427991454","3.30076061143521","0.0432471039704905","0.401851275087408","1","0.963803953935573","0.544033890074201","0.712464398373779","0.831863070962986","0.841328106906074","one_way"
"10.1798663214567","1.26596165782206","0.223337909283827","2.95582674406639","0.179866321456694","0.221341729673343","1","0.877877237551761","0.335831459452137","0.670012642652609","0.426799285421812","0.51881223234094","one_way"
"10.435967593752","1.23412167436183","0.23826574276778","2.63643287825969","0.435967593752006","0.26265971390276","0.9998","0.60942659515451","0.593176982789992","0.678611345826867","0.664691092663147","0.577381755315161","one_way"
"10.3419412250651","1.28536741239553","0.210805676780678","2.77311035985589","0.341941225065128","0.266352705928499","1","0.652575237601663","0.635617839663648","0.616192381251105","0.589717562851988","0.62141493570045","one_way"
"10.3264957535425","1.26823879614872","0.2222529723694","2.78483012496523","0.326495753542498","0.25155953304292","1","0.691388583542238","0.637522709700591","0.70890370598863","0.403903310945141","0.713587590554919","one_way"
"10.5271769502072","1.01041020978529","0.33989151094882","2.3758464168682","0.527176950207225","0.20612720977178","0.9994","0.583997328268799","0.495108389966171","0.657385651203366","0.499272255675251","0.614297069359696","one_way"
"10.8693146383496","0.714763831104034","0.469417736963758","1.63112468949964","0.869314638349555","0.192986831245654","0.9506","0.384103718213737","0.599565825425088","0.692731556482613","0.766310670645908","0.202692255144939","one_way"
"10.1822418668288","1.42689822860123","0.134480795816035","3.03912203447124","0.182241866828836","0.309415034385057","1","0.76182646225189","0.674783524679456","0.591551826692344","0.582920434141567","0.45519742083325","one_way"
"10.3661413391991","1.15428540956763","0.27324917737876","2.66654734260366","0.366141339199143","0.216198556737238","1","0.676620771903944","0.632069617145364","0.61065993965647","0.327843831013422","0.952167177777905","one_way"
"10.3162931611313","1.19280278550573","0.256592882664806","2.74571126049937","0.316293161131295","0.220917738318423","1","0.724241136991545","0.486960715721005","0.62289023011876","0.422178767960129","0.442232940348808","one_way"
"10.2187366547213","1.319522731836","0.193556031310859","2.94235082646829","0.218736654721331","0.251735161740428","1","0.787382484903387","0.558318492090094","0.626203101759678","0.411145181258969","0.594624962176057","one_way"
"10.2818328424854","1.14177337990625","0.280423610256997","2.76201886758985","0.281832842485357","0.208485853596193","1","0.779396987928655","0.303079265257822","0.612537843283842","0.578423396850668","0.62594784488358","one_way"
"10.5274603055199","0.826716263086641","0.42267727464918","2.18506662716548","0.527460305519864","0.161910387714653","0.9972","0.583997328268799","0.495108389966171","0.657385651203366","0.239086773013696","0.614297069359696","one_way"
"10.4567411004326","1.2091712801354","0.247789230327166","2.58580510121195","0.456741100432582","0.259409569995029","0.9998","0.586124863999109","0.601874233612099","0.632325572081246","0.73390179204917","0.446068167180568","one_way"
"5.73535419618561","0.610679286046242","0.511102096943247","1.67290377038128","0.735354196185609","0.165959731528624","0.9458","0.441230783439933","0.405430512773265","0.683403672413226","0.562657042565757","0.456492276037754","one_way"
"10.6351112718042","1.02554548343888","0.334214449701124","2.25300218068122","0.635111271804224","0.223859228147025","0.9976","0.520642535351796","0.587353786893395","0.666691989978827","0.626974392156884","0.560677049306529","one_way"
"10.8349993343014","0.811818839485605","0.428325414706168","1.83934222037996","0.834999334301394","0.2004420128325","0.9788","0.424885216047369","0.596285102511465","0.684538596780931","0.690466284344336","0.288499860164414","one_way"
"10.263320561264","1.35463937700859","0.172817348536505","2.91069121554034","0.263320561263954","0.288062493878333","1","0.705844189372804","0.59726259195818","0.631556831527264","0.644714828491604","0.512580611629979","one_way"
"10.3378948397226","1.28967262070688","0.209253303138499","2.77809188979373","0.337894839722624","0.270580349306445","1","0.669399226719311","0.532496742754188","0.676335890874134","0.685789926054484","0.539926872470942","one_way"
"10.0858215019932","1.54745729755292","0.0819593638486135","3.19800455987141","0.0858215019931811","0.362517426417128","1","0.885499965810141","0.548954667003572","0.620474053781539","0.794543898246707","0.298909784489334","one_way"
"10.1683140680984","1.51694598617296","0.0952344353878045","3.08506513841788","0.168314068098362","0.369583759501411","1","0.734124935289006","0.687624580049939","0.822154594296335","0.804618981811434","0.652112682869514","one_way"
"10.2198954521047","1.35382597077873","0.175780978608628","2.95600124869206","0.219895452104718","0.280108532845507","1","0.763984003501224","0.483899792903432","0.596591494516495","0.697691523081583","0.138490642474884","one_way"
"10.8693146383496","0.714763831104034","0.469417736963758","1.63112468949964","0.869314638349555","0.192986831245654","0.9506","0.384103718213737","0.599565825425088","0.692731556482613","0.766310670645908","0.202692255144939","one_way"
"10.6385889841649","0.992601219249606","0.351250320187979","2.20494181217808","0.638588984164859","0.214379836524159","0.9974","0.499521705615425","0.627892670454163","0.614903047257801","0.630914963863926","0.212550335501573","one_way"
"10.8349993343014","0.811818839485605","0.428325414706168","1.83934222037996","0.834999334301394","0.2004420128325","0.9788","0.424885216047369","0.596285102511465","0.684538596780931","0.690466284344336","0.288499860164414","one_way"
"10.714355170181","0.665516386474941","0.491991783385623","1.73962534098992","0.714355170181002","0.172138404943695","0.9558","0.394409432044729","0.566735605648258","0.533092761525","0.742126922225217","0.489993319253895","one_way"
"10.2292973366104","1.26780699236595","0.221814579408449","2.88770517307791","0.229297336610366","0.232067850819941","1","0.800239395945023","0.441829225618766","0.650754893739826","0.421482256323928","0.566402483092497","one_way"
"10.3962228174015","1.07354494637632","0.313499065776012","2.57245699778369","0.396222817401488","0.200966094863376","1","0.682570024430952","0.403053945734277","0.660734638093104","0.433184375063507","0.902227073384297","one_way"
"10.3257784537121","1.22241681690867","0.243338718869872","2.74593265451288","0.325778453712147","0.234443575346019","1","0.699270377598994","0.533342564182594","0.608011817855968","0.478262189103842","0.467373379636151","one_way"
"10.8693146383496","0.714763831104034","0.469417736963758","1.63112468949964","0.869314638349555","0.192986831245654","0.9506","0.384103718213737","0.599565825425088","0.692731556482613","0.766310670645908","0.202692255144939","one_way"
"10.269966388924","1.25175086493086","0.230113175816064","2.83826249756514","0.26996638892402","0.23207922821338","1","0.751196397021435","0.560347260461516","0.631836039301229","0.36040248508361","0.684131386550196","one_way"
"10.2753377415346","1.2998043438205","0.205200506512775","2.86256541228343","0.275337741534629","0.25844876123684","1","0.721952580625032","0.558199954433747","0.600948998101989","0.535490287745865","0.543453858994607","one_way"
"10.4206924670889","1.08339193849095","0.305761617142206","2.55314661603607","0.420692467088916","0.211084667467813","1","0.648343198261321","0.419549312898702","0.59547271778868","0.603771791726406","0.509664025517414","one_way"
"10.416850045199","1.19593293329003","0.255014233596654","2.64683536422872","0.416850045199034","0.242832897939923","1","0.639318499433861","0.557474847943563","0.68273286615041","0.529791831500894","0.584027851061316","one_way"
"10.3960180156467","1.15991037934426","0.271007209086866","2.63923057214122","0.39601801564673","0.223360868800377","1","0.656301954122354","0.555036729228354","0.628380950075328","0.447061850810795","0.612123414351792","one_way"
"10.2906455188046","1.24239419889334","0.234081756309882","2.80063155169763","0.290645518804576","0.238875334894437","1","0.74603298478896","0.396241829860134","0.729561003186833","0.535365742808804","0.756390155629364","one_way"
"10.3148933352707","1.22669617753977","0.241883865878652","2.75649934490495","0.314893335270678","0.234034400845521","1","0.715077859049832","0.498390152827911","0.655207802887716","0.463355586123426","0.59679861718396","one_way"
"10.2426517123613","1.38227203183708","0.158270075860302","2.94845863431974","0.242651712361294","0.299355572838269","1","0.715858029744051","0.602182411668736","0.65619686013311","0.663168382278102","0.565671340824534","one_way"
"10.6963236897234","0.831065534007316","0.419213741377424","2.01123315953762","0.696323689723423","0.190212265008467","0.994","0.488240008964372","0.504039705584241","0.67523225800547","0.562764147862703","0.342119880217582","one_way"
"10.2323106643038","1.31474458770255","0.197244033746622","2.92086393666389","0.232310664303796","0.259261217114164","1","0.774734285700328","0.46936121799402","0.636213838236808","0.556492471074022","0.435785558946677","one_way"
"10.2240995041507","1.42248109949608","0.134493512697514","2.98614322778816","0.224099504150656","0.326080191077773","1","0.711234201959323","0.595449063614941","0.671516713613574","0.830385908484459","0.564625145525457","one_way"
"10.1678192620018","1.34113587141466","0.185595557125866","3.01335338456681","0.167819262001768","0.248346334707849","1","0.865020326510126","0.452320725923464","0.645460850672461","0.416462210356853","0.5470347114245","one_way"
"10.1500794133687","1.49124788069297","0.105995357154935","3.09857451809704","0.15007941336872","0.348559411328574","1","0.773322817453203","0.59280382682223","0.713102679699659","0.812035051620404","0.350800839799659","one_way"
"10.2833808324006","1.20779330798534","0.250759258091031","2.79447995145124","0.283380832400554","0.21933757388078","1","0.756507950136421","0.46633172767731","0.632778222689095","0.392258123468537","0.579385275393775","one_way"
"10.1192632962406","1.51511446561453","0.0979738070465105","3.14373645073802","0.11926329624065","0.349898311807317","1","0.823411350316261","0.551599903796283","0.665633105794472","0.812894755110761","0.512734090215132","one_way"
"10.324395416074","1.27286798860205","0.218874922840987","2.78937989546458","0.324395416073957","0.258189223070671","1","0.681344245354167","0.557648508984313","0.632210051032347","0.594421814757321","0.228830147439176","one_way"
"10.8693146383496","0.714763831104034","0.469417736963758","1.63112468949964","0.869314638349555","0.192986831245654","0.9506","0.384103718213737","0.599565825425088","0.692731556482613","0.766310670645908","0.202692255144939","one_way"
"10.4838565401185","1.10193601621613","0.296042516624768","2.49311666953848","0.483856540118459","0.223993162312457","0.9998","0.592911745961586","0.539605379463869","0.618906834462262","0.592985620180627","0.419505747009073","one_way"
"10.2922919798469","1.23599422705788","0.237346195882169","2.79753583460051","0.292291979846914","0.235903188577648","1","0.74603298478896","0.396241829860134","0.707990671508014","0.535365742808804","0.756390155629364","one_way"
"10.2483379659293","1.27366386270348","0.219540055132659","2.87280627994426","0.248337965929294","0.239663349587239","1","0.772630303011758","0.461648015480866","0.664102557702913","0.46428751440303","0.400459405696863","one_way"
"10.6269095666159","1.06943691692967","0.314975022338057","2.29897934223953","0.626909566615944","0.233306707203238","0.9978","0.525329270378966","0.581838690528132","0.668977921770134","0.699711678152023","0.602923085934504","one_way"
"10.1871202805037","1.33559405769816","0.188948803405004","2.98422497956075","0.187120280503745","0.255614631288565","1","0.83430311593318","0.399769961800559","0.697185504170391","0.52936337214943","0.71778385820128","one_way"
"10.2158772011779","1.3094205231542","0.200525429699327","2.93043846597314","0.215877201177915","0.246281203557169","1","0.794927842830037","0.535844758402972","0.64981271035196","0.389626617939001","0.671148594248917","one_way"
"10.5383538573011","1.0204105474125","0.334278437472552","2.36955781080524","0.538353857301084","0.210721220544713","0.9994","0.571663353956501","0.493723810152068","0.634301962833972","0.594653488811756","0.424359777610534","one_way"
"10.8349993343014","0.811818839485605","0.428325414706168","1.83934222037996","0.834999334301394","0.2004420128325","0.9788","0.424885216047369","0.596285102511465","0.684538596780931","0.690466284344336","0.288499860164414","one_way"
"10.2093663506893","1.32655906192412","0.189557614088358","2.95289927589041","0.20936635068931","0.255950207096787","1","0.796865098722443","0.506164116938789","0.671937422849921","0.448721837487549","0.564234627192191","one_way"
"10.5540060675218","0.936688162029329","0.377124701553107","2.25756619692064","0.554006067521774","0.193227742689455","0.9994","0.564919853269192","0.429865208330875","0.636403012960178","0.571882450777354","0.427424128124461","one_way"
"10.2976777425785","1.36728291145545","0.165216262095017","2.87444505922376","0.297677742578511","0.304762693420778","1","0.669314703640288","0.59929533502925","0.679865804487121","0.814423221110539","0.10102623119019","one_way"
"10.6845232900866","0.92421930678133","0.377280281192509","2.11577005413538","0.684523290086644","0.208333760755234","0.9952","0.4965407395308","0.575992368333315","0.683338514382437","0.568932955437751","0.31220803108568","one_way"
"10.3464048050497","1.32265567119519","0.194250516684326","2.8136745909394","0.346404805049746","0.281666775035074","1","0.699270377598994","0.533342564182594","0.985662204911932","0.478262189103842","0.467373379636151","one_way"
"10.640548549396","0.864690879990426","0.407741320358978","2.09712596445393","0.640548549396042","0.188711506932482","0.9974","0.515849101897636","0.484220915722141","0.661884594042383","0.519958889783602","0.508062957613216","one_way"
"10.8331151620392","0.858745736984891","0.408846435785739","1.86954531125431","0.833115162039204","0.212533474091626","0.984","0.426023216532772","0.59571955401078","0.684382465609066","0.782273358019827","0.545573463548504","one_way"
"10.8693146383496","0.714763831104034","0.469417736963758","1.63112468949964","0.869314638349555","0.192986831245654","0.9506","0.384103718213737","0.599565825425088","0.692731556482613","0.766310670645908","0.202692255144939","one_way"
"10.3148933352707","1.22669617753977","0.241883865878652","2.75649934490495","0.314893335270678","0.234034400845521","1","0.715077859049832","0.498390152827911","0.655207802887716","0.463355586123426","0.59679861718396","one_way"
"5.70117867272588","0.569116315524012","0.524118105187166","1.63865741595961","0.70117867272588","0.155073553839547","0.937","0.442771776103569","0.512835524863127","0.681139285915845","0.30568576550758","0.21406623857013","one_way"
"10.5928443232833","1.11692964352255","0.291682595690946","2.36538256121541","0.592844323283326","0.244583490610606","0.9984","0.541119189932942","0.581048305035337","0.692125908250586","0.727169546709051","0.474512075120574","one_way"
"10.4567411004326","1.2091712801354","0.247789230327166","2.58580510121195","0.456741100432582","0.259409569995029","0.9998","0.586124863999109","0.601874233612099","0.632325572081246","0.73390179204917","0.446068167180568","one_way"
"10.6351112718042","1.02554548343888","0.334214449701124","2.25300218068122","0.635111271804224","0.223859228147025","0.9976","0.520642535351796","0.587353786893395","0.666691989978827","0.626974392156884","0.560677049306529","one_way"
"10.1385012058826","1.45047283538444","0.128282098869236","3.0933257908226","0.138501205882564","0.305701276424858","1","0.84182383575902","0.527652666419689","0.680455192767837","0.579523151943571","0.523671572227414","one_way"
"10.31981750406","1.23806437950049","0.235807393809405","2.76129011144036","0.319817504059977","0.23961845607675","1","0.707473727221543","0.503631456928238","0.65625629397295","0.497532204370199","0.566827935293625","one_way"
"10.2029997546634","1.36708632315887","0.169211660057598","2.98081947627202","0.202999754663356","0.285287747347849","1","0.789709114840081","0.417543830444017","0.669579864200535","0.75038648911194","0.531628367891284","one_way"
"10.2519611361093","1.25486921248481","0.228212667815602","2.85854690713677","0.251961136109348","0.232310829170313","1","0.776750195365906","0.448792593983039","0.677836349688904","0.422464581016228","0.585641008852583","one_way"
"10.3382845463124","1.49702849669861","0.249228254768089","2.82423541283454","0.338284546312414","0.121954732583095","1","0.8","0.7","0.5","0.4","0.4","roller_coaster"
"10.3382845463124","1.49702849669861","0.249228254768089","2.82423541283454","0.338284546312414","0.121954732583095","1","0.8","0.7","0.5","0.4","0.4","roller_coaster"
"1.03778401895341","0.948769590322934","0.537205014321056","0.236654305574315","1.03778401895341","0.181326656191189","0.2694","0.2655086631421","0.380035179434344","0.79423986072652","0.0706790471449494","0.34668348915875","roller_coaster"
"10.5895422445705","1.16390138974431","0.429358039467456","2.16636163902845","0.589542244570464","0.0605138966347642","0.989","0.37212389963679","0.777445221319795","0.107943625887856","0.0994661601725966","0.333774930797517","roller_coaster"
"10.8508683576594","1.35501203241864","0.324174270150623","2.06718718855268","0.850868357659351","0.139391629587159","0.9864","0.572853363351896","0.934705231105909","0.723710946040228","0.31627170718275","0.476351245073602","roller_coaster"
"10.3104366653266","1.41401358691858","0.30111154448406","2.78311920943632","0.310436665326554","0.0831872935985025","1","0.908207789994776","0.212142521282658","0.411274429643527","0.518634263193235","0.892198335845023","roller_coaster"
"0.652138911796039","0.857364026169921","0.594234209822696","0.0832311303779309","0.652138911796039","0.205550571249464","0.1162","0.201681931037456","0.651673766085878","0.820946294115856","0.662005076417699","0.864339470630512","roller_coaster"
"10.2633071638572","1.4983684842654","0.257280856410679","2.8923417717445","0.263307163857162","0.10514228231067","1","0.898389684967697","0.125555095961317","0.647060193819925","0.406830187188461","0.389989543473348","roller_coaster"
"10.1865133295889","1.58651233586629","0.208291571193684","3.06218943748942","0.186513329588888","0.133758668659815","1","0.944675268605351","0.267220668727532","0.78293276228942","0.912875924259424","0.777320698834956","roller_coaster"
"10.597630866058","1.33826293445342","0.338792863402137","2.38234218666923","0.597630866058022","0.100386171158589","0.9978","0.660797792486846","0.386114092543721","0.553036311641335","0.293603372760117","0.960617997217923","roller_coaster"
"10.6485508916699","1.30758982033205","0.356092341147293","2.26093523777214","0.648550891669946","0.0954883222548928","0.995","0.62911404389888","0.0133903331588954","0.529719580197707","0.459065726259723","0.434659484773874","roller_coaster"
"0.206637140178226","0.642881527268835","0.704293979997774","0.0222325591007556","0.206637140178226","0.236925171181273","0.0098","0.0617862704675645","0.382387957070023","0.789356231689453","0.332394674187526","0.712514678714797","roller_coaster"
"10.5082858265816","1.15933092228933","0.433210272643341","2.24453631768379","0.50828582658162","0.0579415327250725","0.9916","0.205974574899301","0.86969084572047","0.023331202333793","0.65087046707049","0.399994368897751","roller_coaster"
"1.2400619700516","0.964159621464249","0.531477631408799","0.608744638343959","1.2400619700516","0.119924783111693","0.5346","0.176556752528995","0.34034899668768","0.477230065036565","0.258016780717298","0.325352151878178","roller_coaster"
"10.5839991493535","1.41169076427491","0.29101137146564","2.48126982621227","0.58399914935351","0.130057272313082","0.9994","0.687022846657783","0.482080115471035","0.7323137386702","0.478545248275623","0.757087148027495","roller_coaster"
"6.27894677360005","1.11821005991795","0.445713794547641","1.01925198242323","1.27894677360005","0.136678541943082","0.7486","0.384103718213737","0.599565825425088","0.692731556482613","0.766310670645908","0.202692255144939","roller_coaster"
"10.4269022125265","1.39064847644408","0.317397070854403","2.61511128445779","0.426902212526529","0.0905450053179787","1","0.769841419998556","0.493541307048872","0.477619622135535","0.0842469143681228","0.711121222469956","roller_coaster"
"6.19022746999976","1.22468522869863","0.393109989068914","1.34633566053676","1.19022746999976","0.147575278047572","0.866","0.497699242085218","0.186217601411045","0.8612094768323","0.875321330036968","0.121691921027377","roller_coaster"
"10.4379419049733","1.42493549604415","0.284855542879492","2.6704916156703","0.437941904973338","0.111319835952009","1","0.717618508264422","0.827373318606988","0.438097107224166","0.339072937844321","0.245488513959572","roller_coaster"
"10.1690803272918","1.66017508264702","0.160358744828368","3.11853779604293","0.16908032729185","0.171620015892598","1","0.991906094830483","0.668466738192365","0.244797277031466","0.839440350187942","0.14330437942408","roller_coaster"
"10.6797046725671","1.11941653833598","0.454405347997072","1.99454356705426","0.679704672567112","0.0615367260433505","0.9682","0.1","0.1","0.1","0.1","0.1","roller_coaster"
"5.84168052770341","1.10231369579365","0.46395797902933","1.76942273470539","0.841680527703409","0.0694058769096311","0.9422","0.2","0.2","0.2","0.2","0.2","roller_coaster"
"5.93467073264268","1.11461463848523","0.456204404637616","1.642575758017","0.934670732642685","0.0784048067274418","0.9402","0.3","0.3","0.3","0.3","0.3","roller_coaster"
"10.9407499305037","1.15801029412853","0.434740230360419","1.69360056965359","0.940749930503679","0.0879533358966545","0.9532","0.4","0.4","0.4","0.4","0.4","roller_coaster"
"10.8740158227339","1.23170474349049","0.394289978778259","1.90264514361651","0.874015822733945","0.100109921075153","0.9732","0.5","0.5","0.5","0.5","0.5","roller_coaster"
"10.7203952187386","1.34261129298377","0.330531771547428","2.24946879210851","0.720395218738595","0.12218821078118","0.9944","0.6","0.6","0.6","0.6","0.6","roller_coaster"
"10.4903517694602","1.5043532444939","0.249955711851093","2.64973926201027","0.490351769460207","0.154196072105113","0.9998","0.7","0.7","0.7","0.7","0.7","roller_coaster"
"10.2606052143732","1.65399207084828","0.165672084760691","3.01560489716486","0.260605214373242","0.200114631594755","1","0.8","0.8","0.8","0.8","0.8","roller_coaster"
"10.106054175398","1.78403170388805","0.0924294320974739","3.25308025002425","0.106054175398041","0.263279362356401","1","0.9","0.9","0.9","0.9","0.9","roller_coaster"
"10.0325584311618","1.8739239496542","0.0457684544701196","3.39378910857628","0.0325584311618222","0.349985438905351","1","1","1","1","1","1","roller_coaster"
"10.6160075923689","1.21800634548347","0.406469682099152","2.22667280802292","0.616007592368862","0.07001557385077","0.993","0.496583547602247","0.585910200125969","0.20904725807667","0.485798380976552","0.406070184170035","roller_coaster"
"10.3154966710747","1.43043560541788","0.292213670108829","2.79668259164469","0.315496671074662","0.0887257428260797","1","0.88749208647365","0.61537382075164","0.380708075411124","0.120296744839321","0.824172445985708","roller_coaster"
"10.4365297275238","1.39280056111282","0.307802368274305","2.63407200340104","0.436529727523782","0.100182369379346","1","0.753100626008314","0.404894568217677","0.471373296697572","0.596926232476239","0.706915555685259","roller_coaster"
"10.9407499305037","1.15801029412853","0.434740230360419","1.69360056965359","0.940749930503679","0.0879533358966545","0.9532","0.4","0.4","0.4","0.4","0.4","roller_coaster"
"10.8740158227339","1.23170474349049","0.394289978778259","1.90264514361651","0.874015822733945","0.100109921075153","0.9732","0.5","0.5","0.5","0.5","0.5","roller_coaster"
"10.2772334426492","1.48252624135561","0.260603349749159","2.87886356008534","0.277233442649231","0.102547584442451","1","0.948583327870027","0.528066835045224","0.249841573465905","0.470665261480736","0.567183696529065","roller_coaster"
"10.7628627206843","1.25363771214671","0.385745606137823","2.05560135438167","0.76286272068435","0.092638663189777","0.9814","0.548829641660064","0.453956443238068","0.477450541428032","0.0875856405566392","0.547868664767502","roller_coaster"
"5.99012705452074","1.18029232538241","0.420403077475036","1.6635829823656","0.990127054520736","0.100533055144979","0.9498","0.417313588121294","0.79682930109415","0.471610599796047","0.384055731713216","0.22359465061745","roller_coaster"
"10.9407499305037","1.15801029412853","0.434740230360419","1.69360056965359","0.940749930503679","0.0879533358966545","0.9532","0.4","0.4","0.4","0.4","0.4","roller_coaster"
"5.9767820510638","1.14368363488687","0.44149704747194","1.6235378501941","0.976782051063805","0.0885722838652531","0.941","0.375540352034543","0.691535021193825","0.398896367811186","0.113667779196045","0.427704746627482","roller_coaster"
"10.3025734108754","1.48379713751408","0.264600231852388","2.83887809446602","0.302573410875383","0.10864529116718","1","0.857879242080994","0.202380724775287","0.664301731771595","0.452289675770804","0.430279165680257","roller_coaster"
"10.4964173809239","1.41383395314634","0.294038664897533","2.58782194407224","0.496417380923921","0.118054508129834","1","0.704120559447303","0.526513995690862","0.547992015206897","0.662378461467323","0.536738680112938","roller_coaster"
"10.6447606095989","1.13489104097897","0.445037298505063","2.06835949176096","0.644760609598888","0.0609920890805834","0.9756","0.215121197679809","0.719399621194316","0.103715967289233","0.0995151831401329","0.239737394787355","roller_coaster"
"10.4043877396132","1.41802657017415","0.292817937084743","2.69279560371609","0.404387739613159","0.105482387713546","1","0.772462569535104","0.504720400891259","0.493752378247397","0.361013623048364","0.648013536648645","roller_coaster"
"10.6678314569454","1.12803347388472","0.449298467283608","2.03118009519189","0.667831456945358","0.0616247212188556","0.972","0.174943101957172","0.103070718036628","0.108346011516698","0.479972214165428","0.0222068231087178","roller_coaster"
"10.2113568081033","1.57954150010179","0.20852333049432","3.02654396512088","0.2113568081033","0.130540489551399","1","0.943954316563197","0.585805197427652","0.482648071095476","0.448780072700846","0.589203083375148","roller_coaster"
"10.6296750126448","1.14133514934381","0.442035419378436","2.09225945401648","0.629675012644777","0.0607447940723979","0.9778","0.257002701956981","0.158045600125478","0.104227658598623","0.0999509770324637","0.194037536010162","roller_coaster"
"10.2793296333028","1.49753747779951","0.254673006996368","2.88779621937865","0.279329633302849","0.112849915097929","1","0.88084662060669","0.277324795162574","0.636420154391387","0.64595931681067","0.790649362344858","roller_coaster"
"6.05216698929069","1.15169573013264","0.439014285858622","1.53395061193716","1.05216698929069","0.0973289956521645","0.9234","0.397568530867488","0.379933860498484","0.477399145744067","0.254678054528782","0.488604709580632","roller_coaster"
"10.2731265244937","1.51737197583458","0.244091414158641","2.90662514546016","0.273126524493706","0.11233113698086","1","0.916962992873312","0.665396020155736","0.236451265514768","0.459468136022514","0.112275039592131","roller_coaster"
"10.3788797762064","1.42795640814925","0.293706055604671","2.70793436084703","0.378879776206398","0.0980778519269626","1","0.797378850463453","0.688820906157613","0.483867243888138","0.123233291319758","0.463107685821311","roller_coaster"
"10.4378878753839","1.4113847392313","0.298802084241454","2.65005135123259","0.437887875383865","0.107194948967743","1","0.755107163986462","0.407247953064981","0.539901132945955","0.521708030716996","0.785282780159764","roller_coaster"
"5.99501859899235","1.14181700317535","0.442852198913993","1.60696154187188","0.995018598992349","0.0901928338908988","0.9362","0.372844851678945","0.458860692619675","0.4082283170818","0.563562011731175","0.521892546257325","roller_coaster"
"10.6202262853179","1.16462858155989","0.429430723477705","2.14034252695543","0.620226285317933","0.062051075866799","0.987","0.392839603157916","0.374213921850812","0.138509980120259","0.497803678526511","0.401800820656832","roller_coaster"
"10.4902961164145","1.24871832166163","0.39068549706607","2.3729781590575","0.490296116414525","0.0631507269840004","1","0.678923316138494","0.516866303471249","0.163297090100432","0.0878182817884566","0.338239900866605","roller_coaster"
"10.8638482553698","1.20030716005929","0.412665540284455","1.87334789793231","0.863848255369808","0.0893998672940438","0.9698","0.463042003496853","0.754120224897418","0.422266157922959","0.0958947927522627","0.706656252400867","roller_coaster"
"10.4261492268866","1.50823881384453","0.24631225063532","2.7421130767908","0.42614922688662","0.146575729978275","1","0.740510442886702","0.62317437118603","0.68275846204833","0.654540511417657","0.659710377793091","roller_coaster"
"10.5333957248444","1.4571459419165","0.272805531337666","2.5700438626622","0.533395724844443","0.140510769226332","0.9996","0.684408638356866","0.630109842937926","0.659218063910733","0.721327876777013","0.22458611848706","roller_coaster"
"10.6485508916699","1.30758982033205","0.356092341147293","2.26093523777214","0.648550891669946","0.0954883222548928","0.995","0.62911404389888","0.0133903331588954","0.529719580197707","0.459065726259723","0.434659484773874","roller_coaster"
"10.5039990394334","1.42088284515854","0.290118259415879","2.57910776036327","0.503999039433379","0.121715395641527","1","0.724626440485508","0.37600996610868","0.699548919539368","0.560519980208871","0.947289333708021","roller_coaster"
"10.3136668586418","1.52054429434073","0.236922738091507","2.8738108256369","0.313666858641778","0.12836749678867","1","0.819730901676446","0.625462210381798","0.453374306730488","0.626008063612727","0.390363892707135","roller_coaster"
"10.6447606095989","1.13489104097897","0.445037298505063","2.06835949176096","0.644760609598888","0.0609920890805834","0.9756","0.215121197679809","0.719399621194316","0.103715967289233","0.0995151831401329","0.239737394787355","roller_coaster"
"10.3764979668463","1.43215702294294","0.289540904567543","2.7173289647428","0.376497966846345","0.0996274936777307","1","0.797378850463453","0.743514884263277","0.483867243888138","0.123233291319758","0.463107685821311","roller_coaster"
"10.3952207014241","1.44881814769121","0.274204560253706","2.7299473932121","0.395220701424104","0.116561436994491","1","0.769082295419969","0.52101381074801","0.513128819441174","0.589736937163093","0.606179048567083","roller_coaster"
"10.4980539827947","1.38729917148238","0.308372311478035","2.5627612745995","0.498053982794687","0.108115895668099","1","0.707500833562437","0.51022058583411","0.52861557401312","0.433655147352595","0.5785731681945","roller_coaster"
"6.04450783984296","1.08205183275538","0.473885334792338","1.41559821046405","1.04450783984296","0.0836222986582793","0.8874","0.24916550238057","0.66244376564497","0.327906232224732","0.0996895581151697","0.503635858354254","roller_coaster"
"10.8740158227339","1.23170474349049","0.394289978778259","1.90264514361651","0.874015822733945","0.100109921075153","0.9732","0.5","0.5","0.5","0.5","0.5","roller_coaster"
"10.7287324992337","1.16586469204106","0.429359198791769","1.9909531542689","0.728732499233682","0.070623938745189","0.9784","0.407949163325543","0.447538090383514","0.242206846978322","0.0961124001995528","0.206141968908843","roller_coaster"
"10.2867942875689","1.4975598871841","0.25709496052884","2.88353732285669","0.2867942875689","0.113432941808349","1","0.874423675291861","0.358976800967503","0.60104605677069","0.449360761628038","0.461809672078519","roller_coaster"
"10.4922560860167","1.26143616413","0.383208172220068","2.39627216885852","0.492256086016672","0.0659769275387078","1","0.684826985779408","0.487069959909836","0.199551722506434","0.111569933712407","0.635060104623818","roller_coaster"
"10.9404130665571","1.17671811663788","0.424108339072824","1.72913323968047","0.940413066557063","0.0921922642217115","0.9584","0.435112590286568","0.268829764249145","0.447630492487372","0.425243455919016","0.406458341097345","roller_coaster"
"10.8479481572823","1.21734783930063","0.402496479331681","1.91598078178965","0.847948157282293","0.0925959954338596","0.9732","0.496160377484067","0.641809186229225","0.460255289217457","0.0881726388537138","0.641469299066323","roller_coaster"
"10.3788797762064","1.42795640814925","0.293706055604671","2.70793436084703","0.378879776206398","0.0980778519269626","1","0.797378850463453","0.688820906157613","0.483867243888138","0.123233291319758","0.463107685821311","roller_coaster"
"10.524085030608","1.27641395904723","0.372246326501817","2.38595805274445","0.524085030608016","0.0724964835826798","0.9994","0.676523974335461","0.13579010453608","0.30668369704996","0.17767818038704","0.36777636638431","roller_coaster"
"10.3672731249662","1.42847790385844","0.286999202967274","2.7397733713029","0.367273124966198","0.0994938449500492","1","0.801352650644169","0.566447805464801","0.331068973991176","0.495838533877111","0.258649826997934","roller_coaster"
"10.4402564449158","1.38750830196637","0.311961811328572","2.62192849900391","0.440256444915851","0.098270869108975","1","0.7471969563674","0.43469091177909","0.43511866429157","0.573174580552288","0.410095351928046","roller_coaster"
"10.9574954472448","1.2474197648538","0.38054805377595","1.82590982466165","0.957495447244778","0.117112441665884","0.9664","0.502850704146565","0.604779231756967","0.598072468917984","0.577721766213988","0.473712080820333","roller_coaster"
"10.552665735817","1.42799649197503","0.283960906512084","2.5315071479821","0.552665735816953","0.134938698179255","0.9994","0.687890628390075","0.549334541812517","0.683124121297415","0.626064040531842","0.841714831444004","roller_coaster"
"10.2352524526345","1.53401742513644","0.235245785522075","2.96467889034434","0.235252452634493","0.117092305445355","1","0.92740988335233","0.429209121235436","0.54590374609638","0.451708986843612","0.557672576976887","roller_coaster"
"10.4194702407092","1.39738711135286","0.305550057759235","2.66711019829708","0.419470240709164","0.0955631831573558","1","0.734243286342384","0.604305339555032","0.293733251207017","0.562617126180222","0.592068481142792","roller_coaster"
"10.6866758272989","1.27994975893938","0.371089982673121","2.1823125382345","0.686675827298864","0.0909102964140069","0.99","0.594001453612313","0.14456056890975","0.482089087710335","0.433822270340708","0.428201143676529","roller_coaster"
"10.5868895184272","1.28789545388009","0.367241870373486","2.34454895460786","0.586889518427158","0.0836507486050038","0.9972","0.631513385701913","0.394466532094065","0.386332973248178","0.36920582766114","0.40512301925617","roller_coaster"
"10.6296750126448","1.14133514934381","0.442035419378436","2.09225945401648","0.629675012644777","0.0607447940723979","0.9778","0.257002701956981","0.158045600125478","0.104227658598623","0.0999509770324637","0.194037536010162","roller_coaster"
"10.8288705700586","1.23137552262388","0.396224434792188","1.9659907011639","0.828870570058568","0.0937617956842532","0.9752","0.515711267672849","0.566267481906261","0.475913344192789","0.0953077944551882","0.613055618102047","roller_coaster"
"10.9407499305037","1.15801029412853","0.434740230360419","1.69360056965359","0.940749930503679","0.0879533358966545","0.9532","0.4","0.4","0.4","0.4","0.4","roller_coaster"
"10.3897979625085","1.33108134652542","0.348799465519732","2.60643258457805","0.389797962508506","0.0694874311412593","1","0.853447781772889","0.672329676300987","0.156517810475624","0.120122369864284","0.560273982418809","roller_coaster"
"10.8674400305863","1.15696745307609","0.43444670160052","1.80470648635945","0.867440030586331","0.0803119802195943","0.9634","0.397883180291502","0.164463952980033","0.339471353048334","0.0914242173895501","0.535764231868821","roller_coaster"
"10.495601315275","1.43154202697621","0.28167571569097","2.61290969906881","0.495601315274955","0.127889156364921","1","0.721144450452299","0.456785267234089","0.675642862152686","0.655783816454041","0.330160620751077","roller_coaster"
"10.3747478453555","1.45943503974565","0.269044853366643","2.76187356333356","0.374747845355475","0.116771523094454","1","0.783923922450001","0.541404317384071","0.4932584157925","0.552137388578182","0.89051801468619","roller_coaster"
"10.3436882308413","1.45557429874776","0.280052541824207","2.76915872724844","0.343688230841258","0.103551688175833","1","0.828194604509157","0.449979469476249","0.586998579157991","0.128679336470009","0.88094376500754","roller_coaster"
"10.8442126044953","1.22824572267618","0.399637775634009","1.94350154948991","0.844212604495271","0.0949523833931397","0.9752","0.496160377484067","0.641809186229225","0.460255289217457","0.239086773013696","0.641469299066323","roller_coaster"
"10.4393479730871","1.40847512586449","0.298432440071131","2.64897256693325","0.439347973087077","0.104864839604574","1","0.725973866750891","0.609869250048044","0.405121034651879","0.489343470419702","0.556904236620785","roller_coaster"
"10.9170883862277","1.18478920027415","0.41945551389458","1.79279314842216","0.917088386227742","0.0919836588821576","0.9642","0.449042876319963","0.368444319135165","0.447343390389907","0.497467247758024","0.408396281625423","roller_coaster"
"10.8880699025307","1.19943940179238","0.411679325332322","1.84582390748207","0.888069902530742","0.0916727711241703","0.9674","0.4718525491111","0.301754306398685","0.455928295116361","0.313308663155757","0.602790968118873","roller_coaster"
"10.8740158227339","1.23170474349049","0.394289978778259","1.90264514361651","0.874015822733945","0.100109921075153","0.9732","0.5","0.5","0.5","0.5","0.5","roller_coaster"
"10.3764245162537","1.46279975391673","0.266726461674197","2.76377482981512","0.376424516253674","0.116267311682415","1","0.778122935502024","0.64739160740634","0.501616232266075","0.390992651788488","0.470203296930494","roller_coaster"
"10.5370740792954","1.34073445137977","0.33869827011108","2.46245550510211","0.53707407929537","0.0934234408305012","0.9992","0.678963591705291","0.659429296541374","0.470356370734786","0.11830309495879","0.514702647411161","roller_coaster"
"10.3257460650425","1.44342766894214","0.282596930684231","2.79560033390565","0.325746065042503","0.099512657988261","1","0.857383546927884","0.426174459892424","0.435484098290113","0.423415838169551","0.4566549660064","roller_coaster"
"10.3699803144243","1.42839161186002","0.293766609868907","2.73175341677063","0.369980314424287","0.0999340634239035","1","0.812697455661163","0.378716815205544","0.499226418138292","0.391789180540589","0.612901352484801","roller_coaster"
"10.4354758030209","1.38853920111387","0.311751859776605","2.63007163874161","0.435475803020937","0.096884063943543","1","0.754605650622623","0.444044180357705","0.45187948626793","0.407860537394598","0.443847508982143","roller_coaster"
"10.9574954472448","1.2474197648538","0.38054805377595","1.82590982466165","0.957495447244778","0.117112441665884","0.9664","0.502850704146565","0.604779231756967","0.598072468917984","0.577721766213988","0.473712080820333","roller_coaster"
"10.5619454473706","1.29814511949538","0.36049997215944","2.38111531233945","0.561945447370588","0.083679906672337","0.9986","0.630324619168563","0.66723965800991","0.349469244741729","0.208500665658569","0.477081826618358","roller_coaster"
"10.9407499305037","1.15801029412853","0.434740230360419","1.69360056965359","0.940749930503679","0.0879533358966545","0.9532","0.4","0.4","0.4","0.4","0.4","roller_coaster"
"10.8674400305863","1.15696745307609","0.43444670160052","1.80470648635945","0.867440030586331","0.0803119802195943","0.9634","0.397883180291502","0.164463952980033","0.339471353048334","0.0914242173895501","0.535764231868821","roller_coaster"
"10.3385723655303","1.49338119808986","0.250403757688049","2.82532231165032","0.338572365530333","0.121342303793546","1","0.800554485797362","0.681705127432145","0.466778357889811","0.455236995134144","0.4360276666202","roller_coaster"
"6.22754102306363","1.05983325176312","0.484328558112201","1.02106227083113","1.22754102306363","0.108047619065778","0.7452","0.291293924134512","0.385539495305259","0.50581535684996","0.524549049419401","0.215416518366853","roller_coaster"
"10.4086613570288","1.43818834391899","0.282160823097953","2.70599152412755","0.40866135702879","0.112720474064122","1","0.763912222633151","0.514476708051603","0.522357547254779","0.485330839098622","0.584065543164447","roller_coaster"
"10.9574954472448","1.2474197648538","0.38054805377595","1.82590982466165","0.957495447244778","0.117112441665884","0.9664","0.502850704146565","0.604779231756967","0.598072468917984","0.577721766213988","0.473712080820333","roller_coaster"
"10.5091942857577","1.2705600694039","0.375724182841666","2.39372616446835","0.509194285757729","0.0699969971792576","1","0.686853228274769","0.229291372054308","0.274055163901349","0.231185744067104","0.308781638394386","roller_coaster"
"10.4859371285889","1.40223293750876","0.301481245255795","2.58962094472654","0.485937128588925","0.111293200381889","1","0.712670906349256","0.516757688530517","0.519386846199515","0.538061245417065","0.600686673597136","roller_coaster"
"10.5767149876605","1.32959473391087","0.342541310844885","2.40021631328097","0.576714987660474","0.0964093915024015","0.9986","0.645990030499259","0.47143616248437","0.447582306421422","0.551082227429634","0.567454558841111","roller_coaster"
"10.6452564367057","1.29852028974173","0.360562394485239","2.29142755241288","0.645256436705685","0.0925226849344452","0.9952","0.614575636242229","0.671200795845465","0.473766162370809","0.0931028352146826","0.589874337476473","roller_coaster"
"10.6626111088615","1.29721010467987","0.361024254886431","2.26513024894355","0.662611108861484","0.0947576329832568","0.9946","0.603245325812346","0.738234494398044","0.48221814025081","0.108944131294475","0.621761363854879","roller_coaster"
"10.4518615360227","1.32464086863742","0.350287666423083","2.53429881728607","0.451861536022744","0.0757180062108654","1","0.746553205410106","0.467329945671796","0.301371361138832","0.169141514799857","0.483968424217536","roller_coaster"
"10.5214916788151","1.34315649477661","0.337663873511343","2.47927753916022","0.52149167881509","0.0915882518945336","0.9998","0.690293902135174","0.647089576094458","0.461904392854785","0.102461798878997","0.482815621032755","roller_coaster"
"10.3800171630966","1.43690790339381","0.281425391358483","2.73878252251248","0.38001716309665","0.107576101048334","1","0.788338210381398","0.562443109499283","0.495379831063236","0.321977576694363","0.5990834374579","roller_coaster"
"10.9024998981033","1.19603515888741","0.414978120794255","1.82596140460078","0.90249989810333","0.093963569792868","0.966","0.459420418659535","0.608884644079686","0.451957486588468","0.200107431616973","0.445136672044795","roller_coaster"
"10.4700182436416","1.3535737833242","0.330677020892778","2.5546015950826","0.47001824364155","0.0888898732443355","1","0.733266670334004","0.33507635689307","0.435405766389035","0.50095078871328","0.408157411399969","roller_coaster"
"10.5083801596839","1.37251785205802","0.31843613964707","2.52886774031755","0.508380159683881","0.10347616857946","1","0.70153972212636","0.397501193437077","0.496752621054446","0.830385908484459","0.506140630226656","roller_coaster"
"10.3370090419344","1.47909656676332","0.262218415313081","2.80687602714361","0.337009041934416","0.111285781705365","1","0.816555266342537","0.68727196721293","0.470463192728815","0.294004359798341","0.417443911908247","roller_coaster"
"10.3305603664355","1.54088429042695","0.227629247151696","2.86211910951644","0.330560366435504","0.142875063693511","1","0.80636245609336","0.634805752326349","0.713102679699659","0.407593094911199","0.459300794183602","roller_coaster"
"10.4360957166063","1.3498349466677","0.332249589999292","2.58353215387655","0.436095716606322","0.0836165027517146","1","0.748433256467909","0.504729553166715","0.312376758647542","0.334047384149072","0.573027131465395","roller_coaster"
"10.3455109611837","1.4466927303184","0.280082993033437","2.78181312354768","0.345510961183698","0.104773239087525","1","0.829144026336548","0.438760314972416","0.493993284288143","0.406815395046839","0.467557468753292","roller_coaster"
"10.5478623788505","1.36382945624385","0.321410583700441","2.47661204785195","0.547862378850506","0.106729437945881","0.9996","0.674356821088819","0.506414526594868","0.518157099617242","0.492806961229396","0.506130624065634","roller_coaster"
"10.9574954472448","1.2474197648538","0.38054805377595","1.82590982466165","0.957495447244778","0.117112441665884","0.9664","0.502850704146565","0.604779231756967","0.598072468917984","0.577721766213988","0.473712080820333","roller_coaster"
"10.692768944923","1.29527091974777","0.357121531525447","2.23286835354032","0.692768944922962","0.101720255243817","0.9934","0.589555401544332","0.508062181456735","0.504200447637537","0.492523877869226","0.577934919098814","roller_coaster"
"10.5136873748907","1.43908192336635","0.276945840210115","2.59031283573985","0.513687374890695","0.132859806075401","0.9998","0.712670906349256","0.516757688530517","0.707990671508014","0.538061245417065","0.600686673597136","roller_coaster"
"10.4266003996921","1.39934510582606","0.305787472654803","2.64608968602161","0.426600399692141","0.099418371918329","1","0.760332123194441","0.479393812806501","0.473866655096588","0.319351089483272","0.601826579545312","roller_coaster"
"10.8771186501037","1.23871181183843","0.388993881306576","1.91608718434933","0.877118650103665","0.103969104697807","0.9746","0.498123964373259","0.611063466050811","0.50545469840547","0.534945349075845","0.636833620002592","roller_coaster"
"10.3712042998493","1.46038180851707","0.270173421545478","2.76707282746119","0.371204299849268","0.114954227180537","1","0.789736970249808","0.527485376041316","0.500553019536112","0.525741006823245","0.566895698701913","roller_coaster"
"10.4252741817326","1.40988577435672","0.29925148022271","2.66246710539809","0.425274181732579","0.10308011450994","1","0.762032171575347","0.477077100556684","0.511352149746069","0.320424969749407","0.495006835916589","roller_coaster"
"10.7580723836713","1.24915073287328","0.387119567821827","2.06179681797561","0.758072383671294","0.0910212937519941","0.9814","0.546219820546265","0.346862054531672","0.465082174012479","0.142066961254496","0.596450774155111","roller_coaster"
"10.9407499305037","1.15801029412853","0.434740230360419","1.69360056965359","0.940749930503679","0.0879533358966545","0.9532","0.4","0.4","0.4","0.4","0.4","roller_coaster"
"10.4060054583433","1.41976507362909","0.291130946437091","2.69543190849441","0.406005458343264","0.104916756537572","1","0.765049646507079","0.576754838584479","0.454209512050872","0.367182369833328","0.487191181721871","roller_coaster"
"10.7607844553672","1.25675370449993","0.379976065098677","2.08564117452725","0.760784455367236","0.0952507934442794","0.9844","0.540208364807064","0.626093047712477","0.464612283474691","0.264344537115943","0.596214531440235","roller_coaster"
"10.4316858671299","1.4373197667967","0.278482262211262","2.68617321511559","0.431685867129889","0.11730582450326","1","0.742848711872787","0.607579063005065","0.539576536289935","0.437511378487459","0.10102623119019","roller_coaster"
"10.7026934081988","1.27543805511421","0.367401236372868","2.19682652343012","0.70269340819878","0.0972671054027711","0.9908","0.565911939908402","0.530099162296413","0.456697910348063","0.555490762043403","0.500633984594836","roller_coaster"
"10.6727927490421","1.43872246007211","0.281461434630203","2.34664982615656","0.672792749042056","0.148117645400566","0.9978","0.686853228274769","0.229291372054308","0.985662204911932","0.231185744067104","0.308781638394386","roller_coaster"
"10.8591962448418","1.21899532391372","0.402068664166921","1.91701015984296","0.85919624484184","0.0944418596187538","0.9726","0.499858636298057","0.384803603091467","0.477441471083009","0.315935150366849","0.600047826031461","roller_coaster"
"10.8346636970975","1.27964587901598","0.36313866919026","2.02841909051589","0.834663697097518","0.113924926407258","0.9818","0.538124927775802","0.644591776158243","0.560112164894124","0.531203039515016","0.470387994802867","roller_coaster"
"10.9574954472448","1.2474197648538","0.38054805377595","1.82590982466165","0.957495447244778","0.117112441665884","0.9664","0.502850704146565","0.604779231756967","0.598072468917984","0.577721766213988","0.473712080820333","roller_coaster"
"10.5083801596839","1.37251785205802","0.31843613964707","2.52886774031755","0.508380159683881","0.10347616857946","1","0.70153972212636","0.397501193437077","0.496752621054446","0.830385908484459","0.506140630226656","roller_coaster"
"10.9246597636111","1.23590843286396","0.394000628740773","1.85579407320527","0.924659763611141","0.106513112733722","0.967","0.500887117257374","0.635524951935382","0.552873059729971","0.281863190151838","0.478347759884064","roller_coaster"
"10.8551208069793","1.27679017090764","0.366087689850765","1.98733112469347","0.855120806979312","0.113534753276172","0.98","0.541119189932942","0.546116231944925","0.588956864991343","0.573313231600219","0.540532655066608","roller_coaster"
"10.6626111088615","1.29721010467987","0.361024254886431","2.26513024894355","0.662611108861484","0.0947576329832568","0.9946","0.603245325812346","0.738234494398044","0.48221814025081","0.108944131294475","0.621761363854879","roller_coaster"
"10.8674400305863","1.15696745307609","0.43444670160052","1.80470648635945","0.867440030586331","0.0803119802195943","0.9634","0.397883180291502","0.164463952980033","0.339471353048334","0.0914242173895501","0.535764231868821","roller_coaster"
"10.3608356804936","1.43852100919396","0.281283924604015","2.75785951200031","0.360835680493572","0.106221943178303","1","0.812064661671499","0.43880996601904","0.481617777993525","0.518528564722209","0.527418273311563","roller_coaster"
"10.4896484446185","1.39121131720656","0.308064610673308","2.56701464036676","0.489648444618485","0.106369161539277","1","0.697495650334717","0.581953291112821","0.463835987099365","0.477904217394648","0.497707289027487","roller_coaster"
"10.4199314258533","1.41080090089884","0.295897789274059","2.67255662032928","0.419931425853307","0.105316599592805","1","0.757989791605641","0.504122182403902","0.473253166496103","0.442948518864408","0.529923366291973","roller_coaster"
"10.4338800166474","1.4224858688686","0.289139438521153","2.67337659984788","0.433880016647441","0.108643032870819","1","0.739489202441984","0.676544279702132","0.489297019392218","0.306324598392162","0.451234886803469","roller_coaster"
"10.8565361571551","1.31921076900965","0.343732398301318","2.01539673525054","0.856536157155107","0.128397070825954","0.983","0.574317937735231","0.526652362125827","0.700252232336237","0.535659153048722","0.635290548123638","roller_coaster"
"0.356514169635357","0.720169055667328","0.664560157207421","0.0377380006069008","0.356514169635357","0.206483291159515","0.044","0.0155072559136897","0.604779231756967","0.598072468917984","0.577721766213988","0.473712080820333","roller_coaster"
"10.9574954472448","1.2474197648538","0.38054805377595","1.82590982466165","0.957495447244778","0.117112441665884","0.9664","0.502850704146565","0.604779231756967","0.598072468917984","0.577721766213988","0.473712080820333","roller_coaster"
"10.9407499305037","1.15801029412853","0.434740230360419","1.69360056965359","0.940749930503679","0.0879533358966545","0.9532","0.4","0.4","0.4","0.4","0.4","roller_coaster"
"10.9407499305037","1.15801029412853","0.434740230360419","1.69360056965359","0.940749930503679","0.0879533358966545","0.9532","0.4","0.4","0.4","0.4","0.4","roller_coaster"
"10.9553527178473","1.24642578423218","0.382754695770064","1.82402344592524","0.9553527178473","0.115736326391696","0.9662","0.501920659144621","0.605587415652577","0.592939185795787","0.546618986631134","0.526654936913763","roller_coaster"
"10.7961572730649","1.36435510900431","0.329065411314907","2.11746248042741","0.796157273064896","0.132181791522618","0.99","0.628232078788114","0.238003697296258","0.821271971019631","0.302686409429828","0.521546608466012","roller_coaster"
"10.7093923224844","1.28055848945272","0.363862463570501","2.20048557900765","0.709392322484441","0.0993989774796941","0.9908","0.573314381621921","0.51360596518443","0.483037852260786","0.526603509411075","0.534013982778704","roller_coaster"
"10.848258806933","1.22940947808906","0.399907071075099","1.93501324994638","0.848258806933005","0.0951482643584206","0.9738","0.504137244223947","0.541297933817476","0.476586029805264","0.194754284628624","0.560747870615788","roller_coaster"
"10.7026934081988","1.27543805511421","0.367401236372868","2.19682652343012","0.70269340819878","0.0972671054027712","0.9908","0.565911939908402","0.530099162296413","0.456697910348063","0.555490762043403","0.500633984594836","roller_coaster"
"10.7628816187069","1.24764487656142","0.387954550195472","2.05981338034079","0.762881618706917","0.0913874315895973","0.9812","0.543566087482541","0.36908789741284","0.46490665329541","0.18950268178561","0.59635856989584","roller_coaster"
"10.8199635331173","1.35378834061286","0.326355336059351","2.10289963934122","0.81996353311727","0.135499957870914","0.9892","0.599740339419597","0.537403906702975","0.753347098883644","0.501812566237495","0.327767684994982","roller_coaster"
"10.6010569566009","1.3162357586889","0.347806665544931","2.37028343269141","0.601056956600918","0.0957632956096718","0.9976","0.641450115089491","0.450746274589641","0.480801018149954","0.392707083308534","0.594622350671603","roller_coaster"
"10.6003263175258","1.35877371301416","0.324171314892272","2.40835277994771","0.600326317525848","0.111411580558478","0.9986","0.636476932987284","0.601168792455501","0.513193137577247","0.537347441444189","0.60222974547609","roller_coaster"
"10.9019223014958","1.23437151800968","0.394151889946109","1.88098758269365","0.901922301495842","0.103538832098488","0.9698","0.500837189384747","0.617711060852945","0.530659299170316","0.295543182849344","0.493417543674223","roller_coaster"
"10.4254568531045","1.43034682721376","0.283028704876236","2.69208898846924","0.425456853104482","0.11372196963225","1","0.747127079168087","0.588100414240872","0.516547346774452","0.428614878902465","0.341384813006104","roller_coaster"
"10.6886205640716","1.28775297648674","0.360502755779251","2.22758442333186","0.688620564071621","0.0996860742308556","0.9934","0.582152959830813","0.524555378568717","0.477860505724815","0.521411130501553","0.544554920914945","roller_coaster"
"10.4643470221076","1.31612965331988","0.352975019763425","2.50892182366636","0.464347022107555","0.0755350433615627","1","0.74415488917261","0.256077501457185","0.335405948163025","0.342943883734066","0.332668549649481","roller_coaster"
"10.8326013692961","1.17389877982285","0.426821339019205","1.87961311770139","0.832601369296091","0.080660421189508","0.9692","0.427613431623823","0.36464607231478","0.345487376723651","0.118883051354447","0.484665944477956","roller_coaster"
"10.8293281267989","1.25781904607327","0.383191042359065","2.01249878461436","0.829328126798885","0.100955107799503","0.9782","0.542969693579692","0.441089072649578","0.541369203937186","0.229175866777711","0.514050663423388","roller_coaster"
"10.9574954472448","1.2474197648538","0.38054805377595","1.82590982466165","0.957495447244778","0.117112441665884","0.9664","0.502850704146565","0.604779231756967","0.598072468917984","0.577721766213988","0.473712080820333","roller_coaster"
"10.7026934081988","1.27543805511421","0.367401236372868","2.19682652343012","0.70269340819878","0.0972671054027712","0.9908","0.565911939908402","0.530099162296413","0.456697910348063","0.555490762043403","0.500633984594836","roller_coaster"
"6.03278753865137","1.20661433375751","0.40971673740804","1.64913371855895","1.03278753865137","0.109095888080769","0.9416","0.473120452814245","0.114746522158384","0.592056445242667","0.550262932249091","0.524810368211198","roller_coaster"
"6.15392293534112","1.29860668063613","0.347801685967893","1.49997459635242","1.15392293534112","0.168559156798033","0.9076","0.540208364807064","0.626093047712477","0.982425559079275","0.264344537115943","0.596214531440235","roller_coaster"
"10.8798053777715","1.24173860285024","0.388070363369521","1.92036132423555","0.879805377771491","0.105027009199124","0.9744","0.499054009375203","0.6102552821552","0.510587981527666","0.566048128658699","0.583890763909163","roller_coaster"
"10.7586260853201","1.25483425847989","0.383216348539192","2.08105352383601","0.758626085320074","0.094327993467827","0.9842","0.542862097870788","0.603867204831309","0.46478780419176","0.21690881658483","0.596306735699507","roller_coaster"
"10.9574954472448","1.2474197648538","0.38054805377595","1.82590982466165","0.957495447244778","0.117112441665884","0.9664","0.502850704146565","0.604779231756967","0.598072468917984","0.577721766213988","0.473712080820333","roller_coaster"
"10.7607844553672","1.25675370449993","0.379976065098677","2.08564117452725","0.760784455367236","0.0952507934442794","0.9844","0.540208364807064","0.626093047712477","0.464612283474691","0.264344537115943","0.596214531440235","roller_coaster"
"10.8289702314727","1.24980109062394","0.38505025196913","2.00337648168439","0.828970231472736","0.0994443031917634","0.9794","0.532765342297385","0.440471855096695","0.514797552550297","0.416035028287711","0.511556099425492","roller_coaster"
"10.8981684753361","1.24238045882271","0.387898658160062","1.8910722424453","0.898168475336067","0.106972403366896","0.9722","0.498173892245886","0.628877357133247","0.527668458965125","0.521265356378339","0.621763836212434","roller_coaster"
"10.8208947799778","1.2303299944171","0.396008713055262","1.97808033060418","0.820894779977814","0.0929836781515701","0.9758","0.517991081602831","0.410235240553967","0.47203498738329","0.192356854388987","0.564570474627905","roller_coaster"
"10.8655138468516","1.2386487147507","0.394339347589268","1.92804902282671","0.865513846851579","0.0996165444421885","0.9736","0.514458964926426","0.497155909009673","0.518630784691071","0.237727184451977","0.607062351013093","roller_coaster"
"10.7037148691165","1.27445850654728","0.374868007504688","2.17054246562112","0.703714869116476","0.0926252683907257","0.9888","0.57695616565498","0.529866394589206","0.473725385815561","0.163083263440058","0.523144946756274","roller_coaster"
"10.836684440164","1.34060810875397","0.337746892651484","2.05191070690087","0.836684440163983","0.129370480621667","0.9846","0.606941688437453","0.338172747984263","0.785734310363827","0.321650159327512","0.386969019765291","roller_coaster"
"10.9574954472448","1.2474197648538","0.38054805377595","1.82590982466165","0.957495447244778","0.117112441665884","0.9664","0.502850704146565","0.604779231756967","0.598072468917984","0.577721766213988","0.473712080820333","roller_coaster"
"10.9407499305037","1.15801029412853","0.434740230360419","1.69360056965359","0.940749930503679","0.0879533358966545","0.9532","0.4","0.4","0.4","0.4","0.4","roller_coaster"
"10.868529169906","1.19568422437986","0.415922571643786","1.8612005234882","0.868529169906025","0.0899300695004788","0.9698","0.457275196652272","0.45986826983207","0.41922400939144","0.486528620458409","0.436817412943377","roller_coaster"
"10.9778179367346","1.25885974834345","0.376575714017187","1.79347018309506","0.977817936734636","0.122938524425724","0.9626","0.525037831708985","0.467474996127997","0.674464713886749","0.548488856528819","0.441974201842581","roller_coaster"
"10.9574954472448","1.2474197648538","0.38054805377595","1.82590982466165","0.957495447244778","0.117112441665884","0.9664","0.502850704146565","0.604779231756967","0.598072468917984","0.577721766213988","0.473712080820333","roller_coaster"
"10.7722957042409","1.25023243125617","0.388203633479883","2.05599296990192","0.772295704240907","0.0933116454273168","0.9812","0.538343384739134","0.530385465543092","0.468596636566392","0.191138126571556","0.571928845480276","roller_coaster"
"6.06470345008865","1.18897310724599","0.418570043040492","1.56124509755745","1.06470345008865","0.112139486262087","0.931","0.445575507494294","0.544910961924897","0.578848459526544","0.491193145755579","0.436894667876957","roller_coaster"
"10.9553527178473","1.24642578423218","0.382754695770064","1.82402344592524","0.9553527178473","0.115736326391696","0.9662","0.501920659144621","0.605587415652577","0.592939185795787","0.546618986631134","0.526654936913763","roller_coaster"
"6.00090481780889","1.15579265536918","0.43466844035692","1.64825682463888","1.00090481780889","0.0941173702780516","0.9412","0.403848170974465","0.46290504934311","0.448704284101474","0.418164245138933","0.444175859245601","roller_coaster"
"10.9288395914062","1.27354194118848","0.374970171527996","1.88287435053716","0.928839591406181","0.115660711381672","0.9682","0.547822960524857","0.184675432733363","0.670938830239562","0.503586641957767","0.410603851363598","roller_coaster"
"10.78976868453","1.24405521722226","0.391667435799985","2.03327805094367","0.789768684529989","0.0932351358135133","0.9792","0.529712250103657","0.500150590676349","0.469457695717384","0.191900112025246","0.592535965883722","roller_coaster"
"10.7628816187069","1.24764487656142","0.387954550195472","2.05981338034079","0.762881618706917","0.0913874315895973","0.9812","0.543566087482541","0.36908789741284","0.46490665329541","0.18950268178561","0.59635856989584","roller_coaster"
"10.7518827935508","1.26048541760656","0.381468084996147","2.09149085418211","0.751882793550755","0.0936062946183062","0.9846","0.559519131845423","0.334931733863818","0.489568904051238","0.364147583677143","0.516441280474013","roller_coaster"
"10.7974281809588","1.24624543471363","0.386094171894716","2.02747849042838","0.797428180958811","0.0966994666281092","0.9812","0.527281014802001","0.500809345536415","0.473944327569463","0.473040853711972","0.611060055095181","roller_coaster"
"10.6968304499522","1.2773162937738","0.365755522249403","2.20463066349843","0.696830449952152","0.0971921551215376","0.9914","0.571108734084236","0.524788146275925","0.460833030257317","0.526944506844878","0.522043958753508","roller_coaster"
"10.5218032362124","1.3708860795448","0.319626082118286","2.51105479756531","0.521803236212428","0.104050109294986","0.9996","0.679424287214266","0.576978419783447","0.469715681271809","0.429049227956058","0.489649278334701","roller_coaster"
"10.7560816749785","1.25675861051395","0.381819143526158","2.08751113599467","0.756081674978546","0.0946718097954203","0.9846","0.543566087482541","0.65870851976797","0.46490665329541","0.18950268178561","0.59635856989584","roller_coaster"
"10.7841459625122","1.35856960351535","0.320755253731472","2.13381056466143","0.78414596251225","0.13434280652049","0.992","0.621030729770258","0.43723485601497","0.788884759539449","0.482848816339812","0.462345273695703","roller_coaster"
"10.4984018778669","1.35461980775133","0.331295273373355","2.5308943884645","0.498401877866921","0.0946279528161215","1","0.682809649573073","0.550023124726614","0.373505503076912","0.500061656435262","0.437991105387901","roller_coaster"
"10.9559926554144","1.2428376661487","0.385394877020907","1.81697710295518","0.955992655414353","0.114701711159819","0.9658","0.501920659144621","0.577510603936389","0.592939185795787","0.546618986631134","0.526654936913763","roller_coaster"
"10.8444322560135","1.25309657382538","0.3795309131329","1.99477247287658","0.84443225601347","0.106783355943129","0.9802","0.518567686385838","0.518253948950676","0.513798081182847","0.896372553892434","0.555509770505091","roller_coaster"
"10.8377347768573","1.22364896287986","0.398875952762372","1.9456206154506","0.837734776857321","0.0931424870040557","0.9744","0.509359946967355","0.380000365687225","0.472896046534281","0.193118839842678","0.585177595031352","roller_coaster"
"10.9574954472448","1.2474197648538","0.38054805377595","1.82590982466165","0.957495447244778","0.117112441665884","0.9664","0.502850704146565","0.604779231756967","0.598072468917984","0.577721766213988","0.473712080820333","roller_coaster"
"10.479773235502","1.26579762275101","0.375959855905726","2.45375894094632","0.479773235501989","0.0696706858701469","1","0.633614731862223","0.541221156753839","0.129306000424549","0.555056412989809","0.352369519266239","roller_coaster"
"6.13438006594616","1.11698959845257","0.455883943466555","1.28843401027082","1.13438006594616","0.104808564149602","0.8582","0.357248281361535","0.53247318830122","0.511587452895116","0.43737519452769","0.539937092829564","roller_coaster"
"10.6701619935757","1.27174280052561","0.373314360631087","2.2239964944731","0.670161993575714","0.0907864618601836","0.9926","0.578304788856348","0.461650329225607","0.429156221623341","0.50324688536262","0.500379061669344","roller_coaster"
"10.9189682300319","1.23861800418461","0.390148478844301","1.86945031691487","0.918968230031888","0.108768961733533","0.9696","0.512131162932831","0.484560871601651","0.570594917594299","0.526413788426977","0.54570747352315","roller_coaster"
"10.78976868453","1.24405521722226","0.391667435799985","2.03327805094367","0.789768684529989","0.0932351358135133","0.9792","0.529712250103657","0.500150590676349","0.469457695717384","0.191900112025246","0.592535965883722","roller_coaster"
"10.9091651925012","1.20021546501476","0.412608843720947","1.82808881129623","0.909165192501155","0.0947533765310936","0.9654","0.469074028878158","0.456241432394916","0.471307396360058","0.256587820214706","0.564190231326306","roller_coaster"
"10.7560816749785","1.25675861051395","0.381819143526158","2.08751113599467","0.756081674978546","0.0946718097954203","0.9846","0.543566087482541","0.65870851976797","0.46490665329541","0.18950268178561","0.59635856989584","roller_coaster"
"10.5891242657235","1.20676897331399","0.411310172931764","2.24015367407841","0.589124265723451","0.066457062351823","0.995","0.502784145623148","0.50639531987863","0.178684055940842","0.495722091226961","0.371199633785353","roller_coaster"
"10.857422036652","1.23350579194417","0.3972631747927","1.93820649274836","0.857422036652002","0.0970122148399671","0.9732","0.507780577814622","0.531261784604894","0.494379255584778","0.212562052593144","0.545517938018518","roller_coaster"
"10.6274627341909","1.27346385300192","0.370906243240018","2.28001681184326","0.627462734190909","0.0860935282074607","0.996","0.588105782891347","0.494694106707279","0.369845953875147","0.545862942221257","0.417987298424263","roller_coaster"
"10.9778179367346","1.25885974834345","0.376575714017187","1.79347018309506","0.977817936734636","0.122938524425724","0.9626","0.525037831708985","0.467474996127997","0.674464713886749","0.548488856528819","0.441974201842581","roller_coaster"
"10.9778179367346","1.25885974834345","0.376575714017187","1.79347018309506","0.977817936734636","0.122938524425724","0.9626","0.525037831708985","0.467474996127997","0.674464713886749","0.548488856528819","0.441974201842581","roller_coaster"
"10.9574954472448","1.2474197648538","0.38054805377595","1.82590982466165","0.957495447244778","0.117112441665884","0.9664","0.502850704146565","0.604779231756967","0.598072468917984","0.577721766213988","0.473712080820333","roller_coaster"
"10.8059346919324","1.21790222699128","0.404102918871661","1.98082700661546","0.805934691932432","0.088006009379095","0.9766","0.497561114741469","0.383627203124378","0.420812659565663","0.423059640086381","0.457804776648422","roller_coaster"
"10.7954225341727","1.25738508078659","0.383067353657793","2.04693790446058","0.795422534172655","0.0984521681348108","0.9814","0.542406204326611","0.561273401831828","0.504341673060857","0.233202249848253","0.588661952007617","roller_coaster"
"10.9545480068198","1.24712344443006","0.382342466521869","1.82653952236622","0.954548006819826","0.115908724232661","0.9664","0.502640366791626","0.604905188563251","0.593767862923044","0.554819882369762","0.47528994497843","roller_coaster"
"10.8929574068532","1.18895554569808","0.417447026691438","1.82702942720292","0.892957406853219","0.0898021225501223","0.9668","0.453984822464193","0.393694424780668","0.431388807955531","0.307518649267974","0.535462457636021","roller_coaster"
"10.7628816187069","1.24764487656142","0.387954550195472","2.05981338034079","0.762881618706917","0.0913874315895973","0.9812","0.543566087482541","0.36908789741284","0.46490665329541","0.18950268178561","0.59635856989584","roller_coaster"
"10.7671850740036","1.29839132797386","0.355464051882552","2.14178975523506","0.767185074003561","0.111231409877261","0.988","0.565605917748078","0.587596027850865","0.545830027442831","0.547202581368213","0.484863631520275","roller_coaster"
"10.7484329222837","1.25923214452819","0.377373758493804","2.11498424624884","0.748432922283711","0.0967229699400727","0.9864","0.549542442577348","0.504889111313258","0.470371601632666","0.506625067135583","0.580716241207513","roller_coaster"
"10.9646962225538","1.28371087663569","0.359943847722831","1.85126283551856","0.964696222553824","0.133215740519697","0.9704","0.519727569541769","0.615689066886818","0.664201692910865","0.85267298582979","0.563206388393314","roller_coaster"
"10.901819387514","1.18894840715641","0.417438173124569","1.81775163773901","0.901819387513983","0.0908610609240693","0.9656","0.455375124503162","0.386305940906556","0.44150723857875","0.285600190574704","0.449715137395331","roller_coaster"
"10.4982181918584","1.21998595719323","0.410061895578474","2.36787325403481","0.498218191858435","0.0614991844493571","0.999","0.548847306308889","0.520708380499082","0.0715024236124009","0.493360293421267","0.552387772641175","roller_coaster"
"10.9574954472448","1.2474197648538","0.38054805377595","1.82590982466165","0.957495447244778","0.117112441665884","0.9664","0.502850704146565","0.604779231756967","0.598072468917984","0.577721766213988","0.473712080820333","roller_coaster"
"10.8593868730475","1.24693504541594","0.386075273253038","1.95437435506894","0.859386873047503","0.103899609406765","0.9764","0.522513413377675","0.504201454289998","0.534784961170182","0.490368007453693","0.51870726510724","roller_coaster"
"10.7774300698271","1.30925794256969","0.353266767547889","2.12557404840535","0.777430069827115","0.112469896538709","0.9868","0.588500058444515","0.486556211825312","0.623358641821374","0.355778126501479","0.548672379736701","roller_coaster"
"10.6438125154793","1.33546421532833","0.336751409112549","2.33083792577929","0.643812515479324","0.108496908084921","0.997","0.616669073612753","0.594161623689548","0.521958122746962","0.459568412801832","0.478497727634759","roller_coaster"
"10.7216269006352","1.27239863243452","0.370511314629559","2.16998545794672","0.721626900635162","0.0973536325392002","0.989","0.560153796138614","0.593457413054746","0.467203892852434","0.367740882767993","0.502358328848488","roller_coaster"
"10.9581770783022","1.24685368274662","0.381394433521632","1.82336298535673","0.958177078302236","0.116891374989278","0.966","0.502130996499561","0.605461458846294","0.597243791790727","0.569520870475359","0.525077072755666","roller_coaster"
"10.9559926554144","1.2428376661487","0.385394877020907","1.81697710295518","0.955992655414353","0.114701711159819","0.9658","0.501920659144621","0.577510603936389","0.592939185795787","0.546618986631134","0.526654936913763","roller_coaster"
"10.9371266419731","1.28062619507515","0.369464111839552","1.88431633439736","0.937126641973136","0.12090020005787","0.9696","0.54698963625217","0.447834553199331","0.684156902409146","0.36479787429031","0.520735244972095","roller_coaster"
"10.838617936994","1.25709799730949","0.382888684034954","2.00027898253611","0.838617936993991","0.10346060273624","0.978","0.538926377612369","0.436317695226397","0.547723128676844","0.420398562854583","0.524388952280536","roller_coaster"
"10.5540709364006","1.34963124694703","0.332076007378159","2.45763970743995","0.554070936400616","0.0982319183605269","0.9994","0.662836578558193","0.64222952649667","0.467418441714785","0.250811026973675","0.583649519382053","roller_coaster"
"10.9839649618543","1.26854784760847","0.368931994220896","1.80163741590365","0.983964961854271","0.12934141326812","0.965","0.507066338234544","0.615257133092538","0.647527351851776","0.832442120519512","0.533175098084121","roller_coaster"
"10.7872790746665","1.29477609067419","0.356827823101934","2.11741572830659","0.78727907466649","0.113069132347078","0.9868","0.558329008065503","0.601786420441956","0.553911411857783","0.554140344329517","0.482878571552529","roller_coaster"
"6.0644942952734","1.22319982490223","0.394158005378702","1.61658955503747","1.0644942952734","0.123474183489051","0.9402","0.48998980014585","0.467474996127997","0.674464713886749","0.548488856528819","0.441974201842581","roller_coaster"
"10.9929871102458","1.21116078976231","0.407156541040889","1.72350829763768","0.992987110245818","0.106641121597548","0.9546","0.476674807507285","0.498529186926441","0.560247182530045","0.38145801771638","0.450090247251929","roller_coaster"
"10.972755063945","1.27301890144839","0.365141175474343","1.81824723184738","0.972755063944962","0.128770956809198","0.9664","0.523372776710182","0.589702310157842","0.67443287389893","0.623925182146204","0.559150975071911","roller_coaster"
"10.9587122907106","1.24664706112495","0.38271766936256","1.821170601494","0.958712290710581","0.116535196104322","0.9658","0.502482057612612","0.594984397605036","0.59789022001067","0.568636143536821","0.488036508513268","roller_coaster"
"10.9646962225538","1.28371087663569","0.359943847722831","1.85126283551856","0.964696222553824","0.133215740519697","0.9704","0.519727569541769","0.615689066886818","0.664201692910865","0.85267298582979","0.563206388393314","roller_coaster"
"6.18369041268861","1.09258436569279","0.466653032729623","1.18831013621305","1.18369041268861","0.107017124267368","0.8184","0.33364394819364","0.46306408370165","0.513902632084992","0.515565252146872","0.542688888312371","roller_coaster"
"6.03025438856455","1.22382738821237","0.400889755201095","1.67185584814847","1.03025438856454","0.115005295606822","0.9456","0.490387907324522","0.460652344821263","0.631869478161815","0.289511424596653","0.463475544856516","roller_coaster"
"10.9727886090444","1.26084223148375","0.371682306899005","1.80711692434417","0.972788609044371","0.124132443067039","0.9648","0.521392624540571","0.493461752856973","0.664233532898684","0.777236660212405","0.446029615163984","roller_coaster"
"10.889599058948","1.21869485145888","0.404568971707307","1.86325976441148","0.889599058947963","0.0972158325974442","0.9698","0.481551021142443","0.492555985737082","0.479332524966689","0.481863939072311","0.473336970963735","roller_coaster"
"10.8843994512966","1.25163195281041","0.381243698277517","1.92727471337584","0.884399451296632","0.108683160861618","0.9748","0.522334619935381","0.55538138351798","0.562455038496289","0.459622122420336","0.575225536311314","roller_coaster"
"10.9778179367346","1.25885974834345","0.376575714017187","1.79347018309506","0.977817936734636","0.122938524425724","0.9626","0.525037831708985","0.467474996127997","0.674464713886749","0.548488856528819","0.441974201842581","roller_coaster"
"10.9238793453308","1.20895033318866","0.408720636860849","1.81651616215718","0.923879345330757","0.0984368427788833","0.964","0.479663973713188","0.408526333897333","0.504876697049088","0.372635153835773","0.483187907383031","roller_coaster"
"10.8002367186673","1.25696012757171","0.378815485561015","2.04429060127344","0.800236718667317","0.100558828544285","0.9828","0.539222162928198","0.504211893329556","0.506687509512231","0.497873472490282","0.560867132635524","roller_coaster"
"10.9766862934758","1.25819332184733","0.374201205128577","1.80829961629887","0.976686293475825","0.12510252654283","0.9654","0.502952570416396","0.609141186228","0.625928315725735","0.807178142497944","0.508427880832315","roller_coaster"
"10.8360845578722","1.25926600312977","0.382012445164831","2.00704236352405","0.836084557872234","0.104058119106081","0.9784","0.54147144271247","0.444643340395129","0.552859921321754","0.404875055846654","0.524008736625986","roller_coaster"
"10.9002927481263","1.19929661445621","0.412554275357607","1.83469911680081","0.900292748126271","0.093274633623101","0.9664","0.468696229542516","0.401599225701815","0.461676513455001","0.308129070372293","0.517874043453491","roller_coaster"
"10.8533415307323","1.22099339369693","0.401316424528162","1.92439215726094","0.853341530732311","0.094194594183746","0.9732","0.501587539642079","0.443741166637518","0.475205282928796","0.231948557160863","0.542499574845554","roller_coaster"
"10.9406843730864","1.26117293162378","0.372431055571345","1.86719195541602","0.940684373086414","0.119418724924368","0.9692","0.51551193545379","0.605211165551247","0.614746809977073","0.597952631524266","0.503743371129526","roller_coaster"
"10.9343201430568","1.25194891070157","0.378815094392185","1.86532628654608","0.934320143056755","0.115020238898958","0.9686","0.510127613829141","0.590588839165877","0.589991084503032","0.570784003252684","0.47569714078808","roller_coaster"
"10.9550855490134","1.2445524412356","0.383690664530261","1.82129322037773","0.955085549013358","0.115160815933571","0.966","0.502289305678575","0.58730543808832","0.593121434703101","0.5557046093083","0.512330509220828","roller_coaster"
"10.9498561940431","1.26770832763595","0.368013469291563","1.87022641703328","0.949856194043084","0.12399953983932","0.9696","0.519625703271938","0.611327112415785","0.636345846103114","0.623216609545834","0.528490588381332","roller_coaster"
"10.9550425608259","1.25832221686117","0.378593934172157","1.83621308893993","0.955042560825947","0.118133072188768","0.9656","0.533668531212817","0.432541268404072","0.663987627532895","0.34226899449272","0.452576338913934","roller_coaster"
"10.7836252570279","1.24965982540147","0.386363142571474","2.0512803685164","0.783625257027886","0.0956083087396661","0.9818","0.533362630479991","0.587888007851641","0.47304653239342","0.256294347792251","0.566840507107675","roller_coaster"
"10.8382845742096","1.23322123613599","0.396614323640585","1.95597183773806","0.838284574209587","0.0953769447983082","0.9758","0.514637528402344","0.41409730223562","0.484353670206505","0.333363599593513","0.490916182292836","roller_coaster"
"10.9574954472448","1.2474197648538","0.38054805377595","1.82590982466165","0.957495447244778","0.117112441665884","0.9664","0.502850704146565","0.604779231756967","0.598072468917984","0.577721766213988","0.473712080820333","roller_coaster"
"10.9398405633701","1.27569296004247","0.371640677421399","1.87907038600988","0.939840563370114","0.120417739886134","0.9686","0.544444571152069","0.439508908030599","0.679020109764236","0.380321381298239","0.521115460626645","roller_coaster"
"10.8080198056716","1.25133312837133","0.381960777211825","2.03388663718767","0.808019805671562","0.0996662163362489","0.9818","0.532833693026825","0.5048786722737","0.498469053290617","0.499119602098994","0.538556373679228","roller_coaster"
"10.9004183389429","1.19555186758598","0.415322944098201","1.82742252906615","0.900418338942905","0.0929063880367397","0.9658","0.460177860636735","0.481215042748044","0.450562780611513","0.288132144700254","0.538480820808986","roller_coaster"
"10.9929871102458","1.21116078976231","0.407156541040889","1.72350829763768","0.992987110245818","0.106641121597548","0.9546","0.476674807507285","0.498529186926441","0.560247182530045","0.38145801771638","0.450090247251929","roller_coaster"
"10.9839649618543","1.26854784760847","0.368931994220896","1.80163741590365","0.983964961854271","0.12934141326812","0.965","0.507066338234544","0.615257133092538","0.647527351851776","0.832442120519512","0.533175098084121","roller_coaster"
"10.8926478242468","1.23107406594024","0.394967207732895","1.87703524938328","0.892647824246786","0.101725858143485","0.9716","0.49902331147258","0.504568199568111","0.515405352692121","0.464289416972478","0.528779795880016","roller_coaster"
"10.944704917355","1.20921151769656","0.408429087213057","1.78342601451523","0.944704917355011","0.101164321822325","0.9624","0.474925317869007","0.504040204139736","0.516496396105898","0.36883943764701","0.481625859833097","roller_coaster"
"10.961454962204","1.26228569133469","0.376146140119345","1.8217920683772","0.961454962204027","0.122179030935964","0.9656","0.527044042556926","0.459288751348195","0.664041360177086","0.686988621064242","0.446914085774176","roller_coaster"
"10.9164314352866","1.2349627604234","0.391179921492028","1.85803782697376","0.916431435286617","0.108001991107432","0.9696","0.497913417838924","0.531185347837697","0.541507927702484","0.673706347955536","0.540862175597398","roller_coaster"
"10.9886352852171","1.21601665786436","0.402874922065029","1.73894715860986","0.988635285217119","0.107672122354204","0.9548","0.48697103101304","0.442880079509083","0.57685854959346","0.334019220621888","0.516245168390376","roller_coaster"
"10.9903262312476","1.2203677353289","0.399719973796298","1.74631919645443","0.990326231247612","0.110982066759054","0.9574","0.48199201233958","0.565718761797165","0.573256545819894","0.467098782574509","0.560825033604901","roller_coaster"
"10.7889567513945","1.256937329047","0.379956771390072","2.05688119276893","0.788956751394492","0.0981294152274667","0.9824","0.537406912327844","0.58082291954038","0.488367643592552","0.329928494991363","0.564337415890383","roller_coaster"
"10.8397714430642","1.26281392974577","0.376481226697082","2.00852388916647","0.839771443064235","0.10642264443009","0.9794","0.542616843755246","0.495457759419135","0.562516958180669","0.442547767023911","0.529971213587062","roller_coaster"
"10.902923290759","1.26309704427198","0.373624431359247","1.91504663172584","0.902923290759003","0.115005075730432","0.9734","0.525577959177131","0.595600907461903","0.598192860702764","0.466746030087068","0.467584694469459","roller_coaster"
"10.9323776890362","1.26257743595156","0.372471820772683","1.88668301559682","0.932377689036242","0.118084000074016","0.9704","0.520790457185114","0.585678073883078","0.61390177330295","0.571995516949817","0.473991047195849","roller_coaster"
"10.9809756166","1.2506643163325","0.377942484692627","1.7856974151551","0.980975616599981","0.120913562954308","0.9624","0.510729781184598","0.498372518139772","0.640322844098766","0.776025146515272","0.447735708756215","roller_coaster"
"10.8713120196951","1.25952380263099","0.376405618836723","1.94872424942519","0.871312019695086","0.110103066236105","0.977","0.538050228878877","0.480050978851873","0.587282904404962","0.498709454052264","0.446144188719739","roller_coaster"
"10.8816794580892","1.22271415738687","0.399670741739995","1.87582808293373","0.881679458089232","0.0983690194466311","0.972","0.48401450420805","0.546024584281052","0.477939398564643","0.529814459058706","0.513959384283944","roller_coaster"
"10.9020677753411","1.23484378360671","0.394716692573602","1.87963597116831","0.902067775341149","0.104437386586795","0.9712","0.503898525502649","0.488147860727956","0.535171201852135","0.510073635977967","0.511945324408475","roller_coaster"
"10.8572788909984","1.23549510643505","0.395555851905814","1.94293161838235","0.857278890998383","0.097686390732393","0.9742","0.512957129231877","0.435187510611852","0.50381170960332","0.302636204003156","0.542193183090072","roller_coaster"
"10.8382845742096","1.23322123613599","0.396614323640585","1.95597183773806","0.838284574209587","0.0953769447983082","0.9758","0.514637528402344","0.41409730223562","0.484353670206505","0.333363599593513","0.490916182292836","roller_coaster"
"10.9619368250178","1.24695486863035","0.386750301340673","1.81641248122215","0.961936825017816","0.11392432975036","0.9632","0.522298941623019","0.441094924429738","0.635381200858371","0.271581347650427","0.452882730669415","roller_coaster"
"10.9796423912618","1.2028955572741","0.410777164817574","1.72141877394073","0.979642391261771","0.104026181505717","0.9558","0.46344385484273","0.563952281268253","0.528278862622494","0.379547337036077","0.522031534149798","roller_coaster"
"10.7982033069712","1.25171748628826","0.381803903261006","2.04309617210766","0.798203306971202","0.0984429345547285","0.9816","0.535177881080345","0.511276981640816","0.491366398313099","0.42423932529117","0.563370223852816","roller_coaster"
"10.9318924628669","1.23851994969946","0.391699724674164","1.8468716227153","0.931892462866868","0.108181638957123","0.9658","0.514883512362622","0.417734516613234","0.586277199347009","0.377899598570094","0.519600383896675","roller_coaster"
"10.9803594960608","1.2486873135851","0.378756334773847","1.78146397386843","0.980359496060808","0.120632327787965","0.9622","0.504903449457772","0.528810101790915","0.629769193329766","0.778812121509466","0.498885095131643","roller_coaster"
"10.9646476249614","1.25941096209475","0.377294354549031","1.81020518554481","0.964647624961411","0.119751032852298","0.9646","0.528017113196462","0.46671426991285","0.664179800254492","0.432517033640884","0.451691868303742","roller_coaster"
"10.8961774464361","1.27919585627659","0.363545672380307","1.93186326882907","0.896177446436134","0.119565166743762","0.9762","0.543713482950847","0.529346550592933","0.641614783332777","0.549344300847455","0.466637748976561","roller_coaster"
"10.8382845742096","1.23322123613599","0.396614323640585","1.95597183773806","0.838284574209587","0.0953769447983082","0.9758","0.514637528402344","0.41409730223562","0.484353670206505","0.333363599593513","0.490916182292836","roller_coaster"
"10.9086344379098","1.2596696268853","0.379240108208205","1.90353036224747","0.908634437909816","0.112220157105946","0.9722","0.534661420423647","0.448929820885165","0.614972204874183","0.436893216373322","0.529700620718812","roller_coaster"
"10.9667359343315","1.2729025284827","0.366515975468487","1.82541067891612","0.966735934331511","0.12828699167338","0.968","0.519441745499195","0.573792837294057","0.660392655294653","0.805602681200883","0.455572400864657","roller_coaster"
"10.8578321281021","1.27183879652583","0.368960658439465","1.97795110131454","0.857832128102119","0.112637902104005","0.9796","0.539653356823641","0.53991486597702","0.586761342411755","0.553284900010881","0.45821502441855","roller_coaster"
"10.9369647656577","1.22286649985718","0.399568303696819","1.81415184799715","0.936964765657734","0.103988495092566","0.963","0.498257288331962","0.42337361711918","0.554419423872228","0.310550853100439","0.519389120183462","roller_coaster"
"10.9784096870046","1.26186523358421","0.372512242314721","1.79637914328555","0.978409687004623","0.126531816794571","0.9644","0.508803314622266","0.585097719648357","0.644646229006212","0.809634689311998","0.52612263861467","roller_coaster"
"10.9751497267975","1.22097991143307","0.401075716313428","1.76916927810333","0.975149726797536","0.107454479170321","0.9586","0.491006813171133","0.465100864473264","0.572651846435886","0.354422197103673","0.525295162921848","roller_coaster"
"10.9354534366832","1.2297801278244","0.39297716286781","1.83555629146567","0.935453436683217","0.108416912988387","0.968","0.495449535463406","0.521071459081826","0.551361914601869","0.618657697346825","0.521594954498316","roller_coaster"
"10.9652771464772","1.2589900495348","0.377342869071803","1.80803568099738","0.965277146477247","0.119796538066431","0.9646","0.527594360296296","0.46543341117152","0.664139920906906","0.441817946422069","0.450083501698597","roller_coaster"
"10.9257992631537","1.23143154870185","0.397239718513688","1.84032340759006","0.925799263153697","0.104788325800961","0.9662","0.503547861492039","0.451888176235003","0.55539315349845","0.383752406252393","0.523773094163789","roller_coaster"
"10.8753331106534","1.23343587580709","0.397367684169238","1.90182981147734","0.875333110653379","0.099514658726855","0.9718","0.505218264236243","0.464394661940832","0.510368993580878","0.378701801662625","0.525896194573243","roller_coaster"
"10.9355253920913","1.24350698799303","0.388846253189566","1.85360598647142","0.935525392091308","0.109895910003998","0.9654","0.520123666917959","0.437909978683756","0.601992119718786","0.30017228118201","0.510804974642866","roller_coaster"
"10.9808379284631","1.22673522278242","0.397740176914311","1.76431224352932","0.980837928463144","0.110127682638416","0.9578","0.497336173498282","0.463660907501726","0.594005045358962","0.360564768080469","0.509260018542997","roller_coaster"
"10.9628744880155","1.24896052510489","0.382097827071623","1.81711020582891","0.962874488015484","0.117875585198202","0.9658","0.512642314453406","0.499602950461935","0.623211909352207","0.702746523849997","0.515182083648471","roller_coaster"
"10.9929871102458","1.21116078976231","0.407156541040889","1.72350829763768","0.992987110245818","0.106641121597548","0.9546","0.476674807507285","0.498529186926441","0.560247182530045","0.38145801771638","0.450090247251929","roller_coaster"
"10.8831207348264","1.23860207647503","0.393577615696557","1.90213016312939","0.883120734826421","0.101322821513649","0.9714","0.515132403936936","0.438372456357834","0.537200790742905","0.274045270471573","0.484270939116622","roller_coaster"
"10.9657593372684","1.24338182764256","0.388206665937476","1.79811490311907","0.965759337268444","0.113958307508219","0.9622","0.515087478847943","0.441346354757397","0.627212378516921","0.389420828740743","0.457577021148683","roller_coaster"
"10.9809756166","1.2506643163325","0.377942484692627","1.7856974151551","0.980975616599981","0.120913562954308","0.9624","0.510729781184598","0.498372518139772","0.640322844098766","0.776025146515272","0.447735708756215","roller_coaster"
"10.9402317055422","1.22756092566429","0.398497809798746","1.82205728425161","0.940231705542232","0.106738890645495","0.9664","0.493387543303194","0.5272133618614","0.54958815736535","0.465835630674899","0.487902153495324","roller_coaster"
"10.9603663943224","1.25659754180644","0.374236497752747","1.8295152547532","0.960366394322432","0.120315577047161","0.9668","0.517950081268101","0.509754334660006","0.6370112782004","0.720211908695474","0.468382373451928","roller_coaster"
"10.9989062890074","1.22508732938363","0.397420143062151","1.73591155115863","0.998906289007368","0.115044354170226","0.9568","0.486441224023585","0.505636944069252","0.596677432070313","0.681815928481577","0.492608801469415","roller_coaster"
"10.9604414266038","1.26284200663898","0.375875034693385","1.82391562797877","0.960441426603804","0.122191129826157","0.966","0.527466795457092","0.460569610089525","0.664081239524672","0.677687708283057","0.448522452379321","roller_coaster"
"10.9731619990535","1.22890209964078","0.393507282554181","1.78318895546929","0.9731619990535","0.112336886358846","0.961","0.494557413774339","0.560993925918415","0.587857913998227","0.432688147157006","0.527959060704821","roller_coaster"
"10.9053222852061","1.22886138871184","0.397704471512828","1.85921852816169","0.905322285206148","0.101520009668527","0.9688","0.494987529314487","0.48234741460393","0.519612055849694","0.443886440490692","0.519729801348544","roller_coaster"
"10.9166472047329","1.24838944285348","0.383167284511219","1.88222339289836","0.91664720473292","0.111690984956925","0.9702","0.515212816691889","0.574820079469259","0.581046364937262","0.440200482628488","0.474569844316839","roller_coaster"
"10.9737598308274","1.21966631226815","0.401952537968319","1.76741240586321","0.973759830827419","0.106616116868081","0.9588","0.489434913388558","0.452993968264954","0.567004562694075","0.389067871230599","0.535512389489458","roller_coaster"
"10.9728076380905","1.24132321584475","0.386701626240793","1.79144823579851","0.972807638090463","0.117008627503208","0.9632","0.50289662041698","0.524112152498747","0.612022271519143","0.646687599299433","0.526214438107414","roller_coaster"
"10.9903262312476","1.2203677353289","0.399719973796298","1.74631919645443","0.990326231247612","0.110982066759054","0.9574","0.48199201233958","0.565718761797165","0.573256545819894","0.467098782574509","0.560825033604901","roller_coaster"
"10.8417961480074","1.24735875631117","0.388667500475621","1.97847549659497","0.841796148007426","0.099854794231572","0.9774","0.527567162750862","0.439465217391073","0.521321091944077","0.376459804493654","0.485031029447895","roller_coaster"
"10.9046468000863","1.23383518197082","0.392650466338814","1.87577279392469","0.90464680008632","0.104954225486143","0.9708","0.501030140513371","0.50926614886028","0.533152274502744","0.59641393918251","0.501450452904245","roller_coaster"
"10.9714375056421","1.20763280907214","0.407822840080873","1.74859925396536","0.971437505642058","0.103345314578069","0.9576","0.478170148032381","0.457330283874453","0.543181044397699","0.274493350542201","0.452940972080799","roller_coaster"
"10.980749105575","1.2521629861652","0.375856338981272","1.78187317291101","0.980749105574953","0.122709295182349","0.9634","0.508992804796877","0.528531931583953","0.643203966944329","0.798832577722787","0.454788168225667","roller_coaster"
"10.9912382092907","1.24797243503502","0.385385577097065","1.75391607943686","0.991238209290664","0.119019813281947","0.958","0.514970481386132","0.48577003704376","0.656937715383858","0.363596866838634","0.482194589983456","roller_coaster"
"10.9809756166","1.2506643163325","0.377942484692627","1.7856974151551","0.980975616599981","0.120913562954308","0.9624","0.510729781184598","0.498372518139772","0.640322844098766","0.776025146515272","0.447735708756215","roller_coaster"
"10.9413245749169","1.24632670629671","0.385746306602467","1.84953684343195","0.941324574916862","0.112275048517114","0.9666","0.519054111459645","0.48780484469502","0.60869655256657","0.365927434755236","0.481567618421713","roller_coaster"
"11.0249118950549","1.22248699909429","0.398099230968468","1.69041506566723","1.02491189505494","0.117547104056153","0.951","0.485844137709423","0.499429811822572","0.61985810078694","0.620573376927854","0.506125287485934","roller_coaster"
"11.001253051557","1.21448276862536","0.404869931753952","1.7150125011773","1.00125305155699","0.109398187245176","0.9528","0.481635297477019","0.482336687806368","0.581298475156384","0.361589789941782","0.506239930881681","roller_coaster"
"10.9521570875973","1.22353930220705","0.400592231569373","1.80211589747294","0.952157087597266","0.106879982722887","0.9638","0.491016389531622","0.506809021767026","0.55578400457327","0.450319531844891","0.546345194484321","roller_coaster"
"10.9807363060828","1.2521629861652","0.375845001083995","1.78218660161493","0.98073630608278","0.122735202859184","0.9634","0.508992804796877","0.528531931583953","0.643203966944329","0.798832577722787","0.53873871685937","roller_coaster"
"10.9542971441738","1.24771983559686","0.383952166430719","1.83621193668352","0.954297144173823","0.11636059633162","0.9666","0.51568730604654","0.502384793220674","0.616969075328094","0.570485794274874","0.493351427031448","roller_coaster"
"6.04517287049459","1.22128677056256","0.400643565676997","1.64920931469512","1.04517287049459","0.116569612252034","0.9426","0.486151291658838","0.457355194965977","0.638561198210623","0.385407634327762","0.451115508447804","roller_coaster"
"6.10761684293245","1.15903094632296","0.434463558169456","1.42997764284998","1.10761684293245","0.11042615454804","0.8982","0.414369291160256","0.49829177958541","0.569223305456213","0.369957782699812","0.479227017312935","roller_coaster"
"10.9539362518149","1.22754979617158","0.398878762578643","1.80315985700745","0.953936251814867","0.107460628306338","0.9638","0.49616636720225","0.460676447646393","0.566269061834789","0.505288323620334","0.455941808720644","roller_coaster"
"10.9820558502725","1.21472077208693","0.40590979680557","1.74079044816646","0.982055850272539","0.106631205732157","0.9568","0.479721863262059","0.50366970610594","0.557788091144229","0.390754911658977","0.466792291352471","roller_coaster"
"10.9777376795859","1.24284001537382","0.385572114907467","1.78378945825246","0.977737679585938","0.118366767869393","0.9622","0.505218214242952","0.504865779145514","0.622833723331316","0.705388613000885","0.467838011155858","roller_coaster"
"10.9867773512931","1.2315698881097","0.393854594157933","1.7620013709817","0.986777351293087","0.114585761864485","0.958","0.499598948719843","0.471030448941058","0.614047248231268","0.510290882501069","0.484290964963477","roller_coaster"
"10.9604414266038","1.26284200663898","0.375875034693385","1.82391562797877","0.960441426603804","0.122191129826157","0.966","0.527466795457092","0.460569610089525","0.664081239524672","0.677687708283057","0.448522452379321","roller_coaster"
"10.9728076380905","1.24132321584475","0.386701626240793","1.79144823579851","0.972807638090463","0.117008627503208","0.9632","0.50289662041698","0.524112152498747","0.612022271519143","0.646687599299433","0.526214438107414","roller_coaster"
"10.9019654121659","1.24194421162628","0.390108992952232","1.88695978526469","0.901965412165911","0.10611631822917","0.97","0.51961321666984","0.465408500079996","0.568759767093983","0.330903662636507","0.451908965331592","roller_coaster"
"10.9912382092907","1.24797243503502","0.385385577097065","1.75391607943686","0.991238209290664","0.119019813281947","0.958","0.514970481386132","0.48577003704376","0.656937715383858","0.363596866838634","0.482194589983456","roller_coaster"
"10.9750866647139","1.25279266901763","0.376638437223736","1.79536512771577","0.975086664713865","0.121077427259078","0.9636","0.512465343700514","0.507195850573476","0.640018538861649","0.747797488846348","0.450065690436944","roller_coaster"
"10.9314443433932","1.23322144439708","0.394847425605798","1.84336761358269","0.93144434339324","0.107741843129757","0.9672","0.503472984251268","0.498702325565804","0.563600991095312","0.463631164638523","0.459147043414467","roller_coaster"
"10.9723238239059","1.22378026725204","0.399945611366949","1.77719228780268","0.972323823905924","0.107762644985462","0.96","0.492375683528548","0.4798534066218","0.572953752732623","0.380432995855066","0.453110334913245","roller_coaster"
"11.000916217468","1.23157763970157","0.393837091954065","1.73090124090014","1.000916217468","0.117484496249862","0.9564","0.491952790965232","0.49914368306351","0.614166552837764","0.737406677799299","0.472506499069772","roller_coaster"
"10.9689090972475","1.24820775084882","0.385410980872469","1.7970365548584","0.968909097247471","0.116475472737651","0.9624","0.516214518752185","0.500931002226302","0.637315583437517","0.362171688117087","0.4660523917712","roller_coaster"
"10.9107667010354","1.22991883359223","0.396659832148115","1.86120575881105","0.910766701035366","0.102990958698278","0.9686","0.496193887044201","0.523304401970971","0.527841534827502","0.395481052392244","0.826114465016872","roller_coaster"
"10.9876664984498","1.21139306024183","0.405424110641955","1.73676226322588","0.987666498449777","0.106647213414193","0.9546","0.480864203633377","0.465338271814295","0.563675723509719","0.365922432120241","0.496158392860843","roller_coaster"
"10.9230209068917","1.24539813996704","0.384914522633609","1.87346243909584","0.923020906891672","0.111344619734078","0.9694","0.511382256080738","0.573272075475758","0.577212835940614","0.455421250568007","0.480052934009828","roller_coaster"
"10.949085670658","1.22397068715395","0.400233439326715","1.8078010976588","0.949085670657994","0.106856520222447","0.9646","0.49034048754842","0.522072842681901","0.552047248751166","0.456538736732303","0.471200109394782","roller_coaster"
"10.9401605200493","1.23042438514875","0.396843573927026","1.82903001564094","0.940160520049267","0.106816296043259","0.9654","0.497216597522021","0.571473915697319","0.557958347500172","0.329260347605753","0.471569007676993","roller_coaster"
"10.9808379284631","1.22673522278242","0.397740176914311","1.76431224352932","0.980837928463144","0.110127682638416","0.9578","0.497336173498282","0.463660907501726","0.594005045358962","0.360564768080469","0.509260018542997","roller_coaster"
"10.9929871102458","1.21116078976231","0.407156541040889","1.72350829763768","0.992987110245818","0.106641121597548","0.9546","0.476674807507285","0.498529186926441","0.560247182530045","0.38145801771638","0.450090247251929","roller_coaster"
"10.9846258265669","1.2225754585085","0.397700019239741","1.75832023078186","0.984625826566937","0.11134618653689","0.9584","0.485822572950732","0.567266765790666","0.577090074816542","0.451878014634989","0.555341943911912","roller_coaster"
"10.980749105575","1.2521629861652","0.375856338981272","1.78187317291101","0.980749105574953","0.122709295182349","0.9634","0.508992804796877","0.528531931583953","0.643203966944329","0.798832577722787","0.454788168225667","roller_coaster"
"10.9989062890074","1.22508732938363","0.397420143062151","1.73591155115863","0.998906289007368","0.115044354170226","0.9568","0.486441224023585","0.505636944069252","0.596677432070313","0.681815928481577","0.492608801469415","roller_coaster"
"10.9545198647023","1.225161160644","0.399530836349724","1.802122309562","0.954519864702253","0.10748148343069","0.9636","0.492290879116574","0.520183599776837","0.55992020187793","0.424750161625744","0.551055131772613","roller_coaster"
"1.0961089654695","0.920891704442873","0.556391848309551","0.295680253668705","1.0961089654695","0.161469840007623","0.3062","0.191858440870419","0.507130549953353","0.618466333236287","0.633012086999952","0.513660157639091","roller_coaster"
"10.9841498350859","1.22714680345045","0.397105527667758","1.76549704645813","0.984149835085933","0.112344564975369","0.9592","0.493927983721854","0.477077615938588","0.595565515696078","0.560600122872946","0.496960702415214","roller_coaster"
"10.9455257498498","1.23937076589139","0.387832988404219","1.83872044349735","0.945525749849821","0.112179483672839","0.967","0.507429180485412","0.533517823114169","0.58661034667225","0.488828619091106","0.509703084379663","roller_coaster"
"11.0019507091056","1.2400964696057","0.386361002335672","1.7386435649814","1.00195070910564","0.120273775817909","0.957","0.496759828073445","0.527433511013088","0.628770125276321","0.717275999706571","0.486513338793287","roller_coaster"
"10.991057498133","1.2186217764026","0.403908490046028","1.73871818168011","0.991057498132965","0.109283039751195","0.9558","0.480572617808337","0.542947523273744","0.569699877632584","0.407161228304598","0.520836976420089","roller_coaster"
"10.9538356341081","1.24820084541259","0.381347030618647","1.82871236356745","0.95383563410812","0.116277328600865","0.9666","0.506849696012306","0.563866404860336","0.602624760787507","0.613280230776335","0.496564287737579","roller_coaster"
"10.9592277165868","1.22540660493038","0.395435229565901","1.79235402905788","0.959227716586808","0.110381140347423","0.9648","0.490344231951212","0.508757746263386","0.564598765019885","0.652546819248076","0.767668134713674","roller_coaster"
"11.0208180438963","1.22806769927824","0.394421640187924","1.70063064379795","1.0208180438963","0.118793036863901","0.9516","0.4928435213125","0.488989531850697","0.63285351099585","0.578064671635771","0.452810037969562","roller_coaster"
"11.001253051557","1.21448276862536","0.404869931753952","1.7150125011773","1.00125305155699","0.109398187245176","0.9528","0.481635297477019","0.482336687806368","0.581298475156384","0.361589789941782","0.506239930881681","roller_coaster"
"10.9800564385264","1.22092686781196","0.401917689579662","1.76201667161674","0.980056438526446","0.107701078900545","0.9582","0.487514512427171","0.489704959978606","0.569977694744862","0.384730310498126","0.505370018370255","roller_coaster"
"11.0042833294679","1.23320752211575","0.393882904144467","1.72804976908178","1.00428332946788","0.117940811250226","0.9554","0.493898427809385","0.504400317403533","0.621193868921421","0.653384231840286","0.475543809702849","roller_coaster"
"10.9967061051939","1.23548642020576","0.391658255503216","1.74240158783437","0.996706105193888","0.117953146995298","0.9572","0.497163924142989","0.499895273564553","0.621497955196835","0.672577758088452","0.498419488938942","roller_coaster"
"10.9693735911781","1.22462439545485","0.399545754110341","1.78473570873945","0.969373591178123","0.109293509715341","0.9626","0.491954839985492","0.504768126676805","0.572221932812237","0.472311489675192","0.519017669418555","roller_coaster"
"10.9862248727259","1.22043410614701","0.401254956914899","1.74930662929648","0.986224872725943","0.1091356572478","0.9568","0.48954352433317","0.47762565362906","0.581815441758329","0.366589369241319","0.470682291525213","roller_coaster"
"10.9937646883205","1.22464874774691","0.39896069669383","1.74628489449763","0.9937646883205","0.112129465205075","0.956","0.489849413800012","0.49222023563239","0.595116961733197","0.481780573689099","0.504908117597197","roller_coaster"
"10.9552651290177","1.24535856705741","0.384552302778175","1.82116539506849","0.955265129017731","0.115623229146646","0.9668","0.507746075174851","0.507130077090854","0.602212881082499","0.732461110988123","0.466973388502223","roller_coaster"
"10.9839656873088","1.22993479441511","0.394542236094545","1.76735720729001","0.98396568730876","0.113811757444662","0.9588","0.497706001513693","0.481460015150126","0.606900796075458","0.526511854464775","0.495651401725258","roller_coaster"
"11.0229768321924","1.23241017280656","0.393553743997577","1.69862443478501","1.02297683219235","0.120163952080335","0.952","0.491160492549248","0.505702717551874","0.634483089849464","0.697152306339802","0.475701103404136","roller_coaster"
"10.9782463492136","1.22047249339541","0.402430780328135","1.76252897094479","0.978246349213599","0.10728084318955","0.9584","0.487006287228631","0.489403458704398","0.566429618218579","0.389784088328548","0.457022807238183","roller_coaster"
"10.9912382092907","1.24797243503502","0.385385577097065","1.75391607943686","0.991238209290664","0.119019813281947","0.958","0.514970481386132","0.48577003704376","0.656937715383858","0.363596866838634","0.482194589983456","roller_coaster"
"11.0249118950549","1.22248699909429","0.398099230968468","1.69041506566723","1.02491189505494","0.117547104056153","0.951","0.485844137709423","0.499429811822572","0.61985810078694","0.620573376927854","0.506125287485934","roller_coaster"
"10.9679905036399","1.24255261730399","0.38619312320886","1.79833325137111","0.967990503639908","0.116586695953061","0.9638","0.503662486811732","0.526925323055627","0.609256923601495","0.652753719113078","0.496197650047358","roller_coaster"
"10.9544105566848","1.23272556211276","0.394715664172106","1.81650015577278","0.954410556684802","0.108942817531138","0.964","0.505854504979035","0.463931306449352","0.587557116097963","0.345101149662691","0.488650448221541","roller_coaster"
"10.9876664984498","1.21139306024183","0.405424110641955","1.73676226322588","0.987666498449777","0.106647213414193","0.9546","0.480864203633377","0.465338271814295","0.563675723509719","0.365922432120241","0.496158392860843","roller_coaster"
"10.9292407584551","1.2373991608987","0.392640464224658","1.85207230915236","0.929240758455123","0.107287209673691","0.9664","0.511094885189087","0.46513810113237","0.575207696354982","0.346367281054285","0.472518535653047","roller_coaster"
"10.979104003041","1.21878862429872","0.403474446266968","1.75602297151321","0.979104003041039","0.106951971377169","0.958","0.485091259561976","0.494119654023341","0.564312225658273","0.381403819185495","0.462879819027533","roller_coaster"
"10.9775381602409","1.23953289340762","0.38846438255389","1.78270061184502","0.977538160240883","0.116981780390222","0.962","0.501785439737367","0.516411414367966","0.613414039069797","0.634248889227335","0.518679567954257","roller_coaster"
"10.9795467019107","1.21998010930187","0.402236743961203","1.76224204723771","0.979546701910705","0.108573659793431","0.9596","0.484971818404454","0.527988948622862","0.565178288328187","0.435471697989368","0.501297258844294","roller_coaster"
"10.926571597091","1.24146777717685","0.386884875393494","1.85805286423885","0.926571597090983","0.110881345614333","0.9684","0.511997505916563","0.498059725344579","0.580118780598422","0.550165813065643","0.450365987380627","roller_coaster"
"10.9785817360226","1.22110922743916","0.401915347223381","1.76598327023427","0.978581736022645","0.107949610857648","0.9588","0.487764056859908","0.49072982886886","0.568906480376229","0.428406701714996","0.468217378172296","roller_coaster"
"11.0037120792427","1.22813780145833","0.395499755139539","1.72448602420143","1.00371207924266","0.115708164387402","0.9554","0.493664120057937","0.480903455866942","0.616279777500327","0.571418164053008","0.456288747313882","roller_coaster"
"10.987448650209","1.23834052493496","0.389070600626826","1.76435631113867","0.987448650208958","0.117997795593688","0.9598","0.500113628255598","0.51497729404334","0.619404495481071","0.653383449712286","0.477138298289723","roller_coaster"
"11.0229768321924","1.23241017280656","0.393553743997577","1.69862443478501","1.02297683219235","0.120163952080335","0.952","0.491160492549248","0.505702717551874","0.634483089849464","0.697152306339802","0.475701103404136","roller_coaster"
"10.9495075740712","1.24246110742177","0.386271385704237","1.82758711053603","0.949507574071218","0.113879200959222","0.9668","0.507696722766703","0.507164524697078","0.594037554165424","0.639776529322582","0.486645201129313","roller_coaster"
"10.9587611642373","1.22843100904892","0.39756550128642","1.80257736617669","0.958761164237313","0.109290775461012","0.9642","0.497015230095634","0.492267802635338","0.574181565517213","0.48569536679967","0.49966957446286","roller_coaster"
"10.9895016671381","1.24382693329264","0.385964635745342","1.76122734897172","0.989501667138133","0.120051035351515","0.9602","0.505637577572121","0.503832385078866","0.636470141413991","0.641990140793422","0.571601238531383","roller_coaster"
"10.9688715840857","1.2267505590755","0.395264462820955","1.78672806029766","0.968871584085654","0.110905435500426","0.9634","0.492698290393074","0.506850828276343","0.575974910821424","0.58072994970709","0.523288123334783","roller_coaster"
"10.9660799451709","1.23008011276865","0.39596077546113","1.7994376319587","0.966079945170866","0.109682874545971","0.9624","0.499677135765223","0.49069539822828","0.585066338989752","0.374153545293288","0.678261486165748","roller_coaster"
"10.9906182354981","1.22551254106108","0.398619246909632","1.75121674222928","0.990618235498071","0.111691684952062","0.956","0.491233763973806","0.492414223209574","0.594781423066824","0.42370609832662","0.498521410058309","roller_coaster"
"11.0177183809901","1.21746860792257","0.401263603930985","1.68957316065677","1.01771838099007","0.114533656634917","0.9516","0.477129588834941","0.533483375507944","0.594785673589325","0.581513200756646","0.490031271752573","roller_coaster"
"10.9788330725676","1.23924751321537","0.389875742836673","1.77890249339447","0.97883307256756","0.116809416217519","0.961","0.50333774598401","0.487738087307408","0.617219159342126","0.659103704906023","0.474585971565418","roller_coaster"
"10.9841498350859","1.22714680345045","0.397105527667758","1.76549704645813","0.984149835085933","0.112344564975369","0.9592","0.493927983721854","0.477077615938588","0.595565515696078","0.560600122872946","0.496960702415214","roller_coaster"
"10.9861180043433","1.2359063513047","0.390579427122433","1.76628436113492","0.986118004343277","0.116814723596435","0.9598","0.497447286365519","0.51634834641582","0.611046297041845","0.652754501241078","0.494603161460484","roller_coaster"
"10.9676784503405","1.22855779260049","0.396859767503235","1.79553556124605","0.967678450340477","0.109185438883437","0.961","0.500090400867555","0.466087289015303","0.586622928509966","0.357647399879812","0.476940727375862","roller_coaster"
"10.9249288046249","1.2415463916272","0.389740764330532","1.86165399585436","0.924928804624911","0.108387881073919","0.9672","0.515961537370458","0.475469671063109","0.582749629346326","0.354043119024198","0.482392012370892","roller_coaster"
"11.0019507091056","1.2400964696057","0.386361002335672","1.7386435649814","1.00195070910564","0.120273775817909","0.957","0.496759828073445","0.527433511013088","0.628770125276321","0.717275999706571","0.486513338793287","roller_coaster"
"10.9841498350859","1.22714680345045","0.397105527667758","1.76549704645813","0.984149835085933","0.112344564975369","0.9592","0.493927983721854","0.477077615938588","0.595565515696078","0.560600122872946","0.496960702415214","roller_coaster"
"0.652635793896964","0.810521453475975","0.61653920952433","0.0842291598949462","0.652635793896964","0.187490761288591","0.1226","0.0869782534427941","0.497186010333584","0.596694226874873","0.633601970259958","0.505268097250888","roller_coaster"
"11.0017854498459","1.22741805446537","0.395671823549752","1.7311635683517","1.0017854498459","0.11519667451785","0.956","0.493107384976417","0.485163691922342","0.612139249191601","0.56724663045571","0.493481993070894","roller_coaster"
"10.9841498350859","1.22714680345045","0.397105527667758","1.76549704645813","0.984149835085933","0.112344564975369","0.9592","0.493927983721854","0.477077615938588","0.595565515696078","0.560600122872946","0.496960702415214","roller_coaster"
"10.9464154594467","1.23258922801364","0.394592529558355","1.82276187795524","0.946415459446714","0.108215358019378","0.9646","0.504921063348066","0.477295287389515","0.579486492209691","0.359841334236714","0.496352053026571","roller_coaster"
"10.9795467019107","1.21998010930187","0.402236743961203","1.76224204723771","0.979546701910705","0.108573659793431","0.9596","0.484971818404454","0.527988948622862","0.565178288328187","0.435471697989368","0.501297258844294","roller_coaster"
"10.972524788336","1.22675712558212","0.398790325294896","1.78391659329153","0.972524788335955","0.109859083294601","0.9614","0.493332038086181","0.514751752227797","0.577894779585489","0.4342321895439","0.546540370461949","roller_coaster"
"11.0022801247575","1.22544727491139","0.399347001713445","1.73470137962659","1.00228012475749","0.111764338749042","0.9528","0.49264561140355","0.493960339191593","0.604941163370482","0.284426815342158","0.514999496680953","roller_coaster"
"10.9935852739692","1.22394451812472","0.399699047727806","1.744544296006","0.993585273969229","0.111618217283404","0.9552","0.489091644168735","0.490893865467928","0.592640099575547","0.443157960302651","0.493713546663084","roller_coaster"
"11.0249118950549","1.22248699909429","0.398099230968468","1.69041506566723","1.02491189505494","0.117547104056153","0.951","0.485844137709423","0.499429811822572","0.61985810078694","0.620573376927854","0.506125287485934","roller_coaster"
"11.0138800753498","1.22770352501372","0.395982415938286","1.7077688778197","1.01388007534982","0.117734043867237","0.9538","0.490489462870637","0.49089644983774","0.621477365194311","0.649881541176757","0.697190049348453","roller_coaster"
"10.9775381602409","1.23953289340762","0.38846438255389","1.78270061184502","0.977538160240883","0.116981780390222","0.962","0.501785439737367","0.516411414367966","0.613414039069797","0.634248889227335","0.518679567954257","roller_coaster"
"10.9116909906856","1.23850946747587","0.388245595288082","1.88131939148714","0.911690990685566","0.108243391078339","0.9704","0.510956346946956","0.503491572893618","0.562144202890864","0.540683785147486","0.454880748691291","roller_coaster"
"10.924306047986","1.24268837125691","0.386827457967631","1.86531801351823","0.924306047986015","0.111072085818605","0.9692","0.510867001952711","0.505038517385588","0.575510616566496","0.608285259721868","0.472071724960101","roller_coaster"
"11.0019507091056","1.2400964696057","0.386361002335672","1.7386435649814","1.00195070910564","0.120273775817909","0.957","0.496759828073445","0.527433511013088","0.628770125276321","0.717275999706571","0.486513338793287","roller_coaster"
"10.9924335962299","1.21937908960263","0.403153502095362","1.74044976648641","0.992433596229912","0.110042805825736","0.956","0.481999308001543","0.527025718288477","0.574048452036416","0.462427541758821","0.485207996678411","roller_coaster"
"11.0229768321924","1.23241017280656","0.393553743997577","1.69862443478501","1.02297683219235","0.120163952080335","0.952","0.491160492549248","0.505702717551874","0.634483089849464","0.697152306339802","0.475701103404136","roller_coaster"
"10.9906023435761","1.22983898632584","0.394913325191871","1.75251850027665","0.990602343576095","0.113228994610568","0.9562","0.496738706437842","0.515402415648873","0.608973503964378","0.3503476451425","0.513270956727574","roller_coaster"
"11.0109114407119","1.2288369325731","0.395450561900791","1.71419738538333","1.01091144071186","0.117808151128919","0.9542","0.491249837543493","0.504155773059904","0.621116676173832","0.62955083176542","0.458510127135326","roller_coaster"
"11.0229768321924","1.23241017280656","0.393553743997577","1.69862443478501","1.02297683219235","0.120163952080335","0.952","0.491160492549248","0.505702717551874","0.634483089849464","0.697152306339802","0.475701103404136","roller_coaster"
"10.995020586831","1.22838337549061","0.395081404405298","1.74713438752976","0.995020586831013","0.115047617686499","0.957","0.493354191331227","0.49490626995854","0.607013956447949","0.586833671440736","0.496331701413863","roller_coaster"
"10.9647860922872","1.24614837826754","0.382052459274947","1.80843772909286","0.96478609228725","0.117474830160646","0.9652","0.507194064260319","0.5177762276739","0.613335016020134","0.716116985904773","0.486585626969321","roller_coaster"
"10.9848138960238","1.2356520824091","0.39079913058834","1.76767045127492","0.984813896023771","0.11655433888267","0.9598","0.497262486579829","0.516821808036265","0.609472663421611","0.640935543124381","0.486572912953278","roller_coaster"
"10.9756597195282","1.22388296601095","0.399742747875891","1.77061410251004","0.975659719528215","0.108598402712623","0.9584","0.4947789374238","0.444226187188178","0.582617690538952","0.379856877248137","0.62195949845781","roller_coaster"
"10.9805842463369","1.21999905875696","0.402207567181811","1.76115669309261","0.980584246336939","0.109254473161897","0.9592","0.485507638069109","0.504253930734309","0.570080911354812","0.500811733298177","0.504853823816696","roller_coaster"
"11.0249118950549","1.22248699909429","0.398099230968468","1.69041506566723","1.02491189505494","0.117547104056153","0.951","0.485844137709423","0.499429811822572","0.61985810078694","0.620573376927854","0.506125287485934","roller_coaster"
"10.9799199892057","1.22702704701296","0.397882564036187","1.77127769452052","0.979919989205728","0.111285799702358","0.9596","0.493509934120288","0.495496739838975","0.588718084605443","0.479222901770448","0.476187968384968","roller_coaster"
"10.9814113684053","1.22196530665088","0.401172459489843","1.76475102539272","0.981411368405294","0.108894241719232","0.9586","0.488726303450454","0.490759049533199","0.575313459782445","0.430774565203992","0.476315899971348","roller_coaster"
"10.973183909773","1.2298752453131","0.393461053838493","1.78492479741164","0.973183909773011","0.112903726410253","0.9616","0.496869968592577","0.495844150963852","0.593005270539535","0.57868260195835","0.48905308292499","roller_coaster"
"10.9846989877259","1.22591141084431","0.398176138775729","1.76411480157029","0.984698987725917","0.111027145386542","0.9584","0.493445550644504","0.476088469640112","0.591381986050543","0.45435120571151","0.483205759955639","roller_coaster"
"11.0051236366704","1.22003640288524","0.401863905224326","1.72362697468569","1.00512363667039","0.112415973887706","0.9546","0.482894337693307","0.497187486088328","0.589643701929138","0.547492360712821","0.473040653246459","roller_coaster"
"11.0210790862942","1.22316465277341","0.398110070989635","1.6958963601732","1.02107908629419","0.11693393283093","0.9512","0.485308318044768","0.523164829711126","0.614955477760315","0.555233341619045","0.502568722513533","roller_coaster"
"10.9234219657744","1.2363680651872","0.391537939678912","1.85935361215796","0.923421965774415","0.108372948547206","0.9684","0.508680176800474","0.500409056264218","0.568207541352244","0.485166981703658","0.477214190364632","roller_coaster"
"10.9910749739134","1.22256441483388","0.400614682204114","1.74718823088535","0.99107497391337","0.110623875876855","0.956","0.488129397578189","0.49086464480359","0.586233120169332","0.440790096813655","0.485615024864033","roller_coaster"
"10.9660799451709","1.23008011276865","0.39596077546113","1.7994376319587","0.966079945170866","0.109682874545971","0.9624","0.499677135765223","0.49069539822828","0.585066338989752","0.374153545293288","0.678261486165748","roller_coaster"
"10.963342217793","1.23207653808731","0.391707826714227","1.8030529663413","0.963342217792975","0.111890470976694","0.9646","0.499645575560896","0.532864576930941","0.586153316885108","0.481205114069335","0.489217524167826","roller_coaster"
"11.0129192344687","1.23152835152162","0.394861711462962","1.71268711757603","1.01291923446869","0.116037603286693","0.953","0.4961841462631","0.487959416936469","0.628897066812139","0.410909860537726","0.487480309512864","roller_coaster"
"10.9660799451709","1.23008011276865","0.39596077546113","1.7994376319587","0.966079945170866","0.109682874545971","0.9624","0.499677135765223","0.49069539822828","0.585066338989752","0.374153545293288","0.678261486165748","roller_coaster"
"10.9691336684711","1.23180728319255","0.3933171430862","1.79650262246505","0.969133668471144","0.112300240307044","0.9628","0.499918398342861","0.502214239201154","0.593672383201436","0.504251887666883","0.491305664867407","roller_coaster"
"10.9678989219193","1.2260076828602","0.398621892875897","1.77207861500167","0.967898921919343","0.106560135042015","0.957","0.499897409634214","0.140669456683099","0.585072515247016","0.646083780038789","0.484572846917843","roller_coaster"
"11.0229768321924","1.23241017280656","0.393553743997577","1.69862443478501","1.02297683219235","0.120163952080335","0.952","0.491160492549248","0.505702717551874","0.634483089849464","0.697152306339802","0.475701103404136","roller_coaster"
"10.9676784503405","1.22855779260049","0.396859767503235","1.79553556124605","0.967678450340477","0.109185438883437","0.961","0.500090400867555","0.466087289015303","0.586622928509966","0.357647399879812","0.476940727375862","roller_coaster"
"10.9635092817737","1.22975925598582","0.396773707118378","1.80093999751937","0.963509281773672","0.109969414935789","0.9634","0.498230236427604","0.505848205109583","0.580343428036288","0.428528857589051","0.602842358169887","roller_coaster"
"10.9725407124817","1.22792511290419","0.397051250475146","1.78648269409882","0.972540712481718","0.111005032944167","0.962","0.496946041156725","0.437640016976763","0.587953103194105","0.678566693419573","0.478726852677956","roller_coaster"
"10.9856744606674","1.22458721158634","0.39939185562515","1.7593925578311","0.985674460667446","0.110198159676563","0.9578","0.491348330039412","0.490766916894434","0.585753001422124","0.405573664879959","0.501721942937706","roller_coaster"
"10.9893084128655","1.22306226723226","0.400434985150821","1.74913471561726","0.989308412865466","0.110370234237065","0.9558","0.488396096306521","0.501796010152881","0.58502471025385","0.404828664378202","0.581633698208194","roller_coaster"
"10.9854704468324","1.2386318013102","0.388653916044335","1.77162942264883","0.985470446832391","0.117244691662489","0.9604","0.497126300085521","0.523567247475832","0.610687595311921","0.709610128733421","0.486558004509779","roller_coaster"
"10.9674882898755","1.22824097822988","0.397564177119572","1.78311375541682","0.967488289875499","0.108400530663348","0.9594","0.499853735099766","0.464444809712826","0.585066898241268","0.277973299380392","0.551217134643169","roller_coaster"
"10.9708541504869","1.2305360790125","0.393214475090179","1.78884616081107","0.970854150486917","0.11298706919305","0.9622","0.497290448151847","0.495150626257534","0.591839100186789","0.596783477608249","0.510119513150157","roller_coaster"
"10.9689502616891","1.22587830093628","0.398693794590974","1.77117737900167","0.968950261689132","0.106486628773833","0.957","0.49972081029967","0.138135377084836","0.585071955995499","0.391132603425624","0.611617198440422","roller_coaster"
"11.0051236366704","1.22003640288524","0.401863905224326","1.72362697468569","1.00512363667039","0.112415973887706","0.9546","0.482894337693307","0.497187486088328","0.589643701929138","0.547492360712821","0.473040653246459","roller_coaster"
"11.0129192344687","1.23152835152162","0.394861711462962","1.71268711757603","1.01291923446869","0.116037603286693","0.953","0.4961841462631","0.487959416936469","0.628897066812139","0.410909860537726","0.487480309512864","roller_coaster"
"11.0050572743246","1.22932034284232","0.395626901881361","1.72151417751479","1.0050572743246","0.11535787834967","0.9544","0.494921597119503","0.489039796838427","0.618542083897443","0.454404369245017","0.494137746893946","roller_coaster"
"10.9731190455447","1.22797487617197","0.397137066036478","1.78408109208075","0.97311904554467","0.110144953891014","0.961","0.496458203304","0.490793126137435","0.58554645773696","0.409369977226984","0.662154568092074","roller_coaster"
"11.0022091815382","1.22967596448241","0.394727840829274","1.72902451490772","1.00220918153818","0.116024165967662","0.9556","0.494616740474824","0.493825890056582","0.617368939362645","0.543339162733445","0.489674264032781","roller_coaster"
"10.9915269530501","1.23328020636748","0.393102532539833","1.75313270542706","0.991526953050125","0.11664930366829","0.958","0.49604558805556","0.491318127857438","0.611910567332389","0.676855894691943","0.476037490868533","roller_coaster"
"11.0163514843441","1.22371902148188","0.399183838084807","1.69957342553081","1.01635148434409","0.11411256869631","0.9504","0.488230825322798","0.494974583793318","0.613085339589903","0.397943444612892","0.674267260501525","roller_coaster"
"6.02598962165923","1.22574203401207","0.400920789381918","1.68308791013919","1.02598962165923","0.112927524428653","0.9466","0.494111861026737","0.20873215725821","0.631602501902374","0.664669392959017","0.481547097644023","roller_coaster"
"11.0015213073709","1.22709224803307","0.39617070219709","1.73392702657574","1.00152130737087","0.115285330598992","0.9562","0.490301270696259","0.502875461541833","0.605298600357966","0.594506483051408","0.485671638835273","roller_coaster"
"10.9553356335139","1.22815549852799","0.397752294498669","1.80754284721262","0.955335633513858","0.108671337135719","0.9642","0.496788677527811","0.493153318809708","0.570122540090713","0.470136614213263","0.601481611774249","roller_coaster"
"11.0229768321924","1.23241017280656","0.393553743997577","1.69862443478501","1.02297683219235","0.120163952080335","0.952","0.491160492549248","0.505702717551874","0.634483089849464","0.697152306339802","0.475701103404136","roller_coaster"
"11.0229768321924","1.23241017280656","0.393553743997577","1.69862443478501","1.02297683219235","0.120163952080335","0.952","0.491160492549248","0.505702717551874","0.634483089849464","0.697152306339802","0.475701103404136","roller_coaster"
"11.0249118950549","1.22248699909429","0.398099230968468","1.69041506566723","1.02491189505494","0.117547104056153","0.951","0.485844137709423","0.499429811822572","0.61985810078694","0.620573376927854","0.506125287485934","roller_coaster"
"10.9966977724554","1.22786363552622","0.396521072071426","1.74135698513017","0.996697772455383","0.112843845964618","0.9544","0.495205305361242","0.480471878709739","0.609195451027041","0.377943811527671","0.476604339911465","roller_coaster"
"11.0210790862942","1.22316465277341","0.398110070989635","1.6958963601732","1.02107908629419","0.11693393283093","0.9512","0.485308318044768","0.523164829711126","0.614955477760315","0.555233341619045","0.502568722513533","roller_coaster"
"11.0010021965185","1.23600265383637","0.389643591269977","1.73577536111145","1.00100219651852","0.11939085575657","0.9566","0.496896014567752","0.52068807157352","0.627555193386012","0.648601414097531","0.486528247236786","roller_coaster"
"10.9924335962299","1.21937908960263","0.403153502095362","1.74044976648641","0.992433596229912","0.110042805825736","0.956","0.481999308001543","0.527025718288477","0.574048452036416","0.462427541758821","0.485207996678411","roller_coaster"
"11.0044836913559","1.23417067931571","0.391393983837682","1.73011728676212","1.00448369135593","0.118769417211475","0.9556","0.492428080309596","0.522696782693326","0.619894042838314","0.696756691851025","0.505711731471677","roller_coaster"
"10.9655716642186","1.23572158121101","0.390049615976074","1.80651964058925","0.965571664218632","0.113306431840388","0.9638","0.504146849683296","0.506858193929509","0.601849960131119","0.50446453143365","0.48430327142187","roller_coaster"
"11.0210790862942","1.22316465277341","0.398110070989635","1.6958963601732","1.02107908629419","0.11693393283093","0.9512","0.485308318044768","0.523164829711126","0.614955477760315","0.555233341619045","0.502568722513533","roller_coaster"
"11.0214238463657","1.22763559455412","0.395550525320369","1.69972193501533","1.0214238463657","0.118993984683082","0.9522","0.490175885473272","0.504166540142334","0.628734183224947","0.6410926847834","0.486926894807543","roller_coaster"
"10.9578053365702","1.23714130789185","0.389468002663611","1.81530754752857","0.957805336570194","0.113305862254398","0.9658","0.505022191142249","0.505765410935656","0.594269535831499","0.56240059966702","0.48652901299808","roller_coaster"
"10.9768319520409","1.23455939594775","0.391404308245791","1.77642691188476","0.976831952040943","0.115143703817308","0.9612","0.496557148697311","0.506414773583366","0.600203140494457","0.690875356241571","0.478470323932419","roller_coaster"
"10.5424005320584","0.857818919195582","0.433922831460243","2.13886084750678","0.542400532058438","0.150418348545165","0.9898","0.8","0.7","0.5","0.4","0.4","05_05"
"10.5424005320584","0.857818919195582","0.433922831460243","2.13886084750678","0.542400532058438","0.150418348545165","0.9898","0.8","0.7","0.5","0.4","0.4","05_05"
"0.0345391287142457","0.0744495605126471","0.693891166032009","0.0035574155886611","0.0345391287142457","0.287219919644711","0.0398","0.2655086631421","0.380035179434344","0.79423986072652","0.0706790471449494","0.34668348915875","05_05"
"5.54301980316208","0.415428913859026","0.602375275685253","1.04784099652088","0.543019803162077","0.0752125297523762","0.672","0.37212389963679","0.777445221319795","0.107943625887856","0.0994661601725966","0.333774930797517","05_05"
"5.90288283948621","0.597350143524242","0.541641586974959","1.04183728736803","0.902882839486208","0.212579708492574","0.7802","0.572853363351896","0.934705231105909","0.723710946040228","0.31627170718275","0.476351245073602","05_05"
"10.4512695023367","0.768454055177798","0.461610407029625","2.16406587989027","0.451269502336674","0.100779309836913","0.9944","0.908207789994776","0.212142521282658","0.411274429643527","0.518634263193235","0.892198335845023","05_05"
"0.0419716429881317","0.0606771415379712","0.694804942070573","0.0045731855828555","0.0419716429881317","0.299173062253532","0.095","0.201681931037456","0.651673766085878","0.820946294115856","0.662005076417699","0.864339470630512","05_05"
"10.4667006027224","0.82046256268088","0.431228850552908","2.22035621654674","0.466700602722373","0.114512796529245","0.998","0.898389684967697","0.125555095961317","0.647060193819925","0.406830187188461","0.389989543473348","05_05"
"10.370737070172","0.988023164218655","0.37340173777857","2.49496675186107","0.37073707017199","0.147356690991232","1","0.944675268605351","0.267220668727532","0.78293276228942","0.912875924259424","0.777320698834956","05_05"
"5.75070664614914","0.61974147030325","0.528252470546439","1.45554705870541","0.750706646149145","0.13419449827804","0.8964","0.660797792486846","0.386114092543721","0.553036311641335","0.293603372760117","0.960617997217923","05_05"
"5.76875031905619","0.516528419962038","0.561331427480519","1.18732055173787","0.768750319056193","0.114987376962014","0.8074","0.62911404389888","0.0133903331588954","0.529719580197707","0.459065726259723","0.434659484773874","05_05"
"0.0144240763570534","0.0312774806901759","0.695870188678365","0.00152702789556313","0.0144240763570534","0.325467250059618","0","0.0617862704675645","0.382387957070023","0.789356231689453","0.332394674187526","0.712514678714797","05_05"
"5.48327371837764","0.447244336451988","0.589284363728911","1.33986734816212","0.483273718377644","0.0726770584321155","0.7318","0.205974574899301","0.86969084572047","0.023331202333793","0.65087046707049","0.399994368897751","05_05"
"0.0350633067097223","0.0848124585344811","0.705383427625228","0.00368576515168233","0.0350633067097223","0.26702927201216","0.0286","0.176556752528995","0.34034899668768","0.477230065036565","0.258016780717298","0.325352151878178","05_05"
"5.80510409811604","0.704791511785019","0.494744914935845","1.4743105776158","0.805104098116042","0.175152400879005","0.9168","0.687022846657783","0.482080115471035","0.7323137386702","0.478545248275623","0.757087148027495","05_05"
"0.591783691109833","0.328921610120787","0.633474466043833","0.548974229261405","0.591783691109833","0.262218382019499","0.5196","0.384103718213737","0.599565825425088","0.692731556482613","0.766310670645908","0.202692255144939","05_05"
"10.6055845018725","0.666592681781675","0.495775676321072","1.81700416695335","0.605584501872545","0.107909834289557","0.9596","0.769841419998556","0.493541307048872","0.477619622135535","0.0842469143681228","0.711121222469956","05_05"
"0.697442953494613","0.377905088710769","0.619790398864645","0.452032541118495","0.697442953494613","0.222500063952368","0.4584","0.497699242085218","0.186217601411045","0.8612094768323","0.875321330036968","0.121691921027377","05_05"
"10.6145157516141","0.771355013697007","0.47397669923926","1.9139650182306","0.614515751614142","0.146006269582682","0.9716","0.717618508264422","0.827373318606988","0.438097107224166","0.339072937844321","0.245488513959572","05_05"
"10.3308761435835","1.04943908131567","0.351488570216254","2.58722427893705","0.330876143583524","0.196816341606481","0.9998","0.991906094830483","0.668466738192365","0.244797277031466","0.839440350187942","0.14330437942408","05_05"
"0.506650578119341","0.330216454505774","0.632572956204384","0.376358392884154","0.506650578119341","0.0819535954837604","0.459","0.1","0.1","0.1","0.1","0.1","05_05"
"0.327291055353397","0.272403030667701","0.652175602889051","0.0389682618151084","0.327291055353397","0.155768334535099","0.3526","0.2","0.2","0.2","0.2","0.2","05_05"
"0.399672849496366","0.277499364154781","0.652563313519939","0.166604588042177","0.399672849496366","0.149212807587345","0.3412","0.3","0.3","0.3","0.3","0.3","05_05"
"0.622043456416214","0.346024127151597","0.631755684826738","0.636645921286773","0.622043456416214","0.145279216994277","0.5556","0.4","0.4","0.4","0.4","0.4","05_05"
"0.759681382967169","0.47645162731673","0.59143250602054","0.983730061676382","0.759681382967169","0.163112718445809","0.736","0.5","0.5","0.5","0.5","0.5","05_05"
"5.83277211759277","0.62872746611195","0.527101649477116","1.30235154716013","0.832772117592772","0.187311897060781","0.8664","0.6","0.6","0.6","0.6","0.6","05_05"
"10.7544485210765","0.796150024058514","0.453143628014669","1.70219551819789","0.754448521076465","0.205565533848704","0.951","0.7","0.7","0.7","0.7","0.7","05_05"
"10.574388956755","0.981464732037087","0.374595370092911","2.16098336149293","0.574388956755027","0.227317661383377","0.9936","0.8","0.8","0.8","0.8","0.8","05_05"
"10.3697986824453","1.14958480261262","0.291388316399066","2.61911007068263","0.36979868244529","0.258151590246051","1","0.9","0.9","0.9","0.9","0.9","05_05"
"10.1861471407246","1.30964556689852","0.214884019541442","2.95420265058603","0.186147140724635","0.29984997369851","1","1","1","1","1","1","05_05"
"10.6768049364819","0.801414681045577","0.456792162937224","1.83106690059169","0.676804936481948","0.183543739241968","0.9666","0.702671689540148","0.7","0.551576068578288","0.689362981892191","0.53047716638539","05_05"
"10.3570145467764","0.96475891519253","0.387692175675014","2.48329570179566","0.357014546776395","0.151631816654722","0.9998","0.984490334282725","0.690959463124252","0.270513810712672","0.421838015236847","0.174574465625393","05_05"
"10.4747362570425","0.737510569920224","0.474690260324546","2.09518032711663","0.47473625704246","0.0984554786359479","0.987","0.88015089897596","0.581534716086196","0.318938577223015","0.112775987517102","0.503356680874832","05_05"
"10.7544485210765","0.796150024058514","0.453143628014669","1.70219551819789","0.754448521076465","0.205565533848704","0.951","0.7","0.7","0.7","0.7","0.7","05_05"
"10.6145157516141","0.771355013697007","0.47397669923926","1.9139650182306","0.614515751614142","0.146006269582682","0.9716","0.717618508264422","0.827373318606988","0.438097107224166","0.339072937844321","0.245488513959572","05_05"
"5.77471635127976","0.738873324866191","0.479353468269077","1.59011804072144","0.774716351279758","0.178668757545905","0.9352","0.701804967345959","0.590440816718992","0.728511950992243","0.425478981059964","0.5718928074983","05_05"
"10.7341217797602","0.762620947075219","0.473811530468173","1.69303735875555","0.734121779760223","0.170154561198925","0.958","0.735849856402409","0.353098593899067","0.743782445851295","0.910059893719453","0.534145259660763","05_05"
"0.649328200895851","0.366225375826261","0.618365362770921","0.735224173975859","0.649328200895851","0.128089385477982","0.5984","0.425504669513952","0.287937286980738","0.371351808536709","0.474501100490235","0.606518090520123","05_05"
"10.7544485210765","0.796150024058514","0.453143628014669","1.70219551819789","0.754448521076465","0.205565533848704","0.951","0.7","0.7","0.7","0.7","0.7","05_05"
"10.58383247342","0.877624666394983","0.42079795335226","2.09232929797108","0.583832473419995","0.165432183557166","0.9896","0.797328310459852","0.7","0.648423931421712","0.410637018107809","0.56952283361461","05_05"
"10.3510484902198","1.01337005456705","0.368402127632359","2.53844149823748","0.351048490219758","0.184927347298469","0.9998","0.974815209292191","0.607438439985423","0.299015876455184","0.789695526500188","0.240632240281713","05_05"
"10.5678495802952","0.820012949207167","0.449467111858572","2.06541743897134","0.567849580295165","0.145560616520278","0.9844","0.785217879311824","0.591639298752044","0.503801787677957","0.453066267215658","0.585194340529195","05_05"
"10.5782161200153","0.889659666986925","0.415527612215919","2.11434918019627","0.578216120015311","0.169972075297079","0.9906","0.8","0.708568309037946","0.659662299999036","0.436732341814786","0.560902686510235","05_05"
"10.370737070172","0.988023164218655","0.37340173777857","2.49496675186107","0.37073707017199","0.147356690991232","1","0.944675268605351","0.267220668727532","0.78293276228942","0.912875924259424","0.777320698834956","05_05"
"10.6035263834626","0.737093498587427","0.481791833874529","1.89911153035842","0.60352638346263","0.129067733982356","0.971","0.755570362844359","0.494116370824178","0.484673539612538","0.349274163503751","0.0222068231087178","05_05"
"5.86109940934837","0.597180639122793","0.540383458499075","1.15562679927551","0.861099409348371","0.192053014603604","0.8176","0.573139384555295","0.788155138493877","0.62418790377836","0.364043390128051","0.443968985573786","05_05"
"10.5335232611573","0.966298734791491","0.382837570953642","2.22004645990624","0.533523261157333","0.206713296298978","0.993","0.8","0.791431690962054","0.640337700000964","0.763267658185214","0.639097313489765","05_05"
"5.79149613240884","0.678667902560105","0.504809854352105","1.45654427694582","0.791496132408837","0.180044404882621","0.9074","0.623926322407793","0.914758868607962","0.581140349463847","0.352359972054411","0.470799280788662","05_05"
"5.88830332588162","0.604986975899066","0.536324165431894","1.12374123137206","0.888303325881621","0.217762648055837","0.8044","0.592929130416679","0.513687900253553","0.731881872920738","0.769126701185879","0.445867694319132","05_05"
"5.81602093579377","0.6094226007563","0.534875844351836","1.31483679687841","0.816020935793771","0.163976579217915","0.8628","0.614271057154197","0.599424936224694","0.592946082522997","0.334972750864372","0.67962285155493","05_05"
"10.370737070172","0.988023164218655","0.37340173777857","2.49496675186107","0.37073707017199","0.147356690991232","1","0.944675268605351","0.267220668727532","0.78293276228942","0.912875924259424","0.777320698834956","05_05"
"10.4203313769408","0.954285827497967","0.394482410075632","2.39442709808031","0.42033137694084","0.171184187330194","0.9974","0.88159661585308","0.580473329155041","0.403478321943987","0.810911277038964","0.351068921019204","05_05"
"10.5608471224633","0.894131327080266","0.414445327909254","2.13935942679887","0.560847122463276","0.164589991337187","0.9914","0.799713978796601","0.846550092612032","0.599523042261868","0.352228317054699","0.432382259499816","05_05"
"10.4943948187452","0.921869341027719","0.404147531634378","2.25884193374237","0.494394818745235","0.182928066157377","0.9938","0.807415760547758","0.677507275068113","0.474283466318794","0.817602334951096","0.368729913798687","05_05"
"10.4279147393565","0.892928086439139","0.419837986160301","2.31736819655317","0.427914739356496","0.129504461559415","0.9988","0.911602546324776","0.302776981431188","0.542364959291162","0.79252381285353","0.404464667240477","05_05"
"10.5303371429875","0.945543533087828","0.393792658945178","2.23428522642592","0.530337142987509","0.182618514367924","0.9952","0.833072722280576","0.664443687296344","0.740567802998258","0.520352111405894","0.772856031594478","05_05"
"10.4314985353683","0.794681690755974","0.460683174615348","2.21976491875369","0.431498535368278","0.10456280212625","0.996","0.925298675533068","0.2731708194896","0.357055830219809","0.56837908688099","0.794870474987391","05_05"
"10.4665409187832","0.700508735055557","0.49518506624103","2.03907458450829","0.466540918783238","0.0948346403648059","0.9738","0.854827020117614","0.701650455621715","0.147866246994674","0.143599322875596","0.619455176122418","05_05"
"10.574388956755","0.981464732037087","0.374595370092911","2.16098336149293","0.574388956755027","0.227317661383377","0.9936","0.8","0.8","0.8","0.8","0.8","05_05"
"10.6595751022909","0.815947695745211","0.450791550369575","1.86911277001395","0.659575102290851","0.165709559589597","0.973","0.748927040944103","0.719946362497947","0.642570596576381","0.363911735128339","0.40555196428494","05_05"
"5.76607856823707","0.763236460603076","0.466350838046353","1.64176466428374","0.76607856823707","0.196334113878994","0.941","0.691883854781418","0.752583439578805","0.705222188057728","0.492334757589344","0.659440495265539","05_05"
"10.5782161200153","0.889659666986925","0.415527612215919","2.11434918019627","0.578216120015311","0.169972075297079","0.9906","0.8","0.708568309037946","0.659662299999036","0.436732341814786","0.560902686510235","05_05"
"10.3150894326214","1.14828633838916","0.295194925754601","2.69506616012301","0.315089432621448","0.231844265097618","1","0.944675268605351","0.743514884263277","0.78293276228942","0.912875924259424","0.777320698834956","05_05"
"10.4296171235183","0.962455765827602","0.38355250956923","2.41151985126892","0.429617123518312","0.169095825666754","0.9978","0.879196568485466","0.643251566228596","0.523899380653613","0.590389016848754","0.509642460448171","05_05"
"10.4947814718367","0.939029321020879","0.392694982479837","2.27623111522674","0.494781471836669","0.178233306279668","0.9956","0.83547276964819","0.601665450222789","0.620146744288632","0.740874371596103","0.614282492165511","05_05"
"10.6011590778819","0.861433489628915","0.429796348469535","2.02588357702421","0.601159077881892","0.159284639032054","0.9884","0.807325375041","0.466923136959535","0.759434231361937","0.440727591378054","0.658625061004356","05_05"
"10.7341217797602","0.762620947075219","0.473811530468173","1.69303735875555","0.734121779760223","0.170154561198925","0.958","0.735849856402409","0.353098593899067","0.743782445851295","0.910059893719453","0.534145259660763","05_05"
"10.6145351113475","0.844230995004254","0.433863719205301","1.99297511142127","0.614535111347514","0.167969243944729","0.9816","0.757388462242722","0.824796419212961","0.577750426749181","0.406415890149291","0.55011248356698","05_05"
"10.3856976312551","0.960282829547879","0.389523069362234","2.43983277032862","0.385697631255129","0.150816611050884","0.9998","0.930155566626594","0.649906200398666","0.429998521368723","0.424876557225808","0.253402427472026","05_05"
"10.4802228581486","0.924329166018568","0.406420076583648","2.27821486017763","0.480222858148576","0.179652304176337","0.994","0.811189157213818","0.683931918758873","0.435870450174836","0.786157756415474","0.570588437618539","05_05"
"10.7257102145168","0.795464458231672","0.453084053189835","1.75351944308334","0.7257102145168","0.192052954742286","0.961","0.714915930207966","0.7","0.681062276464338","0.576332314177073","0.675687288734104","05_05"
"10.6224632423358","0.765302259473957","0.476307820417555","1.88730467198021","0.622463242335815","0.145580971563842","0.9694","0.72052859829187","0.707463247822281","0.460255289217457","0.386903169529046","0.479191713655712","05_05"
"10.370737070172","0.988023164218655","0.37340173777857","2.49496675186107","0.37073707017199","0.147356690991232","1","0.944675268605351","0.267220668727532","0.78293276228942","0.912875924259424","0.777320698834956","05_05"
"10.5267759544241","0.857957606155157","0.438207105259774","2.16404973572917","0.526775954424089","0.155746398959359","0.9896","0.80491833738915","0.538700434564473","0.478349257572904","0.70424418899253","0.262578581211564","05_05"
"10.7201657057194","0.77006180359713","0.468189702634445","1.70926578085177","0.720165705719422","0.173671161965675","0.9572","0.714328252054453","0.700015386211416","0.65953351871889","0.3920607439446","0.557384521902725","05_05"
"10.4702832408943","0.72982737145204","0.487008900225722","2.08616205313611","0.470283240894331","0.100153308335714","0.9814","0.851053623451555","0.695225811930954","0.186279263138632","0.175043901411218","0.417596652302567","05_05"
"10.5520073744725","0.86886583159186","0.428657890990261","2.13917669135681","0.552007374472466","0.158199504067698","0.9896","0.802588705535532","0.571205928416884","0.552583187150705","0.592082183856208","0.42493707163997","05_05"
"10.5608622536026","0.939075618203554","0.396334165452764","2.16350773370618","0.560862253602586","0.197708518543677","0.993","0.802863380972031","0.751063728712685","0.699748951182681","0.619362617676303","0.753316184822024","05_05"
"10.6255247643705","0.802847358707469","0.456650486424626","1.94799445102062","0.625524764370455","0.155082577336857","0.9764","0.75613973500209","0.631494079444577","0.569027240336193","0.422440439071003","0.493064845651667","05_05"
"10.4053766476864","0.981679613359054","0.375495573425599","2.43821824054938","0.405376647686357","0.163857288834516","0.9992","0.908727819585845","0.578121145626336","0.589304814402325","0.552669946052022","0.411909855100323","05_05"
"10.5981616334381","0.879351965294279","0.418474394707157","2.03817157765848","0.598161633438053","0.180127591345586","0.9862","0.782412380251886","0.7","0.667361654957374","0.534304703930736","0.593835544880506","05_05"
"10.5871388515175","0.798599517002557","0.457700468697265","2.00585579788533","0.587138851517537","0.146741701381353","0.9786","0.758067786002967","0.632923211327818","0.480607748358427","0.462632309462317","0.128358155695841","05_05"
"10.5782161200153","0.889659666986925","0.415527612215919","2.11434918019627","0.578216120015311","0.169972075297079","0.9906","0.8","0.708568309037946","0.659662299999036","0.436732341814786","0.560902686510235","05_05"
"10.6790639989577","0.833034840576606","0.439385595087272","1.87106237756881","0.67906399895774","0.192423371486266","0.9722","0.731070132192381","0.712483114675666","0.640035884254224","0.666371547491484","0.456837417014618","05_05"
"10.7544485210765","0.796150024058514","0.453143628014669","1.70219551819789","0.754448521076465","0.205565533848704","0.951","0.7","0.7","0.7","0.7","0.7","05_05"
"10.3598876970232","1.05121031727974","0.345916437380358","2.54913745857271","0.359887697023212","0.18844532825012","1","0.937349893564352","0.508865840805943","0.683160830926518","0.908880674696157","0.679598324340835","05_05"
"10.6043652890161","0.809133710771705","0.454359238507309","1.9939187515348","0.604365289016125","0.150021784145668","0.9792","0.760230046021701","0.711145208431973","0.520008980474021","0.369389389509816","0.256278716902826","05_05"
"10.5060739950449","0.963873853227731","0.384299137620922","2.28420939739614","0.506073995044948","0.193041691688278","0.9958","0.830209341308544","0.704811649545712","0.681156551816541","0.664257151914805","0.65863716026222","05_05"
"10.4849452382168","0.928006321501506","0.399798507419706","2.27778694400067","0.484945238216845","0.153160744993146","0.9984","0.873705907614005","0.389972658385825","0.767977995118669","0.527826425717609","0.774914766613895","05_05"
"10.4030122712441","1.04167118179961","0.347581723994391","2.49489193061122","0.403012271244116","0.194160070144112","1","0.904042083271922","0.54169169763805","0.755522570169008","0.905401609947709","0.77526196381554","05_05"
"10.6308568687771","0.75662607704247","0.474717217992127","1.87516681100739","0.630856868777113","0.140011642090162","0.9726","0.75613973500209","0.631494079444577","0.569027240336193","0.239086773013696","0.493064845651667","05_05"
"10.586474600279","0.888486100077137","0.416833393278865","2.08383211250454","0.586474600278989","0.186392872127163","0.9858","0.770761788925402","0.69878924812454","0.584580143145565","0.716640047478646","0.575626266738485","05_05"
"10.7096047450206","0.796493710577504","0.454789124343649","1.77640487024603","0.709604745020572","0.182844834311976","0.964","0.71950075312986","0.702895974247115","0.660029690665847","0.524954053295838","0.611335857377253","05_05"
"10.648315426767","0.78690522102774","0.460660322657527","1.84291035049351","0.648315426766978","0.166516903442692","0.9686","0.718293762620323","0.700658813872874","0.535934173537331","0.513426506329014","0.511531145605071","05_05"
"10.7201657057194","0.77006180359713","0.468189702634445","1.70926578085177","0.720165705719422","0.173671161965675","0.9572","0.714328252054453","0.700015386211416","0.65953351871889","0.3920607439446","0.557384521902725","05_05"
"10.4621707193096","0.905833689191424","0.410171599038629","2.29601191759666","0.462170719309589","0.145995806243743","0.997","0.866468590285643","0.619862943262496","0.539116177701271","0.377530685672162","0.435317811399409","05_05"
"10.5310381658713","0.77490639288213","0.461622328538105","2.07589441070559","0.531038165871314","0.119866696587121","0.9858","0.813740996011019","0.655380892318152","0.405289482400121","0.209832572582349","0.439427462566395","05_05"
"10.3887320379327","1.0501063218035","0.34424472102046","2.53319795112587","0.388732037932732","0.200202460794843","0.9998","0.900513075203955","0.733855032104573","0.573730156038702","0.758472024345402","0.347580706816993","05_05"
"10.4223486722924","0.994697036597981","0.370275289624595","2.44231947438089","0.422348672292402","0.178987207149017","0.9992","0.894234692853167","0.513463551647352","0.631220271354705","0.874003333286876","0.3159154588708","05_05"
"10.4816345323152","0.917755718075727","0.403856801803218","2.2815097036659","0.481634532315212","0.152087307720606","0.997","0.861537082441034","0.537742049098697","0.62916243832902","0.474059539143739","0.252888491456316","05_05"
"10.7544485210765","0.796150024058514","0.453143628014669","1.70219551819789","0.754448521076465","0.205565533848704","0.951","0.7","0.7","0.7","0.7","0.7","05_05"
"10.6158927618218","0.85833401541294","0.432491769674262","1.97172265007998","0.615892761821752","0.183740766016506","0.9794","0.740427368288416","0.685142670634333","0.551290307029271","0.769517708936828","0.694962170880054","05_05"
"10.7341217797602","0.762620947075219","0.473811530468173","1.69303735875555","0.734121779760223","0.170154561198925","0.958","0.735849856402409","0.353098593899067","0.743782445851295","0.910059893719453","0.534145259660763","05_05"
"10.6790639989577","0.833034840576606","0.439385595087272","1.87106237756881","0.67906399895774","0.192423371486266","0.9722","0.731070132192381","0.712483114675666","0.640035884254224","0.666371547491484","0.456837417014618","05_05"
"10.4402432117924","0.963778452667606","0.383523041237785","2.38483436867699","0.440243211792386","0.167121237978794","0.9988","0.888499360060955","0.446370143967311","0.669067158544268","0.803340926117585","0.609289887739411","05_05"
"10.5654739856404","0.855530709502132","0.435361163951876","2.10242824564526","0.565473985640391","0.163158268044444","0.9862","0.78407514120587","0.57716841627733","0.534524703587363","0.664120671362158","0.541809565633205","05_05"
"10.4696460873855","0.928049187336781","0.398533240673271","2.30857969457842","0.469646087385458","0.155725267509595","0.9974","0.867735261577846","0.499739712037503","0.639621854006895","0.570808332790629","0.494567480305503","05_05"
"10.7544485210765","0.796150024058514","0.453143628014669","1.70219551819789","0.754448521076465","0.205565533848704","0.951","0.7","0.7","0.7","0.7","0.7","05_05"
"10.5564783762112","0.891648433367301","0.411338023369338","2.16203632981006","0.556478376211177","0.171636134899334","0.9916","0.803255576435166","0.661532018287143","0.611186208942916","0.574428221561108","0.314604560458865","05_05"
"10.5874371878577","0.861367433333229","0.431660036296052","2.05539387513397","0.587437187857703","0.155708354545421","0.9892","0.808559351571691","0.461438874765206","0.680939328262479","0.549100276783188","0.705284357948361","05_05"
"10.6245165210478","0.802681218599947","0.457448993436175","1.94247016749076","0.624516521047845","0.151332073043734","0.9778","0.770236611175939","0.485153820614946","0.619423305148077","0.516399196036187","0.65038443085342","05_05"
"10.514979341336","0.803761985688663","0.456480459995698","2.12513623505488","0.514979341335976","0.13340188637638","0.986","0.793452362442625","0.671338999057379","0.350017021074703","0.387651767899872","0.471234035387839","05_05"
"10.5439901615066","0.870939673741906","0.42645913190246","2.14886227679322","0.543990161506624","0.158834761738599","0.9898","0.799887166972873","0.64264113716459","0.527051195849996","0.521940658501481","0.494896577000278","05_05"
"10.4712018756117","0.920483222339385","0.407378582708688","2.28486074470827","0.471201875611718","0.163363798954643","0.9962","0.848033538100335","0.534102723723064","0.530289817144717","0.73912153040181","0.6262614466816","05_05"
"10.5003302330192","0.910826345294221","0.408282605329466","2.23559451494745","0.500330233019158","0.158786673087274","0.9948","0.835449136514682","0.632104508508582","0.565875425139809","0.490888797418277","0.50781072909956","05_05"
"10.4855059522714","0.808144090572137","0.450565877861086","2.16325906375253","0.485505952271356","0.118030369073961","0.9924","0.858290940779916","0.465335527054283","0.41514108055603","0.325339641456664","0.757193607517053","05_05"
"10.6915263580408","0.782294346697667","0.464155611978184","1.78194055975611","0.691526358040802","0.17082787884003","0.964","0.717150765879513","0.706804433949407","0.605383392144464","0.449808977377106","0.643347856784745","05_05"
"10.5316136412876","0.939713151019716","0.395830015239239","2.2260190447501","0.531613641287554","0.181058422663015","0.9948","0.825036840233137","0.701931061510013","0.680660379869585","0.531363842563567","0.604685824787692","05_05"
"10.5618807221483","0.93180936711576","0.400631086820436","2.15732026100636","0.561880722148276","0.1981202052664","0.9918","0.802229979404364","0.642583063486522","0.689810354609145","0.830385908484459","0.558098147713804","05_05"
"10.376264738914","1.00360523434597","0.365517025787641","2.49494860861778","0.376264738914048","0.163693153619082","1","0.935372477029862","0.464102090988816","0.637764984398765","0.699924014990594","0.677673271543716","05_05"
"10.5254163350065","0.952635009037555","0.392691955958124","2.24835075792676","0.52541633500648","0.187823968174404","0.9952","0.829359790403025","0.662356885671859","0.713102679699659","0.636660344785584","0.346247332848048","05_05"
"10.5538210694643","0.878478868394408","0.420918888648304","2.14056322568616","0.553821069464291","0.169371763978618","0.9888","0.788511457190591","0.676137544298061","0.541802449024565","0.594882469491716","0.597752018480922","05_05"
"10.4557431090226","0.876256359125772","0.433581579030806","2.26353699531537","0.455743109022627","0.145043214736554","0.9944","0.858327264892767","0.522445665032873","0.38243088131531","0.624994756401164","0.440902161410591","05_05"
"10.5934098732245","0.835179743961999","0.440013978143396","2.03598429926702","0.593409873224516","0.15851398793805","0.9822","0.770853790250995","0.674593263650154","0.551941451197267","0.455747499254687","0.552827481236473","05_05"
"10.7544485210765","0.796150024058514","0.453143628014669","1.70219551819789","0.754448521076465","0.205565533848704","0.951","0.7","0.7","0.7","0.7","0.7","05_05"
"10.6626424754355","0.810962708766246","0.450794731877462","1.862908712979","0.662642475435475","0.169186026835793","0.9716","0.743361628776331","0.668063259725852","0.634643263371619","0.458253903191394","0.49945361766653","05_05"
"10.5912270582884","0.868582644406673","0.429217906622104","2.05448834363311","0.591227058288372","0.158452697401581","0.9894","0.808559351571691","0.461438874765206","0.707990671508014","0.549100276783188","0.705284357948361","05_05"
"10.5527302128317","0.916833827261781","0.403368545143757","2.17832364351856","0.552730212831725","0.176122913565518","0.9934","0.815240142460377","0.701320772597148","0.669139766776856","0.489158114549465","0.569688354342193","05_05"
"10.7198664250987","0.808269574740915","0.448685091638596","1.78031016848811","0.719866425098651","0.198220292810061","0.9634","0.713777352000615","0.700491466461063","0.673138610547182","0.677888172855989","0.613785936807261","05_05"
"10.5028838055337","0.897124583415183","0.415795902118451","2.2291188967916","0.502883805533721","0.14961976447069","0.996","0.851519014522403","0.47140592218294","0.62634257505542","0.540439270179857","0.655501039290058","05_05"
"10.5478576327863","0.915131181968335","0.403763972991082","2.18635151250192","0.54785763278631","0.174951543523441","0.9934","0.820600524248416","0.602961933489282","0.673382634432383","0.600602044434009","0.548743371939975","05_05"
"10.69599633959","0.809739595661691","0.447649896933125","1.81155163932724","0.695996339590011","0.18792584125014","0.968","0.723051773732543","0.701537639559114","0.649527895170715","0.605376845922794","0.508030463159828","05_05"
"10.7341217797602","0.762620947075219","0.473811530468173","1.69303735875555","0.734121779760223","0.170154561198925","0.958","0.735849856402409","0.353098593899067","0.743782445851295","0.910059893719453","0.534145259660763","05_05"
"10.5261022773052","0.92002052158248","0.401658879361776","2.21207808170854","0.52610227730521","0.171696555951125","0.9944","0.826466463958622","0.608673399030656","0.639915964791796","0.59801069738463","0.477024932771446","05_05"
"10.7046912537236","0.792600443972156","0.45824870487661","1.77894672613632","0.704691253723614","0.176671992713142","0.9648","0.722346610514291","0.710960861327967","0.650041507802399","0.45305544551329","0.506191475757515","05_05"
"10.5550850836122","0.839624189985023","0.442069538364898","2.09749920022845","0.555085083612238","0.14395834392719","0.9886","0.79916587773865","0.697068317125105","0.521272660216744","0.331945102612459","0.10102623119019","05_05"
"10.670288188634","0.781509079917866","0.464219469513886","1.8092947245351","0.670288188634009","0.171942096627887","0.965","0.708059471194721","0.700368975051019","0.545872092847936","0.544302255024157","0.645873626667023","05_05"
"10.7554870704951","0.853744912725533","0.435988673554196","1.77045558502653","0.75548707049506","0.197228905861007","0.9708","0.770236611175939","0.485153820614946","0.985662204911932","0.516399196036187","0.65038443085342","05_05"
"10.7134083906583","0.790962012641496","0.458180968185662","1.76285083661929","0.713408390658269","0.176770167772213","0.964","0.724124949827213","0.70062567512428","0.671054131811619","0.434266471958702","0.592381992348224","05_05"
"10.6834231450578","0.785993880564122","0.462204383903945","1.81176642692953","0.683423145057771","0.173683647794842","0.966","0.714575118272369","0.658312575193048","0.584016822183378","0.57788746996989","0.453143665893187","05_05"
"10.7544485210765","0.796150024058514","0.453143628014669","1.70219551819789","0.754448521076465","0.205565533848704","0.951","0.7","0.7","0.7","0.7","0.7","05_05"
"10.6158927618218","0.85833401541294","0.432491769674262","1.97172265007998","0.615892761821752","0.183740766016506","0.9794","0.740427368288416","0.685142670634333","0.551290307029271","0.769517708936828","0.694962170880054","05_05"
"10.7502602810689","0.781877576951643","0.459948992071705","1.71044736409835","0.750260281068856","0.191278672506204","0.9544","0.705723401129245","0.702404507786052","0.686891080118664","0.547065880439849","0.697549920569992","05_05"
"5.88218002980891","0.567448028040998","0.545807086882365","1.00311922282232","0.882180029808912","0.233607342016639","0.7608","0.541119189932942","0.700289838821856","0.690062080689395","0.669124251304857","0.565657518938049","05_05"
"10.6915263580408","0.782294346697667","0.464155611978184","1.78194055975611","0.691526358040802","0.17082787884003","0.964","0.717150765879513","0.706804433949407","0.605383392144464","0.449808977377106","0.643347856784745","05_05"
"10.7096047450206","0.796493710577504","0.454789124343649","1.77640487024603","0.709604745020572","0.182844834311976","0.964","0.71950075312986","0.702895974247115","0.660029690665847","0.524954053295838","0.611335857377253","05_05"
"10.4907494896757","0.930636610884087","0.399877124718827","2.27190567085223","0.490749489675736","0.161947928364073","0.9962","0.848333463084117","0.597764279765984","0.617097220820198","0.519869153438807","0.567953367938391","05_05"
"10.6121491810176","0.858619948886713","0.429762610639031","1.99463690503341","0.612149181017557","0.174308815283448","0.9824","0.772338929811605","0.603549427682513","0.639741773469323","0.639169182897483","0.474379964548675","05_05"
"10.5469475179928","0.847088021502213","0.437224123863152","2.13385353576799","0.54694751799285","0.141901226450528","0.9924","0.826694478773218","0.483537538261718","0.602958285143552","0.406761809016542","0.572648801409379","05_05"
"10.5400512449576","0.873326888855104","0.424870133887639","2.15767017340011","0.540051244957618","0.15032771005814","0.9924","0.823508927334931","0.609895895844763","0.59371293090833","0.386191692275492","0.485101130057712","05_05"
"10.644718978446","0.82937213433775","0.441359921044407","1.91143983604501","0.644718978445968","0.172252066031409","0.9768","0.757488442194395","0.618559342941948","0.640684464539322","0.541690207867402","0.605602277326789","05_05"
"0.0130561589421952","0.0275851064194836","0.684481580979133","0.00136885970450104","0.0130561589421952","0.331797038288092","0","0.0155072559136897","0.60476051862758","0.80754800794695","0.536240841914874","0.67940160863758","05_05"
"10.7544485210765","0.796150024058514","0.453143628014669","1.70219551819789","0.754448521076465","0.205565533848704","0.951","0.7","0.7","0.7","0.7","0.7","05_05"
"10.7198664250987","0.808269574740915","0.448685091638596","1.78031016848811","0.719866425098651","0.198220292810061","0.9634","0.713777352000615","0.700491466461063","0.673138610547182","0.677888172855989","0.613785936807261","05_05"
"10.7544485210765","0.796150024058514","0.453143628014669","1.70219551819789","0.754448521076465","0.205565533848704","0.951","0.7","0.7","0.7","0.7","0.7","05_05"
"10.7708001218438","0.841886476858544","0.43938998751875","1.7292712881625","0.770800121843814","0.199427704775834","0.9658","0.760253698331533","0.513156548351148","0.967614222541293","0.522619442085556","0.637710794885012","05_05"
"10.5967988774241","0.870563489662297","0.423064979194719","2.05916984755795","0.5967988774241","0.171723496925271","0.9864","0.789531373285667","0.604752146315545","0.657329474495604","0.570852938668256","0.503491647725708","05_05"
"10.552358154797","0.865522710925686","0.429280689527248","2.12614261425189","0.552358154797018","0.155868364400535","0.989","0.795830125626173","0.681403042264903","0.53265633518516","0.452572607738956","0.315521773631428","05_05"
"10.7314060191016","0.791660407498351","0.457223482816122","1.73695041888468","0.7314060191016","0.186996463945806","0.9602","0.720572744959835","0.622458532227208","0.7034237614","0.597638707187087","0.677624104531765","05_05"
"10.5571468735251","0.859978118002782","0.431987342811261","2.11193413612827","0.55714687352508","0.155945289483967","0.9884","0.790753300013866","0.696736120209434","0.529459119930047","0.434035159689212","0.328417441114554","05_05"
"10.6049147552454","0.852005684081408","0.436303520815106","2.01245830566623","0.604914755245436","0.159073280212592","0.9844","0.792569991427198","0.472750394252768","0.682497296860977","0.584041135144838","0.615163616798268","05_05"
"10.6133409693632","0.854699381560013","0.431066259249023","1.99246877588862","0.613340969363186","0.171639717853893","0.9824","0.774430779739079","0.666273046899588","0.650696423308398","0.488003008957147","0.544705341880796","05_05"
"10.5559245057134","0.873819392094574","0.422197251845689","2.13044729201498","0.555924505713385","0.160520838950929","0.9902","0.802966290559042","0.632058969930301","0.584816872061038","0.49468113359221","0.454989807289641","05_05"
"10.5916842079697","0.890633111958541","0.413259011824335","2.08664104248715","0.591684207969683","0.181935970264143","0.988","0.788478774894087","0.693010030335823","0.659261190918321","0.581274542813065","0.48275851282191","05_05"
"10.7090690758264","0.797203358401917","0.454575184509086","1.77894424203699","0.709069075826433","0.182439186547225","0.9642","0.719552175403966","0.708769166935752","0.655350593869644","0.521067677292062","0.601338100501186","05_05"
"10.5287880844199","0.895173663149872","0.415837413943293","2.19127657972403","0.528788084419943","0.153889027134826","0.9944","0.834542643728557","0.507570088204059","0.635136663293394","0.548712976948782","0.498018750043625","05_05"
"10.5527402972829","0.864857134005219","0.42809478657929","2.1313803524596","0.552740297282867","0.159257575536601","0.9886","0.791847209303068","0.691802819158263","0.530418774056148","0.474254964365219","0.383256476039684","05_05"
"10.5448178917678","0.838150928902632","0.439300613286221","2.13313937097024","0.544817891767775","0.134894347834192","0.9946","0.846336161196871","0.256077501457185","0.704308591461685","0.628386638016659","0.503729622094481","05_05"
"10.6737624799402","0.783692620205039","0.468034331836284","1.8111535304367","0.673762479940166","0.162666234339994","0.9666","0.73218642133644","0.606034618165619","0.614230091560811","0.453568999944084","0.649142287403714","05_05"
"10.5871162451837","0.877908247220388","0.419558761719766","2.09146215126408","0.587116245183699","0.168059761125213","0.989","0.801763958612472","0.539471808999062","0.677705520655197","0.62934974245209","0.641446190223858","05_05"
"5.81050686887067","0.793003648250472","0.454916288129702","1.5676840578961","0.81050686887067","0.214330907800664","0.9356","0.714163715959608","0.580393301987366","0.878114196964982","0.680158354121313","0.67098282221584","05_05"
"10.5479970204591","0.869881186979675","0.425476333937944","2.14466257125182","0.547997020459089","0.159196593877859","0.9894","0.796924034915375","0.676469741213732","0.533615989311262","0.492792412414963","0.370360808556559","05_05"
"5.80540294415534","0.746792049852155","0.470864178049595","1.56048875323411","0.805402944155343","0.164005286831691","0.947","0.755200955719012","0.114746522158384","0.976815505495586","0.512639173469209","0.644590000234451","05_05"
"10.7423646652166","0.890263867259946","0.422150710119654","1.82318577875754","0.742364665216564","0.209705885947532","0.9758","0.770853790250995","0.674593263650154","0.982425559079275","0.455747499254687","0.552827481236473","05_05"
"10.705317376409","0.804501165149996","0.452012447735588","1.79644793325834","0.705317376408954","0.180863825123037","0.9666","0.729483665974266","0.674893246510913","0.678077673036486","0.518733807246468","0.624009493345661","05_05"
"10.5977437740964","0.873298327097177","0.422713027505007","2.05055660216939","0.597743774096415","0.173557606342447","0.9858","0.788328289956098","0.592237908194951","0.665235148116361","0.604228324535832","0.564500705698769","05_05"
"10.7554870704951","0.853744912725533","0.435988673554196","1.77045558502653","0.75548707049506","0.197228905861007","0.9708","0.770236611175939","0.485153820614946","0.985662204911932","0.516399196036187","0.65038443085342","05_05"
"10.5934098732245","0.835179743961999","0.440013978143396","2.03598429926702","0.593409873224516","0.15851398793805","0.9822","0.770853790250995","0.674593263650154","0.551941451197267","0.455747499254687","0.552827481236473","05_05"
"10.6602817822755","0.788219823987932","0.461344535458527","1.84099683885616","0.660281782275481","0.162722712342453","0.9688","0.735117755048259","0.636149501107509","0.592912881030669","0.469398028653173","0.483254988661259","05_05"
"10.7065272414219","0.792915875306077","0.458503129687236","1.7714773587327","0.70652724142187","0.177200760278306","0.9644","0.722295188240185","0.705087668639331","0.654720604598602","0.456941821517066","0.516189232633582","05_05"
"10.647229297603","0.81266915108805","0.44849766500518","1.88748947992038","0.647229297603016","0.167553562033037","0.9746","0.752335316742631","0.605058576244866","0.631024405874736","0.50711076037919","0.63350752788321","05_05"
"10.666491963371","0.828713880835317","0.442559943476548","1.88029194813385","0.666491963370997","0.181740425520795","0.9726","0.744658172540433","0.656029257470837","0.655635551868124","0.563616231064155","0.544716447362006","05_05"
"10.5873046308232","0.769608113433476","0.465716711409603","1.98351346345015","0.587304630823239","0.127218090204687","0.9826","0.795405087871515","0.634567444194015","0.541048030727221","0.163083263440058","0.418224054079996","05_05"
"10.5989646508707","0.865035599605508","0.425242701628655","2.04544549483673","0.598964650870676","0.170004688863497","0.9858","0.791497892166151","0.552261480441692","0.674266543612373","0.602305800559649","0.599685607597292","05_05"
"10.7544485210765","0.796150024058514","0.453143628014669","1.70219551819789","0.754448521076465","0.205565533848704","0.951","0.7","0.7","0.7","0.7","0.7","05_05"
"10.7423646652166","0.890263867259946","0.422150710119654","1.82318577875754","0.742364665216564","0.209705885947532","0.9758","0.770853790250995","0.674593263650154","0.982425559079275","0.455747499254687","0.552827481236473","05_05"
"10.817597377364","0.837638078741969","0.437941096816191","1.6287776340381","0.817597377364021","0.224051679727379","0.9502","0.731396940598303","0.682021054712238","0.955014623931237","0.57466839669592","0.626336617553501","05_05"
"10.7045125709181","0.816181923054389","0.449490628739057","1.81311731062743","0.704512570918119","0.16967613810748","0.9722","0.770523212260276","0.413518444989279","0.826439439328761","0.515253652925529","0.632219234905034","05_05"
"10.7708001218438","0.841886476858544","0.43938998751875","1.7292712881625","0.770800121843814","0.199427704775834","0.9658","0.760253698331533","0.513156548351148","0.967614222541293","0.522619442085556","0.637710794885012","05_05"
"10.6043890249171","0.853954758407162","0.42941751302421","2.02827479691398","0.604389024917149","0.168224698274648","0.9826","0.781935521794373","0.605953351512008","0.643712651552626","0.53432858376263","0.603411196069919","05_05"
"10.7035727645412","0.829015787909914","0.438073444307503","1.831751759906","0.703572764541161","0.196145013304847","0.971","0.739456849652692","0.692572208937916","0.727410935148037","0.581079102558767","0.626490863682973","05_05"
"10.7554870704951","0.853744912725533","0.435988673554196","1.77045558502653","0.75548707049506","0.197228905861007","0.9708","0.770236611175939","0.485153820614946","0.985662204911932","0.516399196036187","0.65038443085342","05_05"
"10.6747118876784","0.795349104424693","0.4578437273433","1.82420103125102","0.674711887678434","0.174236927616623","0.9676","0.722162635501078","0.652227678730833","0.596603170341415","0.575935456580331","0.566965944289891","05_05"
"10.708477382121","0.766686768468118","0.465754100962341","1.76489383898721","0.708477382120957","0.149481983453619","0.969","0.777247734885934","0.173978471421874","0.832873363027801","0.581426655688518","0.627534382127684","05_05"
"10.6240466185723","0.839258933707756","0.438472034158964","1.96176543792034","0.624046618572306","0.167812466883852","0.9802","0.769382477879476","0.605728188236298","0.640535160181679","0.517311178233149","0.519126407246213","05_05"
"10.5967988774241","0.870563489662297","0.423064979194719","2.05916984755795","0.5967988774241","0.171723496925271","0.9864","0.789531373285667","0.604752146315545","0.657329474495604","0.570852938668256","0.503491647725708","05_05"
"10.6762482454583","0.753948786440118","0.476996718640204","1.79388359710846","0.676248245458282","0.150433916628929","0.965","0.751170853606848","0.351830365238362","0.66505231840216","0.615625645144271","0.565777595417358","05_05"
"10.6325118453101","0.847624783227429","0.434268777930066","1.94580806110185","0.632511845310137","0.17558883049831","0.9798","0.764425376149201","0.65749205578046","0.657044516497123","0.528304384896163","0.560113300864889","05_05"
"10.554586835726","0.875350490513732","0.419543609125618","2.13923315123942","0.554586835725987","0.162677277226969","0.9904","0.799408411990595","0.689294344894549","0.574187615389966","0.477571481489138","0.420022229249329","05_05"
"10.5408806912649","0.883698024466273","0.422136259507908","2.16352699646369","0.540880691264936","0.154258889086696","0.9924","0.822745576010983","0.531441377290995","0.595761862595731","0.548528003418393","0.457957862269903","05_05"
"10.5953051532756","0.882378267134254","0.416931222031522","2.07765434341003","0.595305153275625","0.176645138527651","0.9882","0.789531373285667","0.65870851976797","0.657329474495604","0.570852938668256","0.503491647725708","05_05"
"10.6048442690702","0.855614934057932","0.432025096176442","2.0192656155999","0.604844269070179","0.1638008174775","0.9838","0.789400389217146","0.512726822006027","0.673465901364964","0.585963659121022","0.579978714899745","05_05"
"10.5659731446154","0.907953256349403","0.408881846266867","2.1457592071585","0.565973144615365","0.172601827372156","0.9926","0.814717482993989","0.613016303154574","0.694606866929169","0.533828670164449","0.539290127178309","05_05"
"5.75971992286186","0.76182382204164","0.468558919547886","1.65522895662859","0.759719922861857","0.192800146310843","0.9444","0.7","0.577510603936389","0.7","0.7","0.7","05_05"
"10.6284825072515","0.88417280120246","0.417848068975346","1.96785752967583","0.628482507251483","0.205539414819179","0.9822","0.75247367734402","0.684055009505556","0.651651877903501","0.896372553892434","0.527377720397117","05_05"
"10.668891858139","0.794504778407053","0.457697417767303","1.8398233009587","0.668891858139024","0.165355614180707","0.9694","0.739782272827734","0.604833412969155","0.627846914503789","0.49009335484971","0.549222739059503","05_05"
"10.7708001218438","0.841886476858544","0.43938998751875","1.7292712881625","0.770800121843814","0.199427704775834","0.9658","0.760253698331533","0.513156548351148","0.967614222541293","0.522619442085556","0.637710794885012","05_05"
"10.4520690426892","0.799801923763022","0.467186653852076","2.15636686963781","0.452069042689242","0.129077247984126","0.9856","0.814763358276616","0.608187680843365","0.129306000424549","0.494866107122599","0.495050695063362","05_05"
"0.463953622124686","0.28422955693382","0.650583311290709","0.41915309815499","0.463953622124686","0.238584429185188","0.4438","0.357248281361535","0.687305706033363","0.653765150003499","0.483584388837016","0.533516854117261","05_05"
"10.5868907093225","0.869473595627401","0.423027302963063","2.08354748649783","0.586890709322513","0.16640357782044","0.9886","0.79424023508493","0.651633895761278","0.639476926243746","0.474275858345712","0.426179933873302","05_05"
"10.734129479745","0.869917268119158","0.427990793195971","1.82592276522633","0.734129479745035","0.203077526459211","0.9746","0.766769432997212","0.66399855137464","0.922291987386995","0.459885752039944","0.556488601546736","05_05"
"10.6240466185723","0.839258933707756","0.438472034158964","1.96176543792034","0.624046618572306","0.167812466883852","0.9802","0.769382477879476","0.605728188236298","0.640535160181679","0.517311178233149","0.519126407246213","05_05"
"10.6761318659901","0.752667861511181","0.477957474022509","1.79597429740968","0.676131865990081","0.14928996162948","0.9652","0.749695526744791","0.365644173707514","0.655914280766658","0.574866655213222","0.547695804545737","05_05"
"10.5967988774241","0.870563489662297","0.423064979194719","2.05916984755795","0.5967988774241","0.171723496925271","0.9864","0.789531373285667","0.604752146315545","0.657329474495604","0.570852938668256","0.503491647725708","05_05"
"10.711764018355","0.782421835809107","0.465272211831789","1.76370160412856","0.711764018354968","0.170661551106245","0.9648","0.737964899747337","0.480900594430351","0.694047804866441","0.626945040331649","0.670071210313606","05_05"
"10.6461977729285","0.860532924573273","0.429787036038684","1.94718102246252","0.64619777292855","0.183670836459258","0.9812","0.768509733402984","0.668086768055974","0.717178088189403","0.524166132110905","0.556452180554626","05_05"
"5.72893853645131","0.746334967141695","0.480436791710728","1.67304340072196","0.728938536451307","0.167178109544638","0.9498","0.713205953859511","0.4484403747444","0.671004513535719","0.688680604812622","0.595706385103752","05_05"
"10.817597377364","0.837638078741969","0.437941096816191","1.6287776340381","0.817597377364021","0.224051679727379","0.9502","0.731396940598303","0.682021054712238","0.955014623931237","0.57466839669592","0.626336617553501","05_05"
"10.817597377364","0.837638078741969","0.437941096816191","1.6287776340381","0.817597377364021","0.224051679727379","0.9502","0.731396940598303","0.682021054712238","0.955014623931237","0.57466839669592","0.626336617553501","05_05"
"10.7708001218438","0.841886476858544","0.43938998751875","1.7292712881625","0.770800121843814","0.199427704775834","0.9658","0.760253698331533","0.513156548351148","0.967614222541293","0.522619442085556","0.637710794885012","05_05"
"10.6669648555147","0.832221599840016","0.442077774594349","1.88710517893892","0.666964855514653","0.184509958521879","0.9728","0.746133499402489","0.642215449001686","0.664773589503626","0.604375220995204","0.562798238233627","05_05"
"10.5873243736741","0.867538185987526","0.422727753277441","2.08410277871944","0.587324373674051","0.168274990012585","0.9866","0.786405578804237","0.637686525546122","0.608348638629726","0.571167146199504","0.515451299261731","05_05"
"10.7528304017074","0.855458357135846","0.43496805281845","1.77518874543869","0.752830401707401","0.196955178341995","0.9716","0.770376191318727","0.514678273352062","0.982948057898589","0.47173958254586","0.647476925940913","05_05"
"10.7060280987878","0.773229700381416","0.46860950031863","1.76478333268713","0.706028098787762","0.155547932049891","0.9668","0.761160110612188","0.325961624885243","0.75655531998642","0.573464924784073","0.566950805708522","05_05"
"10.5967988774241","0.870563489662297","0.423064979194719","2.05916984755795","0.5967988774241","0.171723496925271","0.9864","0.789531373285667","0.604752146315545","0.657329474495604","0.570852938668256","0.503491647725708","05_05"
"10.6579270006755","0.862677057334712","0.429140638901342","1.94020619255806","0.657927000675535","0.17829481474729","0.983","0.788898583408524","0.513763363582157","0.826969032636962","0.522994529800319","0.515740015883947","05_05"
"10.6046860032114","0.877655802410671","0.420589339491032","2.02362723155843","0.604686003211356","0.183293696580835","0.985","0.773688178664215","0.678538864151252","0.648334298831157","0.633388791480454","0.492881411006778","05_05"
"10.7055272074703","0.794379793808959","0.457745412202785","1.77748892575516","0.705527207470278","0.17957448070956","0.9646","0.725288429982509","0.619293299500256","0.664201692910865","0.575621249049083","0.555006292753869","05_05"
"10.6837286199058","0.820703469664598","0.448865281023976","1.84871426664612","0.683728619905825","0.172663102314257","0.9726","0.760745796814179","0.504046104007468","0.731953594909505","0.5715779619686","0.605300023781167","05_05"
"10.4320800162114","0.832577860998647","0.45352741387786","2.21084644467541","0.432080016211375","0.148941995004012","0.988","0.773025733764735","0.657150041115582","0.0715024236124009","0.737259620757691","0.460676243263641","05_05"
"10.7708001218438","0.841886476858544","0.43938998751875","1.7292712881625","0.770800121843814","0.199427704775834","0.9658","0.760253698331533","0.513156548351148","0.967614222541293","0.522619442085556","0.637710794885012","05_05"
"10.66248478644","0.876557838186239","0.426177540458129","1.94197593635839","0.662484786439957","0.189676175695102","0.9822","0.777531447818382","0.668642935843068","0.799532464383994","0.491231380952551","0.514437212740774","05_05"
"10.616455440307","0.849367541488074","0.432731483934571","1.98461772843555","0.616455440307001","0.171791953258479","0.9818","0.768876291957201","0.627550761948804","0.626388741923832","0.580765053820992","0.572216294257015","05_05"
"10.6012588239587","0.880360833590587","0.422943468122871","2.04233306306773","0.601258823958687","0.167578957902743","0.9874","0.804083603778398","0.502831834323784","0.754455034870701","0.54193266965426","0.592602277239376","05_05"
"10.5834053353194","0.869947898772124","0.421351036499226","2.09464764517925","0.583405335319373","0.167503108753194","0.9884","0.790737317724395","0.672248356674932","0.617613180783165","0.501445471190971","0.429963416565383","05_05"
"10.7435290440949","0.88898082191723","0.42175258900624","1.8201209098801","0.743529044094875","0.210715118002382","0.9756","0.770714210108206","0.645068810913038","0.985139706092618","0.500407112745013","0.555734986148981","05_05"
"10.7423646652166","0.890263867259946","0.422150710119654","1.82318577875754","0.742364665216564","0.209705885947532","0.9758","0.770853790250995","0.674593263650154","0.982425559079275","0.455747499254687","0.552827481236473","05_05"
"10.6713285059329","0.797017608927144","0.459051601997788","1.83434899554005","0.671328505932879","0.16726959199878","0.9694","0.742686732761022","0.537403738788056","0.643680329782547","0.581134061880361","0.574728364932621","05_05"
"10.6602978762347","0.89792489716503","0.419198019377423","1.95561418146575","0.660297876234663","0.196978701487541","0.984","0.78285371571828","0.664658847575056","0.840222569190884","0.535369056970391","0.541881916221408","05_05"
"10.5700289709245","0.875222605468224","0.419741590516785","2.11864143210439","0.570028970924493","0.165484209531806","0.9894","0.798202467551867","0.621798134535162","0.613903909102404","0.546978948966422","0.493550460409654","05_05"
"10.7555240790683","0.848500691439092","0.43681701561512","1.76678402186627","0.755524079068347","0.19736140113979","0.9688","0.765141882351896","0.519128568819581","0.95618631879628","0.518003507537228","0.610455348881343","05_05"
"10.6032016111894","0.881089167446912","0.418388741947851","2.02380281287052","0.603201611189367","0.179202410730014","0.9866","0.786891965750047","0.65367956124896","0.698316531412638","0.545627361995734","0.512925504439751","05_05"
"0.730608401360339","0.447327795191117","0.589909031067544","0.599324190702949","0.730608401360339","0.306066410594156","0.5522","0.48998980014585","0.682021054712238","0.955014623931237","0.57466839669592","0.626336617553501","05_05"
"10.7195474950163","0.888700342691433","0.421666762691573","1.85770043936739","0.719547495016274","0.206199455750208","0.9778","0.77453554991753","0.671699442653554","0.938239607509849","0.479587572066933","0.515037312839156","05_05"
"10.8009036789931","0.819404250812556","0.447241807995746","1.63471847399097","0.800903678993141","0.206818710721882","0.9504","0.740445098146829","0.542763999414988","0.955053712915583","0.561760484974638","0.637330310200353","05_05"
"10.7590664527927","0.845529225301385","0.43603282714942","1.7600662029574","0.759066452792705","0.201962473324739","0.9676","0.755352037793202","0.598230147712125","0.914188547176332","0.508686459838136","0.587219959590297","05_05"
"10.7708001218438","0.841886476858544","0.43938998751875","1.7292712881625","0.770800121843814","0.199427704775834","0.9658","0.760253698331533","0.513156548351148","0.967614222541293","0.522619442085556","0.637710794885012","05_05"
"0.305583537355881","0.210649489674087","0.663861238667613","0.287846497678013","0.305583537355881","0.248116695478692","0.3314","0.33364394819364","0.522677323426934","0.71159833878826","0.529219323391257","0.585808800420323","05_05"
"10.7668658943254","0.821531828805524","0.444660517910617","1.71835787283182","0.76686589432537","0.197511317073872","0.9628","0.749377131731463","0.527882963712271","0.89969621353558","0.57453418057466","0.62663035939731","05_05"
"10.7880435835213","0.86112174192243","0.429511137269684","1.72213386810025","0.788043583521308","0.216215704420204","0.963","0.751205540783007","0.652413603648398","0.967575133556947","0.535527353806838","0.626717102238159","05_05"
"10.6898211259308","0.873433206019279","0.427171590555117","1.89397261479701","0.689821125930786","0.194370660504437","0.98","0.773849688151848","0.671536756839668","0.84371841595342","0.467391308140305","0.552227381138092","05_05"
"10.6463571711817","0.806780620010125","0.45640264648392","1.89307740042863","0.646357171181688","0.158480096748577","0.9754","0.763017274945771","0.49033069931998","0.652964413766243","0.560311114881195","0.479084614078428","05_05"
"10.817597377364","0.837638078741969","0.437941096816191","1.6287776340381","0.817597377364021","0.224051679727379","0.9502","0.731396940598303","0.682021054712238","0.955014623931237","0.57466839669592","0.626336617553501","05_05"
"10.6316383986276","0.860218543992599","0.429980327325266","1.96233221277285","0.631638398627643","0.177109361125701","0.9816","0.775162493497561","0.640689698934052","0.70467308829404","0.508070265278692","0.516539158775665","05_05"
"10.6221621676024","0.861350201266124","0.432642610728348","1.98392237779046","0.622162167602393","0.165948423824047","0.9826","0.790035248397373","0.516169259335702","0.735646891251911","0.513045885388068","0.457420554868343","05_05"
"10.7438782909832","0.882298453991853","0.42520945857702","1.81797963909557","0.743878290983193","0.207442971606561","0.975","0.770789809659907","0.610047870094149","0.976186527427179","0.511554466390457","0.585754627340977","05_05"
"10.6308503193681","0.824285864291408","0.444775397847082","1.93584209816583","0.630850319368111","0.163443505033188","0.9788","0.766310004509481","0.538268080759048","0.630363305886578","0.578200051688181","0.575659085595811","05_05"
"10.6691353884257","0.825692985438622","0.444111647620407","1.87446951616862","0.669135388425684","0.180968659867485","0.9722","0.748258184072759","0.607872676359322","0.670357656564878","0.595045585687257","0.603587745702448","05_05"
"10.6597865558476","0.861138689056442","0.430258741706509","1.93492693688415","0.659786555847628","0.188231237288683","0.9812","0.770161031529504","0.66590591847642","0.754632203900377","0.526453340810096","0.552078610360974","05_05"
"10.7492069275542","0.866330684054777","0.430191664407509","1.79827556708457","0.749206927554197","0.204680341814426","0.9716","0.761881248976848","0.658026530906207","0.933719891132007","0.464501686588272","0.583744047550405","05_05"
"10.7148616719644","0.859778018190017","0.431023058018553","1.83890437323708","0.714861671964447","0.19568790371869","0.9758","0.769408840532831","0.615071136441225","0.88130493046996","0.485111328712466","0.547054744832694","05_05"
"10.6877469398673","0.813310013802082","0.451395611125868","1.82959859130678","0.687746939867253","0.174782530588311","0.9706","0.749382294951347","0.546668998092866","0.702151245077104","0.578144332533458","0.639339852270046","05_05"
"10.7717112775962","0.855187133206808","0.435294990130528","1.73885437809439","0.771711277596187","0.202987814530111","0.967","0.76031767892262","0.577701941907153","0.973853254193388","0.466812474949786","0.604783648780507","05_05"
"10.6825781828027","0.825299467463306","0.444852295267459","1.86016413504406","0.682578182802737","0.176481962646063","0.9724","0.758621112143909","0.538388876649832","0.726369527848253","0.580907597276548","0.564510516312346","05_05"
"10.6071857442422","0.833100755598117","0.443036147342716","1.99681944959344","0.607185744242171","0.15774591047951","0.981","0.777415569523416","0.547561831062466","0.62056304778358","0.516001011522998","0.498574607032691","05_05"
"10.6491032768686","0.85823914849014","0.432467317822549","1.93509280292188","0.649103276868569","0.180765824073235","0.9802","0.771751432200298","0.633681425145313","0.735394536271634","0.500472293907008","0.517024461211322","05_05"
"10.7423646652166","0.890263867259946","0.422150710119654","1.82318577875754","0.742364665216564","0.209705885947532","0.9758","0.770853790250995","0.674593263650154","0.982425559079275","0.455747499254687","0.552827481236473","05_05"
"10.6691866362583","0.848168524129754","0.437481208853475","1.90307671535146","0.669186636258259","0.182725060191809","0.976","0.7633120842619","0.593328785197224","0.727979030946759","0.574142964101411","0.601857232442372","05_05"
"10.6014473799492","0.884844165246649","0.417519389056373","2.03556343246641","0.601447379949236","0.179244033972991","0.988","0.789600652735546","0.669842460921387","0.708935322168217","0.511394115603222","0.488282877580987","05_05"
"10.6492108685372","0.887160565297576","0.420730096686504","1.96708898184725","0.649210868537225","0.193445670058929","0.9834","0.78120241759176","0.66683969715461","0.802768453479909","0.5330818482712","0.54625548641506","05_05"
"10.817597377364","0.837638078741969","0.437941096816191","1.6287776340381","0.817597377364021","0.224051679727379","0.9502","0.731396940598303","0.682021054712238","0.955014623931237","0.57466839669592","0.626336617553501","05_05"
"10.8009036789931","0.819404250812556","0.447241807995746","1.63471847399097","0.800903678993141","0.206818710721882","0.9504","0.740445098146829","0.542763999414988","0.955053712915583","0.561760484974638","0.637330310200353","05_05"
"10.693192745938","0.856859132151335","0.432993424377844","1.88258664524661","0.693192745938019","0.190717284200339","0.9782","0.769042347454652","0.608351491055417","0.809463421343488","0.54007891392668","0.596972163887957","05_05"
"10.6643467306558","0.850980246704547","0.436231155995987","1.91706646825951","0.664346730655751","0.181469743929271","0.9776","0.768426038157422","0.596785873767143","0.742557530136337","0.539039961108811","0.562762989279257","05_05"
"10.7664557537502","0.863742167321593","0.428208146617064","1.77018354921658","0.76645575375022","0.211154110082844","0.9686","0.759264269042697","0.610179277442453","0.964348415971713","0.54988806107907","0.61665949776116","05_05"
"10.7122569491786","0.836220853923923","0.439825931501656","1.81838059080514","0.712256949178565","0.188672711063506","0.9726","0.758267948960909","0.595150122677032","0.807247604545879","0.529437005487874","0.60044749575274","05_05"
"10.7303033030306","0.894035274615235","0.420270409425297","1.84261235628511","0.730303303030598","0.211004012222816","0.9764","0.770537895739585","0.667837038719957","0.954242064967532","0.51905929506042","0.552298653575898","05_05"
"10.7162996517224","0.843583715788583","0.435304624023336","1.82558962542187","0.716299651722437","0.193881784916493","0.9734","0.760396173094193","0.596408810232317","0.834919973577213","0.553392418451673","0.588629696279928","05_05"
"10.608567377924","0.867367246477991","0.425074694016579","2.01479736763265","0.608567377924047","0.174810504950692","0.9844","0.78119044060941","0.659517848531768","0.6686879346448","0.51279831330744","0.492595538325999","05_05"
"10.6881403293837","0.812565978747142","0.451337119525005","1.831027545807","0.688140329383733","0.171700465658327","0.971","0.755781683177936","0.520564798836957","0.723764789854468","0.544045832952347","0.546968979732305","05_05"
"10.743731781487","0.879409621785912","0.425886627973592","1.81445282195762","0.743731781487","0.205545082864074","0.9744","0.770836993493067","0.613487405387514","0.976197922805294","0.485251020422811","0.5762088377251","05_05"
"10.7102064152656","0.832500784384566","0.440446331851649","1.82063131345566","0.710206415265627","0.185606716103681","0.9712","0.760166428986448","0.537113124987527","0.804065333200684","0.580565548404742","0.568720052618297","05_05"
"10.7474113606407","0.827647372891986","0.444097777006322","1.75998176359453","0.747411360640662","0.189821403181851","0.9676","0.758708381488994","0.514432300013453","0.889918417188862","0.522961490957362","0.633501258579061","05_05"
"10.6685747279016","0.862915077143269","0.430583807218358","1.92065021674281","0.668574727901555","0.186111023441076","0.9808","0.775250051485247","0.616520150987608","0.787257779584121","0.516323515489575","0.622222701100521","05_05"
"10.6765527784464","0.860118384718459","0.43272073699045","1.90566104603446","0.676552778446426","0.186421764971836","0.9798","0.770476926040914","0.672662143406617","0.78281569801212","0.463141545004363","0.55260743802155","05_05"
"10.6826313459785","0.841194629118","0.436873661376225","1.88301198067625","0.682631345978499","0.185731849911061","0.9754","0.760356105515991","0.607508921359109","0.738444201612294","0.568320976977833","0.553826137394063","05_05"
"10.651441642366","0.842214250916541","0.436873391591502","1.91818081863421","0.651441642366031","0.175872980101588","0.978","0.765794557020675","0.631056852436332","0.702888076465034","0.493312142499261","0.479335875126685","05_05"
"10.6316383986276","0.860218543992599","0.429980327325266","1.96233221277285","0.631638398627643","0.177109361125701","0.9816","0.775162493497561","0.640689698934052","0.70467308829404","0.508070265278692","0.516539158775665","05_05"
"10.7407810178133","0.854154069688571","0.434351876958033","1.79646560168518","0.740781017813252","0.195382418845513","0.9724","0.768076508176091","0.533867110533802","0.932501896380484","0.52274647163662","0.552576220188217","05_05"
"10.7385728515095","0.834176413034461","0.438463772741001","1.79443083740265","0.738572851509517","0.198665861148288","0.969","0.750005646278014","0.609569055398054","0.83708076264857","0.566521138151034","0.592370209155469","05_05"
"10.6055386110866","0.851899724304312","0.434038744461682","2.01777015363698","0.605538611086621","0.163218557996129","0.9832","0.785825781649552","0.557886443452084","0.660810435306997","0.514596813818781","0.494261946287678","05_05"
"10.6801692935322","0.864753631312221","0.429925960815067","1.90569624434624","0.68016929353225","0.189208533571408","0.98","0.772410176831201","0.668302541436175","0.805704346414927","0.469372619013642","0.552157843917034","05_05"
"10.7729792516681","0.849625849746654","0.436442534972127","1.73307709259474","0.772979251668108","0.201788057997622","0.966","0.760310910049093","0.532879787193255","0.973227664294362","0.51968299037651","0.609819312763224","05_05"
"10.7473112642723","0.84843566687422","0.435452366590772","1.78030468262072","0.747311264272322","0.198653450459922","0.97","0.760966652939762","0.592296949919972","0.917773356643142","0.480393618750277","0.562798342872623","05_05"
"10.7124187877521","0.880851947773541","0.422154009615821","1.86786535099537","0.712418787752129","0.204224962927602","0.978","0.77122487622541","0.65299677641299","0.894204050122212","0.537056153819872","0.558105742237926","05_05"
"10.6316383986276","0.860218543992599","0.429980327325266","1.96233221277285","0.631638398627643","0.177109361125701","0.9816","0.775162493497561","0.640689698934052","0.70467308829404","0.508070265278692","0.516539158775665","05_05"
"10.6264838095788","0.859132720880822","0.431599464681406","1.97259509276911","0.626483809578794","0.168944978308626","0.982","0.783635860170784","0.542273458591611","0.714033346474546","0.547144384969179","0.549791427406083","05_05"
"10.7708095019892","0.84797858329788","0.437140755280493","1.73569813769222","0.770809501989157","0.201283274205458","0.9666","0.76026046720506","0.557978703065046","0.968239812440318","0.469748926658831","0.632675130902295","05_05"
"10.6795383557456","0.857537221192256","0.430245757182515","1.91120016679737","0.679538355745595","0.190718170558968","0.979","0.766872630307645","0.653096388484368","0.771687614847373","0.5440985619827","0.581536864439984","05_05"
"10.6734051126101","0.870175678771827","0.426281794247475","1.92032459954277","0.673405112610087","0.192006068519282","0.981","0.771600542850151","0.669140133879913","0.79264627343887","0.52447202993676","0.552148147582032","05_05"
"10.7724254194484","0.847491181859033","0.437078362735439","1.73302170612434","0.772425419448409","0.201256895343056","0.9662","0.760286993195409","0.539355990935586","0.971232994509883","0.499496375563262","0.611705910178479","05_05"
"10.7542648695139","0.864224677451592","0.430507103647515","1.7772158066428","0.754264869513938","0.20459363501632","0.9704","0.764091314826669","0.581962363546234","0.960866186854378","0.520433051896761","0.568180761482399","05_05"
"10.7100126556991","0.856153746757778","0.432273755482916","1.84492961985083","0.710012655699067","0.195096075456424","0.9752","0.767076301556366","0.599707472057169","0.85511270891762","0.536773613316179","0.607027360922712","05_05"
"10.7389685864537","0.861590252504926","0.431064099319595","1.80754271355326","0.738968586453684","0.198631200049728","0.9736","0.769145863974757","0.556976143539177","0.938764416280085","0.522611705676729","0.552482781680458","05_05"
"10.7282982573556","0.818841833795648","0.446638440491996","1.77793771213062","0.728298257355628","0.185348762928404","0.969","0.757060300322925","0.52040707215782","0.83795205316796","0.524507567475746","0.61385078842165","05_05"
"10.6737856374067","0.832927933704065","0.441944456720708","1.88241327733106","0.673785637406679","0.176612579702772","0.9748","0.759351565446167","0.601301567178284","0.714316868013533","0.510449028965571","0.560552415588798","05_05"
"10.7180753721804","0.850611851045579","0.434884123825175","1.82517080715781","0.718075372180445","0.193115819238195","0.975","0.767545147620053","0.586266360792573","0.874231590773958","0.495647491098621","0.505076235355842","05_05"
"10.7036959252066","0.828902781259209","0.443739463817902","1.82351465859633","0.703695925206642","0.180717788773491","0.9718","0.760323044074677","0.543034624756207","0.784530985593902","0.529410655697614","0.60178156284283","05_05"
"10.7059006388718","0.859464888799429","0.432914684568434","1.84818805345209","0.705900638871787","0.190497244585844","0.9778","0.774519309540388","0.553820431769221","0.880274637469369","0.520582727270484","0.589488001765928","05_05"
"10.817597377364","0.837638078741969","0.437941096816191","1.6287776340381","0.817597377364021","0.224051679727379","0.9502","0.731396940598303","0.682021054712238","0.955014623931237","0.57466839669592","0.626336617553501","05_05"
"10.6831520271529","0.842317232914141","0.438217458114158","1.87864102912688","0.683152027152933","0.180475035391825","0.9762","0.766325917576713","0.578657602177561","0.76115838207156","0.52041112303726","0.52683585995906","05_05"
"10.6965137434303","0.883936821181704","0.422976196046371","1.87603608549537","0.696513743430257","0.196773879111246","0.9814","0.783205439058811","0.579153435948504","0.922303928338059","0.512152449970627","0.572245212063268","05_05"
"10.7654947455668","0.862535269313422","0.430110934571431","1.76243551233667","0.765494745566798","0.207432232918551","0.968","0.760062416478901","0.598580236566359","0.966466995331612","0.516527791480232","0.624234640109002","05_05"
"10.7334557023298","0.853727130507319","0.430789851995984","1.82492821147738","0.733455702329785","0.200847120569562","0.9726","0.759699082693255","0.609291592916979","0.872731480142525","0.552563316080877","0.59882268932667","05_05"
"10.7529744033402","0.867768364330221","0.428770696548747","1.78945924134824","0.752974403340232","0.20642080475253","0.9708","0.764238384816715","0.586760847607711","0.957645971047724","0.545295148926527","0.575240113847032","05_05"
"10.7510442348831","0.857974049962793","0.430317154491958","1.7890133545782","0.751044234883151","0.204478263123114","0.9702","0.759961359443635","0.59729649475779","0.9265369094064","0.550717163449865","0.606466504714419","05_05"
"10.7339147467628","0.884327810664237","0.424534921796682","1.83001365310087","0.733914746762845","0.208267005594854","0.9758","0.769468539940919","0.644728005714582","0.947979545067931","0.519194061020311","0.552392092083656","05_05"
"10.7106173800429","0.818625743758404","0.447514840767535","1.80571674797036","0.710617380042898","0.177795318360556","0.97","0.757429764344005","0.51459002669259","0.775731153875371","0.542499756433963","0.566619449889716","05_05"
"10.6937808235986","0.854928482997481","0.433575552975077","1.87933574731806","0.693780823598551","0.189942305368378","0.978","0.767820138072575","0.620057557526933","0.805007750878854","0.523721968416509","0.593786698862857","05_05"
"10.7504152686999","0.859520235885468","0.429705990684948","1.79225042103443","0.75041526869985","0.204915048039342","0.9704","0.760343971490406","0.597354083796157","0.927140880312754","0.558593311656729","0.561863887314457","05_05"
"10.7496570119689","0.84595602801376","0.437170869622398","1.77015270851485","0.749657011968944","0.197021840050496","0.9698","0.76227695594738","0.541523806191503","0.927578376720229","0.522988290987011","0.599764115728469","05_05"
"10.7472870455269","0.866144144831845","0.429155497234327","1.80349421075539","0.747287045526852","0.20525849061285","0.9722","0.763091030548144","0.62228811829294","0.93617826241849","0.513447633013224","0.558103945602852","05_05"
"10.8009036789931","0.819404250812556","0.447241807995746","1.63471847399097","0.800903678993141","0.206818710721882","0.9504","0.740445098146829","0.542763999414988","0.955053712915583","0.561760484974638","0.637330310200353","05_05"
"10.6743790485774","0.849324039372433","0.435735953471277","1.902084113159","0.674379048577414","0.180046790447027","0.978","0.77126741460504","0.576607428030622","0.767927340941781","0.520242955421363","0.553755053067915","05_05"
"10.6927806887691","0.860596258619335","0.430449450011387","1.87903658737618","0.692780688769118","0.193016800802588","0.9782","0.766650164535466","0.660553302556129","0.810985851565343","0.499581973070209","0.611162990179858","05_05"
"10.7164415026389","0.846079126973163","0.433273013931392","1.8329448783157","0.716441502638912","0.196351273075999","0.9736","0.759684479705451","0.606174657730259","0.83540498002124","0.566128051367907","0.592362629857198","05_05"
"10.7712232130531","0.849797790505194","0.436636500346783","1.73640977595113","0.771223213053081","0.201883550542942","0.9666","0.760284384058744","0.551502499322715","0.970234482224797","0.489935541472079","0.63078853348704","05_05"
"10.7573420512131","0.832008769813807","0.44426333961146","1.74131254776461","0.757342051213066","0.18981420591534","0.9672","0.763102392402073","0.557285540368543","0.939204341304473","0.363596866838634","0.593995604102345","05_05"
"10.7704162814872","0.854192612757984","0.43401906124701","1.74378423648949","0.77041628148717","0.203506486298188","0.967","0.759462319768855","0.56957774394114","0.966121233080419","0.503109196257669","0.625099988554453","05_05"
"10.7375154243538","0.829112566726625","0.440678656563641","1.78866181400701","0.737515424353819","0.19681048866083","0.969","0.750717339666756","0.599803207900112","0.836595756204542","0.5537855052348","0.588637275578199","05_05"
"10.3947673655483","1.19014644552683","0.297977028787238","2.60101755101048","0.394767365548254","0.18506582392801","0.9998","0.8","0.7","0.5","0.4","0.4","10_05"
"10.3947673655483","1.19014644552683","0.297977028787238","2.60101755101048","0.394767365548254","0.18506582392801","0.9998","0.8","0.7","0.5","0.4","0.4","10_05"
"0.455279108206717","0.302607528104442","0.688668136277278","0.0811347881999474","0.455279108206717","0.205762166358852","0.2086","0.2655086631421","0.380035179434344","0.79423986072652","0.0706790471449494","0.34668348915875","10_05"
"5.53154940697507","0.422102163391279","0.640112164649503","1.08585991636443","0.53154940697507","0.0757547247186587","0.6818","0.37212389963679","0.777445221319795","0.107943625887856","0.0994661601725966","0.333774930797517","10_05"
"10.8910309152916","0.970146670864281","0.400031253201756","1.71930121717493","0.891030915291638","0.198660823300753","0.9638","0.572853363351896","0.934705231105909","0.723710946040228","0.31627170718275","0.476351245073602","10_05"
"10.3762881344094","0.979721922232628","0.407701852575013","2.44794779055774","0.376288134409428","0.117448046943129","1","0.908207789994776","0.212142521282658","0.411274429643527","0.518634263193235","0.892198335845023","10_05"
"0.253076324875976","0.235439297804342","0.711001598375385","0.037317834530236","0.253076324875976","0.23279497061636","0.1382","0.201681931037456","0.651673766085878","0.820946294115856","0.662005076417699","0.864339470630512","10_05"
"10.3529080057021","1.02673290186796","0.36854496870785","2.56053007143376","0.35290800570214","0.122223815680204","1","0.898389684967697","0.125555095961317","0.647060193819925","0.406830187188461","0.389989543473348","10_05"
"10.240865889011","1.28102819783586","0.257158663412881","2.85901797857967","0.240865889011025","0.191027472617062","1","0.944675268605351","0.267220668727532","0.78293276228942","0.912875924259424","0.777320698834956","10_05"
"10.671770596521","0.86190353585486","0.455517471540486","1.97659276740457","0.67177059652096","0.1339764270529","0.989","0.660797792486846","0.386114092543721","0.553036311641335","0.293603372760117","0.960617997217923","10_05"
"5.69851982145364","0.705754411104177","0.520078616991208","1.70758009168482","0.698519821453639","0.107935120200532","0.9498","0.62911404389888","0.0133903331588954","0.529719580197707","0.459065726259723","0.434659484773874","10_05"
"0.0228232927267549","0.0545387562779076","0.768700074261896","0.00241776135787959","0.0228232927267549","0.290612470412465","0","0.0617862704675645","0.382387957070023","0.789356231689453","0.332394674187526","0.712514678714797","10_05"
"5.48579547970712","0.415078107662995","0.644031493432089","1.093656357651","0.485795479707115","0.0763378703122921","0.6584","0.205974574899301","0.86969084572047","0.023331202333793","0.65087046707049","0.399994368897751","10_05"
"0.0961373020501006","0.215745340696775","0.711389392812674","0.00999561516730514","0.0961373020501006","0.219452967213691","0.1428","0.176556752528995","0.34034899668768","0.477230065036565","0.258016780717298","0.325352151878178","10_05"
"10.677145772815","1.0486009754139","0.364669400387301","2.13056250906212","0.677145772815031","0.184213518394429","0.994","0.687022846657783","0.482080115471035","0.7323137386702","0.478545248275623","0.757087148027495","10_05"
"1.06205069547452","0.630698986742468","0.560167188711207","0.882129495990155","1.06205069547452","0.198228008269556","0.7258","0.384103718213737","0.599565825425088","0.692731556482613","0.766310670645908","0.202692255144939","10_05"
"10.5082708378744","0.871145285169674","0.437927280092833","2.20788153987897","0.508270837874429","0.111745441057322","0.996","0.769841419998556","0.493541307048872","0.477619622135535","0.0842469143681228","0.711121222469956","10_05"
"6.08735180479876","0.694195556285782","0.520988814270324","1.0246393784415","1.08735180479876","0.180498292335617","0.777","0.497699242085218","0.186217601411045","0.8612094768323","0.875321330036968","0.121691921027377","10_05"
"10.488503353012","1.09204402617838","0.347613944095171","2.40397879087334","0.488503353012015","0.166961932862983","0.9988","0.717618508264422","0.827373318606988","0.438097107224166","0.339072937844321","0.245488513959572","10_05"
"10.1881750755214","1.41278795374848","0.171659094788853","2.98810210733566","0.188175075521361","0.276414815751127","1","0.991906094830483","0.668466738192365","0.244797277031466","0.839440350187942","0.14330437942408","10_05"
"0.435520868717214","0.305537997251312","0.677797818113673","0.0817314440504501","0.435520868717214","0.117048793984122","0.4246","0.1","0.1","0.1","0.1","0.1","10_05"
"0.444652664826605","0.311130343710693","0.68038900755632","0.086706779597315","0.444652664826605","0.122546787286705","0.4062","0.2","0.2","0.2","0.2","0.2","10_05"
"0.607950406137645","0.362733014613667","0.661707879427272","0.579403768368098","0.607950406137645","0.0991310604383571","0.5062","0.3","0.3","0.3","0.3","0.3","10_05"
"5.77147837727343","0.507297707921831","0.600563811001935","1.10423736780577","0.771478377273428","0.110509151437186","0.7998","0.4","0.4","0.4","0.4","0.4","10_05"
"5.85139865476355","0.726702490388152","0.518687842456785","1.53881234601813","0.851398654763546","0.142329176925254","0.9424","0.5","0.5","0.5","0.5","0.5","10_05"
"10.7721049387253","0.976602075003446","0.401345012290162","1.92986325356563","0.772104938725331","0.187733685591588","0.9816","0.6","0.6","0.6","0.6","0.6","10_05"
"10.5719424490432","1.20324830797873","0.281060572510619","2.3913242427579","0.571942449043172","0.231799240407103","0.9986","0.7","0.7","0.7","0.7","0.7","10_05"
"10.3374481855758","1.39950648354659","0.18171869456415","2.8086960711918","0.337448185575815","0.29389676572324","1","0.8","0.8","0.8","0.8","0.8","10_05"
"10.152157095495","1.52637908214145","0.109307305971314","3.11184988213997","0.152157095495035","0.350711591545927","1","0.9","0.9","0.9","0.9","0.9","10_05"
"10.0547225988453","1.63981431312968","0.0613405884525582","3.28631430354873","0.054722598845303","0.414089552072502","1","1","1","1","1","1","10_05"
"10.7477301556334","0.926695244002537","0.421569114026419","1.91198970646245","0.747730155633357","0.165229803899991","0.983","0.576721038586304","0.901470180097202","0.511751301912593","0.317080164194175","0.345896230558741","10_05"
"10.2725003074315","1.17048014678928","0.295942518463855","2.77818227019634","0.272500307431522","0.150082802127105","1","0.93791922493693","0.428655533767038","0.752166649919019","0.125425683991714","0.769256426730231","10_05"
"10.4728628267554","1.05630984786935","0.358503798820513","2.41946080393339","0.472862826755417","0.152471344257092","0.9998","0.80181246088358","0.326306678577001","0.709723200926861","0.316997739134209","0.893549399939478","10_05"
"10.8910309152916","0.970146670864281","0.400031253201756","1.71930121717493","0.891030915291638","0.198660823300753","0.9638","0.572853363351896","0.934705231105909","0.723710946040228","0.31627170718275","0.476351245073602","10_05"
"10.7721049387253","0.976602075003446","0.401345012290162","1.92986325356563","0.772104938725331","0.187733685591588","0.9816","0.6","0.6","0.6","0.6","0.6","10_05"
"10.1414234734764","1.46544214507566","0.145128313520193","3.1098625190398","0.141423473476364","0.263647725553372","1","0.96988566443434","0.748163325068148","0.991451305053503","0.381304419903565","0.850180229131525","10_05"
"10.6252845324215","0.761846597180589","0.490438457455285","1.90946052701271","0.625284532421461","0.1098026893947","0.984","0.675476173687876","0.170631625929295","0.496424553313868","0.404777606086894","0.351907114739588","10_05"
"10.6213120029491","0.721790623742418","0.51034938947604","1.85926372021213","0.621312002949115","0.105198243292395","0.978","0.656904916376976","0.185494186629681","0.426863485581688","0.512362440710748","0.65812897192114","10_05"
"10.8910309152916","0.970146670864281","0.400031253201756","1.71930121717493","0.891030915291638","0.198660823300753","0.9638","0.572853363351896","0.934705231105909","0.723710946040228","0.31627170718275","0.476351245073602","10_05"
"10.5543780383758","1.15663725677605","0.315252401056036","2.38202358909627","0.554378038375849","0.197967391055859","0.9988","0.713750833030015","0.860608369615695","0.650056751351802","0.338264480832896","0.375943528474432","10_05"
"10.2067721473644","1.38951751912345","0.185083133804772","2.95031951379122","0.206772147364416","0.261148520142324","1","0.952719577166996","0.672683961898059","0.327912190948312","0.771299863995281","0.176665091482135","10_05"
"10.3286561437081","1.31531736754944","0.229663562181831","2.75517876394355","0.328656143708104","0.244087459027881","1","0.799955755564216","0.745377981980724","0.486168317082032","0.702942494464558","0.860940993338431","10_05"
"10.594503102772","0.841453150924871","0.454321880303318","2.06382826766843","0.594503102771967","0.118176694256961","0.992","0.706928371297653","0.484336611319213","0.517756962484899","0.103472296845092","0.811482975801423","10_05"
"10.3447309655828","1.047290734932","0.366032124148029","2.57961672899213","0.344730965582842","0.129487842829161","1","0.907354476561575","0.207454082450649","0.58123913046954","0.420634758070575","0.790330535139939","10_05"
"10.6251038241208","0.978793985695219","0.399223469360855","2.1456864752591","0.625103824120803","0.160614747703523","0.9958","0.689299521277687","0.389430153804319","0.578798979055147","0.656595587700926","0.0222068231087178","10_05"
"10.2575534052566","1.34532969136338","0.214044785554964","2.87268026497158","0.257553405256585","0.223414144694963","1","0.899836105371252","0.646206938744905","0.712094218272046","0.434567152186961","0.819892313712897","10_05"
"10.564540712507","0.909271129896183","0.432247560381564","2.1697472614257","0.56454071250702","0.130527994644394","0.9954","0.72371084118775","0.39531878827338","0.512898971291971","0.274377990283148","0.860256243886456","10_05"
"10.2226515163186","1.4736910591599","0.139622112249569","2.9770122057782","0.222651516318608","0.316019543285515","1","0.855030847201124","0.883003052463755","0.772540348069742","0.813796725915745","0.88545678127557","10_05"
"5.75711961988842","0.610097470620114","0.555862570340801","1.4536270791572","0.757119619888417","0.107926312653312","0.9154","0.522913511279821","0.254923470032022","0.450635640506057","0.302052581101568","0.33808242873376","10_05"
"10.0919522816513","1.57505297435752","0.0923360315096351","3.21233326585377","0.0919522816512935","0.354781771212512","1","0.97149827120916","0.996683938739403","0.974237332586188","0.637007785059191","0.971781201720482","10_05"
"10.3819511022444","0.9347167743952","0.417140183140773","2.42612467429482","0.381951102244432","0.105023374299163","0.9998","0.899242998400898","0.130243534793326","0.477095492993912","0.504829692311121","0.491857344178433","10_05"
"10.4413984513875","1.1217136483959","0.330640079145978","2.50663857527558","0.441398451387481","0.17974922904763","0.9998","0.803660600208618","0.327028082694252","0.626245873003894","0.889481557885332","0.844389296113401","10_05"
"10.4231316843283","1.27258753034173","0.248596414019861","2.63447855264673","0.42313168432833","0.229562334369292","0.9998","0.770005314627304","0.747334368303968","0.665525403863489","0.549679762181162","0.791228908757059","10_05"
"10.4662803349364","1.05655938912964","0.367903211582245","2.40350251175359","0.466280334936422","0.164724512804477","0.9988","0.776597463666978","0.332106442009366","0.508385734505936","0.871697154635833","0.71918549457468","10_05"
"10.4018166866699","0.984536575875259","0.404068036824015","2.42487873019282","0.401816686669925","0.12444433208743","1","0.864639138316536","0.262688693509195","0.434080811498677","0.476498176061074","0.253140742328654","10_05"
"10.4243000886534","1.14637942268228","0.318144529818158","2.52275243098328","0.424300088653399","0.177025471750008","0.9996","0.761187159942662","0.77682714638045","0.415290725369016","0.381209024976482","0.884546107475941","10_05"
"10.3307918829653","1.23694505308585","0.273547303759704","2.69158216204061","0.330791882965251","0.197775443186701","1","0.839186517663487","0.695782776294306","0.416885086083154","0.468140486192661","0.366639287941945","10_05"
"10.4003069421553","0.914827241317206","0.429186496798028","2.37434543628618","0.400306942155284","0.10153614846033","0.9998","0.880416917516681","0.0400386678118727","0.514130524259546","0.46533754874221","0.668728848697758","10_05"
"10.5719424490432","1.20324830797873","0.281060572510619","2.3913242427579","0.571942449043172","0.231799240407103","0.9986","0.7","0.7","0.7","0.7","0.7","10_05"
"10.4861492736736","1.30870209398232","0.226413135672533","2.56919357120289","0.486149273673603","0.270074595515153","0.9994","0.744969152798876","0.716996947536245","0.827459651930258","0.786203274084255","0.71454321872443","10_05"
"10.2559192381873","1.3523870668951","0.207734022230995","2.87146903365831","0.255919238187329","0.251960995107762","1","0.884625467322274","0.573294885589919","0.535639268939021","0.868298233594226","0.614126962268532","10_05"
"10.5719424490432","1.20324830797873","0.281060572510619","2.3913242427579","0.571942449043172","0.231799240407103","0.9986","0.7","0.7","0.7","0.7","0.7","10_05"
"10.321462667218","1.25723610017621","0.261641025290522","2.72216047668441","0.32146266721796","0.205691662127792","1","0.839186517663487","0.743514884263277","0.416885086083154","0.468140486192661","0.366639287941945","10_05"
"10.3166281655589","1.18442216735259","0.30536894976472","2.6775575846849","0.316628165558882","0.171171993901592","1","0.902225658640014","0.296850449231582","0.597317234028594","0.776469879474604","0.810654269198608","10_05"
"10.4599968429323","1.00674283610266","0.388363598176067","2.38699176261585","0.459996842932334","0.139472111274488","0.9998","0.80878941813018","0.237631715913319","0.61016776944484","0.533646436481303","0.824065562054731","10_05"
"10.4900497234755","1.19576408182012","0.289518670322733","2.49086425769923","0.490049723475502","0.217987972795703","0.9992","0.705061081994682","0.724845199708309","0.526930153461675","0.700024690030818","0.772672028790634","10_05"
"10.7721049387253","0.976602075003446","0.401345012290162","1.92986325356563","0.772104938725331","0.187733685591588","0.9816","0.6","0.6","0.6","0.6","0.6","10_05"
"10.5907255006863","0.935858013227323","0.420611731615333","2.15158756635181","0.590725500686341","0.140784205537723","0.9954","0.705911706615971","0.389557879214636","0.537261972607555","0.393029966915342","0.831586881144944","10_05"
"10.1882977370754","1.45867119867889","0.1497991235169","3.02766662917307","0.188297737075361","0.286767700387973","1","0.913610242931789","0.789346792638681","0.803378035955993","0.603512534576584","0.850027070171282","10_05"
"10.4458124506854","1.06895072208116","0.355611073811574","2.4324823464895","0.445812450685396","0.155847949242164","0.9992","0.770676491671174","0.580763357694817","0.426922264900873","0.38513391244025","0.710791963724917","10_05"
"10.8249527096225","0.900946554429919","0.43209895989776","1.79393131061899","0.824952709622481","0.164905371789827","0.9716","0.593400863372216","0.7819026420892","0.648088671812039","0.225325690353457","0.538798654309627","10_05"
"10.6231895651275","1.03186803388141","0.374386719456262","2.17725702710602","0.623189565127543","0.181098145001781","0.9954","0.620182035677669","0.709882284733107","0.460255289217457","0.632610592512852","0.213012252580242","10_05"
"10.3307918829653","1.23694505308585","0.273547303759704","2.69158216204061","0.330791882965251","0.197775443186701","1","0.839186517663487","0.695782776294306","0.416885086083154","0.468140486192661","0.366639287941945","10_05"
"10.4775596627029","1.02000538604661","0.377863640361807","2.36760938950592","0.477559662702896","0.145705303805097","0.9988","0.758573482329554","0.555443827417879","0.455387298215928","0.313983257907476","0.862164485590958","10_05"
"10.3302079193623","1.19008305857867","0.297139855847438","2.66795911901504","0.330207919362281","0.191866929610466","1","0.87175471005334","0.426417159002392","0.418518795013185","0.792483188286388","0.406927425327004","10_05"
"10.3920795151771","1.00806497282991","0.39257845944661","2.46883156189334","0.392079515177145","0.126635422089357","1","0.870927585788169","0.236102456497506","0.502498984727688","0.461412661278442","0.842482992448782","10_05"
"10.5006644791785","1.06455654133302","0.358534448585941","2.36450670653402","0.500664479178482","0.167098571154198","0.9986","0.748932874552291","0.419889340156557","0.539730567925722","0.632923165048318","0.655156357768523","10_05"
"10.4706677358886","1.08046086464158","0.352185037478303","2.41993628014233","0.470667735888575","0.173038933904981","0.9994","0.77894054475838","0.330492092533797","0.578247164188425","0.882232772071513","0.826099175423995","10_05"
"10.1422797655413","1.48312061664709","0.134566278481519","3.11068086774611","0.142279765541302","0.287602432826636","1","0.957724133648623","0.853544084845626","0.882953514902242","0.468062402669568","0.941646445262097","10_05"
"10.2807233224428","1.30169720981293","0.240671219827096","2.81218908378386","0.280723322442798","0.212809291575234","1","0.895279276647483","0.427351142173015","0.764824576998447","0.658109801347058","0.551244205134339","10_05"
"10.6386193237747","0.952205234749031","0.408388062386726","2.11483766500328","0.638619323774741","0.146940731452285","0.9942","0.686380871277334","0.637139200335922","0.593379236713088","0.194418313674385","0.749035566565398","10_05"
"10.5564067800795","0.939887196532635","0.41688090083393","2.21345178038477","0.556406780079497","0.136151095638947","0.9962","0.709542048910761","0.705719930281785","0.477660389637987","0.170698063914098","0.833864597686406","10_05"
"10.564540712507","0.909271129896183","0.432247560381564","2.1697472614257","0.56454071250702","0.130527994644394","0.9954","0.72371084118775","0.39531878827338","0.512898971291971","0.274377990283148","0.860256243886456","10_05"
"10.6894948981778","0.940279302123997","0.413531757648633","2.02416539615611","0.689494898177794","0.157095487134757","0.9904","0.645838524186322","0.581018049168413","0.576931321986485","0.341065159382249","0.155090801087217","10_05"
"10.8910309152916","0.970146670864281","0.400031253201756","1.71930121717493","0.891030915291638","0.198660823300753","0.9638","0.572853363351896","0.934705231105909","0.723710946040228","0.31627170718275","0.476351245073602","10_05"
"10.3590179751545","1.33015816078643","0.220194428105736","2.73403906137342","0.359017975154542","0.254624403007395","0.9998","0.794894673569534","0.720532782272415","0.659238163620358","0.70291780443374","0.788268964547797","10_05"
"10.5874620596968","0.973158289266796","0.400432139966106","2.1890609373196","0.58746205969676","0.152220759240269","0.9962","0.707098655849466","0.395191062863062","0.554435977739564","0.537943611068732","0.05087618585023","10_05"
"10.4398361461738","1.0924730114626","0.345400003372967","2.47468463160514","0.439836146173784","0.172136223477949","0.9994","0.801317519117216","0.328642432169821","0.556384443321405","0.878945940449652","0.737475615264086","10_05"
"10.3651586995495","1.26331247333013","0.252213231435711","2.68160334646998","0.365158699549538","0.237835407490046","0.9998","0.785101945284904","0.617666592083406","0.494011032152908","0.868483781764217","0.784551398410448","10_05"
"10.4244835716319","1.14113367483234","0.320521504620595","2.52630987930031","0.424483571631856","0.185301440091985","0.9996","0.79145127394629","0.459817831906684","0.50054301943506","0.706155867336174","0.795575089502663","10_05"
"10.7023991644517","0.900097400607717","0.43548324377881","1.97872090115398","0.702399164451662","0.144866172265407","0.988","0.645838524186322","0.581018049168413","0.576931321986485","0.239086773013696","0.155090801087217","10_05"
"10.5237027035106","1.2119496144358","0.284993197127693","2.46690784714266","0.523702703510553","0.215202869681837","0.999","0.718250025871762","0.889037571137874","0.650592277551437","0.424943594034371","0.72731037243829","10_05"
"10.8105338108472","0.895770727733244","0.435885219158322","1.80649085979338","0.810533810847248","0.162554590595055","0.9738","0.600773555108926","0.645893731265605","0.643666858494427","0.268610602300473","0.711100519496755","10_05"
"10.7409558905988","0.948851881935591","0.412215669375029","1.96756443873834","0.740955890598791","0.162981855685883","0.986","0.624959050615471","0.764169671160936","0.601319630133346","0.263760561675342","0.21824181099047","10_05"
"10.8249527096225","0.900946554429919","0.43209895989776","1.79393131061899","0.824952709622481","0.164905371789827","0.9716","0.593400863372216","0.7819026420892","0.648088671812039","0.225325690353457","0.538798654309627","10_05"
"10.4438113189333","1.06819944030072","0.358656162965955","2.45510447751868","0.443811318933349","0.157296861939427","0.9998","0.806402175244894","0.30617311915207","0.589007417725551","0.680754189588643","0.741770035730906","10_05"
"10.4958252491231","1.13774275848025","0.322009794353485","2.4334181279931","0.495825249123059","0.198085377613108","0.9988","0.740195486215002","0.48642703615324","0.568141465355922","0.803309644975065","0.569008187933235","10_05"
"10.2518643493844","1.41318848576631","0.174660853057784","2.91161049842238","0.251864349384419","0.273194386605106","1","0.863057624519517","0.781542617289532","0.731842590476743","0.636601379070044","0.750679838779432","10_05"
"10.3867142830994","1.15610268342615","0.314596083482832","2.5964107091835","0.386714283099394","0.181303809045253","1","0.838035592913133","0.362807308582836","0.579466951979543","0.763440898048537","0.777529962121709","10_05"
"10.4117654887446","1.22946608497772","0.277986854579029","2.61364341513303","0.411765488744576","0.21020940699363","0.9998","0.797341295387852","0.518857170217011","0.653561653268083","0.670841534668447","0.723895705090774","10_05"
"10.8910309152916","0.970146670864281","0.400031253201756","1.71930121717493","0.891030915291638","0.198660823300753","0.9638","0.572853363351896","0.934705231105909","0.723710946040228","0.31627170718275","0.476351245073602","10_05"
"10.7027375482883","0.965141729738815","0.405771400175755","2.03360157820624","0.702737548288299","0.169049112793673","0.9914","0.655920856597351","0.374310092137855","0.629503111810196","0.770274053598031","0.486516487899398","10_05"
"10.8249527096225","0.900946554429919","0.43209895989776","1.79393131061899","0.824952709622481","0.164905371789827","0.9716","0.593400863372216","0.7819026420892","0.648088671812039","0.225325690353457","0.538798654309627","10_05"
"10.7721049387253","0.976602075003446","0.401345012290162","1.92986325356563","0.772104938725331","0.187733685591588","0.9816","0.6","0.6","0.6","0.6","0.6","10_05"
"10.3851247083182","1.18695767521017","0.297210613709152","2.6046524990812","0.38512470831822","0.191585715831986","0.9998","0.798233189627163","0.608355304573121","0.453659346717173","0.548984122731628","0.635897002272911","10_05"
"10.5724503878508","0.998140214833942","0.390466693840673","2.22613183721002","0.572450387850815","0.158714079281173","0.997","0.709090150341026","0.412655656161888","0.538996888839344","0.576283244307151","0.803877363294791","10_05"
"10.4423258592689","1.07609592508927","0.352580028239767","2.46162743530862","0.442325859268896","0.158750423841791","0.9996","0.803764160889925","0.348019187348924","0.568193464386145","0.60005454130168","0.688761976328572","10_05"
"10.8910309152916","0.970146670864281","0.400031253201756","1.71930121717493","0.891030915291638","0.198660823300753","0.9638","0.572853363351896","0.934705231105909","0.723710946040228","0.31627170718275","0.476351245073602","10_05"
"10.5250571266923","0.998637855125688","0.389393310173716","2.29405563768245","0.525057126692285","0.147942786283053","0.9986","0.745754430827235","0.396791563209305","0.537995651693933","0.449669887656509","0.682865875618676","10_05"
"10.5314566535482","0.988989818740813","0.395566217705948","2.29450224274656","0.531456653548212","0.147840868683546","0.9986","0.753958131792546","0.309501868720952","0.581704872984417","0.566515060227941","0.790459943494683","10_05"
"10.6035091679359","1.04117600718375","0.368222348541495","2.22818321451409","0.603509167935892","0.173551588123383","0.9974","0.711448122742328","0.418774545696308","0.656606116176756","0.562804901812856","0.800169856963958","10_05"
"10.5920010782271","0.968646111727443","0.403394644235214","2.1840796625279","0.592001078227088","0.149700396393279","0.9962","0.706960557088536","0.423233445184993","0.565174299951968","0.416701454856836","0.323558228418067","10_05"
"10.5684908509949","1.00063137240359","0.390288935717041","2.22258899054115","0.568490850994871","0.157821879842813","0.9968","0.697604717772503","0.466110344629802","0.505878123171442","0.557361159229984","0.225860641247272","10_05"
"10.4009332803478","1.24651529329246","0.261338695727149","2.64169451111888","0.400933280347774","0.227483075960094","0.9998","0.769251147721563","0.658888340357055","0.544780435510727","0.713053671456885","0.805796335867533","10_05"
"10.504331219791","1.12085225935148","0.335463877404169","2.40872073176322","0.504331219791021","0.179790640489498","0.9988","0.739685080360108","0.574725536445295","0.571596218250103","0.489859867488439","0.724805249342607","10_05"
"10.4584608332676","1.02962187002735","0.379635891159539","2.4095982557242","0.458460833267619","0.148888652999124","0.9996","0.803704762002502","0.26010102893107","0.577544795040694","0.731838187342312","0.819771141587912","10_05"
"10.7719133791945","0.907196745936941","0.432412837657143","1.86510295675485","0.771913379194508","0.159892840549489","0.9798","0.614280336943067","0.598751020096677","0.623700363665179","0.302630288060364","0.475647644406374","10_05"
"10.4782199491456","1.04569961730652","0.364132544446013","2.39647376516722","0.478219949145553","0.151491874837884","0.9988","0.751200790592843","0.691452738241474","0.459809111533541","0.270698345960459","0.68986262040383","10_05"
"10.4560900328147","1.31461292243324","0.225812391383545","2.61345362158204","0.4560900328147","0.267694688736434","0.9996","0.750552618412272","0.707804175349149","0.77153544547925","0.830385908484459","0.79934723139185","10_05"
"10.3382516945165","1.2419439642812","0.266668345647664","2.69444601580365","0.338251694516451","0.209760049326857","1","0.832404601982614","0.59497741159684","0.463768758801041","0.625312230797206","0.526317375171697","10_05"
"10.4676346556862","1.0820718463667","0.348833253777386","2.45264099480307","0.467634655686219","0.164018224465552","0.9998","0.80175531223192","0.279914492279079","0.713102679699659","0.638218193808945","0.671805438639282","10_05"
"10.5486353548743","1.04638333284424","0.368001876129361","2.28596689022128","0.548635354874272","0.172620619106842","0.9976","0.702217468496472","0.482226749027856","0.508978918035613","0.685633512975211","0.531166900055125","10_05"
"10.382193914893","1.23852084924856","0.269934112079245","2.64798704082844","0.382193914892965","0.212642699252188","0.9998","0.800182639397746","0.588541841225112","0.563264712560121","0.642604116264996","0.78386270522154","10_05"
"10.5935578934407","1.05912441441686","0.36177231556268","2.24850971313655","0.593557893440674","0.175096876203983","0.9976","0.690045311268553","0.690103936937203","0.585967318183035","0.35504030764305","0.552363504603226","10_05"
"10.8910309152916","0.970146670864281","0.400031253201756","1.71930121717493","0.891030915291638","0.198660823300753","0.9638","0.572853363351896","0.934705231105909","0.723710946040228","0.31627170718275","0.476351245073602","10_05"
"10.7164590858771","0.999955768651993","0.387956021801266","2.03794803158661","0.716459085877125","0.175929193961741","0.9894","0.643040632463772","0.666524241597293","0.633717571879107","0.360145250198846","0.711240399049008","10_05"
"10.6412564696859","1.02003858704621","0.380217666366311","2.16120663825899","0.641256469685908","0.167781100086475","0.9954","0.706960557088536","0.423233445184993","0.707990671508014","0.416701454856836","0.323558228418067","10_05"
"10.5186956690329","1.15104718127761","0.315428333721932","2.419074306605","0.518695669032864","0.198996696699402","0.999","0.727205504332693","0.58055858676451","0.611737190573019","0.62819341405762","0.546656641661123","10_05"
"10.8247962600962","0.97919652103826","0.396281428312904","1.84065219480247","0.824796260096211","0.188048411485055","0.9756","0.592579078928095","0.885691961777898","0.669918632576043","0.310251150109066","0.704613631432877","10_05"
"10.4394812938491","1.08310990772736","0.347676321237476","2.47899964191558","0.439481293849124","0.158143229508762","0.9998","0.804197880274422","0.419431812172428","0.570676450992444","0.434205212881037","0.407273117428335","10_05"
"10.5144051475199","1.09286506405135","0.346534977374255","2.37172001162429","0.514405147519919","0.180289300737904","0.9986","0.735582735491033","0.470310631755186","0.565040670491751","0.675037291229838","0.263701929125383","10_05"
"10.789565514227","0.941309453237841","0.416235767491728","1.85799608772446","0.789565514227041","0.170672759250954","0.978","0.604280318894645","0.759540656061513","0.635573295614142","0.285441133254748","0.507800659330986","10_05"
"10.8249527096225","0.900946554429919","0.43209895989776","1.79393131061899","0.824952709622481","0.164905371789827","0.9716","0.593400863372216","0.7819026420892","0.648088671812039","0.225325690353457","0.538798654309627","10_05"
"10.5174976399376","1.1608658785303","0.310132534160263","2.42688679032272","0.517497639937638","0.201583283987271","0.999","0.722454579674813","0.62809546997605","0.600842044930735","0.59622538613806","0.652294098974562","10_05"
"10.8031899483403","0.876398488605244","0.444703781770459","1.80267533491546","0.803189948340311","0.156472150688066","0.9732","0.603400881420638","0.621113006124364","0.636215739863076","0.242514845159074","0.506645639385015","10_05"
"10.5077751986638","1.13353076306617","0.32716759817254","2.42642900578895","0.507775198663774","0.179932248031166","0.999","0.728346807097238","0.918722411084242","0.56366754742173","0.282051769565427","0.10102623119019","10_05"
"10.7864575159045","0.936555646075545","0.418409517970894","1.85889523101013","0.786457515904527","0.16937276673602","0.979","0.595808962716424","0.839195149242191","0.608733209475404","0.272450547055795","0.402224792536927","10_05"
"10.9097123258777","1.01120522721855","0.379009646252313","1.76582025224871","0.909712325877657","0.206567839553355","0.9672","0.645838524186322","0.581018049168413","0.985662204911932","0.239086773013696","0.155090801087217","10_05"
"10.7647348919971","0.963568051630014","0.405660079430357","1.92264782521258","0.764734891997086","0.176030605274701","0.9826","0.606390845254524","0.687771091477931","0.604492946594942","0.400441921270902","0.561150200581739","10_05"
"10.7939819647561","0.918647244867533","0.426759642256215","1.82985001874085","0.793981964756089","0.167572058534042","0.9762","0.595707346847502","0.70743555826314","0.619852510152039","0.304918283577782","0.678623656139","10_05"
"10.8910309152916","0.970146670864281","0.400031253201756","1.71930121717493","0.891030915291638","0.198660823300753","0.9638","0.572853363351896","0.934705231105909","0.723710946040228","0.31627170718275","0.476351245073602","10_05"
"10.6035091679359","1.04117600718375","0.368222348541495","2.22818321451409","0.603509167935892","0.173551588123383","0.9974","0.711448122742328","0.418774545696308","0.656606116176756","0.562804901812856","0.800169856963958","10_05"
"10.8776952805439","0.897011909597127","0.434938645112504","1.68345498048657","0.877695280543943","0.173232370867845","0.9628","0.581047839532728","0.694907000593616","0.697459171958611","0.274631159374158","0.48283813313748","10_05"
"5.95854175513715","0.884769323079297","0.437257202674816","1.547016062994","0.958541755137145","0.190632910319855","0.9368","0.541119189932942","0.859679753024654","0.71629736669817","0.307581721802298","0.292368263527144","10_05"
"10.7721049387253","0.976602075003446","0.401345012290162","1.92986325356563","0.772104938725331","0.187733685591588","0.9816","0.6","0.6","0.6","0.6","0.6","10_05"
"10.8105338108472","0.895770727733244","0.435885219158322","1.80649085979338","0.810533810847248","0.162554590595055","0.9738","0.600773555108926","0.645893731265605","0.643666858494427","0.268610602300473","0.711100519496755","10_05"
"10.4559914813674","1.05773982877197","0.36082220406061","2.43301876192673","0.455991481367418","0.153373981832041","0.9994","0.796987523547804","0.371236184774638","0.571608179207709","0.475777095048456","0.554491980851571","10_05"
"10.6443265539042","1.01797551555104","0.381188170381448","2.15094071662218","0.6443265539042","0.17223906768941","0.9944","0.661076904989817","0.629543890477683","0.56763875424517","0.419458573379189","0.629149881299346","10_05"
"10.5054081662688","1.08081724220374","0.350273932838587","2.37743086267114","0.505408166268801","0.175112537303092","0.9986","0.748008626453866","0.41480456899319","0.573033072723802","0.704365257856917","0.546596209688205","10_05"
"10.5258012361011","1.04630316681069","0.369478296417299","2.31586972119072","0.525801236101086","0.167306509892412","0.9984","0.740798269727247","0.366608941595401","0.573964800939067","0.745937140024336","0.693815073111441","10_05"
"10.6910449789921","0.896435108904581","0.438832476538932","1.98801348761739","0.691044978992059","0.144321420806938","0.9892","0.654756722578371","0.436450693960796","0.575447138822176","0.348317677909748","0.508351083626184","10_05"
"0.0183490733504152","0.0425288521418654","0.770398975912804","0.00194670329459189","0.0183490733504152","0.301214866511632","0","0.0155072559136897","0.77791871587806","0.822332099228949","0.247428109750185","0.342976813049123","10_05"
"10.8910309152916","0.970146670864281","0.400031253201756","1.71930121717493","0.891030915291638","0.198660823300753","0.9638","0.572853363351896","0.934705231105909","0.723710946040228","0.31627170718275","0.476351245073602","10_05"
"10.8247962600962","0.97919652103826","0.396281428312904","1.84065219480247","0.824796260096211","0.188048411485055","0.9756","0.592579078928095","0.885691961777898","0.669918632576043","0.310251150109066","0.704613631432877","10_05"
"10.8910309152916","0.970146670864281","0.400031253201756","1.71930121717493","0.891030915291638","0.198660823300753","0.9638","0.572853363351896","0.934705231105909","0.723710946040228","0.31627170718275","0.476351245073602","10_05"
"10.9184350363856","0.997015090103525","0.386377041779312","1.73523013769277","0.918435036385561","0.205004121296049","0.9652","0.637488388693056","0.586174460752037","0.966294348924683","0.24157932801164","0.269191718147306","10_05"
"10.5913820188778","1.11058734895415","0.338774381340803","2.28589366409657","0.591382018877839","0.194580987401554","0.9978","0.690510519633984","0.62915221772346","0.614465293776988","0.546887383745188","0.706411262951931","10_05"
"10.5574359193351","1.01979914809952","0.381006772293812","2.2481836147815","0.557435919335127","0.164467735487833","0.9976","0.714296585199826","0.395694601021206","0.545013295955112","0.713298945877927","0.601401441927966","10_05"
"10.7684475012187","0.970382537542287","0.401614767419811","1.92713533136866","0.768447501218739","0.17776015437168","0.9826","0.599566917884914","0.821846983687296","0.596968048002526","0.338159874992891","0.59838918502806","10_05"
"10.5486353548743","1.04638333284424","0.368001876129361","2.28596689022128","0.548635354874272","0.172620619106842","0.9976","0.702217468496472","0.482226749027856","0.508978918035613","0.685633512975211","0.531166900055125","10_05"
"10.5997730657443","1.08098007348799","0.351294415459915","2.2653070207285","0.599773065744347","0.181787317402934","0.9976","0.697512478800169","0.668861948174645","0.631547351727869","0.378960809225247","0.463062037596637","10_05"
"10.6346150088076","1.05999038412257","0.361904316769358","2.19894625992586","0.634615008807574","0.182651747726627","0.9956","0.6749846925046","0.665467493849883","0.620094323032854","0.409483252591718","0.657123235071639","10_05"
"10.5593843565307","1.10389909427991","0.342345714467725","2.32971125526364","0.55938435653075","0.185354424371706","0.9982","0.70922432693437","0.639170103328224","0.605128030175115","0.447194970015088","0.394222505772785","10_05"
"10.5872660627911","1.12042694320884","0.333084485171735","2.30168223086605","0.587266062791062","0.19723600209382","0.9978","0.696652785296133","0.599466881156759","0.633801673764703","0.598562425106243","0.544890765447037","10_05"
"10.7987357500423","0.909721448184034","0.431367827529417","1.82942101488142","0.798735750042265","0.164319975452046","0.9754","0.600682012942646","0.690711098792724","0.632510711019362","0.270573161877366","0.708012425021842","10_05"
"10.4540786181222","1.05950672022107","0.360517272290356","2.43854970703991","0.45407861812216","0.153708255659037","0.9994","0.8006401671662","0.35394078710606","0.585950198821639","0.489744825339075","0.614231901528279","10_05"
"10.5200118676947","1.08036457835455","0.354526928443464","2.35101998572081","0.520011867694721","0.178001376975529","0.9984","0.728719153023893","0.45314108960205","0.537930423019569","0.718271707121621","0.6235805312386","10_05"
"10.4779374347328","1.05790684509232","0.365523035161839","2.41041584906007","0.477937434732759","0.156292565687786","0.9998","0.798102668613524","0.256077501457185","0.698760660085729","0.624250463518326","0.612065517962574","10_05"
"10.7773671801357","0.921629104717843","0.424329493326177","1.87155630538086","0.777367180135719","0.163601959206913","0.981","0.609978978183299","0.721819165378932","0.617501979682888","0.270566658613258","0.198716557838002","10_05"
"10.6384054949599","1.08194326875514","0.350694899732472","2.21178572293332","0.638405494959936","0.184766342962751","0.9956","0.683057472311733","0.753948915027805","0.658917902756552","0.327131582759224","0.658587951008043","10_05"
"5.98946779258084","0.965881160558162","0.401227344455239","1.56586990863378","0.989467792580841","0.211754677092172","0.9414","0.587571344046262","0.737804564396262","0.887041051723211","0.307930370446262","0.288465233111695","10_05"
"10.5486353548743","1.04638333284424","0.368001876129361","2.28596689022128","0.548635354874272","0.172620619106842","0.9976","0.702217468496472","0.482226749027856","0.508978918035613","0.685633512975211","0.531166900055125","10_05"
"5.94474743228561","0.898683662615201","0.430522087669292","1.58368660836968","0.944747432285609","0.173614663545977","0.945","0.631668508719447","0.114746522158384","0.976893434704449","0.240970661456233","0.358599035786141","10_05"
"10.7111884328669","1.13248681620732","0.324060247588279","2.14892112492193","0.711188432866887","0.217588938033969","0.9938","0.711448122742328","0.418774545696308","0.982425559079275","0.562804901812856","0.800169856963958","10_05"
"10.7983732552107","0.890692823696308","0.437585242734455","1.81958094744179","0.798373255210708","0.15860244420116","0.9762","0.611751016913904","0.61595659454074","0.655583595850326","0.24002229016113","0.392544722324925","10_05"
"10.637264641896","0.998577135295543","0.390181560340602","2.14498857747812","0.637264641896043","0.162036491131662","0.9952","0.69949338955692","0.444475433947551","0.66241063796318","0.392780953274639","0.412859695424656","10_05"
"10.9097123258777","1.01120522721855","0.379009646252313","1.76582025224871","0.909712325877657","0.206567839553355","0.9672","0.645838524186322","0.581018049168413","0.985662204911932","0.239086773013696","0.155090801087217","10_05"
"10.6035091679359","1.04117600718375","0.368222348541495","2.22818321451409","0.603509167935892","0.173551588123383","0.9974","0.711448122742328","0.418774545696308","0.656606116176756","0.562804901812856","0.800169856963958","10_05"
"10.701724816142","1.00569245298496","0.389146073211279","2.0374146465754","0.70172481614201","0.180369174231995","0.99","0.622167371273086","0.670335677669153","0.56864584979204","0.500292868270545","0.271704215889524","10_05"
"10.8071011221156","0.905178859222389","0.432246190921164","1.81323292315511","0.80710112211564","0.165744807796206","0.9744","0.595798889013783","0.662618190736021","0.631008657627103","0.30295572400089","0.681711750613913","10_05"
"10.6701124350156","1.09791535753872","0.339130941280502","2.1842662033397","0.670112435015556","0.199802990048886","0.9948","0.711448122742328","0.418774545696308","0.855465176793257","0.562804901812856","0.800169856963958","10_05"
"10.7251299199215","1.00135957952923","0.389729898027408","2.0205162626879","0.725129919921547","0.179754029767829","0.989","0.647518721163297","0.515979077955906","0.655730838357935","0.515885727028157","0.628428684693027","10_05"
"10.5965869479106","0.846443425908635","0.452698876412215","2.07080083181527","0.596586947910634","0.120030660324756","0.992","0.706082538771189","0.399327839740565","0.51601994825425","0.163083263440058","0.565403868857067","10_05"
"10.6205395862876","1.05999191589214","0.36143753386097","2.21656636034454","0.620539586287604","0.178352962006685","0.9966","0.693298763136826","0.59153112321785","0.6422338249989","0.407892611602894","0.487484568572863","10_05"
"10.8910309152916","0.970146670864281","0.400031253201756","1.71930121717493","0.891030915291638","0.198660823300753","0.9638","0.572853363351896","0.934705231105909","0.723710946040228","0.31627170718275","0.476351245073602","10_05"
"10.8247962600962","0.97919652103826","0.396281428312904","1.84065219480247","0.824796260096211","0.188048411485055","0.9756","0.592579078928095","0.885691961777898","0.669918632576043","0.310251150109066","0.704613631432877","10_05"
"10.8439376023499","0.967649693117015","0.401887342500277","1.79787931393026","0.843937602349946","0.190066217371661","0.9716","0.581594280641021","0.900021245115398","0.675139468893537","0.313182420200934","0.590602054978888","10_05"
"10.7933165776328","0.937927650643343","0.415211040544313","1.88249166226712","0.793316577632796","0.166754059626023","0.9804","0.659478437565022","0.389921593343692","0.81621467116317","0.246529400738779","0.381410058026205","10_05"
"10.9184350363856","0.997015090103525","0.386377041779312","1.73523013769277","0.918435036385561","0.205004121296049","0.9652","0.637488388693056","0.586174460752037","0.966294348924683","0.24157932801164","0.269191718147306","10_05"
"10.6371886481698","1.07308090645305","0.352888130321401","2.20952352959863","0.637188648169839","0.186060355053327","0.996","0.711448122742328","0.418774545696308","0.759545540439413","0.562804901812856","0.800169856963958","10_05"
"10.8708163299003","0.982424413688399","0.393863494812135","1.76859918609354","0.870816329900264","0.198078496306543","0.969","0.58383816163897","0.920375947768408","0.718490109722734","0.313340437090882","0.59036282152759","10_05"
"10.9097123258777","1.01120522721855","0.379009646252313","1.76582025224871","0.909712325877657","0.206567839553355","0.9672","0.645838524186322","0.581018049168413","0.985662204911932","0.239086773013696","0.155090801087217","10_05"
"10.7610664538399","0.877902322529174","0.445546601223708","1.86305283841374","0.761066453839918","0.152602302734971","0.9798","0.598047092331969","0.571513874951966","0.554675078098366","0.360207914466784","0.63570537403163","10_05"
"10.7750003753482","0.906714663270389","0.428124699962796","1.88525308279797","0.775000375348178","0.152644330925218","0.9824","0.671683460711345","0.169300362762244","0.823089401504459","0.387222213992093","0.390048673184593","10_05"
"10.6455523438566","1.07944857597719","0.349209894101954","2.20188722714859","0.645552343856603","0.189496913332411","0.9958","0.711448122742328","0.418774545696308","0.783566498462774","0.562804901812856","0.800169856963958","10_05"
"10.6035091679359","1.04117600718375","0.368222348541495","2.22818321451409","0.603509167935892","0.173551588123383","0.9974","0.711448122742328","0.418774545696308","0.656606116176756","0.562804901812856","0.800169856963958","10_05"
"10.7266534563626","0.920826947394861","0.426976082750536","1.96075692231345","0.726653456362587","0.157427386620583","0.9874","0.658225284707396","0.33219874778341","0.664139746100285","0.578562982494687","0.472520053327957","10_05"
"10.6810161817815","0.962746447892797","0.403662822500644","2.05283577363","0.681016181781462","0.158250560721794","0.9928","0.675680418492935","0.518752062281142","0.656458873669147","0.28694146494583","0.564285894595856","10_05"
"10.5468110412261","1.06831729181742","0.359974181900243","2.30831167471878","0.546811041226051","0.176562487055341","0.998","0.710431514925109","0.478593510308497","0.537972265736475","0.690125440998663","0.567164473126024","10_05"
"10.4984019813443","1.01712317424909","0.380928218284878","2.35385452721352","0.498401981344293","0.149437218448662","0.9988","0.768381816179089","0.361947264059098","0.553917426982302","0.490510144312855","0.602286462732067","10_05"
"10.5588608989579","1.16755430043483","0.307465101777902","2.38072787136373","0.558860898957894","0.207589295803771","0.9988","0.711448122742328","0.65870851976797","0.656606116176756","0.562804901812856","0.800169856963958","10_05"
"10.6574297747184","1.00554438628404","0.387602310515877","2.12364745834026","0.657429774718376","0.167814463984251","0.994","0.681179318924694","0.518411804579584","0.640271135997135","0.394371594263463","0.582498361923432","10_05"
"10.5391950844996","1.07693868029487","0.349569225212757","2.34994828041538","0.539195084499628","0.168205329077245","0.9986","0.751628400820032","0.539835348214514","0.69020450983577","0.285709771184769","0.532090186959542","10_05"
"10.9106558660828","0.871760642917309","0.446322461353058","1.60749386975078","0.910655866082829","0.174131291814848","0.951","0.572853363351896","0.577510603936389","0.723710946040228","0.31627170718275","0.476351245073602","10_05"
"10.6303376825186","1.1803503230995","0.289585177056837","2.29416987186199","0.630337682518588","0.241107176979627","0.9966","0.652280186923328","0.739229461863319","0.649084589802314","0.896372553892434","0.37915020012339","10_05"
"10.6796018631009","1.10395215776524","0.33561728840802","2.17710697870988","0.679601863100893","0.203296443041297","0.9946","0.711448122742328","0.418774545696308","0.879486134816618","0.562804901812856","0.800169856963958","10_05"
"10.9184350363856","0.997015090103525","0.386377041779312","1.73523013769277","0.918435036385561","0.205004121296049","0.9652","0.637488388693056","0.586174460752037","0.966294348924683","0.24157932801164","0.269191718147306","10_05"
"10.4513738748464","0.873500032862057","0.451272045593482","2.25278962523393","0.451373874846408","0.133723119934617","0.9926","0.746554936186937","0.387688124068169","0.129306000424549","0.712533626904146","0.613346880724177","10_05"
"0.979635743434924","0.533138684574498","0.599266095875606","0.797806524145705","0.979635743434924","0.166129161871481","0.6756","0.357248281361535","0.736538618543417","0.627335292637126","0.319084919623528","0.478154308722655","10_05"
"10.5621884616113","1.10511801713948","0.339056105021694","2.31963449999157","0.562188461611277","0.190443868917896","0.9982","0.699969265178286","0.573331064811911","0.58531249756435","0.628381322509317","0.577173276637407","10_05"
"10.7383429606168","1.02598971425846","0.374185806123212","2.04186786291044","0.738342960616773","0.183700576071575","0.9874","0.664916427916498","0.609618802867197","0.748243736241128","0.32756854248476","0.695790740121169","10_05"
"10.6574297747184","1.00554438628404","0.387602310515877","2.12364745834026","0.657429774718376","0.167814463984251","0.994","0.681179318924694","0.518411804579584","0.640271135997135","0.394371594263463","0.582498361923432","10_05"
"10.7066273524597","0.844417382259688","0.457845106497966","1.9141044219501","0.706627352459711","0.133821239081191","0.9836","0.666209388051212","0.185043199091697","0.660684520473501","0.488053860052403","0.594706914261566","10_05"
"10.6205395862876","1.05999191589214","0.36143753386097","2.21656636034454","0.620539586287604","0.178352962006685","0.9966","0.693298763136826","0.59153112321785","0.6422338249989","0.407892611602894","0.487484568572863","10_05"
"10.535338550811","0.72273212630943","0.516582398224343","1.95084389310875","0.535338550811007","0.0968712449649647","0.9836","0.691005969147902","0.29419990455242","0.247469323278765","0.430864958852333","0.563556049516962","10_05"
"10.8419243124268","1.10247271516895","0.335126856976812","1.93440218036764","0.841924312426803","0.237699369232447","0.9784","0.630369856464801","0.729531690597519","0.849732508298223","0.548576796418978","0.69474193837038","10_05"
"10.6095775662339","0.993729344295335","0.396103264483251","2.18094283101964","0.609577566233932","0.156720469131479","0.9974","0.727232427750379","0.262788582277993","0.704926078650243","0.668890882043906","0.439839504391808","10_05"
"10.9184350363856","0.997015090103525","0.386377041779312","1.73523013769277","0.918435036385561","0.205004121296049","0.9652","0.637488388693056","0.586174460752037","0.966294348924683","0.24157932801164","0.269191718147306","10_05"
"10.9184350363856","0.997015090103525","0.386377041779312","1.73523013769277","0.918435036385561","0.205004121296049","0.9652","0.637488388693056","0.586174460752037","0.966294348924683","0.24157932801164","0.269191718147306","10_05"
"10.9106558660828","0.871760642917309","0.446322461353058","1.60749386975078","0.910655866082829","0.174131291814848","0.951","0.572853363351896","0.577510603936389","0.723710946040228","0.31627170718275","0.476351245073602","10_05"
"10.7967938491677","1.00851665626758","0.381997256880483","1.91299395865874","0.796793849167681","0.191826843533936","0.9812","0.65299279382343","0.500236241626453","0.818135719388892","0.415054080967847","0.423770443616054","10_05"
"10.5611869975375","1.06593674062137","0.358935201018639","2.29240244823667","0.561186997537451","0.176680229265398","0.9978","0.706186508428303","0.524731756436507","0.57439022118207","0.55028010596687","0.76918191361694","10_05"
"10.8195713845652","0.972314011312023","0.398762597200475","1.86729854173699","0.819571384565199","0.181772752817886","0.9776","0.631816630368022","0.63390754291719","0.761620285685013","0.293761911779792","0.16806328067659","10_05"
"10.7746807387673","1.02089757538469","0.377720961146639","1.94784334438487","0.774680738767343","0.194833262463759","0.9826","0.614137449473287","0.778938692577298","0.666782173737957","0.403796159987458","0.618273265550002","10_05"
"10.6205395862876","1.05999191589214","0.36143753386097","2.21656636034454","0.620539586287604","0.178352962006685","0.9966","0.693298763136826","0.59153112321785","0.6422338249989","0.407892611602894","0.487484568572863","10_05"
"10.7746073550404","0.990530401208058","0.389109045590968","1.9478185303602","0.774607355040386","0.181560416686319","0.984","0.63639098584342","0.690642945422888","0.710073505710406","0.309998017469126","0.515352809548274","10_05"
"10.6481253510328","1.0910876426808","0.344493394857775","2.20093952906488","0.648125351032773","0.196797970300104","0.9954","0.705617662869209","0.445070873195157","0.781850685336169","0.603661733961065","0.724154765209733","10_05"
"10.8280058130175","0.877700527321506","0.446979568057724","1.76959206436939","0.828005813017481","0.161642328415087","0.9706","0.603308706645994","0.465556664211767","0.664201692910865","0.37273271031277","0.666693317378648","10_05"
"10.7897959869991","0.975736733122211","0.397505253201455","1.90242561250541","0.789795986999133","0.183165348431687","0.981","0.614975552331031","0.637061630494006","0.664088133513515","0.425271987241632","0.600757474121913","10_05"
"10.4306050952619","0.915307612837781","0.430007091672512","2.32177579979054","0.430605095261943","0.141197418778945","0.9944","0.705799725051406","0.547034737313062","0.0715024236124009","0.587524490361108","0.653188368391633","10_05"
"10.9106558660828","0.871760642917309","0.446322461353058","1.60749386975078","0.910655866082829","0.174131291814848","0.951","0.572853363351896","0.577510603936389","0.723710946040228","0.31627170718275","0.476351245073602","10_05"
"10.7399076813541","0.947103833688787","0.413311157880575","1.96626400929896","0.739907681354073","0.16253564836274","0.986","0.627543286039282","0.725194516514413","0.604584110326135","0.267020230146319","0.570941220103064","10_05"
"10.6566530597694","1.03279972608287","0.373326104761703","2.15155855777328","0.656653059769367","0.177734667048876","0.9946","0.676832841164831","0.544495146853255","0.643374265533905","0.457778924533896","0.702062963698425","10_05"
"10.6485184654356","1.09048840333066","0.344782903807991","2.20654899811868","0.648518465435587","0.188003187235904","0.9954","0.688090778328508","0.783897633897535","0.703841950165592","0.291983460898393","0.49308862248487","10_05"
"10.6322371419074","1.0240474369186","0.377216053546262","2.17452286315324","0.632237141907351","0.166050912007386","0.9952","0.70042056393953","0.55025861123017","0.665149090895796","0.316980636393081","0.526777668724425","10_05"
"5.99666335457173","0.999346615664826","0.382825478593448","1.58582607396599","0.996663354571733","0.222988063527838","0.942","0.59786005545727","0.867486454019631","0.942532028949653","0.258665298324787","0.577390341938217","10_05"
"10.8708163299003","0.982424413688399","0.393863494812135","1.76859918609354","0.870816329900264","0.198078496306543","0.969","0.58383816163897","0.920375947768408","0.718490109722734","0.313340437090882","0.59036282152759","10_05"
"10.7792276035705","0.937132518493773","0.416803090194721","1.88760191283484","0.779227603570534","0.171138117608612","0.9824","0.632662373909466","0.44579327379502","0.694867311027235","0.465233891745744","0.733812267297163","10_05"
"10.6939751301563","0.928127351695962","0.419198479515132","2.00912809322421","0.693975130156341","0.15099395633835","0.9904","0.662377414370877","0.59450927099456","0.629925947650848","0.20940347038462","0.584825470281593","10_05"
"10.5309999823496","1.11351482297008","0.333974031449617","2.38042307262498","0.530999982349555","0.180504027351876","0.9988","0.744506600017328","0.581107860202193","0.667289243938874","0.376621746394582","0.49279708680798","10_05"
"10.8338423606441","0.936855708554069","0.415856357780277","1.8145360917538","0.833842360644089","0.175661151769662","0.9736","0.617088329077996","0.579743428131238","0.733269704186703","0.314615440156201","0.372900136185065","10_05"
"10.6443805250175","1.06212743658002","0.359951768587076","2.19007820183828","0.644380525017462","0.179888112484305","0.9954","0.686169476156917","0.626526810600976","0.660701719214829","0.381947890405991","0.430625174887622","10_05"
"1.16448622638652","0.763592560055792","0.495235759460975","0.894812196108502","1.16448622638652","0.218967922479725","0.7122","0.48998980014585","0.586174460752037","0.966294348924683","0.24157932801164","0.269191718147306","10_05"
"10.7652669807215","0.883209014272681","0.447914067302568","1.86461435263016","0.765266980721523","0.152011747417963","0.98","0.63798930975543","0.329134641507944","0.663351963667464","0.450211962159961","0.595832174627941","10_05"
"5.96837511204999","0.976608349096409","0.399182464638603","1.61373428652982","0.968375112049992","0.207118126070929","0.9494","0.617221805113352","0.579029660381234","0.965541758375466","0.260102709390009","0.469421422812243","10_05"
"10.8005601430253","0.983803638467047","0.393961640474671","1.89488151061135","0.800560143025295","0.183200661900447","0.98","0.640210330935142","0.585893090718481","0.763626774669493","0.329193307227973","0.237248417942849","10_05"
"10.9106558660828","0.871760642917309","0.446322461353058","1.60749386975078","0.910655866082829","0.174131291814848","0.951","0.572853363351896","0.577510603936389","0.723710946040228","0.31627170718275","0.476351245073602","10_05"
"0.900518149339502","0.479564056643067","0.622371685362722","0.642332073733511","0.900518149339502","0.162294727055475","0.586","0.33364394819364","0.635499397220542","0.629560988885976","0.31071661849362","0.554300101033991","10_05"
"10.8305462225044","0.926147265869301","0.42112551368892","1.79779964110839","0.830546222504424","0.17287405105558","0.973","0.6067145663055","0.66720572323026","0.698734067480387","0.27257531883545","0.492992364142675","10_05"
"10.8702508993303","0.894436751556165","0.433856070054278","1.6996978587129","0.870250899330311","0.172810525522703","0.9638","0.593119946931601","0.584655404307192","0.724463536589445","0.297748325804381","0.276121540408665","10_05"
"10.7791185676956","0.866944034839717","0.456258646881404","1.83060890809985","0.779118567695599","0.14837717655786","0.978","0.631528784941776","0.32146522179552","0.661534249716902","0.410574608205212","0.665568057012273","10_05"
"10.7311882914766","0.963921480754154","0.405685429721025","1.990609297116","0.731188291476626","0.165832107934866","0.9876","0.654118454314389","0.529421709329601","0.674444742761113","0.333959543880616","0.543444329098399","10_05"
"10.9184350363856","0.997015090103525","0.386377041779312","1.73523013769277","0.918435036385561","0.205004121296049","0.9652","0.637488388693056","0.586174460752037","0.966294348924683","0.24157932801164","0.269191718147306","10_05"
"10.70083721623","0.964407650845317","0.40409324097253","2.03421125348003","0.700837216230049","0.163107885594769","0.9914","0.672570439132711","0.451116266646063","0.686432673090156","0.361457524367274","0.549156198626998","10_05"
"10.5822776719091","0.958400533577441","0.407744667009507","2.18131146130927","0.582277671909139","0.147000165688974","0.9956","0.687253937302115","0.51500813557823","0.468928886140072","0.411219639195867","0.569619494508418","10_05"
"10.8397753398128","0.885080277352338","0.441055165704938","1.76096348151762","0.839775339812831","0.164760857391274","0.969","0.603124882686679","0.510317926148292","0.689268985988335","0.325614035234062","0.592857589775308","10_05"
"10.6806140522207","1.14186851595707","0.31534939352355","2.2125562012076","0.680614052220652","0.224279945596531","0.9948","0.67674309628709","0.686427066348404","0.777518304373093","0.547860003472843","0.713136421292337","10_05"
"10.7397584418267","1.0339189218959","0.367797837914609","2.03263762941717","0.739758441826746","0.188530932765643","0.9874","0.65753296766856","0.651704219689485","0.741472572333299","0.349252545746039","0.621396227814197","10_05"
"10.6601948048448","1.0261864505793","0.375346067078059","2.14585200295324","0.660194804844764","0.175707093390383","0.9942","0.675168713403222","0.576314228483789","0.639280665804683","0.407070158160736","0.666871673062925","10_05"
"10.9030373731653","0.908216706648056","0.430358363456363","1.65973960455817","0.903037373165341","0.180335356455997","0.9602","0.587581664641923","0.631674718722341","0.752061527538539","0.295418178806341","0.271514389565127","10_05"
"10.7880261784272","0.97780700994085","0.39688130785212","1.9049930126221","0.788026178427156","0.180462321281785","0.9812","0.638945917347931","0.598911855534063","0.743152391469084","0.319706632976695","0.224922674361831","10_05"
"10.8198879166136","1.00475331567245","0.383312108778924","1.88560494960992","0.819887916613598","0.192784523960487","0.9788","0.64459909325631","0.548250693825162","0.816129230404412","0.379622685519666","0.354585306349794","10_05"
"10.8958061032942","0.865413180786366","0.45099300980101","1.62074336909546","0.895806103294244","0.170920003776509","0.9552","0.573037187311211","0.532749341999865","0.698643652962758","0.363390382261458","0.550186972676942","10_05"
"10.769076007952","1.01190238673198","0.381541636979143","1.95129539969025","0.769076007952027","0.189838434032288","0.984","0.621520909721225","0.73685327575501","0.673553337645787","0.382112156726179","0.692667777856974","10_05"
"10.5382791462311","0.82573311741158","0.469186621778596","2.09916420644301","0.538279146231125","0.117031773824036","0.992","0.673278500676933","0.455421140645707","0.283098086228058","0.406903432440843","0.535464529966837","10_05"
"10.6691222099405","1.02261138059617","0.377785323171434","2.12643805024561","0.669122209940458","0.175703732345998","0.994","0.681729727247008","0.51782456634317","0.678093797548938","0.418579796583521","0.538639338119438","10_05"
"10.8280058130175","0.877700527321506","0.446979568057724","1.76959206436939","0.828005813017481","0.161642328415087","0.9706","0.603308706645994","0.465556664211767","0.664201692910865","0.37273271031277","0.666693317378648","10_05"
"10.7447186610246","0.9916896073003","0.392659044659359","1.98741286757876","0.744718661024576","0.17930312873678","0.9868","0.643012016055405","0.537582499424052","0.671114554701034","0.45959789047568","0.629291609467397","10_05"
"10.5948123738971","0.806066064930824","0.478860482053204","2.01767227852095","0.59481237389711","0.116292142584308","0.9894","0.684931350770482","0.297603573553774","0.418811573135828","0.414016913919929","0.576434916931975","10_05"
"10.6934027064161","0.948541520572916","0.411727261973734","2.02479264679992","0.693402706416092","0.155875980845936","0.9908","0.664041542132486","0.562690189364026","0.634019547380071","0.26011223675778","0.620016760917094","10_05"
"10.9184350363856","0.997015090103525","0.386377041779312","1.73523013769277","0.918435036385561","0.205004121296049","0.9652","0.637488388693056","0.586174460752037","0.966294348924683","0.24157932801164","0.269191718147306","10_05"
"10.9106558660828","0.871760642917309","0.446322461353058","1.60749386975078","0.910655866082829","0.174131291814848","0.951","0.572853363351896","0.577510603936389","0.723710946040228","0.31627170718275","0.476351245073602","10_05"
"10.7820525945695","1.01979007387621","0.372908657793604","1.94327709380586","0.782052594569481","0.193699891879521","0.983","0.645602192505208","0.628931503975218","0.775430031900526","0.369246833980761","0.522416932989282","10_05"
"10.7115206725076","0.932745177402551","0.420855783361996","1.98576967548142","0.711520672507624","0.156571745382939","0.9892","0.667371266741301","0.384996669904453","0.676571892886341","0.38197232854995","0.589271030248592","10_05"
"10.8366113198663","0.941573372639048","0.413953532691995","1.81754484528562","0.836611319866325","0.177131018343028","0.9734","0.620197786218098","0.552711387659254","0.747378895778185","0.326356670387169","0.544814343532796","10_05"
"10.8008031964854","0.976466395327387","0.395610601280693","1.88344405114315","0.800803196485355","0.182842140676295","0.9794","0.631903942756113","0.624963719197378","0.737980647373885","0.325595843842684","0.597463213711098","10_05"
"10.8026704104374","0.992552026427111","0.39016899374171","1.90509922912613","0.802670410437384","0.185106278203436","0.9804","0.648939874277299","0.53360722658458","0.798599465674953","0.338734755531106","0.487951255602617","10_05"
"10.7778521091146","0.988530004619371","0.390533938788079","1.93599222516081","0.777852109114621","0.18208061812288","0.9836","0.642717353990443","0.606483928623345","0.736761629146116","0.338272142059556","0.396833150288164","10_05"
"10.7351876559095","1.00578463739724","0.385182209771995","2.01964887861811","0.735187655909499","0.177471037056664","0.9876","0.665558371807187","0.573624082826179","0.739369343360084","0.306163668785865","0.511408563317427","10_05"
"10.7305631324956","0.998606184413461","0.389432996433524","2.00904174197999","0.730563132495592","0.17842185578233","0.9878","0.645573594868544","0.583667459017015","0.661641855528363","0.414455311668605","0.511947095181648","10_05"
"10.7730418284387","0.911974748518398","0.431496374394464","1.87851573336719","0.773041828438656","0.161241710425994","0.9812","0.630522585952236","0.471969226956282","0.664383289425177","0.352211323910991","0.542194502673745","10_05"
"10.8469037652838","0.835208987090153","0.468023497845958","1.68882040710868","0.846903765283808","0.155034329768591","0.9624","0.59551842361705","0.342053823362099","0.683033693375836","0.449317268981972","0.577446540742566","10_05"
"10.7818089940143","0.947371441487335","0.410530686985501","1.89736237183308","0.781808994014293","0.169985420239802","0.9826","0.635590833069981","0.571736222453038","0.704781806881073","0.29864301898237","0.29450717429404","10_05"
"10.6357419604705","1.02874397802289","0.376181589511692","2.17424212363937","0.63574196047052","0.172438018160071","0.9954","0.679018841244468","0.591736753193458","0.604937750548098","0.40930702137077","0.281969968104039","10_05"
"10.7448197242326","0.978148357590101","0.398804379921907","1.97801521066328","0.744819724232608","0.173267336651282","0.9866","0.6497776732934","0.544065176570183","0.691974507490572","0.374847473869176","0.410078379845575","10_05"
"10.757102532688","0.917449421577391","0.429227034571146","1.91186472866033","0.757102532688049","0.160104950820196","0.9838","0.64318848214684","0.395254238249554","0.673212743871279","0.429697157977285","0.555717343006348","10_05"
"10.7421786992374","1.05941267806974","0.357643678823277","2.04276952689381","0.742178699237396","0.197212070692353","0.9884","0.663795786110715","0.6096466324099","0.775413303364146","0.407749661507539","0.711514947607052","10_05"
"10.6601948048448","1.0261864505793","0.375346067078059","2.14585200295324","0.660194804844764","0.175707093390383","0.9942","0.675168713403222","0.576314228483789","0.639280665804683","0.407070158160736","0.666871673062925","10_05"
"10.7447502408002","1.07602874320163","0.351454593656964","2.04280022009232","0.744750240800168","0.20739152655575","0.988","0.653157641111518","0.662673524656985","0.76573177567844","0.469303649193277","0.238869891628135","10_05"
"10.7703737788966","1.01495597222768","0.377553207357456","1.96769256547708","0.770373778896628","0.18819103275755","0.9842","0.656529868419662","0.57102340953943","0.782171770837185","0.359628397284944","0.453564601174709","10_05"
"10.7744390506187","0.952959579741365","0.410212475231586","1.91597097132242","0.774439050618736","0.170763728612853","0.9838","0.638917370608279","0.520413713133285","0.695101301155454","0.365158679800011","0.527632354003234","10_05"
"10.7539472516904","0.979910309268975","0.398433971270031","1.96618927521488","0.753947251690406","0.1751660738778","0.986","0.641443169509896","0.57273294826703","0.679049092172877","0.381419270859784","0.625588768103642","10_05"
"10.8924723196853","0.862133327954231","0.451818454532567","1.62104885840611","0.892472319685273","0.168063009437403","0.9554","0.575161857584551","0.568794386071206","0.701232621779007","0.301202280368866","0.508273184527768","10_05"
"10.803049233027","0.928382127353256","0.419559642124992","1.8410789777721","0.80304923302704","0.170290696316062","0.977","0.623137427403723","0.543499629207518","0.705516864879643","0.328450672074866","0.285291664185361","10_05"
"10.7438219598848","0.921679822431433","0.426469857074041","1.93798758999399","0.743821959884837","0.157957516392057","0.985","0.635655791106593","0.550482199833425","0.624272273987446","0.312293279699522","0.43066478779837","10_05"
"10.6601948048448","1.0261864505793","0.375346067078059","2.14585200295324","0.660194804844764","0.175707093390383","0.9942","0.675168713403222","0.576314228483789","0.639280665804683","0.407070158160736","0.666871673062925","10_05"
"10.6847682923012","0.945823680523237","0.416427699557874","2.03169394969185","0.684768292301176","0.15442735221034","0.9922","0.678585191043804","0.371993993091905","0.66241182735393","0.417704540897346","0.514510254333914","10_05"
"10.8750016148795","0.901816578152145","0.434165290073508","1.69226956950396","0.875001614879529","0.174834626085244","0.9634","0.590995276658262","0.548610360235851","0.721874567773195","0.359936427696973","0.318035328557839","10_05"
"10.6397101776313","0.863861334843391","0.456201995287446","2.00860693278324","0.639710177631308","0.134924375413132","0.9902","0.625204374212263","0.536613659534623","0.41088733977915","0.390028331547662","0.376314131733593","10_05"
"10.7214652442252","1.00568416098121","0.384663851783744","2.02168932277143","0.72146524422517","0.178240882233278","0.989","0.65264817934404","0.615236594134043","0.680936918563066","0.36215041023367","0.61623520838033","10_05"
"10.3121813528789","1.25745849493949","0.280113910687258","2.76365871409197","0.312181352878869","0.16668632803814","1","0.8","0.7","0.5","0.4","0.4","15_05"
"10.3121813528789","1.25745849493949","0.280113910687258","2.76365871409197","0.312181352878869","0.16668632803814","1","0.8","0.7","0.5","0.4","0.4","15_05"
"0.631855253868143","0.366876596781409","0.679607777865905","0.270862868980354","0.631855253868143","0.161135208651869","0.3268","0.2655086631421","0.380035179434344","0.79423986072652","0.0706790471449494","0.34668348915875","15_05"
"0.504838584743136","0.402759955122574","0.663419533949872","0.870984187330155","0.504838584743136","0.0728069201303279","0.5952","0.37212389963679","0.777445221319795","0.107943625887856","0.0994661601725966","0.333774930797517","15_05"
"10.747256411569","1.04307744964033","0.383910211708942","2.08172834398818","0.747256411568982","0.170482654131251","0.9952","0.572853363351896","0.934705231105909","0.723710946040228","0.31627170718275","0.476351245073602","15_05"
"10.3250007687556","0.977704150088553","0.415357495737317","2.5231055314508","0.325000768755563","0.104886484333568","0.9994","0.908207789994776","0.212142521282658","0.411274429643527","0.518634263193235","0.892198335845023","15_05"
"0.260076545590072","0.258527572743601","0.72198572353969","0.0306583642804686","0.260076545590072","0.208806347630868","0.1544","0.201681931037456","0.651673766085878","0.820946294115856","0.662005076417699","0.864339470630512","15_05"
"10.2792570455791","1.08789188750057","0.363394672485541","2.6951211276593","0.2792570455791","0.117550881033262","1","0.898389684967697","0.125555095961317","0.647060193819925","0.406830187188461","0.389989543473348","15_05"
"10.1822443645689","1.33679128694363","0.247702618521681","2.97959154016172","0.182244364568942","0.180056363185066","1","0.944675268605351","0.267220668727532","0.78293276228942","0.912875924259424","0.777320698834956","15_05"
"10.5545204641273","0.894171966456131","0.449683551494299","2.16169409385695","0.554520464127346","0.118740892761656","0.9974","0.660797792486846","0.386114092543721","0.553036311641335","0.293603372760117","0.960617997217923","15_05"
"10.5807818583129","0.763984062276752","0.514584920112515","1.91872882404087","0.580781858312885","0.100237262888782","0.969","0.62911404389888","0.0133903331588954","0.529719580197707","0.459065726259723","0.434659484773874","15_05"
"0.0262229550451901","0.0637378964136914","0.774071013803683","0.00281934053846982","0.0262229550451901","0.279800177158407","6e-04","0.0617862704675645","0.382387957070023","0.789356231689453","0.332394674187526","0.712514678714797","15_05"
"0.453464728781557","0.360080962921706","0.68063514135829","0.648028108247407","0.453464728781557","0.0774680407102748","0.521","0.205974574899301","0.86969084572047","0.023331202333793","0.65087046707049","0.399994368897751","15_05"
"0.120940343483329","0.232932358122892","0.710765462764952","0.0129580497961308","0.120940343483329","0.201877745594328","0.2346","0.176556752528995","0.34034899668768","0.477230065036565","0.258016780717298","0.325352151878178","15_05"
"10.5330487160042","1.10696257869233","0.354692767987351","2.39773048977874","0.533048716004204","0.162581269883328","0.9998","0.687022846657783","0.482080115471035","0.7323137386702","0.478545248275623","0.757087148027495","15_05"
"6.00557973102892","0.647537429088393","0.562734115648904","1.16607768368086","1.00557973102892","0.147756088584178","0.8564","0.384103718213737","0.599565825425088","0.692731556482613","0.766310670645908","0.202692255144939","15_05"
"10.4272412891734","0.921057557502605","0.440829133440936","2.34884220197909","0.427241289173378","0.103843239223722","0.998","0.769841419998556","0.493541307048872","0.477619622135535","0.0842469143681228","0.711121222469956","15_05"
"5.97488232782962","0.770587901115871","0.5040871150846","1.47382856489683","0.974882327829623","0.150951393179898","0.9238","0.497699242085218","0.186217601411045","0.8612094768323","0.875321330036968","0.121691921027377","15_05"
"10.4049397659585","1.14831483541631","0.333267114257359","2.57412257473498","0.404939765958473","0.148670056547114","1","0.717618508264422","0.827373318606988","0.438097107224166","0.339072937844321","0.245488513959572","15_05"
"10.1365638812442","1.53076489036948","0.133434153855545","3.13197225579713","0.136563881244246","0.259658498291976","1","0.991906094830483","0.668466738192365","0.244797277031466","0.839440350187942","0.14330437942408","15_05"
"0.380364327066939","0.285711750396163","0.696243362339966","0.0557665841975409","0.380364327066939","0.142598615026812","0.4148","0.1","0.1","0.1","0.1","0.1","15_05"
"0.425959514745418","0.308892834925634","0.69210097450242","0.0869407798285105","0.425959514745418","0.125124394732888","0.4262","0.2","0.2","0.2","0.2","0.2","15_05"
"0.57966633987712","0.376609325688324","0.676049775346941","0.582026722850191","0.57966633987712","0.0895525068001062","0.5156","0.3","0.3","0.3","0.3","0.3","15_05"
"5.70449651444111","0.515921770080456","0.617970144940688","1.20790602509677","0.704496514441114","0.0943773201433727","0.806","0.4","0.4","0.4","0.4","0.4","15_05"
"10.7376527774478","0.736926056492696","0.519966850645686","1.73333875376014","0.737652777447848","0.118254291654185","0.9724","0.5","0.5","0.5","0.5","0.5","15_05"
"10.6361745250142","1.02422876271851","0.392404695958353","2.18358959587569","0.636174525014178","0.155582615670002","0.998","0.6","0.6","0.6","0.6","0.6","15_05"
"10.4286812980771","1.3044936076641","0.257344603495594","2.65890850995277","0.428681298077117","0.207624336805501","1","0.7","0.7","0.7","0.7","0.7","15_05"
"10.2140081227061","1.51824424455401","0.142263135343832","3.03661114642329","0.214008122706104","0.273348583457654","1","0.8","0.8","0.8","0.8","0.8","15_05"
"10.0755950611469","1.67287358561749","0.0691591676477579","3.26595752030795","0.0755950611468808","0.353111659165","1","0.9","0.9","0.9","0.9","0.9","15_05"
"10.0188638235997","1.76993831772364","0.0282786656109725","3.39056818353233","0.0188638235996512","0.441667401454158","1","1","1","1","1","1","15_05"
"10.730784807281","1.03204534426657","0.392141341206217","2.08874189076599","0.730784807280973","0.165802610942565","0.9952","0.576250326743874","0.862029359166204","0.706114586895134","0.329877456513336","0.602729813971943","15_05"
"10.2506363854732","1.25546697959127","0.284809492093521","2.82796238445954","0.250636385473224","0.159258088678467","1","0.890221909670994","0.379864949603735","0.655651111785384","0.474981363903004","0.434708552363912","15_05"
"10.4321292356444","0.941303868577784","0.434097748367985","2.34892548682769","0.432129235644413","0.110162557710421","0.9992","0.762875326237411","0.069813003026444","0.609693567110033","0.457092415258254","0.418314725031277","15_05"
"10.747256411569","1.04307744964033","0.383910211708942","2.08172834398818","0.747256411568982","0.170482654131251","0.9952","0.572853363351896","0.934705231105909","0.723710946040228","0.31627170718275","0.476351245073602","15_05"
"10.7376527774478","0.736926056492696","0.519966850645686","1.73333875376014","0.737652777447848","0.118254291654185","0.9724","0.5","0.5","0.5","0.5","0.5","15_05"
"10.1629986050938","1.52024396136734","0.143067066701259","3.10066677215411","0.162998605093804","0.258013195124389","1","0.872133711185018","0.692189263265673","0.897255833573444","0.61525928092004","0.82588181478837","15_05"
"10.4969990340884","0.983051691222238","0.419915877676233","2.3078386814268","0.496999034088411","0.122685541462021","0.9994","0.640606604156572","0.720011830434005","0.329834524153157","0.394225695037649","0.371974394124593","15_05"
"5.71698137863581","0.557428741056848","0.603004063461625","1.29721961056002","0.716981378635809","0.0967239346039355","0.8434","0.43629159281811","0.264087538636232","0.448318165701607","0.544711493567","0.539458345889456","15_05"
"10.747256411569","1.04307744964033","0.383910211708942","2.08172834398818","0.747256411568982","0.170482654131251","0.9952","0.572853363351896","0.934705231105909","0.723710946040228","0.31627170718275","0.476351245073602","15_05"
"10.4220841088314","1.33578928122187","0.240538910773356","2.68787257171343","0.422084108831371","0.217513992428759","1","0.696603036608023","0.772675871939705","0.717596359145094","0.686394250669414","0.573621431101658","15_05"
"10.2486138341964","1.46383026288764","0.171555912280297","2.96185950890607","0.248613834196366","0.245181598159206","1","0.783178002846172","0.803660877483501","0.682134769451384","0.728527741930822","0.727934500880167","15_05"
"10.3973808397797","1.34838978783603","0.233957908378131","2.71753818363378","0.397380839779746","0.22119089022057","1","0.714889135472765","0.689890852205362","0.735057905096756","0.763285967355583","0.831205333239124","15_05"
"10.5680927480377","0.989137765755166","0.413237075684345","2.23796709587524","0.568092748037741","0.139229687753337","0.9992","0.653612188820023","0.441921326493254","0.624491574309909","0.476756427122931","0.627388454970682","15_05"
"10.3123077781899","1.02890773563068","0.392837012625271","2.58771630747105","0.312307778189906","0.112229966096402","1","0.898803209322144","0.238558481096867","0.475231704901135","0.414647901523988","0.792361051542505","15_05"
"10.5615621343923","0.801123940465224","0.498869587521666","2.00437846771668","0.561562134392276","0.10250838890133","0.9802","0.651875446634569","0.0181795813461773","0.551062278841178","0.685646237117609","0.0222068231087178","15_05"
"10.1058727633026","1.56563641606252","0.116917295246112","3.18924968027347","0.105872763302578","0.267016949244137","1","0.991538529042343","0.688156126522117","0.447304846006515","0.759881816568973","0.379411361445427","15_05"
"10.5683016082295","0.867146241736068","0.471666680496949","2.09664039515365","0.568301608229493","0.113342627807479","0.9934","0.66252470173664","0.0535491221366767","0.637541744557998","0.460854547412415","0.564358177830687","15_05"
"10.1549998728567","1.48984409236038","0.157657345039959","3.08964382633135","0.154999872856684","0.232451130889614","1","0.923354387966004","0.652626719953103","0.555490669585185","0.683888653258878","0.187936264689507","15_05"
"5.58060883665614","0.627639946686354","0.577163698719438","1.64863916591606","0.580608836656142","0.0835256744595028","0.9308","0.531517295480218","0.75743339088579","0.278109101734699","0.105240465134948","0.361800536672925","15_05"
"10.1172879956006","1.60263567606984","0.1000363572052","3.18528118424346","0.117287995600593","0.302422859650805","1","0.877238597264311","0.895210751812718","0.878657301356529","0.673419489142114","0.566564694459134","15_05"
"10.2981575246333","1.28947507991633","0.268628676290092","2.80652968063845","0.298157524633278","0.171498265384517","1","0.809404580672633","0.67358404018579","0.436042724742392","0.503986361669247","0.499837284302518","15_05"
"10.4315652509237","0.911158895578868","0.447487630864495","2.31580813912457","0.43156525092367","0.105375892833692","0.996","0.764628402629166","0.0691324260937687","0.567086206907599","0.40880349818993","0.406334303215945","15_05"
"10.4014692974236","1.26029214555453","0.277232118922508","2.65426075892328","0.40146929742359","0.187645833063166","1","0.70036756578814","0.680310611670248","0.497492431024951","0.779558533618969","0.463893017978654","15_05"
"10.5317378711347","0.976223015162657","0.416218862470442","2.27075798997024","0.531737871134726","0.131656233286183","0.9998","0.695190621954485","0.227770261828617","0.723722820704742","0.41039407156108","0.71236813913693","15_05"
"10.3047818110351","1.13547597375549","0.342870576848097","2.69272780624857","0.304781811035117","0.138168575389506","1","0.860611552700527","0.252223948039081","0.65676765413983","0.561193775794452","0.702274197032845","15_05"
"10.3477612071266","1.27290704899101","0.273522532220004","2.71782088268683","0.347761207126609","0.178900281452709","1","0.74759623729425","0.659918573243577","0.454506775503697","0.657440487398783","0.889924138812178","15_05"
"10.3766149422571","1.25449066564376","0.281028296172881","2.68712110551161","0.376614942257123","0.177031284861","1","0.734440505418251","0.823712441123487","0.555962337772782","0.4105451959135","0.317554013079405","15_05"
"10.225774037356","1.4057681099075","0.204315035325108","2.96596519743683","0.225774037356034","0.210634501446483","1","0.856019915390403","0.547620808071514","0.655687820424533","0.740233440272143","0.555432245100506","15_05"
"10.5545204641273","0.894171966456131","0.449683551494299","2.16169409385695","0.554520464127346","0.118740892761656","0.9974","0.660797792486846","0.386114092543721","0.553036311641335","0.293603372760117","0.960617997217923","15_05"
"10.3880615657444","1.13539288127411","0.343259898977822","2.57691193067246","0.388061565744404","0.147654572670194","1","0.755574553522262","0.497920133710297","0.421620346116481","0.634096945204687","0.712455262762067","15_05"
"10.2089250531463","1.51806275021589","0.14201046082581","3.04356522950305","0.208925053146317","0.271256074912963","1","0.803073040046298","0.836173552108029","0.778670324422711","0.747177967137997","0.73994494355574","15_05"
"10.5317378711347","0.976223015162657","0.416218862470442","2.27075798997024","0.531737871134726","0.131656233286183","0.9998","0.695190621954485","0.227770261828617","0.723722820704742","0.41039407156108","0.71236813913693","15_05"
"10.2324739106933","1.40156823970974","0.204794158485266","2.95322581652488","0.232473910693297","0.207339757810074","1","0.83924039511314","0.743514884263277","0.637756184726878","0.481236442050134","0.451783252222322","15_05"
"10.2611217569971","1.39753739038882","0.209461559398655","2.91705863537084","0.261121756997075","0.209916441458629","1","0.804729738471195","0.685775400727041","0.542862209218459","0.700783922633446","0.624417204020504","15_05"
"10.4107011967352","1.25681829585713","0.280683596821083","2.64275039408351","0.410701196735189","0.1858150840067","1","0.719563977674203","0.677699491664111","0.628238420620688","0.566488406391384","0.706625413521139","15_05"
"10.4977143713591","1.12246182178503","0.345184152838195","2.45019141112221","0.497714371359142","0.158632607663089","1","0.69964570657344","0.543079950174044","0.690062525139431","0.413063483592383","0.719397044981889","15_05"
"10.7376527774478","0.736926056492696","0.519966850645686","1.73333875376014","0.737652777447848","0.118254291654185","0.9724","0.5","0.5","0.5","0.5","0.5","15_05"
"10.5425478399639","0.873618015252455","0.461592579289949","2.14923993164825","0.542547839963916","0.114525565508573","0.9968","0.647333697224041","0.447953153380765","0.438768200252454","0.419845746445479","0.380712015293621","15_05"
"10.1904367120408","1.45256542744272","0.17861071572513","3.0377543416064","0.190436712040772","0.223798756001345","1","0.882067858606036","0.605017455926439","0.583124428877969","0.756630852193387","0.520509700534437","15_05"
"10.3751694856409","1.17382299989689","0.323024822368001","2.61874978821757","0.375169485640942","0.155150253379727","1","0.754939570353102","0.541028880304383","0.425490445082412","0.635186002423529","0.855335182445585","15_05"
"10.6907528825917","0.985685529641871","0.41304454662597","2.10189159885543","0.690752882591744","0.150814301788194","0.996","0.586331178398295","0.748577373610802","0.661042558745639","0.306583735206598","0.56658801252287","15_05"
"10.5829432710927","0.91994551258799","0.44576949268695","2.13260006284752","0.58294327109272","0.124887225288456","0.9986","0.609556605803424","0.559523658240096","0.460255289217457","0.451601698565329","0.586977133981076","15_05"
"10.2868524050124","1.23520393010037","0.291760921339938","2.78442729928819","0.286852405012434","0.155578428409539","1","0.860386095230487","0.505944481516277","0.453937651800898","0.497731283522117","0.482762584444108","15_05"
"10.4515018190892","0.844127945382808","0.476723330267758","2.19446169222185","0.451501819089163","0.0963094966386953","0.9954","0.750579306836146","0.134809048077832","0.472272912571821","0.646574375590023","0.501009637192081","15_05"
"10.2599536042573","1.46438053985438","0.17108892879312","2.95135256169405","0.259953604257283","0.250585841262646","1","0.789054692690778","0.748928051910051","0.835044882030574","0.6895274893597","0.657825084142519","15_05"
"10.3628047229027","1.24157648020912","0.291465288236491","2.68061759778186","0.362804722902709","0.170663279348323","1","0.74823122046341","0.61680982664949","0.450636676537766","0.656351430179941","0.747044219128661","15_05"
"10.4245713918563","0.981587572102321","0.410968233006861","2.41394149280105","0.424571391856327","0.117801565716325","0.9998","0.767094475205593","0.161842383693132","0.640735180428943","0.491819104061811","0.485256872333726","15_05"
"10.405083319535","1.30780753674515","0.255177041192173","2.68075154824273","0.405083319535021","0.202463318348401","1","0.69692896324725","0.743314064272219","0.587130068394286","0.741585489310138","0.479922450746764","15_05"
"10.1263527971707","1.52887056884384","0.139030135313386","3.13977672285013","0.126352797170702","0.247784851683635","1","0.965490585826711","0.630759478667192","0.519868237553079","0.743484404647729","0.414333906011496","15_05"
"10.3308831184239","1.02672152623731","0.394177380890996","2.57870419808264","0.330883118423862","0.113703284940665","1","0.8581454801241","0.159513990439718","0.583118680618486","0.478178169922572","0.623351627915064","15_05"
"10.5728875257794","0.99070888533692","0.410122541801383","2.235476868261","0.572887525779443","0.138642484331961","0.9992","0.647319977440448","0.572241950038828","0.615704698935925","0.303291344736269","0.870381229768655","15_05"
"10.544895927822","0.935796832493973","0.442792818815068","2.20790486988251","0.544895927821967","0.126152712719804","0.9992","0.656870693320686","0.381290666978642","0.500409712385838","0.673168806732274","0.233652448678704","15_05"
"10.5317378711347","0.976223015162657","0.416218862470442","2.27075798997024","0.531737871134726","0.131656233286183","0.9998","0.695190621954485","0.227770261828617","0.723722820704742","0.41039407156108","0.71236813913693","15_05"
"10.6235272976829","0.894901342133521","0.451164973152041","2.07207868746686","0.623527297682868","0.126713212618453","0.9954","0.62921842267709","0.356054823062784","0.639451886104541","0.339130305360422","0.580110857821554","15_05"
"10.747256411569","1.04307744964033","0.383910211708942","2.08172834398818","0.747256411568982","0.170482654131251","0.9952","0.572853363351896","0.934705231105909","0.723710946040228","0.31627170718275","0.476351245073602","15_05"
"10.344962881122","1.29061266436481","0.266030259633101","2.74955122866435","0.344962881122027","0.191403309329541","1","0.778722918227217","0.488351189138074","0.715795065016695","0.725858329899518","0.720905595035208","15_05"
"10.52046984009","1.08533066463517","0.363465319662918","2.38300093310856","0.520469840090041","0.151041289353706","1","0.646885095752555","0.713980003546494","0.515557898210612","0.451136375715101","0.618650833801654","15_05"
"10.4160198790497","1.30019686562276","0.260299313813494","2.66797825373131","0.416019879049683","0.201441996467046","1","0.700041639148913","0.709672419337734","0.627958721775758","0.724367294978245","0.557591998333548","15_05"
"10.3348886686244","1.38574050111793","0.215747485034125","2.81398558381499","0.334888668624391","0.221566053286994","1","0.730517879981951","0.765542516145805","0.61695630056504","0.778586821421739","0.585647096871622","15_05"
"10.319491733946","1.36522329277968","0.227102180655488","2.82042817065823","0.319491733945961","0.20866230765424","1","0.753027688652361","0.718428973007944","0.562670899911295","0.729499454128051","0.606180421987198","15_05"
"10.6237578938289","0.874765795924922","0.456955357585929","2.05940107962724","0.623757893828938","0.123332695056163","0.9952","0.62921842267709","0.356054823062784","0.639451886104541","0.239086773013696","0.580110857821554","15_05"
"10.5060102073112","1.20551764370508","0.303941440271563","2.48961318225193","0.506010207311215","0.182781195245197","0.9998","0.666221330012777","0.915339497490078","0.681991171691811","0.364597219916667","0.697661130191053","15_05"
"5.70777241128901","0.668415683268782","0.556182866260301","1.60329825404598","0.707772411289005","0.104042699849259","0.949","0.511184928813042","0.280669947930025","0.499363761647566","0.571561391950409","0.500537973881373","15_05"
"10.6832400435505","0.875914750757205","0.460411247434531","1.99134739848444","0.683240043550461","0.132430492368024","0.9932","0.577766611149531","0.487293322993177","0.591656464010883","0.446578241070685","0.566926135295913","15_05"
"10.7376527774478","0.736926056492696","0.519966850645686","1.73333875376014","0.737652777447848","0.118254291654185","0.9724","0.5","0.5","0.5","0.5","0.5","15_05"
"10.4089096409144","1.3078472621222","0.254663130551788","2.67967242443883","0.408909640914417","0.203644592850533","1","0.699047151216521","0.735008397845701","0.611895217934548","0.731702752607407","0.483774464833477","15_05"
"10.5234897030281","1.10134235587331","0.356872368384135","2.39302329745531","0.523489703028076","0.161234047859547","1","0.670310538743055","0.501200556082198","0.617068862200028","0.684992615424418","0.508904118498732","15_05"
"10.2911473932199","1.38769181011846","0.214377681037663","2.87210814255507","0.291147393219878","0.211359071374661","1","0.766216045449904","0.80226366036702","0.543465141358356","0.634924578569194","0.502062561350424","15_05"
"10.318938533386","1.33922351434843","0.241155825683","2.80360752623663","0.318938533385952","0.19773835152178","1","0.770517959514084","0.663785075491266","0.580192456981765","0.651746118117017","0.707249111362639","15_05"
"10.4773427601273","1.08113846615393","0.369004709005221","2.42321029196027","0.477342760127254","0.144577899654664","1","0.694495079575174","0.550487367071089","0.536569345594121","0.473222306753462","0.414780066420641","15_05"
"10.747256411569","1.04307744964033","0.383910211708942","2.08172834398818","0.747256411568982","0.170482654131251","0.9952","0.572853363351896","0.934705231105909","0.723710946040228","0.31627170718275","0.476351245073602","15_05"
"10.6020564062195","1.11478425102946","0.348033116501185","2.31282324990724","0.6020564062195","0.172031096569485","0.9988","0.626196011013323","0.697065225279942","0.669958194969105","0.518162893657467","0.485315528403687","15_05"
"10.7376527774478","0.736926056492696","0.519966850645686","1.73333875376014","0.737652777447848","0.118254291654185","0.9724","0.5","0.5","0.5","0.5","0.5","15_05"
"10.6907528825917","0.985685529641871","0.41304454662597","2.10189159885543","0.690752882591744","0.150814301788194","0.996","0.586331178398295","0.748577373610802","0.661042558745639","0.306583735206598","0.56658801252287","15_05"
"10.3721332815882","1.15160582202238","0.332872590912243","2.608659056157","0.372133281588197","0.148799732981581","1","0.769920732799789","0.522659468698878","0.441432860536513","0.544418767675637","0.716639182749057","15_05"
"10.5149563057166","1.07482865152259","0.37034903799566","2.37464642109382","0.514956305716629","0.148455153132654","1","0.656132948125615","0.634637648961726","0.511055780324208","0.503559284712338","0.294118854494911","15_05"
"10.4376614435776","1.20746960043834","0.302686205391201","2.57507115493724","0.437661443577599","0.175390763078146","1","0.695578880549732","0.712281381957407","0.560977831629356","0.541597900896665","0.606502769146841","15_05"
"10.747256411569","1.04307744964033","0.383910211708942","2.08172834398818","0.747256411568982","0.170482654131251","0.9952","0.572853363351896","0.934705231105909","0.723710946040228","0.31627170718275","0.476351245073602","15_05"
"10.547245688457","0.981650693642923","0.419908113001642","2.24241015878108","0.547245688457015","0.134896621786424","0.9994","0.647622840947626","0.46063302156341","0.504911830272241","0.620745897735036","0.558184427985447","15_05"
"10.5082458591166","1.17560379063123","0.316557491890357","2.47606230511074","0.508245859116635","0.178325131114967","1","0.651347854351736","0.711371040926821","0.582538788357014","0.633905769796681","0.569740062988361","15_05"
"10.5132573061212","1.11438108403285","0.351059684101381","2.40775416587495","0.513257306121168","0.160951553259546","1","0.65288025679778","0.60713820564741","0.530157576434091","0.670990734670262","0.523523947206528","15_05"
"10.5479540851518","1.0545838096877","0.383095831649003","2.31762137357694","0.547954085151843","0.146942698445902","0.9998","0.655836847181284","0.598168331252805","0.609513092298799","0.395723179246142","0.551129190069586","15_05"
"10.5287978100326","0.986040285963847","0.416517500179471","2.27246699377977","0.528797810032632","0.130255078656714","0.9994","0.646272458764026","0.551804451209296","0.441941850857157","0.501262357235205","0.598492918594265","15_05"
"10.4232362163261","1.18269916341087","0.314993839461723","2.58188183036431","0.423236216326063","0.165410995820185","1","0.733857485530551","0.56507027540982","0.652732277376125","0.462101288108811","0.636565137639754","15_05"
"10.4600893857999","1.20551134628201","0.30386302798636","2.5466226053796","0.460089385799943","0.177884250105004","1","0.694998289987371","0.737801802705889","0.644591152970893","0.440507380394922","0.82343027637419","15_05"
"10.4130766907585","1.29918406677245","0.261036463162664","2.66714251511968","0.413076690758511","0.200374980916755","1","0.697923451179642","0.717978085764252","0.603193572235497","0.734250031680977","0.553739984246834","15_05"
"10.6985670566021","0.759912622875175","0.511392654941395","1.81122153768784","0.698567056602062","0.115245646591443","0.9786","0.551451811527558","0.368761500069607","0.547795422093659","0.392552064289737","0.513184722525642","15_05"
"10.4440784950819","0.982389361221954","0.417277323421445","2.38666250697111","0.444078495081909","0.123847886412537","1","0.739394378023103","0.354139100147808","0.472909150924255","0.575012983639613","0.500471663310708","15_05"
"10.5049104773251","1.15895274776623","0.329969275452883","2.46035036439308","0.504910477325089","0.177427826327128","1","0.684190691820436","0.481863045121774","0.673973383316809","0.830385908484459","0.618594397498936","15_05"
"10.2872834554416","1.26741233138129","0.280192423155084","2.79973878564284","0.287283455441598","0.165895763424651","1","0.845404932783799","0.524313893121782","0.437995236346797","0.588498518270009","0.621458584140636","15_05"
"10.3288665180152","1.37653107441805","0.219257438227951","2.81178887622805","0.328866518015185","0.218873515480741","1","0.751192517141908","0.723021214517434","0.713102679699659","0.658383192983931","0.594570510291756","15_05"
"10.4384297516941","1.26225022800022","0.282024420375714","2.60981863032172","0.43842975169414","0.191864283788582","1","0.695315096654656","0.722076454977131","0.642529499978462","0.593706377175407","0.583480625206925","15_05"
"10.3201774402613","1.28864120877585","0.269139380691506","2.77118310665146","0.320177440261284","0.182259340371057","1","0.793259566858412","0.53630107645005","0.591850038181409","0.661818077893485","0.510662538682358","15_05"
"10.5226076891695","1.08107129073574","0.369215640159152","2.38278027725565","0.522607689169544","0.151180037176377","1","0.680889946577158","0.521755738617364","0.64125759488805","0.45418998382365","0.572004679103579","15_05"
"10.747256411569","1.04307744964033","0.383910211708942","2.08172834398818","0.747256411568982","0.170482654131251","0.9952","0.572853363351896","0.934705231105909","0.723710946040228","0.31627170718275","0.476351245073602","15_05"
"10.5975956319087","0.999244543516845","0.41196045329848","2.21315303791806","0.597595631908705","0.142882474234584","0.9988","0.630734150102925","0.530607859785633","0.603131146498957","0.454489545355846","0.631486593832088","15_05"
"10.5105794304906","1.16989213855094","0.324485800314982","2.46199743902398","0.510579430490618","0.18188887674728","1","0.684190691820436","0.481863045121774","0.707990671508014","0.830385908484459","0.618594397498936","15_05"
"10.4487413416812","1.25387704650631","0.285065957435652","2.59421870409161","0.448741341681229","0.190874516646757","1","0.688048555399653","0.727726296292401","0.634738996169328","0.604676694341456","0.563246032969573","15_05"
"10.6362319831635","1.09553602715813","0.356113823783967","2.26220338987314","0.636231983163466","0.169264674801197","0.9984","0.61054013516949","0.894376111195176","0.687587293140498","0.34177462856586","0.485067816019152","15_05"
"10.3890154055445","1.24848985237875","0.288530365676286","2.65962304428838","0.389015405544548","0.18559751593693","1","0.745040767276287","0.502020639577663","0.623732458266864","0.820518822725676","0.597105284840429","15_05"
"10.4294012281795","1.25845995048622","0.281765882130147","2.62466963744276","0.429401228179466","0.187233167660056","1","0.697606644512357","0.73370343349301","0.605255225227929","0.581051034900492","0.7936896354141","15_05"
"10.5819862594479","1.09401364576185","0.356191364801794","2.31361921203072","0.581986259447943","0.164476800685208","0.9994","0.618267803349035","0.713420668432957","0.580920772882937","0.550890000337538","0.562463070234652","15_05"
"10.7376527774478","0.736926056492696","0.519966850645686","1.73333875376014","0.737652777447848","0.118254291654185","0.9724","0.5","0.5","0.5","0.5","0.5","15_05"
"10.3790377683605","1.2352664774112","0.295164271251895","2.65885232227795","0.379037768360511","0.172640193256767","1","0.729996655566607","0.674017873392633","0.471346993354299","0.596877213915829","0.546897739935584","15_05"
"10.6192393926243","0.914693997942266","0.441811755552592","2.09841086566298","0.619239392624271","0.131736394093776","0.9978","0.615686215996886","0.495789726741254","0.585033616134942","0.376439632604097","0.562309370273665","15_05"
"10.4167814322589","1.34039871781841","0.238322739890159","2.6981107894075","0.416781432258886","0.217164787677402","1","0.682876294200401","0.921584220474896","0.655900242190871","0.628208858129115","0.10102623119019","15_05"
"10.5677734561889","1.01310991428573","0.402499005205833","2.25181938049636","0.567773456188901","0.140786956127601","0.999","0.605198764180437","0.720257963653846","0.459009381570439","0.470648550795781","0.511429114261689","15_05"
"10.6320120616045","1.28406109994211","0.268346266339107","2.40018647877579","0.632012061604518","0.231442010781199","0.998","0.651347854351736","0.711371040926821","0.985662204911932","0.633905769796681","0.569740062988361","15_05"
"10.6504709294389","1.04820506724426","0.383487158824392","2.18954180289284","0.650470929438947","0.158398090382697","0.9978","0.596206074178284","0.738829163082652","0.629497134811808","0.436157072546119","0.557081963800132","15_05"
"10.6908254889836","1.04677096765965","0.383960001635891","2.14728116270716","0.690825488983628","0.163852600281791","0.9968","0.589024220368015","0.748129408476714","0.679705921783905","0.419765601661042","0.483383716090081","15_05"
"10.747256411569","1.04307744964033","0.383910211708942","2.08172834398818","0.747256411568982","0.170482654131251","0.9952","0.572853363351896","0.934705231105909","0.723710946040228","0.31627170718275","0.476351245073602","15_05"
"10.5060102073112","1.20551764370508","0.303941440271563","2.48961318225193","0.506010207311215","0.182781195245197","0.9998","0.666221330012777","0.915339497490078","0.681991171691811","0.364597219916667","0.697661130191053","15_05"
"10.7025478429754","1.06580705970559","0.368116978730113","2.14703626685441","0.702547842975375","0.172699027436197","0.9968","0.588509239195729","0.737394345190675","0.706081847868835","0.492659972274357","0.476598957458136","15_05"
"10.8081097585413","0.945911549196284","0.431540125867873","1.91279109213268","0.808109758541253","0.156629363692011","0.987","0.541119189932942","0.766251718661358","0.706643415326946","0.346885513622175","0.563415049406177","15_05"
"10.547245688457","0.981650693642923","0.419908113001642","2.24241015878108","0.547245688457015","0.134896621786424","0.9994","0.647622840947626","0.46063302156341","0.504911830272241","0.620745897735036","0.558184427985447","15_05"
"10.6237578938289","0.874765795924922","0.456955357585929","2.05940107962724","0.623757893828938","0.123332695056163","0.9952","0.62921842267709","0.356054823062784","0.639451886104541","0.239086773013696","0.580110857821554","15_05"
"10.3138054686947","1.30454926835379","0.258385289546647","2.79490294101337","0.313805468694664","0.187222024477889","1","0.794918329411067","0.518392400169404","0.567747127918626","0.789174408864848","0.620051398716702","15_05"
"10.4587078852746","1.15487473079896","0.330197083243581","2.5055048933879","0.458707885274576","0.162302514052961","1","0.682491848647322","0.680050238183683","0.514059998861214","0.53930972188857","0.553657740009105","15_05"
"10.4179555138465","1.14719689268418","0.336885302933431","2.55117129808005","0.417955513846453","0.15647182855502","1","0.734677295193167","0.487784538074152","0.54422149174498","0.62971001788962","0.62000158292287","15_05"
"10.3941386616808","1.31052842831949","0.254638036683227","2.69541076517347","0.394138661680779","0.200870251200227","1","0.705365969994052","0.782106065911131","0.593706066408301","0.644791664327977","0.523551674008931","15_05"
"10.5626476107237","1.05265854416736","0.379462057584287","2.29355853755471","0.562647610723742","0.149682463802187","0.999","0.62188612341086","0.686066849640246","0.521396717249731","0.50334671309042","0.479888508919747","15_05"
"0.0228126508251768","0.0523173838445065","0.778489285704944","0.00241249299529975","0.0228126508251768","0.287529755385337","0","0.0155072559136897","0.860031223839398","0.717285248495281","0.343577095068139","0.512496639472794","15_05"
"10.8081097585413","0.945911549196284","0.431540125867873","1.91279109213268","0.808109758541253","0.156629363692011","0.987","0.541119189932942","0.766251718661358","0.706643415326946","0.346885513622175","0.563415049406177","15_05"
"10.7376527774478","0.736926056492696","0.519966850645686","1.73333875376014","0.737652777447848","0.118254291654185","0.9724","0.5","0.5","0.5","0.5","0.5","15_05"
"10.747256411569","1.04307744964033","0.383910211708942","2.08172834398818","0.747256411568982","0.170482654131251","0.9952","0.572853363351896","0.934705231105909","0.723710946040228","0.31627170718275","0.476351245073602","15_05"
"10.7819905318926","1.00631302728694","0.40502675926994","1.98842536577193","0.781990531892613","0.166659042959921","0.991","0.550443773170558","0.762540516402165","0.706612290795026","0.452878281591184","0.535237949768443","15_05"
"10.5638721432808","1.12209534673275","0.342940992798142","2.37151902385177","0.563872143280779","0.172462070884685","0.9994","0.669006714463374","0.526969944930407","0.783974994171725","0.491748492688019","0.569925590144675","15_05"
"10.5757900831178","0.95283419725431","0.432366377406856","2.17449093044036","0.575790083117833","0.131622824382443","0.9988","0.618481157442248","0.525946166759478","0.484462081603898","0.539508556135771","0.531618938578819","15_05"
"10.7838275119961","0.816054850280496","0.490373265802454","1.79878114776144","0.783827511996106","0.133361082012409","0.9814","0.508479207041604","0.56966601309708","0.570317156183117","0.531710241874509","0.543580292473877","15_05"
"10.5852344491758","1.05031402170398","0.377878173070864","2.26525139324082","0.585234449175804","0.152804800487202","0.999","0.607948677377035","0.713529184654631","0.532307379783039","0.519734846314104","0.539100737750942","15_05"
"10.6070147200794","0.973440446776974","0.422257821190514","2.17251858032873","0.60701472007945","0.138266989502414","0.9986","0.624091299849944","0.527836454127383","0.596371079523306","0.424211272150913","0.604487096048607","15_05"
"10.5537537096482","1.25534572288341","0.281210935033964","2.48013265241382","0.553753709648207","0.210768680030146","0.9994","0.66323108646552","0.706156834613779","0.842944805628257","0.596347260932313","0.571819151947265","15_05"
"10.5267659647965","1.15837932882438","0.324469108132444","2.43481638864984","0.526765964796483","0.172741461200615","0.9998","0.653017917943041","0.834540655624159","0.633828547440844","0.40509622581993","0.565203040529408","15_05"
"10.5574009130658","1.17827630861631","0.317091940666501","2.42548554403186","0.557400913065826","0.185714650571642","0.9998","0.649114964432191","0.731377733734112","0.698745129480318","0.528622981072507","0.550368188547494","15_05"
"10.6956637074286","1.06443026216086","0.368794428769149","2.15603388561375","0.695663707428629","0.171362671849344","0.997","0.588518544476853","0.745212073395861","0.693725695310542","0.48871977174059","0.47724409290161","15_05"
"10.4482276667175","1.14049532357553","0.337725497514335","2.50997748255803","0.448227666717509","0.159353803192321","1","0.706277153196489","0.534359070085738","0.550407930084847","0.625526005618132","0.708449325185266","15_05"
"10.5334736740817","1.05689824071656","0.376702524908165","2.3347298441396","0.533473674081749","0.148256525007302","0.9998","0.634340447685815","0.654944818457778","0.479459130238782","0.551885892395046","0.537994603668318","15_05"
"10.4770517280781","0.968455426238796","0.421474041242218","2.32872018405822","0.477051728078097","0.123786647491158","0.9994","0.726006786509036","0.256077501457185","0.599068786888061","0.58523504717198","0.705241893151704","15_05"
"10.6842933268327","1.02332175773527","0.394911881056134","2.13640545736411","0.684293326832663","0.157028237957617","0.997","0.580603658749396","0.751296378184905","0.631291844198428","0.431116346101567","0.562297090478267","15_05"
"10.5865473087517","1.01651956372025","0.401049093416247","2.23013111167423","0.586547308751717","0.144383050787279","0.999","0.609788596307431","0.643754655335878","0.51060361669982","0.519179758463029","0.518882777760775","15_05"
"10.7578402844221","1.00458786419197","0.406819245977989","2.0355766328343","0.757840284422079","0.163171655957558","0.9934","0.566453939874686","0.840925725927869","0.713069112871894","0.319580125736786","0.527269655006985","15_05"
"10.5652508663216","1.05326353047502","0.377774745046812","2.29124457764726","0.565250866321551","0.1505905683384","0.999","0.615517890152436","0.720149447432172","0.507622774670337","0.501803704819215","0.534791446745399","15_05"
"10.7747586119782","0.790500215614223","0.507428518198868","1.75408288201112","0.77475861197821","0.124578813129607","0.9674","0.556721605361831","0.114746522158384","0.704848705940326","0.351926240066726","0.558199922728042","15_05"
"10.7467984886312","1.12158015921762","0.34316408760879","2.16043411981972","0.746798488631198","0.194526775223126","0.9966","0.630734150102925","0.530607859785633","0.982425559079275","0.454489545355846","0.631486593832088","15_05"
"10.7279353971857","1.0224054556626","0.398664192461626","2.07874671447615","0.727935397185653","0.16403021741202","0.9954","0.579184655958113","0.741105547449869","0.706112972400755","0.386667204305347","0.50477605709587","15_05"
"10.6079623730998","0.943219859322499","0.433993356583866","2.13984489682623","0.607962373099847","0.134571986172663","0.998","0.622329066249867","0.498561132399504","0.591793683110594","0.406717905809029","0.589308868057146","15_05"
"10.8081097585413","0.945911549196284","0.431540125867873","1.91279109213268","0.808109758541253","0.156629363692011","0.987","0.541119189932942","0.766251718661358","0.706643415326946","0.346885513622175","0.563415049406177","15_05"
"10.5975956319087","0.999244543516845","0.41196045329848","2.21315303791806","0.597595631908705","0.142882474234584","0.9988","0.630734150102925","0.530607859785633","0.603131146498957","0.454489545355846","0.631486593832088","15_05"
"10.6384039206107","1.09285518979379","0.357367299265102","2.26173417584002","0.638403920610713","0.169518174001995","0.9986","0.60940948624802","0.81962800494857","0.677659759062776","0.395658066642857","0.689540053461778","15_05"
"10.6954670044603","1.04856686414073","0.382755489994175","2.13825621426259","0.69546700446027","0.165366044835738","0.9964","0.589014915086892","0.740311680271528","0.692062074342198","0.42370580219481","0.482738580646607","15_05"
"10.6543312421417","1.02172239823493","0.395835242792994","2.16823819611703","0.654331242141732","0.153967522479325","0.9976","0.596314018423569","0.666825697655259","0.621354092810844","0.467291000218614","0.486618452586689","15_05"
"10.7211362718656","1.10608369861298","0.352880152491724","2.17774681791595","0.721136271865606","0.186981554618537","0.9966","0.630734150102925","0.530607859785633","0.927807319239124","0.454489545355846","0.631486593832088","15_05"
"10.5907235247759","0.973076484008985","0.411209636656759","2.20546541774785","0.590723524775871","0.138617475643883","0.999","0.655479917569558","0.535552446462243","0.715398838728834","0.163083263440058","0.559901761779053","15_05"
"10.6070147200794","0.973440446776974","0.422257821190514","2.17251858032873","0.60701472007945","0.138266989502414","0.9986","0.624091299849944","0.527836454127383","0.596371079523306","0.424211272150913","0.604487096048607","15_05"
"10.7838275119961","0.816054850280496","0.490373265802454","1.79878114776144","0.783827511996106","0.133361082012409","0.9814","0.508479207041604","0.56966601309708","0.570317156183117","0.531710241874509","0.543580292473877","15_05"
"10.7747586119782","0.790500215614223","0.507428518198868","1.75408288201112","0.77475861197821","0.124578813129607","0.9674","0.556721605361831","0.114746522158384","0.704848705940326","0.351926240066726","0.558199922728042","15_05"
"10.8154522606975","0.764450029946367","0.509731565307629","1.67877370239332","0.8154522606975","0.126867441669982","0.9634","0.529856520930025","0.24774459330902","0.691791688021049","0.439458915373299","0.550897768750609","15_05"
"10.5163387356351","1.08079088853386","0.370752756154922","2.37680389799384","0.516338735635088","0.150822958490381","1","0.671856299139965","0.504483922050811","0.57155316185367","0.61751405092666","0.658363026283883","15_05"
"10.8081097585413","0.945911549196284","0.431540125867873","1.91279109213268","0.808109758541253","0.156629363692011","0.987","0.541119189932942","0.766251718661358","0.706643415326946","0.346885513622175","0.563415049406177","15_05"
"10.5984542761986","1.06632366293474","0.368292153840034","2.27225155732787","0.59845427619856","0.159179146728879","0.9986","0.606971187809813","0.738783000625798","0.56845922278042","0.509693963753427","0.49031772240659","15_05"
"10.7457133948955","0.78222586694482","0.498246971571383","1.80469891928945","0.745713394895474","0.124826417492341","0.9804","0.535344291473411","0.436667941946443","0.583374174102393","0.444177566567937","0.55088244645131","15_05"
"10.7838275119961","0.816054850280496","0.490373265802454","1.79878114776144","0.783827511996106","0.133361082012409","0.9814","0.508479207041604","0.56966601309708","0.570317156183117","0.531710241874509","0.543580292473877","15_05"
"10.7492278840663","1.00256707200936","0.408433866194637","2.03858807137819","0.749227884066262","0.162140228857852","0.9934","0.568200240103445","0.785599958919059","0.704108994387256","0.350854899747822","0.534328546949278","15_05"
"10.5472316391447","1.0101283908729","0.40620745646936","2.27652441065648","0.547231639144714","0.137656129990531","0.9996","0.65674992030639","0.52843628043443","0.570648451341771","0.4147298605005","0.639395166958529","15_05"
"10.6162497984169","1.04515897698648","0.3820208026762","2.22744157196338","0.616249798416931","0.155291614394387","0.9984","0.602489492970753","0.717240637952147","0.581311598231174","0.475594560439224","0.515002905820692","15_05"
"10.5813644243233","0.954634791214627","0.429730567329955","2.18488517210423","0.581364424323272","0.132069959127097","0.999","0.623111749812824","0.532081136276689","0.519813315406864","0.47430527082636","0.519030142618684","15_05"
"10.7035546313237","0.907377887148758","0.450669479694805","1.99808689837446","0.703554631323728","0.137932759168919","0.9938","0.538161162677271","0.763778968873462","0.526520032797847","0.416380964114986","0.523754627590504","15_05"
"10.6135107618527","1.02208545514356","0.401240121995494","2.21928652703852","0.613510761852672","0.150176590784799","0.9984","0.630734150102925","0.530607859785633","0.657749386339108","0.454489545355846","0.631486593832088","15_05"
"10.5427313776602","1.21469439669255","0.299127411900095","2.46706888127354","0.542731377660192","0.194449602163031","0.9998","0.662641761326008","0.722795232202276","0.767321284923208","0.522635814766194","0.560392016913116","15_05"
"10.5199423026355","0.941818772433185","0.434578345811745","2.25621681075114","0.519942302635526","0.124330642129892","0.9994","0.687106837969262","0.338529844931142","0.53829106530209","0.584954709258043","0.495432958575713","15_05"
"10.5962510883725","1.0572889903057","0.377637863223741","2.2545851397617","0.596251088372525","0.155863792006672","0.9986","0.617410996597531","0.65870851976797","0.593921447791914","0.499364032992515","0.631339228974178","15_05"
"10.6070147200794","0.973440446776974","0.422257821190514","2.17251858032873","0.60701472007945","0.138266989502414","0.9986","0.624091299849944","0.527836454127383","0.596371079523306","0.424211272150913","0.604487096048607","15_05"
"10.6240545164959","1.00622878214264","0.405782638330801","2.18778734844397","0.624054516495935","0.147114818030665","0.9982","0.614856755265769","0.570761686750698","0.607308514642996","0.488715261704943","0.541448412938904","15_05"
"10.7968939325404","0.922359325542516","0.442471461925886","1.90584792556205","0.796893932540442","0.153064913579174","0.988","0.550443773170558","0.577510603936389","0.706612290795026","0.452878281591184","0.535237949768443","15_05"
"10.7072257704109","1.08712672825962","0.36565268759247","2.15253703037681","0.707225770410858","0.182279002670482","0.997","0.563331265526393","0.673198309718638","0.635478301290325","0.896372553892434","0.574367318152426","15_05"
"10.6701503259463","1.01945864287278","0.395630978646475","2.14613217514233","0.670150325946282","0.156399701209476","0.997","0.59133595297447","0.65018372810594","0.635870089229942","0.498205566450191","0.505809148255794","15_05"
"10.8081097585413","0.945911549196284","0.431540125867873","1.91279109213268","0.808109758541253","0.156629363692011","0.987","0.541119189932942","0.766251718661358","0.706643415326946","0.346885513622175","0.563415049406177","15_05"
"10.4585525347793","0.898319838753157","0.458422662011385","2.29125658559268","0.458552534779266","0.110203669957746","0.997","0.660786071950634","0.603614506166289","0.129306000424549","0.503627051004357","0.689697443495738","15_05"
"5.84161106625604","0.539917250796809","0.601210077673374","1.07788810225766","0.841611066256037","0.116967418305442","0.8022","0.357248281361535","0.646429695229932","0.542181457772451","0.410501264991105","0.615172735309352","15_05"
"10.558482903294","1.18972097455699","0.310596722199221","2.43559674295316","0.558482903293975","0.189035974131424","0.9996","0.647368664203432","0.786703500742922","0.707705247964955","0.497348207061471","0.543309296605201","15_05"
"10.6759964390184","0.943193138652821","0.438147259346412","2.06037427091745","0.675996439018373","0.141197651559502","0.9968","0.576067247240783","0.570344815857469","0.577153517909324","0.529258040476037","0.542509024193493","15_05"
"10.6135107618527","1.02208545514356","0.401240121995494","2.21928652703852","0.613510761852672","0.150176590784799","0.9984","0.630734150102925","0.530607859785633","0.657749386339108","0.454489545355846","0.631486593832088","15_05"
"10.6247014662829","1.01395981255806","0.405144917494294","2.19848182111775","0.624701466282938","0.149560242362418","0.9982","0.621809220730912","0.536037853729355","0.644511202107437","0.488749128839429","0.523587761241499","15_05"
"10.5962510883725","1.0572889903057","0.377637863223741","2.2545851397617","0.596251088372525","0.155863792006672","0.9986","0.617410996597531","0.65870851976797","0.593921447791914","0.499364032992515","0.631339228974178","15_05"
"10.5030906233952","0.890848241728067","0.463127164357451","2.21286874326195","0.503090623395154","0.110078365669795","0.9968","0.638489820867373","0.572361558005964","0.265304597375323","0.461081676885723","0.676717641185781","15_05"
"10.7367126183186","0.885056015918701","0.459066808410248","1.94470157774016","0.736712618318594","0.139525419216532","0.9904","0.547268715066591","0.570082883990308","0.600472152916789","0.491167463103415","0.542519681219288","15_05"
"10.5992226771116","1.12115578288408","0.34335141375561","2.33853856414566","0.599222677111581","0.175756538287992","0.9988","0.653030401186186","0.561860807945958","0.79180872228835","0.497034919474479","0.644466396142044","15_05"
"10.8154522606975","0.764450029946367","0.509731565307629","1.67877370239332","0.8154522606975","0.126867441669982","0.9634","0.529856520930025","0.24774459330902","0.691791688021049","0.439458915373299","0.550897768750609","15_05"
"10.8154522606975","0.764450029946367","0.509731565307629","1.67877370239332","0.8154522606975","0.126867441669982","0.9634","0.529856520930025","0.24774459330902","0.691791688021049","0.439458915373299","0.550897768750609","15_05"
"10.8081097585413","0.945911549196284","0.431540125867873","1.91279109213268","0.808109758541253","0.156629363692011","0.987","0.541119189932942","0.766251718661358","0.706643415326946","0.346885513622175","0.563415049406177","15_05"
"10.790327511153","1.10359092758478","0.350532315038352","2.08145613923288","0.790327511153024","0.195092482617633","0.9936","0.600260882346483","0.644753734162218","0.919166206361629","0.463945982966608","0.613707980846383","15_05"
"10.6116408798866","1.07255889814788","0.367634787650153","2.25835922033505","0.611640879886583","0.162999409642538","0.9986","0.614901789352475","0.668760270910692","0.627440520764636","0.523907589826825","0.620604738989236","15_05"
"10.7430681509499","0.880709147465677","0.461671706224877","1.92917877485209","0.743068150949898","0.138762749421959","0.9892","0.540953140112698","0.576288011387729","0.592319578009585","0.51092455339824","0.535486577903016","15_05"
"10.732757469026","0.815796199815975","0.486849904607391","1.8648752878317","0.73275746902599","0.126135997248715","0.986","0.573808751637972","0.283561587700585","0.675146730923859","0.417316968143784","0.519874643331992","15_05"
"10.5962510883725","1.0572889903057","0.377637863223741","2.2545851397617","0.596251088372525","0.155863792006672","0.9986","0.617410996597531","0.65870851976797","0.593921447791914","0.499364032992515","0.631339228974178","15_05"
"10.6698686132484","0.903378713626682","0.447601936414698","2.04027907667689","0.669868613248366","0.136397190382372","0.9958","0.59901457110012","0.429800705551645","0.638103940491958","0.479990651884757","0.507385664133136","15_05"
"10.5831369674076","1.10202789699961","0.353198609658487","2.31930619122795","0.583136967407606","0.165607942048928","0.9994","0.625284985078842","0.729059085982719","0.615752878899258","0.489147985271155","0.524651990526675","15_05"
"10.7218038884644","1.0890362664706","0.366029188453229","2.13239111842036","0.721803888464414","0.183356125053953","0.996","0.565840472771449","0.663146558575916","0.664201692910865","0.871828997058123","0.585101808137368","15_05"
"10.7330225210006","0.896528727799368","0.451581558848612","1.96690918420829","0.733022521000621","0.1402237980004","0.992","0.574248806698329","0.481368662563739","0.665572064246409","0.432814838373134","0.544134427651844","15_05"
"10.4368174894891","0.934009141169222","0.443510604680041","2.34235882794685","0.436817489489131","0.113349499968833","0.9976","0.624573172095344","0.77488505271235","0.0715024236124009","0.483794782229539","0.533660211899218","15_05"
"10.8081097585413","0.945911549196284","0.431540125867873","1.91279109213268","0.808109758541253","0.156629363692011","0.987","0.541119189932942","0.766251718661358","0.706643415326946","0.346885513622175","0.563415049406177","15_05"
"10.7054078843291","0.865982948225541","0.46843488797063","1.93967659140913","0.705407884329095","0.132203810399884","0.9918","0.549462928826381","0.555586948346082","0.541904621638459","0.514013847925452","0.524476797559884","15_05"
"10.6234097692345","1.08479889656785","0.361831191750449","2.24894827802913","0.623409769234466","0.169651098806106","0.9986","0.605544504559308","0.647484615208626","0.62032361009188","0.668978979202165","0.586519947260269","15_05"
"10.5853917381981","1.01276713633942","0.40447999253825","2.24733186020911","0.585391738198139","0.145050909034014","0.999","0.6385360400397","0.486239743315886","0.606799415605159","0.55784233896447","0.523285244211021","15_05"
"10.6018989088805","0.914534419890021","0.447655292849874","2.11397312447345","0.601898908880494","0.130074779809624","0.9978","0.625920562553043","0.403086504341186","0.567347197058672","0.563049059565924","0.511619362124694","15_05"
"10.8479074949112","0.858086060844566","0.471245910327809","1.77116541585684","0.847907494911156","0.146283172212005","0.979","0.517969840099464","0.57088860564574","0.684609868968557","0.473663970067454","0.543331664339305","15_05"
"10.7838275119961","0.816054850280496","0.490373265802454","1.79878114776144","0.783827511996106","0.133361082012409","0.9814","0.508479207041604","0.56966601309708","0.570317156183117","0.531710241874509","0.543580292473877","15_05"
"10.6808115772661","0.984988081198755","0.415126376617808","2.09606299879769","0.680811577266136","0.151380409866204","0.9966","0.581878060817029","0.553550148637396","0.611525770721751","0.651604846841182","0.592334466940764","15_05"
"10.654939964601","0.912791242786317","0.448075121518928","2.05269134906844","0.654939964601015","0.133822055122527","0.9966","0.582128028028047","0.546160201027687","0.548225849951522","0.492001664775417","0.538133637532677","15_05"
"10.4951261069459","1.1116457244497","0.350791780596905","2.43031967567722","0.495126106945938","0.155894774350786","1","0.678597272013751","0.594151860357926","0.564865316035333","0.521269682684634","0.615152825425198","15_05"
"10.8072208433486","0.775391787361127","0.503979295709904","1.7202678669525","0.807220843348564","0.12808444826387","0.97","0.538305913281236","0.268272928279156","0.695536518996864","0.432647379767971","0.555098148634463","15_05"
"10.6276207433411","1.08269077262915","0.36100012525668","2.25210152236824","0.627620743341142","0.167269890183569","0.9988","0.606346176498842","0.749271561204144","0.639692418257584","0.483666108613223","0.610424543748787","15_05"
"10.8951174141533","0.809294067732721","0.493200454600647","1.6337895916178","0.895117414153315","0.144195300368611","0.9634","0.48998980014585","0.57088860564574","0.684609868968557","0.473663970067454","0.543331664339305","15_05"
"10.7618547432139","1.05996364651258","0.374548024406714","2.06286830750517","0.761854743213932","0.18161587294177","0.9938","0.554749392012236","0.716108619526931","0.6963897319152","0.699572149599213","0.584762810090256","15_05"
"10.8154522606975","0.764450029946367","0.509731565307629","1.67877370239332","0.8154522606975","0.126867441669982","0.9634","0.529856520930025","0.24774459330902","0.691791688021049","0.439458915373299","0.550897768750609","15_05"
"10.7672049092208","0.987903531218044","0.414669058891169","2.01059937713284","0.767204909220769","0.16103940356252","0.9918","0.564561474849061","0.722609896425446","0.714188692983246","0.381080761414814","0.577022503046563","15_05"
"10.8154522606975","0.764450029946367","0.509731565307629","1.67877370239332","0.8154522606975","0.126867441669982","0.9634","0.529856520930025","0.24774459330902","0.691791688021049","0.439458915373299","0.550897768750609","15_05"
"0.854742502253137","0.473227563764394","0.631366568963472","0.770623324040667","0.854742502253137","0.127979621138528","0.645","0.33364394819364","0.339478199371611","0.671069434800896","0.438709527959678","0.545324295441684","15_05"
"10.7788764772619","0.835900948449167","0.475455282260137","1.85053346438099","0.778876477261854","0.135164405307016","0.985","0.557341953786956","0.389635056501148","0.686294317466562","0.433564225786754","0.549707900960769","15_05"
"10.8154522606975","0.764450029946367","0.509731565307629","1.67877370239332","0.8154522606975","0.126867441669982","0.9634","0.529856520930025","0.24774459330902","0.691791688021049","0.439458915373299","0.550897768750609","15_05"
"10.766951803046","0.998573885136219","0.406235861754872","2.00624634908618","0.766951803046028","0.164017898778361","0.9922","0.552210270692156","0.713289657710344","0.674455376322611","0.519142361081085","0.56375404745329","15_05"
"10.6951308702151","0.962521099224359","0.427600957831354","2.07144844089239","0.695130870215052","0.147294073600109","0.996","0.588258814836761","0.553487348073507","0.660053690384311","0.446008026405252","0.594954982095953","15_05"
"10.8479074949112","0.858086060844566","0.471245910327809","1.77116541585684","0.847907494911156","0.146283172212005","0.979","0.517969840099464","0.57088860564574","0.684609868968557","0.473663970067454","0.543331664339305","15_05"
"10.7121199523496","0.985176302036914","0.417140046025243","2.06406499490281","0.712119952349577","0.154524618969308","0.995","0.575484381653707","0.559470200338062","0.648631513754509","0.618831609926226","0.550265304651057","15_05"
"10.6443059093978","0.948711285719984","0.434508222029241","2.09814125842931","0.644305909397752","0.138892996017503","0.9974","0.591466925286744","0.557152394675992","0.56459463918669","0.507250406323884","0.597132503806212","15_05"
"10.8132951974142","0.887413018769383","0.458221500523945","1.85971372088547","0.813295197414192","0.147733779446203","0.9842","0.541051210124323","0.558942951225941","0.70038736972889","0.424141244059644","0.558559462232902","15_05"
"10.6916906302472","0.939426862132049","0.437157004759467","2.05293755603347","0.691690630247231","0.143952354337559","0.996","0.582681649368485","0.531212014427889","0.636687086846831","0.483111176319964","0.511041814496504","15_05"
"10.742491008933","0.838456034012656","0.475845778210714","1.89599652689513","0.742491008932976","0.131089392853836","0.9868","0.569949727470663","0.35477807740809","0.668939707735294","0.438324765921211","0.541607375972187","15_05"
"10.6843778586034","1.03336092320976","0.384903488441802","2.13215186796608","0.684377858603444","0.165300323524196","0.997","0.58003179256938","0.623275594681291","0.627560054167829","0.696566193852416","0.590163432823609","15_05"
"10.8254843557301","0.92458633422024","0.440599567970462","1.86794081674524","0.825484355730088","0.154314698157989","0.9848","0.532669797581731","0.745723383691223","0.702898584351132","0.353697049227502","0.559214669522323","15_05"
"10.7862567321013","0.945323015866318","0.433276012585822","1.93881528491428","0.786256732101346","0.154696806695651","0.9898","0.549674802786575","0.685740428367907","0.694391517833998","0.387126994835776","0.573595244646627","15_05"
"10.8593089928487","1.07014018810923","0.369127770854378","1.95640105756331","0.859308992848664","0.192435587045834","0.9868","0.576818597430364","0.688395556398131","0.911620928705329","0.429750735173969","0.600100527205998","15_05"
"10.8281425102675","0.812847782975184","0.485050785549525","1.74500397905761","0.828142510267497","0.137097813511917","0.9764","0.529924500738644","0.455053360744438","0.698047733619106","0.36220318493583","0.555753355923885","15_05"
"10.7368284098233","0.852597537179885","0.471810220410124","1.90425672382292","0.736828409823292","0.133549317142463","0.9876","0.5511277392339","0.498866394282803","0.606679176105354","0.470159665325989","0.520786948579093","15_05"
"10.6376529094819","0.992279214215593","0.412676414116601","2.15786147731329","0.637652909481931","0.146417047260596","0.9976","0.6034009884591","0.586589834258203","0.599439821654012","0.486170844960396","0.58051867453007","15_05"
"10.6868094776181","1.01279762553728","0.398402510078327","2.11825604516475","0.686809477618131","0.160829523469496","0.9968","0.589370662217862","0.533477063789499","0.653674119648314","0.732988039016654","0.542222167619448","15_05"
"10.8081097585413","0.945911549196284","0.431540125867873","1.91279109213268","0.808109758541253","0.156629363692011","0.987","0.541119189932942","0.766251718661358","0.706643415326946","0.346885513622175","0.563415049406177","15_05"
"10.7159919861988","0.857752325701442","0.468552439450766","1.93928382888922","0.715991986198846","0.132329216361026","0.9898","0.563601636798226","0.468671575114064","0.601889006561916","0.488046938668208","0.53886353085592","15_05"
"10.6700748762608","0.978616974881702","0.417867940994482","2.10496814044864","0.670074876260831","0.147055013699098","0.997","0.575407000137169","0.65714307343806","0.571231430243683","0.506127474594082","0.55868352272785","15_05"
"10.7225422179957","1.02862528167369","0.389924123393873","2.07623467793383","0.722542217995721","0.169836056948861","0.9954","0.567686741019098","0.593421112532021","0.648167409464786","0.826867650046889","0.587272842254524","15_05"
"10.8951174141533","0.809294067732721","0.493200454600647","1.6337895916178","0.895117414153315","0.144195300368611","0.9634","0.48998980014585","0.57088860564574","0.684609868968557","0.473663970067454","0.543331664339305","15_05"
"10.8593089928487","1.07014018810923","0.369127770854378","1.95640105756331","0.859308992848664","0.192435587045834","0.9868","0.576818597430364","0.688395556398131","0.911620928705329","0.429750735173969","0.600100527205998","15_05"
"10.781980823716","0.816154179760994","0.483118332149723","1.81523226000488","0.781980823716045","0.133613506396835","0.9816","0.539300322502531","0.448106989003997","0.647095794079541","0.445463320318004","0.533515431983886","15_05"
"10.7325292217821","0.956937661912844","0.428637950163587","2.01440725484869","0.732529221782101","0.152722025682427","0.9938","0.562270727498208","0.602793723240799","0.64226258714578","0.536939122426779","0.578310844351854","15_05"
"10.8130999386353","0.77041845747717","0.506959696860584","1.69695742596056","0.813099938635266","0.127299355343351","0.9662","0.53374633937161","0.259259846810484","0.69471823807105","0.438045643122472","0.551465245354298","15_05"
"10.7807580279797","0.798035151012306","0.491503016279405","1.79051848736574","0.780758027979702","0.130253499249883","0.9796","0.537648558733686","0.405549985484231","0.642911198783923","0.449191444180706","0.523686964748749","15_05"
"10.7809945803944","0.960951854472707","0.427535504105199","1.9440815973477","0.780994580394429","0.16280393035354","0.991","0.55170342374936","0.521143537714516","0.689675825569141","0.785642163583967","0.577818845237188","15_05"
"10.7781455591475","0.79330786554325","0.496429684302885","1.78557005445792","0.77814555914747","0.12750094060075","0.9784","0.543335701430238","0.341061002107593","0.65555966534248","0.460427136518582","0.547997752580953","15_05"
"10.6356753290151","1.05387730471163","0.375805006338918","2.21375820076989","0.635675329015071","0.160460507113577","0.9982","0.596076434651923","0.733050219121525","0.605490634525517","0.490854683583785","0.60485462868733","15_05"
"10.7219567835604","0.962463292004059","0.42681666108157","2.02597212973351","0.721956783560389","0.150442101057523","0.9944","0.555861785889026","0.665234766648756","0.607848648718974","0.512325176940976","0.561179450916239","15_05"
"10.7943547026333","0.963221199481221","0.424846217610158","1.94915771798702","0.794354702633335","0.15875585653632","0.9888","0.547428706656794","0.761961382678847","0.706621037654843","0.365852493572632","0.566366352920471","15_05"
"10.8065594809878","1.01865849293816","0.392549832829827","1.95301482200458","0.806559480987843","0.177940093939935","0.9894","0.533850054869397","0.717605948039945","0.698485987472543","0.697542471571483","0.583293610418243","15_05"
"10.7810158801506","0.962446575532551","0.424781943621454","1.96670640593298","0.781015880150582","0.156589528994935","0.9908","0.55356913472457","0.744226055178209","0.700802328793788","0.355726727255232","0.560683869194336","15_05"
"10.6785434792605","0.964021093051268","0.426979334084047","2.08722850920873","0.678543479260548","0.147317284256723","0.9966","0.58539446862131","0.566186348106153","0.622246540548807","0.506695680878718","0.5452186461225","15_05"
"10.7586111653282","0.80832975366213","0.489337963538043","1.83041033443474","0.758611165328173","0.128069279066529","0.9828","0.554289230550974","0.340550503096661","0.654028102892509","0.473872866230893","0.564552145651799","15_05"
"10.75161450462","0.970572270962098","0.422864302803278","1.99099457533883","0.751614504620017","0.157942260811236","0.9928","0.556080301312253","0.581986471400196","0.656016151331335","0.650679965840642","0.545315496594322","15_05"
"10.7202874488523","0.974034801083778","0.42118217362602","2.04089812344808","0.720287448852279","0.152731821698674","0.9948","0.574584537320396","0.654492494155538","0.665256944667236","0.408280097963736","0.594882203938161","15_05"
"10.6868094776181","1.01279762553728","0.398402510078327","2.11825604516475","0.686809477618131","0.160829523469496","0.9968","0.589370662217862","0.533477063789499","0.653674119648314","0.732988039016654","0.542222167619448","15_05"
"10.7600333076547","0.934058234561288","0.436240258603579","1.96593598697928","0.760033307654742","0.150440310275577","0.9918","0.563349080302939","0.584735282285875","0.689188263551073","0.424854923277292","0.573668022804418","15_05"
"10.76428550053","0.794931597824906","0.497297574437274","1.80614258947415","0.764285500530033","0.125799148085949","0.9792","0.550133330012604","0.319032333557963","0.655119901022676","0.457343724775956","0.54236966522967","15_05"
"10.6405935829853","0.987025244262397","0.416158199192439","2.14853906410214","0.640593582985324","0.145665142641096","0.9976","0.601736667133663","0.573373736758611","0.598796422918757","0.500061831353322","0.602702418867668","15_05"
"10.7455680743595","0.924634718534477","0.44300260039082","1.96452334023384","0.745568074359517","0.148474175905512","0.9922","0.55665579168969","0.572787032760295","0.643490505747616","0.518099225656301","0.552119925561809","15_05"
"10.8221001321266","0.780849648177511","0.504225836201328","1.69856099792528","0.822100132126596","0.131066805828046","0.969","0.529917308764966","0.311092263978093","0.697420437725732","0.435393872363082","0.555010773941049","15_05"
"10.8102068501981","0.770520120470535","0.507120529334855","1.70259475889664","0.81020685019815","0.127174696692019","0.966","0.53441609483965","0.256757674777692","0.692609968946863","0.434060652018798","0.554530672030774","15_05"
"10.7396824372211","0.937922839779208","0.43507879750754","1.98882642740438","0.739682437221107","0.149451027719341","0.9932","0.565894921354334","0.578121493140042","0.66140162753118","0.475557088383969","0.565753806157289","15_05"
"10.6868094776181","1.01279762553728","0.398402510078327","2.11825604516475","0.686809477618131","0.160829523469496","0.9968","0.589370662217862","0.533477063789499","0.653674119648314","0.732988039016654","0.542222167619448","15_05"
"10.7062044895364","1.01601361115272","0.395526519468241","2.09821025156509","0.706204489536401","0.160193757887111","0.9962","0.571755484940299","0.705197964499648","0.63783815784732","0.512944658734191","0.5612581192649","15_05"
"10.8242246417308","0.795854774322644","0.493928451852771","1.72465810509903","0.824224641730781","0.132902379813354","0.974","0.529863712903702","0.391705690075366","0.692418983914423","0.366268227946047","0.551640350733445","15_05"
"10.73551062984","0.909219958181657","0.44877422215511","1.97253156269399","0.735510629839967","0.143879494588969","0.992","0.55547590720423","0.5793569467639","0.622648063091389","0.484277726643881","0.558096532712086","15_05"
"10.7327751809724","0.937133172697241","0.437778826594641","1.99478810702204","0.732775180972365","0.148686375337629","0.9932","0.559156115800692","0.609174200064113","0.632853877136911","0.489090074092993","0.550497652747401","15_05"
"10.8244908937041","0.793114247046817","0.495615549488042","1.71702656840751","0.824490893704056","0.13290946673295","0.9734","0.529889124721701","0.370905231026054","0.6944190931975","0.39421333502673","0.551918556994673","15_05"
"10.8110125230055","0.840156977230563","0.475453294242512","1.81734206301699","0.811012523005456","0.139784364092809","0.98","0.538569331682753","0.490234074246782","0.686629825432157","0.389143732695613","0.558527576106581","15_05"
"10.7753295224705","0.940973491522496","0.439502207139907","1.93831681972437","0.775329522470543","0.154089616879784","0.9912","0.550177147717532","0.560192996434038","0.666163441992318","0.604589074757219","0.550265828781053","15_05"
"10.7813660611064","0.953842590277473","0.429308754733638","1.95619204696838","0.781366061106357","0.155165119961716","0.9908","0.552758572064887","0.705745619092379","0.697597204253087","0.371440096347107","0.566452093904594","15_05"
"10.7818954312792","0.964540075659165","0.425247244208541","1.94230969734344","0.78189543127921","0.161142840558159","0.9906","0.546692412139307","0.576511747145193","0.681285549127187","0.684384224140377","0.576214430577703","15_05"
"10.7972082942117","0.854790055173381","0.472433920929222","1.83503449753356","0.7972082942117","0.143188177727097","0.9832","0.536564244560075","0.447149768542214","0.655701100604145","0.685236589367851","0.546853901886804","15_05"
"10.7605166191155","1.01014239503564","0.400123977295757","2.02409173005833","0.760516619115491","0.165402620341556","0.9932","0.557803891958524","0.723184300662193","0.684823580281773","0.50047083354999","0.56105629875647","15_05"
"10.7873616843994","0.799895863997978","0.490652974387619","1.78116508076441","0.787361684399358","0.130478559011879","0.979","0.53705681857925","0.416345552793861","0.653094913903381","0.396634639763235","0.551709193097056","15_05"
"10.728967579066","0.870981844055641","0.461786021318173","1.96029415870911","0.728967579066019","0.134981003382569","0.9906","0.587222512497437","0.343084970024977","0.690582987991031","0.481812101667602","0.549898937763418","15_05"
"10.8951174141533","0.809294067732721","0.493200454600647","1.6337895916178","0.895117414153315","0.144195300368611","0.9634","0.48998980014585","0.57088860564574","0.684609868968557","0.473663970067454","0.543331664339305","15_05"
"10.7248526938652","0.971207248422472","0.422018937113901","2.02850287213614","0.724852693865168","0.152059918466355","0.9944","0.567520727706345","0.726239719015663","0.653816906359336","0.368200552439432","0.560885689702767","15_05"
"10.6956149330568","0.923421656811765","0.442698442185122","2.03590895611433","0.695614933056788","0.142050043520762","0.9954","0.583844339681973","0.50503590937981","0.64198745506958","0.472077450051353","0.53527136336874","15_05"
"10.8187402179618","0.767636494626436","0.50853551118306","1.68631332078764","0.818740217961775","0.128081981927191","0.9654","0.530678545154252","0.270777082637952","0.696189387171617","0.436941765621329","0.553142224559947","15_05"
"10.786012392006","0.765920015433674","0.509423817614489","1.72662287483593","0.786012392005986","0.124220974207556","0.9686","0.537842504258423","0.262192113419076","0.666383621592482","0.454189041346207","0.550373438422736","15_05"
"10.8047171616719","0.786226013878009","0.502226975528002","1.73281222987309","0.804717161671891","0.129145873220085","0.9722","0.537173023412976","0.315478330613591","0.683031017958666","0.435990216752429","0.540947747927698","15_05"
"10.8044094910498","0.795350916547937","0.49547418381738","1.75483206132635","0.804409491049765","0.129940020564588","0.9764","0.539909292011465","0.335626563466209","0.681786012696861","0.440298747191173","0.552154986188991","15_05"
"10.7758375905405","0.983122682119967","0.413354002263952","1.96938697143505","0.775837590540532","0.166602305582132","0.9914","0.552513986409042","0.559623973800346","0.692880950109842","0.769928794492092","0.57205062052693","15_05"
"10.7727578789772","0.982565996335899","0.414448502247918","1.98358682590281","0.772757878977162","0.162151518726648","0.9916","0.543813434419779","0.713881233655046","0.660690944092972","0.531257473087407","0.559199105402349","15_05"
"10.7467097752365","0.88666463580747","0.458388292225315","1.93311526785066","0.74670977523647","0.141082017815521","0.9898","0.547156167109975","0.56670638247734","0.61363780720124","0.489449672191409","0.554292225543103","15_05"
"10.7847889257436","0.903608826672243","0.448689436900445","1.90543080580835","0.784788925743641","0.149251763764671","0.9884","0.549462686014142","0.5481471700418","0.682814575758657","0.487732813839112","0.552051083198198","15_05"
"10.8044827031165","0.810394076607162","0.486813925267303","1.76966401456332","0.804482703116497","0.134383833126963","0.978","0.535766866498423","0.413499165041523","0.68227169325344","0.412359119029469","0.546690018546713","15_05"
"10.7991287078889","0.800713180271553","0.492200960871352","1.76628067697546","0.79912870788886","0.131184553908508","0.9778","0.543481412019126","0.32583485056962","0.686578197212807","0.479588760723487","0.576007139537137","15_05"
"10.8593089928487","1.07014018810923","0.369127770854378","1.95640105756331","0.859308992848664","0.192435587045834","0.9868","0.576818597430364","0.688395556398131","0.911620928705329","0.429750735173969","0.600100527205998","15_05"
"10.7701170920254","0.851857766043945","0.473096752238262","1.86271282897454","0.770117092025403","0.137360060976434","0.9852","0.540850451441868","0.509257427730339","0.627354879558768","0.480081551145368","0.543462714737646","15_05"
"10.7615958827624","0.892029654848686","0.454234364862711","1.92076670110007","0.761595882762356","0.144539047046191","0.9898","0.552535654850693","0.536218719481664","0.650402628004024","0.495396004825764","0.553768950169014","15_05"
"10.7851692711297","0.894655879386899","0.454285371635863","1.90206468487722","0.78516927112974","0.144440781888241","0.988","0.544036634785067","0.640238439549113","0.665714744155926","0.358861560507206","0.560658163665466","15_05"
"10.8220001580025","0.781198528225528","0.501384068246793","1.70259638340135","0.82200015800248","0.13129630452494","0.9702","0.529891896946968","0.331892723027405","0.695420328442655","0.407448765282398","0.554732567679821","15_05"
"10.7922632864849","0.790403042887345","0.496453266056439","1.76190274814242","0.79226328648486","0.128195977703569","0.9766","0.536543393929205","0.389386333168098","0.656674745067737","0.363596866838634","0.547098356086962","15_05"
"10.8156075570915","0.780494809795435","0.503927366104229","1.70916690536708","0.81560755709153","0.130169279676101","0.9698","0.532985102982325","0.299575028150625","0.695949288625166","0.436497749864225","0.5533337947354","15_05"
"10.7904003153606","0.857595109036515","0.467090289303408","1.86228938321079","0.790400315360554","0.140712290301944","0.9846","0.552868201369741","0.445048617736689","0.690647249980342","0.457292303266607","0.548023458109823","15_05"
"10.8562874920194","0.831045080588827","0.483219017768274","1.72079306118663","0.856287492019447","0.142669952658206","0.9726","0.503768160540127","0.629056148956126","0.666721190695707","0.388223567201236","0.5582473763641","15_05"
"10.7998306024684","0.963484001477734","0.421457146773795","1.94787763708657","0.79983060246844","0.160369728243642","0.9894","0.567635511511777","0.596371238642612","0.771317214061722","0.391135910360077","0.560649503467804","15_05"
"10.7971469809031","0.886933743067042","0.457965547824534","1.87799285354286","0.797146980903094","0.14477674268612","0.9862","0.544510587589904","0.577496381017919","0.683138269584956","0.389275666378947","0.555635904681735","15_05"
"10.804713765891","0.786225795065611","0.502231067309987","1.73280559028568","0.804713765890992","0.129144749904338","0.9722","0.537173023412976","0.315478330613591","0.683031017958666","0.435990216752429","0.53873871685937","15_05"
"10.7856027171178","0.930730983630031","0.438313872133393","1.92279059723836","0.785602717117822","0.152930361286613","0.989","0.550588051250303","0.640805969647249","0.696829225819519","0.398524503740928","0.558439119720341","15_05"
"10.7814045578153","0.845878611994134","0.472170401554899","1.85973698686358","0.781404557815265","0.138003211618749","0.985","0.550441814762045","0.444486469945131","0.67151456063598","0.455235247210441","0.549524717274641","15_05"
"5.96376836653158","0.662551867344499","0.55280146584519","1.26713687142225","0.96376836653158","0.138658210902815","0.8896","0.414369291160256","0.569217778880275","0.682566501956522","0.459471395336541","0.546750099126692","15_05"
"10.7757233023506","0.861260777089296","0.467742418645064","1.8728451619092","0.775723302350644","0.139391204637988","0.9858","0.55270664227431","0.447645184442748","0.666108476223825","0.505288323620334","0.548820600138173","15_05"
"10.8377341680784","1.04589999283285","0.383912274710237","1.96414638217698","0.837734168078386","0.183193934399547","0.9886","0.571961344634991","0.665420249635759","0.854992636545998","0.449014772674108","0.578087848832343","15_05"
"10.8449421987158","0.851087497274788","0.473716780300622","1.76382043646642","0.844942198715814","0.145342685264272","0.9774","0.521445442487891","0.539029862504871","0.691549366998358","0.464475474946388","0.548747277915067","15_05"
"10.8158300551124","0.800185130809486","0.491962884524467","1.73792770743247","0.815830055112377","0.133284694012893","0.9756","0.53515562379691","0.364514677595755","0.696717267058734","0.409413342470403","0.561346768919653","15_05"
"10.7847889257436","0.903608826672243","0.448689436900445","1.90543080580835","0.784788925743641","0.149251763764671","0.9884","0.549462686014142","0.5481471700418","0.682814575758657","0.487732813839112","0.552051083198198","15_05"
"10.7922632864849","0.790403042887345","0.496453266056439","1.76190274814242","0.79226328648486","0.128195977703569","0.9766","0.536543393929205","0.389386333168098","0.656674745067737","0.363596866838634","0.547098356086962","15_05"
"10.79652720123","0.774479810600551","0.503913318390626","1.72987336280125","0.796527201229953","0.126638437879192","0.9704","0.540268890866119","0.262754261210634","0.685516310936844","0.456246097402373","0.548872179257918","15_05"
"10.8244908937041","0.793114247046817","0.495615549488042","1.71702656840751","0.824490893704056","0.13290946673295","0.9734","0.529889124721701","0.370905231026054","0.6944190931975","0.39421333502673","0.551918556994673","15_05"
"10.8155075664232","0.891708308854504","0.456358964297298","1.85509246269566","0.815507566423205","0.148999832827971","0.9834","0.535985979279333","0.60797035829095","0.696318753798748","0.403814164191261","0.554644246906072","15_05"
"10.8202005837894","0.875621758133983","0.462493783741636","1.83905126293074","0.820200583789389","0.147285540089134","0.9822","0.53025827439079","0.582070896238727","0.683603422428777","0.444301963373423","0.545742451640671","15_05"
"10.8842525469967","0.953927822517393","0.426877345298115","1.81272581804732","0.884252546996693","0.168793099915694","0.9806","0.547752417601341","0.582258392002301","0.826933540075764","0.427758557509504","0.597978599844775","15_05"
"10.8669591618404","0.741007593059741","0.520243829630009","1.58617211363205","0.866959161840388","0.13237867483462","0.9544","0.49922290281221","0.302635825778821","0.689249889141816","0.737406677799299","0.547726610984184","15_05"
"10.7981225190384","0.813386711558974","0.485188729214791","1.78460553895603","0.798122519038441","0.132925435134288","0.98","0.547451137939806","0.36855234343938","0.697467837625956","0.362171688117087","0.564950071558469","15_05"
"10.774208672082","0.866313725061516","0.464226305932535","1.8870969774232","0.774208672082033","0.138647868285004","0.9868","0.552899264838142","0.519648569023798","0.665097729971879","0.373138221087216","0.826114465016872","15_05"
"10.8538082998316","0.74103931969303","0.517788098130296","1.60779869170727","0.853808299831585","0.129930239399939","0.956","0.504581793112041","0.337297390231674","0.683829379708896","0.454491321922086","0.548736551401604","15_05"
"10.7775233523101","0.959795236336216","0.427327647873692","1.9720113130265","0.77752335231007","0.156826309564821","0.9912","0.55458514966942","0.663266668263134","0.689545728055157","0.440343586471105","0.560475428688421","15_05"
"10.7927196806943","0.974652448308272","0.422064633780322","1.95386601642446","0.792719680694295","0.164323860258903","0.9896","0.555034400512905","0.58316830319641","0.72279173415165","0.58532503725708","0.572278507154708","15_05"
"10.7785307211604","0.89453055301382","0.454357417674841","1.91136251591608","0.778530721160351","0.14603494554042","0.9892","0.552697213946123","0.533622152775605","0.674941401760541","0.469885758268376","0.552971808140664","15_05"
"10.8110125230055","0.840156977230563","0.475453294242512","1.81734206301699","0.811012523005456","0.139784364092809","0.98","0.538569331682753","0.490234074246782","0.686629825432157","0.389143732695613","0.558527576106581","15_05"
"10.8951174141533","0.809294067732721","0.493200454600647","1.6337895916178","0.895117414153315","0.144195300368611","0.9634","0.48998980014585","0.57088860564574","0.684609868968557","0.473663970067454","0.543331664339305","15_05"
"10.8176929727694","0.815519851502396","0.482901437567229","1.76810560317817","0.817692972769435","0.137878252343958","0.9774","0.533107867010805","0.430822863425113","0.689696945424115","0.454340582105615","0.552499427062721","15_05"
"10.8110125230055","0.840156977230563","0.475453294242512","1.81734206301699","0.811012523005456","0.139784364092809","0.98","0.538569331682753","0.490234074246782","0.686629825432157","0.389143732695613","0.558527576106581","15_05"
"10.8593089928487","1.07014018810923","0.369127770854378","1.95640105756331","0.859308992848664","0.192435587045834","0.9868","0.576818597430364","0.688395556398131","0.911620928705329","0.429750735173969","0.600100527205998","15_05"
"10.8189579432386","0.940370397652975","0.43482010440185","1.89327386990918","0.818957943238573","0.158934205269875","0.9868","0.562356227410773","0.490171635798484","0.780521341245508","0.497566882356637","0.591113802592539","15_05"
"0.121473864673015","0.238358056376522","0.722303185331915","0.0125765543000055","0.121473864673015","0.21334414127697","0.1418","0.191858440870419","0.491202174373369","0.684329439989341","0.455719231443977","0.541608980113692","15_05"
"10.8783118868271","0.926614025070762","0.441970685711082","1.78655017834935","0.87831188682706","0.163032327960633","0.98","0.546781584808407","0.513150257945963","0.819283652143623","0.439029077085297","0.587659678478893","15_05"
"10.7782447174363","0.953575755852062","0.430234468949839","1.96138860442373","0.778244717436264","0.155313764829544","0.991","0.560664725667424","0.609170208587744","0.711621593535793","0.431748771016586","0.560587239243237","15_05"
"10.8194589590093","0.888255924258071","0.457799828169924","1.84591110618999","0.819458959009295","0.148801798994999","0.9828","0.533592244165043","0.606826112297458","0.694170077360893","0.411905874733902","0.548182499572177","15_05"
"10.8192556572462","0.80502365202389","0.489181888856449","1.74519467015561","0.81925565724616","0.135037844528475","0.9762","0.532659007816466","0.393817476349598","0.692611113055689","0.438201567451977","0.552144903482046","15_05"
"10.7946366886892","0.973767280782387","0.419796987646724","1.95487437497092","0.79463668868916","0.161113777730177","0.9894","0.561555935513772","0.650467698318002","0.749241348581085","0.399730725814597","0.560537692912988","15_05"
"10.8112245377165","1.01059167490274","0.40548672036444","1.9671563811315","0.811224537716478","0.171562236423428","0.988","0.567169012293902","0.645869105042394","0.797208063683646","0.437472176437666","0.557807324751632","15_05"
"10.7634639095485","0.902032729645631","0.449877002803913","1.93992902301813","0.763463909548451","0.144172410876496","0.9908","0.566926116589025","0.502514493861576","0.692463286243647","0.415266254765768","0.558488416252721","15_05"
"10.8842525469967","0.953927822517393","0.426877345298115","1.81272581804732","0.884252546996693","0.168793099915694","0.9806","0.547752417601341","0.582258392002301","0.826933540075764","0.427758557509504","0.597978599844775","15_05"
"10.8203920419829","0.849662049145683","0.472584727350615","1.80329353876457","0.820392041982856","0.142317683291757","0.9796","0.532424883542614","0.50613466551542","0.688017172043714","0.437339756471484","0.559917429491187","15_05"
"10.853265482588","0.804754898461158","0.491592606462175","1.68303004409855","0.853265482588012","0.140053000844098","0.9718","0.510185531242573","0.49714022295102","0.685516635010579","0.440967235683741","0.555469206694064","15_05"
"10.8458277833676","0.845308685316045","0.476077237027425","1.75777826813293","0.845827783367576","0.14423266092044","0.9764","0.51837360058603","0.563982456941502","0.685723059390135","0.421840467079326","0.546390033751821","15_05"
"10.8164240297428","0.879142943272282","0.461231574199906","1.84516671954137","0.816424029742803","0.147718908216598","0.9826","0.532652009505081","0.583215142232219","0.685752098866632","0.436210252830782","0.552204198974565","15_05"
"10.8192985385497","0.816126609226221","0.482784357989441","1.76547561044634","0.819298538549743","0.137666667419293","0.9772","0.532989014645086","0.440450908319062","0.692303517443797","0.416375549372342","0.547171791069137","15_05"
"10.8131933957105","0.985201983384924","0.416816596904201","1.94137623356094","0.813193395710524","0.16606757804307","0.9876","0.563144879632763","0.606068161877281","0.782034221985822","0.445062240194287","0.564940275789826","15_05"
"10.9292615899804","0.931411559591305","0.437276951391069","1.73746663829119","0.929261589980429","0.169182158252639","0.972","0.545505533875692","0.49859491613649","0.882885465479618","0.398582192929883","0.575049708311136","15_05"
"10.8015292583693","0.811936138504933","0.487010145117652","1.77881283004746","0.801529258369273","0.132279076930968","0.9792","0.54460209743104","0.372568383502398","0.692230580005868","0.371588632246938","0.561759309314584","15_05"
"10.7573245498794","0.996460654366043","0.409995370854883","2.02401049705216","0.757324549879362","0.162497614179397","0.9932","0.569882395237426","0.680034714508423","0.715365288657868","0.420312274939699","0.583578395001442","15_05"
"10.8092565922037","0.938053147909072","0.436092904033013","1.90243672684426","0.809256592203662","0.156836703703195","0.9872","0.55177522627997","0.59063697187094","0.733583510720478","0.439301453232408","0.556386704651045","15_05"
"10.8538082998316","0.74103931969303","0.517788098130296","1.60779869170727","0.853808299831585","0.129930239399939","0.956","0.504581793112041","0.337297390231674","0.683829379708896","0.454491321922086","0.548736551401604","15_05"
"10.8951174141533","0.809294067732721","0.493200454600647","1.6337895916178","0.895117414153315","0.144195300368611","0.9634","0.48998980014585","0.57088860564574","0.684609868968557","0.473663970067454","0.543331664339305","15_05"
"10.8091924915222","0.843049110847718","0.473790006320807","1.82039711134274","0.809192491522163","0.14013341323733","0.981","0.541418372191519","0.486218034183764","0.691867083052245","0.379726788565762","0.561718338350465","15_05"
"10.8022969325252","0.827450569550565","0.478467120907316","1.80674321614865","0.802296932525231","0.137387935934409","0.9804","0.540675733440043","0.44456655724405","0.683414027903966","0.412006275726391","0.650825230164143","15_05"
"10.8449421987158","0.851087497274788","0.473716780300622","1.76382043646642","0.844942198715814","0.145342685264272","0.9774","0.521445442487891","0.539029862504871","0.691549366998358","0.464475474946388","0.548747277915067","15_05"
"10.7930896822616","0.861104142579242","0.467048847485457","1.8580081667473","0.793089682261565","0.139703317281583","0.9842","0.545331398408904","0.505904875204861","0.671380647492029","0.41547252746644","0.72778866191545","15_05"
"10.8147176342953","0.910499825392485","0.448967215286209","1.87215628363424","0.814717634295303","0.151430841089299","0.9854","0.546118559622597","0.587805163010399","0.72133712577002","0.396136420501093","0.550005250457429","15_05"
"10.8090084127843","0.805438369153049","0.489045588843134","1.760208706445","0.809008412784312","0.134217748448134","0.9772","0.534098451399301","0.395164761885961","0.683311446937882","0.453934955375906","0.540461401084983","15_05"
"10.8232954293085","0.802293441206364","0.489710955243313","1.73937458137729","0.823295429308514","0.135058963989325","0.9758","0.530337983916039","0.407910618101569","0.691504925565926","0.410352349680368","0.552273080575348","15_05"
"10.8512445398987","0.839634607895636","0.474442028953113","1.73450395193092","0.851244539898715","0.145567372545334","0.9752","0.537882418335727","0.409335075394627","0.761884945776741","0.411859872346738","0.540899804074453","15_05"
"10.8392383968152","0.946203518097315","0.431084793657319","1.87612170320418","0.839238396815225","0.161693061574504","0.9854","0.551212130680766","0.586250751835886","0.773718726552411","0.435313111609082","0.560603622256989","15_05"
"10.8664396789777","0.873337408593576","0.462493976178905","1.75119200886553","0.866439678977735","0.151873602485468","0.977","0.536581140625961","0.485996288022702","0.767093312740933","0.423426510290549","0.59397544105516","15_05"
"10.8752536452416","0.909554475308344","0.448918052249621","1.77858518090801","0.875253645241613","0.158940036005212","0.979","0.543367692958552","0.500503801559198","0.800183637987399","0.438955514763192","0.58565699180789","15_05"
"10.8951174141533","0.809294067732721","0.493200454600647","1.6337895916178","0.895117414153315","0.144195300368611","0.9634","0.48998980014585","0.57088860564574","0.684609868968557","0.473663970067454","0.543331664339305","15_05"
"10.8073173978755","0.839960383929906","0.474287133395849","1.81790339695664","0.807317397875485","0.139606792919347","0.9812","0.543788770470169","0.444781437353914","0.698194067127822","0.419516870486384","0.609281642905","15_05"
"10.8430735787107","0.859484054834142","0.467880914325726","1.77231547808279","0.843073578710655","0.14690614649314","0.978","0.53495505484474","0.485081124119025","0.731268243064334","0.439029854762667","0.552874343461051","15_05"
"10.8276099236805","0.804432447414919","0.488304986986163","1.73130449567403","0.827609923680522","0.136953891115313","0.9758","0.526240704366485","0.425989389761037","0.68972337441851","0.454320049316648","0.546152247687804","15_05"
"10.8050488428819","0.838550731124145","0.474624538958636","1.81074980535279","0.805048842881938","0.138942309425972","0.981","0.546959000842144","0.413212532973522","0.707249209045063","0.428695256859026","0.585103904589739","15_05"
"10.8228910003624","0.850650613046935","0.47332532245557","1.79376223306085","0.82289100036235","0.142861099741705","0.979","0.529303189520707","0.508205234629795","0.685137439517731","0.464090381005646","0.543056431312245","15_05"
"10.830721893163","0.907214300394123","0.448841177469996","1.83779858379491","0.830721893162978","0.154895074635114","0.984","0.552923087346368","0.468679900635186","0.771549102245691","0.485961782969705","0.541636131715021","15_05"
"10.9147501347868","0.793879070651274","0.499647528388541","1.57266682207591","0.914750134786819","0.145138052105469","0.9514","0.477129588834941","0.60895532847788","0.696841554311937","0.424238176256594","0.60213082650238","15_05"
"10.8246743962784","0.870194761874395","0.461603498936377","1.81249711835801","0.824674396278368","0.147418302057926","0.9816","0.550753792968596","0.4419268964884","0.755468020996691","0.412000572235629","0.55708447841056","15_05"
"10.8192985385497","0.816126609226221","0.482784357989441","1.76547561044634","0.819298538549743","0.137666667419293","0.9772","0.532989014645086","0.440450908319062","0.692303517443797","0.416375549372342","0.547171791069137","15_05"
"10.8156828928794","0.859128388757457","0.466870378714762","1.83188490856583","0.815682892879443","0.143494568472039","0.9818","0.544832264041374","0.498864490570529","0.710967097208469","0.379800350887868","0.563721025021469","15_05"
"10.8119745478929","0.952207588556606","0.428956317027447","1.91040464788621","0.811974547892936","0.159257413359832","0.987","0.55167390378466","0.643596943737589","0.740281088039316","0.406839386642143","0.552485900652914","15_05"
"10.8629682127151","0.86354922751924","0.469887842180608","1.74392456436198","0.862968212715097","0.14819632061985","0.9762","0.515961537370458","0.613696866877871","0.703130337902662","0.404797213906355","0.556234291832251","15_05"
"10.8538082998316","0.74103931969303","0.517788098130296","1.60779869170727","0.853808299831585","0.129930239399939","0.956","0.504581793112041","0.337297390231674","0.683829379708896","0.454491321922086","0.548736551401604","15_05"
"10.8192985385497","0.816126609226221","0.482784357989441","1.76547561044634","0.819298538549743","0.137666667419293","0.9772","0.532989014645086","0.440450908319062","0.692303517443797","0.416375549372342","0.547171791069137","15_05"
"0.0311854683480479","0.0789354363040655","0.771961132723979","0.00326041599935053","0.0311854683480479","0.27226391603651","0.0044","0.0869782534427941","0.430826810557925","0.770857184776558","0.42346497173367","0.590377474951971","15_05"
"10.8374755521849","0.903130592933775","0.451751640564339","1.82367584852321","0.837475552184864","0.153218161476788","0.9822","0.544160291620466","0.536713012298661","0.752143744778629","0.420707596591297","0.551174949858751","15_05"
"10.8192985385497","0.816126609226221","0.482784357989441","1.76547561044634","0.819298538549743","0.137666667419293","0.9772","0.532989014645086","0.440450908319062","0.692303517443797","0.416375549372342","0.547171791069137","15_05"
"10.7934410200356","0.866951161827508","0.462997145080268","1.86652297960041","0.793441020035649","0.141930798323122","0.9854","0.554054741956157","0.469922672767802","0.698880211023697","0.415125554876878","0.542303741916614","15_05"
"10.8164240297428","0.879142943272282","0.461231574199906","1.84516671954137","0.816424029742803","0.147718908216598","0.9826","0.532652009505081","0.583215142232219","0.685752098866632","0.436210252830782","0.552204198974565","15_05"
"10.8111170647555","0.845304248527128","0.472827565361731","1.81020090001091","0.811117064755522","0.140349794063669","0.9806","0.545937729809051","0.448057432294508","0.712817999752645","0.375272374546905","0.56273764679563","15_05"
"10.7988582935696","0.843778686606163","0.471201357366861","1.83284208335073","0.798858293569553","0.13716893025337","0.9824","0.549479179251697","0.499373324101513","0.694926380711833","0.284426815342158","0.555657264672041","15_05"
"10.8261477458514","0.878411338597011","0.461973119032385","1.82143309527789","0.826147745851353","0.148094222008571","0.982","0.530306349538027","0.583799866982897","0.694038554823546","0.431589595664531","0.550726687284659","15_05"
"10.9292615899804","0.931411559591305","0.437276951391069","1.73746663829119","0.929261589980429","0.169182158252639","0.972","0.545505533875692","0.49859491613649","0.882885465479618","0.398582192929883","0.575049708311136","15_05"
"10.8967217856937","0.921079702979143","0.441660647865975","1.7559967208934","0.896721785693649","0.164360515492262","0.977","0.534891868158498","0.56421062091474","0.802995777968584","0.452998256026384","0.553336096340019","15_05"
"10.8112245377165","1.01059167490274","0.40548672036444","1.9671563811315","0.811224537716478","0.171562236423428","0.988","0.567169012293902","0.645869105042394","0.797208063683646","0.437472176437666","0.557807324751632","15_05"
"10.7532926255845","0.954287720234113","0.429234910432158","1.99166621169968","0.753292625584473","0.152057905049238","0.9924","0.568546762859415","0.604545665716313","0.694777868911091","0.416628532639732","0.582600057520397","15_05"
"10.7545345454385","0.956970249626651","0.428559824808085","1.991490110146","0.754534545438537","0.152716955669526","0.9924","0.568134168044206","0.607630721004297","0.695159186262294","0.419916242688791","0.59872624704558","15_05"
"10.8629682127151","0.86354922751924","0.469887842180608","1.74392456436198","0.862968212715097","0.14819632061985","0.9762","0.515961537370458","0.613696866877871","0.703130337902662","0.404797213906355","0.556234291832251","15_05"
"10.8313697256588","0.876154962979099","0.46315786498074","1.80552941141996","0.831369725658761","0.148185211946939","0.9812","0.534020516417749","0.545517486324775","0.714297111368221","0.424513252558346","0.55197310537038","15_05"
"10.9147501347868","0.793879070651274","0.499647528388541","1.57266682207591","0.914750134786819","0.145138052105469","0.9514","0.477129588834941","0.60895532847788","0.696841554311937","0.424238176256594","0.60213082650238","15_05"
"10.8431210425084","0.813903564078998","0.484643793743494","1.7230188841025","0.843121042508416","0.140447436156676","0.9744","0.527766635554022","0.428524781621789","0.715991738256471","0.42895562962107","0.589922541377835","15_05"
"10.9141389177561","0.791360286800644","0.500192388577778","1.57451790560469","0.914138917756071","0.144741567570757","0.951","0.47754218365015","0.605870273189896","0.696460236960733","0.420950466207535","0.586004636977197","15_05"
"10.9147501347868","0.793879070651274","0.499647528388541","1.57266682207591","0.914750134786819","0.145138052105469","0.9514","0.477129588834941","0.60895532847788","0.696841554311937","0.424238176256594","0.60213082650238","15_05"
"10.8485716001449","0.864644425406476","0.465514417881632","1.76397440450046","0.848571600144867","0.148302767715959","0.9782","0.535055209438424","0.483460896161949","0.740824948902971","0.448790929986128","0.55020514736513","15_05"
"10.8103556116809","0.8761433607277","0.461075028039888","1.85652632865261","0.810355611680919","0.145335787300806","0.984","0.545534360747548","0.518174871480733","0.704960758860907","0.405154611982509","0.572060885778229","15_05"
"10.8613601136557","0.827604871881579","0.48232921542388","1.70663101550267","0.861360113655743","0.143872471827884","0.9728","0.517386177465054","0.50873452837066","0.705418788086818","0.428337858782873","0.569277310643761","15_05"
"10.8117487592314","0.841859876229514","0.474061820406478","1.80489171224946","0.811748759231447","0.139841828008396","0.9804","0.545084348054563","0.444226187188178","0.712186029857132","0.375702220334511","0.56315797537004","15_05"
"10.8191646676678","0.857184085016519","0.468309818075515","1.82045990158391","0.819164667667803","0.143482117423039","0.9802","0.540677251164203","0.488773414538677","0.709391203097515","0.410094576963665","0.567708045372037","15_05"
"10.9292615899804","0.931411559591305","0.437276951391069","1.73746663829119","0.929261589980429","0.169182158252639","0.972","0.545505533875692","0.49859491613649","0.882885465479618","0.398582192929883","0.575049708311136","15_05"
"10.8254238807742","0.944426855191171","0.431819262390781","1.89110014298179","0.825423880774236","0.159718682560914","0.9864","0.553212709018755","0.591341714735712","0.759053104427413","0.42644553928599","0.571860465957072","15_05"
"10.8241569303759","0.823930994968117","0.479956149747217","1.77047762081438","0.824156930375931","0.139913094363295","0.9774","0.534414017329591","0.448401113106662","0.702822191082363","0.420012005359034","0.548983131658325","15_05"
"10.8261862009297","0.853924030158575","0.470229905024905","1.79190812713028","0.826186200929749","0.144657065876112","0.9794","0.539973608560728","0.463215381658961","0.724991793102802","0.431906454950899","0.574124677109468","15_05"
"10.8566693946352","0.880359770637165","0.458573136563981","1.77444135085329","0.856669394635161","0.15212358087136","0.9794","0.542943504216835","0.470928387688099","0.773552810607474","0.431826380590106","0.54347892805935","15_05"
"10.8781927330382","0.865712593815181","0.465706808816708","1.73226140730174","0.878192733038212","0.152633786746588","0.9746","0.533860366385835","0.459144042909026","0.78100218404416","0.444860552840381","0.548534782038775","15_05"
"10.9333945440862","0.892538417243186","0.452018244018143","1.69892640169876","0.933394544086169","0.163675436001374","0.9672","0.537817297356575","0.450272409916875","0.8657977798259","0.40486316533856","0.554513454008236","15_05"
"10.7685566556285","0.957058363538613","0.428638973737599","1.97734885580681","0.768556655628484","0.154331894995416","0.9914","0.566546184521425","0.599454702816487","0.709443491036089","0.425496104962825","0.571343213820314","15_05"
"10.8388858303562","0.849768784889415","0.472410672720164","1.76592926490227","0.838885830356213","0.144753109469419","0.978","0.533530052160235","0.477130919331425","0.720749569425769","0.435393398775976","0.551063002871862","15_05"
"10.8111170647555","0.845304248527128","0.472827565361731","1.81020090001091","0.811117064755522","0.140349794063669","0.9806","0.545937729809051","0.448057432294508","0.712817999752646","0.375272374546905","0.56273764679563","15_05"
"10.8189451402105","0.911535825821984","0.448071119501718","1.86188380858663","0.818945140210542","0.153320180821692","0.9848","0.54600310589782","0.563204905994443","0.728323178384807","0.436297430313156","0.552160910197283","15_05"
"10.8730732592727","0.78806474352983","0.495512176414644","1.64255121943823","0.873073259272657","0.138352998617432","0.9648","0.503542685639331","0.540510332412562","0.696647029481133","0.305594108293","0.575622521876449","15_05"
"10.8111170647555","0.845304248527128","0.472827565361731","1.81020090001091","0.811117064755522","0.140349794063669","0.9806","0.545937729809051","0.448057432294508","0.712817999752646","0.375272374546905","0.56273764679563","15_05"
"10.8193176365209","0.840943995891736","0.474770056260815","1.79638673329484","0.819317636520861","0.141410627244109","0.9792","0.541940447126156","0.435078275433586","0.713525659006596","0.435818656670794","0.563853570941322","15_05"
"5.81913926119041","0.744078354708496","0.525414840847855","1.60883503855616","0.819139261190415","0.123820665692394","0.9494","0.523066082447307","0.140669456683099","0.695120905542637","0.403070883305752","0.582165569297972","15_05"
"10.9147501347868","0.793879070651274","0.499647528388541","1.57266682207591","0.914750134786819","0.145138052105469","0.9514","0.477129588834941","0.60895532847788","0.696841554311937","0.424238176256594","0.60213082650238","15_05"
"10.8112245377165","1.01059167490274","0.40548672036444","1.9671563811315","0.811224537716478","0.171562236423428","0.988","0.567169012293902","0.645869105042394","0.797208063683646","0.437472176437666","0.557807324751632","15_05"
"10.8142657196913","0.853648491865283","0.469225948090451","1.8245859132053","0.814265719691302","0.142686924276367","0.9816","0.545685645795861","0.480060184759787","0.711599067103982","0.379370505100261","0.563300696447059","15_05"
"10.8172424264844","0.863944260431276","0.465170022836039","1.82677818735174","0.817242426484402","0.144855127833675","0.9822","0.545791732148617","0.489171890896626","0.722732765891408","0.390098939288427","0.570850622626094","15_05"
"10.8221116272673","0.846191132140385","0.47286454485917","1.79082594896335","0.822111627267304","0.142363483400055","0.9792","0.541636107586767","0.454462739569976","0.719982399298431","0.401976181067126","0.573172622433103","15_05"
"10.8076391846085","0.894533775665189","0.455564301421199","1.87646742238638","0.807639184608458","0.147858773678525","0.9852","0.54590755199608","0.555041762338265","0.705025658443093","0.412697035223994","0.56097204117501","15_05"
"10.82809882564","0.81941059078096","0.482118670397559","1.75341793615838","0.828098825640025","0.139221025372006","0.977","0.532613025982899","0.435766516133413","0.703651320994018","0.428057538717575","0.55922822578625","15_05"
"10.805701093777","0.845450946299102","0.471697258311833","1.80989210989632","0.805701093777036","0.138753283893369","0.9812","0.545857752297182","0.512916335397066","0.70567222111005","0.277973299380392","0.565945582086522","15_05"
"10.8003578246672","0.920172586743085","0.443837790514176","1.91498086549313","0.800357824667154","0.151101357468289","0.9884","0.561589422519015","0.523360168750785","0.739880301516655","0.406855113604545","0.554903969536519","15_05"
"10.7985549201491","0.780819149421938","0.510792537976221","1.71059664876244","0.798554920149115","0.126172412507118","0.964","0.545614338259418","0.138135377084836","0.712106537503502","0.403288794277397","0.568852950487336","15_05"
"10.8566693946352","0.880359770637165","0.458573136563981","1.77444135085329","0.856669394635161","0.15212358087136","0.9794","0.542943504216835","0.470928387688099","0.773552810607474","0.431826380590106","0.54347892805935","15_05"
"10.8730732592727","0.78806474352983","0.495512176414644","1.64255121943823","0.873073259272657","0.138352998617432","0.9648","0.503542685639331","0.540510332412562","0.696647029481133","0.305594108293","0.575622521876449","15_05"
"10.8536900525985","0.874287126171468","0.465300542293554","1.77096604923753","0.853690052598455","0.149121316678311","0.9788","0.523799511414596","0.592458026131969","0.711467673791184","0.412361659119262","0.552344786902594","15_05"
"10.8177963774104","0.849687893802685","0.470769056829266","1.81044790277325","0.817796377410446","0.142535792012088","0.9808","0.544275230783012","0.456810074383493","0.717827393557017","0.405202648430678","0.563689701471995","15_05"
"10.8483311428935","0.83968429173995","0.47649240962171","1.73686447501448","0.848331142893513","0.144474535501406","0.9758","0.525692078116097","0.498369760077326","0.712412233537247","0.427828953563069","0.55495250780152","15_05"
"10.8668490118602","0.840431359576239","0.477843142634097","1.71589967787639","0.866849011860226","0.145996845509288","0.9734","0.514770998834778","0.55053237800647","0.704376603596353","0.421310884045916","0.591440994635351","15_05"
"10.9003244303336","0.929283397893037","0.441714706600898","1.7613043386597","0.900324430333603","0.165276855811636","0.9764","0.542774059358986","0.526366943982577","0.835360969345334","0.42350415669684","0.570952698292031","15_05"
"10.9180492127295","0.906821274553624","0.445238482015231","1.73695836997552","0.918049212729526","0.164696435333386","0.9728","0.545651531536126","0.457480457534372","0.872970699340856","0.383755628188361","0.566936732480672","15_05"
"10.8167240315923","0.882637554669662","0.459416999088627","1.84041804233768","0.816724031592312","0.147748290314258","0.9832","0.543000793057009","0.524019888285401","0.714053966219704","0.428327524327963","0.57396243793669","15_05"
"10.8180026316554","0.894370080450756","0.455223759334864","1.84569824336626","0.818002631655445","0.150119728528368","0.9836","0.545629914649287","0.526338015136911","0.728258278802621","0.428755007071671","0.563249754800502","15_05"
"10.9147501347868","0.793879070651274","0.499647528388541","1.57266682207591","0.914750134786819","0.145138052105469","0.9514","0.477129588834941","0.60895532847788","0.696841554311937","0.424238176256594","0.60213082650238","15_05"
"10.9292615899804","0.931411559591305","0.437276951391069","1.73746663829119","0.929261589980429","0.169182158252639","0.972","0.545505533875692","0.49859491613649","0.882885465479618","0.398582192929883","0.575049708311136","15_05"
"10.9333945440862","0.892538417243186","0.452018244018143","1.69892640169876","0.933394544086169","0.163675436001374","0.9672","0.537817297356575","0.450272409916875","0.8657977798259","0.40486316533856","0.554513454008236","15_05"
"10.8724112792247","0.802206593081916","0.491903575777662","1.65978266154155","0.87241127922469","0.141146347553237","0.9688","0.508296319809215","0.506480382765918","0.70528295046823","0.378199666757583","0.573427478662659","15_05"
"10.8730732592727","0.78806474352983","0.495512176414644","1.64255121943823","0.873073259272657","0.138352998617432","0.9648","0.503542685639331","0.540510332412562","0.696647029481133","0.305594108293","0.575622521876449","15_05"
"10.8384694107923","0.819715774771714","0.482751557377168","1.73393615892727","0.83846941079228","0.140864281490739","0.9752","0.529567626900715","0.441159378595037","0.715162608344816","0.420910096262528","0.579677447249911","15_05"
"10.8313697256588","0.876154962979099","0.46315786498074","1.80552941141996","0.831369725658761","0.148185211946939","0.9812","0.534020516417749","0.545517486324775","0.714297111368221","0.424513252558346","0.55197310537038","15_05"
"10.9445669824964","0.87816928671055","0.458263339250882","1.66239140306124","0.944566982496384","0.162594545062729","0.9622","0.531755108141328","0.432203317308527","0.865193614470586","0.423843455024288","0.555260123361217","15_05"
"10.7826403812961","0.911374027779317","0.447136768525025","1.9276255188042","0.782640381296115","0.147347447659821","0.9898","0.561900910248336","0.540945576094333","0.710449177374314","0.3842852977764","0.569577827508252","15_05"
"10.8730732592727","0.78806474352983","0.495512176414644","1.64255121943823","0.873073259272657","0.138352998617432","0.9648","0.503542685639331","0.540510332412562","0.696647029481133","0.305594108293","0.575622521876449","15_05"
"10.8337813839078","0.826181353837372","0.479414068299014","1.75110407889837","0.833781383907844","0.141413888686051","0.9768","0.53382882476927","0.446593874230137","0.716595903611785","0.409975339935342","0.589175872024853","15_05"
"10.7821078790887","0.925711164375027","0.442048146210059","1.93707654410429","0.782107879088708","0.151585712745523","0.9904","0.563519000025144","0.538650196190048","0.720381317919186","0.429075035585761","0.571505452993092","15_05"
"10.8030210290313","0.899600258186782","0.453500495146503","1.88734062058489","0.803021029031346","0.148246605003471","0.986","0.55033092006895","0.538569311481941","0.710593380765757","0.420581312286686","0.565066082759122","15_05"
"10.9113884123241","0.936107298607644","0.438265082295219","1.75258104010849","0.911388412324108","0.167615305550461","0.9752","0.545224028954996","0.515886576850933","0.858478540312441","0.418021255310365","0.572382331400933","15_05"
"10.8439409432617","0.818716763825603","0.484601679438138","1.71874387145665","0.843940943261707","0.141022676120063","0.9746","0.523361107925955","0.471816194133427","0.704246650568037","0.418050032685147","0.595168428118187","15_05"
"10.9147501347868","0.793879070651274","0.499647528388541","1.57266682207591","0.914750134786819","0.145138052105469","0.9514","0.477129588834941","0.60895532847788","0.696841554311937","0.424238176256594","0.60213082650238","15_05"
"10.8163818429353","0.860358039181932","0.467158705829948","1.8283140519702","0.816381842935303","0.144071134957363","0.9812","0.540677517835789","0.492880994205966","0.70409337173103","0.428251738862416","0.569342396029687","15_05"
"10.8880556215015","0.931563564407273","0.440826064015143","1.77733931762569","0.888055621501513","0.163722311713253","0.979","0.545612074042007","0.533635202481526","0.827387536015158","0.406948639145476","0.57076396491343","15_05"
"10.8589424835365","0.81309885727343","0.486907359774966","1.69419634149165","0.858942483536477","0.141051161494896","0.9714","0.516884777373544","0.506211622563171","0.709112385155129","0.359539285922162","0.566394824062579","15_05"
"10.9333945440862","0.892538417243186","0.452018244018143","1.69892640169876","0.933394544086169","0.163675436001374","0.9672","0.537817297356575","0.450272409916875","0.8657977798259","0.40486316533856","0.554513454008236","15_05"
"10.8400298480013","0.862788399272803","0.468234472062102","1.78342183864623","0.840029848001293","0.146893458565527","0.9794","0.528136290416992","0.547425688764878","0.706314765809267","0.421511760218579","0.578586993765732","15_05"
"10.8223001346838","0.842513565221018","0.474617035163576","1.78291883015565","0.822300134683785","0.141741194600118","0.9788","0.53974932883634","0.459018444145026","0.716571305685969","0.393326724680889","0.57078362298413","15_05"
"10.8993256885892","0.856196124194153","0.468233449580558","1.69925228530044","0.899325688589227","0.152008914956955","0.97","0.540847095886852","0.352832547297617","0.832908131877658","0.412178639913484","0.565499239023299","15_05"
"10.8647272869264","0.845928221991897","0.475491924429868","1.72475240505177","0.864727286926425","0.146604667158159","0.974","0.517003368476087","0.552849966335721","0.708204855813761","0.417500612687605","0.570129731195257","15_05"
"10.8628471244708","0.81450256499275","0.487386039832201","1.68761146582206","0.862847124470771","0.141670001037064","0.9718","0.512349986381884","0.532668469926717","0.699946877863251","0.373883775933906","0.56418020561539","15_05"
"10.8384694107923","0.819715774771714","0.482751557377168","1.73393615892727","0.83846941079228","0.140864281490739","0.9752","0.529567626900715","0.441159378595037","0.715162608344816","0.420910096262528","0.579677447249911","15_05"
"10.839647930486","0.785653989578778","0.501542179875168","1.68938509099304","0.839647930486046","0.132660020585703","0.9668","0.536522350513893","0.217506147095746","0.74439202009643","0.4149536093882","0.558613834825255","15_05"
"10.9292615899804","0.931411559591305","0.437276951391069","1.73746663829119","0.929261589980429","0.169182158252639","0.972","0.545505533875692","0.49859491613649","0.882885465479618","0.398582192929883","0.575049708311136","15_05"
"10.8730732592727","0.78806474352983","0.495512176414644","1.64255121943823","0.873073259272657","0.138352998617432","0.9648","0.503542685639331","0.540510332412562","0.696647029481133","0.305594108293","0.575622521876449","15_05"
"10.8729365723858","0.869501255896898","0.465540851302493","1.74227942398668","0.872936572385752","0.150837910396887","0.9764","0.513547847316909","0.628987656906247","0.705371626226936","0.426739996746667","0.555226091245013","15_05"
"10.8596723293139","0.852960432009859","0.47250875093198","1.7427313698736","0.859672329313859","0.147346898202757","0.9754","0.520655224835535","0.548624175566367","0.712358949155307","0.424312376385682","0.56482710624","15_05"
"10.8552756301068","0.868901692117489","0.467634790481072","1.76335957469614","0.855275630106813","0.148572185954328","0.9784","0.521567141773287","0.590140437802717","0.707639421573776","0.416171930477573","0.573656050342689","15_05"
"10.7228133635759","0.793658236909049","0.494219684898814","1.84310067774214","0.722813363575904","0.124076188936839","0.9842","0.541676728910699","0.471395526456378","0.561761360615492","0.412966337832868","0.556421254975267","15_05"
"10.7926268223488","0.910620340985928","0.447902554547032","1.91261166638708","0.792626822348815","0.148719867347354","0.9888","0.559062895565315","0.533677317595385","0.718422610704489","0.400840815327764","0.569766560886853","15_05"
"10.8643320710008","0.843068645584365","0.474460367262557","1.7188136683599","0.864332071000783","0.147121452507653","0.974","0.532432431026574","0.443936835113055","0.758180903790451","0.418465315614685","0.558290633626899","15_05"
"10.8206027358275","0.846759254992746","0.473920563148452","1.79836759886361","0.820602735827546","0.142653188059179","0.9794","0.538655429295175","0.465919962885013","0.709812781199456","0.424829753325113","0.559295225428214","15_05"
"10.8301609179384","0.843767533169028","0.475771498183537","1.77210929428069","0.830160917938408","0.142972333194308","0.9786","0.534936301204119","0.466905410212848","0.713611915482692","0.428133324183122","0.563848267693252","15_05"
"10.913816412072","0.805875027501848","0.494883419342514","1.60479305784385","0.913816412071964","0.146363373572827","0.9572","0.487597305678256","0.583733008574589","0.709190807355685","0.416163483506789","0.596138270409047","15_05"
"10.9445669824964","0.87816928671055","0.458263339250882","1.66239140306124","0.944566982496384","0.162594545062729","0.9622","0.531755108141328","0.432203317308527","0.865193614470586","0.423843455024288","0.555260123361217","15_05"
"10.9168874722219","0.924845530689726","0.44095838500563","1.73873578835475","0.916887472221883","0.166586902828637","0.9742","0.543055564279682","0.509075283268134","0.859767894512511","0.404065094316357","0.573620075202234","15_05"
"10.9432536839362","0.896358731997542","0.451235254593346","1.68077717146487","0.943253683936183","0.16540518152325","0.9646","0.53558391310632","0.459402706988639","0.872325558654525","0.409459310121303","0.573888576697086","15_05"
"10.8580447589732","0.820865173223461","0.484040695791526","1.70660326614153","0.85804475897321","0.142212687635349","0.973","0.520440550608402","0.50008539759228","0.712323557778541","0.379288623573984","0.573153895219165","15_05"
"10.8982144977919","0.880246053384869","0.456330783904308","1.72920540961881","0.898214497791879","0.157684476842224","0.973","0.54095878470152","0.442729221765447","0.826995109978565","0.407354320476729","0.570142112167421","15_05"
"10.8880556215015","0.931563564407273","0.440826064015143","1.77733931762569","0.888055621501513","0.163722311713253","0.979","0.545612074042007","0.533635202481526","0.827387536015158","0.406948639145476","0.57076396491343","15_05"
"10.8729365723858","0.869501255896898","0.465540851302493","1.74227942398668","0.872936572385752","0.150837910396887","0.9764","0.513547847316909","0.628987656906247","0.705371626226936","0.426739996746667","0.555226091245013","15_05"
"10.9305732561737","0.813232928616322","0.489640673723359","1.58949753214461","0.930573256173673","0.150291787114867","0.9536","0.496182738936666","0.528640345183317","0.758468383478044","0.405823839695756","0.592055361230305","15_05"
"10.8900145414738","0.914767879395362","0.445904656363165","1.76756354416449","0.890014541473787","0.161966215140015","0.978","0.543486435825017","0.509419232015353","0.824377330510716","0.40862157416155","0.569863991560386","15_05"
"10.814465498496","0.876217225280428","0.461677823839712","1.84874885198555","0.814465498495964","0.146398356312244","0.9834","0.542803156052779","0.51709696467214","0.707103577235471","0.426578803846341","0.57024236938273","15_05"
"10.910565313735","0.904871314667659","0.451351908425398","1.70644251488978","0.910565313735035","0.163273416012959","0.9704","0.524002414177957","0.589390266562697","0.798141065346403","0.422479430877195","0.583695540474309","15_05"
"10.8742495552449","0.858191457629436","0.472173836987236","1.72826139678519","0.874249555244907","0.148520370441039","0.9752","0.512393589283104","0.609072472255939","0.704904026801299","0.415321572006508","0.557371913872917","15_05"
"10.862773119238","0.832573009264837","0.480573790768728","1.71377870800827","0.862773119238008","0.144759391579257","0.9734","0.520417877531897","0.506452345828053","0.716891202544618","0.410148452712091","0.59830388205263","15_05"
"10.9445669824964","0.87816928671055","0.458263339250882","1.66239140306124","0.944566982496384","0.162594545062729","0.9622","0.531755108141328","0.432203317308527","0.865193614470586","0.423843455024288","0.555260123361217","15_05"
"10.8729365723858","0.869501255896898","0.465540851302493","1.74227942398668","0.872936572385752","0.150837910396887","0.9764","0.513547847316909","0.628987656906247","0.705371626226936","0.426739996746667","0.555226091245013","15_05"
"10.9147501347868","0.793879070651274","0.499647528388541","1.57266682207591","0.914750134786819","0.145138052105469","0.9514","0.477129588834941","0.60895532847788","0.696841554311937","0.424238176256594","0.60213082650238","15_05"
"10.9156637097756","0.853184937231467","0.470389039368376","1.66790735729875","0.915663709775609","0.15405442760888","0.9652","0.53068375066813","0.404329979403642","0.823724565143514","0.416406499916162","0.572970049348557","15_05"
"10.9446095279459","0.877538720486157","0.45862307100248","1.66244138709045","0.944609527945872","0.162492433467838","0.9622","0.531755108141328","0.432203317308527","0.865193614470586","0.423843455024288","0.389500771416351","15_05"
"10.8349536219425","0.879973670423082","0.461447430244234","1.80235025068816","0.834953621942548","0.148949552334373","0.981","0.534030315956918","0.556230435739128","0.719618166528555","0.413823558291218","0.584073770410435","15_05"
"10.9267240104945","0.892604819194095","0.452510083395327","1.70641253661378","0.92672401049448","0.162815651485665","0.969","0.5374668125403","0.457674874441604","0.856135193179541","0.408830054410464","0.570397375450601","15_05"
"10.8628471244708","0.81450256499275","0.487386039832201","1.68761146582206","0.862847124470771","0.141670001037064","0.9718","0.512349986381884","0.532668469926717","0.699946877863251","0.373883775933906","0.56418020561539","15_05"
"10.9342552038682","0.90995572245859","0.448608127408056","1.69344485793638","0.934255203868217","0.166270434946367","0.967","0.532334407890904","0.516818438050997","0.854498279852309","0.410313405249405","0.570239814616419","15_05"
"10.8677389104783","0.832323141032989","0.480643995250305","1.70111203403105","0.867738910478253","0.145840875405556","0.9726","0.520252873691503","0.495434235273363","0.726032134615977","0.416646517559503","0.573778493275923","15_05"
"10.8769984906928","0.85094378555682","0.475114273944025","1.71967520728967","0.876998490692781","0.148081940414832","0.9738","0.51186968491037","0.588522484193328","0.707696451603878","0.416167497780586","0.576637852216825","15_05"
"10.9333945440862","0.892538417243186","0.452018244018143","1.69892640169876","0.933394544086169","0.163675436001374","0.9672","0.537817297356575","0.450272409916875","0.8657977798259","0.40486316533856","0.554513454008236","15_05"
"10.8663100092342","0.827312208446577","0.483565169940846","1.70248431763463","0.866310009234222","0.143946141865187","0.9722","0.513504244415689","0.552583654577025","0.700414477288888","0.385302200674065","0.562034382987485","15_05"
"10.9140172570205","0.884439209384618","0.454757999121692","1.72102845498625","0.914017257020505","0.160242013996146","0.9714","0.53907588526754","0.444457054312482","0.843185475453549","0.407983576187568","0.573633313413906","15_05"
"10.9432536839362","0.896358731997542","0.451235254593346","1.68077717146487","0.943253683936183","0.16540518152325","0.9646","0.53558391310632","0.459402706988639","0.872325558654525","0.409459310121303","0.573888576697086","15_05"
"10.8580447589732","0.820865173223461","0.484040695791526","1.70660326614153","0.85804475897321","0.142212687635349","0.973","0.520440550608402","0.50008539759228","0.712323557778541","0.379288623573984","0.573153895219165","15_05"
"5.98902441821075","0.849469361230255","0.474673044304281","1.52132381862177","0.989024418210749","0.166155356403753","0.9394","0.49452900865962","0.552775392566702","0.845748131593219","0.418952888883062","0.558340398457986","15_05"
"10.9168874722219","0.924845530689726","0.44095838500563","1.73873578835475","0.916887472221883","0.166586902828637","0.9742","0.543055564279682","0.509075283268134","0.859767894512511","0.404065094316357","0.573620075202234","15_05"
"10.903468400804","0.823461442709046","0.486331324175456","1.65306625226683","0.903468400804022","0.147159068310708","0.964","0.497294762541173","0.585350962183979","0.709133777325583","0.416167916203776","0.59315646853491","15_05"
"10.9292615899804","0.931411559591305","0.437276951391069","1.73746663829119","0.929261589980429","0.169182158252639","0.972","0.545505533875692","0.49859491613649","0.882885465479618","0.398582192929883","0.575049708311136","15_05"
"6.01577720994444","0.819975995497561","0.485134937946842","1.46740115343259","1.01577720994443","0.163735655138882","0.9258","0.489150902827659","0.4869052798241","0.861898199481655","0.411799235336873","0.585953076695698","15_05"
"10.8263135031593","0.825680168762576","0.481825960104016","1.75909022332007","0.826313503159332","0.138992939702081","0.9776","0.539730972119437","0.389661946489012","0.72434617507896","0.41668223625985","0.572206636924653","15_05"
"10.9363808307388","0.894846923171131","0.45224310377589","1.69170826174303","0.936380830738837","0.164003995672923","0.9664","0.535714495648575","0.463949134321737","0.862158850641767","0.411305806372056","0.57048224054251","15_05"
"10.840252720567","0.870149248823059","0.465123060673183","1.78676362508355","0.840252720567014","0.147940707705459","0.9804","0.531082871459009","0.546326388426907","0.717044392970637","0.412696012189936","0.597088022744128","15_05"
"10.8856552417922","0.878345983635855","0.463195365302524","1.73111548165857","0.885655241792192","0.15367532518056","0.9762","0.520583812885184","0.5869784026335","0.741214383642862","0.419671051025907","0.572745502733651","15_05"
"10.9417579097529","0.935137316927658","0.43817035648382","1.71308866727475","0.941757909752907","0.172527852641587","0.9682","0.532672795940102","0.580763966945411","0.863203976804336","0.407004152497606","0.565711075247626","15_05"
"10.9210518875216","0.891128819740133","0.452830722543339","1.71494596296555","0.92105188752162","0.161887122465736","0.9698","0.538499612973433","0.455929016209498","0.850684802207177","0.4084363042184","0.571727422814483","15_05"
"10.9355333465724","0.866760583187935","0.46178122796805","1.66831143563515","0.935533346572362","0.159815357558819","0.9628","0.530776039595268","0.421775056231067","0.851772375988272","0.423233193206835","0.486004273973082","15_05"
"10.8638675233928","0.819642735161675","0.486567510072822","1.69224562296671","0.863867523392808","0.142625288400391","0.9718","0.512729437605198","0.5365162369813","0.700078577234849","0.381997628298908","0.562416998905416","15_05"
"10.8740675830431","0.910345518270884","0.44871968089218","1.78067215127356","0.874067583043064","0.158712652303372","0.9792","0.543424350262104","0.510668141255556","0.799562121142334","0.422229034184811","0.569871687403845","15_05"
"10.9445669824964","0.87816928671055","0.458263339250882","1.66239140306124","0.944566982496384","0.162594545062729","0.9622","0.531755108141328","0.432203317308527","0.865193614470586","0.423843455024288","0.555260123361217","15_05"
"10.903468400804","0.823461442709046","0.486331324175456","1.65306625226683","0.903468400804022","0.147159068310708","0.964","0.497294762541173","0.585350962183979","0.709133777325583","0.416167916203776","0.59315646853491","15_05"
"10.9267240104945","0.892604819194095","0.452510083395327","1.70641253661378","0.92672401049448","0.162815651485665","0.969","0.5374668125403","0.457674874441604","0.856135193179541","0.408830054410464","0.570397375450601","15_05"
"10.858197894788","0.842166961788014","0.476922578556748","1.7293634838455","0.858197894787959","0.145782467991496","0.9748","0.523365322029807","0.516356393140274","0.719464976102536","0.411275998813374","0.585289629718937","15_05"
"10.8242016660502","0.882697142229041","0.459013535928962","1.82519850932424","0.824201666050152","0.148706847087662","0.9824","0.542865241615692","0.515848055431936","0.731918786603854","0.412971343823081","0.570234673539272","15_05"
"10.8756597314455","0.849272959916359","0.474160878419248","1.71362192787919","0.875659731445515","0.148277830488556","0.9734","0.517145677220717","0.543405416683205","0.7221287166167","0.418536769608058","0.947250132914633","15_05"
"10.9333945440862","0.892538417243186","0.452018244018143","1.69892640169876","0.933394544086169","0.163675436001374","0.9672","0.537817297356575","0.450272409916875","0.8657977798259","0.40486316533856","0.554513454008236","15_05"
"10.9446095279459","0.877538720486157","0.45862307100248","1.66244138709045","0.944609527945872","0.162492433467838","0.9622","0.531755108141328","0.432203317308527","0.865193614470586","0.423843455024288","0.389500771416351","15_05"
"5.83607690292074","0.761451955591723","0.520148245176612","1.6160372715245","0.83607690292074","0.12706440957181","0.9478","0.526380585252499","0.0517706184182316","0.725053114902218","0.418318037178944","0.564564724308523","15_05"
"10.9289266269798","0.907307576336683","0.44704428338486","1.71461320799029","0.928926626979785","0.164856214549813","0.9702","0.539096176772434","0.477329466254924","0.86280265834133","0.416602742968589","0.558397958020941","15_05"
"10.9205977975026","0.885534690637423","0.454381100921027","1.71207760931429","0.92059779750257","0.160977303757616","0.9696","0.538043084834407","0.446202912544588","0.848635866425913","0.408377326379632","0.572303266050024","15_05"
"10.898377607167","0.890508381799397","0.45472330237333","1.74014782530655","0.898377607167008","0.158815298323858","0.9736","0.538731715394511","0.475537269216905","0.819278466718072","0.41750223962704","0.572056676650613","15_05"
"10.9432536839362","0.896358731997542","0.451235254593346","1.68077717146487","0.943253683936183","0.16540518152325","0.9646","0.53558391310632","0.459402706988639","0.872325558654525","0.409459310121303","0.573888576697086","15_05"
"10.910565313735","0.904871314667659","0.451351908425398","1.70644251488978","0.910565313735035","0.163273416012959","0.9704","0.524002414177957","0.589390266562697","0.798141065346403","0.422479430877195","0.583695540474309","15_05"
"10.9237865565965","0.861411376487315","0.46524470128105","1.673150163821","0.923786556596482","0.157054819555637","0.965","0.531662819214189","0.414758240481101","0.837145803625828","0.417016761733615","0.476466546791826","15_05"
"10.8676385120054","0.858815166944416","0.471708543779449","1.73741744971327","0.867638512005354","0.148352986261851","0.9756","0.516655043787695","0.581016475496405","0.709275044226213","0.424849744698113","0.571350448830143","15_05"
"5.84665075231151","0.748720390884082","0.518202017033492","1.58435563507937","0.846650752311511","0.126860891316124","0.948","0.513124793192374","0.548735887522442","0.700282777917289","0.0535278252791613","0.563797589697459","15_05"
"10.8900145414738","0.914767879395362","0.445904656363165","1.76756354416449","0.890014541473787","0.161966215140015","0.978","0.543486435825017","0.509419232015353","0.824377330510716","0.40862157416155","0.569863991560386","15_05"
"10.8929297744305","0.832496455735428","0.482295338190075","1.67926803413829","0.892929774430528","0.147886940114266","0.9672","0.505626190580656","0.567848530735898","0.717953682467481","0.409159493166314","0.569946794471709","15_05"
"10.8294454574861","0.828779490804101","0.479089409564533","1.76124788186618","0.829445457486054","0.141101707216162","0.9774","0.534755191326398","0.445889674858876","0.711549675660913","0.425483064135463","0.571155742080674","15_05"
"10.9173520506824","0.853208948364772","0.474974584184824","1.65197954818279","0.917352050682401","0.153252214840793","0.9646","0.504104395672919","0.589779471353665","0.745886327237499","0.423404343276109","0.577334658003609","15_05"
"5.96449308508986","0.812513040533033","0.488559152234927","1.52886789436148","0.96449308508986","0.15572835640303","0.9424","0.494012588490058","0.479651800285984","0.811762363848616","0.413397179641151","0.770364659372717","15_05"
"10.9446095279459","0.877538720486157","0.45862307100248","1.66244138709045","0.944609527945872","0.162492433467838","0.9622","0.531755108141328","0.432203317308527","0.865193614470586","0.423843455024288","0.389500771416351","15_05"
"10.9445669824964","0.87816928671055","0.458263339250882","1.66239140306124","0.944566982496384","0.162594545062729","0.9622","0.531755108141328","0.432203317308527","0.865193614470586","0.423843455024288","0.555260123361217","15_05"
"10.9265529192089","0.847540104590691","0.470468343962209","1.66824048651588","0.926552919208916","0.152649858424576","0.962","0.533699879533695","0.45576201830074","0.854853932119303","0.16469008824788","0.501718829818783","15_05"
"10.9315526477334","0.909172474373409","0.450141040641455","1.69400960439979","0.93155264773338","0.164988262221889","0.9682","0.530005579073238","0.530093424831602","0.839401946798115","0.423311769669556","0.422540782866106","15_05"
"10.8915623171022","0.904314192528944","0.449927718460952","1.75436629352884","0.891562317102224","0.160191423014582","0.9756","0.541313854583498","0.49249585776882","0.820436865792621","0.414977432061458","0.560245398174975","15_05"
"10.9289809835904","0.880281923187029","0.461474451631776","1.68112796413267","0.928980983590366","0.160100945614781","0.967","0.525751943246047","0.491500159039621","0.823932733018875","0.423011116231927","0.550655529024555","15_05"
"10.8785482872452","0.87026766135621","0.465530670069013","1.72841017597249","0.87854828724517","0.152180029968002","0.9756","0.527562829508973","0.521764946748148","0.760293102027117","0.410996571059755","0.677983314659265","15_05"
"10.9072551779241","0.88717887893819","0.455191960816142","1.72780645330755","0.9072551779241","0.159493578206566","0.9722","0.538151664943794","0.468197167848793","0.830270498625846","0.405590000153168","0.560092483349382","15_05"
"10.9026661296159","0.871961287915338","0.461160076713788","1.71499721783424","0.902666129615926","0.156290080520884","0.972","0.53371570336524","0.462442356999833","0.810093182164961","0.417278246959982","0.695914851844907","15_05"
"10.9174635918156","0.916250088236543","0.445434104104264","1.72950936779581","0.917463591815637","0.165250423571733","0.9728","0.539486582259562","0.504615994544984","0.848684794732523","0.416029720630667","0.570370820091504","15_05"
"10.864008835625","0.889376899927878","0.456277685464393","1.77399444135999","0.864008835625016","0.153650476865226","0.9794","0.540647563804628","0.50068166391804","0.774284579152562","0.414596654730213","0.568387233385239","15_05"
"10.9334561377439","0.918658036446269","0.447275604610415","1.69783043825499","0.93345613774387","0.167220755469932","0.9674","0.530492637697864","0.542587624662207","0.847284754419772","0.423593376866852","0.479926359498467","15_05"
"10.8907388159519","0.891943015503598","0.457182123018794","1.72844216551084","0.890738815951917","0.15732244740279","0.9752","0.525861736228934","0.56992708210338","0.770360184157989","0.424146901979519","0.569590090327545","15_05"
"10.9082976024181","0.816551213623745","0.483914832829134","1.6266561696449","0.908297602418077","0.145762463122737","0.9618","0.522548415700089","0.443292710701552","0.80410847453881","0.210528411902487","0.557020481863816","15_05"
"10.9289946374584","0.894840608806617","0.451534063673613","1.70457989283685","0.92899463745839","0.163409334158991","0.9684","0.537869143055351","0.458156688290364","0.860087845338908","0.408595154497528","0.570868445244098","15_05"
"10.9249104272392","0.835423953766963","0.478312623010933","1.63719446773741","0.92491042723916","0.152323962243254","0.9606","0.512170903913833","0.492992580460857","0.781446307548785","0.409262331989065","0.57236358815922","15_05"
"10.8795413856605","0.919120471259863","0.450775004611423","1.78219540735872","0.879541385660467","0.165255124013124","0.9802","0.523676612328868","0.500765447328165","0.738171044612203","0.833970518084243","0.534231267863104","15_05"
"10.8930199104361","0.862369405204169","0.469160356257692","1.7054536451306","0.893019910436121","0.152475214146064","0.972","0.521473058689884","0.52716597222796","0.760671400877652","0.409635849027707","0.82363854711975","15_05"
"10.9106309773805","0.908463052716619","0.448337729247166","1.73437877982094","0.910630977380513","0.163147535772963","0.973","0.539241090558231","0.500123369122142","0.837433137221832","0.41037922803811","0.562405720704649","15_05"
"10.9125652884709","0.896572206207596","0.455744893984606","1.71251081159454","0.912565288470858","0.160414721245061","0.9712","0.529039199773143","0.53425865726368","0.808832933573222","0.409356471298552","0.571471783009575","15_05"
"10.9362054650858","0.872920461212401","0.46604417553036","1.65520277706114","0.93620546508579","0.159142172950803","0.963","0.513924050705268","0.553450056162457","0.797730475972067","0.416342679226691","0.584349601201613","15_05"
"10.8898505654701","0.886436514300246","0.455429224447299","1.74931625722161","0.889850565470096","0.157507563181645","0.9748","0.539652263651118","0.470001281032309","0.813036177051578","0.4175051199262","0.569983107854851","15_05"
"10.8975381329662","0.806599321534172","0.490958288974711","1.63281088859668","0.897538132966218","0.142559238984356","0.962","0.531351528915128","0.197930385125801","0.818439735116162","0.411631736109967","0.527524908647659","15_05"
"10.9097843813672","0.914392285345939","0.444944764156978","1.74330701483306","0.909784381367209","0.164264472552639","0.9748","0.54334152203922","0.486625329148134","0.849746851630213","0.414845089092029","0.565856228876678","15_05"
"10.9168241019827","0.872322139818012","0.462830138208977","1.69431989328026","0.916824101982714","0.157234160601776","0.9684","0.528082460685177","0.477569486144555","0.81252041679676","0.415976502766702","0.84099424106985","15_05"
"10.8686567060584","0.84162912527686","0.477057813899417","1.71140399021184","0.868656706058375","0.147314861680815","0.9732","0.522102427230417","0.507438175238427","0.730681768071589","0.417327476604125","0.58086354398391","15_05"
"1.02773126770365","0.577405303356629","0.593567759936488","0.83911554422131","1.02773126770365","0.157767117541299","0.7012","0.359411312267184","0.49800994455635","0.855257817927592","0.409367241741487","0.571657807474017","15_05"
"10.9239124935784","0.937682603448138","0.440538703989264","1.73469886602302","0.923912493578424","0.173659748518681","0.9746","0.535783696346717","0.470811994447642","0.841445071237649","0.7123538099695","0.572094760783456","15_05"
"10.6860613983459","0.758981465827543","0.508450399045145","1.81713478646326","0.686061398345899","0.115186710022247","0.9802","0.538397347807292","0.457612511284987","0.498066177824512","0.416775404812433","0.566477647309467","15_05"
"10.9228704817271","0.814930177892924","0.48740122052724","1.60807636275616","0.922870481727149","0.149510716029674","0.9576","0.505366866116382","0.479395163999985","0.763795187288312","0.423654421433545","0.486909069921493","15_05"
"10.7285523597303","1.15578014014389","0.804720479367288","1.6896621324584","0.728552359730271","0.124534363467721","0.9978","0.8","0.7","0.5","0.4","0.4","05_10"
"10.7285523597303","1.15578014014389","0.804720479367288","1.6896621324584","0.728552359730271","0.124534363467721","0.9978","0.8","0.7","0.5","0.4","0.4","05_10"
"0.0356896675003971","0.0956160786909189","1.31183831184454","0.00381622998935492","0.0356896675003971","0.302207204290659","0.0088","0.2655086631421","0.380035179434344","0.79423986072652","0.0706790471449494","0.34668348915875","05_10"
"0.901039824511625","0.957727970936411","0.914666660499908","0.842191011565537","0.901039824511625","0.0682868542832034","0.627","0.37212389963679","0.777445221319795","0.107943625887856","0.0994661601725966","0.333774930797517","05_10"
"0.644403523732906","0.74019510348705","1.04437660810445","0.871378900199946","0.644403523732906","0.214659182539345","0.7476","0.572853363351896","0.934705231105909","0.723710946040228","0.31627170718275","0.476351245073602","05_10"
"10.6542244363811","1.21677566495462","0.764331102009492","1.90943366020618","0.654224436381067","0.0884213217098228","0.9956","0.908207789994776","0.212142521282658","0.411274429643527","0.518634263193235","0.892198335845023","05_10"
"0.0301065325372491","0.0740800027933387","1.30879715710323","0.00323629774594286","0.0301065325372491","0.310022528989459","0.027","0.201681931037456","0.651673766085878","0.820946294115856","0.662005076417699","0.864339470630512","05_10"
"10.6236449673251","1.25929865090315","0.741856179580391","1.99044459993194","0.623644967325125","0.115890930159306","0.999","0.898389684967697","0.125555095961317","0.647060193819925","0.406830187188461","0.389989543473348","05_10"
"10.521198972315","1.36642114648392","0.687971831313231","2.25145724486771","0.52119897231495","0.130388365034552","1","0.944675268605351","0.267220668727532","0.78293276228942","0.912875924259424","0.777320698834956","05_10"
"5.8409352222535","0.926980670365924","0.930719870103402","1.0665290178128","0.840935222253498","0.129344506624482","0.857","0.660797792486846","0.386114092543721","0.553036311641335","0.293603372760117","0.960617997217923","05_10"
"0.841508594239017","0.887017304100518","0.955645784304709","0.886542650250353","0.841508594239017","0.120361535272369","0.7432","0.62911404389888","0.0133903331588954","0.529719580197707","0.459065726259723","0.434659484773874","05_10"
"0.0225185970884677","0.0537627929054867","1.28712688876537","0.00238510474183742","0.0225185970884677","0.324540937792743","0","0.0617862704675645","0.382387957070023","0.789356231689453","0.332394674187526","0.712514678714797","05_10"
"5.83221435744108","1.03845643235958","0.868932075784537","1.13631893182009","0.83221435744108","0.0615325053360039","0.7274","0.205974574899301","0.86969084572047","0.023331202333793","0.65087046707049","0.399994368897751","05_10"
"0.0577424425116401","0.223920280763229","1.28121558265914","0.00606830096061142","0.0577424425116401","0.266171329621716","0.0022","0.176556752528995","0.34034899668768","0.477230065036565","0.258016780717298","0.325352151878178","05_10"
"5.81248163324238","0.948642838733161","0.929600132219974","1.14120186188876","0.812481633242378","0.167398063326645","0.9228","0.687022846657783","0.482080115471035","0.7323137386702","0.478545248275623","0.757087148027495","05_10"
"0.141932782118653","0.326534634893219","1.23362948601963","0.442986816697236","0.141932782118653","0.259000472584805","0.4174","0.384103718213737","0.599565825425088","0.692731556482613","0.766310670645908","0.202692255144939","05_10"
"10.7905152960035","1.08763563679848","0.843814672994139","1.4630536808639","0.79051529600354","0.103620382485709","0.9682","0.769841419998556","0.493541307048872","0.477619622135535","0.0842469143681228","0.711121222469956","05_10"
"0.242675190135418","0.446064466622677","1.1973611158317","0.301466607627928","0.242675190135418","0.229902651031301","0.3566","0.497699242085218","0.186217601411045","0.8612094768323","0.875321330036968","0.121691921027377","05_10"
"10.7916932589769","1.07058875616288","0.857051111657725","1.42805656105569","0.791693258976914","0.12623445353364","0.9828","0.717618508264422","0.827373318606988","0.438097107224166","0.339072937844321","0.245488513959572","05_10"
"10.5531660326447","1.35347984819759","0.710860055472685","2.161165395174","0.55316603264466","0.122641096311085","1","0.991906094830483","0.668466738192365","0.244797277031466","0.839440350187942","0.14330437942408","05_10"
"0.882578078108041","0.881599735766976","0.956341128767755","0.400582961860374","0.882578078108041","0.0770907528375552","0.4574","0.1","0.1","0.1","0.1","0.1","05_10"
"0.484685531190446","0.73616448527682","1.03032442570137","0.0605294304150975","0.484685531190446","0.148554106434421","0.217","0.2","0.2","0.2","0.2","0.2","05_10"
"0.297881703375562","0.661650528629381","1.07292863501761","0.0350226429977975","0.297881703375562","0.171793949575533","0.135","0.3","0.3","0.3","0.3","0.3","05_10"
"0.414700900040264","0.668065361271551","1.07992197442849","0.135565817117381","0.414700900040264","0.162871207175362","0.2188","0.4","0.4","0.4","0.4","0.4","05_10"
"0.588657440072151","0.72195473869444","1.04596363828409","0.545968521680079","0.588657440072151","0.168050539389954","0.5068","0.5","0.5","0.5","0.5","0.5","05_10"
"0.7662235304308","0.838046964199921","0.983828058177953","0.932041770216744","0.7662235304308","0.18033089915851","0.8088","0.6","0.6","0.6","0.6","0.6","05_10"
"10.7945011082792","1.01675346154575","0.899344835816843","1.29317969452852","0.794501108279221","0.190538629011344","0.9752","0.7","0.7","0.7","0.7","0.7","05_10"
"10.7181685905227","1.23118293607561","0.789533748192946","1.76447336320233","0.718168590522745","0.197286281295965","1","0.8","0.8","0.8","0.8","0.8","05_10"
"10.5289316659441","1.4587394756074","0.667670823023414","2.28490336845783","0.528931665944141","0.20800641841135","1","0.9","0.9","0.9","0.9","0.9","05_10"
"10.2940480657927","1.69588687954346","0.521657256144456","2.78731846353402","0.294048065792671","0.240829965277463","1","1","1","1","1","1","05_10"
"10.8024977864701","1.0450167002079","0.87535671557069","1.38835186888832","0.802497786470057","0.161121699091799","0.9808","0.702671689540148","0.7","0.551576068578288","0.689362981892191","0.53047716638539","05_10"
"10.5783921285663","1.36426427101319","0.703910883524965","2.1398129319215","0.578392128566272","0.164564988771618","1","0.896135734743439","0.757339687412605","0.859692383557558","0.424847530759871","0.839091118634678","05_10"
"10.7045768955367","1.20202933750413","0.784810433122915","1.78944400834861","0.704576895536726","0.14260924207679","0.9998","0.834497021594194","0.698003778810829","0.765494738590185","0.115063759890929","0.780232086494478","05_10"
"10.7945011082792","1.01675346154575","0.899344835816843","1.29317969452852","0.794501108279221","0.190538629011344","0.9752","0.7","0.7","0.7","0.7","0.7","05_10"
"10.7916932589769","1.07058875616288","0.857051111657725","1.42805656105569","0.791693258976914","0.12623445353364","0.9828","0.717618508264422","0.827373318606988","0.438097107224166","0.339072937844321","0.245488513959572","05_10"
"5.8283733655609","0.968897568840669","0.910110874036428","1.19931851890951","0.828373365560903","0.135716260820683","0.9202","0.679011243354094","0.542193915719714","0.552168378486643","0.365486420759963","0.669867459549239","05_10"
"0.783928368587694","0.83701276302995","0.987685824975624","0.88893365897941","0.783928368587694","0.16020398813622","0.7554","0.638850498939028","0.261504060084244","0.722532531355611","0.411732988250698","0.590728391550481","05_10"
"0.0425848615947844","0.12264077947337","1.31435757123107","0.00452069924576141","0.0425848615947844","0.28539400633754","0.002","0.179499975306291","0.122128714819581","0.575059340065266","0.37452480308171","0.241635654341365","05_10"
"10.7945011082792","1.01675346154575","0.899344835816843","1.29317969452852","0.794501108279221","0.190538629011344","0.9752","0.7","0.7","0.7","0.7","0.7","05_10"
"10.738581988056","1.17105741759884","0.810181028733552","1.68655766910635","0.738581988055976","0.147021649090548","0.9986","0.797328310459852","0.7","0.648423931421712","0.410637018107809","0.56952283361461","05_10"
"10.5572859420798","1.3174873101627","0.705388876354604","2.16113427466778","0.557285942079798","0.117093069342744","1","0.937228743803841","0.259854577947352","0.661890361311","0.851744035822318","0.792250442324947","05_10"
"10.7685814002568","1.12100781925767","0.830447423377439","1.55937214469207","0.768581400256816","0.114978225064875","0.9888","0.781786549132753","0.543920176824008","0.500867933154692","0.328116952000154","0.690750537668685","05_10"
"10.7285523597303","1.15578014014389","0.804720479367288","1.6896621324584","0.728552359730271","0.124534363467721","0.9978","0.8","0.7","0.5","0.4","0.4","05_10"
"10.6707154011004","1.19843968267788","0.775274201867319","1.84025538311728","0.670715401100375","0.0824567923111123","0.9878","0.906517404985008","0.154952066899527","0.357091473510755","0.78602550277939","0.339952038136973","05_10"
"10.7937404196442","1.08280619205268","0.848673623054658","1.45746238480086","0.793740419644152","0.108006227267471","0.9736","0.760678944552144","0.492961011557434","0.481966586195017","0.191827785529427","0.0222068231087178","05_10"
"10.3872736959983","1.54968440231424","0.598404087914907","2.58223544317088","0.387273695998349","0.172308098096362","1","0.999748161621392","0.812679812987335","0.777563315466978","0.657666377723217","0.745526668475941","05_10"
"10.7285523597303","1.15578014014389","0.804720479367288","1.6896621324584","0.728552359730271","0.124534363467721","0.9978","0.8","0.7","0.5","0.4","0.4","05_10"
"10.4435118528377","1.5257338822489","0.624851250811926","2.45496911480999","0.443511852837704","0.189370722415409","1","0.955030847201124","0.974504578695633","0.681350870174356","0.741390177747235","0.956370343826711","05_10"
"0.23557800786675","0.460639474330011","1.18821342531357","0.578524467436522","0.23557800786675","0.243793265238204","0.5096","0.461221117066125","0.515724801962951","0.74547395658017","0.657102275355463","0.663600622553379","05_10"
"5.83800899893938","0.941295633745493","0.92383419536889","1.07757267958366","0.838008998939381","0.123995158141532","0.86","0.669960267933259","0.38669438803516","0.548689347581853","0.186022501598813","0.781843464166307","05_10"
"10.5011433910305","1.38301899617571","0.679383416778947","2.30232455297985","0.501143391030514","0.120359146989951","1","0.983778374813172","0.639069767254155","0.534765997340636","0.460245034597014","0.193341884760455","05_10"
"10.6729584404617","1.26249520438051","0.766267667864134","1.88647950082249","0.672958440461693","0.157766619195895","1","0.835344398404362","0.695537528238043","0.61212488354535","0.869183154477193","0.830889135975478","05_10"
"10.7036116850751","1.24103424789754","0.784783659218142","1.81111116945704","0.703611685075075","0.191911278724412","1","0.800251838378608","0.887320187012665","0.722436684533022","0.742333622276783","0.654473331524059","05_10"
"10.6858249304441","1.25142550045825","0.779957717263763","1.83283036726302","0.685824930444082","0.169476501365038","1","0.803864265256561","0.842660312587395","0.540307616442442","0.875152469240129","0.460908881365322","05_10"
"10.6757356975285","1.20989073097021","0.771769150315147","1.86038335787383","0.675735697528485","0.101640791316486","0.9968","0.875897832990657","0.172750378090357","0.522020069624028","0.405227406846187","0.399881550740644","05_10"
"10.7105509784894","1.19509986154713","0.787206758811355","1.75662513923479","0.710550978489354","0.136300250299323","0.9994","0.822491851977039","0.65280471787096","0.625040124195897","0.401602780342274","0.390107992732704","05_10"
"10.6176924167566","1.25555168292132","0.744393273116086","2.00274967234873","0.617692416756599","0.101729597731862","0.9998","0.915654314796286","0.219508612062838","0.532316830621946","0.579766151630341","0.877268592355032","05_10"
"5.77617174231912","1.1017406963469","0.835879378697914","1.4497217193115","0.776171742319123","0.0650483068199137","0.8948","0.818889709661406","0.103426381141737","0.172000853754659","0.132305384106752","0.248353889131983","05_10"
"10.7285523597303","1.15578014014389","0.804720479367288","1.6896621324584","0.728552359730271","0.124534363467721","0.9978","0.8","0.7","0.5","0.4","0.4","05_10"
"10.6607288958284","1.28881190368804","0.756113105873774","1.92209346144885","0.660728895828351","0.174753955668265","1","0.844969152798876","0.725495421304367","0.818649129825644","0.658609822252765","0.443629656173289","05_10"
"10.5481078851445","1.40790164559997","0.69271363968799","2.2037152571208","0.548107885144533","0.166918991428406","1","0.910263181729148","0.82130033513604","0.612364291490102","0.836169457119029","0.559058320099603","05_10"
"10.7285523597303","1.15578014014389","0.804720479367288","1.6896621324584","0.728552359730271","0.124534363467721","0.9978","0.8","0.7","0.5","0.4","0.4","05_10"
"10.5798221925616","1.36305011835735","0.705469802148598","2.13732852434859","0.579822192561585","0.163810097449747","1","0.896135734743439","0.743514884263277","0.859692383557558","0.424847530759871","0.839091118634678","05_10"
"10.58200991261","1.35138166255356","0.715394258187426","2.11140461001909","0.58200991261002","0.140603942139318","1","0.910125050873507","0.685391645722036","0.535171440280534","0.803952018376785","0.720735518223841","05_10"
"10.7410819919385","1.14513632414643","0.813191972812089","1.65377030920705","0.741081991938458","0.114397011370872","0.9944","0.809393529179341","0.376777278928198","0.537453006783854","0.650966602493685","0.617441955496512","05_10"
"10.7425612454192","1.1489292649816","0.806157905595758","1.65459814281362","0.742561245419217","0.127934130682847","0.997","0.806948333495136","0.459013062408964","0.631029881099881","0.403790516618037","0.577118550385949","05_10"
"10.7945011082792","1.01675346154575","0.899344835816843","1.29317969452852","0.794501108279221","0.190538629011344","0.9752","0.7","0.7","0.7","0.7","0.7","05_10"
"10.7591023396688","1.13381393426105","0.822426758445689","1.60364902022042","0.759102339668768","0.116044505865616","0.9922","0.790579156398246","0.547305572803697","0.500320871837612","0.377685313839158","0.409946469056655","05_10"
"10.6016674537774","1.2643486091479","0.738949407529623","2.03722714743276","0.601667453777421","0.089541541958313","0.9986","0.952085233398622","0.420305294753812","0.4084434451888","0.186565344572706","0.204256266818087","05_10"
"10.6765613218785","1.2102665628735","0.771499857442067","1.85267679714924","0.676561321878494","0.0988688554905786","0.9964","0.878334802434792","0.16801414180846","0.502611152293571","0.422992958956873","0.351632392138507","05_10"
"10.8004638544613","1.0565261766028","0.86309835122743","1.42525485522237","0.800463854461295","0.14752574803075","0.9834","0.717587619748114","0.7","0.532638345042626","0.565695296069264","0.506164455119494","05_10"
"10.7915042897239","1.07964481377317","0.852777488136396","1.44974288241988","0.791504289723899","0.115594026901573","0.9814","0.744055434876819","0.618086679086456","0.460255289217457","0.328670835243908","0.113870493921325","05_10"
"10.5783921285663","1.36426427101319","0.703910883524965","2.1398129319215","0.578392128566272","0.164564988771618","1","0.896135734743439","0.757339687412605","0.859692383557558","0.424847530759871","0.839091118634678","05_10"
"10.6539746739469","1.23995056840238","0.752882028916366","1.91287616761952","0.653974673946932","0.120717056437587","0.9998","0.872113093094326","0.571820629015502","0.57148379343551","0.406536795305734","0.451848212480285","05_10"
"10.5733899748597","1.37896640358682","0.70176241430844","2.15702829461376","0.57338997485974","0.16957132575165","1","0.893349245148805","0.83403979043869","0.705506640419318","0.696649389844317","0.64737722974166","05_10"
"10.6690813327127","1.20414191122262","0.773141366011568","1.85964076562831","0.669081332712717","0.0846486679360006","0.9912","0.904080435540873","0.159688303181424","0.376500390841212","0.768259950668704","0.38820119673911","05_10"
"10.7040155485504","1.22654399119458","0.78834070151596","1.79866386934598","0.70401554855036","0.1673733057455","1","0.823069355998397","0.689612277071828","0.784037385827892","0.541609056549137","0.404381388345942","05_10"
"10.7036116850751","1.24103424789754","0.784783659218142","1.81111116945704","0.703611685075075","0.191911278724412","1","0.800251838378608","0.887320187012665","0.722436684533022","0.742333622276783","0.654473331524059","05_10"
"10.7266616228939","1.14934275587963","0.805229072498975","1.67604463248761","0.726661622893921","0.0796130967959407","0.977","0.850582851075955","0.32219085364208","0.298323405906495","0.405985074131059","0.237439507074351","05_10"
"10.6715778858139","1.24775377230191","0.765404201179323","1.87321103548749","0.67157788581387","0.145540022557613","1","0.844391648777518","0.6886878621035","0.659651868193649","0.518603546045903","0.429356260560051","05_10"
"10.7422002711199","1.1512242873821","0.810994533772578","1.66360259540395","0.74220027111992","0.134831890286234","0.9976","0.785084069792034","0.7","0.518937723535662","0.523667685822927","0.424312711265896","05_10"
"10.7545174988763","1.13027526015544","0.818490275282999","1.59956437185663","0.754517498876275","0.118884347525274","0.9898","0.801113050356183","0.300929749074855","0.59896020761023","0.409327629648262","0.517556171874969","05_10"
"10.7285523597303","1.15578014014389","0.804720479367288","1.6896621324584","0.728552359730271","0.124534363467721","0.9978","0.8","0.7","0.5","0.4","0.4","05_10"
"10.7990782263234","1.06265177285374","0.85995474571184","1.40903484902321","0.799078226323401","0.110854566835779","0.9704","0.734242017939747","0.702247651077965","0.439319120364521","0.20222988812984","0.153824843146964","05_10"
"10.8024977864701","1.0450167002079","0.87535671557069","1.38835186888832","0.802497786470057","0.161121699091799","0.9808","0.702671689540148","0.7","0.551576068578288","0.689362981892191","0.53047716638539","05_10"
"10.5757880635661","1.31907229276169","0.714078244379622","2.12232263413472","0.57578806356608","0.117973864811747","1","0.930280410308705","0.500841515538388","0.530860480211119","0.847953519204281","0.615131891938999","05_10"
"10.7417490699582","1.14042508301327","0.812249289229641","1.64832682280283","0.741749069958244","0.123342700564532","0.9966","0.791207392734506","0.69661460402031","0.50054706131708","0.350431638160996","0.68080406861203","05_10"
"10.7036116850751","1.24103424789754","0.784783659218142","1.81111116945704","0.703611685075075","0.191911278724412","1","0.800251838378608","0.887320187012665","0.722436684533022","0.742333622276783","0.654473331524059","05_10"
"10.6781935934677","1.22700018756995","0.765985923032629","1.85788793283032","0.678193593467731","0.135362232665209","0.9998","0.850123531882321","0.453757368959895","0.68326312271524","0.744416980771314","0.718004732097028","05_10"
"10.595228969619","1.35129493543159","0.716127544754811","2.09257457148088","0.595228969618992","0.160299603593809","1","0.887357050300128","0.693417396000121","0.701063923128782","0.849660677327787","0.728719041751979","05_10"
"5.81057625153437","0.985366452465142","0.912321449289921","1.22343267173591","0.810576251534368","0.160029237282321","0.9472","0.7","0.7","0.7","0.239086773013696","0.7","05_10"
"10.7578067947656","1.14185780919668","0.831421844939773","1.60405406691968","0.757806794765552","0.164180073071475","0.9982","0.764772582005212","0.714114832028397","0.626239080909206","0.699593447582632","0.649646316997676","05_10"
"10.8003395959716","1.05581289248084","0.861962269594213","1.42670606925248","0.800339595971591","0.143964014775747","0.9842","0.721266202062309","0.7","0.531889410740389","0.484798577399163","0.449595913040756","05_10"
"10.7985480563171","1.03472888361286","0.890059963278303","1.34453534695626","0.798548056317131","0.17357103949385","0.9788","0.707002986708479","0.7","0.642638847243813","0.610295327992838","0.668098358395454","05_10"
"10.8004638544613","1.0565261766028","0.86309835122743","1.42525485522237","0.800463854461295","0.14752574803075","0.9834","0.717587619748114","0.7","0.532638345042626","0.565695296069264","0.506164455119494","05_10"
"10.6743433734292","1.22530919921911","0.774448964742481","1.84646186295482","0.674343373429206","0.131189907024497","0.9998","0.834502286849575","0.747797409813234","0.465185271681801","0.549279456572943","0.633790577261569","05_10"
"10.7654468152179","1.14711382189232","0.83353418539234","1.57034916379293","0.765446815217946","0.185301773349752","0.9992","0.760840751584483","0.770208075005195","0.709598306561552","0.736380707661239","0.667642906908552","05_10"
"10.6273758780703","1.29499397891863","0.738022947252642","2.00235360847919","0.627375878070256","0.146416847569488","1","0.875028803724558","0.731281748184015","0.701462699404211","0.417626362047664","0.665614096611851","05_10"
"10.6507876251832","1.23301647657687","0.760099727019319","1.92343055082975","0.650787625183195","0.0950524633575274","0.9978","0.902571465286481","0.463408123269033","0.43166234152114","0.222942207282766","0.374964351877102","05_10"
"10.7105610091133","1.18015243947805","0.792159329580574","1.75695419353826","0.710561009113317","0.100434575943971","0.9954","0.845991105650222","0.405409986838698","0.45903884225445","0.404175178826697","0.511694510788972","05_10"
"10.8024977864701","1.0450167002079","0.87535671557069","1.38835186888832","0.802497786470057","0.161121699091799","0.9808","0.702671689540148","0.7","0.551576068578288","0.689362981892191","0.53047716638539","05_10"
"10.772032914369","1.13159181806252","0.845760277249824","1.52403976519999","0.772032914369031","0.188618711082638","0.998","0.738150945913544","0.873205354984268","0.647773672202104","0.732103156586342","0.535304180911773","05_10"
"10.8004638544613","1.0565261766028","0.86309835122743","1.42525485522237","0.800463854461295","0.14752574803075","0.9834","0.717587619748114","0.7","0.532638345042626","0.565695296069264","0.506164455119494","05_10"
"10.7990782263234","1.06265177285374","0.85995474571184","1.40903484902321","0.799078226323401","0.110854566835779","0.9704","0.734242017939747","0.702247651077965","0.439319120364521","0.20222988812984","0.153824843146964","05_10"
"10.7117048226929","1.19767666597056","0.793634772269172","1.75736231105948","0.711704822692898","0.150427535079496","0.9998","0.810461422163098","0.722131629066805","0.637839496215396","0.520592603380665","0.579042949364573","05_10"
"10.7539287461776","1.13435897496351","0.818389802672745","1.61287603565622","0.753928746177611","0.115677902628179","0.9922","0.801724819799423","0.358688566888053","0.555733259758448","0.593914496071079","0.53324385930722","05_10"
"10.7109956910916","1.17735283475478","0.792370409738312","1.75216302793131","0.710995691091561","0.0973323292533575","0.995","0.847124800782543","0.355252062944366","0.440823371823879","0.569857909682641","0.541837920846505","05_10"
"10.8024977864701","1.0450167002079","0.87535671557069","1.38835186888832","0.802497786470057","0.161121699091799","0.9808","0.702671689540148","0.7","0.551576068578288","0.689362981892191","0.53047716638539","05_10"
"10.7458264075931","1.14078677674258","0.812132134370797","1.63202904859147","0.745826407593077","0.115714098568063","0.9922","0.808781759736102","0.319018461115","0.580679954635636","0.466379736070867","0.601754268064262","05_10"
"10.7468671300263","1.13590909810055","0.817142106037016","1.63286994694012","0.746867130026329","0.0920643653415569","0.9844","0.812851579472753","0.343716069625911","0.39495304086647","0.487093766942104","0.313043541724359","05_10"
"10.7421783438854","1.14084715065235","0.814930664837854","1.63163785313985","0.742178343885405","0.102828813480061","0.9896","0.81154007892087","0.375793929212345","0.470314444751927","0.405600411922399","0.302863546671328","05_10"
"10.7737159243281","1.11611692362595","0.85475665904808","1.5032497379083","0.773715924328102","0.193481413509989","0.997","0.739411086794125","0.81711211200747","0.712838377971471","0.705952914615544","0.686830424615507","05_10"
"10.7674053736788","1.11919455124306","0.848775414051176","1.50412364131499","0.767405373678788","0.202032194441128","0.9974","0.735640121359101","0.877594835963759","0.720869663988174","0.72508032376077","0.6949695642667","05_10"
"10.6789027776039","1.20694828311952","0.77394688027333","1.83176257277387","0.678902777603929","0.114343174743404","0.999","0.849513768112142","0.656897171484779","0.47678110366766","0.36362313728994","0.229291914940985","05_10"
"10.7698465458684","1.13967560497423","0.833463998955344","1.57303785607484","0.769846545868379","0.176313734319609","0.9986","0.764611717019508","0.709725351048906","0.701567020544848","0.717253298516013","0.659503767257359","05_10"
"10.7276787395733","1.16225280595601","0.80180196040876","1.70321329725336","0.727678739573286","0.12106287501955","0.9976","0.816332402604989","0.461713630841511","0.555574818757717","0.599039239834899","0.258122261336841","05_10"
"10.7930089692402","1.05226709986622","0.875830126635147","1.38824229516173","0.793008969240204","0.16501496680989","0.9826","0.710584633039635","0.7","0.589999497798813","0.655399968076426","0.538066096724041","05_10"
"10.7279932041012","1.15984106963405","0.804431943523257","1.69355667824766","0.72799320410116","0.129979997262243","0.9982","0.796321417685805","0.7","0.500748934302237","0.480896718670101","0.456568542078738","05_10"
"10.7096821381273","1.21518995138203","0.787924354342963","1.78500372645374","0.709682138127266","0.157765918708118","1","0.828055264514017","0.485071001637554","0.789259565253228","0.830385908484459","0.750595572408776","05_10"
"10.6382783635737","1.29622787407246","0.74472199444427","1.97087097621821","0.638278363573703","0.151854222096525","1","0.861903509309836","0.737009186961362","0.656080981753136","0.628277814201852","0.527278594639772","05_10"
"10.6586636548748","1.25940857430017","0.757522473887676","1.9106119335012","0.658663654874781","0.145028403396127","1","0.858604442037102","0.661129182940691","0.713102679699659","0.391272408107974","0.580405554757447","05_10"
"10.7219028440922","1.17354270633704","0.796087170913536","1.72625479065896","0.721902844092188","0.126161623006128","0.9984","0.817602035479325","0.480242082336187","0.567212620975616","0.719696139302676","0.696287084656089","05_10"
"10.6576659009319","1.239603262451","0.75671964949055","1.91325060487781","0.657665900931881","0.121619195017812","0.9998","0.865938129799598","0.727049736728103","0.502679800910986","0.38997709122963","0.314500456795389","05_10"
"10.7376995379165","1.14523229331867","0.810758384449136","1.66207393767849","0.737699537916485","0.120810246859609","0.9964","0.798827178653854","0.56946925590611","0.493532885738786","0.509224091926744","0.656692339282268","05_10"
"10.8024977864701","1.0450167002079","0.87535671557069","1.38835186888832","0.802497786470057","0.161121699091799","0.9808","0.702671689540148","0.7","0.551576068578288","0.689362981892191","0.53047716638539","05_10"
"10.7893649309356","1.08416295899186","0.84831906249361","1.47968418615978","0.789364930935611","0.139273330902613","0.988","0.754166913704847","0.535940730932588","0.608144803759477","0.505246414892791","0.523100529902157","05_10"
"10.7375541206776","1.15476406482771","0.80949647201043","1.66445553123389","0.737554120677606","0.134594183821369","0.9976","0.81154007892087","0.375793929212345","0.707990671508014","0.405600411922399","0.302863546671328","05_10"
"10.7150468584366","1.18745612181432","0.790371750053562","1.74331416707057","0.715046858436604","0.134764061248226","0.9988","0.819753649988085","0.554258353681826","0.598434792831808","0.640068662074708","0.309054543171784","05_10"
"10.7890188850751","1.07661227429523","0.868071383731075","1.43759734531057","0.789018885075097","0.176426035451352","0.99","0.728628205418677","0.719874719291193","0.659949753166457","0.691458624388441","0.682509874159904","05_10"
"10.6730348781346","1.23027654288306","0.767820304629189","1.86962944784806","0.67303487813458","0.133058757127708","0.9998","0.844973146051426","0.702328385609804","0.560546121335985","0.48833666553563","0.469607865372645","05_10"
"10.7130800798532","1.20588835716187","0.791852803236719","1.76713905638671","0.713080079853214","0.152215437483211","0.9998","0.82678563163968","0.466542550142877","0.777621763035329","0.709729009016682","0.312430749089529","05_10"
"10.7839416300846","1.09316131566041","0.85252711201877","1.49168026898304","0.783941630084642","0.15828070818901","0.993","0.734970513508134","0.723656750575705","0.583802737307262","0.608821299785006","0.41944848675434","05_10"
"10.8004638544613","1.0565261766028","0.86309835122743","1.42525485522237","0.800463854461295","0.14752574803075","0.9834","0.717587619748114","0.7","0.532638345042626","0.565695296069264","0.506164455119494","05_10"
"10.6789872315907","1.25109301094559","0.769683881798315","1.85554445784983","0.678987231590742","0.17083795651194","1","0.823775727720726","0.808995029503344","0.70210431050211","0.655832947909722","0.605246309218805","05_10"
"10.7925345273642","1.07485406061382","0.855368957829986","1.47415088590924","0.792534527364236","0.148196058395245","0.9886","0.734911625790714","0.856185736466019","0.576386047045433","0.318488912105604","0.429345920659325","05_10"
"10.6908033558362","1.19826054418356","0.780153490743651","1.80370322127523","0.690803355836196","0.125058109395336","0.999","0.830696976123262","0.697167943717775","0.506216624957046","0.444772790104596","0.10102623119019","05_10"
"10.783679414243","1.07956368053755","0.86959371548916","1.4321119001922","0.783679414243036","0.186699647249781","0.9906","0.728298559730834","0.739320708205397","0.700026464062613","0.728599819516312","0.569869797618207","05_10"
"10.749371397953","1.18639392626894","0.803478928714399","1.67422575148141","0.749371397952984","0.173423525903572","1","0.812851579472753","0.343716069625911","0.985662204911932","0.487093766942104","0.313043541724359","05_10"
"10.8034366913158","1.06550495070956","0.860135692210434","1.45169712525641","0.803436691315831","0.147216738947929","0.9858","0.742543632465678","0.633060299033692","0.630143892785941","0.392547134539591","0.595365872383957","05_10"
"10.7972099749259","1.06026584986475","0.861557959737987","1.43773407947188","0.797209974925914","0.143562437088776","0.985","0.721488481529027","0.659729227767003","0.522140547288901","0.608213329077535","0.245145919313548","05_10"
"10.8024977864701","1.0450167002079","0.87535671557069","1.38835186888832","0.802497786470057","0.161121699091799","0.9808","0.702671689540148","0.7","0.551576068578288","0.689362981892191","0.53047716638539","05_10"
"10.7458264075931","1.14078677674258","0.812132134370797","1.63202904859147","0.745826407593077","0.115714098568063","0.9922","0.808781759736102","0.319018461115","0.580679954635636","0.466379736070867","0.601754268064262","05_10"
"10.7872104935658","1.0751020212833","0.871208704215225","1.42479000915572","0.787210493565835","0.176894880704368","0.9886","0.713454570915596","0.797237392716277","0.604464693383302","0.703857272119294","0.534797716840993","05_10"
"0.669478854347536","0.774817238119095","1.02256445269412","0.835399757146653","0.669478854347536","0.205593476774033","0.747","0.541119189932942","0.730887366799798","0.561147911077227","0.697143870037118","0.628250275675735","05_10"
"10.7698465458684","1.13967560497423","0.833463998955344","1.57303785607484","0.769846545868379","0.176313734319609","0.9986","0.764611717019508","0.709725351048906","0.701567020544848","0.717253298516013","0.659503767257359","05_10"
"10.7930089692402","1.05226709986622","0.875830126635147","1.38824229516173","0.793008969240204","0.16501496680989","0.9826","0.710584633039635","0.7","0.589999497798813","0.655399968076426","0.538066096724041","05_10"
"10.6640098942352","1.23230453844222","0.762568418789784","1.89204101734091","0.66400989423518","0.129456133274763","0.9998","0.855146378644427","0.68169454995663","0.574366509948702","0.407649329968823","0.487393418193613","05_10"
"10.7480124607981","1.16959630915408","0.816834250986847","1.66203182647929","0.748012460798111","0.179819445940937","0.9998","0.773767902948211","0.805608993421776","0.6748463352392","0.6975251900529","0.617001849687667","05_10"
"10.7136134693221","1.17936056890074","0.79147438034065","1.74697257403989","0.713613469322133","0.120391530345582","0.998","0.831422504001001","0.42538112743973","0.597410634207437","0.41557744400124","0.481084225089566","05_10"
"10.7017546605551","1.20977733562203","0.786336020674411","1.78730293431147","0.701754660555069","0.150618327250748","0.9998","0.813251780944215","0.734680801351558","0.596283794719389","0.620837867336323","0.514239271345865","05_10"
"10.7522428815701","1.15778521428492","0.821618176439703","1.64450280212948","0.752242881570082","0.169405003060916","0.9996","0.778887714066931","0.780345849896373","0.698514331317672","0.539743475692686","0.526607239448697","05_10"
"0.0289029399806515","0.0737864103826406","1.32212954850135","0.0030593023592981","0.0289029399806515","0.303630204309238","0","0.0155072559136897","0.670326200719492","0.58115580589378","0.424623872806563","0.557416350680762","05_10"
"10.8024977864701","1.0450167002079","0.87535671557069","1.38835186888832","0.802497786470057","0.161121699091799","0.9808","0.702671689540148","0.7","0.551576068578288","0.689362981892191","0.53047716638539","05_10"
"10.7930089692402","1.05226709986622","0.875830126635147","1.38824229516173","0.793008969240204","0.16501496680989","0.9826","0.710584633039635","0.7","0.589999497798813","0.655399968076426","0.538066096724041","05_10"
"10.8024977864701","1.0450167002079","0.87535671557069","1.38835186888832","0.802497786470057","0.161121699091799","0.9808","0.702671689540148","0.7","0.551576068578288","0.689362981892191","0.53047716638539","05_10"
"10.7922200302998","1.08486516990384","0.859172688425858","1.46772271554468","0.792220030299797","0.158703484654768","0.991","0.739805598642012","0.644225066780749","0.631795864315672","0.609886005009448","0.62364939869543","05_10"
"10.719585623377","1.20198178849853","0.794901045001116","1.75937979497593","0.719585623376982","0.163605867348352","1","0.821180694287184","0.463164960874923","0.863831383772974","0.663200833054256","0.312993339098763","05_10"
"10.72097150831","1.16878968311937","0.79632690999411","1.72268384204435","0.720971508310036","0.122371864138726","0.9982","0.821929033541646","0.439182349633162","0.583957282625132","0.580175918529401","0.603358440163127","05_10"
"10.8056360382161","1.0283210095733","0.888595408766287","1.3216167683343","0.805636038216141","0.162851059626547","0.9706","0.717822631069227","0.594170772964566","0.692529460061304","0.499746513699333","0.37396599912409","05_10"
"10.721174641812","1.17492110133062","0.795503314931636","1.72911248396191","0.721174641811991","0.127524650673938","0.9984","0.819300919450262","0.481416810916619","0.57966277594093","0.68877937082825","0.519019710215017","05_10"
"10.7382773843434","1.14895990121621","0.806393884976537","1.65541057166748","0.738277384343408","0.128435752850025","0.9958","0.810322429962201","0.371274793929181","0.660435620875981","0.429178823696309","0.419518985479683","05_10"
"10.7330689188622","1.18492260729795","0.801607809330181","1.72381071089782","0.733068918862248","0.160306443708542","0.9994","0.81845651682525","0.347093658893866","0.899452584174288","0.53362194290453","0.312480951715124","05_10"
"10.7105773838097","1.20777787827835","0.792534565234384","1.76707039471584","0.710577383809693","0.160034687828183","1","0.811386777641468","0.71646366690294","0.684034735580153","0.605403536497716","0.542785310814513","05_10"
"10.7382672275497","1.16625005618037","0.807914848015794","1.67362403263712","0.738267227549712","0.140396932995932","0.9986","0.799054927358642","0.564589910539559","0.611734782943916","0.621335887109827","0.601739599672265","05_10"
"10.781785681898","1.10274352360125","0.846658293023186","1.52439274344591","0.781785681898031","0.153609336756141","0.994","0.753705450503989","0.669889259261566","0.63241351971228","0.515311848493157","0.538258124089415","05_10"
"10.67414211346","1.22278485677428","0.768229687693052","1.86882996366597","0.674142113459984","0.13017876376477","0.9998","0.847352578295623","0.685602388097793","0.572965661973222","0.414587345961485","0.478336422221005","05_10"
"10.7139794556757","1.17920985344423","0.791085495299738","1.74758680790964","0.713979455675742","0.12256524355714","0.9984","0.82709550593868","0.466440860142754","0.58066597255792","0.555097664774515","0.574012869582528","05_10"
"10.6963933602947","1.19211671717192","0.782523739924116","1.79970065552226","0.69639336029475","0.108723096699866","0.9962","0.852766946400229","0.256077501457185","0.561946969311465","0.481398649542968","0.478664861345253","05_10"
"10.7916350926194","1.0841437270028","0.852744636865915","1.48111406160204","0.791635092619445","0.153835211908416","0.992","0.737115469602251","0.682468559867756","0.584880804923342","0.596609359978345","0.5643117505746","05_10"
"10.7428517280028","1.15135673928209","0.80839580547597","1.6639517089688","0.742851728002801","0.129858644041473","0.9974","0.804302080891278","0.481623156247779","0.605460709245523","0.561253866299492","0.466963644271279","05_10"
"10.7963018436147","1.04413766831571","0.878615944580288","1.37440744673809","0.796301843614678","0.163526097453615","0.98","0.710712152553665","0.6627340983142","0.600564155470449","0.657286243625219","0.568426688088585","05_10"
"10.7151797581142","1.18748055685602","0.791586211513906","1.74320881291328","0.715179758114205","0.134165264786167","0.9988","0.818054766017148","0.553083625101394","0.585984637866494","0.670985430549134","0.486321917612856","05_10"
"10.8252946734976","1.03677895166231","0.872249847202488","1.32930970187892","0.82529467349757","0.125894645312712","0.9524","0.740398676371561","0.114746522158384","0.629065825169861","0.404759074346251","0.450502608563696","05_10"
"10.7524346409413","1.17817194008415","0.816892201103596","1.63628635465685","0.752434640941312","0.189799131299785","0.9996","0.798827178653854","0.56946925590611","0.982425559079275","0.509224091926744","0.656692339282268","05_10"
"10.7956215969709","1.06738751804727","0.870190897057114","1.41456450461252","0.795621596970889","0.162660616025965","0.9866","0.731366239242343","0.708709951544136","0.658297781636726","0.474119753918584","0.65422634784843","05_10"
"10.741924833586","1.14363877413826","0.807095967752277","1.64199916301839","0.741924833586007","0.122341037121189","0.9938","0.809999408694771","0.323537596398164","0.628235005267669","0.442801324296958","0.485098829255907","05_10"
"10.8034366913158","1.06550495070956","0.860135692210434","1.45169712525641","0.803436691315831","0.147216738947929","0.9858","0.742543632465678","0.633060299033692","0.630143892785941","0.392547134539591","0.595365872383957","05_10"
"10.7376995379165","1.14523229331867","0.810758384449136","1.66207393767849","0.737699537916485","0.120810246859609","0.9964","0.798827178653854","0.56946925590611","0.493532885738786","0.509224091926744","0.656692339282268","05_10"
"10.7678769897033","1.10395319372778","0.837350374976969","1.5378966321591","0.76787698970332","0.14255013131706","0.9948","0.747608758212628","0.720024985020232","0.522208353439506","0.567969073123192","0.128110717993884","05_10"
"10.8031284061696","1.05821157714272","0.870976670232157","1.4090262141615","0.803128406169649","0.160252604963222","0.985","0.729089668619534","0.585926190962215","0.635681037213654","0.681393190788075","0.667352279972646","05_10"
"10.7766545083841","1.10128799515644","0.835771733079698","1.51975805922767","0.776654508384074","0.134519793707784","0.9892","0.773598563298434","0.442624827460705","0.643332747381776","0.47599091649351","0.525512159623079","05_10"
"10.793345844303","1.0846791301029","0.849244918575085","1.48191895178005","0.793345844303043","0.142231719567115","0.9886","0.759576967385316","0.513415421690622","0.653968754170131","0.447353722165852","0.556355863815552","05_10"
"10.7265776344737","1.17843539541947","0.802016551047284","1.71928865855561","0.726577634473694","0.146468866917965","0.9988","0.820579204788922","0.480650467658084","0.808305525677041","0.163083263440058","0.413424241788428","05_10"
"10.7428517280028","1.15135673928209","0.80839580547597","1.6639517089688","0.742851728002801","0.129858644041473","0.9974","0.804302080891278","0.481623156247779","0.605460709245523","0.561253866299492","0.466963644271279","05_10"
"10.8034366913158","1.06550495070956","0.860135692210434","1.45169712525641","0.803436691315831","0.147216738947929","0.9858","0.742543632465678","0.633060299033692","0.630143892785941","0.392547134539591","0.595365872383957","05_10"
"10.8024977864701","1.0450167002079","0.87535671557069","1.38835186888832","0.802497786470057","0.161121699091799","0.9808","0.702671689540148","0.7","0.551576068578288","0.689362981892191","0.53047716638539","05_10"
"10.800695578296","1.05873356990608","0.861943273584497","1.43635420561301","0.800695578295969","0.149259528912134","0.9854","0.72487545946975","0.680429831455344","0.559201502838202","0.544850205833628","0.562887515645963","05_10"
"10.7025997825144","1.2083389033098","0.786476587935794","1.78046990497937","0.702599782514442","0.146345739837693","0.9998","0.81928023995736","0.764670488930385","0.637112270829272","0.419170107027648","0.498629332271537","05_10"
"10.8252946734976","1.03677895166231","0.872249847202488","1.32930970187892","0.82529467349757","0.125894645312712","0.9524","0.740398676371561","0.114746522158384","0.629065825169861","0.404759074346251","0.450502608563696","05_10"
"10.735609539745","1.17510597362544","0.806331064933566","1.69704680093842","0.735609539744954","0.145314954512064","0.9986","0.800625513666663","0.662749081439614","0.636564825489585","0.481319742527372","0.518850012955961","05_10"
"10.799269800622","1.04547474817782","0.876265691253888","1.37919812792248","0.799269800622042","0.158299119537313","0.9796","0.720339862536076","0.652630467578348","0.622518458526027","0.537059910598153","0.562955523123384","05_10"
"10.8056360382161","1.0283210095733","0.888595408766287","1.3216167683343","0.805636038216141","0.162851059626547","0.9706","0.717822631069227","0.594170772964566","0.692529460061304","0.499746513699333","0.37396599912409","05_10"
"10.8026099326933","1.00000312921964","0.909945933761784","1.24720471812907","0.802609932693337","0.182857358658185","0.9662","0.705175315683274","0.580389590609922","0.74690194582327","0.685448878770917","0.464014296207061","05_10"
"10.7182305980331","1.19033797303399","0.797283387153966","1.73665243392967","0.718230598033141","0.14966815455055","0.9994","0.806960052405194","0.701277749063781","0.634367722461621","0.535160714626523","0.506314329398165","05_10"
"10.7453365721905","1.15006383077396","0.817517747412978","1.6317319527685","0.745336572190523","0.143535214466374","0.9974","0.790429317167756","0.598539225730042","0.649516393206485","0.468499755695956","0.432264949946019","05_10"
"10.7382773843434","1.14895990121621","0.806393884976537","1.65541057166748","0.738277384343408","0.128435752850025","0.9958","0.810322429962201","0.371274793929181","0.660435620875981","0.429178823696309","0.419518985479683","05_10"
"10.7886591225558","1.09230340596777","0.857799133160474","1.47919866978013","0.788659122555831","0.16141840100121","0.9928","0.735723695772146","0.712981289438294","0.608633919510793","0.611348470204799","0.53978539036938","05_10"
"10.7616750043432","1.12314569830241","0.826019780268524","1.57202005328132","0.76167500434321","0.136722292145392","0.9942","0.781788680551798","0.518832126251678","0.632564032734264","0.46956735604969","0.582969313288785","05_10"
"10.7225861539324","1.17999673386096","0.793143868883621","1.7292676455006","0.72258615393243","0.132746107110098","0.9986","0.819902408948524","0.463931304133458","0.635188634036863","0.667353920086364","0.418588807525352","05_10"
"10.7076222363097","1.18059204057033","0.788196129935953","1.75502265696382","0.707622236309749","0.112532429728694","0.9962","0.841245763307668","0.291188659204109","0.579169848794747","0.481736805323552","0.59475731324878","05_10"
"10.7259409576861","1.18686883094735","0.799741498929236","1.72264965726868","0.725940957686123","0.144678640900425","0.999","0.810322429962201","0.65870851976797","0.660435620875981","0.429178823696309","0.419518985479683","05_10"
"10.7428517280028","1.15135673928209","0.80839580547597","1.6639517089688","0.742851728002801","0.129858644041473","0.9974","0.804302080891278","0.481623156247779","0.605460709245523","0.561253866299492","0.466963644271279","05_10"
"10.7386528999657","1.16811226866104","0.815034922479467","1.6722487959014","0.738652899965679","0.162861530833645","0.9996","0.786247714908957","0.703482377464647","0.665400313868172","0.649455034369343","0.541066017169174","05_10"
"10.80353591737","1.05557308854271","0.870976670232157","1.40643479753531","0.803535917370024","0.15935934606233","0.9842","0.729089668619534","0.577510603936389","0.635681037213654","0.681393190788075","0.667352279972646","05_10"
"10.7769751034609","1.11890900149374","0.850722468749157","1.51124825976729","0.776975103460947","0.205079752037001","0.9968","0.761663495382068","0.629268700197232","0.889252499405913","0.896372553892434","0.584609902956181","05_10"
"10.8068580723623","1.05838673437277","0.856685505507527","1.40760607226296","0.806858072362291","0.131043606722247","0.9782","0.746812385897789","0.390994272357323","0.608751600309739","0.544468441147283","0.464980723098322","05_10"
"10.8252946734976","1.03677895166231","0.872249847202488","1.32930970187892","0.82529467349757","0.125894645312712","0.9524","0.740398676371561","0.114746522158384","0.629065825169861","0.404759074346251","0.450502608563696","05_10"
"10.738854277974","1.12499690196119","0.821618327046795","1.57574313638794","0.738854277974033","0.0715828789512401","0.968","0.833450216634207","0.404071191886238","0.129306000424549","0.579837762748817","0.4872659882596","05_10"
"0.111128721134619","0.276631054667763","1.25781122512277","0.17251485131281","0.111128721134619","0.250592343850086","0.272","0.357248281361535","0.640200555708878","0.683172557472174","0.530018392488458","0.610148533050127","05_10"
"10.7139837472008","1.20054950245064","0.790525707818704","1.76144062505228","0.713983747200794","0.147660596803054","0.9996","0.818677068144057","0.582775370265001","0.668505506527992","0.66711493617553","0.379456209277092","05_10"
"10.7773082513094","1.10325061526851","0.839110951463946","1.51830225285003","0.777308251309421","0.138853921394763","0.9912","0.767478366645431","0.562292512710961","0.630591158115024","0.396939951890659","0.589136608334694","05_10"
"10.7428517280028","1.15135673928209","0.80839580547597","1.6639517089688","0.742851728002801","0.129858644041473","0.9974","0.804302080891278","0.481623156247779","0.605460709245523","0.561253866299492","0.466963644271279","05_10"
"10.7843996971142","1.04886988220982","0.887935904952508","1.36875693748372","0.784399697114218","0.215241128637461","0.9856","0.729700963587045","0.651569599217733","0.88135738114559","0.818647785969535","0.581546625876293","05_10"
"10.7382773843434","1.14895990121621","0.806393884976537","1.65541057166748","0.738277384343408","0.128435752850025","0.9958","0.810322429962201","0.371274793929181","0.660435620875981","0.429178823696309","0.419518985479683","05_10"
"10.7870715608394","1.09997638398619","0.854022723608821","1.50136076146097","0.787071560839408","0.158281283686088","0.9934","0.745873969688301","0.71670799300995","0.634626691969677","0.521244189370314","0.51297272779718","05_10"
"10.7872044931438","1.09348461381223","0.847075955525014","1.5031240619736","0.787204493143828","0.144992306723813","0.991","0.756853946372046","0.58959991257441","0.632116767405181","0.465174538698622","0.589198577338048","05_10"
"10.7397011550122","1.16774514730994","0.811878941290207","1.67383472900608","0.739701155012184","0.145100336405601","0.9986","0.793746132805136","0.700592963498784","0.625004037385622","0.434985828255487","0.54861212759774","05_10"
"10.8252946734976","1.03677895166231","0.872249847202488","1.32930970187892","0.82529467349757","0.125894645312712","0.9524","0.740398676371561","0.114746522158384","0.629065825169861","0.404759074346251","0.450502608563696","05_10"
"10.8252946734976","1.03677895166231","0.872249847202488","1.32930970187892","0.82529467349757","0.125894645312712","0.9524","0.740398676371561","0.114746522158384","0.629065825169861","0.404759074346251","0.450502608563696","05_10"
"10.8068580723623","1.05838673437277","0.856685505507527","1.40760607226296","0.806858072362291","0.131043606722247","0.9782","0.746812385897789","0.390994272357323","0.608751600309739","0.544468441147283","0.464980723098322","05_10"
"10.78344251779","1.10368204238086","0.847536172611556","1.51416148043755","0.783442517789968","0.154274037649136","0.9942","0.752302394331099","0.630329568557847","0.63041357678635","0.614784678521052","0.566018800203272","05_10"
"10.7342745664191","1.17408683233372","0.805890407275923","1.69520140126533","0.734274566419119","0.144996646043406","0.9986","0.797614180058809","0.697595801500515","0.61403621716429","0.489358278981476","0.522794598909528","05_10"
"10.8026410978639","1.04570564921103","0.870081962511603","1.40159444959029","0.802641097863944","0.148561722833104","0.9798","0.732132393609115","0.586168116443733","0.631037766127492","0.46870741421806","0.665206857893341","05_10"
"10.7939465289595","1.05207570411783","0.877790738549095","1.37482140171987","0.793946528959513","0.191146106810753","0.9852","0.733060336085443","0.595800417494885","0.808197645675358","0.779737340619097","0.552233269283027","05_10"
"10.7382773843434","1.14895990121621","0.806393884976537","1.65541057166748","0.738277384343408","0.128435752850025","0.9958","0.810322429962201","0.371274793929181","0.660435620875981","0.429178823696309","0.419518985479683","05_10"
"10.7776445103257","1.11190509459216","0.842545344516556","1.53270038320442","0.777644510325711","0.153965723745135","0.9948","0.760929518587408","0.580764665487853","0.649040910489965","0.678462180818774","0.465906095611733","05_10"
"10.7399357519664","1.1663710897845","0.808776327452648","1.67531762484174","0.7399357519664","0.14213970069993","0.9986","0.800533632449338","0.608776461082194","0.652491797316074","0.444001182862026","0.42792010458119","05_10"
"10.7902410720255","1.08277995542759","0.863530982032157","1.4501990464504","0.790241072025479","0.167271335882166","0.9916","0.738735029380001","0.678134569377393","0.664201692910865","0.603309933750694","0.535840804415814","05_10"
"10.7911294760451","1.05630841882007","0.8794854151865","1.38148542810486","0.79112947604512","0.197104253449761","0.986","0.733778474979899","0.613857873312269","0.827956799553825","0.802084092044254","0.496390929880215","05_10"
"10.728177782247","1.13847230594136","0.813656935367725","1.6379577370867","0.728177782247021","0.0803492684500335","0.983","0.800218114680619","0.648471284415817","0.0715024236124009","0.45367739653024","0.423863830844513","05_10"
"10.8068580723623","1.05838673437277","0.856685505507527","1.40760607226296","0.806858072362291","0.131043606722247","0.9782","0.746812385897789","0.390994272357323","0.608751600309739","0.544468441147283","0.464980723098322","05_10"
"10.7834456768131","1.10544349082718","0.847496143384101","1.52882984752382","0.783445676813102","0.151043597559169","0.9924","0.77044311116602","0.575968509299218","0.730374359840463","0.32180965334398","0.453789505835216","05_10"
"10.7521749362479","1.13839071703612","0.817935220403613","1.60556707946038","0.752174936247881","0.136262632676939","0.9958","0.790649891030286","0.50779154878357","0.635171089486809","0.502208200781199","0.520288184532094","05_10"
"10.7459346036589","1.1525372998808","0.819144297293576","1.63172481533128","0.745934603658864","0.15097807188699","0.998","0.786837218176183","0.579521308713537","0.655145633251681","0.670045946144831","0.580902393638005","05_10"
"10.7303848371973","1.18344769375385","0.800204657814317","1.70848986004411","0.730384837197341","0.142995504567656","0.9986","0.811342495768764","0.540131147696156","0.664290549695577","0.606218757333516","0.384227676119692","05_10"
"10.7942956088118","1.07915725006791","0.860092608676595","1.45986343178714","0.79429560881176","0.15686548435147","0.9904","0.739500907476098","0.624402786526349","0.634787163872103","0.605232911109606","0.597511294463262","05_10"
"10.8034366913158","1.06550495070956","0.860135692210434","1.45169712525641","0.803436691315831","0.147216738947929","0.9858","0.742543632465678","0.633060299033692","0.630143892785941","0.392547134539591","0.595365872383957","05_10"
"10.7717960487789","1.10567347548065","0.833154305528698","1.52684723507619","0.771796048778904","0.135315609179253","0.9908","0.773229157246308","0.487247029154831","0.624258373928845","0.506399387684145","0.503031323554737","05_10"
"10.7584769163397","1.13437970105391","0.82485308228598","1.59639933963788","0.75847691633966","0.140842192739764","0.9942","0.79267972608858","0.537742257392559","0.708075058622519","0.233820744635668","0.555000608337169","05_10"
"10.7297401463738","1.16392329079959","0.798473332031617","1.69335198785082","0.729740146373823","0.130351931191245","0.9982","0.817657002337494","0.413919016498026","0.664650577708397","0.490075002538323","0.414747518637084","05_10"
"10.8232816165628","1.03946753876119","0.870818781521227","1.33561072338749","0.823281616562848","0.126125072570956","0.9534","0.742007848727654","0.135267202224453","0.629337657591745","0.403860521833005","0.499113864954229","05_10"
"10.7676570830854","1.11953799979023","0.834127436055172","1.55381736708019","0.76765708308545","0.144250711152494","0.9946","0.769670954197093","0.607663894128243","0.625168804969635","0.480517964280511","0.519467568293487","05_10"
"0.401963925181669","0.601294047031598","1.11722571283295","0.0823373539935666","0.401963925181669","0.186545366386735","0.2538","0.48998980014585","0.114746522158384","0.629065825169861","0.404759074346251","0.450502608563696","05_10"
"10.7966509847068","1.0716212825547","0.850419944507759","1.4502365367424","0.796650984706774","0.136464645997716","0.985","0.752348850139943","0.487582089085498","0.614396494357876","0.491194325760494","0.587256857483748","05_10"
"10.8252946734976","1.03677895166231","0.872249847202488","1.32930970187892","0.82529467349757","0.125894645312712","0.9524","0.740398676371561","0.114746522158384","0.629065825169861","0.404759074346251","0.450502608563696","05_10"
"10.8024878107803","1.05630881794907","0.86397538963765","1.43229941810812","0.802487810780344","0.147778812102773","0.9842","0.738416878264957","0.616216725000088","0.630175628311899","0.414794778429512","0.614262324535442","05_10"
"10.8068580723623","1.05838673437277","0.856685505507527","1.40760607226296","0.806858072362291","0.131043606722247","0.9782","0.746812385897789","0.390994272357323","0.608751600309739","0.544468441147283","0.464980723098322","05_10"
"0.0486934529589782","0.140391235581535","1.30023267262574","0.00528814244296432","0.0486934529589782","0.284039391214116","0.0678","0.33364394819364","0.31072497683635","0.78625607205562","0.449573480827707","0.488317843713629","05_10"
"10.8057814811937","1.0375288080262","0.874244283452851","1.38442575077404","0.805781481193679","0.148290095560902","0.9762","0.736299786267105","0.417879418634303","0.670766552668065","0.757269685562798","0.458575694730282","05_10"
"10.8252946734976","1.03677895166231","0.872249847202488","1.32930970187892","0.82529467349757","0.125894645312712","0.9524","0.740398676371561","0.114746522158384","0.629065825169861","0.404759074346251","0.450502608563696","05_10"
"10.7967346483071","1.07233887383583","0.85308989360905","1.45664873623467","0.796734648307082","0.139573861615526","0.9858","0.751317482129892","0.493012095846235","0.626471873357044","0.518448654085411","0.466922442952622","05_10"
"10.7876060630291","1.09072153535151","0.859246705212792","1.4590390644007","0.787606063029133","0.187875944700912","0.9932","0.751000803729456","0.599894244702092","0.814647261263864","0.775907906198181","0.545641881432513","05_10"
"10.8252946734976","1.03677895166231","0.872249847202488","1.32930970187892","0.82529467349757","0.125894645312712","0.9524","0.740398676371561","0.114746522158384","0.629065825169861","0.404759074346251","0.450502608563696","05_10"
"10.7897591407163","1.09084183703658","0.851916866160871","1.4993696095182","0.789759140716299","0.148669849047847","0.99","0.760804397888789","0.583543433614415","0.690738226185714","0.372608454118154","0.528501039497909","05_10"
"10.7486328305196","1.15076236602665","0.823357324135232","1.62674105556113","0.748632830519583","0.153331776664418","0.9982","0.779663367333454","0.715069528640099","0.642419546393646","0.485583086070386","0.455145497721316","05_10"
"10.8177488109752","1.050326514329","0.861944804009126","1.37815999385275","0.817748810975171","0.126455858676203","0.9676","0.746773673693246","0.280545297212317","0.617308633064012","0.427876104936208","0.459364507471146","05_10"
"10.7911412349901","1.09175835361114","0.854247949197285","1.48853949713157","0.791141234990079","0.156629137132738","0.9922","0.746228883225626","0.605368119836037","0.63710722655113","0.660838852887896","0.564584236835249","05_10"
"10.7916962936945","1.07786490427862","0.86465451765804","1.44393611627719","0.791696293694513","0.169677095407971","0.9908","0.737909906983999","0.657669949971973","0.676170775853443","0.65349715711207","0.551572862716886","05_10"
"10.7900474037571","1.06731336068843","0.875068696252523","1.40963546660154","0.790047403757106","0.20057606051089","0.9896","0.731562821339528","0.693010770185769","0.806253811228205","0.757929348432533","0.5609627332411","05_10"
"10.8054375101014","1.0598210155822","0.861552989252962","1.43872637688388","0.805437510101365","0.145870081491625","0.9844","0.740934460109585","0.612539618967623","0.629872060364057","0.393445687052837","0.546754615993424","05_10"
"10.8037935736409","1.06371372265999","0.857805132702169","1.43215447533773","0.803793573640915","0.139420969282311","0.9824","0.746101835514894","0.51264343406028","0.629233461745151","0.418428557943224","0.578929627645207","05_10"
"10.8011507206422","1.0522829309315","0.866211992116328","1.42180010008539","0.801150720642191","0.148564759562697","0.9826","0.736259147809836","0.603011690477337","0.631006030601533","0.446459770328139","0.646310405741856","05_10"
"10.8219579330021","1.03891137611497","0.870093971222115","1.34191736314941","0.821957933002148","0.126679525200833","0.9576","0.740437388576103","0.225195497303391","0.620508792415587","0.521351410557326","0.456118824190872","05_10"
"10.7901079987806","1.05916168726204","0.875923907474837","1.38968057973748","0.790107998780563","0.18911925609986","0.9854","0.733885458481445","0.616265036900305","0.796228562732779","0.729550117257721","0.536501210981954","05_10"
"10.7698483175202","1.13157428433239","0.837127484651208","1.57001468978694","0.769848317520212","0.157224879324298","0.9966","0.769614889426626","0.593484937323714","0.668455171541642","0.696222131990904","0.531651442085707","05_10"
"10.7830322076047","1.10619487387509","0.844403251683103","1.52777903702002","0.783032207604693","0.146987885233837","0.9926","0.766492659649277","0.582024988259212","0.67175290105993","0.414375737924448","0.514487043675356","05_10"
"10.8068580723623","1.05838673437277","0.856685505507527","1.40760607226296","0.806858072362291","0.131043606722247","0.9782","0.746812385897789","0.390994272357323","0.608751600309739","0.544468441147283","0.464980723098322","05_10"
"10.7921897242501","1.07040092231159","0.870094101241807","1.41019809427049","0.792189724250093","0.188890238674945","0.9882","0.739133847190916","0.620761866216695","0.801503995910577","0.733683166252253","0.553667832651049","05_10"
"10.7751940729331","1.11158887986533","0.838926080883278","1.54607741575757","0.775194072933084","0.147679967035912","0.9942","0.766744234804185","0.610414925452046","0.644698942892106","0.479662286161954","0.485747334657054","05_10"
"10.7940130050581","1.08209346809735","0.860094084848033","1.45767678000569","0.794013005058093","0.171685225679533","0.9918","0.744012111935819","0.675266822041913","0.709730261887063","0.581962626907317","0.533556620432374","05_10"
"10.8252946734976","1.03677895166231","0.872249847202488","1.32930970187892","0.82529467349757","0.125894645312712","0.9524","0.740398676371561","0.114746522158384","0.629065825169861","0.404759074346251","0.450502608563696","05_10"
"10.8252946734976","1.03677895166231","0.872249847202488","1.32930970187892","0.82529467349757","0.125894645312712","0.9524","0.740398676371561","0.114746522158384","0.629065825169861","0.404759074346251","0.450502608563696","05_10"
"10.7965716318042","1.07759893607259","0.862671896045677","1.4442930843422","0.796571631804237","0.156111299482016","0.9886","0.740699887941044","0.647735632224304","0.655111880372911","0.482291358028367","0.54978542965244","05_10"
"10.7868681851149","1.09477675404372","0.858392822016451","1.47673782468309","0.786868185114889","0.16501586399877","0.9926","0.745895598098865","0.643256400119083","0.668133993366081","0.642607310095189","0.537918107612893","05_10"
"10.8097370983547","1.05570713322107","0.858957003661732","1.39869245678466","0.809737098354671","0.133402438864739","0.9772","0.746464381802506","0.410739435553782","0.62662777408758","0.425915907298376","0.475517905542792","05_10"
"10.7974108195485","1.07172155483921","0.867911980751288","1.42489063345202","0.797410819548457","0.161475432124365","0.9864","0.743999596191713","0.535380642308207","0.719450147286352","0.604451919261256","0.545126250247185","05_10"
"10.7932329759847","1.08140700671862","0.853586421186973","1.47619618669773","0.793232975984747","0.152705316024344","0.9914","0.746159768635419","0.584756239659044","0.630207635043017","0.635488856740707","0.568799390630694","05_10"
"10.8004890602395","1.0579994749737","0.871234899186355","1.40964381971168","0.80048906023946","0.153483927525944","0.9814","0.741946636896992","0.476375496265812","0.690805448933964","0.673699688138279","0.473522305502187","05_10"
"10.7565083313062","1.14490214172012","0.831365523915447","1.60934405001329","0.756508331306236","0.157975174135545","0.998","0.772727852058755","0.704803685396241","0.654276951920916","0.549786590957571","0.487204655957912","05_10"
"10.7872635403397","1.09306002935213","0.849325040500994","1.49869870726253","0.787263540339714","0.146560300667941","0.991","0.754614900877434","0.592712590733736","0.633949582685844","0.485153855293634","0.535714644379842","05_10"
"10.8021469227393","1.06765679651514","0.858026206791341","1.45279368129438","0.802146922739329","0.145712800026658","0.9858","0.744745249832775","0.607216288599157","0.629870893985502","0.405220840377031","0.556082357035467","05_10"
"10.7927889476314","1.07948650760042","0.864385889270313","1.44224001911654","0.792788947631383","0.165357498154257","0.9904","0.740628474209943","0.65251112411765","0.680995396093914","0.581606945755574","0.529103396741322","05_10"
"10.8221850980057","1.04048410915172","0.866270608248904","1.35953351609244","0.82218509800565","0.13172996023644","0.9638","0.743821026301978","0.247951195227655","0.649243658208736","0.521707091709069","0.460572047881924","05_10"
"10.7981179472567","1.08129651357312","0.844711558908411","1.46981152503625","0.798117947256723","0.130683983774516","0.9822","0.767200995225885","0.278630967960724","0.649533650365775","0.691408225175451","0.453348779220156","05_10"
"10.8032541305937","1.06476297793433","0.858296144008137","1.44003890328702","0.803254130593694","0.142702198771452","0.9844","0.7461709501051","0.533255314237273","0.636133053253264","0.443778554090413","0.574714473849763","05_10"
"10.7889610926383","1.08795629717858","0.861269122089806","1.45862531914065","0.788961092638268","0.163779258034718","0.9916","0.744345397062579","0.637378541758868","0.678703495072112","0.600194169700024","0.56022274965473","05_10"
"10.7972233885589","1.08028244292696","0.857859454339568","1.47461351689196","0.797223388558896","0.15174922285642","0.9886","0.752870200795932","0.608496883182806","0.681561099379025","0.399639275121205","0.528793250408723","05_10"
"10.7876060630291","1.09072153535151","0.859246705212792","1.4590390644007","0.787606063029133","0.187875944700912","0.9932","0.751000803729456","0.599894244702092","0.814647261263864","0.775907906198181","0.545641881432513","05_10"
"10.8019660488968","1.06729741944013","0.857643856956119","1.45414291098712","0.801966048896757","0.144414637297502","0.9852","0.746351075357814","0.591263275431697","0.639352755118589","0.387763957426461","0.613970113624627","05_10"
"10.79843909151","1.074856047847","0.864248322902428","1.4403421828346","0.798439091509973","0.158301559487691","0.9884","0.73814447915254","0.622473936715292","0.650930955844589","0.564651486136539","0.54854204905787","05_10"
"10.7558914777651","1.14031600423961","0.828840205712315","1.59272752698791","0.755891477765138","0.153573665370067","0.997","0.776550404701325","0.603750780567572","0.656597766014372","0.632018627103719","0.499592283849111","05_10"
"10.7949118121442","1.0793345936934","0.853964148357562","1.47139287281237","0.794911812144157","0.145937390778601","0.988","0.749331638371882","0.557546639376166","0.631010095900906","0.523225314088313","0.512570720670217","05_10"
"10.82190145896","1.03999820463318","0.870849624151398","1.33768364551116","0.821901458960015","0.127100111194977","0.9568","0.74184170074488","0.197715964763763","0.628452384174001","0.515169273474828","0.492538482516883","05_10"
"10.8104751943972","1.05601639193511","0.859034748463776","1.39304954305989","0.810475194397239","0.13079363434557","0.9748","0.746411127405635","0.382449295718815","0.619914320721583","0.420388755581056","0.562776229573561","05_10"
"10.8057173053543","1.06870583124329","0.852010080229457","1.42493900087592","0.805717305354348","0.129395594093174","0.9778","0.756819809883639","0.341812567971857","0.628003914456589","0.416226410783295","0.492085465039664","05_10"
"10.7876060630291","1.09072153535151","0.859246705212792","1.4590390644007","0.787606063029133","0.187875944700912","0.9932","0.751000803729456","0.599894244702092","0.814647261263864","0.775907906198181","0.545641881432513","05_10"
"10.7812288727144","1.09354367537904","0.841236729565767","1.50162011456133","0.78122887271444","0.137510793844516","0.989","0.764478184066693","0.505284423803808","0.625145854564138","0.485702756628814","0.53728954776096","05_10"
"10.8241565398684","1.03821295216904","0.870981968793389","1.32944016230947","0.824156539868422","0.125149289456909","0.9532","0.740603536558877","0.162746734764081","0.621394065833331","0.410042658915504","0.462694206628218","05_10"
"10.8040588022516","1.06546926822394","0.852493329804384","1.41985820553844","0.804058802251558","0.131143277821482","0.9796","0.753249820685015","0.38059784831477","0.626230715682907","0.469050627843467","0.477884711817519","05_10"
"10.7942240552556","1.0775442333302","0.854795707156406","1.47254392538656","0.794224055255604","0.149038479067815","0.9896","0.748214726983635","0.540833576306106","0.632569004007268","0.656062192884993","0.518935959117654","05_10"
"10.5442337648237","1.54765323293594","0.635454480232861","2.29131852961851","0.544233764823673","0.224552092203094","1","0.8","0.7","0.5","0.4","0.4","10_10"
"10.5442337648237","1.54765323293594","0.635454480232861","2.29131852961851","0.544233764823673","0.224552092203094","1","0.8","0.7","0.5","0.4","0.4","10_10"
"0.165299257298018","0.433373364559765","1.21799219956688","0.017663962993941","0.165299257298018","0.249011754467008","0.1822","0.2655086631421","0.380035179434344","0.79423986072652","0.0706790471449494","0.34668348915875","10_10"
"5.82173699846957","0.963192155901505","0.940976914488689","1.06197138871687","0.821736998469568","0.0788659951333689","0.775","0.37212389963679","0.777445221319795","0.107943625887856","0.0994661601725966","0.333774930797517","10_10"
"10.8353646312074","1.23334711488177","0.798731480789003","1.56409789395607","0.835364631207429","0.282915438588953","0.9802","0.572853363351896","0.934705231105909","0.723710946040228","0.31627170718275","0.476351245073602","10_10"
"10.5325365275027","1.43277234973751","0.690397280276106","2.26540587645425","0.532536527502726","0.133260798195236","0.9998","0.908207789994776","0.212142521282658","0.411274429643527","0.518634263193235","0.892198335845023","10_10"
"0.303611757281467","0.343820055461487","1.25189157233927","0.320454657705616","0.303611757281467","0.274659936356279","0.3512","0.201681931037456","0.651673766085878","0.820946294115856","0.662005076417699","0.864339470630512","10_10"
"10.4956863267735","1.50734318403758","0.644230222128376","2.38574348878602","0.495686326773493","0.152416824289685","1","0.898389684967697","0.125555095961317","0.647060193819925","0.406830187188461","0.389989543473348","10_10"
"10.3795648597756","1.71386958534076","0.539491137334418","2.68712004936492","0.379564859775638","0.213522193436514","1","0.944675268605351","0.267220668727532","0.78293276228942","0.912875924259424","0.777320698834956","10_10"
"10.7715683686075","1.2393300950019","0.799667731540466","1.71706991204018","0.771568368607486","0.177500120548085","0.9878","0.660797792486846","0.386114092543721","0.553036311641335","0.293603372760117","0.960617997217923","10_10"
"5.81132360743532","1.11281903092379","0.861160159877701","1.45320407922314","0.81132360743532","0.13242010761744","0.9344","0.62911404389888","0.0133903331588954","0.529719580197707","0.459065726259723","0.434659484773874","10_10"
"0.0362719697647131","0.095997873332241","1.35265128083165","0.00382203292710775","0.0362719697647131","0.30772745410804","0","0.0617862704675645","0.382387957070023","0.789356231689453","0.332394674187526","0.712514678714797","10_10"
"5.78426640293404","0.996798352114823","0.922496161030434","1.2070840172274","0.784266402934041","0.0791459991547852","0.8294","0.205974574899301","0.86969084572047","0.023331202333793","0.65087046707049","0.399994368897751","10_10"
"0.147871698497477","0.480272515726251","1.20477352529353","0.0161994785796374","0.147871698497477","0.2249232147318","0.0836","0.176556752528995","0.34034899668768","0.477230065036565","0.258016780717298","0.325352151878178","10_10"
"10.738258007532","1.36846509303725","0.725288865521112","1.86515594154767","0.738258007531981","0.242921887890551","0.997","0.687022846657783","0.482080115471035","0.7323137386702","0.478545248275623","0.757087148027495","10_10"
"5.76472507955364","0.872233085050969","0.997357751732558","1.06581093275429","0.764725079553638","0.3075986338149","0.8546","0.384103718213737","0.599565825425088","0.692731556482613","0.766310670645908","0.202692255144939","10_10"
"10.658738829749","1.31517324830069","0.755696786235551","1.95804816365208","0.658738829748974","0.139504847401408","0.9964","0.769841419998556","0.493541307048872","0.477619622135535","0.0842469143681228","0.711121222469956","10_10"
"5.8259990209877","0.940155126375267","0.953253407229003","1.11569082813908","0.825999020987698","0.249740738999002","0.8358","0.497699242085218","0.186217601411045","0.8612094768323","0.875321330036968","0.121691921027377","10_10"
"10.6259016228412","1.4417376687234","0.69792786858277","2.09115397895473","0.625901622841181","0.217372564872206","1","0.717618508264422","0.827373318606988","0.438097107224166","0.339072937844321","0.245488513959572","10_10"
"10.3581819879227","1.77775631257286","0.497357131187505","2.72563263179529","0.358181987922727","0.286519073795901","1","0.991906094830483","0.668466738192365","0.244797277031466","0.839440350187942","0.14330437942408","10_10"
"0.823406239299721","0.846187861090414","1.01238595309693","0.392480594993262","0.823406239299721","0.0766722528134716","0.4538","0.1","0.1","0.1","0.1","0.1","10_10"
"0.752810828704073","0.772711170719182","1.03997301777414","0.205037278365971","0.752810828704073","0.108869493318604","0.376","0.2","0.2","0.2","0.2","0.2","10_10"
"0.760818094777371","0.804302450899357","1.04710242112314","0.49225119221806","0.760818094777371","0.120193711830833","0.4804","0.3","0.3","0.3","0.3","0.3","10_10"
"0.804120091990634","0.90568425042762","0.991672157153691","0.958333340878052","0.804120091990634","0.159506833200558","0.7914","0.4","0.4","0.4","0.4","0.4","10_10"
"5.8354436550449","1.07477016105016","0.893303186978129","1.34365172206319","0.835443655044896","0.209663663746513","0.9442","0.5","0.5","0.5","0.5","0.5","10_10"
"10.7928807043639","1.27453987730114","0.786741669554611","1.66234946786492","0.792880704363886","0.259571265062717","0.9918","0.6","0.6","0.6","0.6","0.6","10_10"
"10.6722315968872","1.50690238539062","0.652772426503457","2.07536260123033","0.672231596887219","0.297760768882932","0.9994","0.7","0.7","0.7","0.7","0.7","10_10"
"10.4916403727011","1.7340074626487","0.518735122069761","2.48424569096346","0.491640372701125","0.328884666516099","1","0.8","0.8","0.8","0.8","0.8","10_10"
"10.3017803433515","1.93507306992127","0.406705454865412","2.88949703321034","0.301780343351538","0.370232624993373","1","0.9","0.9","0.9","0.9","0.9","10_10"
"10.141061861991","2.09848079404167","0.286096374247913","3.21639657324603","0.141061861991031","0.429420948017547","1","1","1","1","1","1","10_10"
"10.7898965805973","1.24420313498133","0.802908435833962","1.65172734572739","0.789896580597311","0.232720754692894","0.9916","0.576721038586304","0.901470180097202","0.511751301912593","0.317080164194175","0.345896230558741","10_10"
"10.4038331893486","1.64872262203218","0.574122224484897","2.61330979397467","0.403833189348614","0.183183017877361","1","0.93791922493693","0.428655533767038","0.752166649919019","0.125425683991714","0.769256426730231","10_10"
"10.5619712361368","1.53815636617849","0.632927380586296","2.27694485440028","0.561971236136803","0.221874791526227","1","0.815010354998826","0.373998545745904","0.766813346329246","0.49495303340492","0.764490617050717","10_10"
"10.8353646312074","1.23334711488177","0.798731480789003","1.56409789395607","0.835364631207429","0.282915438588953","0.9802","0.572853363351896","0.934705231105909","0.723710946040228","0.31627170718275","0.476351245073602","10_10"
"10.7928807043639","1.27453987730114","0.786741669554611","1.66234946786492","0.792880704363886","0.259571265062717","0.9918","0.6","0.6","0.6","0.6","0.6","10_10"
"10.2553768427234","1.91433650466658","0.420074963516122","2.96122140844795","0.255376842723352","0.295208767428237","1","0.96988566443434","0.748163325068148","0.991451305053503","0.381304419903565","0.850180229131525","10_10"
"10.7619760321204","1.19263386962792","0.818702099354621","1.67601535023215","0.761976032120417","0.139600517307664","0.9798","0.675476173687876","0.170631625929295","0.496424553313868","0.404777606086894","0.351907114739588","10_10"
"10.7667572181363","1.16640944507506","0.836850710605636","1.62732729887088","0.766757218136302","0.134097577371295","0.9768","0.656904916376976","0.185494186629681","0.426863485581688","0.512362440710748","0.65812897192114","10_10"
"10.8353646312074","1.23334711488177","0.798731480789003","1.56409789395607","0.835364631207429","0.282915438588953","0.9802","0.572853363351896","0.934705231105909","0.723710946040228","0.31627170718275","0.476351245073602","10_10"
"10.6619090677562","1.46724601501282","0.667477147056578","2.07130297750685","0.661909067756168","0.253288930055498","0.9996","0.713750833030015","0.860608369615695","0.650056751351802","0.338264480832896","0.375943528474432","10_10"
"10.3744806329007","1.76198069949265","0.510815681513107","2.68743623301626","0.374480632900679","0.275841441843171","1","0.952719577166996","0.672683961898059","0.327912190948312","0.771299863995281","0.176665091482135","10_10"
"10.5021733340537","1.63801320150915","0.577660991829639","2.41229459588727","0.502173334053674","0.274541515701984","1","0.799955755564216","0.745377981980724","0.486168317082032","0.702942494464558","0.860940993338431","10_10"
"10.7126402226786","1.3276888371039","0.757402129431223","1.878077061244","0.712640222678608","0.17173578212475","0.996","0.72205899513959","0.492559276735052","0.613169783609359","0.12045566731335","0.729611324745299","10_10"
"10.4924681717028","1.5167691638355","0.640973168810039","2.40110778462293","0.492468171702752","0.153583961636573","1","0.907354476561575","0.207454082450649","0.58123913046954","0.420634758070575","0.790330535139939","10_10"
"10.7004995356456","1.44147361241486","0.680727773108865","2.01696546233675","0.700499535645613","0.265841526727745","0.9992","0.713320994914802","0.48487779178893","0.747742983375091","0.746502381733967","0.0222068231087178","10_10"
"10.3587694345305","1.83683382521222","0.468704353209522","2.74415448802468","0.358769434530525","0.304917511090745","1","0.899770346704166","0.854651854864506","0.694511703909463","0.57995967829862","0.622407136044216","10_10"
"10.6636462647766","1.41808546684551","0.710006211073275","2.0380898534006","0.663646264776603","0.214125103048328","1","0.734805271516749","0.483062145784855","0.596763577196376","0.442336495330395","0.738597045752151","10_10"
"10.3904526644468","1.84177034901824","0.462230970969025","2.70322852552209","0.390452664446757","0.342786232692903","1","0.855030847201124","0.883003052463755","0.772540348069742","0.813796725915745","0.88545678127557","10_10"
"5.83730401050179","1.01328218698319","0.929791013611232","1.22684957872159","0.837304010501786","0.142919520368483","0.885","0.522913511279821","0.254923470032022","0.450635640506057","0.302052581101568","0.33808242873376","10_10"
"10.1915876867911","2.0278872096483","0.334150104212628","3.10543504009212","0.191587686791132","0.38654012781476","1","0.973701851742981","0.997202323682106","0.984570755295109","0.732042866541656","0.825943113984182","10_10"
"10.5375839911383","1.41866019747707","0.690547417596089","2.26186866484846","0.537583991138302","0.126537209123925","1","0.899242998400898","0.130243534793326","0.477095492993912","0.504829692311121","0.491857344178433","10_10"
"10.543621595755","1.58177632787207","0.611692651322564","2.31949889110533","0.543621595754979","0.24492569744941","1","0.816687760264308","0.375302238452664","0.748433154630374","0.896468139130127","0.769917229811734","10_10"
"10.5971686507979","1.5847839983622","0.614669964409542","2.20744363062888","0.597168650797851","0.303722641361922","1","0.717848161560257","0.872721463742482","0.643585403314703","0.659113259545701","0.523081377915356","10_10"
"10.6145884433634","1.44754927511898","0.703278846624968","2.1178181302249","0.614588443363364","0.201459431055922","1","0.776597463666978","0.332106442009366","0.508385734505936","0.871697154635833","0.71918549457468","10_10"
"10.5600819002728","1.42410327106807","0.696538461955999","2.21378264653831","0.560081900272819","0.14530249096789","0.9996","0.864639138316536","0.262688693509195","0.434080811498677","0.476498176061074","0.253140742328654","10_10"
"10.5717876700615","1.50792933609691","0.666055601926871","2.21469806469889","0.571787670061512","0.22064506249677","1","0.761187159942662","0.77682714638045","0.415290725369016","0.381209024976482","0.884546107475941","10_10"
"10.4975151609065","1.59575347700545","0.611205282881026","2.40312628499868","0.497515160906519","0.227447325567698","1","0.839186517663487","0.695782776294306","0.416885086083154","0.468140486192661","0.366639287941945","10_10"
"10.5565500530694","1.39207265913406","0.704228073165447","2.20002937181049","0.556550053069375","0.124470695456343","1","0.880416917516681","0.0400386678118727","0.514130524259546","0.46533754874221","0.668728848697758","10_10"
"10.6722315968872","1.50690238539062","0.652772426503457","2.07536260123033","0.672231596887219","0.297760768882932","0.9994","0.7","0.7","0.7","0.7","0.7","10_10"
"10.598164364803","1.61417840914173","0.590842624377907","2.24065128937746","0.598164364803041","0.324083331686333","1","0.744969152798876","0.716996947536245","0.827459651930258","0.786203274084255","0.71454321872443","10_10"
"10.4774768236943","1.64346479188431","0.571485868905606","2.4603631754233","0.477476823694258","0.249079874068498","1","0.836461856772664","0.832274321729535","0.500092630654746","0.416833827801774","0.794148408942764","10_10"
"10.6722315968872","1.50690238539062","0.652772426503457","2.07536260123033","0.672231596887219","0.297760768882932","0.9994","0.7","0.7","0.7","0.7","0.7","10_10"
"10.4876714524734","1.61012400103279","0.59904743862279","2.4245917556378","0.487671452473446","0.235317131230394","1","0.839186517663487","0.743514884263277","0.416885086083154","0.468140486192661","0.366639287941945","10_10"
"10.5245859843026","1.57760159580396","0.616991881060236","2.33761802827493","0.524585984302576","0.242378382416821","1","0.798038216409437","0.768890125338847","0.460848171801391","0.458760240857917","0.869815485715176","10_10"
"10.5437764730002","1.5653572632992","0.618123027586307","2.2990808849642","0.543776473000173","0.258609683557824","1","0.763104699097441","0.753315003022328","0.440610870649657","0.625391278583123","0.875671615099196","10_10"
"10.6948462212044","1.40024417521643","0.716909029893356","2.00092006440729","0.694846221204402","0.230191792331075","0.9988","0.710499025312938","0.430322919775848","0.603878016653501","0.697655888051499","0.740788261052664","10_10"
"10.7928807043639","1.27453987730114","0.786741669554611","1.66234946786492","0.792880704363886","0.259571265062717","0.9918","0.6","0.6","0.6","0.6","0.6","10_10"
"10.7302954864169","1.2501408016802","0.787284615915953","1.77954772634837","0.730295486416942","0.15338586561522","0.9884","0.70411750368226","0.177408293177686","0.559668592630685","0.430677072847081","0.725368525302365","10_10"
"10.3487277010508","1.88228258185166","0.433328306631948","2.77593020631523","0.348727701050757","0.350933594364795","1","0.877840522598096","0.929643679372873","0.846373853432844","0.745569627245784","0.873649269262698","10_10"
"10.5503149725907","1.45596546817273","0.682767756031887","2.24810333236243","0.550314972590721","0.159761723702842","1","0.860822754366461","0.29265582643971","0.471074024223827","0.496091231655383","0.669196699121122","10_10"
"10.8121223855967","1.2896093811346","0.764736923798262","1.6644023304823","0.812122385596677","0.301711618594428","0.9872","0.594380557022179","0.782086255629897","0.732535040074374","0.500143298302892","0.391727379380227","10_10"
"10.7543946930042","1.2707323878019","0.792963266033822","1.73829472542722","0.754394693004157","0.205936228531316","0.9936","0.61484552327289","0.628015345994298","0.460255289217457","0.398582238877718","0.348363874487566","10_10"
"10.4975151609065","1.59575347700545","0.611205282881026","2.40312628499868","0.497515160906519","0.227447325567698","1","0.839186517663487","0.695782776294306","0.416885086083154","0.468140486192661","0.366639287941945","10_10"
"10.5086552987815","1.55888546593835","0.630258355773819","2.37734767815572","0.508655298781537","0.20389970421289","1","0.857350054764492","0.430861520039019","0.556821515929345","0.541852297427518","0.182398145591585","10_10"
"10.4799191515755","1.6868242248745","0.551662696766695","2.47479052263483","0.479919151575529","0.276581370888361","1","0.824495649874164","0.799204679515421","0.609709798623732","0.544334875473328","0.712804834577393","10_10"
"10.5471757315403","1.56005311577036","0.625208302391921","2.30250335836329","0.547175731540261","0.228745097779785","1","0.820504144214383","0.345335105522149","0.711439941905225","0.876875083535818","0.353861273019266","10_10"
"10.6419687110678","1.35731846548723","0.731664759687794","2.0270208133142","0.641968711067756","0.156935621395823","0.9988","0.779748566642903","0.229891432979767","0.482689291822222","0.67184369194576","0.658560610816475","10_10"
"10.5960106397511","1.51671439328037","0.648182386915833","2.18118593370794","0.596010639751122","0.258368487739932","1","0.721600379544077","0.842237811181175","0.508264057239198","0.494480650955965","0.831742331173813","10_10"
"10.2283204128778","1.9939134687518","0.361758465945313","3.03023337818198","0.228320412877834","0.377099313746413","1","0.950892176346009","0.950561696772987","0.910737249932008","0.800269965211617","0.837750625997054","10_10"
"10.5126450164729","1.49754768109075","0.656703560955486","2.33982792903304","0.512645016472869","0.158790802130822","1","0.896091895424972","0.232458543822926","0.502791935677625","0.704683155001194","0.552482227936638","10_10"
"10.7120664580958","1.43630794127816","0.686093601149434","1.96313454516948","0.712066458095802","0.27640838274181","0.9988","0.691793801244519","0.637496767264941","0.738918889340946","0.562630790613825","0.106830688802092","10_10"
"10.7020974390582","1.3568603864374","0.736846848361197","1.94267299814797","0.702097439058215","0.204793137278019","0.9984","0.720610078466847","0.316704965259106","0.625002278944424","0.681148260367523","0.0929494198457869","10_10"
"10.6636462647766","1.41808546684551","0.710006211073275","2.0380898534006","0.663646264776603","0.214125103048328","1","0.734805271516749","0.483062145784855","0.596763577196376","0.442336495330395","0.738597045752151","10_10"
"10.7678495310982","1.22231904490276","0.809078697776802","1.67600923269856","0.7678495310982","0.177015887629378","0.9876","0.637351689001289","0.444086460032199","0.496851489959252","0.323275531403351","0.349439470810763","10_10"
"10.8353646312074","1.23334711488177","0.798731480789003","1.56409789395607","0.835364631207429","0.282915438588953","0.9802","0.572853363351896","0.934705231105909","0.723710946040228","0.31627170718275","0.476351245073602","10_10"
"10.4433660281137","1.6583380345036","0.571425436136724","2.54385236724965","0.443366028113656","0.218668684984929","1","0.896855451248637","0.477131162674801","0.677361113816039","0.422978870019077","0.749542274087275","10_10"
"10.6924110073937","1.35606996516868","0.741507842658225","1.92979529346819","0.692411007393724","0.198182085563376","0.9988","0.706163941522365","0.476285478536464","0.533519537879559","0.416437028570208","0.365135635189374","10_10"
"10.5618372011766","1.56953329130288","0.610463105184696","2.28137950097595","0.561837201176628","0.268687440333521","1","0.757434941958842","0.807310798941757","0.550612071444521","0.545841633566217","0.575885154217484","10_10"
"10.5919606843956","1.50039769040639","0.665682475266823","2.19323109181073","0.591960684395575","0.219515250529094","1","0.786845200363433","0.413038580052437","0.603247271394581","0.654572227337607","0.64631457072748","10_10"
"10.4988292521997","1.62757995135132","0.583072794244998","2.41878266521183","0.498829252199661","0.24016766782468","1","0.838357437758398","0.667136966140694","0.621577262389663","0.425175790278669","0.667097342327815","10_10"
"10.7765512199605","1.20409470326267","0.819259771979495","1.64650903298309","0.776551219960532","0.166021857267755","0.9828","0.637351689001289","0.444086460032199","0.496851489959252","0.239086773013696","0.349439470810763","10_10"
"10.6257912544392","1.54675740377162","0.625610534944239","2.16456512134067","0.625791254439226","0.284774976891375","1","0.730460568242415","0.890295386882299","0.718348738208277","0.424543639824775","0.358629653346039","10_10"
"10.8036304522948","1.31442059122595","0.752019815672319","1.68649876385033","0.803630452294826","0.305756574612337","0.9896","0.600059177002742","0.818212681385275","0.727388816152103","0.497378647765312","0.626184423291892","10_10"
"10.7654338137178","1.31330728339079","0.762416703027155","1.74774443283044","0.76543381371784","0.253729077294787","0.9944","0.606696843195896","0.768485735441987","0.553575831400778","0.466416806527214","0.355500682097623","10_10"
"10.7928807043639","1.27453987730114","0.786741669554611","1.66234946786492","0.792880704363886","0.259571265062717","0.9918","0.6","0.6","0.6","0.6","0.6","10_10"
"10.5044493589747","1.59926740869423","0.609384917667911","2.39451246750859","0.504449358974747","0.237802683905067","1","0.829602213002045","0.639584492387052","0.459088691769141","0.551176857790418","0.865431510584465","10_10"
"10.6513878233511","1.43482299027953","0.712023507576551","2.05105869232306","0.651387823351078","0.223636018180882","1","0.713668570287464","0.559986092027176","0.472792021433476","0.582908043030687","0.723447564318666","10_10"
"10.5027736069334","1.59002755426496","0.605763411797918","2.40096336594839","0.502773606933427","0.22014049143267","1","0.852752672469389","0.473042602530888","0.62651234268099","0.517174992756035","0.743745407178097","10_10"
"10.5120699022979","1.60097937568896","0.601255470314064","2.38204961985986","0.512069902297852","0.241675408490599","1","0.817997942600264","0.739443081569194","0.495679114647921","0.460296585989311","0.675902307270652","10_10"
"10.5318899714707","1.53105394832199","0.646334415075837","2.32449467394507","0.531889971470731","0.200382023591158","1","0.845003895042938","0.376388842303026","0.535225620851694","0.662325619668447","0.726999335080207","10_10"
"10.8353646312074","1.23334711488177","0.798731480789003","1.56409789395607","0.835364631207429","0.282915438588953","0.9802","0.572853363351896","0.934705231105909","0.723710946040228","0.31627170718275","0.476351245073602","10_10"
"10.7637720367442","1.32734001036312","0.755607314513033","1.76749827745274","0.763772036744176","0.24847250743394","0.9942","0.662896939323865","0.389744949745759","0.716802149737176","0.768603150893793","0.471582864746829","10_10"
"10.8121223855967","1.2896093811346","0.764736923798262","1.6644023304823","0.812122385596677","0.301711618594428","0.9872","0.594380557022179","0.782086255629897","0.732535040074374","0.500143298302892","0.391727379380227","10_10"
"10.7678495310982","1.22231904490276","0.809078697776802","1.67600923269856","0.7678495310982","0.177015887629378","0.9876","0.637351689001289","0.444086460032199","0.496851489959252","0.323275531403351","0.349439470810763","10_10"
"10.5226127491278","1.58208029622499","0.620409717177585","2.34992771159471","0.522612749127758","0.238102233732534","1","0.803884301770799","0.755604212967332","0.436210330058253","0.464954418381223","0.682500245281473","10_10"
"10.694336694192","1.30197829605692","0.755701275527047","1.89004843075522","0.694336694191978","0.170004409239391","0.9978","0.724979284735972","0.250595403031595","0.524985435545419","0.674040544637045","0.181782197148216","10_10"
"10.6014636345177","1.49041427467525","0.66149042783782","2.16700953909252","0.601463634517654","0.236014909286869","1","0.755535067551865","0.610924013549327","0.57811426261009","0.476605064547203","0.706224424110806","10_10"
"10.8353646312074","1.23334711488177","0.798731480789003","1.56409789395607","0.835364631207429","0.282915438588953","0.9802","0.572853363351896","0.934705231105909","0.723710946040228","0.31627170718275","0.476351245073602","10_10"
"10.6317804450197","1.40866256681016","0.704520049085824","2.08877384705464","0.631780445019732","0.190149373171086","0.9996","0.775379360373778","0.296000995207278","0.582706135221227","0.678951407676238","0.569727833514045","10_10"
"10.612995020556","1.49428988926657","0.660519480194608","2.15864950195728","0.612995020555997","0.247092363215415","1","0.736705145923726","0.679448931177285","0.569261386030807","0.511573064349409","0.608257775858829","10_10"
"10.6815674483951","1.34202471749919","0.743996706778298","1.95031637142772","0.68156744839514","0.186745078182247","0.9994","0.726317884636461","0.346589903912532","0.539726420025634","0.531421500038435","0.682985625093579","10_10"
"10.6903404615154","1.36603582321778","0.742048313486716","1.93690646714727","0.690340461515382","0.204065103708376","0.999","0.686787817811267","0.637415371027351","0.464670339175433","0.365758766955787","0.501663521591293","10_10"
"10.659660312227","1.41895155138089","0.711259412104822","2.03666508901731","0.659660312227045","0.225105274906763","1","0.694476699676613","0.752026861867596","0.463362711735","0.403542709003646","0.406938035668648","10_10"
"10.6017410160545","1.42240402637999","0.703048188403449","2.14027272916293","0.601741016054471","0.177500945681844","0.9996","0.798212480815303","0.322722673140108","0.487102807829047","0.628380933758223","0.776806712488586","10_10"
"10.6547191396581","1.37550236323779","0.728760526539164","2.00706561215336","0.654719139658079","0.185975629348709","0.9996","0.740913205734113","0.46094972350345","0.494336950025643","0.378493063257622","0.812316920857291","10_10"
"10.5907079207775","1.45409406047632","0.695036657139319","2.15995638973316","0.590707920777473","0.187229682710564","1","0.794325240461857","0.406386337074986","0.452596203104343","0.570305652448088","0.679436803635852","10_10"
"10.8059801481404","1.26051899727167","0.791397064568968","1.63366527035453","0.805980148140442","0.251070582132981","0.99","0.602529237099173","0.641615866182208","0.639214497891053","0.432308730653395","0.38459057177017","10_10"
"10.6154537925325","1.49733498013677","0.661643823330793","2.15013814679185","0.615453792532545","0.25404149400443","1","0.715921759563514","0.806111385425798","0.513410281161468","0.497245301493545","0.597285287262148","10_10"
"10.6199903239321","1.49008829818728","0.665556944737957","2.14729751584773","0.619990323932111","0.24558210697546","1","0.754601804092186","0.434411479919761","0.654726787788551","0.830385908484459","0.746585127961841","10_10"
"10.4901822831365","1.61274932428813","0.595795445633967","2.42582320415165","0.490182283136501","0.239295860530792","1","0.833340432302125","0.756800796634792","0.441522927826292","0.461946308669354","0.553954528375648","10_10"
"10.6089573318891","1.51098765070552","0.647542484063605","2.18646415881268","0.608957331889142","0.242458625967968","1","0.77216051431346","0.45268531283151","0.713102679699659","0.643287558698283","0.695015262022529","10_10"
"10.6803793405473","1.3374219220614","0.744642203968282","1.95159347491315","0.680379340547338","0.183285563699439","0.9992","0.731631438864341","0.30645978184962","0.541866865357771","0.608364476301079","0.582217564934222","10_10"
"10.5264287812206","1.63002059846209","0.578448231671297","2.36480209867812","0.52642878122061","0.283535306843855","1","0.786325591549525","0.737330380055583","0.629538736391244","0.652052768167399","0.734070111220786","10_10"
"10.6792459921853","1.41244755190119","0.712164273717484","2.02452190728467","0.679245992185308","0.22534853015551","0.9996","0.716724774229953","0.488476369720155","0.593322703119874","0.553250231686639","0.398092024441121","10_10"
"10.8353646312074","1.23334711488177","0.798731480789003","1.56409789395607","0.835364631207429","0.282915438588953","0.9802","0.572853363351896","0.934705231105909","0.723710946040228","0.31627170718275","0.476351245073602","10_10"
"10.7500843573932","1.31545695699688","0.763520176294951","1.79747547274038","0.750084357393187","0.22784657622827","0.9948","0.661183823242999","0.449140491669331","0.628597929992405","0.558009906642994","0.556226380843094","10_10"
"10.7124814604889","1.35770815039398","0.734001665005556","1.92969585061565","0.712481460488885","0.202276146300729","0.998","0.724979284735972","0.250595403031595","0.707990671508014","0.674040544637045","0.181782197148216","10_10"
"10.6352655336005","1.45153171163853","0.689826097823618","2.10446937761081","0.635265533600533","0.213989228735594","1","0.760083704945741","0.406105731657958","0.613520508363508","0.604224184475197","0.432747762119414","10_10"
"10.8254026379137","1.27318819204393","0.772786184543001","1.64748462606102","0.825402637913714","0.285181878392713","0.9862","0.592074368234877","0.914935655734702","0.726182598200987","0.339149159875273","0.622044043911613","10_10"
"10.5946154389473","1.46437668068823","0.688521114382935","2.16023908289756","0.594615438947303","0.20477147328309","1","0.766563886954178","0.622880475173973","0.460022236064952","0.376084500755509","0.534445894304099","10_10"
"10.6356023187143","1.42025174772769","0.700349505803295","2.07872286528843","0.635602318714261","0.194793978926509","0.9996","0.770065806145898","0.33613111727019","0.58056568988909","0.602008431413594","0.670495893673402","10_10"
"10.7851207292286","1.24622273506347","0.80249194187834","1.65790296904068","0.785120729228644","0.205783137080923","0.99","0.620673818923299","0.617498417631498","0.566157909045217","0.282050868814383","0.36733647476202","10_10"
"10.8121223855967","1.2896093811346","0.764736923798262","1.6644023304823","0.812122385596677","0.301711618594428","0.9872","0.594380557022179","0.782086255629897","0.732535040074374","0.500143298302892","0.391727379380227","10_10"
"10.6683559915655","1.39237722810058","0.725881833240324","1.99248566087768","0.668355991565512","0.203881583313449","0.9996","0.719847208086241","0.525496077321151","0.520388388711392","0.408994748336473","0.540337689321932","10_10"
"10.7874157696687","1.22901365699648","0.809209267755203","1.63221841797613","0.787415769668706","0.203265904528125","0.9884","0.619207107177163","0.468203908582909","0.569908078805088","0.389344634852709","0.366693567818914","10_10"
"10.6617271267388","1.51290181630101","0.643820050186239","2.10598155937008","0.661727126738761","0.283445119883354","0.9994","0.710264300120811","0.931787297813395","0.720459032437094","0.397570489658879","0.10102623119019","10_10"
"10.7936689325803","1.21299893017394","0.818415078287227","1.61853648454124","0.793668932580341","0.194600844179424","0.9862","0.601268643929634","0.659929465838848","0.510592992488991","0.251859984167996","0.439903450576445","10_10"
"10.8182094781691","1.35164913756985","0.730399863870601","1.71018830016103","0.818209478169085","0.301937149663621","0.9922","0.662896939323865","0.389744949745759","0.985662204911932","0.768603150893793","0.471582864746829","10_10"
"10.791250103046","1.26669392081499","0.792702773847644","1.66290407100878","0.791250103046042","0.236678054025939","0.9928","0.617824892527211","0.531511129731527","0.608400124748771","0.507035953854436","0.521570643164801","10_10"
"10.823252011839","1.26987353802213","0.776044555412497","1.64830000131171","0.82325201183903","0.2820300615359","0.9862","0.5930496314735","0.893213320174813","0.72160065181141","0.343244857348646","0.364826366568361","10_10"
"10.8353646312074","1.23334711488177","0.798731480789003","1.56409789395607","0.835364631207429","0.282915438588953","0.9802","0.572853363351896","0.934705231105909","0.723710946040228","0.31627170718275","0.476351245073602","10_10"
"10.7637720367442","1.32734001036312","0.755607314513033","1.76749827745274","0.763772036744176","0.24847250743394","0.9942","0.662896939323865","0.389744949745759","0.716802149737176","0.768603150893793","0.471582864746829","10_10"
"10.8172446451132","1.27112818025405","0.77450994152906","1.6218919961773","0.817244645113153","0.303214620499806","0.9844","0.580838172119761","0.837982256756481","0.724917163991344","0.474501195072789","0.480491624453881","10_10"
"10.860156866888","1.13237156666747","0.86088712377429","1.39161950031908","0.860156866888042","0.259375511177326","0.955","0.541119189932942","0.718862225299259","0.709969443510489","0.303498496028451","0.38588726530792","10_10"
"10.7928807043639","1.27453987730114","0.786741669554611","1.66234946786492","0.792880704363886","0.259571265062717","0.9918","0.6","0.6","0.6","0.6","0.6","10_10"
"10.8036304522948","1.31442059122595","0.752019815672319","1.68649876385033","0.803630452294826","0.305756574612337","0.9896","0.600059177002742","0.818212681385275","0.727388816152103","0.497378647765312","0.626184423291892","10_10"
"10.6145048120154","1.44182570626916","0.701131366258","2.11171167658658","0.614504812015393","0.196069834808384","1","0.772608537636382","0.384654971002342","0.49239921011692","0.656366740036502","0.434937266417425","10_10"
"10.7467753699777","1.29997490989768","0.768543859357334","1.81998124807909","0.746775369977727","0.194286025799905","0.9962","0.673039548466914","0.529514396260375","0.554577363857951","0.306697089224426","0.515326205599637","10_10"
"10.6660111481245","1.33367308067518","0.748474015031925","1.95779610134778","0.666011148124503","0.164246721221909","0.9986","0.746695987561446","0.272326769104239","0.485182428532841","0.587979457048631","0.426281734366643","10_10"
"10.6758934408153","1.36610684938067","0.74718899970505","1.96146805203738","0.675893440815273","0.193195453068805","0.9996","0.714549171318945","0.420921232928363","0.457244306214824","0.559979918648367","0.646654430923047","10_10"
"10.7029449306256","1.34946537102229","0.762032439120467","1.89301713091329","0.702944930625627","0.208896304358676","0.998","0.681240658197098","0.417650180463519","0.477433953040061","0.720810774093193","0.479056470056133","10_10"
"0.0357191292590394","0.091450141570827","1.35468786744173","0.00378299912744974","0.0357191292590394","0.30622218100369","0","0.0155072559136897","0.839023865071249","0.718537453720069","0.304878890487438","0.43879423441208","10_10"
"10.8353646312074","1.23334711488177","0.798731480789003","1.56409789395607","0.835364631207429","0.282915438588953","0.9802","0.572853363351896","0.934705231105909","0.723710946040228","0.31627170718275","0.476351245073602","10_10"
"10.8254026379137","1.27318819204393","0.772786184543001","1.64748462606102","0.825402637913714","0.285181878392713","0.9862","0.592074368234877","0.914935655734702","0.726182598200987","0.339149159875273","0.622044043911613","10_10"
"10.8353646312074","1.23334711488177","0.798731480789003","1.56409789395607","0.835364631207429","0.282915438588953","0.9802","0.572853363351896","0.934705231105909","0.723710946040228","0.31627170718275","0.476351245073602","10_10"
"10.8231987873805","1.22745620112102","0.798409246728902","1.5467485758758","0.823198787380534","0.306227868569539","0.978","0.56508048092862","0.67653610099641","0.72524954571099","0.641676598147649","0.41370069700847","10_10"
"10.7629130838994","1.28098387865389","0.784458593627403","1.74482172667406","0.762913083899374","0.209049323075537","0.9928","0.643659574249265","0.531452670627061","0.573399993724468","0.367993985958709","0.593063156186243","10_10"
"10.7588612288578","1.32797340050448","0.755511038784265","1.79399766416462","0.758861228857845","0.24268396897674","0.9948","0.662360586308711","0.434198515669575","0.667893309134063","0.671989505020727","0.508133527836474","10_10"
"10.8015914560238","1.25199236820337","0.796753377342119","1.63128797653779","0.801591456023838","0.238236323035293","0.99","0.594124805097627","0.817844466407056","0.587127066974175","0.303570448769893","0.444335354326712","10_10"
"10.7637720367442","1.32734001036312","0.755607314513033","1.76749827745274","0.763772036744176","0.24847250743394","0.9942","0.662896939323865","0.389744949745759","0.716802149737176","0.768603150893793","0.471582864746829","10_10"
"10.784419517652","1.26219092000792","0.793541865725521","1.67912373374635","0.784419517651961","0.223143311694895","0.9924","0.619416171774021","0.610654120267254","0.581936869025511","0.369330400997141","0.427533240022641","10_10"
"10.7599227999567","1.3193501751327","0.764556218699013","1.75983665591495","0.759922799956741","0.245435921404976","0.9944","0.629379974217649","0.598061725633314","0.581177370133482","0.538703103265717","0.522263049413394","10_10"
"10.7056384361515","1.41943141702172","0.692096165194743","1.9926808044812","0.705638436151545","0.253524378214114","0.999","0.706819663636204","0.540718255965722","0.712080941803045","0.545552500592809","0.623644514716286","10_10"
"10.7613838576393","1.39883366593955","0.700665263141878","1.82295886491779","0.761383857639302","0.279566825230034","0.997","0.696205452445712","0.393016002210603","0.965472558086695","0.607772295448966","0.639180825613742","10_10"
"10.8270430831301","1.26418489469095","0.780667627744012","1.6380487772575","0.827043083130126","0.27993241034116","0.9854","0.592828980567535","0.852991718235174","0.723154315949107","0.350339730212074","0.375824511305464","10_10"
"10.6250719952076","1.52667637114862","0.634796129425873","2.1566041721066","0.625071995207585","0.269927751902921","1","0.738174926923708","0.806892195904171","0.696611167988924","0.413943077148802","0.266657168389105","10_10"
"10.761292914925","1.31371726086385","0.762442562461535","1.76649759391214","0.761292914924995","0.236615931394233","0.9944","0.661720176258152","0.404686925745515","0.677506770595518","0.65462355251606","0.519675717753449","10_10"
"10.700858775959","1.28689580638304","0.764982886544833","1.86608040200122","0.700858775958975","0.163080850386316","0.9958","0.718785360758549","0.256077501457185","0.509030292981012","0.571606869558709","0.260650797167728","10_10"
"10.8259478130491","1.25076933029987","0.787304073052589","1.59214085865244","0.825947813049123","0.295968841599444","0.9822","0.57929518802698","0.753342487256411","0.732010080378359","0.489039732206853","0.386918201580267","10_10"
"10.8107647780893","1.2741187202851","0.778230466733776","1.65351849115347","0.810764778089282","0.25368043379607","0.9906","0.61862338206055","0.714589606959144","0.705213440272028","0.317629579919763","0.54504516434692","10_10"
"10.8433310191508","1.20042953062497","0.822146718540625","1.5160833580554","0.843331019150826","0.26904810902713","0.9736","0.566453939874686","0.814543591333919","0.715142935830647","0.314891312723763","0.423444275969441","10_10"
"10.7637720367442","1.32734001036312","0.755607314513033","1.76749827745274","0.763772036744176","0.24847250743394","0.9942","0.662896939323865","0.389744949745759","0.716802149737176","0.768603150893793","0.471582864746829","10_10"
"5.87323145819883","1.03167962635304","0.904550534799337","1.22164901163195","0.873231458198831","0.181949591497432","0.8692","0.556204558928142","0.114746522158384","0.710494403206504","0.314602062124489","0.39069644310788","10_10"
"10.8667221757504","1.24940000959195","0.788607808697016","1.52058819780234","0.866722175750371","0.294190319287306","0.9724","0.619207107177163","0.468203908582909","0.982425559079275","0.389344634852709","0.366693567818914","10_10"
"10.8410157195956","1.28403464039164","0.768844993470715","1.60588750051175","0.841015719595625","0.285005967764792","0.9816","0.638935648328187","0.432071074048608","0.970382102711431","0.430425048774595","0.443769433046279","10_10"
"10.7912164125808","1.25516469493749","0.799279518206132","1.65268010494357","0.791216412580848","0.222430861627284","0.9916","0.619082539676489","0.538355427095771","0.592621164768477","0.419756421671678","0.46137387790418","10_10"
"10.860156866888","1.13237156666747","0.86088712377429","1.39161950031908","0.860156866888042","0.259375511177326","0.955","0.541119189932942","0.718862225299259","0.709969443510489","0.303498496028451","0.38588726530792","10_10"
"10.7874157696687","1.22901365699648","0.809209267755203","1.63221841797613","0.787415769668706","0.203265904528125","0.9884","0.619207107177163","0.468203908582909","0.569908078805088","0.389344634852709","0.366693567818914","10_10"
"10.7630511478404","1.31076595957826","0.771169527864628","1.75516349705235","0.76305114784037","0.240055763343019","0.9942","0.624870952230878","0.583954207269172","0.557174739706829","0.560190623473582","0.584757473509828","10_10"
"10.8152610383451","1.27909063424711","0.769258027602315","1.63492795530525","0.815261038345109","0.306959433103487","0.9858","0.581058823025726","0.87820385869612","0.723363499853647","0.467406322209362","0.469493479716779","10_10"
"10.8232267488713","1.26201513471237","0.788721256531165","1.62981952875289","0.823226748871332","0.268607341360437","0.988","0.609813710587422","0.506455838126826","0.720806772386193","0.6049068923698","0.469717763197873","10_10"
"10.8067771505262","1.2964976478127","0.765877441082132","1.68057518384166","0.806777150526221","0.293998529214661","0.99","0.609288463060103","0.56898707027139","0.729820144603714","0.727966250294781","0.435911834512089","10_10"
"10.7981252726913","1.24199835064587","0.795320505371166","1.66096508551847","0.798125272691317","0.186484715975379","0.9838","0.662155668191697","0.405926033448859","0.669771756232748","0.163083263440058","0.513759955881082","10_10"
"10.784419517652","1.26219092000792","0.793541865725521","1.67912373374635","0.784419517651961","0.223143311694895","0.9924","0.619416171774021","0.610654120267254","0.581936869025511","0.369330400997141","0.427533240022641","10_10"
"10.8433310191508","1.20042953062497","0.822146718540625","1.5160833580554","0.843331019150826","0.26904810902713","0.9736","0.566453939874686","0.814543591333919","0.715142935830647","0.314891312723763","0.423444275969441","10_10"
"10.8353646312074","1.23334711488177","0.798731480789003","1.56409789395607","0.835364631207429","0.282915438588953","0.9802","0.572853363351896","0.934705231105909","0.723710946040228","0.31627170718275","0.476351245073602","10_10"
"10.8309979852922","1.21907526448923","0.807344288349338","1.5412863299033","0.830997985292159","0.279518534657422","0.977","0.569289671288145","0.899575352887247","0.722879374092674","0.31559962502439","0.449925485450316","10_10"
"10.8436710516081","1.14624594685626","0.852326092159146","1.45422426791859","0.843671051608146","0.203368855052354","0.9612","0.582037208573244","0.409724178022946","0.638664601990963","0.317338862575409","0.380605704703855","10_10"
"10.8667221757504","1.24940000959195","0.788607808697016","1.52058819780234","0.866722175750371","0.294190319287306","0.9724","0.619207107177163","0.468203908582909","0.982425559079275","0.389344634852709","0.366693567818914","10_10"
"10.714067004796","1.4657479855938","0.671559114007582","1.93774113865394","0.714067004796","0.326431807221079","0.9986","0.652056749270548","0.847251584028825","0.718875143286482","0.674804971987204","0.470149500574991","10_10"
"10.8371665677936","1.21270047446457","0.813547404925661","1.53627715983737","0.837166567793609","0.273085612901995","0.9762","0.570017631938438","0.849673469552582","0.715974507778201","0.315563394882122","0.449870035592727","10_10"
"10.860156866888","1.13237156666747","0.86088712377429","1.39161950031908","0.860156866888042","0.259375511177326","0.955","0.541119189932942","0.718862225299259","0.709969443510489","0.303498496028451","0.38588726530792","10_10"
"10.8400617855872","1.20530798322127","0.821732552810456","1.54573377575986","0.840061785587217","0.259035707702507","0.9782","0.57474429665162","0.681930923060185","0.688795194845918","0.369490429828017","0.486063883294079","10_10"
"5.84631245744774","1.11360196592103","0.868831314043583","1.37663966525366","0.846312457447742","0.171308918730165","0.9372","0.593374457532061","0.173226252718347","0.641737880020628","0.386607834401789","0.376784306222939","10_10"
"10.7647964017351","1.39604228215617","0.710433399765907","1.82001364788069","0.764796401735107","0.309885790964904","0.9968","0.634142051762168","0.761492970315053","0.71935887720463","0.631102580733354","0.471358581265734","10_10"
"10.7637720367442","1.32734001036312","0.755607314513033","1.76749827745274","0.763772036744176","0.24847250743394","0.9942","0.662896939323865","0.389744949745759","0.716802149737176","0.768603150893793","0.471582864746829","10_10"
"10.8153763147122","1.23712662065695","0.80605036120253","1.61642433999997","0.815376314712224","0.232620112345976","0.9886","0.623674842634838","0.395438483575023","0.683150776017401","0.54396598339681","0.490382055138984","10_10"
"10.7962513646883","1.31432416530315","0.757653734004237","1.70328589339808","0.796251364688278","0.266025774111741","0.993","0.632903664290742","0.574100366730779","0.718992085511821","0.529676632805865","0.422589231815007","10_10"
"10.7595476909976","1.32749319155057","0.755592201333893","1.78769698448585","0.759547690997644","0.24343968352912","0.9946","0.661925094375166","0.432959407966231","0.675628323496833","0.669169863304512","0.514049289708841","10_10"
"10.681670607685","1.45679360326093","0.67386421964251","2.04669760078147","0.681670607685013","0.257468667680363","0.9994","0.709611087835331","0.729767571254077","0.681662142538066","0.414767026776628","0.502222977400674","10_10"
"10.7274903464731","1.4345898498785","0.688585225023282","1.91186581186266","0.727490346473054","0.30735434158892","0.9982","0.662896939323865","0.65870851976797","0.716802149737176","0.768603150893793","0.471582864746829","10_10"
"10.784419517652","1.26219092000792","0.793541865725521","1.67912373374635","0.784419517651961","0.223143311694895","0.9924","0.619416171774021","0.610654120267254","0.581936869025511","0.369330400997141","0.427533240022641","10_10"
"10.6904720214432","1.40068932276234","0.709489611402823","1.99654389716783","0.690472021443232","0.233069955769879","0.9992","0.687184886358588","0.775574673616863","0.552062115164597","0.366790046037172","0.392312785940357","10_10"
"10.8361531654124","1.31831739533836","0.742146016204011","1.63899845636145","0.836153165412357","0.308171339294005","0.9862","0.638935648328187","0.577510603936389","0.970382102711431","0.430425048774595","0.443769433046279","10_10"
"10.753509166852","1.37081979391852","0.722509146550219","1.81492948497649","0.75350916685196","0.31546836883374","0.9958","0.607707945684218","0.71087638037735","0.624332431259448","0.896372553892434","0.559004020788018","10_10"
"10.8425556415996","1.19393962485921","0.829024367294574","1.52589800949318","0.8425556415996","0.247764136469222","0.9768","0.591899013079043","0.420697224413054","0.721290506304342","0.56120450111595","0.470926843888617","10_10"
"10.8667221757504","1.24940000959195","0.788607808697016","1.52058819780234","0.866722175750371","0.294190319287306","0.9724","0.619207107177163","0.468203908582909","0.982425559079275","0.389344634852709","0.366693567818914","10_10"
"10.6407424023232","1.3224388609056","0.77865933869075","1.93693438332383","0.640742402323197","0.172967526196774","0.9982","0.690284015346529","0.48181155039561","0.129306000424549","0.653799602888234","0.284109908741881","10_10"
"0.721546680318287","0.783510587843784","1.0345170029071","0.943780337832631","0.721546680318287","0.273743924104288","0.7864","0.357248281361535","0.742414702453123","0.694471331710016","0.408289607355923","0.524413901027775","10_10"
"10.7372837848177","1.41488696616736","0.701462938092209","1.89059621566109","0.737283784817721","0.291930664809751","0.9976","0.660469653008987","0.686972823715298","0.702809060328373","0.61877078237546","0.498420889615997","10_10"
"10.8085583998251","1.26658770458178","0.788582514575731","1.65802879485161","0.808558399825112","0.239373204282485","0.9904","0.636537282237188","0.411546027642348","0.711769341744963","0.538497816476489","0.492450458837272","10_10"
"10.784419517652","1.26219092000792","0.793541865725521","1.67912373374635","0.784419517651961","0.223143311694895","0.9924","0.619416171774021","0.610654120267254","0.581936869025511","0.369330400997141","0.427533240022641","10_10"
"10.801618642786","1.30961144294248","0.756564382894076","1.68553687852706","0.80161864278595","0.306596929781269","0.9898","0.584366025002444","0.910216885637244","0.684351325215894","0.494712262142098","0.488397225316222","10_10"
"10.7595476909976","1.32749319155057","0.755592201333893","1.78769698448585","0.759547690997644","0.24343968352912","0.9946","0.661925094375166","0.432959407966231","0.675628323496833","0.669169863304512","0.514049289708841","10_10"
"10.8458749528773","1.15658810580846","0.843877374572107","1.49138638691976","0.845874952877261","0.220287402890954","0.9668","0.578149359095334","0.499202916714643","0.655699312148216","0.325707778383571","0.398985651682703","10_10"
"10.8301092584618","1.17690390495699","0.831293102420982","1.51761297353033","0.830109258461766","0.194847535439728","0.9728","0.617517399033552","0.415077230219565","0.679292920792127","0.185789948079519","0.492236340932427","10_10"
"10.8339044120651","1.2117712417221","0.81715341014279","1.55583623412896","0.833904412065104","0.253948449687924","0.9796","0.588078461788624","0.608728567109613","0.709749513912641","0.377171763200968","0.454149899613837","10_10"
"10.8667221757504","1.24940000959195","0.788607808697016","1.52058819780234","0.866722175750371","0.294190319287306","0.9724","0.619207107177163","0.468203908582909","0.982425559079275","0.389344634852709","0.366693567818914","10_10"
"10.8667221757504","1.24940000959195","0.788607808697016","1.52058819780234","0.866722175750371","0.294190319287306","0.9724","0.619207107177163","0.468203908582909","0.982425559079275","0.389344634852709","0.366693567818914","10_10"
"10.860156866888","1.13237156666747","0.86088712377429","1.39161950031908","0.860156866888042","0.259375511177326","0.955","0.541119189932942","0.718862225299259","0.709969443510489","0.303498496028451","0.38588726530792","10_10"
"10.832072498558","1.20587912401096","0.820970249681031","1.55883161540581","0.832072498557953","0.224844467460873","0.98","0.612162180984291","0.419926829043688","0.722510396841735","0.365525428437462","0.478336074896363","10_10"
"10.729558011586","1.44146136993739","0.686435959366187","1.91338810830634","0.729558011585952","0.308794011019917","0.998","0.657626968808435","0.756656809622208","0.713740241980275","0.647311714722516","0.501967259728082","10_10"
"10.8448164051185","1.1730974135562","0.841556900272205","1.48915840708321","0.844816405118538","0.238095446109326","0.9706","0.584267537073848","0.411434345580115","0.707952025765965","0.496904245552694","0.383297559634889","10_10"
"10.8220647656493","1.2424175819054","0.799274923127922","1.6107742163865","0.82206476564926","0.257874141652851","0.9866","0.598898540606846","0.591604290148221","0.686364725882892","0.447485617265527","0.489222743687025","10_10"
"10.7595476909976","1.32749319155057","0.755592201333893","1.78769698448585","0.759547690997644","0.24343968352912","0.9946","0.661925094375166","0.432959407966231","0.675628323496833","0.669169863304512","0.514049289708841","10_10"
"10.8085120469046","1.28847266661273","0.768782367321721","1.6718544676093","0.808512046904576","0.261070905870723","0.9912","0.617332770347357","0.762144990862567","0.701515932411467","0.335393588493716","0.478567184642312","10_10"
"10.7615107789612","1.36471499725682","0.726546232028614","1.79662093007874","0.76151077896118","0.284539939893815","0.9958","0.648138158278354","0.588495642414198","0.718395345146949","0.67853777133094","0.439290185243223","10_10"
"10.8411951782435","1.16960983508232","0.84107994708574","1.49790327631377","0.84119517824346","0.233501610612189","0.9704","0.573587796854876","0.57587795123127","0.664201692910865","0.337457773606386","0.462007515431075","10_10"
"10.8317435242729","1.21434523695325","0.817612159316517","1.57740723620693","0.831743524272885","0.241120329151579","0.9828","0.599520598679613","0.485765116486987","0.685581244980428","0.4659707959593","0.487223194746038","10_10"
"10.6136006808231","1.36635786438694","0.758594275193817","1.99992605477596","0.613600680823139","0.184319047947249","0.9986","0.647662445336252","0.644313244084551","0.0715024236124009","0.619742012368717","0.454881911318612","10_10"
"10.860156866888","1.13237156666747","0.86088712377429","1.39161950031908","0.860156866888042","0.259375511177326","0.955","0.541119189932942","0.718862225299259","0.709969443510489","0.303498496028451","0.38588726530792","10_10"
"10.8148600256999","1.25726491538847","0.7932549322069","1.62391197684913","0.814860025699869","0.271177400710897","0.9888","0.597551063360244","0.529396559673208","0.666743671563569","0.664527711506495","0.539463366511133","10_10"
"10.8039341768663","1.28731452829255","0.769818175741469","1.66977971306954","0.803934176866313","0.26353521724253","0.991","0.604115226777893","0.848466812184951","0.668261836857405","0.341476446550841","0.440890735774793","10_10"
"10.7459277409922","1.38084981635036","0.716923686618984","1.8522034858807","0.745927740992207","0.267192300353423","0.9972","0.65873225736266","0.78216617172543","0.695289145957246","0.394264751006674","0.447100068727803","10_10"
"10.726533630742","1.37332036273305","0.720141734849498","1.90034530185146","0.726533630741975","0.25071566147279","0.9978","0.665009207597345","0.706494192149565","0.616601596456486","0.444179624435598","0.406811573750967","10_10"
"10.8355580608341","1.17148937318416","0.839791355073912","1.49355721476619","0.835558060834135","0.213776652079039","0.9718","0.589668684578439","0.418987056855885","0.65200308252934","0.381639118138665","0.468234988957583","10_10"
"10.8425556415996","1.19393962485921","0.829024367294574","1.52589800949318","0.8425556415996","0.247764136469222","0.9768","0.591899013079043","0.420697224413054","0.721290506304342","0.56120450111595","0.470926843888617","10_10"
"10.8275641327541","1.20810950605326","0.819149624931536","1.57532245796411","0.827564132754121","0.23899859713374","0.9834","0.584590616284273","0.66176266096955","0.63655440626078","0.343453579470689","0.436567989698164","10_10"
"10.7976476896294","1.30194846635074","0.760650560194228","1.69345644802813","0.797647689629393","0.298523706174718","0.992","0.602055895403018","0.602177045117196","0.678879266000221","0.793049343501888","0.490467498165502","10_10"
"10.7229119471662","1.36701316662274","0.73070219787986","1.91903896386788","0.722911947166208","0.237295246120879","0.998","0.68410077313641","0.502039889433529","0.611088842204943","0.591780284906086","0.499550501898231","10_10"
"10.8422916861969","1.2043995522201","0.82153270928353","1.53389337675147","0.842291686196924","0.257924037963178","0.9772","0.579214835749699","0.707057506105857","0.712824025052174","0.322460461303092","0.414423697863093","10_10"
"10.8007345787974","1.22111274378179","0.81263877794693","1.59975392671553","0.800734578797425","0.208044867239738","0.9868","0.615340439647554","0.44613260087149","0.601430156379134","0.398331080342322","0.419658955930096","10_10"
"5.84032395189278","0.973276994864738","0.934688645252935","1.14655459026856","0.840323951892779","0.311393201732627","0.8676","0.48998980014585","0.468203908582909","0.982425559079275","0.389344634852709","0.366693567818914","10_10"
"10.8372701109695","1.18607056254193","0.832016678830451","1.53348885396763","0.83727011096954","0.231058095318034","0.9758","0.581700778239052","0.578260544525765","0.651074009668902","0.337630408315403","0.435980518820146","10_10"
"10.8706723955688","1.24347188888496","0.786849123875263","1.47712323422643","0.870672395568848","0.322017706356757","0.968","0.594722312856409","0.674913653714569","0.981580291450841","0.368055170158335","0.385245204987979","10_10"
"10.8408016376247","1.19123711293162","0.831535984753938","1.51622745138233","0.840801637624668","0.251679811648967","0.9756","0.584640905805311","0.476437817330365","0.71926366040219","0.495844479643035","0.468513595246834","10_10"
"10.860156866888","1.13237156666747","0.86088712377429","1.39161950031908","0.860156866888042","0.259375511177326","0.955","0.541119189932942","0.718862225299259","0.709969443510489","0.303498496028451","0.38588726530792","10_10"
"0.61847822737555","0.668439425760099","1.10516470069553","0.736075572685015","0.61847822737555","0.248813970688664","0.6382","0.33364394819364","0.475099400699775","0.747819483241206","0.397987322269776","0.466018538835932","10_10"
"10.8569861739877","1.23257498330074","0.800674026849871","1.50689737959805","0.856986173987719","0.292392157725388","0.9712","0.607018228002954","0.478869624370122","0.920187320818497","0.457328108542233","0.387898223729019","10_10"
"10.8571519517595","1.13929639975881","0.859173261954264","1.42302128360662","0.857151951759484","0.2356951675747","0.9554","0.565603984253697","0.5121524801676","0.710814711138922","0.324787960722825","0.367335628138854","10_10"
"10.8348821795531","1.1822748171251","0.832821948605114","1.52926985751398","0.834882179553061","0.227928958013119","0.9758","0.581039197140555","0.582705033158428","0.641179708740094","0.331530949538858","0.39957312256072","10_10"
"10.8204111772759","1.24325994033996","0.802052579988826","1.61242229832826","0.82041117727587","0.230304605997004","0.9888","0.628314716878006","0.425226779520211","0.718899642029713","0.425722071642828","0.499148752068151","10_10"
"10.8667221757504","1.24940000959195","0.788607808697016","1.52058819780234","0.866722175750371","0.294190319287306","0.9724","0.619207107177163","0.468203908582909","0.982425559079275","0.389344634852709","0.366693567818914","10_10"
"10.8261638952142","1.23396898502429","0.801400259949136","1.60265932928414","0.826163895214194","0.251493437253197","0.9862","0.594108956383975","0.706362872457587","0.67531110010173","0.338249503140236","0.455394259578646","10_10"
"10.7819669542596","1.30101307219984","0.764956494095946","1.70931084722559","0.781966954259637","0.252603948183614","0.9942","0.635371927744107","0.533233751601568","0.6791953600423","0.539754275202015","0.476665612961328","10_10"
"10.8448971554322","1.17531558418378","0.836727383343241","1.50485483021436","0.844897155432177","0.23734209481848","0.9718","0.584007100015801","0.5343497149235","0.708801829774624","0.33550040635414","0.38430213419022","10_10"
"10.8219414974466","1.23031221694369","0.80874750759523","1.5935143100296","0.821941497446566","0.231110025205139","0.9864","0.615700739536645","0.514752256464384","0.702306383393794","0.343806286980136","0.478543134674454","10_10"
"10.8303171666084","1.18906680591923","0.825310139132496","1.54475316528611","0.830317166608368","0.202040919094581","0.9752","0.616738729576269","0.416282625452715","0.682885199224095","0.236918198836027","0.47889607774131","10_10"
"10.800383986967","1.29441583399711","0.769740953786229","1.68352233712298","0.800383986966995","0.254740041688203","0.9922","0.632204260753156","0.526099439329405","0.704036305575064","0.51991660698176","0.49148159249059","10_10"
"10.8533675546945","1.12894617899729","0.864998705112442","1.39107204729253","0.853367554694485","0.251885176521572","0.9552","0.553803367262287","0.432501943606457","0.718435924762656","0.542242535841309","0.442390411333444","10_10"
"10.826708412992","1.22002862840084","0.811800894047477","1.58246322153723","0.826708412991958","0.258223988421491","0.9818","0.588343269200315","0.575955864975879","0.688458738412341","0.467903566207513","0.391171843727433","10_10"
"10.8421093762075","1.18290816850203","0.835696760079318","1.51872567567129","0.842109376207546","0.236409200131719","0.9736","0.580845904128609","0.520137358313959","0.666228538813017","0.402817795079301","0.464420764072858","10_10"
"10.8563032653139","1.13868086319373","0.858940804517567","1.40635570043818","0.856303265313937","0.270402259329467","0.9592","0.54137962699099","0.595946855955874","0.709119639501829","0.464902335227005","0.384882690752588","10_10"
"10.8323772353263","1.19271933364347","0.823357925624459","1.54662596867279","0.832377235326287","0.218392864706591","0.9778","0.612940850441574","0.418721433810538","0.718918118409767","0.314397177680953","0.491676338087481","10_10"
"10.7781246812734","1.2892824480481","0.775083260879376","1.71004184007797","0.778124681273402","0.238303820562132","0.993","0.645772558481451","0.427659457489708","0.679239078308856","0.608973220099146","0.493236612537053","10_10"
"10.8069906604002","1.26393835312794","0.78455361605275","1.64443300721862","0.806990660400233","0.249993015953756","0.9898","0.607814430247656","0.71754477937453","0.662759238570518","0.34059766482417","0.45974091476183","10_10"
"10.8448164051185","1.1730974135562","0.841556900272205","1.48915840708321","0.844816405118538","0.238095446109326","0.9706","0.584267537073848","0.411434345580115","0.707952025765965","0.496904245552694","0.383297559634889","10_10"
"10.8233201557002","1.26286434960406","0.783968487793506","1.64311720121665","0.823320155700172","0.258898796175358","0.989","0.613794211795003","0.66731956344187","0.721719945859409","0.357112729951042","0.478360124864221","10_10"
"10.7776135844098","1.35118284001969","0.736670314591045","1.75705013275411","0.7776135844098","0.289618952605298","0.9944","0.620911392978796","0.77832897979707","0.682837457478515","0.519038187311154","0.509897822277608","10_10"
"10.8301234107858","1.21814932363288","0.81484939246413","1.58010560254153","0.830123410785832","0.241006707440318","0.9838","0.603231562090879","0.477050878461164","0.694097762052791","0.466066826760256","0.490191610033707","10_10"
"10.8706723955688","1.24347188888496","0.786849123875263","1.47712323422643","0.870672395568848","0.322017706356757","0.968","0.594722312856409","0.674913653714569","0.981580291450841","0.368055170158335","0.385245204987979","10_10"
"10.8667221757504","1.24940000959195","0.788607808697016","1.52058819780234","0.866722175750371","0.294190319287306","0.9724","0.619207107177163","0.468203908582909","0.982425559079275","0.389344634852709","0.366693567818914","10_10"
"10.8321833935807","1.19564904293672","0.826898679930469","1.54157853503794","0.8321833935807","0.248824565955839","0.9782","0.581427369591504","0.563668811700634","0.67834736826038","0.425054120086534","0.418345118504507","10_10"
"10.8318162595331","1.19818431919939","0.824360466101936","1.55096087654972","0.831816259533068","0.229008987433133","0.9798","0.59751127707517","0.54912616624916","0.678546985330376","0.314827667375453","0.475592476288191","10_10"
"10.842620541833","1.16310380415179","0.847650779824555","1.47388271309612","0.84262054183301","0.249114160651281","0.9678","0.559548584739606","0.553421946632479","0.67560064927874","0.452020899544941","0.395628384465969","10_10"
"10.8402764714515","1.17665948250736","0.841415757157642","1.48394675649803","0.840276471451534","0.258409801178926","0.9716","0.566455967493786","0.522648646254296","0.701219895041817","0.518676135522463","0.39610477725093","10_10"
"10.8327227954261","1.21531849941284","0.814689679403423","1.56947665413854","0.832722795426125","0.246548275494443","0.9822","0.586893789607395","0.664966582447931","0.667352269188729","0.345001716169222","0.458046547354031","10_10"
"10.8401300050604","1.17773926619217","0.840166054243565","1.49634182201269","0.840130005060359","0.250606929814848","0.9716","0.575690668968816","0.48580916232804","0.705674768133181","0.491469966526359","0.437457477809947","10_10"
"10.8511042894112","1.20421051361897","0.821972782334213","1.48917270029115","0.85110428941118","0.273233251394411","0.9704","0.597511925386049","0.464780588449785","0.844345331220507","0.456288182211711","0.419720342771681","10_10"
"10.8200665790468","1.24527751464561","0.798410941287941","1.61556691264135","0.820066579046779","0.242937831268398","0.988","0.615973201862623","0.510624412851899","0.709315415825897","0.422048043119762","0.491577454566246","10_10"
"10.840988655668","1.21427943833034","0.8163571401552","1.54939119287921","0.84098865566801","0.263379481297705","0.979","0.580417701446235","0.697096788385337","0.712738919988803","0.360335208768661","0.428918166163953","10_10"
"10.8514580776733","1.1762726528343","0.831628232975359","1.49337721877137","0.851458077673252","0.219165302249612","0.9678","0.607537834142359","0.419447036876123","0.759311250676033","0.238211617039141","0.47366305434717","10_10"
"10.8424963073274","1.24514355820866","0.798667555734374","1.57061383659409","0.842496307327417","0.270807726347606","0.9806","0.616219123436863","0.475705212946714","0.843761269366558","0.456034690339119","0.393131247123159","10_10"
"10.7846828501708","1.32954043039086","0.748387859178863","1.72371610611841","0.78468285017081","0.27538043371896","0.9938","0.627584603056355","0.655316834803336","0.693978354065994","0.535852191299017","0.389071176377485","10_10"
"10.8385003549593","1.20388543655977","0.823906153733478","1.55231955144925","0.838500354959344","0.242600492434763","0.9806","0.588061070905188","0.561533648323614","0.674187369726017","0.396065582050315","0.461768476297473","10_10"
"10.8203435259294","1.22227821173162","0.811363153687025","1.58508813485569","0.820343525929424","0.221226422461979","0.985","0.613336408885073","0.573519331661142","0.67964931399545","0.26034003460081","0.458697861031765","10_10"
"10.8271210855152","1.23007557837452","0.804577853867211","1.59483379186226","0.827121085515248","0.243939993540595","0.986","0.612836600915661","0.464337992230816","0.71895480219261","0.470652894365541","0.49904437015417","10_10"
"10.8148153036609","1.22005250743741","0.812621293545779","1.5981266377494","0.814815303660873","0.22142116834059","0.9866","0.61223750199571","0.50292788721134","0.645239689833043","0.36527876453353","0.434140969374125","10_10"
"10.8415274962098","1.20104468031106","0.825051612133977","1.54461544696295","0.841527496209844","0.238889761962293","0.9782","0.600119021767656","0.43732660461976","0.719208500239293","0.450913656920322","0.468617977160815","10_10"
"10.8361728311982","1.20204839065138","0.82389278381446","1.55167829883851","0.836172831198194","0.245529344969719","0.9802","0.58776180373742","0.532424411589204","0.676339908964978","0.445667241200281","0.437247489295784","10_10"
"5.87249412857887","1.0896386393673","0.881314099030126","1.31108937782507","0.87249412857887","0.27831256983157","0.934","0.538250433241251","0.431082777622832","0.817319306167623","0.542029672740144","0.440209837584286","10_10"
"10.8342513314116","1.20882201750228","0.82021399317013","1.5637416584065","0.834251331411645","0.240274200167341","0.9816","0.586139717008701","0.653731062112542","0.65574394999321","0.33175633194955","0.425664582319985","10_10"
"10.8425282557359","1.17342639211111","0.841498671104012","1.47441080621472","0.842528255735899","0.261693770620019","0.968","0.563041150622278","0.570341674915908","0.710644745709442","0.457529795280986","0.370019161990407","10_10"
"10.8482296282626","1.16346073352674","0.846953048326829","1.46152820358114","0.848229628262621","0.252438225250481","0.967","0.562676946379993","0.562662267637354","0.699747529036106","0.415699230761366","0.453675070359477","10_10"
"10.8322209151268","1.22804951129781","0.805694388929155","1.58154614182618","0.832220915126802","0.262253362427477","0.9818","0.585880941213397","0.746256027118855","0.702576167325258","0.336123923323124","0.460660211049927","10_10"
"10.7986927807957","1.26360998711227","0.790962507149743","1.65242341743342","0.798692780795714","0.239362034933581","0.9916","0.610917367899499","0.66074949303468","0.618949705116609","0.373649980632961","0.445258901317801","10_10"
"10.8157928658721","1.24580528830553","0.801561274367447","1.61890195526957","0.8157928658721","0.229338455656346","0.9888","0.629171909332107","0.434196460288044","0.713639008158934","0.412265741542951","0.491580476011825","10_10"
"5.85719386824116","1.10629068592592","0.877920511308191","1.35597152601942","0.857193868241157","0.242418718369562","0.9446","0.543942460622408","0.537757661207566","0.70928960493131","0.332160500668844","0.382199156901036","10_10"
"10.8227449614095","1.24348378901165","0.794243377284352","1.60346708311463","0.822744961409505","0.287658404312176","0.9836","0.576149641698342","0.750935177977474","0.690230733663746","0.486412760016481","0.435124876535601","10_10"
"10.8341736742122","1.21110629593061","0.818952190774024","1.56669088087993","0.834173674212237","0.239973285067283","0.9822","0.589008436515829","0.635336843503473","0.660746858848614","0.338024120729544","0.429302799819381","10_10"
"10.8482296343807","1.16780885813112","0.844246917894894","1.46534240231559","0.848229634380651","0.256172035086742","0.9672","0.562849629339106","0.564643763826683","0.704105386781139","0.43260988113728","0.446769825509368","10_10"
"10.8463901266524","1.18716028782048","0.831303791361796","1.52382288804363","0.846390126652393","0.244499667661172","0.9754","0.584943204287454","0.516387375848993","0.700698453187101","0.41516147614261","0.481042753535583","10_10"
"10.8448257992851","1.20383561268524","0.821670016678821","1.54626795196248","0.844825799285057","0.240556955874708","0.9776","0.59751142305445","0.539465793690889","0.724763279159087","0.337752323123449","0.431862515912139","10_10"
"10.8370388767128","1.20539602851888","0.822947726147885","1.55892921058309","0.837038876712789","0.243540916450715","0.981","0.587226334043359","0.577437165680868","0.668874518418958","0.393715084958412","0.44961465869909","10_10"
"10.8428814777083","1.19193806642715","0.828092040638906","1.53986299143682","0.84288147770832","0.232908025181489","0.9764","0.598673418968731","0.470324503278591","0.71468300512553","0.368424604363951","0.444843008282149","10_10"
"10.8123140887112","1.22966517073237","0.809914434025651","1.59783085084986","0.812314088711191","0.235161520621272","0.988","0.600541124339486","0.591048942877809","0.624169128142676","0.385992284176878","0.454049005169597","10_10"
"10.8269520014143","1.21664569915353","0.814419875741763","1.58687399935008","0.826952001414261","0.242083010527888","0.9848","0.593153660359473","0.601610088240987","0.661775695372361","0.379363900858925","0.442443286082541","10_10"
"10.8321291000792","1.20581686183044","0.82121924019506","1.54043245834697","0.832129100079168","0.251884544597486","0.9788","0.591776604686818","0.503717840061054","0.72048263507483","0.462313139889881","0.421931644224372","10_10"
"10.8261943445218","1.23431136870651","0.802906916962057","1.60156264883102","0.826194344521793","0.245926546355059","0.9866","0.610495265327669","0.50702715477663","0.713989077213226","0.438571353376405","0.459827873309018","10_10"
"10.8706723955688","1.24347188888496","0.786849123875263","1.47712323422643","0.870672395568848","0.322017706356757","0.968","0.594722312856409","0.674913653714569","0.981580291450841","0.368055170158335","0.385245204987979","10_10"
"10.8055395062392","1.25236212618537","0.797630809571569","1.62222921747089","0.805539506239217","0.243524876499566","0.9898","0.605525511277446","0.591563816382897","0.633513918709226","0.439953320974317","0.440063104531044","10_10"
"10.8038783449769","1.29555433161601","0.768487945669309","1.67762855527327","0.803878344976865","0.261026061992264","0.9924","0.62583942941114","0.567532918815294","0.703270299597248","0.510760326674781","0.430197675137284","10_10"
"10.8425282557359","1.17342639211111","0.841498671104012","1.47441080621472","0.842528255735899","0.261693770620019","0.968","0.563041150622278","0.570341674915908","0.710644745709442","0.457529795280986","0.370019161990407","10_10"
"10.8368223314318","1.20888284150953","0.819039295701157","1.55944129741547","0.836822331431776","0.234109849699278","0.9808","0.60576631332572","0.485995533969157","0.714213086648479","0.365944458936813","0.416149071799962","10_10"
"10.8455519978819","1.21931666036586","0.815510730817828","1.52902241156371","0.845551997881913","0.268145111428406","0.9762","0.600325159241921","0.502043964329643","0.808072605817912","0.445886690465316","0.437494017781026","10_10"
"10.8362951252977","1.24152246780351","0.796485934344938","1.57377686083954","0.836295125297742","0.280773270668537","0.9812","0.599461246626972","0.62504652248103","0.790295041566693","0.42811435213185","0.406284975142578","10_10"
"10.8348389085612","1.20803805366379","0.821249760379101","1.55825420146591","0.83483890856122","0.239532780578561","0.981","0.586974453870531","0.637827544755288","0.66105680130027","0.334106829041454","0.437818399918368","10_10"
"10.8197024697753","1.26191766430577","0.785367984251918","1.63056667987165","0.819702469775305","0.280129163712397","0.9854","0.594580883393164","0.691110277337562","0.717010717055883","0.462563498770251","0.483119528035974","10_10"
"10.8317797509835","1.21844312768023","0.813525937570592","1.56800087698342","0.831779750983506","0.239419162352222","0.9828","0.606905651424645","0.480471352076405","0.712688084007938","0.412803496161707","0.464212792835719","10_10"
"10.8354173610879","1.24605401038433","0.791102020064219","1.53165470847494","0.83541736108786","0.308424179917714","0.9762","0.581884962397573","0.711997926366205","0.814093429809422","0.480387802338311","0.432913575082909","10_10"
"10.8499407957607","1.20764066347417","0.822781411205765","1.51568615296969","0.84994079576071","0.260685194196747","0.9738","0.59751177940677","0.474440961008056","0.798129037391795","0.433363526463715","0.463450303147732","10_10"
"10.8349761094073","1.24977983220173","0.796151648028244","1.59126911593487","0.834976109407296","0.26172889861411","0.9824","0.62063977257115","0.467661041603256","0.823568963978792","0.437648254753039","0.483132239762128","10_10"
"10.8667221757504","1.24940000959195","0.788607808697016","1.52058819780234","0.866722175750371","0.294190319287306","0.9724","0.619207107177163","0.468203908582909","0.982425559079275","0.389344634852709","0.366693567818914","10_10"
"10.8362510929197","1.20858481772273","0.820210243026297","1.55203053873864","0.836251092919717","0.267128074966385","0.979","0.57743584261403","0.573593078316082","0.696382822601927","0.516561831150596","0.396330979050149","10_10"
"10.8214940032866","1.24388390489276","0.799910266132932","1.61361373534821","0.82149400328664","0.236813653810693","0.9874","0.62475126019782","0.442240631631503","0.7338313135467","0.430652177129031","0.401579483372855","10_10"
"10.8308853116513","1.21080389291398","0.819261054138912","1.56863566770225","0.83088531165131","0.248951746493243","0.982","0.586953243755255","0.566610768300754","0.669369617048297","0.442653216351523","0.437289633854571","10_10"
"10.8466129534596","1.17023285703099","0.842817382604764","1.46689403397094","0.846612953459575","0.258030150707823","0.968","0.562868467663165","0.568360178726578","0.706286887964409","0.440619144905072","0.376924406840516","10_10"
"10.8344469912961","1.22132031680954","0.813751942918348","1.57092824418088","0.834446991296076","0.240692834262981","0.9824","0.603955035100131","0.535194896940685","0.709876033274664","0.363596866838634","0.417405705639606","10_10"
"10.8425282557359","1.17342639211111","0.841498671104012","1.47441080621472","0.842528255735899","0.261693770620019","0.968","0.563041150622278","0.570341674915908","0.710644745709442","0.457529795280986","0.370019161990407","10_10"
"10.8354725662888","1.20844874936783","0.818736620960225","1.55941057964151","0.835472566288813","0.243882568760844","0.9814","0.58770234958956","0.630780225736381","0.67432256110541","0.34801574101798","0.458004402795244","10_10"
"10.8339650967484","1.25655482239085","0.786023845457124","1.55522601309951","0.833965096748414","0.303874115037809","0.9788","0.591449639399948","0.70601828532196","0.823014597254954","0.451657468971087","0.426281058084616","10_10"
"10.8416968972211","1.23262389202664","0.806050108713184","1.56575124273752","0.841696897221057","0.260259878180628","0.9804","0.610980848241409","0.490579854978335","0.806741459141897","0.413894903102352","0.475206250244645","10_10"
"10.8365773706007","1.22508691569723","0.813604428207853","1.56052544650087","0.8365773706007","0.259185956454554","0.9804","0.598688807514416","0.542236736219741","0.749796393149865","0.42437165882859","0.459552971142948","10_10"
"10.8454338231241","1.21948776090166","0.815422022514421","1.52983972946188","0.845433823124117","0.268433322989549","0.9762","0.600325159241921","0.502043964329643","0.808072605817912","0.445886690465316","0.53873871685937","10_10"
"10.8336295993187","1.20880946654568","0.818554544482785","1.56242103344987","0.833629599318665","0.24655030593819","0.9806","0.586751484927586","0.618411363049353","0.679531007870246","0.36785100769789","0.464220879782459","10_10"
"10.8281292971826","1.2028694252516","0.823555298024707","1.55147938356145","0.828129297182644","0.22652055265978","0.9806","0.602849299934155","0.486440639244642","0.682758061835259","0.354060068021634","0.442887891230862","10_10"
"5.77524974856453","0.865845816606214","0.998124874072842","1.05783096792092","0.775249748564526","0.288760190086802","0.8306","0.414369291160256","0.673460665271107","0.788451088684735","0.368212316495729","0.408335284609169","10_10"
"10.8197360252328","1.25501674187669","0.790755950651206","1.62365478796866","0.819736025232779","0.275710995939994","0.9858","0.596396869544798","0.624379041983677","0.711931598087116","0.505288323620334","0.411301657617717","10_10"
"10.8595414172467","1.23556413457098","0.799254394054766","1.52183938185428","0.85954141724667","0.283688709259453","0.9732","0.614205994762641","0.474568395144463","0.921993992585903","0.397384450494494","0.391092993285971","10_10"
"10.8602565018838","1.18750084881729","0.825535816065314","1.4514305393238","0.860256501883824","0.290418830963019","0.9666","0.570096752116933","0.663602325990837","0.816599504028566","0.386211861402286","0.38065196806826","10_10"
"10.8429137809261","1.18681666214354","0.831571208827341","1.52727194359011","0.8429137809261","0.238211833584712","0.9758","0.585166173230399","0.535803557554928","0.682224246617125","0.381417297486174","0.454640273671493","10_10"
"10.8349761094073","1.24977983220173","0.796151648028244","1.59126911593487","0.834976109407296","0.26172889861411","0.9824","0.62063977257115","0.467661041603256","0.823568963978792","0.437648254753039","0.483132239762128","10_10"
"10.8370388767128","1.20539602851888","0.822947726147885","1.55892921058309","0.837038876712789","0.243540916450715","0.981","0.587226334043359","0.577437165680868","0.668874518418958","0.393715084958412","0.44961465869909","10_10"
"10.8323850202961","1.21835624304648","0.813106467256381","1.56800864854323","0.832385020296117","0.252549288044271","0.9804","0.590619362981125","0.630335120460897","0.70577758591863","0.359900131933159","0.431265583364344","10_10"
"10.8667221757504","1.24940000959195","0.788607808697016","1.52058819780234","0.866722175750371","0.294190319287306","0.9724","0.619207107177163","0.468203908582909","0.982425559079275","0.389344634852709","0.366693567818914","10_10"
"10.8442153845476","1.18199710422435","0.836112135388839","1.49931432321915","0.844215384547613","0.255611819524786","0.9726","0.568648576844828","0.621376784143828","0.700149581456909","0.382791763742217","0.445759654716612","10_10"
"10.8642113705264","1.22859594718631","0.794966591702781","1.45847329250705","0.864211370526369","0.327352491355235","0.9664","0.585157635854034","0.680893294758814","0.97265912400531","0.396785503525559","0.391877721986272","10_10"
"10.8594823933328","1.19275945931764","0.825430595656171","1.45218697222672","0.85948239333279","0.278915655887346","0.9662","0.593169463223209","0.494011429453567","0.876382553124479","0.390611207892967","0.372530071109852","10_10"
"10.8296394436002","1.25851182898407","0.782977717075068","1.52609960804477","0.829639443600156","0.333336499824924","0.9762","0.58749402840264","0.57967150645031","0.871267675386685","0.737406677799299","0.381517643760235","10_10"
"10.8401504849925","1.1914786775556","0.830838819197991","1.53001678491909","0.840150484992482","0.2382486555816","0.976","0.581175506364809","0.581094524438144","0.665012606624499","0.362171688117087","0.438828570711124","10_10"
"10.8274443986967","1.2128529766718","0.817092380465305","1.57650049949189","0.827444398696685","0.236304656183551","0.9836","0.599364096231841","0.523253167666124","0.672501772384607","0.394984151812003","0.826114465016872","10_10"
"10.8665289533242","1.19293885864221","0.823367951534851","1.44907402158527","0.866528953324229","0.28004139250649","0.964","0.595877262765653","0.471777491722053","0.907812207891637","0.368267458026556","0.42175292866096","10_10"
"10.8336081899432","1.2321035333553","0.806514476547063","1.58371549758929","0.833608189943153","0.254700244508958","0.9828","0.608998190505621","0.501484709176537","0.755396069116563","0.435624433866016","0.460058144761393","10_10"
"10.8447972324578","1.21419851758967","0.820411703714863","1.5369293114155","0.844797232457767","0.263357869563807","0.9764","0.596777717101341","0.497353353499501","0.780914201568202","0.454273324248096","0.397532218757315","10_10"
"10.8343064310555","1.2312020428762","0.80748424740315","1.57630193328147","0.834306431055535","0.264249860187549","0.9818","0.596218037441647","0.602277568738339","0.740139138851939","0.412002095597709","0.437426603607402","10_10"
"10.8463901266524","1.18716028782048","0.831303791361796","1.52382288804363","0.846390126652393","0.244499667661172","0.9754","0.584943204287454","0.516387375848993","0.700698453187101","0.41516147614261","0.481042753535583","10_10"
"10.8667221757504","1.24940000959195","0.788607808697016","1.52058819780234","0.866722175750371","0.294190319287306","0.9724","0.619207107177163","0.468203908582909","0.982425559079275","0.389344634852709","0.366693567818914","10_10"
"10.8413236220467","1.21044277689358","0.819421503137106","1.54101465457959","0.841323622046675","0.252164400789064","0.9784","0.599008854228818","0.47998340660815","0.756722045488458","0.436310445974105","0.463220031695357","10_10"
"10.8455519978819","1.21931666036586","0.815510730817828","1.52902241156371","0.845551997881913","0.268145111428406","0.9762","0.600325159241921","0.502043964329643","0.808072605817912","0.445886690465316","0.437494017781026","10_10"
"10.8706723955688","1.24347188888496","0.786849123875263","1.47712323422643","0.870672395568848","0.322017706356757","0.968","0.594722312856409","0.674913653714569","0.981580291450841","0.368055170158335","0.385245204987979","10_10"
"10.8447326983721","1.20974930127503","0.819140530306847","1.53574036448183","0.844732698372144","0.25717094759663","0.9758","0.597968668272105","0.514160438914515","0.782160328697092","0.392253175273468","0.492616636534404","10_10"
"0.0658449629105642","0.172561157085792","1.3122613821358","0.00724937868507299","0.0658449629105642","0.293641016181037","0.0942","0.191858440870419","0.471879039349254","0.942337035510342","0.411715360640652","0.402897904446004","10_10"
"10.8613546070449","1.20626962345451","0.818783910873308","1.48559136872367","0.861354607044944","0.276967793090736","0.9688","0.598933755332042","0.492369958120528","0.866312938255845","0.397555065202948","0.452327904655566","10_10"
"10.8362597852079","1.20676055274087","0.823302993365128","1.55450247981486","0.83625978520791","0.236982861132562","0.9802","0.592752455359147","0.562984584212721","0.677967317515241","0.35547687700892","0.440280535466303","10_10"
"10.8412167963977","1.20724611216925","0.822869211937377","1.53664531957754","0.841216796397654","0.260706105814499","0.9778","0.581886924326086","0.61610462440981","0.718386751436936","0.395401633729356","0.439759690008476","10_10"
"10.8340682739735","1.21893238431963","0.816581995128651","1.55320039542292","0.834068273973539","0.254628292198943","0.9798","0.598180118947273","0.510902516879281","0.7418090547643","0.437639602692617","0.503525025135241","10_10"
"10.8348808831063","1.1862785675483","0.830789414737499","1.54131900579369","0.834880883106321","0.228492308010086","0.9776","0.591272350939817","0.504550579470064","0.669803350944517","0.3607548791298","0.441435926475684","10_10"
"10.8515276418181","1.20057528421402","0.824577521068739","1.51028308425906","0.851527641818124","0.255635406739036","0.9716","0.597272690725388","0.480870220473662","0.798153651579152","0.370998434565091","0.755250757143428","10_10"
"10.8409732455375","1.20398628974029","0.826854582118718","1.52530300051622","0.840973245537536","0.259216933233695","0.975","0.58750071937819","0.544874248171054","0.747336643465651","0.416630180833547","0.450956572988344","10_10"
"10.8667221757504","1.24940000959195","0.788607808697016","1.52058819780234","0.866722175750371","0.294190319287306","0.9724","0.619207107177163","0.468203908582909","0.982425559079275","0.389344634852709","0.366693567818914","10_10"
"10.8470805664414","1.21704310791335","0.817716397340257","1.52907363178616","0.847080566441443","0.266112938451353","0.9756","0.598755755066319","0.5004067447252","0.79893185421669","0.447560287130796","0.401192678484954","10_10"
"10.8600014823919","1.19463822876955","0.822589194729203","1.46958761037717","0.860001482391878","0.277876784976632","0.9684","0.590749585658267","0.547715039695803","0.847198238757768","0.373224321850581","0.440673638520438","10_10"
"10.8418309528254","1.21878055097545","0.805030832951868","1.5143079340872","0.841830952825401","0.28596113119299","0.9744","0.589138900428541","0.663002171573694","0.816606299310199","0.376248145793928","0.399211840139034","10_10"
"10.8478926215572","1.19330136826514","0.831185395185741","1.48701164600146","0.847892621557192","0.264879341278845","0.9698","0.587086811760662","0.507316124063662","0.789835435837885","0.433276820478177","0.443493982489162","10_10"
"10.8459569510399","1.21772601212503","0.817989550098631","1.53700189415577","0.845956951039936","0.265079624555874","0.9762","0.598347121276942","0.498990573103945","0.790054953169424","0.452599727582615","0.433833558053387","10_10"
"10.8561766930056","1.20215067674557","0.822271743848417","1.48453892169335","0.856176693005552","0.273451954474434","0.97","0.597268666675531","0.481451497931169","0.849571875453704","0.416599083288924","0.508163740864764","10_10"
"10.8542551087511","1.22512124866389","0.804059923906818","1.51349783545297","0.854255108751119","0.281910526953819","0.9728","0.608241932326278","0.489786544468987","0.894903631767332","0.403289519802544","0.453962561196295","10_10"
"10.8368689349647","1.20119878100002","0.823889075355688","1.54994420360536","0.836868934964706","0.243671584130946","0.98","0.586565490804853","0.5760630708427","0.675325513719734","0.389421469870772","0.452111436256407","10_10"
"10.8550279293303","1.20251711932671","0.822717414818297","1.4932759163249","0.855027929330324","0.259544424549611","0.971","0.598616178680783","0.472570802231401","0.819650035266202","0.378872841326364","0.442996617709309","10_10"
"10.8332256908788","1.2174482493124","0.816997680558767","1.55464165939036","0.833225690878771","0.258168054718235","0.9798","0.592784559312345","0.547205391006657","0.728756313947311","0.440979712654778","0.446148657885312","10_10"
"10.8602565018838","1.18750084881729","0.825535816065314","1.4514305393238","0.860256501883824","0.290418830963019","0.9666","0.570096752116933","0.663602325990837","0.816599504028566","0.386211861402286","0.38065196806826","10_10"
"10.8706723955688","1.24347188888496","0.786849123875263","1.47712323422643","0.870672395568848","0.322017706356757","0.968","0.594722312856409","0.674913653714569","0.981580291450841","0.368055170158335","0.385245204987979","10_10"
"10.8404236165885","1.19162570156391","0.830012999885393","1.53258330486768","0.840423616588484","0.237711857597551","0.977","0.585827016468905","0.537177652393096","0.675773251316349","0.385710912573813","0.452143496114176","10_10"
"10.8395910404861","1.22981447583631","0.811389569177481","1.55188620422708","0.839591040486134","0.270643710650002","0.9796","0.598823053530008","0.52097244724189","0.783517106352916","0.47685533356722","0.492943166700615","10_10"
"10.8595414172467","1.23556413457098","0.799254394054766","1.52183938185428","0.85954141724667","0.283688709259453","0.9732","0.614205994762641","0.474568395144463","0.921993992585903","0.397384450494494","0.391092993285971","10_10"
"10.8303721487365","1.24535299529941","0.796269475782764","1.60354935500362","0.8303721487365","0.273350113225704","0.9836","0.597898975256711","0.605450559071431","0.736487097552111","0.47431968051843","0.457097207776472","10_10"
"10.8407222518754","1.21168821203239","0.820616006064359","1.53848363852764","0.840722251875382","0.253674518357932","0.9786","0.594766933972934","0.532275739003855","0.748190810289558","0.398622062768949","0.440960018594804","10_10"
"10.8478581010045","1.2102019116711","0.820317341235638","1.52819912775531","0.847858101004545","0.258184287568214","0.9748","0.60032502084356","0.476308275841805","0.796810569057391","0.413939720186161","0.427015695068267","10_10"
"10.8486397126818","1.195083972316","0.830918067408544","1.50213822710609","0.848639712681759","0.259050931677638","0.972","0.587088244582103","0.507528823299355","0.766962004240713","0.423408563915309","0.516256445259712","10_10"
"10.8301903141564","1.21077918441167","0.81878053583065","1.57032911218617","0.83019031415636","0.236957506206288","0.9828","0.598734468893987","0.512546324117963","0.678259920441766","0.41339535009897","0.461878117406103","10_10"
"10.4050815807672","1.81763930682213","0.459021202250147","2.71867687630568","0.405081580767183","0.265409924055423","1","0.8","0.7","0.5","0.4","0.4","15_10"
"10.4050815807672","1.81763930682213","0.459021202250147","2.71867687630568","0.405081580767183","0.265409924055423","1","0.8","0.7","0.5","0.4","0.4","15_10"
"0.724480005138817","0.734441151607892","1.0550751123729","0.40830887959458","0.724480005138817","0.174163400967058","0.4216","0.2655086631421","0.380035179434344","0.79423986072652","0.0706790471449494","0.34668348915875","15_10"
"5.81272465205125","1.0078069734722","0.92484905778943","1.19167810016501","0.812724652051248","0.0751327005246713","0.85","0.37212389963679","0.777445221319795","0.107943625887856","0.0994661601725966","0.333774930797517","15_10"
"10.7449499879113","1.56361478332738","0.604596857080774","2.0258560280053","0.744949987911263","0.281635942204674","0.9976","0.572853363351896","0.934705231105909","0.723710946040228","0.31627170718275","0.476351245073602","15_10"
"10.4265479342076","1.59792564896053","0.589604841360031","2.53229972363957","0.42654793420762","0.154768766808083","1","0.908207789994776","0.212142521282658","0.411274429643527","0.518634263193235","0.892198335845023","15_10"
"0.637254018879158","0.660259318146164","1.10812714679587","0.425519270265522","0.637254018879158","0.215680073234639","0.4254","0.201681931037456","0.651673766085878","0.820946294115856","0.662005076417699","0.864339470630512","15_10"
"10.3713703246779","1.67690058571649","0.539080929785022","2.68854071110818","0.3713703246779","0.16134087632646","1","0.898389684967697","0.125555095961317","0.647060193819925","0.406830187188461","0.389989543473348","15_10"
"10.2485276030272","1.94852143389079","0.391199858797172","2.99951113505599","0.248527603027181","0.266054690381209","1","0.944675268605351","0.267220668727532","0.78293276228942","0.912875924259424","0.777320698834956","15_10"
"10.654694958846","1.45587048425459","0.668485563310818","2.12842566557128","0.654694958845961","0.180122511526681","0.9998","0.660797792486846","0.386114092543721","0.553036311641335","0.293603372760117","0.960617997217923","15_10"
"10.717169381716","1.29187442483542","0.768196080471548","1.85810694594833","0.717169381715997","0.127302647472897","0.9852","0.62911404389888","0.0133903331588954","0.529719580197707","0.459065726259723","0.434659484773874","15_10"
"0.0596811374523014","0.224865423553107","1.30103764810489","0.0064154347406823","0.0596811374523014","0.275677853585617","0","0.0617862704675645","0.382387957070023","0.789356231689453","0.332394674187526","0.712514678714797","15_10"
"5.7887974077099","1.02374529735906","0.931823993419048","1.23525519023066","0.788797407709897","0.0797505295975751","0.8678","0.205974574899301","0.86969084572047","0.023331202333793","0.65087046707049","0.399994368897751","15_10"
"0.558567455306196","0.683207442581323","1.10274481039543","0.0891172952781938","0.558567455306196","0.164820839260023","0.2314","0.176556752528995","0.34034899668768","0.477230065036565","0.258016780717298","0.325352151878178","15_10"
"10.5993265035518","1.65361085610001","0.55112098730754","2.36184305046105","0.599326503551784","0.260971874230343","1","0.687022846657783","0.482080115471035","0.7323137386702","0.478545248275623","0.757087148027495","15_10"
"5.92921124824291","1.17006505638532","0.832996970376876","1.33224384730036","0.929211248242911","0.262911440488411","0.9448","0.384103718213737","0.599565825425088","0.692731556482613","0.766310670645908","0.202692255144939","15_10"
"10.546999518653","1.48583764404823","0.647670491357583","2.30187990251464","0.54699951865302","0.146199940987785","1","0.769841419998556","0.493541307048872","0.477619622135535","0.0842469143681228","0.711121222469956","15_10"
"10.9338757760793","1.24497611583556","0.775133811589881","1.49755931736595","0.93387577607932","0.222044848678543","0.9514","0.497699242085218","0.186217601411045","0.8612094768323","0.875321330036968","0.121691921027377","15_10"
"10.4902766836697","1.71083034820553","0.522567648365108","2.520840007914","0.490276683669669","0.246566791291862","1","0.717618508264422","0.827373318606988","0.438097107224166","0.339072937844321","0.245488513959572","15_10"
"10.2156373438499","2.04904960428176","0.308221976232568","3.08635361214259","0.215637343849905","0.362541162539405","1","0.991906094830483","0.668466738192365","0.244797277031466","0.839440350187942","0.14330437942408","15_10"
"0.829364585153355","0.857753948098702","1.01720423285062","0.426033206278002","0.829364585153355","0.0740678020259895","0.471","0.1","0.1","0.1","0.1","0.1","15_10"
"0.828134268313928","0.832089753896345","1.02504142235108","0.450291876723121","0.828134268313928","0.0841311349505351","0.4692","0.2","0.2","0.2","0.2","0.2","15_10"
"0.85735338011453","0.910970336802196","0.98004007422425","0.818713527043109","0.85735338011453","0.0977214658008308","0.6706","0.3","0.3","0.3","0.3","0.3","15_10"
"5.85215706853","1.06334458340192","0.892454504910622","1.30781775051802","0.85215706853","0.135285474807369","0.9372","0.4","0.4","0.4","0.4","0.4","15_10"
"10.7996852510028","1.30969691528175","0.760478105663796","1.72972060122532","0.799685251002782","0.198123891239198","0.9936","0.5","0.5","0.5","0.5","0.5","15_10"
"10.674614281047","1.58188774249442","0.604275514563188","2.14952833450923","0.674614281047016","0.269732681035346","0.999","0.6","0.6","0.6","0.6","0.6","15_10"
"10.4936955520579","1.82285410698558","0.447393438990561","2.57536616315695","0.493695552057878","0.331277377359205","1","0.7","0.7","0.7","0.7","0.7","15_10"
"10.3014740451226","2.03613112096205","0.314388491354567","2.94335443966561","0.301474045122554","0.394547996583172","1","0.8","0.8","0.8","0.8","0.8","15_10"
"10.1418259969256","2.19656386814656","0.200257039419985","3.26159343580632","0.14182599692555","0.462926091642331","1","0.9","0.9","0.9","0.9","0.9","15_10"
"10.0492301719837","2.34508896136508","0.120441005105978","3.45149043948177","0.0492301719837102","0.54179674264271","1","1","1","1","1","1","15_10"
"10.8788679639917","1.28524046897151","0.761872448980087","1.590179417549","0.878867963991742","0.231056609516824","0.9768","0.502757381025614","0.2778306689267","0.765553415824688","0.861252948815498","0.480738585514905","15_10"
"10.3318784875375","1.8466829807612","0.444884976030078","2.83556919433517","0.33187848753749","0.239712724737731","1","0.890221909670994","0.379864949603735","0.655651111785384","0.474981363903004","0.434708552363912","15_10"
"10.5551775661618","1.48999745501545","0.647779845844959","2.29610918633308","0.555177566161807","0.146193692305451","0.9996","0.762875326237411","0.069813003026444","0.609693567110033","0.457092415258254","0.418314725031277","15_10"
"10.9338757760793","1.24497611583556","0.775133811589881","1.49755931736595","0.93387577607932","0.222044848678543","0.9514","0.497699242085218","0.186217601411045","0.8612094768323","0.875321330036968","0.121691921027377","15_10"
"10.674614281047","1.58188774249442","0.604275514563188","2.14952833450923","0.674614281047016","0.269732681035346","0.999","0.6","0.6","0.6","0.6","0.6","15_10"
"10.2590069345669","2.01358258210222","0.330725499688975","3.02202339764377","0.259006934566876","0.334928500223965","1","0.868702381005946","0.644470141337637","0.894321979050179","0.490309965704536","0.93143801192786","15_10"
"10.680817024946","1.40326945827024","0.705900916475156","1.99649371259866","0.680817024945978","0.181238943623691","0.9986","0.576486610434949","0.570800095261075","0.369790045195259","0.39615730131045","0.315362547105178","15_10"
"5.83093313007767","1.09229334182387","0.878311680149079","1.39536609528258","0.830933130077667","0.125441305276694","0.943","0.450604995925873","0.237330112962439","0.409790555347606","0.506143557908344","0.6403977485814","15_10"
"10.9338757760793","1.24497611583556","0.775133811589881","1.49755931736595","0.93387577607932","0.222044848678543","0.9514","0.497699242085218","0.186217601411045","0.8612094768323","0.875321330036968","0.121691921027377","15_10"
"10.6274437467337","1.63012509953832","0.562264258711428","2.28829141461578","0.627443746733741","0.255653949723573","1","0.681964707717387","0.39046704795538","0.827969799677813","0.492613629497093","0.398040483539967","15_10"
"10.3403538385371","1.9833489624276","0.349465124560117","2.87174238957009","0.340353838537108","0.366069002590752","1","0.783178002846172","0.803660877483501","0.682134769451384","0.728527741930822","0.727934500880167","15_10"
"10.5067764461326","1.76351176956578","0.49130296575691","2.52939497090787","0.506776446132573","0.299879697702443","1","0.6920954114809","0.641643951206084","0.558714332591156","0.703293407055581","0.929179985290063","15_10"
"10.6611988487704","1.56025679917123","0.606051188772645","2.17014481469318","0.661198848770356","0.247259516864007","0.9994","0.63681475366964","0.492183855594666","0.661895352545015","0.489698541914047","0.693897787692857","15_10"
"10.4099114256109","1.64723860376876","0.567795177471884","2.59838740491409","0.409911425610945","0.165573956797858","1","0.898803209322144","0.238558481096867","0.475231704901135","0.414647901523988","0.792361051542505","15_10"
"10.6948110235456","1.32874276062595","0.744894165403571","1.93924179691598","0.69481102354556","0.131257347464411","0.989","0.651875446634569","0.0181795813461773","0.551062278841178","0.685646237117609","0.0222068231087178","15_10"
"10.2215823798816","2.00715084706156","0.341964383392071","3.06488636193127","0.221582379881637","0.311365140609922","1","0.99152218831606","0.552086814776303","0.461680367795847","0.633529471021954","0.403623289355033","15_10"
"10.6212707745843","1.66949640225037","0.548632826718617","2.30702921611684","0.621270774584313","0.283713363048505","0.9998","0.650208092988143","0.589896259876369","0.670418386125185","0.588846706361575","0.663189360334637","15_10"
"10.2665796222024","1.9737808049195","0.360643571744177","2.97507256551195","0.26657962220242","0.30744885248946","1","0.917457795625146","0.644471072668315","0.441237477344929","0.604175677335281","0.202736232974234","15_10"
"5.84038103873802","1.04021274354891","0.909715861937356","1.26255602663069","0.840381038738021","0.105017280560591","0.905","0.423513389565051","0.329199904738925","0.330209954804741","0.20384269868955","0.284637452894822","15_10"
"10.1880385202978","2.1334317766781","0.245101553543955","3.16628192375099","0.188038520297785","0.414353412598752","1","0.877238597264311","0.895210751812718","0.878657301356529","0.673419489142114","0.566564694459134","15_10"
"10.3857463380799","1.83939543035484","0.442079519625244","2.74923496816324","0.38574633807993","0.276182143643505","1","0.809404580672633","0.67358404018579","0.436042724742392","0.503986361669247","0.499837284302518","15_10"
"10.5625677962533","1.46530381274858","0.666336494627928","2.27291621107773","0.562567796253342","0.138456667926486","0.9996","0.764628402629166","0.0691324260937687","0.567086206907599","0.40880349818993","0.406334303215945","15_10"
"10.5211362661991","1.71695982950414","0.525375550818362","2.46943807373654","0.52113626619906","0.276842516245704","1","0.687406753172206","0.598460038887097","0.515430647905819","0.684456127441611","0.496768238096542","15_10"
"10.6275425206893","1.52656726706028","0.62082286046775","2.22216233678167","0.627542520689266","0.193831232618146","1","0.695190621954485","0.227770261828617","0.723722820704742","0.41039407156108","0.71236813913693","15_10"
"10.3949401333445","1.7445321958147","0.508171202022331","2.70653524546761","0.394940133344458","0.204643476185568","1","0.857644979404227","0.23432007186303","0.684242892622809","0.509226924378328","0.758685858344563","15_10"
"10.5159426618261","1.63249700379404","0.569415741624991","2.43353952866105","0.515942661826112","0.219357922565329","1","0.737585657248332","0.459902564890663","0.459345275690918","0.48795258709053","0.890599625527955","15_10"
"10.4568051447166","1.79516036009026","0.46712402195495","2.62264013544209","0.456805144716572","0.283550570562862","1","0.734440505418251","0.823712441123487","0.555962337772782","0.4105451959135","0.317554013079405","15_10"
"10.4389122130568","1.6733488457388","0.553362644693824","2.57164822454398","0.438912213056754","0.193019954034459","1","0.857602794068903","0.374812408320219","0.401483874295921","0.412490705284891","0.651800587263623","15_10"
"10.7996852510028","1.30969691528175","0.760478105663796","1.72972060122532","0.799685251002782","0.198123891239198","0.9936","0.5","0.5","0.5","0.5","0.5","15_10"
"10.5314397207742","1.56078285673865","0.613011291899579","2.34801155297133","0.531439720774175","0.196815905590895","1","0.735246091692184","0.410109758067771","0.356596111327873","0.528868045612778","0.90118614366777","15_10"
"10.3919225021778","1.88496010059082","0.410312289112398","2.759199499545","0.391922502177797","0.311579909939287","1","0.785881710637829","0.631240504989673","0.630503329569078","0.64965665073267","0.646662574530686","15_10"
"10.6275425206893","1.52656726706028","0.62082286046775","2.22216233678167","0.627542520689266","0.193831232618146","1","0.695190621954485","0.227770261828617","0.723722820704742","0.41039407156108","0.71236813913693","15_10"
"10.3281468970417","1.91380827739732","0.397360740419727","2.87042266187026","0.328146897041672","0.297746655698543","1","0.839835784236182","0.743514884263277","0.456267470982432","0.505116516187597","0.567699218336665","15_10"
"10.3431605403011","1.89053448367641","0.408938249315487","2.85164402907576","0.343160540301082","0.288200326288675","1","0.849224801700949","0.506559772678942","0.623936800696151","0.642218564227828","0.660216267785255","15_10"
"10.6000100447874","1.5420535198453","0.617590709812781","2.26563433021734","0.600010044787436","0.203308301478858","1","0.695826930875484","0.326220338071184","0.575736739832478","0.551464487592111","0.59523782865585","15_10"
"10.5618090696313","1.67177421364152","0.543438242887519","2.41081683162761","0.56180906963131","0.255592005984827","1","0.69964570657344","0.543079950174044","0.690062525139431","0.413063483592383","0.719397044981889","15_10"
"10.8788679639917","1.28524046897151","0.761872448980087","1.590179417549","0.878867963991742","0.231056609516824","0.9768","0.502757381025614","0.2778306689267","0.765553415824688","0.861252948815498","0.480738585514905","15_10"
"10.6678387419043","1.57084192235222","0.60005717160458","2.17317038936737","0.667838741904272","0.255527233946897","0.9994","0.627406531721462","0.566888643025089","0.658582354362976","0.462670649175547","0.395212101714741","15_10"
"10.2548106235912","2.00274964124217","0.339370851350269","3.02668732081185","0.254810623591224","0.327975761273028","1","0.887726395769202","0.590339596539547","0.733306618413756","0.64058648217173","0.460868811891148","15_10"
"10.4945923688595","1.68961638680835","0.539276313459761","2.49758660247538","0.494592368859458","0.239529395039907","1","0.737335338958172","0.55671453300672","0.470715241936011","0.484341263776694","0.42924148260197","15_10"
"10.87551444335","1.31245801483619","0.743708844485173","1.64104565635259","0.875514443350049","0.230028392359305","0.9806","0.519019218275442","0.290026867281177","0.788025229049323","0.71051421650814","0.228314990843271","15_10"
"10.7490394334463","1.31914595523385","0.753868237896994","1.83055836072305","0.749039433446283","0.175908481999624","0.9962","0.558631615799348","0.319719250032747","0.460255289217457","0.672531298014227","0.303851913176674","15_10"
"10.3830004414253","1.84137513157274","0.443782076690214","2.7632842822211","0.383000441425341","0.269009656670519","1","0.827213775840678","0.48502906610348","0.66401814638277","0.508096769859978","0.690823924310416","15_10"
"10.4923386381366","1.71545830151799","0.522779142247002","2.51655124357295","0.492338638136625","0.253706475604259","1","0.730958075593543","0.565940988172138","0.51438557538635","0.515073498795709","0.801579475564239","15_10"
"10.4248312053839","1.85612777689814","0.421680563011078","2.710341294996","0.424831205383851","0.311214027999191","1","0.770227423540323","0.611689675235061","0.77924929738692","0.525109442413477","0.781543675493716","15_10"
"10.4730005122843","1.76567894952357","0.48829723223958","2.58616898337193","0.473000512284305","0.268582035238203","1","0.734690823708411","0.726900473007431","0.544592371527689","0.414156519227335","0.77891215600539","15_10"
"10.5579421349466","1.44935294805639","0.670727584770035","2.26347094293969","0.557942134946562","0.13787466184923","0.9994","0.768075724487085","0.154922757664972","0.49165265855537","0.411987275340042","0.509281635977256","15_10"
"10.5647173305015","1.43760586520485","0.672082247787996","2.23342671571807","0.564717330501502","0.142015870881395","0.9994","0.760483233327809","0.177989257196509","0.459670409702589","0.499612851396102","0.830646939460022","15_10"
"10.2495754595512","2.02330330053009","0.327859988863005","3.04487553489172","0.249575459551221","0.334346008401488","1","0.879734111166104","0.684736104876906","0.801001794728157","0.507814370873389","0.540404434931898","15_10"
"10.4021963530616","1.62525571771519","0.570484930272057","2.61208491601698","0.402196353061572","0.152997581821969","1","0.895355887464224","0.152768149525664","0.550665253253363","0.411464124373876","0.689413718781195","15_10"
"10.7108213412268","1.52233529713943","0.630571433630669","2.06045396181583","0.710821341226826","0.249906330033482","0.998","0.615494777479416","0.388374589724534","0.735079600327992","0.654505655442875","0.587274717876964","15_10"
"10.6772252755463","1.5171214447245","0.643569616203303","2.10501270077596","0.677225275546295","0.232969621415982","0.9986","0.606627581654789","0.493961576718525","0.544959700304567","0.572879088294821","0.689020149963716","15_10"
"10.6275425206893","1.52656726706028","0.62082286046775","2.22216233678167","0.627542520689266","0.193831232618146","1","0.695190621954485","0.227770261828617","0.723722820704742","0.41039407156108","0.71236813913693","15_10"
"10.7479955294355","1.29766619323384","0.751523314402993","1.83500779492871","0.747995529435516","0.152903850220468","0.993","0.593243830835221","0.19846033131343","0.54963990553782","0.513114939103382","0.218354909932044","15_10"
"10.9338757760793","1.24497611583556","0.775133811589881","1.49755931736595","0.93387577607932","0.222044848678543","0.9514","0.497699242085218","0.186217601411045","0.8612094768323","0.875321330036968","0.121691921027377","15_10"
"10.4233429690878","1.83980803206864","0.444324885746959","2.69975342338349","0.423342969087843","0.298716210704129","1","0.778722918227217","0.488351189138074","0.715795065016695","0.725858329899518","0.720905595035208","15_10"
"10.674551597889","1.45041004786747","0.675600817355504","2.06674468517224","0.674551597888968","0.191520006146601","0.9988","0.631044786430874","0.394378500191365","0.539177490510096","0.426100281631995","0.318190928930404","15_10"
"10.5558455356043","1.54419105548356","0.625123265831478","2.31794373296401","0.555845535604296","0.181707429465249","1","0.737638184601786","0.301933503897706","0.506619268735317","0.486347609474931","0.488853929239025","15_10"
"10.4549073459816","1.73835509506949","0.508137188131075","2.58624323869009","0.45490734598159","0.252264824334026","1","0.762246332511248","0.592163803084967","0.407998189211194","0.528394256455767","0.716117266801226","15_10"
"10.4663132526987","1.68436273840502","0.54519016211494","2.5326534094491","0.466313252698747","0.226431263007756","1","0.782404339853569","0.491529995168594","0.384640646859071","0.504460150826258","0.684906161169062","15_10"
"10.7719493245824","1.23200401841029","0.79029445441302","1.71807047805956","0.771949324582351","0.137829288973872","0.9884","0.558631615799348","0.319719250032747","0.460255289217457","0.239086773013696","0.303851913176674","15_10"
"10.6849162176013","1.46472843755863","0.657769355954812","2.07687531392888","0.684916217601256","0.200699718034415","0.9984","0.650205829334751","0.214135051419547","0.690570528164703","0.799809534739028","0.4172689655516","15_10"
"10.8765260597218","1.36604048124141","0.717789635354726","1.67666300180456","0.876526059721792","0.256612741093249","0.9836","0.511545744012074","0.437136748010233","0.763821167530028","0.642435288090229","0.607905075387708","15_10"
"10.7973563857783","1.31010820489843","0.760503443611607","1.73295246923181","0.797356385778261","0.189741683505488","0.9924","0.536383777315754","0.281528359128719","0.564892474365723","0.798582086186984","0.332964092932115","15_10"
"10.8788679639917","1.28524046897151","0.761872448980087","1.590179417549","0.878867963991742","0.231056609516824","0.9768","0.502757381025614","0.2778306689267","0.765553415824688","0.861252948815498","0.480738585514905","15_10"
"10.4993678512899","1.66191853489827","0.551189804129833","2.49190010715976","0.499367851289851","0.223756330635808","1","0.756216778978598","0.464466154689462","0.500596629678407","0.455905041032153","0.787082991027016","15_10"
"10.6194891911464","1.52015386911205","0.63314744348379","2.21230837424626","0.619489191146382","0.204462892267634","1","0.663212953172701","0.412003773846676","0.48341196729745","0.537215068165107","0.657600992770862","15_10"
"10.3966276942087","1.8433263819845","0.439704741802397","2.7425003078173","0.396627694208705","0.28361682751352","1","0.790423679764489","0.713018864410793","0.51363947584553","0.478019152958128","0.402475984066151","15_10"
"10.4504255260446","1.77176373217025","0.490952295930919","2.6349962017389","0.450425526044578","0.254581197389373","1","0.784438697490096","0.460555576821402","0.641629833159414","0.515488172679882","0.6074633023267","15_10"
"10.5604450714684","1.56261751075287","0.611319204353896","2.33386902552067","0.560445071468401","0.193138290695291","1","0.726421153324697","0.358161162618159","0.522346671744848","0.436660437862309","0.351061555216547","15_10"
"10.9338757760793","1.24497611583556","0.775133811589881","1.49755931736595","0.93387577607932","0.222044848678543","0.9514","0.497699242085218","0.186217601411045","0.8612094768323","0.875321330036968","0.121691921027377","15_10"
"10.7235494030167","1.50994765444883","0.643945462863379","2.02563390034891","0.723549403016699","0.2514378269702","0.9974","0.584828751708639","0.528797082998217","0.641354190603609","0.559853059074634","0.133664438077748","15_10"
"10.8788679639917","1.28524046897151","0.761872448980087","1.590179417549","0.878867963991742","0.231056609516824","0.9768","0.502757381025614","0.2778306689267","0.765553415824688","0.861252948815498","0.480738585514905","15_10"
"10.87551444335","1.31245801483619","0.743708844485173","1.64104565635259","0.875514443350049","0.230028392359305","0.9806","0.519019218275442","0.290026867281177","0.788025229049323","0.71051421650814","0.228314990843271","15_10"
"10.4658679705451","1.78381406187909","0.479072017915256","2.609499613874","0.465867970545143","0.286722345783769","1","0.73876127157101","0.600130364176738","0.579460417253874","0.603944514957293","0.743909226667804","15_10"
"10.7041399362635","1.44960136212586","0.679157333176662","2.03244219969387","0.704139936263486","0.202514154136491","0.9982","0.613217712174472","0.366224580384887","0.56658964712105","0.556520576284684","0.674291049485083","15_10"
"10.5431381385002","1.55504857688876","0.608257584847246","2.37632932619587","0.543138138500151","0.172296304505823","1","0.761956654335097","0.199044104129401","0.629945827094081","0.410921550823524","0.671962717841393","15_10"
"10.9338757760793","1.24497611583556","0.775133811589881","1.49755931736595","0.93387577607932","0.222044848678543","0.9514","0.497699242085218","0.186217601411045","0.8612094768323","0.875321330036968","0.121691921027377","15_10"
"10.5706417824385","1.61373934936646","0.581702338575085","2.34832713111134","0.570641782438539","0.234354003992422","1","0.689236800355801","0.453957334404822","0.554106793015995","0.567822999602248","0.609966929134483","15_10"
"10.6203710354531","1.43678594154112","0.666707221533547","2.1674824668016","0.62037103545309","0.157639181717375","0.9994","0.701309692106474","0.183648915364189","0.585429652166031","0.411459796077597","0.549687057272792","15_10"
"10.6726952645165","1.43888570139087","0.680402814705655","2.07775809947331","0.672695264516525","0.184860547023315","0.999","0.642261817707962","0.338150841470912","0.523450087500564","0.475787453244616","0.455983302952882","15_10"
"10.6455554204148","1.5331014705635","0.629403094131369","2.17637180529259","0.645555420414776","0.228220091179395","0.9998","0.62637673822019","0.473656464358209","0.491228897306357","0.650389728644829","0.447830395970051","15_10"
"10.6808532619418","1.53051568880862","0.635997822002378","2.1074195309172","0.680853261941843","0.242831045498713","0.9988","0.59436473530227","0.551615988139795","0.533497087095842","0.594726428630766","0.291657428256543","15_10"
"10.5359304107291","1.62685335125581","0.576193104242154","2.42473536237793","0.535930410729134","0.218162186662679","1","0.738602009226065","0.350693827353262","0.598125053055833","0.544073084772208","0.678598450639566","15_10"
"10.6773259201962","1.54561157205095","0.616548246323957","2.15234342233586","0.67732592019624","0.234616382958752","0.9988","0.655612558566716","0.30435186731352","0.768913717339831","0.630861286673083","0.738237038150967","15_10"
"10.5628192310961","1.50651309019107","0.643472860398067","2.28659402104248","0.562819231096054","0.167590939820522","1","0.742817021102031","0.256397591147648","0.505441604263313","0.471155733103597","0.523778120514479","15_10"
"10.8337410255949","1.32098264851301","0.75118947836566","1.69785726047028","0.83374102559488","0.213784665800301","0.9898","0.525005219509209","0.316021559830728","0.660916230676422","0.735202160642741","0.451626405759464","15_10"
"10.5958209223113","1.62616999498776","0.570655195394394","2.34222063044555","0.595820922311332","0.24733569814113","1","0.69085734358698","0.383773871090511","0.691794773434091","0.631881144317652","0.592230555109086","15_10"
"10.5634853201669","1.6116585552741","0.586264199370654","2.33741642549994","0.563485320166928","0.241452861827591","1","0.680456890902566","0.424874520043849","0.481805485646997","0.830385908484459","0.483414163200917","15_10"
"10.4207857999445","1.81871341187349","0.456351942247101","2.68304559567317","0.42078579994452","0.283335123395605","1","0.778078514660363","0.597051128985074","0.565428487701555","0.560785634571086","0.704332823427122","15_10"
"10.5489894357424","1.69605439300167","0.532536153931385","2.44456550480495","0.548989435742381","0.267778197621519","1","0.706881722587635","0.462273654319384","0.713102679699659","0.586316961118251","0.717751886186654","15_10"
"10.6596456610417","1.57993231457986","0.59115002505865","2.19473229252429","0.65964566104173","0.252335352399801","0.9994","0.656435711728851","0.389747742813639","0.754695361415085","0.582020892998904","0.666493295327154","15_10"
"10.4912699979306","1.74527061283176","0.504292716471724","2.54327085195656","0.491269997930555","0.273668662341207","1","0.721116349339176","0.591814044262176","0.557029265753494","0.58545055344129","0.636124269615633","15_10"
"10.7026597545654","1.41542636795637","0.686100038094433","2.02161871351019","0.702659754565416","0.185890583538922","0.9978","0.633933381267251","0.236099402341466","0.619270593164719","0.640696394275836","0.485766771194033","15_10"
"10.9338757760793","1.24497611583556","0.775133811589881","1.49755931736595","0.93387577607932","0.222044848678543","0.9514","0.497699242085218","0.186217601411045","0.8612094768323","0.875321330036968","0.121691921027377","15_10"
"10.8038918791462","1.3470883443212","0.719244697623037","1.78650558970907","0.80389187914619","0.200387867498961","0.9922","0.570133691864837","0.225380181949423","0.731712474825999","0.632016350617259","0.544658871593664","15_10"
"10.6900574770062","1.47091001588322","0.65352033992371","2.07576629406956","0.690057477006233","0.204229593804657","0.9984","0.650205829334751","0.214135051419547","0.707990671508014","0.799809534739028","0.4172689655516","15_10"
"10.6583599988537","1.53301238424418","0.62425697145516","2.1640210613939","0.658359998853722","0.227894968309758","0.9994","0.649014102187959","0.36925939101873","0.637265511499758","0.635391309703027","0.526743352635387","15_10"
"10.8941611127924","1.26930790500915","0.766166206000299","1.57211369638374","0.894161112792407","0.220184992243172","0.971","0.507481845339212","0.228800281528079","0.795761264199016","0.845903134410409","0.594469420196564","15_10"
"10.5894372653814","1.55597394499649","0.614883774654907","2.30353313949297","0.589437265381441","0.201857351005005","1","0.71578206861186","0.222726471952736","0.654982383565913","0.786899699916133","0.4654595624876","15_10"
"10.6361901281227","1.47376012320486","0.663606626373878","2.14520047395909","0.636190128122715","0.189093388958748","1","0.662389800010566","0.326607898346557","0.497630323222197","0.586055461839286","0.729344735594675","15_10"
"10.8622160882916","1.293618888239","0.757602468629866","1.64121664333011","0.862216088291597","0.215410082036139","0.9824","0.514349836574415","0.282493604255854","0.711856630933598","0.763230332000496","0.46644872374929","15_10"
"10.8788679639917","1.28524046897151","0.761872448980087","1.590179417549","0.878867963991742","0.231056609516824","0.9768","0.502757381025614","0.2778306689267","0.765553415824688","0.861252948815498","0.480738585514905","15_10"
"10.6238980313382","1.51451606615374","0.635888438223696","2.21904053276746","0.623898031338223","0.194224630712949","1","0.690404380149387","0.258941545773205","0.651945982312358","0.503229029246897","0.56951761462552","15_10"
"10.8615422083946","1.31702477137246","0.74809953209758","1.65868266138833","0.86154220839459","0.228396669535815","0.9844","0.513412763960408","0.311358624501574","0.714613015567512","0.833224777457743","0.465916267525079","15_10"
"10.6768270502503","1.50092988757316","0.634407142062561","2.1169064814233","0.676827050250345","0.204494968101746","0.999","0.666105475101657","0.199197967060158","0.758467845806968","0.692527966865198","0.10102623119019","15_10"
"10.8581114435534","1.26039991573199","0.773722856932402","1.61534142657474","0.85811144355341","0.199626479756448","0.9812","0.509729120413685","0.258915557772163","0.673048544648638","0.758390257603703","0.216445811018195","15_10"
"10.8132786294702","1.56913953526637","0.596915050464206","1.91485035513893","0.813278629470244","0.317488480341587","0.9944","0.584828751708639","0.528797082998217","0.985662204911932","0.559853059074634","0.133664438077748","15_10"
"10.8311081898116","1.3111537768651","0.763107231939486","1.68950006500146","0.831108189811612","0.20704963171862","0.9902","0.516956232010356","0.320575051754646","0.61169987162238","0.763076707277578","0.61159622565038","15_10"
"10.8712587560241","1.37666013127251","0.711407499670286","1.68915877716904","0.871258756024138","0.262610665825485","0.9842","0.522451110570542","0.370793505441398","0.794536404459423","0.814674507489422","0.567462006428778","15_10"
"10.9338757760793","1.24497611583556","0.775133811589881","1.49755931736595","0.93387577607932","0.222044848678543","0.9514","0.497699242085218","0.186217601411045","0.8612094768323","0.875321330036968","0.121691921027377","15_10"
"10.7041399362635","1.44960136212586","0.679157333176662","2.03244219969387","0.704139936263486","0.202514154136491","0.9982","0.613217712174472","0.366224580384887","0.56658964712105","0.556520576284684","0.674291049485083","15_10"
"10.8974517000996","1.33826148460673","0.730877841061468","1.59770815784815","0.897451700099581","0.263314276164102","0.9754","0.501763140758081","0.394554067893198","0.829269380163312","0.671853483716788","0.135127576218521","15_10"
"10.8654367228946","1.35203041637464","0.718383319233632","1.69417535830926","0.865436722894572","0.238022053781976","0.982","0.541119189932942","0.24332360346961","0.849077162860084","0.852133233076006","0.356872515768647","15_10"
"10.87551444335","1.31245801483619","0.743708844485173","1.64104565635259","0.875514443350049","0.230028392359305","0.9806","0.519019218275442","0.290026867281177","0.788025229049323","0.71051421650814","0.228314990843271","15_10"
"10.8765260597218","1.36604048124141","0.717789635354726","1.67666300180456","0.876526059721792","0.256612741093249","0.9836","0.511545744012074","0.437136748010233","0.763821167530028","0.642435288090229","0.607905075387708","15_10"
"10.5165265964577","1.69725370450116","0.535291227055585","2.47721191590814","0.516526596457684","0.260624176450824","1","0.723017895704682","0.429547326595062","0.605053220232972","0.741216898310076","0.605392001117794","15_10"
"10.7382410015939","1.38392672656854","0.706736766490793","1.90680006919419","0.738241001593949","0.192243128287426","0.9956","0.596557493694919","0.256124118186923","0.638916075458145","0.642894682219369","0.554071508975338","15_10"
"10.6364702681505","1.46804877367207","0.659551985030685","2.16480542094695","0.636470268150528","0.180777054560985","0.9998","0.683404712608666","0.249053879513948","0.586113937610138","0.514497677461105","0.598959955460821","15_10"
"10.6327700139446","1.54187852493408","0.618251941096162","2.23138996984659","0.632770013944552","0.21659548934666","1","0.673025769948956","0.342102406820073","0.633713197654623","0.556982919595103","0.630407853703566","15_10"
"10.7412054504499","1.87001862843012","0.743685492448741","1.98724437866566","0.741205450449948","0.113970169092155","1","0.8","0.7","0.5","0.4","0.4","05_15"
"10.7412054504499","1.87001862843012","0.743685492448741","1.98724437866566","0.741205450449948","0.113970169092155","1","0.8","0.7","0.5","0.4","0.4","05_15"
"0.0779213151590374","0.496806135997027","1.58217022542788","0.0081667174775591","0.0779213151590374","0.281004176124302","0.0046","0.2655086631421","0.380035179434344","0.79423986072652","0.0706790471449494","0.34668348915875","05_15"
"6.05830188988422","1.79426157472893","0.809020300950339","1.32530442747347","1.05830188988422","0.0587512794288238","0.8744","0.37212389963679","0.777445221319795","0.107943625887856","0.0994661601725966","0.333774930797517","05_15"
"0.797999234410698","1.4535289215862","1.01091164699667","0.984135149600182","0.797999234410698","0.175306043403982","0.8694","0.572853363351896","0.934705231105909","0.723710946040228","0.31627170718275","0.476351245073602","05_15"
"10.6418831704138","1.96891492738821","0.691283988227683","2.21606045474464","0.641883170413827","0.0829046438220341","1","0.908207789994776","0.212142521282658","0.411274429643527","0.518634263193235","0.892198335845023","05_15"
"0.0576005517199775","0.210618496580623","1.67336867692195","0.00613675115508324","0.0576005517199775","0.294756142831137","0.005","0.201681931037456","0.651673766085878","0.820946294115856","0.662005076417699","0.864339470630512","05_15"
"10.579232442882","1.9883262874344","0.673276533182606","2.32660441797024","0.579232442881977","0.111683278309428","1","0.898389684967697","0.125555095961317","0.647060193819925","0.406830187188461","0.389989543473348","05_15"
"10.4614777146354","2.06574655825777","0.626084214968306","2.55737009323528","0.461477714635362","0.127765730779019","1","0.944675268605351","0.267220668727532","0.78293276228942","0.912875924259424","0.777320698834956","05_15"
"10.9379167836787","1.67937036848462","0.861397270326075","1.36734564214208","0.93791678367873","0.110945015200642","0.9714","0.660797792486846","0.386114092543721","0.553036311641335","0.293603372760117","0.960617997217923","05_15"
"5.98009054154785","1.64623920058486","0.884111912639248","1.2298208560121","0.980090541547847","0.104881983065433","0.9334","0.62911404389888","0.0133903331588954","0.529719580197707","0.459065726259723","0.434659484773874","05_15"
"0.04232745320803","0.11979402862232","1.75093944950071","0.00442367956143056","0.04232745320803","0.312359323301601","0","0.0617862704675645","0.382387957070023","0.789356231689453","0.332394674187526","0.712514678714797","05_15"
"5.9392099761656","1.86629058354423","0.763055388600475","1.60931265675126","0.939209976165597","0.0544971807333854","0.9194","0.205974574899301","0.86969084572047","0.023331202333793","0.65087046707049","0.399994368897751","05_15"
"0.156554618806113","0.984029096733183","1.29277202907914","0.0164926439276931","0.156554618806113","0.229452282502119","0.0026","0.176556752528995","0.34034899668768","0.477230065036565","0.258016780717298","0.325352151878178","05_15"
"10.8620342007868","1.65554353329133","0.874684702339501","1.45474592682692","0.86203420078685","0.146484174312414","0.992","0.687022846657783","0.482080115471035","0.7323137386702","0.478545248275623","0.757087148027495","05_15"
"0.266118649960966","1.02372908241355","1.26349817677768","0.142972540796693","0.266118649960966","0.217078260753401","0.223","0.384103718213737","0.599565825425088","0.692731556482613","0.766310670645908","0.202692255144939","05_15"
"10.8195094008054","1.83982232773417","0.768180970029742","1.83263917154878","0.819509400805403","0.0952168768412185","0.9976","0.769841419998556","0.493541307048872","0.477619622135535","0.0842469143681228","0.711121222469956","05_15"
"0.539102332840052","1.1236065206812","1.20766684625715","0.313072600732321","0.539102332840052","0.190717226196044","0.3702","0.497699242085218","0.186217601411045","0.8612094768323","0.875321330036968","0.121691921027377","05_15"
"10.8442500926202","1.79776951489742","0.793470700829505","1.72176879619081","0.844250092620149","0.111388275027945","0.9998","0.717618508264422","0.827373318606988","0.438097107224166","0.339072937844321","0.245488513959572","05_15"
"10.5494753224104","2.01285097788203","0.658633863489325","2.42077894126442","0.549475322410438","0.110192739316141","1","0.991906094830483","0.668466738192365","0.244797277031466","0.839440350187942","0.14330437942408","05_15"
"6.16400673813092","1.73249509543771","0.845642206578314","1.02074384977302","1.16400673813092","0.0618581926515891","0.7358","0.1","0.1","0.1","0.1","0.1","05_15"
"1.14922715309913","1.587618101966","0.930662612827082","0.506301531782155","1.14922715309913","0.0852677220973849","0.4728","0.2","0.2","0.2","0.2","0.2","05_15"
"1.03132335763721","1.49438289659329","0.984452076522676","0.318120491035485","1.03132335763721","0.112343851304108","0.3396","0.3","0.3","0.3","0.3","0.3","05_15"
"0.972568848163856","1.45308919741054","1.0003362946382","0.369738475985535","0.972568848163856","0.117165879711032","0.3852","0.4","0.4","0.4","0.4","0.4","05_15"
"0.950480581997796","1.4870545284901","0.984095367393267","0.727311550133359","0.950480581997796","0.125482746662779","0.6708","0.5","0.5","0.5","0.5","0.5","05_15"
"5.9073135023775","1.56536534621181","0.931897140329989","1.1484269714959","0.907313502377504","0.145275575031122","0.936","0.6","0.6","0.6","0.6","0.6","05_15"
"10.8233080939329","1.69860978208768","0.853102550578268","1.6034670499238","0.823308093932939","0.165491364216969","1","0.7","0.7","0.7","0.7","0.7","05_15"
"10.6627643748639","1.86603204045837","0.749752200260623","2.06830032656699","0.662764374863928","0.184875015953142","1","0.8","0.8","0.8","0.8","0.8","05_15"
"10.444023364262","2.05862469117029","0.631599075952937","2.57440247168584","0.444023364262028","0.208990320915219","1","0.9","0.9","0.9","0.9","0.9","05_15"
"10.22486935533","2.28139172779386","0.499504978782765","3.04684208999522","0.224869355329964","0.250670931905063","1","1","1","1","1","1","05_15"
"10.934149915014","1.70027674198471","0.84954530016375","1.41856874109739","0.934149915014023","0.108351391474121","0.9798","0.66451684330463","0.483308057529005","0.513677022231765","0.297375848928652","0.64382615900549","05_15"
"10.5700337233037","2.00031564759262","0.665339321182656","2.35627840163903","0.570033723303658","0.0930825043189023","1","0.984490334282725","0.690959463124252","0.270513810712672","0.421838015236847","0.174574465625393","05_15"
"10.6860872227001","1.9011093611643","0.726150740915407","2.09060489761912","0.686087222700086","0.126475396781848","1","0.830407779905497","0.545597587531322","0.673121292915575","0.360749592587444","0.440086246396403","05_15"
"10.9379167836787","1.67937036848462","0.861397270326075","1.36734564214208","0.93791678367873","0.110945015200642","0.9714","0.660797792486846","0.386114092543721","0.553036311641335","0.293603372760117","0.960617997217923","05_15"
"10.8233080939329","1.69860978208768","0.853102550578268","1.6034670499238","0.823308093932939","0.165491364216969","1","0.7","0.7","0.7","0.7","0.7","05_15"
"6.14641386073816","1.74538665181039","0.837750153404719","1.09260840997388","1.14641386073816","0.0608908205998084","0.7712","0.1876431775756","0.295688484756814","0.106179701788657","0.0893569952356775","0.416942775465009","05_15"
"10.7761026098367","1.82034169140008","0.7744576867922","1.84175114261015","0.776102609836655","0.122982905942668","1","0.77712014051622","0.334639336721657","0.680329163761109","0.405090242426233","0.426536715728889","05_15"
"0.678603554329421","1.36241013120217","1.05519588408089","0.0965975417385033","0.678603554329421","0.15502771273168","0.1378","0.275899730885762","0.300305413804938","0.36021561766966","0.532557082842168","0.640394867801946","05_15"
"10.9379167836787","1.67937036848462","0.861397270326075","1.36734564214208","0.93791678367873","0.110945015200642","0.9714","0.660797792486846","0.386114092543721","0.553036311641335","0.293603372760117","0.960617997217923","05_15"
"10.751311479258","1.86027034579199","0.74951550996348","1.95491990896222","0.751311479257966","0.113961689026383","1","0.796280949182216","0.602806035014716","0.539359289409571","0.396227523831465","0.716791838212433","05_15"
"10.5130324132754","2.03374717070667","0.648687543004699","2.4534588280729","0.513032413275381","0.131364825342901","1","0.915133111678646","0.338473989727204","0.788491253110414","0.895373161130837","0.780268149337413","05_15"
"10.9415283588418","1.74156053730994","0.82794258074135","1.49058309977446","0.941528358841839","0.095262289307873","0.9784","0.682198242422956","0.297852822292058","0.471439920346878","0.0948899191324453","0.394178447004946","05_15"
"10.8082588714764","1.7869894985195","0.796421564288655","1.76658149544863","0.808258871476389","0.134044590331888","1","0.742304699379019","0.7","0.606441533332691","0.42754925636109","0.520677014882676","05_15"
"10.5806316515854","1.98803444816942","0.672337004010125","2.32424235658516","0.580631651585409","0.103581822786196","1","0.907354476561575","0.207454082450649","0.58123913046954","0.420634758070575","0.790330535139939","05_15"
"10.7931152123218","1.74187565059126","0.826350815767154","1.73173477505892","0.793115212321812","0.169310119174437","1","0.725207732873969","0.70162052649539","0.717291785497218","0.854159377724864","0.0222068231087178","05_15"
"10.3292289652475","2.17650796893753","0.561013288915823","2.8440020977728","0.329228965247543","0.170453946737031","1","0.999748161621392","0.812679812987335","0.777563315466978","0.657666377723217","0.745526668475941","05_15"
"10.7769497623251","1.81670079006857","0.780004731296467","1.85315864867848","0.776949762325149","0.140234388032419","1","0.757695300620981","0.7","0.593558466667309","0.67245074363891","0.579322985117324","05_15"
"10.4101761165106","2.10462482358605","0.604919332630019","2.67976149086664","0.410176116510569","0.171350725920664","1","0.948249818239714","0.956958740833172","0.667087894310994","0.605295428828865","0.978993863767674","05_15"
"10.8475034326963","1.68730957040925","0.857559669685364","1.52858531537607","0.847503432696302","0.146823492472592","0.9986","0.694122907803373","0.725620990345569","0.690441976099045","0.318011651944978","0.439804072818061","05_15"
"10.2770251890446","2.21787347451702","0.535047619983402","2.93931647300137","0.277025189044636","0.23094242591365","1","0.974792267126031","0.99837947350461","0.982708214502782","0.845840622275136","0.785037862835452","05_15"
"10.6289632683403","1.96914320288939","0.687804240548579","2.23845309483807","0.628963268340295","0.0900417049070115","1","0.899242998400898","0.130243534793326","0.477095492993912","0.504829692311121","0.491857344178433","05_15"
"10.686337499313","1.90196538049628","0.722171522518048","2.09965552839093","0.686337499312999","0.119110871956036","1","0.831885996964277","0.548996399803198","0.547908576598011","0.891199269516301","0.582722966398125","05_15"
"10.6567728471028","1.8805814430246","0.741549318845797","2.09037047205726","0.656772847102781","0.17924608568221","1","0.800251838378608","0.887320187012665","0.722436684533022","0.742333622276783","0.654473331524059","05_15"
"10.7158997436455","1.88520185659532","0.733551012102992","2.05251261112188","0.715899743645549","0.123785282776955","1","0.807415760547758","0.677507275068113","0.474283466318794","0.817602334951096","0.368729913798687","05_15"
"10.647446175505","1.95324430400841","0.696965817416999","2.19874436992862","0.647446175505013","0.0920972623956029","1","0.883471522202842","0.252223948039081","0.48671466978295","0.490795397329127","0.405823962991296","05_15"
"10.7159829879307","1.90278747846578","0.727333899453476","2.04656348791755","0.715982987930651","0.102542850680953","1","0.824736267791935","0.659918573243577","0.424559759860577","0.427838865864108","0.886374372853727","05_15"
"10.6299160140182","1.91415638425775","0.721373871909876","2.17823458573192","0.629916014018184","0.17247845546131","1","0.829542156926706","0.728746679000328","0.794441509179006","0.817502763128588","0.797052549497543","05_15"
"10.702886150836","1.92775676770934","0.71990578451877","2.08225144796233","0.702886150835958","0.087102254341566","1","0.838282634008315","0.78152795319819","0.0743900143076593","0.636947647421557","0.651797836940828","05_15"
"10.8620342007868","1.65554353329133","0.874684702339501","1.45474592682692","0.86203420078685","0.146484174312414","0.992","0.687022846657783","0.482080115471035","0.7323137386702","0.478545248275623","0.757087148027495","05_15"
"10.6785317612051","1.88848001658565","0.734678701538401","2.0786255185592","0.678531761205148","0.147182834102903","1","0.821591601758843","0.5365825662157","0.810531727824541","0.478951485539258","0.732127358702282","05_15"
"10.5706621981138","1.99053541887189","0.670536275457245","2.35761647192422","0.570662198113756","0.116681965928509","1","0.925986409073667","0.803722480692407","0.287950026868568","0.64066134933624","0.684119893484736","05_15"
"10.7931152123218","1.74187565059126","0.826350815767154","1.73173477505892","0.793115212321812","0.169310119174437","1","0.725207732873969","0.70162052649539","0.717291785497218","0.854159377724864","0.0222068231087178","05_15"
"10.5816118168115","1.97984926699922","0.674842835762373","2.33797754665085","0.581611816811481","0.118130813617705","1","0.899242998400898","0.743514884263277","0.477095492993912","0.504829692311121","0.491857344178433","05_15"
"10.6595464561467","1.91932143870454","0.715227071467201","2.15848079082204","0.659546456146712","0.137191096488148","1","0.829974470936711","0.768207215051178","0.537211995322131","0.680468978226751","0.742443119025758","05_15"
"10.6691421657621","1.92385885622953","0.71352558122851","2.14341694379995","0.66914216576213","0.11305444527732","1","0.83785031999831","0.74206741714734","0.331619528164535","0.773981432323393","0.706407267412613","05_15"
"10.8413695538076","1.76874508230665","0.806000246671486","1.69310684030388","0.841369553807603","0.123591818315912","0.9992","0.734430409443855","0.43105618106787","0.607174277158638","0.850521737502041","0.369048900801873","05_15"
"10.9379167836787","1.67937036848462","0.861397270326075","1.36734564214208","0.93791678367873","0.110945015200642","0.9714","0.660797792486846","0.386114092543721","0.553036311641335","0.293603372760117","0.960617997217923","05_15"
"10.8138350882274","1.76242993278151","0.81410831452221","1.71624290612583","0.813835088227356","0.14611158620793","1","0.724812703331253","0.725065267024344","0.629375959682275","0.562422060738586","0.574550094394129","05_15"
"10.8044524288413","1.83224447743873","0.76851873275662","1.84348254773592","0.804452428841286","0.103840499377178","0.9992","0.77530275197522","0.320999773358286","0.550895833457822","0.22271813418612","0.708184392583266","05_15"
"10.676171180204","1.90867633057781","0.720023407136454","2.12448263768324","0.676171180203995","0.132444472113279","1","0.829368277974658","0.639026368311434","0.568447171472276","0.884254170678442","0.640489075220282","05_15"
"10.9138632851507","1.73413727732954","0.830918448772727","1.51035709668349","0.913863285150658","0.105238264530625","0.9858","0.691409783368945","0.434294677296608","0.521009871955599","0.237061561591475","0.417749798541478","05_15"
"10.9191038787305","1.73996020533673","0.829792249845757","1.49844607496974","0.919103878730518","0.103983169959367","0.9884","0.675946283925125","0.573973283749567","0.460255289217457","0.316553840011322","0.560069119744811","05_15"
"10.6289632683403","1.96914320288939","0.687804240548579","2.23845309483807","0.628963268340295","0.0900417049070115","1","0.899242998400898","0.130243534793326","0.477095492993912","0.504829692311121","0.491857344178433","05_15"
"10.6775353076921","1.90843181766995","0.720565873131824","2.11705291062689","0.677535307692097","0.13283705056167","1","0.82757081341708","0.663289596264637","0.570813399003102","0.77897346490047","0.563716266377394","05_15"
"10.5250910077187","2.0220106668586","0.653949103154141","2.45053372921824","0.525091007718722","0.140976170400203","1","0.91204438655604","0.790485285493117","0.564003302906069","0.653952675808533","0.713204611932033","05_15"
"10.6756231579559","1.87724314713353","0.740709745600809","2.07704063136697","0.675623157955933","0.167584834033518","1","0.802769557368227","0.797290218504429","0.701898089658758","0.749278721114642","0.596707222701902","05_15"
"10.7696726291795","1.86615307050148","0.74965912824429","1.94114888942173","0.76967262917953","0.100323929441102","1","0.79852111613745","0.42528579774062","0.496126019691229","0.447743994815247","0.633861540073128","05_15"
"10.7224232110737","1.90833072133365","0.729900538924022","2.05315384159557","0.722423211073696","0.0930485738610275","1","0.810088162818827","0.710574200184619","0.237247190660185","0.710581106908082","0.61044648487371","05_15"
"0.960161905808927","1.45046998704175","1.0070749401643","0.264397561400015","0.960161905808927","0.125408353075249","0.2936","0.327473537279026","0.313162701125732","0.343775121441249","0.762012022180394","0.489026532219156","05_15"
"10.6317417348461","1.95577147956538","0.692771417760956","2.22863873289762","0.63174173484606","0.102038023942177","1","0.881231355247608","0.429744185313177","0.529947939501291","0.439278926345346","0.488754261130601","05_15"
"10.8477489724294","1.77827968899637","0.800693223481558","1.67789012301368","0.847748972429355","0.114289703499656","0.9982","0.733093158433031","0.563558144995449","0.55687158172397","0.28537761390206","0.497105663346145","05_15"
"10.8155915371664","1.7911999763041","0.791936168473147","1.77044734086397","0.815591537166439","0.12590361322445","1","0.746619882926216","0.585706803538561","0.5835367109276","0.539775060976922","0.539683714903407","05_15"
"10.7769497623251","1.81670079006857","0.780004731296467","1.85315864867848","0.776949762325149","0.140234388032419","1","0.757695300620981","0.7","0.593558466667309","0.67245074363891","0.579322985117324","05_15"
"10.8688253983907","1.6650039781885","0.871604482344175","1.45543224174669","0.86882539839066","0.14169406279735","0.9932","0.682693467182878","0.634955764125007","0.685518072249549","0.298833660862309","0.523561112078741","05_15"
"10.9415283588418","1.74156053730994","0.82794258074135","1.49058309977446","0.941528358841839","0.095262289307873","0.9784","0.682198242422956","0.297852822292058","0.471439920346878","0.0948899191324453","0.394178447004946","05_15"
"10.5661975188063","1.99714074913705","0.66866058842846","2.35624439085314","0.566197518806317","0.123005400508188","1","0.898131799991689","0.478018427878169","0.69135663880812","0.424272398293398","0.443488457446784","05_15"
"10.8203307758975","1.75703917712311","0.817153196921779","1.69734319930459","0.820330775897516","0.1422136817036","1","0.7270055050931","0.700555723321225","0.654624483084079","0.428040334845303","0.444576963541256","05_15"
"10.6736217411879","1.92146002568423","0.715512822077131","2.13667637740237","0.673621741187948","0.109412827699433","1","0.835610231737246","0.748461028081683","0.311426289966268","0.74396887546457","0.410081265865806","05_15"
"10.6934561174607","1.91246809624094","0.718480665550811","2.11622281415795","0.693456117460724","0.10381648666786","1","0.843802281317248","0.352712443476449","0.543483941234623","0.810043403890085","0.563137227180024","05_15"
"10.6457530197549","1.94507383334337","0.700409748325605","2.20164436055249","0.645753019754864","0.103943198280271","1","0.870967955792085","0.532248914042312","0.512038655553711","0.428193689131586","0.595923221758602","05_15"
"10.8508146922769","1.77827968899637","0.800764896453873","1.67099368993366","0.850814692276853","0.111998874994241","0.9978","0.733093158433031","0.563558144995449","0.55687158172397","0.239086773013696","0.497105663346145","05_15"
"10.8095886611009","1.84064975328094","0.764482579247669","1.85176218025295","0.809588661100865","0.0971418981893072","0.9986","0.776244375627955","0.333294668435232","0.500181132693955","0.207985521330368","0.72888561400945","05_15"
"10.8838640504061","1.74141913028039","0.823548735744389","1.58020155979971","0.883864050406115","0.118145321505572","0.9978","0.697567737753934","0.55725449383726","0.522098389794574","0.553037691660919","0.536433929978977","05_15"
"10.8647670529717","1.74742234698581","0.81784513831724","1.62350639062881","0.864767052971656","0.12174347691613","0.9984","0.711143372338756","0.561357359401373","0.556819597574328","0.493874399732982","0.400487193338447","05_15"
"10.9138632851507","1.73413727732954","0.830918448772727","1.51035709668349","0.913863285150658","0.105238264530625","0.9858","0.691409783368945","0.434294677296608","0.521009871955599","0.237061561591475","0.417749798541478","05_15"
"10.6631910531951","1.91920554527981","0.712276557509132","2.16427944687306","0.663191053195098","0.121535956976405","1","0.833809627921414","0.763332148969134","0.400258745726865","0.716916050025068","0.725959663411088","05_15"
"10.7455114663128","1.85686666446737","0.751133202235893","1.96169506639376","0.745511466312751","0.125259558394313","1","0.791888408101718","0.640261128744043","0.548461304488916","0.624911597812047","0.6714739436968","05_15"
"10.5727928320301","1.98003235768389","0.682249075795876","2.32583194053096","0.572792832030075","0.154997418347428","1","0.867827957936409","0.782723214342083","0.6700757368384","0.72261038587675","0.255629074803219","05_15"
"10.6097996621589","1.96006148239255","0.688407055183788","2.25890608438516","0.609799662158895","0.122618356739098","1","0.875159547860795","0.506569956562802","0.660786670394949","0.484726085991142","0.548339114475542","05_15"
"10.6787466132793","1.9061232682505","0.721395560987636","2.12731050564078","0.678746613279273","0.132682360271912","1","0.823992361361892","0.71997131156828","0.507481537087386","0.834845178064439","0.0969135599571161","05_15"
"10.9415283588418","1.74156053730994","0.82794258074135","1.49058309977446","0.941528358841839","0.095262289307873","0.9784","0.682198242422956","0.297852822292058","0.471439920346878","0.0948899191324453","0.394178447004946","05_15"
"10.8098915485279","1.80068218249722","0.787043881573126","1.78003556992613","0.809891548527853","0.126209169902471","1","0.735928337731712","0.732765368908003","0.508470782975054","0.567373376028828","0.407735952021255","05_15"
"10.9379167836787","1.67937036848462","0.861397270326075","1.36734564214208","0.93791678367873","0.110945015200642","0.9714","0.660797792486846","0.386114092543721","0.553036311641335","0.293603372760117","0.960617997217923","05_15"
"10.8688253983907","1.6650039781885","0.871604482344175","1.45543224174669","0.86882539839066","0.14169406279735","0.9932","0.682693467182878","0.634955764125007","0.685518072249549","0.298833660862309","0.523561112078741","05_15"
"10.6367835778973","1.95403434642886","0.695667565373186","2.20558080199701","0.63678357789727","0.104913539723392","1","0.878784622933419","0.674386441207253","0.386454655254772","0.568495180009926","0.628755817662271","05_15"
"10.7698673384016","1.83762668986517","0.763354080677934","1.89881238307453","0.769867338401552","0.122998864334707","1","0.779164364755156","0.581657642622942","0.564893797201785","0.647638945669757","0.68549476923879","05_15"
"10.7039947481655","1.9093479777976","0.722106807378688","2.07738634907467","0.703994748165535","0.101224411912739","1","0.836297995413591","0.508769076866028","0.44971200313303","0.788167392810724","0.532685717589394","05_15"
"10.9415283588418","1.74156053730994","0.82794258074135","1.49058309977446","0.941528358841839","0.095262289307873","0.9784","0.682198242422956","0.297852822292058","0.471439920346878","0.0948899191324453","0.394178447004946","05_15"
"10.7250574196721","1.89274988113176","0.731672806674556","2.04308922817808","0.725057419672117","0.105407410127949","1","0.823709200637144","0.402631726999981","0.556815435259139","0.354052653416833","0.58640588972187","05_15"
"10.6854683509733","1.92146839749241","0.717394561543433","2.10575841726064","0.68546835097327","0.102886605343007","1","0.843114517640903","0.592404394692104","0.40519822806786","0.765844886543932","0.440532775456436","05_15"
"10.7994085732851","1.80172728807499","0.786833391662649","1.80740030521543","0.799408573285103","0.13653373192346","1","0.736825603249322","0.730110243008793","0.5212365383761","0.763283075124995","0.335374529017408","05_15"
"10.7829892947748","1.83154874396202","0.767675399381707","1.86814487350969","0.782989294774787","0.118664663233681","1","0.771179221268025","0.691504231302584","0.545622272557185","0.340934994316765","0.568074838675103","05_15"
"10.7864230285495","1.84657200562469","0.760480893288997","1.89716774476278","0.786423028549462","0.107222066776486","1","0.782108464184139","0.533874436987525","0.515169872034964","0.369988219193056","0.508024436749873","05_15"
"10.642605133927","1.93634894338375","0.704832682438626","2.18815684939235","0.642605133926977","0.130352345194695","1","0.850543065547975","0.634738067580003","0.601383367416273","0.718519777202726","0.458865609348635","05_15"
"10.7177156792173","1.8902572017206","0.731336391557548","2.04667523582039","0.717715679217286","0.111448788100415","1","0.821952650040978","0.561932622050237","0.553740365242718","0.34358308384059","0.585004448354873","05_15"
"10.6672300426404","1.91774163770191","0.713667725574628","2.15390375656289","0.667230042640445","0.124758391955451","1","0.831775074752543","0.753336094163727","0.448379539561534","0.707521803666254","0.426564721480477","05_15"
"10.8961753475576","1.74786668486071","0.820968967536875","1.56171723136946","0.896175347557647","0.110856429480052","0.995","0.699233321030224","0.443672105416063","0.510609968801767","0.67320117778038","0.528630827208236","05_15"
"10.7096816530173","1.89131930467422","0.729616738508167","2.05393723174499","0.709681653017274","0.114266696975116","1","0.823210323589669","0.516066551770782","0.567358653633301","0.568278040608998","0.521804943782782","05_15"
"10.7458698409787","1.83499089469646","0.768744551581783","1.9204762634689","0.745869840978677","0.149889416276619","1","0.7694241614936","0.709382597646424","0.611219351564887","0.830385908484459","0.479782360237532","05_15"
"10.5868249225985","1.98392893242334","0.674223203205018","2.31401517331475","0.586824922598478","0.105424743773688","1","0.918169741932334","0.661584953527467","0.413534027167507","0.5003598584579","0.651287297581067","05_15"
"10.6545259966747","1.91824048057157","0.715109503226813","2.15141626016438","0.654525996674704","0.133005493193657","1","0.843010720564084","0.525073951093668","0.713102679699659","0.568389214453309","0.607869581765605","05_15"
"10.7986512430361","1.83458778888498","0.766723349647371","1.86254691591874","0.798651243036145","0.107234008791394","1","0.776868428324528","0.462353432145721","0.546179706517559","0.347776398537229","0.58438439609189","05_15"
"10.6359739165745","1.93689651677577","0.700740502396415","2.21333715931859","0.63597391657455","0.121320375604275","1","0.858984225959004","0.665379041884366","0.546506131784532","0.568384006165615","0.542691179679448","05_15"
"10.8139079865196","1.81148058197463","0.779610741004074","1.78420134958998","0.813907986519614","0.11314454363335","0.9998","0.757792209392976","0.525556950166296","0.543303837812559","0.42724424255536","0.436253067440589","05_15"
"10.9415283588418","1.74156053730994","0.82794258074135","1.49058309977446","0.941528358841839","0.095262289307873","0.9784","0.682198242422956","0.297852822292058","0.471439920346878","0.0948899191324453","0.394178447004946","05_15"
"10.8565746730801","1.77505089740266","0.802863451553064","1.66852188591077","0.856574673080088","0.113826619880129","0.9986","0.725505982077687","0.548998855874355","0.526167338631955","0.434728916848161","0.652970674797689","05_15"
"10.781723390327","1.76309324608117","0.81171424201216","1.7798282464108","0.781723390326961","0.166696277432834","1","0.736825603249322","0.730110243008793","0.707990671508014","0.763283075124995","0.335374529017408","05_15"
"10.7447387346786","1.87741074089869","0.740994774628408","1.9987186876335","0.744738734678569","0.102929041130419","1","0.812001911909038","0.412718795267116","0.53729043159461","0.318606965197363","0.461619970380629","05_15"
"10.9204219000283","1.74665713136139","0.82437973399833","1.52961980669781","0.920421900028255","0.0992967243106403","0.9826","0.69423358653339","0.322599343122864","0.497763507628538","0.167942273828041","0.524915469440065","05_15"
"10.7050952655925","1.89093224146201","0.73028764929008","2.06900585913534","0.705095265592483","0.127423674131586","1","0.808772689829012","0.732200356683786","0.474664489576814","0.7609424207703","0.407400579864381","05_15"
"10.7158728120002","1.88636933093334","0.732674332401752","2.03906175826056","0.715872812000224","0.115543003878239","1","0.81801999358064","0.631782526156844","0.556258001298764","0.347211249196368","0.570096332305083","05_15"
"10.8981904328038","1.70087335018538","0.849061371723744","1.46418635041961","0.898190432803847","0.118947386742107","0.9884","0.686868060899556","0.458794489917107","0.605430734687025","0.285098253027188","0.469687820922059","05_15"
"10.9379167836787","1.67937036848462","0.861397270326075","1.36734564214208","0.93791678367873","0.110945015200642","0.9714","0.660797792486846","0.386114092543721","0.553036311641335","0.293603372760117","0.960617997217923","05_15"
"10.7375545295722","1.85198253148513","0.757562305849626","1.9647176748882","0.737554529572159","0.138240596838166","1","0.786756870626835","0.692720321083717","0.616833415646816","0.59118745994834","0.471663076592781","05_15"
"10.8890764188842","1.70360257612982","0.847512040713574","1.48834314667769","0.889076418884208","0.124415287752025","0.9918","0.687235189652266","0.610455951504509","0.601097209518123","0.250796969426595","0.47162308969816","05_15"
"10.7638458585033","1.86905867657223","0.746502942083318","1.9546632681362","0.76384585850326","0.0993081105563767","0.9996","0.804044093833854","0.315204093233585","0.521351066033176","0.281627617514121","0.10102623119019","05_15"
"10.8952537999917","1.72535717236418","0.832252020337089","1.5323006072238","0.895253799991698","0.113593899545632","0.9922","0.694950263186836","0.445431074704004","0.551647915199358","0.427847096958622","0.395990255966201","05_15"
"10.7500700906605","1.70449141584843","0.856496574294248","1.68655818592143","0.750070090660539","0.204934764474599","1","0.735928337731712","0.732765368908003","0.985662204911932","0.567373376028828","0.407735952021255","05_15"
"10.8974047493093","1.74154908278451","0.824032609474146","1.55038793197574","0.897404749309304","0.107055166074025","0.991","0.70311707209705","0.424207609029474","0.540534875620127","0.272507249810944","0.542535717882719","05_15"
"10.9029935244988","1.75178743632813","0.821342963665141","1.55445293133696","0.902993524498839","0.102932823190688","0.9892","0.70010679863008","0.54458135110871","0.50382921955642","0.156845385458915","0.574959613007552","05_15"
"10.9415283588418","1.74156053730994","0.82794258074135","1.49058309977446","0.941528358841839","0.095262289307873","0.9784","0.682198242422956","0.297852822292058","0.471439920346878","0.0948899191324453","0.394178447004946","05_15"
"10.8095886611009","1.84064975328094","0.764482579247669","1.85176218025295","0.809588661100865","0.0971418981893072","0.9986","0.776244375627955","0.333294668435232","0.500181132693955","0.207985521330368","0.72888561400945","05_15"
"10.9116132457043","1.74210975277843","0.826331256626358","1.52099583068131","0.911613245704326","0.105246881586372","0.9904","0.687197976919791","0.418925584585257","0.484286381520108","0.600148823084785","0.397893804773118","05_15"
"1.01265833872808","1.55905023754225","0.938256008129638","0.886376580027882","1.01265833872808","0.103647441544208","0.7762","0.541119189932942","0.413779106989427","0.476611602721848","0.160917221906805","0.398675384377193","05_15"
"10.8838640504061","1.74141913028039","0.823548735744389","1.58020155979971","0.883864050406115","0.118145321505572","0.9978","0.697567737753934","0.55725449383726","0.522098389794574","0.553037691660919","0.536433929978977","05_15"
"10.8961753475576","1.74786668486071","0.820968967536875","1.56171723136946","0.896175347557647","0.110856429480052","0.995","0.699233321030224","0.443672105416063","0.510609968801767","0.67320117778038","0.528630827208236","05_15"
"10.7023474949822","1.88556239044849","0.732863155863566","2.05921309723188","0.702347494982179","0.129419553374806","1","0.814930774838928","0.648041586620528","0.55731486868038","0.755656540175568","0.398193987709906","05_15"
"10.8367713989937","1.78352413258935","0.796652594516331","1.71415441212469","0.836771398993657","0.120297308086388","0.9998","0.727711671308585","0.695571537205017","0.517064196164267","0.415168004580222","0.478462756966436","05_15"
"10.7512832677637","1.84094644874397","0.764713210177402","1.93002463845121","0.751283267763672","0.139184910589044","1","0.77243789395837","0.716806723968268","0.565305037111994","0.726146312152152","0.396046150656137","05_15"
"10.7707574467719","1.84685787322536","0.760567567148083","1.92951838212175","0.770757446771912","0.126964917778471","1","0.761862541341725","0.761242035294141","0.44683079452615","0.719256704379763","0.653933612564114","05_15"
"10.8307026904853","1.79300227090813","0.791177368205541","1.73212604717572","0.830702690485269","0.116068605110563","0.9998","0.743923573733009","0.61000352061175","0.555657256404953","0.289620788167688","0.543712249050935","05_15"
"0.0740228361610827","0.516542112541144","1.56796934012585","0.00785828916536379","0.0740228361610827","0.270446046561015","0","0.0155072559136897","0.346988623205148","0.522316359234316","0.116364781404771","0.725455048588435","05_15"
"10.9415283588418","1.74156053730994","0.82794258074135","1.49058309977446","0.941528358841839","0.095262289307873","0.9784","0.682198242422956","0.297852822292058","0.471439920346878","0.0948899191324453","0.394178447004946","05_15"
"10.9029935244988","1.75178743632813","0.821342963665141","1.55445293133696","0.902993524498839","0.102932823190688","0.9892","0.70010679863008","0.54458135110871","0.50382921955642","0.156845385458915","0.574959613007552","05_15"
"10.9379167836787","1.67937036848462","0.861397270326075","1.36734564214208","0.93791678367873","0.110945015200642","0.9714","0.660797792486846","0.386114092543721","0.553036311641335","0.293603372760117","0.960617997217923","05_15"
"10.9309101853311","1.74486969618965","0.826106588491766","1.50868759741007","0.930910185331067","0.0987047259749905","0.9818","0.685550106599167","0.316605909904609","0.47361089625697","0.515380666403822","0.437816418128848","05_15"
"10.7841748239072","1.73574540684631","0.833632854655766","1.72091343170037","0.784174823907163","0.172446613314532","1","0.732623204379528","0.731742580611331","0.79148045713179","0.535564223806581","0.472668510909256","05_15"
"10.8059907553372","1.8429742657313","0.765128440979191","1.86379791944796","0.805990755337155","0.101230032797881","1","0.775069003598259","0.427412653159267","0.488151947770113","0.51848605870873","0.41517780056084","05_15"
"10.8424616664799","1.70431467485384","0.847677258762392","1.56598685995569","0.842461666479866","0.146426523368808","0.9988","0.702739352358739","0.605142768650414","0.681237963837942","0.53472484495157","0.407801834924517","05_15"
"10.732844344315","1.87122200825148","0.74178011136266","2.00085325629417","0.732844344315019","0.120889220245783","1","0.795168490481939","0.754162868659972","0.47654650208785","0.549339514644319","0.400823583563061","05_15"
"10.7836063941092","1.8056981314122","0.787107280591696","1.82236779797261","0.783606394109177","0.141568606244446","1","0.754226862466859","0.698525065042672","0.63036646686208","0.547863858740955","0.48895978613668","05_15"
"10.8057022437013","1.7491639711015","0.822911128555184","1.70526801191458","0.805702243701264","0.151907280164656","1","0.73101680466077","0.696594325501689","0.711245943944409","0.446977156802469","0.413530198078435","05_15"
"10.7825789905172","1.83120845190757","0.766507213760236","1.8681203401836","0.782578990517181","0.120127883668335","1","0.769937666591546","0.630709889849376","0.529915210747522","0.569596754625332","0.532692201501891","05_15"
"10.7999029505527","1.83547349296602","0.765988285351282","1.86199495653236","0.799902950552664","0.105923723082051","1","0.777213491944682","0.445986614574567","0.541135620513938","0.330097710839624","0.568919801136868","05_15"
"10.8984087286457","1.74674901850263","0.821494864461883","1.55462023262965","0.898408728645739","0.106195794421688","0.9918","0.703046895948024","0.43838248050872","0.526516155945612","0.294166184727027","0.541213557685377","05_15"
"10.7086689658298","1.88136385297553","0.735378824520379","2.04833704452539","0.7086689658298","0.130117054873358","1","0.810213013334953","0.663980399795867","0.54893734620367","0.756111054181315","0.402882291126948","05_15"
"10.7575979004426","1.8639851103483","0.748086233809364","1.95558950783334","0.757597900442632","0.110733956497655","1","0.79083763157732","0.649033475368459","0.480029912789214","0.482398263185153","0.339782043193464","05_15"
"10.7552140571672","1.88316396550468","0.739361392087684","1.97870056818707","0.755214057167201","0.0937761370834883","1","0.813490451332987","0.256077501457185","0.483042012053524","0.760487906764552","0.402712276447339","05_15"
"10.9024074326889","1.70175663963173","0.849512925236743","1.46013464329813","0.902407432688948","0.117335740928278","0.9866","0.685808560714331","0.468336066202676","0.598080898785245","0.241993664087441","0.40784949696439","05_15"
"10.8342442729866","1.78688209009788","0.793925289480825","1.72641580284978","0.834244272986593","0.118670383343071","0.9998","0.734193049520664","0.669548825467089","0.530581927226491","0.385403615632339","0.502532307100442","05_15"
"10.9471121385984","1.70672250605519","0.848127567052431","1.40163598696805","0.947112138598398","0.102268412730775","0.9742","0.665113346572217","0.336978291630631","0.502159872753897","0.272128510487791","0.629341395634435","05_15"
"10.8178003023125","1.83629791589234","0.768364633523249","1.83282772850436","0.817800302312468","0.097190848537686","0.9988","0.77073814469364","0.322283259867754","0.491635358471476","0.451544807249565","0.354136260191243","05_15"
"10.941878982175","1.74197131648239","0.827748234658465","1.49262364892465","0.941878982174974","0.0950983542018032","0.9782","0.683624871360891","0.114746522158384","0.474456231079755","0.1036932244716","0.457952039738716","05_15"
"10.7274643188589","1.78465852176001","0.80670414762518","1.86802885732137","0.727464318858931","0.171500309601891","1","0.776868428324528","0.462353432145721","0.982425559079275","0.347776398537229","0.58438439609189","05_15"
"10.9104119552711","1.74467922413473","0.825467253927718","1.53554146985764","0.910411955271068","0.103422624247309","0.9864","0.695881456854014","0.424919017803512","0.508438992891675","0.252710430509004","0.484992856084335","05_15"
"10.8221992621341","1.8075437628659","0.783292201051662","1.77028422929002","0.82219926213414","0.110244224405981","0.9998","0.758843116410419","0.364879846401353","0.577805337339889","0.423404737714408","0.575300356890178","05_15"
"10.9415283588418","1.74156053730994","0.82794258074135","1.49058309977446","0.941528358841839","0.095262289307873","0.9784","0.682198242422956","0.297852822292058","0.471439920346878","0.0948899191324453","0.394178447004946","05_15"
"10.7986512430361","1.83458778888498","0.766723349647371","1.86254691591874","0.798651243036145","0.107234008791394","1","0.776868428324528","0.462353432145721","0.546179706517559","0.347776398537229","0.58438439609189","05_15"
"10.8474712499714","1.74745262121136","0.823089865425071","1.6446329384877","0.847471249971372","0.135165366250058","0.9996","0.714386941789224","0.619264925071602","0.609016594693869","0.574628396983927","0.475404805069867","05_15"
"10.8945379001889","1.74278642197826","0.823361470652653","1.55865127643865","0.894537900188876","0.11171163153926","0.9946","0.699303497179251","0.429497233936817","0.524628688476282","0.651542242864298","0.529952987405579","05_15"
"10.8449738801813","1.78016903735135","0.799209764108826","1.69834685846411","0.844973880181283","0.115972164919453","0.9992","0.735708374188449","0.473253252404208","0.561919890944069","0.548998633361589","0.468939782092827","05_15"
"10.8728229001698","1.78211087958778","0.801672287039203","1.65752662502872","0.872822900169764","0.103265751057243","0.9962","0.725446762872228","0.43186920903459","0.502073308561622","0.408707760950229","0.447173853447247","05_15"
"10.8079268724679","1.80826004602542","0.782193076110223","1.78589445237347","0.807926872467873","0.116829282128949","1","0.757997801926385","0.727500505354294","0.581024426731522","0.163083263440058","0.503432678090774","05_15"
"10.8221992621341","1.8075437628659","0.783292201051662","1.77028422929002","0.82219926213414","0.110244224405981","0.9998","0.758843116410419","0.364879846401353","0.577805337339889","0.423404737714408","0.575300356890178","05_15"
"10.9415283588418","1.74156053730994","0.82794258074135","1.49058309977446","0.941528358841839","0.095262289307873","0.9784","0.682198242422956","0.297852822292058","0.471439920346878","0.0948899191324453","0.394178447004946","05_15"
"10.9379167836787","1.67937036848462","0.861397270326075","1.36734564214208","0.93791678367873","0.110945015200642","0.9714","0.660797792486846","0.386114092543721","0.553036311641335","0.293603372760117","0.960617997217923","05_15"
"10.9303463361146","1.69600571858286","0.849914651381484","1.41454639130323","0.930346336114577","0.10772989271824","0.976","0.672715211902771","0.360310452702846","0.545116938489069","0.19685438486054","0.677695054390091","05_15"
"10.7575678609461","1.84805100191738","0.757522042733711","1.93004511405082","0.757567860946057","0.12685896053366","1","0.783032654508216","0.618934026727595","0.552370751380167","0.739029881781508","0.462086792577406","05_15"
"10.9471121385984","1.70672250605519","0.848127567052431","1.40163598696805","0.947112138598398","0.102268412730775","0.9742","0.665113346572217","0.336978291630631","0.502159872753897","0.272128510487791","0.629341395634435","05_15"
"10.8202843888042","1.82662318050669","0.771884950104663","1.83273049901149","0.820284388804247","0.103890386732341","0.9998","0.765033185006396","0.429365139884256","0.499676412528328","0.559922178141209","0.493916107896818","05_15"
"10.9484298591401","1.72294298735024","0.837935250082711","1.44395320237739","0.948429859140083","0.0981800879236972","0.9754","0.670280823007032","0.323656462132933","0.479359293499145","0.191638907032022","0.677101389832779","05_15"
"10.941878982175","1.74197131648239","0.827748234658465","1.49262364892465","0.941878982174974","0.0950983542018032","0.9782","0.683624871360891","0.114746522158384","0.474456231079755","0.1036932244716","0.457952039738716","05_15"
"10.9072349482972","1.7335217041401","0.829702447888961","1.51917849948337","0.907234948297199","0.111222922007308","0.9928","0.687332881687039","0.475239977612829","0.508831080142991","0.523491902275371","0.466810375758072","05_15"
"10.7864155440799","1.82924937175713","0.768743013648771","1.85162558610699","0.786415544079912","0.116134957733931","1","0.771103932559745","0.655049893680022","0.552223851228457","0.306701960567495","0.484507747600477","05_15"
"10.8134898015266","1.80825767303517","0.780076456219803","1.79033008795328","0.81348980152663","0.1167151670507","1","0.753747571199034","0.573424325826661","0.535248651519912","0.544115822331068","0.421642823537881","05_15"
"10.8161167579241","1.83935306906774","0.767207574720438","1.8410294636288","0.816116757924062","0.0968494144003368","0.999","0.772314209021815","0.323652142326176","0.488498667963574","0.472050064503389","0.415097915364787","05_15"
"10.8448102028362","1.75412184340961","0.817674735563488","1.65977892398101","0.844810202836244","0.133445868060887","0.9998","0.713081850838368","0.693705084769098","0.573997127063026","0.512793892306632","0.405289831725214","05_15"
"10.8535193993224","1.80625528910758","0.785863315022313","1.73693531720026","0.853519399322386","0.0985592631762438","0.9958","0.745398180451492","0.434995401941873","0.493391269466273","0.19968243175825","0.481922019751548","05_15"
"10.7873886961059","1.76300314520563","0.809377724481532","1.75701497272356","0.787388696105865","0.155266492296203","1","0.744563069044688","0.634951965106414","0.74037124114779","0.564071025842006","0.501928034320373","05_15"
"10.7820408673303","1.80611497716206","0.788175859281532","1.83208912444896","0.78204086733028","0.132819029604798","1","0.768409437375798","0.507640378617089","0.706942369456283","0.348461381347388","0.495541995010287","05_15"
"10.7780701871982","1.84272045646783","0.761575833775022","1.89429847468659","0.778070187198223","0.114366674789867","1","0.773492939270084","0.65870851976797","0.491288638278015","0.497980801454907","0.354216145387295","05_15"
"10.8221992621341","1.8075437628659","0.783292201051662","1.77028422929002","0.82219926213414","0.110244224405981","0.9998","0.758843116410419","0.364879846401353","0.577805337339889","0.423404737714408","0.575300356890178","05_15"
"10.8146618232307","1.83177800928731","0.770462357122593","1.83838511966654","0.814661823230715","0.103349457575834","1","0.767895200357902","0.52879385009355","0.50063027381007","0.278539286425128","0.403383248802237","05_15"
"10.9333281844503","1.74156053730994","0.82794258074135","1.5010924177405","0.93332818445033","0.097793980496472","0.981","0.682198242422956","0.577510603936389","0.471439920346878","0.0948899191324453","0.394178447004946","05_15"
"10.8519396897077","1.75941156082984","0.812688793876342","1.67177678966674","0.851939689707733","0.129671466186767","0.9996","0.713815738273015","0.577368157442701","0.546608094511134","0.896372553892434","0.444998936021467","05_15"
"10.8848938276277","1.76010259798362","0.814093976484119","1.5943700995978","0.884893827627722","0.108807563702886","0.9956","0.709339315771113","0.427544747211828","0.513104223718067","0.610106123431819","0.4512146800696","05_15"
"10.9471121385984","1.70672250605519","0.848127567052431","1.40163598696805","0.947112138598398","0.102268412730775","0.9742","0.665113346572217","0.336978291630631","0.502159872753897","0.272128510487791","0.629341395634435","05_15"
"10.7931420070402","1.89502755479728","0.742300308457234","1.883274514783","0.793142007040233","0.0723105536230925","1","0.762685853415589","0.653238118571304","0.129306000424549","0.547178875930795","0.577802187218282","05_15"
"0.339147318944547","1.14243156827214","1.19832923382033","0.0414602689837247","0.339147318944547","0.199025559067011","0.0858","0.357248281361535","0.560516734227064","0.582054731500602","0.365002782645973","0.465382868043365","05_15"
"10.8102752062099","1.83375429956786","0.769333914618957","1.84928536053712","0.810275206209883","0.104793860652024","1","0.768154891503673","0.472075822141156","0.494695026861501","0.561485518753783","0.503698243872667","05_15"
"10.8871233005156","1.72293447855683","0.832974531225393","1.5389749908014","0.887123300515553","0.118149970598129","0.9936","0.694016992370945","0.576675957296143","0.556910073575609","0.306104815869148","0.681565902980391","05_15"
"10.8221992621341","1.8075437628659","0.783292201051662","1.77028422929002","0.82219926213414","0.110244224405981","0.9998","0.758843116410419","0.364879846401353","0.577805337339889","0.423404737714408","0.575300356890178","05_15"
"10.8780948046508","1.75020693271053","0.817491306843781","1.59995159677337","0.878094804650759","0.116553009188721","0.9978","0.710353366097794","0.434348295633506","0.545616406231614","0.834448788372597","0.445878229098624","05_15"
"10.8134898015266","1.80825767303517","0.780076456219803","1.79033008795328","0.81348980152663","0.1167151670507","1","0.753747571199034","0.573424325826661","0.535248651519912","0.544115822331068","0.421642823537881","05_15"
"10.8477788869471","1.774878319584","0.801599437398042","1.69271418528368","0.847778886947088","0.119085981543032","0.9994","0.728357775744297","0.537003414547976","0.545682982001023","0.627402124951446","0.459662538819587","05_15"
"10.8997003549206","1.70230448502288","0.847702962485265","1.46729148305325","0.899700354920608","0.122190954815747","0.9916","0.67986265095427","0.503143220016676","0.570123365128753","0.5002924491976","0.684341925962746","05_15"
"10.802291438279","1.822740053162","0.771921583985639","1.83060158102762","0.802291438279049","0.112380561457582","1","0.764014194535033","0.509475359391448","0.519791993097211","0.721733880261881","0.453638933827419","05_15"
"10.9484298591401","1.72294298735024","0.837935250082711","1.44395320237739","0.948429859140083","0.0981800879236972","0.9754","0.670280823007032","0.323656462132933","0.479359293499145","0.191638907032022","0.677101389832779","05_15"
"10.9484298591401","1.72294298735024","0.837935250082711","1.44395320237739","0.948429859140083","0.0981800879236972","0.9754","0.670280823007032","0.323656462132933","0.479359293499145","0.191638907032022","0.677101389832779","05_15"
"10.9471121385984","1.70672250605519","0.848127567052431","1.40163598696805","0.947112138598398","0.102268412730775","0.9742","0.665113346572217","0.336978291630631","0.502159872753897","0.272128510487791","0.629341395634435","05_15"
"10.8660822661401","1.76437699259224","0.809524211044794","1.65508260785904","0.866082266140126","0.118934322031241","0.999","0.712801687946333","0.570564609021023","0.514095911997588","0.672029888951656","0.450335386992444","05_15"
"10.8158062222285","1.8309521791493","0.770473178665929","1.84314469520754","0.815806222228487","0.10331385657551","0.9998","0.767099018940796","0.446352664153378","0.493643437638774","0.539118405301469","0.499595227906266","05_15"
"10.9295834633795","1.70637662110606","0.844739126038992","1.4436378750286","0.929583463379503","0.104592728243787","0.9762","0.678462339030385","0.15703961000672","0.540350957284433","0.243529606147944","0.472933071294741","05_15"
"10.8870139144363","1.74903571972384","0.819396637393272","1.5760558802602","0.887013914436287","0.113940489933112","0.997","0.697806012429806","0.577465692761183","0.503807099300817","0.45317385660892","0.43135501979323","05_15"
"10.8134898015266","1.80825767303517","0.780076456219803","1.79033008795328","0.81348980152663","0.1167151670507","1","0.753747571199034","0.573424325826661","0.535248651519912","0.544115822331068","0.421642823537881","05_15"
"10.8834267906852","1.74523578114404","0.819854660559075","1.57322909238185","0.883426790685179","0.109149777087449","0.9906","0.712838170888546","0.427518904014034","0.567291671862879","0.146942533674649","0.465104388889555","05_15"
"10.8302045273196","1.83334452598339","0.771156370008067","1.81305458638111","0.830204527319587","0.0969249237813588","0.9992","0.760794959073035","0.413941274579039","0.45559277701992","0.500521163644454","0.576153181008224","05_15"
"10.8233449068967","1.77656136679825","0.801656944577097","1.72389348872852","0.823344906896722","0.124079928085997","0.999","0.746454053014369","0.460718559929651","0.664201692910865","0.222049545210564","0.486025035717949","05_15"
"10.882117781796","1.74506406726811","0.821066291916178","1.58904228169011","0.882117781796014","0.117766177354221","0.9978","0.698207968266165","0.577413068617907","0.514240915557195","0.538088616415959","0.407822363233184","05_15"
"10.8116789270763","1.89475062244418","0.744141221899235","1.84118970196305","0.811678927076326","0.0649302766542715","0.9972","0.760734010752972","0.604176690393618","0.0715024236124009","0.47006245000075","0.576949363100236","05_15"
"10.9471121385984","1.70672250605519","0.848127567052431","1.40163598696805","0.947112138598398","0.102268412730775","0.9742","0.665113346572217","0.336978291630631","0.502159872753897","0.272128510487791","0.629341395634435","05_15"
"10.8918542689961","1.71934213324286","0.83457463017893","1.52592484375572","0.891854268996101","0.114283824692525","0.9918","0.695548990079123","0.513995352712262","0.568781911869303","0.253367566859885","0.604863043777163","05_15"
"10.8381840695395","1.81228766695453","0.780579809136852","1.77573803950779","0.838184069539517","0.104137929076316","0.999","0.752949563333284","0.431426253288726","0.501144471953495","0.481532848900974","0.46603326482631","05_15"
"10.8453376040867","1.77184390766278","0.80530024763144","1.68058109254086","0.845337604086653","0.115068340680504","0.9968","0.737769508910208","0.377974296895113","0.611090617940282","0.296408766805185","0.424616053125678","05_15"
"10.8098765818766","1.79478381886818","0.788381594727722","1.78198982811307","0.809876581876567","0.123248438005401","1","0.755537722731843","0.52090419725467","0.617265558568832","0.398536200613913","0.486740621770622","05_15"
"10.9511424164427","1.71601861944403","0.84295100935829","1.42084505590034","0.951142416442739","0.0993995982344565","0.9728","0.665960324817353","0.343821004695386","0.487141585436658","0.153766991083772","0.945636965661899","05_15"
"10.9379167836787","1.67937036848462","0.861397270326075","1.36734564214208","0.93791678367873","0.110945015200642","0.9714","0.660797792486846","0.386114092543721","0.553036311641335","0.293603372760117","0.960617997217923","05_15"
"10.8550056430234","1.79541744363947","0.791732449530196","1.71072199553828","0.855005643023437","0.104744237172887","0.9982","0.737530384545341","0.42980809563012","0.500605249136455","0.487097090190465","0.475056696517756","05_15"
"10.8603387624281","1.76235585823316","0.810197760200304","1.63914832237518","0.860338762428134","0.114061092116332","0.9968","0.723246604334108","0.599619245185752","0.565278826503555","0.20331906934029","0.859187631531534","05_15"
"10.785430606318","1.81140272536288","0.778492537244069","1.83824089234627","0.785430606317952","0.126967272268566","1","0.766619285842989","0.56016050718908","0.624925462407364","0.494041003064544","0.430444196777545","05_15"
"10.9513716229647","1.7169358713697","0.842000983759777","1.42500061480398","0.951371622964748","0.0990944193225272","0.9734","0.6664041188393","0.324183889751517","0.485108410332565","0.197561318755333","0.661074736408301","05_15"
"10.8744670726457","1.76787023814377","0.809139834910071","1.62333600836403","0.874467072645669","0.108032861716357","0.9952","0.721024138065464","0.371816815018052","0.538950391279219","0.546639675495145","0.489866652588079","05_15"
"0.985980725461363","1.48642960158085","0.986703550058879","0.623514438459814","0.985980725461363","0.112518415113816","0.573","0.48998980014585","0.343821004695386","0.487141585436658","0.153766991083772","0.945636965661899","05_15"
"10.9207097185982","1.722360855232","0.837530007442744","1.47298057712977","0.92070971859818","0.106176964157752","0.9852","0.681049515242692","0.453550379795728","0.515387215896377","0.294955708511941","0.680749552034584","05_15"
"10.9499293327927","1.71758802401633","0.841905259178514","1.42472883249894","0.949929332792665","0.099130496031561","0.9738","0.667315035165263","0.327191963583225","0.487117441660564","0.163159059597641","0.686084340503493","05_15"
"10.9471121385984","1.70672250605519","0.848127567052431","1.40163598696805","0.947112138598398","0.102268412730775","0.9742","0.665113346572217","0.336978291630631","0.502159872753897","0.272128510487791","0.629341395634435","05_15"
"10.9484298591401","1.72294298735024","0.837935250082711","1.44395320237739","0.948429859140083","0.0981800879236972","0.9754","0.670280823007032","0.323656462132933","0.479359293499145","0.191638907032022","0.677101389832779","05_15"
"0.298092933019164","1.13861325540935","1.19741357608779","0.0315993634663809","0.298092933019164","0.202987848381514","0.0502","0.33364394819364","0.394132794446138","0.551093201344915","0.226452031513056","0.683068105731531","05_15"
"10.9237717079883","1.72372815135182","0.837315457065328","1.46880864024652","0.923771707988261","0.107200033695777","0.986","0.676213400799152","0.43266688770347","0.498389457282982","0.465479324716567","0.678375210063995","05_15"
"10.9494543443999","1.72125936318743","0.838910532002861","1.44023556109752","0.949454344399939","0.098192334834566","0.9754","0.668926112659122","0.340285503245094","0.479383437275239","0.182246838518153","0.936654014991185","05_15"
"10.9176201834401","1.70407760723625","0.844081136397993","1.45430547783807","0.917620183440116","0.110038136250036","0.9842","0.678080823700469","0.460103869131045","0.543682730433129","0.283277617844998","0.630157746580242","05_15"
"10.878411438755","1.7370390194593","0.823816170468329","1.58002682410959","0.878411438754979","0.116189676024119","0.996","0.706132455569232","0.466867522317948","0.561302469578861","0.500337791184385","0.621292507584072","05_15"
"10.9511424164427","1.71601861944403","0.84295100935829","1.42084505590034","0.951142416442739","0.0993995982344565","0.9728","0.665960324817353","0.343821004695386","0.487141585436658","0.153766991083772","0.945636965661899","05_15"
"10.8851554039918","1.73501077513136","0.827054427746478","1.56483092819107","0.885155403991759","0.118718652290392","0.9974","0.695235334140503","0.577003458370047","0.531453228705081","0.455889277033363","0.558859509103727","05_15"
"10.8412357328355","1.7851037232869","0.794704419986068","1.71292577673953","0.841235732835526","0.115900587174737","0.9996","0.735537803541032","0.574238514117704","0.536085526183138","0.439430222433688","0.529223372489588","05_15"
"10.9516367711817","1.71201764582753","0.845194994989483","1.41100573050486","0.951636771181679","0.100295421034613","0.973","0.665144536697665","0.331651977066919","0.492555504148018","0.204957130912532","0.647868008690925","05_15"
"10.9050157055869","1.73555800992151","0.827473816258218","1.53187440800814","0.905015705586939","0.106425383658825","0.985","0.700287368760811","0.233879233310958","0.545418159722087","0.669466333959636","0.448693636482404","05_15"
"10.8994323501878","1.71674605839667","0.836368898819268","1.50422429612673","0.8994323501878","0.111101997135212","0.987","0.693064524801236","0.425271982737282","0.566418703410802","0.250569022458907","0.478248160929151","05_15"
"10.8814299328513","1.75040209646814","0.818168807680816","1.58569477328427","0.881429932851271","0.10969571925805","0.9938","0.711107649018479","0.522915338387292","0.54796729008445","0.209463255233088","0.454973808458167","05_15"
"10.9464225029687","1.7150802968539","0.843380478191241","1.42476209902688","0.946422502968712","0.101117174196302","0.976","0.668990050739948","0.336450864012046","0.496410755920476","0.26620609876448","0.645368049058913","05_15"
"10.9209079716653","1.71338818334009","0.84189722288505","1.4594767213457","0.920907971665289","0.109980368118625","0.9854","0.672446984251049","0.502164891160554","0.508892463475701","0.352890959944092","0.599137281865944","05_15"
"10.9471121385984","1.70672250605519","0.848127567052431","1.40163598696805","0.947112138598398","0.102268412730775","0.9742","0.665113346572217","0.336978291630631","0.502159872753897","0.272128510487791","0.629341395634435","05_15"
"10.9457863871408","1.72059839057099","0.840214467488795","1.43842988484149","0.945786387140771","0.0998391579715607","0.976","0.670249632881584","0.328982776696645","0.488963662105024","0.258810286607281","0.658574776776289","05_15"
"10.9259173198489","1.70888679985421","0.843010389464654","1.45266018196659","0.925917319848873","0.105827031033049","0.9778","0.680946804308272","0.2457629799817","0.542714165742934","0.246328150548922","0.599547954142753","05_15"
"10.8604815038942","1.80504184019553","0.790391909813939","1.72199132163008","0.860481503894193","0.100692267086079","0.9978","0.734525154458073","0.450216972277768","0.464413672569812","0.500475821657669","0.639202599386899","05_15"
"10.8829182977247","1.73362163315882","0.82639198482927","1.56342545808995","0.882918297724683","0.11695674403591","0.996","0.696989626496607","0.577085567544004","0.539697760427723","0.388304155251744","0.530528757109848","05_15"
"10.9471121385984","1.70672250605519","0.848127567052431","1.40163598696805","0.947112138598398","0.102268412730775","0.9742","0.665113346572217","0.336978291630631","0.502159872753897","0.272128510487791","0.629341395634435","05_15"
"10.9123083222919","1.72128198956106","0.83591524434933","1.489390938527","0.912308322291889","0.108175197050098","0.9854","0.688528336367369","0.357508672329268","0.54054920379396","0.408512060560905","0.470117663910961","05_15"
"10.8748802055239","1.76664193572335","0.809915526962946","1.62039395093588","0.874880205523873","0.108103099896273","0.9946","0.721111325299193","0.368107025044832","0.545526910457568","0.437148371889641","0.477432004193819","05_15"
"10.8955193400565","1.74347602969127","0.822977613853451","1.55446379252907","0.895519340056477","0.109881324014709","0.9936","0.699536534299873","0.482069258387925","0.523131481079246","0.390653135050481","0.441485600224618","05_15"
"10.9516367711817","1.71201764582753","0.845194994989483","1.41100573050486","0.951636771181679","0.100295421034613","0.973","0.665144536697665","0.331651977066919","0.492555504148018","0.204957130912532","0.647868008690925","05_15"
"10.9513716229647","1.7169358713697","0.842000983759777","1.42500061480398","0.951371622964748","0.0990944193225272","0.9734","0.6664041188393","0.324183889751517","0.485108410332565","0.197561318755333","0.661074736408301","05_15"
"10.9407598559412","1.70504859364826","0.847036748532022","1.42161814031726","0.940759855941207","0.103765924315237","0.9746","0.671417344774094","0.25645782178138","0.523127221765786","0.403978541140995","0.521654273026378","05_15"
"10.9034022026277","1.71712817086157","0.83689701773258","1.49698622115181","0.903402202627654","0.110455069439671","0.9872","0.690811768847712","0.444152451656248","0.556705205088593","0.258129325313885","0.608804133662886","05_15"
"10.9469862701529","1.72103319144536","0.839592888096933","1.43962925728083","0.946986270152859","0.0993060705706111","0.9756","0.670266464113502","0.326644228189893","0.486865016883002","0.205575771243558","0.674598421114267","05_15"
"10.9334553324572","1.70779047745796","0.845362929328085","1.43711071182834","0.933455332457182","0.105459107696503","0.9776","0.673690687232716","0.349879619851007","0.524207034099376","0.315363833142401","0.485452729311399","05_15"
"10.9303054685121","1.72955959245755","0.83495904193846","1.47994211843341","0.930305468512138","0.101880427531267","0.9806","0.680653109463312","0.403867741130606","0.498546705907385","0.251430850602208","0.531234128985182","05_15"
"10.928488461907","1.71977956766857","0.839613586915904","1.4623711051","0.928488461906967","0.104572507164079","0.9806","0.67995099570687","0.344607344108891","0.518502042448482","0.365276737906295","0.614006330233997","05_15"
"10.8544193652472","1.7728629588153","0.803425078252427","1.67167816819942","0.854419365247215","0.116946464551137","0.9992","0.725520391000444","0.557147290553815","0.537390271778147","0.472108032065341","0.512731277378831","05_15"
"10.9136729467856","1.7223471500314","0.835810673098506","1.48944235048866","0.913672946785627","0.107645557935751","0.9856","0.687355848580855","0.38042088923618","0.534835284895397","0.369436079169522","0.577513559127163","05_15"
"10.9455020473557","1.71632494588106","0.842650586896229","1.42835409982699","0.945502047355713","0.101082263702263","0.9762","0.669918956094091","0.336052899905235","0.496397154058102","0.262720237492168","0.649196763636974","05_15"
"10.9304612364225","1.70222151430461","0.847407616730943","1.42834803721125","0.930461236422484","0.107259946778837","0.9806","0.669415474656102","0.454045828127292","0.522974356423699","0.282684745005341","0.647783460507457","05_15"
"10.9362176100913","1.72469825065589","0.837754429225145","1.45910229945954","0.936217610091341","0.100564312512313","0.9776","0.677591461703489","0.346343544248847","0.500091811284669","0.18283971135781","0.919028301063971","05_15"
"10.8854232897527","1.76844416096585","0.810006086511279","1.61746063709066","0.885423289752688","0.10447293365734","0.994","0.716474670301802","0.353404689050303","0.514062915168452","0.54015085146243","0.929651522189019","05_15"
"10.9168184521332","1.70632004264915","0.843977138712333","1.45600336562424","0.916818452133241","0.109610110580783","0.9806","0.682661048219507","0.350387018303321","0.556835659608441","0.257948458463979","0.605588808720258","05_15"
"10.913949042424","1.70402372965672","0.84500184460901","1.45687889668265","0.913949042424023","0.110665486785403","0.984","0.680333579653993","0.441223400212079","0.553396228755338","0.27571731499002","0.499601773846508","05_15"
"10.9158022719983","1.72557977792767","0.833999276265869","1.49907075651738","0.915802271998298","0.106450071485803","0.9832","0.691304007218248","0.324045817675703","0.540154840127899","0.297333253365963","0.530763923390529","05_15"
"10.8814299328513","1.75040209646814","0.818168807680816","1.58569477328427","0.881429932851271","0.10969571925805","0.9938","0.711107649018479","0.522915338387292","0.54796729008445","0.209463255233088","0.454973808458167","05_15"
"10.9037112462121","1.71762069254983","0.836864243066203","1.50805939389254","0.903711246212119","0.113906852560197","0.9902","0.686632423586632","0.49880272985","0.542257086042758","0.337299052434703","0.599312787862072","05_15"
"10.9106817196189","1.74272756518772","0.825581431833552","1.5376226679018","0.910681719618925","0.104325756129987","0.9866","0.697860074726665","0.313872275541624","0.518701693876777","0.531693891583121","0.572407412514939","05_15"
"10.8600366424157","1.77900955372809","0.800892682644343","1.66312050223774","0.860036642415713","0.107765086427191","0.9964","0.731041550606051","0.38890803858194","0.53764564568421","0.513961865863492","0.506358747698837","05_15"
"10.9161583592627","1.71292569496518","0.840711074869944","1.4760753697515","0.916158359262735","0.11017750407641","0.9864","0.680493052525909","0.45799949112615","0.533439544721886","0.349458440639284","0.542632276723495","05_15"
"10.9497208462699","1.71794309424405","0.84155192291409","1.42842310200575","0.949720846269875","0.0992511433897361","0.9742","0.667485480289536","0.336284489449809","0.486341950319555","0.181242477523285","0.724404839977516","05_15"
"10.9477091256699","1.7220708589622","0.838201339183085","1.44370253821379","0.947709125669855","0.098536273994515","0.9758","0.670263991775114","0.325995010639684","0.481457938721166","0.244873422395744","0.661077745494801","05_15"
"10.907078886522","1.76555557924894","0.813844240566728","1.58137289454149","0.907078886522001","0.0981515724313727","0.9868","0.704423755250536","0.392833096829374","0.480948388346683","0.206246994543895","0.760870436078716","05_15"
"10.8814299328513","1.75040209646814","0.818168807680816","1.58569477328427","0.881429932851271","0.10969571925805","0.9938","0.711107649018479","0.522915338387292","0.54796729008445","0.209463255233088","0.454973808458167","05_15"
"10.8816510687993","1.76261783757098","0.812244959795503","1.60508390054165","0.881651068799268","0.107277709459611","0.9948","0.714804991961031","0.441236515604381","0.526078841458548","0.36266800123206","0.58066799710124","05_15"
"10.9501599835191","1.72062018593607","0.839134363316326","1.43455968317303","0.950159983519076","0.0982997521192919","0.975","0.668755667534848","0.331192977378509","0.480158928616247","0.164163420592509","0.898333515517161","05_15"
"10.9121418738437","1.75980592254926","0.818065440793222","1.55774701791008","0.912141873843697","0.0998289492241747","0.9894","0.69606172402489","0.40120488014378","0.470606869659787","0.447995818197546","0.823969128970082","05_15"
"10.9120577335051","1.71540771386239","0.838132472764838","1.47935892700314","0.91205773350511","0.10949363695772","0.9858","0.685018456526376","0.469437382771686","0.541871622164616","0.254001541763715","0.534753166071601","05_15"
"10.9490413100511","1.71983692753873","0.839969638269184","1.43573399794134","0.949041310051145","0.0990496707147925","0.9756","0.668802877314482","0.333629523732678","0.484388806832655","0.206966267631891","0.71917760496717","05_15"
"10.936977949215","1.73538680281001","0.830551299614976","1.48179043482371","0.936977949214962","0.0977668365871797","0.9786","0.680699351761207","0.35339647196018","0.480212970113","0.170754568787978","0.799085243621929","05_15"
"10.9218274835045","1.70908938523064","0.84335083342558","1.45182265847155","0.921827483504451","0.107536123389795","0.9822","0.677726596911601","0.428621259056029","0.532981329171884","0.257639234125043","0.811680840216493","05_15"
"10.9321473111529","1.7052844822708","0.846809148113426","1.43108177104143","0.932147311152869","0.105866616343829","0.9776","0.671833310756481","0.367847684607723","0.523851946306803","0.314169415519557","0.540098859692772","05_15"
"10.930677368173","1.72339753525674","0.838094937542259","1.46868189415181","0.930677368173033","0.10334969371238","0.9798","0.679738011920114","0.37927975316448","0.508419099840567","0.27054551641224","0.632918344880637","05_15"
"10.9286520243478","1.70542575448058","0.845910764477255","1.43564822094093","0.9286520243478","0.107075872588417","0.9802","0.672007455457958","0.405487512746218","0.524037389248003","0.337573673857606","0.616014351874291","05_15"
"10.9197897695928","1.72349429280516","0.836621889893658","1.47793872141405","0.919789769592786","0.106740052104102","0.9846","0.683653091984082","0.351780139180903","0.521632707735085","0.522316028527","0.773537608028449","05_15"
"10.9360059865245","1.70792108470951","0.845296213409501","1.43360753638979","0.936005986524541","0.104399459002645","0.9762","0.673749422178412","0.337891453169037","0.524102597882637","0.205218239299913","0.852280214165105","05_15"
"10.8975085586259","1.77202731491379","0.808309605053719","1.61048353047118","0.897508558625891","0.0986649365582426","0.9888","0.713064000616574","0.362393231048056","0.488906469093547","0.230670098618012","0.639252066341216","05_15"
"10.9516367711817","1.71201764582753","0.845194994989483","1.41100573050486","0.951636771181679","0.100295421034613","0.973","0.665144536697665","0.331651977066919","0.492555504148018","0.204957130912532","0.647868008690925","05_15"
"10.9008663018109","1.75495013791149","0.818301999942387","1.57271303820079","0.900866301810928","0.103323269707031","0.9892","0.706512265550436","0.351504169720406","0.516637241532743","0.33319865607783","0.64156664347197","05_15"
"10.8964545269662","1.76221906118976","0.81484178926392","1.5912744484493","0.8964545269662","0.102254069214048","0.9902","0.70998051214172","0.43147308497091","0.509933723665297","0.194411410442571","0.849402313006512","05_15"
"10.9477091256699","1.7220708589622","0.838201339183085","1.44370253821379","0.947709125669855","0.0985362739945149","0.9758","0.670263991775114","0.325995010639684","0.481457938721166","0.244873422395744","0.661077745494801","05_15"
"10.9405907075759","1.72278424802596","0.838937757513819","1.44957408177961","0.940590707575938","0.100603927917517","0.9768","0.674256427022135","0.331622281323029","0.495133991877395","0.24058191284646","0.583368327431118","05_15"
"10.942024164576","1.72523279179989","0.837251842248706","1.45452537215404","0.942024164576005","0.0993777211811281","0.9768","0.674401098399461","0.332689490296933","0.489648739001965","0.20172836481323","0.832582460338809","05_15"
"10.9370126456357","1.72771381258739","0.835711295035887","1.4642941563521","0.937012645635723","0.100372614670388","0.9788","0.676663146554679","0.39888968799747","0.490277730912991","0.216424708999306","0.622464222668331","05_15"
"10.9294366846742","1.70474682378052","0.846396841061023","1.43329576001581","0.929436684674154","0.106853597050749","0.98","0.671272851132336","0.436077763370576","0.523329444216271","0.283879162628185","0.593137330126084","05_15"
"10.9297598482618","1.71410168593971","0.842091690174496","1.45097632936875","0.929759848261818","0.105253006352483","0.9796","0.677536792754832","0.337194035976935","0.522813339112932","0.36161080024945","0.5937919778835","05_15"
"10.9254426133502","1.75066667774724","0.822242814358364","1.52893379125297","0.925442613350244","0.0978594857459384","0.9828","0.692480071024178","0.370629602247703","0.48089434684993","0.199655846348426","0.860118707973948","05_15"
"10.9292169524134","1.7341161103357","0.831571084110633","1.49004218564346","0.929216952413361","0.101201306769753","0.9814","0.682362093937291","0.373722413445652","0.490891615629007","0.328381260462118","0.623566860479219","05_15"
"10.9434683245349","1.71606042842681","0.842749184696755","1.4324229063757","0.943468324534944","0.100887940020984","0.976","0.671362650277241","0.34379511853456","0.500573828199701","0.182241501457486","0.586254449147176","05_15"
"10.934423959568","1.73443226367442","0.830562618003327","1.48442964840966","0.934423959568004","0.0984027587051348","0.9792","0.681923987114015","0.339471272277291","0.48594687751805","0.205857738353003","0.753467164642418","05_15"
"10.9513716229647","1.7169358713697","0.842000983759777","1.42500061480398","0.951371622964748","0.0990944193225272","0.9734","0.6664041188393","0.324183889751517","0.485108410332565","0.197561318755333","0.661074736408301","05_15"
"10.9206366572241","1.70789915592367","0.843794298037567","1.44897172002183","0.920636657224105","0.107326778236402","0.9806","0.678718598580249","0.437785797665229","0.538125377703823","0.197891556148327","0.524599796515626","05_15"
"10.9244484788339","1.75061281726458","0.822137527992274","1.53339818011892","0.924448478833948","0.0982675680675977","0.9832","0.692766232250023","0.380006052741976","0.481866527711636","0.205965027434449","0.682001692550565","05_15"
"10.9291895647032","1.71850853630593","0.840117386234954","1.45968865648005","0.92918956470323","0.104613646478291","0.9802","0.679522199339625","0.348519751531106","0.519782573598184","0.316858274612662","0.485713213934124","05_15"
"10.9489701957269","1.72020425286186","0.839574402293333","1.43721697054949","0.94897019572687","0.0989037950300971","0.9756","0.668946594750167","0.328649976356816","0.483411082208067","0.219149632287138","0.666304980505148","05_15"
"10.9407898493118","1.72059898573903","0.840171004496081","1.44679698261138","0.940789849311823","0.101730182089241","0.9776","0.67345682741753","0.340298282141807","0.497308089165706","0.363596866838634","0.761044261839428","05_15"
"10.9477091256699","1.7220708589622","0.838201339183085","1.44370253821379","0.947709125669855","0.0985362739945149","0.9758","0.670263991775114","0.325995010639684","0.481457938721166","0.244873422395744","0.661077745494801","05_15"
"10.9323578871957","1.70908580394025","0.844840201712531","1.43883687464558","0.93235788719567","0.105590691299588","0.9786","0.674119483599961","0.345967212428792","0.522926502949674","0.363782296436034","0.613745845611272","05_15"
"10.9379547101717","1.70051067168389","0.849739900695555","1.41618267838925","0.937954710171709","0.105601904326325","0.9754","0.667788202909792","0.360807130723268","0.521788276545063","0.284345584026086","0.556931290864663","05_15"
"10.9504933574623","1.71846686875302","0.840619164087898","1.43100686933639","0.950493357462279","0.0988787434760256","0.975","0.667330817538258","0.325024957159254","0.482831988199293","0.242552292778224","0.661077591907846","05_15"
"10.9393629584332","1.72388133571511","0.83831256133321","1.45296638912562","0.939362958433206","0.100628968240462","0.9776","0.674660688388824","0.342097832106374","0.494030495824224","0.276695771565065","0.710758539170731","05_15"
"10.9434687704176","1.71606042842681","0.842749184696755","1.43242273307238","0.943468770417557","0.100887940020984","0.976","0.671362650277241","0.34379511853456","0.500573828199701","0.182241501457486","0.53873871685937","05_15"
"10.9356431899065","1.71405768038337","0.843840448567387","1.43498628884852","0.935643189906505","0.103810694671366","0.9784","0.67116210929818","0.41847743599157","0.503816058545039","0.267640529630531","0.634636977862079","05_15"
"10.9343494912499","1.70850782274065","0.845123711202568","1.43664751773078","0.934349491249895","0.105223354067832","0.9772","0.67380918060896","0.337916280124195","0.523175207360817","0.310325433725844","0.699895147384875","05_15"
"0.806834289525232","1.3623860448303","1.060786791115","0.210575455625471","0.806834289525232","0.142337276702914","0.2584","0.414369291160256","0.331713382969068","0.495994516092206","0.272437762340417","0.691716079458367","05_15"
"10.9246635435137","1.74247445061175","0.826254347199638","1.51047071416917","0.924663543513663","0.10094159289471","0.984","0.687191410515783","0.340625721591019","0.483458923206888","0.505288323620334","0.743551890059598","05_15"
"10.9473429024502","1.71658216988865","0.842551469124199","1.42614298185349","0.947342902450228","0.100261451070389","0.975","0.668795799242092","0.328545143457132","0.493107916373632","0.210705695650961","0.583615116598376","05_15"
"10.9480582021534","1.71989090282215","0.840193650961571","1.43564047189403","0.948058202153413","0.0992677351212887","0.9756","0.669102283437436","0.331051454172777","0.485904835953993","0.21494483876059","0.655160031608923","05_15"
"10.9435133889399","1.71450602020361","0.843636978417575","1.4281722156007","0.943513388939923","0.101839598577446","0.976","0.67037473360927","0.34359533801869","0.500971324392398","0.261112055393398","0.619578097758807","05_15"
"10.930677368173","1.72339753525674","0.838094937542259","1.46868189415181","0.930677368173033","0.10334969371238","0.9798","0.679738011920114","0.37927975316448","0.508419099840567","0.27054551641224","0.632918344880637","05_15"
"10.936977949215","1.73538680281001","0.830551299614976","1.48179043482371","0.936977949214962","0.0977668365871797","0.9786","0.680699351761207","0.35339647196018","0.480212970113","0.170754568787978","0.799085243621929","05_15"
"10.9351321238184","1.70851619294666","0.845016651941546","1.4356710398155","0.935132123818446","0.105008711968165","0.9766","0.674059725169412","0.345942385473634","0.523853893471494","0.258675102010102","0.766130912391503","05_15"
"10.9490413100511","1.71983692753873","0.839969638269184","1.43573399794134","0.949041310051145","0.0990496707147925","0.9756","0.668802877314482","0.333629523732678","0.484388806832655","0.206966267631891","0.71917760496717","05_15"
"10.9410204902218","1.72159752024929","0.838954869747224","1.44675813595076","0.941020490221766","0.100799641411516","0.9774","0.670506493951474","0.411332594568855","0.485305580229495","0.264600654239187","0.653410651292265","05_15"
"10.9461848591304","1.72117999675588","0.839542631682406","1.44015001529723","0.9461848591304","0.0993419295736888","0.9758","0.67044922668599","0.331224443635972","0.487172080094306","0.227385150248804","0.64424230523641","05_15"
"10.9485489091648","1.72057183996515","0.839375593419406","1.43853468348794","0.948548909164818","0.0988330722261989","0.9754","0.669337293076156","0.325153943231947","0.483734360854438","0.199882448372854","0.661074889995256","05_15"
"10.9423307716723","1.71596654427705","0.842972521179906","1.42956069197617","0.942330771672345","0.103765862749211","0.9788","0.666306245035343","0.326595533533826","0.488108606915192","0.737406677799299","0.653785722576804","05_15"
"10.9352442562202","1.70645561237373","0.84683208917859","1.42870032642445","0.935244256220174","0.105294081236497","0.977","0.671030348955976","0.350740179441405","0.519481802707942","0.362171688117087","0.60080442432862","05_15"
"10.9308007732398","1.71981714160721","0.839881509183872","1.45890119464306","0.930800773239838","0.104807159324069","0.9806","0.677938998345425","0.338332283431345","0.511013294118927","0.464769889249073","0.826114465016872","05_15"
"10.947680661652","1.71453503261173","0.843709219999362","1.41990586884504","0.947680661651967","0.101299789270754","0.9754","0.667574306777131","0.340236876239657","0.493869077221518","0.29611623541075","0.717196191071987","05_15"
"10.9304227694251","1.71892561300633","0.840639338013162","1.4546466405642","0.93042276942506","0.103270243757266","0.9796","0.676697637816235","0.412464523193373","0.509067957038204","0.228965248581455","0.805800573302118","05_15"
"10.9339170174922","1.71847782747313","0.840593635032386","1.45395615536238","0.933917017492158","0.103413822873756","0.9786","0.677130518936833","0.344158497825491","0.511783067557117","0.303713897717034","0.563172833744049","05_15"
"10.9289767653886","1.74248452969976","0.8261205020575","1.50595829339955","0.928976765388554","0.0986817379715198","0.9818","0.687498808848255","0.378851603428248","0.484354482022797","0.205893197905857","0.691916967133384","05_15"
"10.9477091256699","1.7220708589622","0.838201339183085","1.44370253821379","0.947709125669855","0.0985362739945149","0.9758","0.670263991775114","0.325995010639684","0.481457938721166","0.244873422395744","0.661077745494801","05_15"
"10.9516367711817","1.71201764582753","0.845194994989483","1.41100573050486","0.951636771181679","0.100295421034613","0.973","0.665144536697665","0.331651977066919","0.492555504148018","0.204957130912532","0.647868008690925","05_15"
"10.9417403905824","1.71019108586497","0.845830968903721","1.42025581314839","0.941740390582369","0.102831174920534","0.9758","0.669831836409848","0.349786259595334","0.508302178966335","0.235640253175479","0.725057871881544","05_15"
"10.9434683245349","1.71606042842681","0.842749184696755","1.4324229063757","0.943468324534944","0.100887940020984","0.976","0.671362650277241","0.34379511853456","0.500573828199701","0.182241501457486","0.586254449147176","05_15"
"10.9513716229647","1.7169358713697","0.842000983759777","1.42500061480398","0.951371622964748","0.0990944193225272","0.9734","0.6664041188393","0.324183889751517","0.485108410332565","0.197561318755333","0.661074736408301","05_15"
"10.9359291081444","1.73255130698796","0.831548945298934","1.47796561070404","0.935929108144405","0.0987813197360917","0.9792","0.68001671202645","0.370863517857459","0.484370477952117","0.206002886936601","0.714400222100079","05_15"
"0.164846194191056","0.991691708144553","1.28729985595763","0.0171121223785685","0.164846194191056","0.228451051876656","0.0032","0.191858440870419","0.351373748405515","0.485143430833285","0.22949345311662","0.658200155631833","05_15"
"10.9461292792044","1.71898266843504","0.841181333371445","1.43383037762842","0.946129279204438","0.100227542676523","0.9758","0.669883020952286","0.340409986671946","0.491288396896623","0.227396778375043","0.693146643524182","05_15"
"10.9373655062914","1.71970381549476","0.840501740869131","1.44735487127817","0.937365506291382","0.102074814090865","0.9776","0.675748714790374","0.355560951626942","0.505008290433839","0.237302058384588","0.744753805902743","05_15"
"10.9444101667871","1.71673832573023","0.842383075829812","1.43205806957213","0.944410166787053","0.100806645775372","0.976","0.670980910266687","0.343239742351101","0.498309158916434","0.1912637092889","0.628347404928718","05_15"
"10.9453160421611","1.71679084615223","0.842380935141211","1.42932705687134","0.945316042161138","0.100957239389457","0.9762","0.670154548473491","0.334300273227028","0.496118598424926","0.247582266187309","0.597628740141582","05_15"
"10.9340479191235","1.72306620630018","0.838735327641226","1.45971143906215","0.934047919123541","0.102371103209752","0.9794","0.675609611414685","0.399001403672804","0.498090162428589","0.268358961761931","0.771805306570106","05_15"
"10.9411341015233","1.72834282481124","0.834337280044636","1.46457977604961","0.941134101523263","0.0986152470753332","0.9778","0.676284974136287","0.341617609303467","0.484372810903334","0.206856578601147","0.696694350000475","05_15"
"10.9454499493277","1.71739619074773","0.842120123205693","1.42849119459935","0.945449949327708","0.100813317486941","0.9766","0.667851505088434","0.377689563243098","0.489203296912251","0.273723371927733","0.566447166130372","05_15"
"10.9513716229647","1.7169358713697","0.842000983759777","1.42500061480398","0.951371622964748","0.0990944193225272","0.9734","0.6664041188393","0.324183889751517","0.485108410332565","0.197561318755333","0.661074736408301","05_15"
"10.9449262048272","1.72007941869128","0.840540651703511","1.43792097592685","0.944926204827239","0.0999178390750981","0.9758","0.670853329344016","0.335612135587051","0.491682729885332","0.218376498858791","0.548402737144005","05_15"
"10.94944343843","1.71373354979686","0.844223224222829","1.42020629548052","0.949443438429982","0.101298922177722","0.975","0.665627488024249","0.327028498059791","0.490559275280837","0.410935745604466","0.652594707821139","05_15"
"10.9446274569688","1.71424026971747","0.843937343749941","1.42684623251766","0.944627456968785","0.102575327439422","0.9762","0.665823293708759","0.331219012540953","0.490104835782373","0.531428063107366","0.649059023446589","05_15"
"10.9451083305458","1.7211839826308","0.839917956494618","1.44052927876449","0.945108330545784","0.0996127107921071","0.9758","0.670830966696543","0.331779819819431","0.489436749377572","0.218362942417391","0.602149349454868","05_15"
"10.9445674925065","1.71789973290226","0.841745645617026","1.43253333653448","0.944567492506547","0.100424460112917","0.9758","0.670958547619214","0.339407426583481","0.496063178408675","0.191250152847499","0.634578284951775","05_15"
"10.9465476135894","1.71672036235173","0.842445803326714","1.42722863037752","0.946547613589414","0.1006543594636","0.9758","0.669294589971466","0.336814875079422","0.494071734328429","0.240681544650246","0.645609059201795","05_15"
"10.9464805181379","1.72020343364228","0.84023316065637","1.43658943969846","0.946480518137942","0.0996458443129756","0.976","0.669645242806175","0.349104573565663","0.487442980155747","0.228975435390531","0.722720906504104","05_15"
"10.9385151324602","1.70794872001634","0.847225330774057","1.42090344082466","0.938515132460221","0.104783799798411","0.9772","0.667312831358736","0.359677995363169","0.505513234290358","0.442526065859792","0.605049575443461","05_15"
"10.9435213127657","1.71036897702483","0.845854327906503","1.41727607581126","0.943521312765713","0.101928020473744","0.9748","0.668989470918156","0.334311209762349","0.505248005643242","0.213631085416839","0.72151457034461","05_15"
"10.9427592211205","1.70951311515606","0.846304856412852","1.41607514021566","0.942759221120468","0.102597091739549","0.9754","0.668917355285675","0.348944825976259","0.506896692640663","0.23274253923287","0.58189862129793","05_15"
"10.9480582021534","1.71989090282215","0.840193650961571","1.43564047189403","0.948058202153413","0.0992677351212887","0.9756","0.669102283437436","0.331051454172777","0.485904835953993","0.21494483876059","0.655160031608923","05_15"
"10.9516367711817","1.71201764582753","0.845194994989483","1.41100573050486","0.951636771181679","0.100295421034613","0.973","0.665144536697665","0.331651977066919","0.492555504148018","0.204957130912532","0.647868008690925","05_15"
"10.9406081837323","1.7078008860336","0.847367354860248","1.41779608220164","0.940608183732314","0.104686923489324","0.9766","0.666781616586398","0.327724668893924","0.504383649169897","0.579226195965593","0.605667437998005","05_15"
"10.9358502864468","1.7254828318773","0.837358094922674","1.46473958020623","0.935850286446765","0.101628265493315","0.9798","0.676805121483963","0.343135859552783","0.496498459294648","0.388411715403437","0.664129094599656","05_15"
"10.9477091256699","1.7220708589622","0.838201339183085","1.44370253821379","0.947709125669855","0.0985362739945149","0.9758","0.670263991775114","0.325995010639684","0.481457938721166","0.244873422395744","0.661077745494801","05_15"
"10.9324799016008","1.73279591993751","0.831978195185054","1.48185611617523","0.932479901600832","0.100170360264624","0.9804","0.68076102264109","0.341085200056926","0.487931788304638","0.377988663610295","0.699000893218749","05_15"
"10.9433705348688","1.71248477631194","0.844779742769609","1.42355694117134","0.94337053486881","0.102265316078738","0.976","0.669320074310106","0.343086748382981","0.502063663998706","0.27898819504202","0.619274974803142","05_15"
"10.9443864965133","1.72129369485195","0.83913884447686","1.44149016520938","0.94438649651334","0.100097083135492","0.9772","0.670239173348173","0.384142735914857","0.485270559728775","0.2326685198779","0.656285232068733","05_15"
"10.9461248849774","1.71426357668366","0.843808163485647","1.42449827617861","0.946124884977367","0.101132501426105","0.9754","0.669015984377871","0.337840208248794","0.497960642341104","0.22423548485705","0.605564474215601","05_15"
"10.9339808351058","1.70647261777756","0.847074864563371","1.42755572498627","0.933980835105775","0.105240951381756","0.9772","0.670443191772832","0.394450162049025","0.517890559862308","0.27522286633754","0.643894776026556","05_15"
"10.5329632514062","2.0456635047993","0.706866784530957","2.4084043206373","0.532963251406225","0.207800391318279","1","0.8","0.7","0.5","0.4","0.4","10_15"
"10.5329632514062","2.0456635047993","0.706866784530957","2.4084043206373","0.532963251406225","0.207800391318279","1","0.8","0.7","0.5","0.4","0.4","10_15"
"0.201350373934044","0.834874195901302","1.44235949573979","0.021276121038587","0.201350373934044","0.24464593699074","0.1668","0.2655086631421","0.380035179434344","0.79423986072652","0.0706790471449494","0.34668348915875","10_15"
"5.99629565282383","1.75197893722272","0.87525808276192","1.35065869182576","0.996295652823825","0.0677894129320376","0.9022","0.37212389963679","0.777445221319795","0.107943625887856","0.0994661601725966","0.333774930797517","10_15"
"10.7101125079653","1.68621615762802","0.92764833685425","1.73893512547928","0.710112507965281","0.275990057562086","0.9952","0.572853363351896","0.934705231105909","0.723710946040228","0.31627170718275","0.476351245073602","10_15"
"10.5383852258647","2.03748277259313","0.697373017767984","2.45083931998451","0.538385225864678","0.116161783568728","1","0.908207789994776","0.212142521282658","0.411274429643527","0.518634263193235","0.892198335845023","10_15"
"0.231441564478694","0.604351136660366","1.56369115181498","0.0856593803864527","0.231441564478694","0.276853152461278","0.3088","0.201681931037456","0.651673766085878","0.820946294115856","0.662005076417699","0.864339470630512","10_15"
"10.4653347380542","2.10431307432627","0.653839889037187","2.58520411316457","0.465334738054234","0.152758967535258","1","0.898389684967697","0.125555095961317","0.647060193819925","0.406830187188461","0.389989543473348","10_15"
"10.348995389901","2.2211351173022","0.587795832907497","2.84132708780511","0.348995389900976","0.190538836841888","1","0.944675268605351","0.267220668727532","0.78293276228942","0.912875924259424","0.777320698834956","10_15"
"10.754948946531","1.80898237997302","0.839086549856962","1.84779914336301","0.754948946530998","0.163723232820941","0.9978","0.660797792486846","0.386114092543721","0.553036311641335","0.293603372760117","0.960617997217923","10_15"
"10.8237948678069","1.75251883917236","0.869351427632955","1.65528675019394","0.823794867806916","0.13262575546609","0.978","0.62911404389888","0.0133903331588954","0.529719580197707","0.459065726259723","0.434659484773874","10_15"
"0.0585892001479891","0.211739642766986","1.71776874825331","0.00616570444709715","0.0585892001479891","0.304666285593598","0.001","0.0617862704675645","0.382387957070023","0.789356231689453","0.332394674187526","0.712514678714797","10_15"
"5.93864176589627","1.8174033116553","0.843282266398077","1.49619836886492","0.938641765896272","0.0623885240440951","0.9218","0.205974574899301","0.86969084572047","0.023331202333793","0.65087046707049","0.399994368897751","10_15"
"0.310923447656391","1.13463062053794","1.26960522218284","0.0340149438348968","0.310923447656391","0.209450561982081","0.1066","0.176556752528995","0.34034899668768","0.477230065036565","0.258016780717298","0.325352151878178","10_15"
"10.6694939666693","1.86297856882831","0.811728630677334","2.01981350016089","0.669493966669342","0.228527463105657","1","0.687022846657783","0.482080115471035","0.7323137386702","0.478545248275623","0.757087148027495","10_15"
"5.65247275398282","1.28103661300131","1.16026656832063","1.18000069139911","0.652472753982823","0.283272005292207","0.8948","0.384103718213737","0.599565825425088","0.692731556482613","0.766310670645908","0.202692255144939","10_15"
"10.6695255656552","1.92768526843804","0.76218468015071","2.11601909181811","0.669525565655245","0.133206400399891","1","0.769841419998556","0.493541307048872","0.477619622135535","0.0842469143681228","0.711121222469956","10_15"
"5.71737851882849","1.40723150016363","1.09381136113656","1.26818334978226","0.717378518828492","0.232006580101978","0.8922","0.497699242085218","0.186217601411045","0.8612094768323","0.875321330036968","0.121691921027377","10_15"
"10.6138818732725","1.95487466936639","0.763724571583523","2.20550223227825","0.613881873272492","0.200040973405884","1","0.717618508264422","0.827373318606988","0.438097107224166","0.339072937844321","0.245488513959572","10_15"
"10.3572240210826","2.22068018896158","0.602210659654304","2.79116186275396","0.357224021082551","0.266609728378988","1","0.991906094830483","0.668466738192365","0.244797277031466","0.839440350187942","0.14330437942408","10_15"
"1.13078710559175","1.68232022458729","0.921913582158698","0.960153503472741","1.13078710559175","0.0638815483769551","0.6922","0.1","0.1","0.1","0.1","0.1","10_15"
"1.11145605089756","1.56923400064291","0.991391864326576","0.656144644698084","1.11145605089756","0.0833517934245205","0.5596","0.2","0.2","0.2","0.2","0.2","10_15"
"1.01980225127328","1.52401171101593","1.01921771355936","0.718414196289843","1.01980225127328","0.10753964068063","0.6172","0.3","0.3","0.3","0.3","0.3","10_15"
"5.91642447249242","1.54298829481116","1.00702308824781","1.03724825857876","0.916424472492416","0.143778862823269","0.828","0.4","0.4","0.4","0.4","0.4","10_15"
"10.8091492182752","1.62678578684418","0.960406026654426","1.41944949840371","0.80914921827519","0.192155316683793","0.9668","0.5","0.5","0.5","0.5","0.5","10_15"
"10.7174655591943","1.76095250395259","0.879192415577691","1.81371401360855","0.717465559194335","0.240248896610028","0.9972","0.6","0.6","0.6","0.6","0.6","10_15"
"10.5840591230681","1.94173977115387","0.77969967557191","2.20210916029358","0.584059123068149","0.287088695661625","1","0.7","0.7","0.7","0.7","0.7","10_15"
"10.4451182639545","2.13525173149657","0.652293942695013","2.61066137826165","0.445118263954546","0.328361326258148","1","0.8","0.8","0.8","0.8","0.8","10_15"
"10.2573873501639","2.34511304300754","0.522154497798829","3.00533774739452","0.257387350163901","0.378114516340562","1","0.9","0.9","0.9","0.9","0.9","10_15"
"10.1129593951001","2.53811486442031","0.386931105078484","3.30841540803471","0.112959395100073","0.445743964525392","1","1","1","1","1","1","10_15"
"10.7825224606063","1.74926333345241","0.88600048686455","1.70031455157583","0.782522460606317","0.172786651812796","0.9872","0.630661187325015","0.158518920358534","0.680068687615511","0.459756406354439","0.616855655142178","10_15"
"10.5152943587306","2.06453635488768","0.699711439994497","2.43959120439573","0.515294358730624","0.2476559725854","1","0.795634263115545","0.573227249476746","0.793179320349739","0.494519961938379","0.794772452380318","10_15"
"10.5899905738926","1.92932184087686","0.784749010781214","2.18488137705054","0.5899905738926","0.28209892591078","1","0.699348965846002","0.700606765365228","0.736310838069767","0.607555434620008","0.673180126352236","10_15"
"10.8237948678069","1.75251883917236","0.869351427632955","1.65528675019394","0.823794867806916","0.13262575546609","0.978","0.62911404389888","0.0133903331588954","0.529719580197707","0.459065726259723","0.434659484773874","10_15"
"10.7101125079653","1.68621615762802","0.92764833685425","1.73893512547928","0.710112507965281","0.275990057562086","0.9952","0.572853363351896","0.934705231105909","0.723710946040228","0.31627170718275","0.476351245073602","10_15"
"10.222543798714","2.36195667335698","0.498287043212834","3.0897351391711","0.222543798714038","0.285294861737325","1","0.96988566443434","0.748163325068148","0.991451305053503","0.381304419903565","0.850180229131525","10_15"
"10.7976606542509","1.76235724142583","0.871348698146413","1.69745786367244","0.797660654250906","0.156390813995106","0.9954","0.576486610434949","0.570800095261075","0.369790045195259","0.39615730131045","0.315362547105178","10_15"
"5.81867694543919","1.55863512287062","1.00488778633373","1.27804393188935","0.81867694543919","0.197032193495871","0.9302","0.439830161537975","0.659776541474275","0.486838586581871","0.4","0.4","10_15"
"10.8237948678069","1.75251883917236","0.869351427632955","1.65528675019394","0.823794867806916","0.13262575546609","0.978","0.62911404389888","0.0133903331588954","0.529719580197707","0.459065726259723","0.434659484773874","10_15"
"10.7189638590747","1.84362639632313","0.820294854088908","1.93974864578107","0.718963859074691","0.171476967763517","0.9994","0.685475703231648","0.336951528271396","0.581964631252396","0.477854568180907","0.574890977659191","10_15"
"10.3827340770706","2.19040713924838","0.619340631178896","2.74956903593637","0.382734077070558","0.239613819777233","1","0.974815209292191","0.607438439985423","0.299015876455184","0.789695526500188","0.240632240281713","10_15"
"10.4835900884069","2.09895902644842","0.685455751521915","2.51563537960296","0.483590088406891","0.260706722844953","1","0.799955755564216","0.745377981980724","0.486168317082032","0.702942494464558","0.860940993338431","10_15"
"10.7168981261629","1.74875230096899","0.880932384405642","1.79745392775257","0.716898126162937","0.241315096207283","0.997","0.621152420047031","0.520862434161992","0.727735266477813","0.463643530328325","0.644159245564599","10_15"
"10.5329632514062","2.0456635047993","0.706866784530957","2.4084043206373","0.532963251406225","0.207800391318279","1","0.8","0.7","0.5","0.4","0.4","10_15"
"10.6850288090955","1.81100115592755","0.856782201091135","1.9230616456701","0.685028809095528","0.25710931055707","0.9994","0.625207732873969","0.60162052649539","0.617291785497218","0.754159377724864","0.0222068231087178","10_15"
"10.3396567449883","2.23731661633569","0.58444164214157","2.84734093108434","0.339656744988319","0.211540555383947","1","0.944350834764413","0.401379041212301","0.760413706713104","0.665065934966993","0.768739200364062","10_15"
"10.6715601710748","1.8135493490581","0.855643091996842","1.96177309433189","0.671560171074762","0.267378440777192","0.9994","0.638723789962648","0.895922912414952","0.728289418232615","0.331173425130048","0.589279147536497","10_15"
"10.3722120881827","2.21219654435367","0.611176762706614","2.77043208909311","0.372212088182686","0.285544350583851","1","0.870734394639152","0.865457214601295","0.630817720276123","0.548397065870992","0.886265473129888","10_15"
"5.98535061736426","1.60795989790447","0.962890502438452","1.10095406242859","0.985350617364259","0.107412746602694","0.834","0.423513389565051","0.329199904738925","0.330209954804741","0.20384269868955","0.284637452894822","10_15"
"10.3065405069472","2.29219596592168","0.563592648669949","2.89801311559192","0.306540506947159","0.354515265094553","1","0.874792267126031","0.89837947350461","0.882708214502782","0.745840622275136","0.685037862835452","10_15"
"10.5329632514062","2.0456635047993","0.706866784530957","2.4084043206373","0.532963251406225","0.207800391318279","1","0.8","0.7","0.5","0.4","0.4","10_15"
"10.5758705448692","1.95009926334969","0.775632022562629","2.22272083632789","0.575870544869247","0.289813001037047","1","0.700651034153998","0.699393234634772","0.663689161930233","0.792444565379992","0.726819873647764","10_15"
"10.6863690736922","1.85484669889037","0.816516570249033","1.99084496879263","0.686369073692243","0.220729210200807","1","0.687347280498722","0.347921742986266","0.754832794246516","0.726355237568054","0.765668646498388","10_15"
"10.5774260486338","1.93693042735042","0.785520943154536","2.19070871883531","0.577426048633779","0.30602492763722","1","0.691388583542238","0.708852865994289","0.739134418320461","0.784025286337244","0.762314695647176","10_15"
"10.5435467691005","2.03559469030475","0.720228532966224","2.37993457535993","0.543546769100459","0.240826886988831","1","0.774173457201386","0.682096123823949","0.697528222839859","0.418431527049201","0.752861895353267","10_15"
"10.657845209937","1.90954721313693","0.788833758182444","2.08898659184695","0.657845209936959","0.189173486801272","1","0.712849389456397","0.499983991647087","0.534785515830341","0.460113721226422","0.404225252674228","10_15"
"10.5348854874408","2.04504526549023","0.697617302813004","2.44578905099124","0.534885487440847","0.117827356374694","1","0.925298675533068","0.2731708194896","0.357055830219809","0.56837908688099","0.794870474987391","10_15"
"10.6429124893717","1.93482112522909","0.768570785738328","2.15773895530344","0.642912489371709","0.150474130004798","1","0.760169838462025","0.440223458525725","0.413161413418129","0.4","0.4","10_15"
"10.8091492182752","1.62678578684418","0.960406026654426","1.41944949840371","0.80914921827519","0.192155316683793","0.9668","0.5","0.5","0.5","0.5","0.5","10_15"
"10.5327623454945","2.04536426616586","0.706135762134541","2.41422371953207","0.532762345494527","0.226241784669272","1","0.799107025359405","0.528084092447577","0.746801901859412","0.43584984849713","0.724855749340067","10_15"
"10.4767019760583","2.10741290166756","0.671555497187949","2.54386474495964","0.476701976058263","0.243892362773306","1","0.828790942480295","0.489789339640913","0.745597128279624","0.762702571840698","0.764530163410135","10_15"
"10.6863690736922","1.85484669889037","0.816516570249033","1.99084496879263","0.686369073692243","0.220729210200807","1","0.687347280498722","0.347921742986266","0.754832794246516","0.726355237568054","0.765668646498388","10_15"
"10.4870513830562","2.08917928439429","0.683113141108782","2.50210976511432","0.487051383056197","0.272974409857563","1","0.797824965048974","0.743514884263277","0.789400227336849","0.481867447794658","0.776442497474591","10_15"
"10.4931945822103","2.08259089691652","0.684588220663927","2.4930676491653","0.493194582210332","0.278666805725021","1","0.79377914781923","0.663231127334752","0.74406278795259","0.700100450703839","0.738938677789674","10_15"
"10.6294092963827","1.89330820944176","0.802076103047123","2.10509976420236","0.62940929638272","0.252598427981206","1","0.696716461082413","0.573705831107114","0.741873532227283","0.519774684130535","0.74823176719757","10_15"
"10.6322573831987","1.92205955257835","0.788246333255511","2.10494618708554","0.632257383198705","0.231145042735497","1","0.693049010452996","0.565535642990134","0.537382698925541","0.726158784743511","0.808688355702939","10_15"
"10.8091492182752","1.62678578684418","0.960406026654426","1.41944949840371","0.80914921827519","0.192155316683793","0.9668","0.5","0.5","0.5","0.5","0.5","10_15"
"10.7443837295292","1.81462358749236","0.845056995448621","1.86823954881128","0.744383729529195","0.189024256514305","0.9988","0.656381129232143","0.342692240583235","0.60423146070279","0.668385954348079","0.0411139449507551","10_15"
"10.3249669584839","2.24322062472885","0.585736377902751","2.86649748394038","0.324966958483918","0.224455834671196","1","0.973867704731187","0.664912509582789","0.540136645877066","0.448875649138738","0.361566565594373","10_15"
"10.5906005261081","1.95755252893089","0.765642839687867","2.21919115947445","0.590600526108113","0.256066321163799","1","0.718530429654322","0.585972919351808","0.627604328091941","0.781991133556168","0.781607308324904","10_15"
"10.7864514667915","1.75393602795271","0.881763309251296","1.70197454657782","0.786451466791459","0.176383379136287","0.9908","0.620491882674396","0.325977168744031","0.600949415194819","0.398038549344663","0.442428198322881","10_15"
"10.8028844233728","1.75334094679361","0.876169962483208","1.69289278637713","0.802884423372766","0.162577663695105","0.9932","0.597400741380376","0.416538556041808","0.460255289217457","0.455263461048183","0.439134294363369","10_15"
"10.5312033808975","2.05098465118331","0.706141121567307","2.42355986579673","0.531203380897452","0.232359715102436","1","0.796916323425975","0.553849455217568","0.750580994872302","0.448502362640852","0.743185704245795","10_15"
"10.6190106355886","1.91109399391735","0.79341758029519","2.1286192487631","0.619010635588619","0.258154354167524","1","0.696821539372536","0.564264960697861","0.688751361624838","0.712858757830712","0.701498225367284","10_15"
"10.4843791383491","2.09849039277629","0.678212036766324","2.5240433282223","0.484379138349141","0.268853933955488","1","0.806948475826356","0.620442567565678","0.753950996753941","0.686388649463539","0.766523732601104","10_15"
"10.5072975459252","2.06464114469807","0.686267410549932","2.50706852700848","0.507297545925188","0.153557061646228","1","0.907419280032744","0.386591134772564","0.393140664058101","0.578832518704814","0.740083040310251","10_15"
"10.6394448363231","1.92964230785737","0.779764021419794","2.13582747210632","0.639444836323146","0.196775611436936","1","0.715088529665076","0.601263807646055","0.506218653749258","0.427366376269314","0.403098443470099","10_15"
"10.5899905738926","1.92932184087686","0.784749010781214","2.18488137705054","0.5899905738926","0.28209892591078","1","0.699348965846002","0.700606765365228","0.736310838069767","0.607555434620008","0.673180126352236","10_15"
"10.2500441343528","2.32835425677719","0.525578470304215","3.02410600792521","0.250044134352758","0.29546941666947","1","0.970833168995345","0.690689255470782","0.750330535631621","0.722124297265014","0.729245903818865","10_15"
"10.545717418175","2.03069412153509","0.71467950627988","2.37879514122448","0.545717418174977","0.199911019652752","1","0.797760859791321","0.598720184001031","0.528566862081083","0.432747344957108","0.401126809204129","10_15"
"10.7383216576364","1.70686685335389","0.910854696278573","1.68803055590718","0.738321657636441","0.233569973551289","0.993","0.581475524576381","0.622118395520773","0.652481111043116","0.377298884097811","0.468582531524595","10_15"
"10.6886790927461","1.78861229278944","0.868199391529259","1.89915750962217","0.688679092746147","0.262787868928941","0.999","0.624981914828493","0.655990708098904","0.702673066783208","0.543229337877605","0.66948089384508","10_15"
"10.6850288090955","1.81100115592755","0.856782201091135","1.9230616456701","0.685028809095528","0.25710931055707","0.9994","0.625207732873969","0.60162052649539","0.617291785497218","0.754159377724864","0.0222068231087178","10_15"
"10.7784245905134","1.7267586170438","0.903086989791988","1.66012917529126","0.778424590513385","0.191386992730894","0.988","0.609747056379588","0.312780459577801","0.671425672309567","0.400650246616705","0.493083907883987","10_15"
"10.8237948678069","1.75251883917236","0.869351427632955","1.65528675019394","0.823794867806916","0.13262575546609","0.978","0.62911404389888","0.0133903331588954","0.529719580197707","0.459065726259723","0.434659484773874","10_15"
"10.5260469292166","2.05869607360154","0.70557512674707","2.43139557599923","0.526046929216566","0.244145285479114","1","0.794254025609942","0.527764081976856","0.703618412403007","0.703138947289101","0.81792128413388","10_15"
"10.6796204644477","1.84827739432184","0.828404944381611","1.97472579349869","0.679620464447675","0.231255184138583","1","0.654302306873475","0.595879814183551","0.595024956046825","0.563627991557692","0.555983855817154","10_15"
"10.5899905738926","1.92932184087686","0.784749010781214","2.18488137705054","0.5899905738926","0.28209892591078","1","0.699348965846002","0.700606765365228","0.736310838069767","0.607555434620008","0.673180126352236","10_15"
"10.5606142846006","2.00362452640747","0.74122990459239","2.3066213178664","0.560614284600581","0.255335070127653","1","0.735978724458544","0.731542540271491","0.57446825229893","0.609371764848142","0.759759898442731","10_15"
"10.52461607984","2.04899745196464","0.714838899347453","2.40994782396072","0.524616079839952","0.274908487517441","1","0.763325996951674","0.714442207074462","0.648010902852868","0.701126164236423","0.774361221247936","10_15"
"10.796718152745","1.74781819857302","0.882709534932541","1.68512102456965","0.796718152744988","0.167364452553475","0.9882","0.620491882674396","0.325977168744031","0.600949415194819","0.239086773013696","0.442428198322881","10_15"
"10.7632416335955","1.81055316302464","0.839851409183128","1.83058590074353","0.763241633595483","0.151435380951606","0.9934","0.673812185755078","0.0651730302746674","0.619996239612583","0.487744232989753","0.663894818210219","10_15"
"10.7662750074024","1.77785588719204","0.863331364715944","1.77932219903765","0.766275007402377","0.190630426908167","0.9978","0.601838516239437","0.505261564798684","0.465498463965712","0.581028131192147","0.578931979513573","10_15"
"10.7673150329583","1.68343005629804","0.92755513216554","1.6025751690957","0.767315032958295","0.214728651489191","0.9874","0.566048296221699","0.483473303655403","0.61267162749455","0.467007840806683","0.49422216501905","10_15"
"10.8028844233728","1.75334094679361","0.876169962483208","1.69289278637713","0.802884423372766","0.162577663695105","0.9932","0.597400741380376","0.416538556041808","0.460255289217457","0.455263461048183","0.439134294363369","10_15"
"10.5803414825232","1.95837240420152","0.767157288492808","2.23823389149246","0.580341482523165","0.273069677394433","1","0.711052032293478","0.72390491650138","0.672635972922706","0.60832924476364","0.755465982589231","10_15"
"10.6676951211002","1.88473675137395","0.805097514333472","2.03541088842579","0.667695121100219","0.208282140595231","1","0.690578440346591","0.477984085231812","0.589620900092374","0.579654284517845","0.667964827849629","10_15"
"10.5281527840465","2.05884980227637","0.703411434191988","2.42649740001893","0.528152784046461","0.243369935671972","1","0.795317138168055","0.477397629004667","0.751988016567736","0.750237830579006","0.765284061641136","10_15"
"10.5322392497705","2.03099636896882","0.719334855939646","2.38356696662663","0.532239249770522","0.266460799948961","1","0.763713485560391","0.716087090415292","0.725488158144409","0.523503387411186","0.80456410637499","10_15"
"10.6306995559964","1.8929446115831","0.802338053872801","2.09439216579649","0.630699555996412","0.253086400810916","1","0.698086005078935","0.48609376986306","0.745257956598896","0.705531999024885","0.747854852202115","10_15"
"10.8237948678069","1.75251883917236","0.869351427632955","1.65528675019394","0.823794867806916","0.13262575546609","0.978","0.62911404389888","0.0133903331588954","0.529719580197707","0.459065726259723","0.434659484773874","10_15"
"10.6597290831869","1.85139261165972","0.827670013634698","2.00492871217953","0.659729083186944","0.253574358628127","1","0.654650823989804","0.648824068249456","0.646034178654891","0.578876927889978","0.443944792915891","10_15"
"10.8091492182752","1.62678578684418","0.960406026654426","1.41944949840371","0.80914921827519","0.192155316683793","0.9668","0.5","0.5","0.5","0.5","0.5","10_15"
"10.7864514667915","1.75393602795271","0.881763309251296","1.70197454657782","0.786451466791459","0.176383379136287","0.9908","0.620491882674396","0.325977168744031","0.600949415194819","0.398038549344663","0.442428198322881","10_15"
"10.5120814294487","2.07437796470202","0.696955648463114","2.4638549682387","0.512081429448674","0.247232225866126","1","0.797195163824202","0.632496680452162","0.649335330244152","0.609292044941521","0.52688258156675","10_15"
"10.6944462144","1.8213647651942","0.847791838241505","1.91810591717053","0.694446214400015","0.243540916932565","0.9996","0.630010774883866","0.587108074267578","0.58650783708995","0.68296827558215","0.691344296930923","10_15"
"10.629977224601","1.92186541449676","0.78705353739901","2.12881027113713","0.629977224600999","0.227468053743858","1","0.700670381222039","0.640437990790847","0.599196368329381","0.487023522991187","0.456833004907105","10_15"
"10.8237948678069","1.75251883917236","0.869351427632955","1.65528675019394","0.823794867806916","0.13262575546609","0.978","0.62911404389888","0.0133903331588954","0.529719580197707","0.459065726259723","0.434659484773874","10_15"
"10.6268017366192","1.90539434754302","0.796839177719808","2.11068296775764","0.626801736619201","0.253050956655604","1","0.688020150397623","0.63441827682146","0.653547928618799","0.586419847038965","0.786824952617096","10_15"
"10.6004364494148","1.95120509750921","0.772438586850825","2.2022891186406","0.600436449414802","0.248300478209922","1","0.713767114289039","0.661432582220437","0.643333123489643","0.547898287898135","0.619445564915229","10_15"
"10.6284084248574","1.88541193693557","0.80937294331847","2.09336712947568","0.628408424857352","0.263766483852023","1","0.688610241265789","0.562434738488434","0.745885675717387","0.628378673163176","0.690993920648509","10_15"
"10.6957917062948","1.85321350240904","0.824715361227381","1.97806618814945","0.695791706294811","0.209371094131858","1","0.665892166786349","0.579535623783709","0.585796767401375","0.427756029674961","0.534223268915983","10_15"
"10.6492450842289","1.87919241398613","0.814095492532085","2.04276753151213","0.649245084228887","0.241208835864545","1","0.661548137832751","0.710486263987088","0.57631774687324","0.523241760909639","0.477491531025015","10_15"
"10.5951725375381","1.96491573611452","0.760812632019573","2.22689623030057","0.595172537538073","0.242446539641275","1","0.727160489941579","0.59296343683812","0.60129476811798","0.684522845126982","0.78056674680254","10_15"
"10.705290665415","1.86135089163091","0.813276679389402","1.97780098915251","0.705290665415013","0.176841167940597","0.9994","0.694922469300189","0.347033445028433","0.599099920620509","0.484168553283167","0.724696565740597","10_15"
"10.5748012249289","1.98153182657036","0.755697439377589","2.26668535123643","0.574801224928917","0.263582404045027","1","0.724275658011069","0.708244389135339","0.638143117445991","0.60859795470451","0.677474042205735","10_15"
"10.8284698839867","1.65336023397377","0.943702657926669","1.43125814108199","0.82846988398669","0.174136482739309","0.9636","0.543698760157889","0.329307155922398","0.558754044815018","0.433642405810022","0.498861742864937","10_15"
"10.6604174893143","1.8831506371881","0.803071992125023","2.05303426803427","0.660417489314334","0.227971243486074","1","0.692383764513476","0.475541951940985","0.683508186876583","0.587094087686749","0.56170054021708","10_15"
"10.6361369899022","1.91963274405087","0.781399765640807","2.1337888968811","0.63613698990224","0.225320158493325","1","0.720821084810962","0.360313453622512","0.748441905958404","0.830385908484459","0.764914748267387","10_15"
"10.5249856733129","2.05479687879995","0.706088995543557","2.42917429403626","0.524985673312853","0.232053629587007","1","0.794344843786349","0.629454630883622","0.623294319789521","0.523555750719426","0.613182905427052","10_15"
"10.5937861496886","1.95545018071209","0.770343525781535","2.22282368952481","0.593786149688617","0.252282546492677","1","0.723131815862496","0.644741945595007","0.713102679699659","0.50570095670517","0.736656350688493","10_15"
"10.6774192050615","1.83415838781458","0.84067814629438","1.95848150333763","0.677419205061517","0.250365898548235","1","0.633426397543291","0.684978970083737","0.586000357434975","0.599664262018105","0.501074576150445","10_15"
"10.5724275569396","1.99642354509336","0.744787917552294","2.28873749062025","0.572427556939568","0.24475516316911","1","0.741252050919934","0.711783135611132","0.613753826041994","0.504825953697203","0.524740760593601","10_15"
"10.733927670206","1.77974892060364","0.874758021243714","1.80688641338333","0.73392767020598","0.220312007030309","0.998","0.606728742929387","0.593264969728399","0.561979470142667","0.511396622372888","0.498358531255681","10_15"
"10.8284698839867","1.65336023397377","0.943702657926669","1.43125814108199","0.82846988398669","0.174136482739309","0.9636","0.543698760157889","0.329307155922398","0.558754044815018","0.433642405810022","0.498861742864937","10_15"
"10.7598604470653","1.72185134997478","0.909813950995031","1.65393860500448","0.759860447065347","0.212695457666029","0.9938","0.554819394903363","0.617221294258689","0.514338276730573","0.511845138536751","0.479132999769334","10_15"
"10.6944462503343","1.86106427192014","0.814522296581529","1.99349102565917","0.694446250334322","0.198714298000002","0.9996","0.694922469300189","0.347033445028433","0.707990671508014","0.484168553283167","0.724696565740597","10_15"
"10.6700531323318","1.89412347150114","0.795956578992645","2.05606299787732","0.670053132331776","0.206305679751996","1","0.701280437916844","0.404814288702941","0.612964938786079","0.730286356274724","0.568908602398386","10_15"
"10.8246969767524","1.71675226855078","0.89737829926333","1.60231426316965","0.824696976752407","0.159410174056527","0.9858","0.58163940242466","0.344110915849812","0.492559574999814","0.436373580367896","0.44078475856064","10_15"
"10.6444230817166","1.90624464586254","0.791479574150216","2.09228690940716","0.644423081716571","0.217764375692835","1","0.699393774546534","0.5886184329795","0.619226702174253","0.43687154832917","0.575021644331086","10_15"
"10.6661248004273","1.86416773741036","0.820628715492339","2.00518382978952","0.666124800427334","0.236577812247733","1","0.658132515173325","0.61261536817093","0.576825226528216","0.606545774473684","0.667761251805493","10_15"
"10.7956137097959","1.69660468636838","0.91831435118522","1.58603307401269","0.795613709795885","0.192304133776801","0.986","0.56278348321003","0.478752598100369","0.551804327734129","0.420710307707144","0.471740587806392","10_15"
"10.8237948678069","1.75251883917236","0.869351427632955","1.65528675019394","0.823794867806916","0.13262575546609","0.978","0.62911404389888","0.0133903331588954","0.529719580197707","0.459065726259723","0.434659484773874","10_15"
"10.6680792582877","1.88901983807818","0.800912634351845","2.04382073544186","0.668079258287657","0.207599436656784","1","0.694949748361569","0.456255091482294","0.601049442999938","0.602974204379378","0.623349635501414","10_15"
"10.8180800401364","1.67704052035754","0.92767247795751","1.49444095753956","0.818080040136436","0.176961027030786","0.9776","0.557708399464366","0.347224570643662","0.54914508746069","0.477328241637519","0.470687610516489","10_15"
"10.7160778714331","1.83981198923047","0.826821005884015","1.93903223523464","0.716077871433067","0.19837204116571","0.9994","0.678302352452476","0.339608765591067","0.67185943475417","0.637797742811171","0.10102623119019","10_15"
"10.8099075999233","1.691933410862","0.921556413765578","1.5445266469445","0.809907599923258","0.180112644155608","0.9808","0.577530617043738","0.327442164549844","0.598393525311126","0.403930574536306","0.482654592297842","10_15"
"10.6995015871154","1.79504500534097","0.865921894710524","1.87828034392389","0.699501587115408","0.22938800963155","0.9946","0.673812185755078","0.0651730302746674","0.985662204911932","0.487744232989753","0.663894818210219","10_15"
"10.7728662336616","1.60000716299421","0.980641036678052","1.47972248502271","0.772866233661562","0.23009441298301","0.9732","0.519540646894118","0.455499164919571","0.635476967172325","0.600099552209734","0.696006145869001","10_15"
"10.7653390203105","1.6734959556261","0.934316111734623","1.60133347797331","0.765339020310464","0.223628315096226","0.9866","0.563482412784348","0.475792160194391","0.632152566659744","0.501376662023736","0.73474817508151","10_15"
"10.8284698839867","1.65336023397377","0.943702657926669","1.43125814108199","0.82846988398669","0.174136482739309","0.9636","0.543698760157889","0.329307155922398","0.558754044815018","0.433642405810022","0.498861742864937","10_15"
"10.7632416335955","1.81055316302464","0.839851409183128","1.83058590074353","0.763241633595483","0.151435380951606","0.9934","0.673812185755078","0.0651730302746674","0.619996239612583","0.487744232989753","0.663894818210219","10_15"
"10.8147815137466","1.68679342461424","0.919603002043122","1.532001094356","0.81478151374659","0.176792613570867","0.9816","0.559460099113605","0.401734796114394","0.526449759032661","0.45253228649031","0.497211278667666","10_15"
"10.830551997918","1.6492929803135","0.947253661867743","1.42094650955122","0.83055199791803","0.174361437386376","0.9604","0.541119189932942","0.327842160116584","0.56130993469871","0.427750380618379","0.458635348889976","10_15"
"10.796718152745","1.74781819857302","0.882709534932541","1.68512102456965","0.796718152744988","0.167364452553475","0.9882","0.620491882674396","0.325977168744031","0.600949415194819","0.239086773013696","0.442428198322881","10_15"
"10.8028844233728","1.75334094679361","0.876169962483208","1.69289278637713","0.802884423372766","0.162577663695105","0.9932","0.597400741380376","0.416538556041808","0.460255289217457","0.455263461048183","0.439134294363369","10_15"
"10.6223244814584","1.92008558382041","0.788530944834104","2.13999004178521","0.622324481458414","0.238914652976824","1","0.696909558250242","0.703766761678952","0.624887690619178","0.45852114305413","0.646768624218849","10_15"
"10.7284969539376","1.82484070818127","0.843171049541196","1.89104843625352","0.72849695393757","0.200283833535721","0.9994","0.652702624254406","0.462685514099857","0.601194740312861","0.479587190092268","0.599645309624007","10_15"
"10.6445640047623","1.88342457717367","0.807113139107335","2.06212183908371","0.644564004762274","0.241397416130702","1","0.680034640829585","0.599673778606137","0.633545049704903","0.57756413138447","0.642920627286365","10_15"
"10.6130155529281","1.90987379985203","0.801216426128863","2.1132386597883","0.613015552928098","0.265779957394686","1","0.677550424533293","0.714822107305589","0.639206038149829","0.59921372610943","0.714667607174128","10_15"
"10.7413024939802","1.62389713834533","0.973033037422384","1.59119720813315","0.741302493980222","0.229418030857211","0.972","0.598941374953937","0.0947662111209314","0.968983878049346","0.47971438520408","0.478935405659661","10_15"
"0.0929707757360518","0.594039465908349","1.57524922404252","0.00975299389086193","0.0929707757360518","0.270780696413464","0.001","0.0155072559136897","0.32865773575976","0.559716303247517","0.428387128796148","0.482161359891455","10_15"
"10.8284698839867","1.65336023397377","0.943702657926669","1.43125814108199","0.82846988398669","0.174136482739309","0.9636","0.543698760157889","0.329307155922398","0.558754044815018","0.433642405810022","0.498861742864937","10_15"
"10.8246969767524","1.71675226855078","0.89737829926333","1.60231426316965","0.824696976752407","0.159410174056527","0.9858","0.58163940242466","0.344110915849812","0.492559574999814","0.436373580367896","0.44078475856064","10_15"
"10.8284698839867","1.65336023397377","0.943702657926669","1.43125814108199","0.82846988398669","0.174136482739309","0.9636","0.543698760157889","0.329307155922398","0.558754044815018","0.433642405810022","0.498861742864937","10_15"
"10.8253280793886","1.65444532513835","0.943800045363081","1.43993373146363","0.825328079388631","0.176612398525095","0.9654","0.544383323807635","0.330334834850472","0.560635705502029","0.463798497469491","0.462547040479521","10_15"
"10.7362460362446","1.77945476852103","0.872696281727754","1.80988612409241","0.736246036244584","0.212686021400624","0.9976","0.612264931191085","0.585914857568056","0.578128177349824","0.454487031289182","0.447010253334751","10_15"
"10.7412409159557","1.80605821489014","0.854585485821851","1.8489619824676","0.741240915955709","0.197530907464012","0.9986","0.636557184259435","0.478344004078048","0.561409377442055","0.498800980617254","0.584111188121146","10_15"
"10.7845947199367","1.70078939594603","0.918502316997781","1.60356657114116","0.784594719936681","0.196904990810473","0.9864","0.580337637531318","0.387095071791723","0.613860717424883","0.476877872531846","0.645882132424481","10_15"
"10.7632416335955","1.81055316302464","0.839851409183128","1.83058590074353","0.763241633595483","0.151435380951606","0.9934","0.673812185755078","0.0651730302746674","0.619996239612583","0.487744232989753","0.663894818210219","10_15"
"10.7716859792108","1.68400882322463","0.927097391829402","1.59132892674294","0.771685979210836","0.211950089404225","0.9872","0.563173873122567","0.476027801041448","0.602139660722433","0.47008338022069","0.632097730261677","10_15"
"10.7985277067099","1.74370796940582","0.884844423944204","1.67498328691809","0.798527706709863","0.168029374915708","0.9882","0.614955694412698","0.333327280904375","0.584800707987662","0.295996364097402","0.493776476243811","10_15"
"10.7500826487631","1.81618121661666","0.846491024854916","1.85786372025052","0.750082648763071","0.178702810943401","0.998","0.659298911963317","0.334039418748709","0.604455378940189","0.505441575483838","0.460608415170822","10_15"
"10.7800455752893","1.77398696479548","0.864445342858776","1.76100023294082","0.780045575289306","0.169998308783347","0.9942","0.632579210265508","0.317631389797398","0.565823414323276","0.485358089423191","0.655647023067047","10_15"
"10.8023644374163","1.7592733392113","0.865275005747394","1.70284640445007","0.802364437416285","0.154000995445743","0.9912","0.627823803340477","0.256502578024319","0.538819716833318","0.460052880305147","0.4380852545233","10_15"
"10.7089146763931","1.82640750861045","0.840414529628766","1.91020900973023","0.708914676393052","0.219191844433575","1","0.647816184011833","0.499573062586519","0.599524053111328","0.602689594249721","0.561083102026754","10_15"
"10.824394453254","1.70533967369215","0.90461370216276","1.570619645907","0.824394453253987","0.159096932476056","0.977","0.592074396399006","0.204050320455309","0.5729251389011","0.500788390909249","0.558916629858407","10_15"
"10.7407577940612","1.82783263240997","0.826450620435649","1.90641605597245","0.740757794061227","0.164231137725714","0.9982","0.680559961893028","0.256077501457185","0.587525747323585","0.599948872147761","0.563341109625105","10_15"
"10.8117294836939","1.67723978365571","0.931479288470561","1.51131120902568","0.811729483693903","0.181086696208187","0.9766","0.567217704634113","0.327624015973436","0.597530823082098","0.405275561986613","0.462875387518829","10_15"
"10.8100054750023","1.703776712168","0.909373485540599","1.57706303999689","0.81000547500226","0.178420116130581","0.9864","0.56478417767769","0.43280800425248","0.510851424234675","0.460872369859786","0.529650801217669","10_15"
"10.8279728282489","1.65246830278343","0.944843874892563","1.4297541107102","0.827972828248907","0.174445545333367","0.9626","0.543178571336813","0.328491580279223","0.560347676266211","0.433005657632253","0.475335731863458","10_15"
"10.7632416335955","1.81055316302464","0.839851409183128","1.83058590074353","0.763241633595483","0.151435380951606","0.9934","0.673812185755078","0.0651730302746674","0.619996239612583","0.487744232989753","0.663894818210219","10_15"
"5.86623813546195","1.64531463527321","0.941620372856888","1.39310158284625","0.866238135461948","0.144622953711708","0.9374","0.551432102342567","0.114746522158384","0.562172636927739","0.426405393168072","0.478414553668989","10_15"
"10.6743581207905","1.43004555601823","1.08735547730044","1.49225772750592","0.674358120790468","0.318376586284538","0.9656","0.519540646894118","0.455499164919571","0.982425559079275","0.600099552209734","0.696006145869001","10_15"
"10.8215903694613","1.66983806530991","0.931011765297706","1.48144614273708","0.821590369461262","0.17543255007761","0.9746","0.554444265589674","0.344731895909775","0.54981931665737","0.441280124786407","0.466775918926944","10_15"
"10.7779736090844","1.68771247336221","0.926126623420477","1.59212528686519","0.777973609084369","0.202563529454777","0.986","0.563092022871811","0.478516957253312","0.58181723367144","0.452003589510191","0.574391032626226","10_15"
"10.830551997918","1.6492929803135","0.947253661867743","1.42094650955122","0.83055199791803","0.174361437386376","0.9604","0.541119189932942","0.327842160116584","0.56130993469871","0.427750380618379","0.458635348889976","10_15"
"10.7728662336616","1.60000716299421","0.980641036678052","1.47972248502271","0.772866233661562","0.23009441298301","0.9732","0.519540646894118","0.455499164919571","0.635476967172325","0.600099552209734","0.696006145869001","10_15"
"10.7755729751333","1.70869505641922","0.913894276906519","1.63510355941148","0.775572975133333","0.201859320071752","0.988","0.596534057532896","0.333011511392202","0.665797581125107","0.536286741863639","0.123072408317209","10_15"
"5.86820326370935","1.6661077900143","0.932311095917412","1.41640714743897","0.868203263709349","0.139062613764149","0.945","0.55899864002277","0.104112325778239","0.540044950825078","0.476341087592095","0.467261840767063","10_15"
"10.7837800506002","1.72794610494293","0.901166600986361","1.6589962579945","0.783780050600171","0.193784797213699","0.9914","0.589777106650912","0.407951524748051","0.576483649177059","0.523986147199295","0.465771580655606","10_15"
"10.7980475516448","1.66123116428269","0.941403571842916","1.51188699342561","0.798047551644812","0.198065336392028","0.9776","0.541922113613821","0.400894394166504","0.562153983198178","0.577013809033082","0.599426557051882","10_15"
"10.801849247255","1.7417592896088","0.887592751821384","1.64735220138897","0.801849247254961","0.157878245446103","0.9808","0.624520894688217","0.11087155140615","0.641048448263055","0.163083263440058","0.532841543771887","10_15"
"10.7862331521927","1.68442677872366","0.928028899855824","1.58056878518773","0.786233152192657","0.203207060342248","0.9848","0.571544569778365","0.381692647623616","0.621859845274975","0.528260048397331","0.436508829096553","10_15"
"10.8284698839867","1.65336023397377","0.943702657926669","1.43125814108199","0.82846988398669","0.174136482739309","0.9636","0.543698760157889","0.329307155922398","0.558754044815018","0.433642405810022","0.498861742864937","10_15"
"10.8253280793886","1.65444532513835","0.943800045363081","1.43993373146363","0.825328079388631","0.176612398525095","0.9654","0.544383323807635","0.330334834850472","0.560635705502029","0.463798497469491","0.462547040479521","10_15"
"10.825904611068","1.65381050003773","0.944086051202246","1.43687001361891","0.825904611067974","0.17540153238488","0.9648","0.544002106022248","0.330034387589102","0.560453080107817","0.449116193409057","0.480685361617118","10_15"
"10.8018443280366","1.6762583526869","0.933243255764212","1.53657369685574","0.801844328036647","0.189762359124932","0.9798","0.556212966772544","0.418330926780938","0.572209655002345","0.427342705769641","0.518762784055457","10_15"
"10.830551997918","1.6492929803135","0.947253661867743","1.42094650955122","0.83055199791803","0.174361437386376","0.9604","0.541119189932942","0.327842160116584","0.56130993469871","0.427750380618379","0.458635348889976","10_15"
"5.82177720504844","1.62103865996728","0.96932863264803","1.3850975486433","0.821777205048443","0.181758723501704","0.9492","0.533883718906863","0.269112435071807","0.604939066757077","0.556486467556902","0.519066730918458","10_15"
"10.8269541481651","1.65397140198118","0.943407650136372","1.43597552972604","0.826954148165052","0.174973916197798","0.9644","0.544079977943275","0.329607603183767","0.558936670209229","0.448324709870457","0.48072342172734","10_15"
"10.8284698839867","1.65336023397377","0.943702657926669","1.43125814108199","0.82846988398669","0.174136482739309","0.9636","0.543698760157889","0.329307155922398","0.558754044815018","0.433642405810022","0.498861742864937","10_15"
"10.8195624856576","1.70691848154135","0.905182558276044","1.57990255221392","0.819562485657555","0.166518933905076","0.9832","0.583729202261443","0.299650802285503","0.551964011097798","0.460845979943518","0.478237873819607","10_15"
"10.8508855595789","1.66059784914682","0.937334467763424","1.43190160579059","0.850885559578896","0.151762526511346","0.95","0.558311158441833","0.174932552630757","0.571780215596833","0.451066276908622","0.534042802239758","10_15"
"10.8139853775242","1.66240096154879","0.941344611565714","1.48536878135017","0.813985377524157","0.184487379927946","0.974","0.557587343583683","0.304050218195839","0.597813034828585","0.536166285315586","0.668319819736695","10_15"
"10.7867933629037","1.63583441554568","0.957787122965703","1.52327236910026","0.786793362903749","0.218573158478007","0.98","0.535419430501802","0.455766466851055","0.6054578790816","0.560273361397944","0.632181367343561","10_15"
"10.7713442939585","1.72230496371097","0.904903733797178","1.66646116855295","0.771344293958529","0.205214392869828","0.9932","0.57773030304395","0.466821222269682","0.559669018131191","0.583496852580866","0.501133703402272","10_15"
"10.7977289543713","1.61477374614619","0.971788421104108","1.45024246379628","0.797728954371311","0.206085843805275","0.9698","0.532062798869971","0.399336666662842","0.623142300631518","0.464365867963059","0.563355507744063","10_15"
"10.7115608465174","1.68533057874852","0.926713135641486","1.75088856882549","0.711560846517361","0.277589456333691","0.9942","0.610977664525155","0.462238663792829","0.889344807228346","0.495701964848725","0.53020505000892","10_15"
"10.6913337341551","1.51178869441436","1.04218841368368","1.54772136558152","0.691333734155068","0.295542064486706","0.9732","0.549205116401339","0.386327038831652","0.971907560124329","0.599687423584017","0.493908534217137","10_15"
"10.7375984468469","1.66508460983064","0.938364783613559","1.65057440380434","0.737598446846926","0.254712564083422","0.9914","0.547295089514884","0.65870851976797","0.632158748813158","0.50990957103248","0.695922508787117","10_15"
"10.7706426147424","1.71379222441966","0.909657720291449","1.64661834135963","0.770642614742449","0.204745970958879","0.99","0.588081510626342","0.429835821021897","0.625754969521572","0.460030282976499","0.260954611846883","10_15"
"10.772260477936","1.77045262161787","0.874633647982912","1.75633738435845","0.772260477936029","0.185041265574625","0.9946","0.624530146557557","0.377483736226612","0.589674351637508","0.460472866455262","0.526725317551426","10_15"
"10.7708384617313","1.67815620167979","0.936761195485901","1.57432876015525","0.770838461731266","0.21200577862913","0.986","0.543178571336813","0.577510603936389","0.560347676266211","0.433005657632253","0.475335731863458","10_15"
"10.7759642483139","1.7429210801268","0.884748468538565","1.70842929509639","0.775964248313947","0.194059470102161","0.9928","0.605051963895353","0.322209265274046","0.573351651053359","0.896372553892434","0.538510638695271","10_15"
"10.7609346183305","1.76766453856417","0.875668720605519","1.75338575419285","0.760934618330464","0.195013935318746","0.9964","0.613480731327732","0.442889307872083","0.569357617248567","0.503665964957979","0.615024669473843","10_15"
"10.830551997918","1.6492929803135","0.947253661867743","1.42094650955122","0.83055199791803","0.174361437386376","0.9604","0.541119189932942","0.327842160116584","0.56130993469871","0.427750380618379","0.458635348889976","10_15"
"5.92971146283947","1.79799985126986","0.847669930310253","1.55189352924275","0.929711462839465","0.0669671781638319","0.9478","0.569276905446715","0.16393833720885","0.129306000424549","0.480126513829798","0.681033017311525","10_15"
"0.750243403325714","1.31306866493978","1.15929283782052","0.745161347127318","0.750243403325714","0.194392889274528","0.638","0.357248281361535","0.323046140496788","0.590002586352015","0.473965921377947","0.580011771890605","10_15"
"10.73537926606","1.8374839014006","0.822581333338109","1.90588850130447","0.73537926605997","0.159361736113085","0.9986","0.678470162056245","0.300537615021494","0.5281213112256","0.575476472572139","0.525887994366138","10_15"
"10.8049101723405","1.64970209874814","0.949405342868626","1.47696849391374","0.804910172340495","0.189652059484613","0.9742","0.538577412426464","0.40776681110319","0.567534240696858","0.454709656176981","0.55683095514521","10_15"
"10.7862331521927","1.68442677872366","0.928028899855824","1.58056878518773","0.786233152192657","0.203207060342248","0.9848","0.571544569778365","0.381692647623616","0.621859845274975","0.528260048397331","0.436508829096553","10_15"
"10.8207253559721","1.67006327696093","0.934974416561554","1.47403346261455","0.820725355972066","0.17807066292876","0.9736","0.554038676861155","0.308447955769417","0.563209463138962","0.568177870859408","0.609172352321506","10_15"
"10.7708384617313","1.67815620167979","0.936761195485901","1.57432876015525","0.770838461731266","0.21200577862913","0.986","0.543178571336813","0.577510603936389","0.560347676266211","0.433005657632253","0.475335731863458","10_15"
"10.8187397728979","1.65031088962846","0.950350495361462","1.45939996644504","0.818739772897869","0.18330140087258","0.9664","0.55147001405484","0.284068727121148","0.603725380165375","0.538892376359035","0.552347048903935","10_15"
"10.7977121933008","1.64337101224278","0.954280957351078","1.48545479080388","0.797712193300837","0.200187975362983","0.9752","0.540921996018613","0.377607258931632","0.596860308593971","0.55388841509142","0.556073833925691","10_15"
"10.8164823489129","1.63411708976999","0.960343809498687","1.41391426343028","0.816482348912909","0.185259294752526","0.9594","0.540001048435705","0.289093926146498","0.599026721420287","0.553760376513453","0.635039501751218","10_15"
"10.8508855595789","1.66059784914682","0.937334467763424","1.43190160579059","0.850885559578896","0.151762526511346","0.95","0.558311158441833","0.174932552630757","0.571780215596833","0.451066276908622","0.534042802239758","10_15"
"10.8508855595789","1.66059784914682","0.937334467763424","1.43190160579059","0.850885559578896","0.151762526511346","0.95","0.558311158441833","0.174932552630757","0.571780215596833","0.451066276908622","0.534042802239758","10_15"
"10.830551997918","1.6492929803135","0.947253661867743","1.42094650955122","0.83055199791803","0.174361437386376","0.9604","0.541119189932942","0.327842160116584","0.56130993469871","0.427750380618379","0.458635348889976","10_15"
"10.7922277280841","1.6527042439532","0.948331149946512","1.50663918924467","0.792227728084126","0.202493905988205","0.977","0.545470780336349","0.396496656592926","0.596757554887801","0.54500222348926","0.658574024467072","10_15"
"10.8247988760742","1.63105617865202","0.961985856609042","1.40797214892735","0.824798876074159","0.175340022282258","0.9518","0.546952716345311","0.253797172238693","0.62543958861758","0.416318722027717","0.48617081801562","10_15"
"10.8274209327453","1.65349962560417","0.943671335297638","1.43422964012012","0.827420932745324","0.174655074941996","0.964","0.543784975707101","0.329353981128523","0.558907188592214","0.444453414558032","0.49832116366459","10_15"
"10.819681439827","1.65422982261059","0.944755729565439","1.4591258776502","0.819681439827008","0.182227367795657","0.971","0.542975331375683","0.352375451156987","0.561185483619292","0.506289810568399","0.567547782276102","10_15"
"10.7713442939585","1.72230496371097","0.904903733797178","1.66646116855295","0.771344293958529","0.205214392869828","0.9932","0.57773030304395","0.466821222269682","0.559669018131191","0.583496852580866","0.501133703402272","10_15"
"10.7775675680776","1.65267879829773","0.94932313080581","1.5733110548339","0.777567568077632","0.220999967170384","0.9822","0.567610049384119","0.41146983546783","0.693307650232543","0.446381861098419","0.520793232288023","10_15"
"10.7775002330452","1.66468703997092","0.93990620965542","1.56183504844724","0.777500233045152","0.213312731978188","0.9834","0.559227523344831","0.428824273891924","0.624666215912101","0.516826939277124","0.524937784532116","10_15"
"10.7718030143627","1.74358099499444","0.891682503129767","1.70068988379442","0.771803014362674","0.185092081755905","0.99","0.620746749679718","0.434584983103846","0.664201692910865","0.179770199044594","0.522006457619724","10_15"
"10.8096106422441","1.65493958781072","0.943560255033098","1.48387692349207","0.809610642244075","0.188039017016215","0.9754","0.542948888260386","0.378553330598619","0.561421579686704","0.51984019187374","0.512564136392898","10_15"
"10.7757907845411","1.85316300925925","0.812634369378435","1.87716347651896","0.775790784541062","0.112919326182785","0.9976","0.559612135948418","0.611576893499661","0.0715024236124009","0.521342680152687","0.607493553351554","10_15"
"10.830551997918","1.6492929803135","0.947253661867743","1.42094650955122","0.83055199791803","0.174361437386376","0.9604","0.541119189932942","0.327842160116584","0.56130993469871","0.427750380618379","0.458635348889976","10_15"
"10.8051417339094","1.66879324843989","0.938591194592863","1.51942303693885","0.805141733909445","0.190063040126341","0.9774","0.55981151917922","0.367152479958635","0.596527419907615","0.451933220236402","0.309712150245525","10_15"
"10.8090880504685","1.7241035868259","0.899167463408196","1.61983642207437","0.809088050468476","0.158645522731771","0.9792","0.610994789273298","0.148256004093135","0.614814826684191","0.516236475035538","0.535128891580975","10_15"
"10.7633385185991","1.66738862421018","0.93906552908352","1.63090710060031","0.763338518599126","0.232322908665359","0.986","0.587066375298925","0.380075984247397","0.754791201810821","0.482962509560328","0.508273560585834","10_15"
"10.7534111387371","1.61624768323948","0.967215976491279","1.56133585821985","0.753411138737145","0.243537572714765","0.9822","0.55145655240218","0.485480597013945","0.717507340776956","0.479655785489038","0.523670127644","10_15"
"10.8280437074365","1.6538362648907","0.94343997909048","1.43301631732126","0.828043707436468","0.174238200381053","0.9636","0.543993762394064","0.329560777977642","0.558783526432033","0.437513701122447","0.481264000927687","10_15"
"10.8269541481651","1.65397140198118","0.943407650136372","1.43597552972604","0.826954148165052","0.174973916197798","0.9644","0.544079977943275","0.329607603183767","0.558936670209229","0.448324709870457","0.48072342172734","10_15"
"10.7903551825979","1.75007285346562","0.88335303204121","1.69548400797188","0.790355182597888","0.175533962974015","0.9904","0.618578069310272","0.284824812587061","0.599585272632223","0.543219342296953","0.536223290886183","10_15"
"10.7980141615467","1.6939615160482","0.922513372256065","1.57657554516815","0.798014161546732","0.190838287263996","0.9842","0.572349969390398","0.392290944247029","0.588164219823187","0.456421772610554","0.431965883328698","10_15"
"10.7224574795795","1.71648778924868","0.901041935753315","1.75181945218996","0.72245747957948","0.250466876877472","0.9958","0.602699683459788","0.554268670715274","0.732185142717601","0.44905183699194","0.481870654228378","10_15"
"10.8283802318892","1.65236473983701","0.945050197837169","1.42829870621749","0.828380231889174","0.174299859959934","0.9624","0.543119095099675","0.327902014970318","0.560704087455403","0.428979387095885","0.471952578297907","10_15"
"10.7996400635685","1.67684002517371","0.934011884244756","1.54725134485817","0.799640063568461","0.191939606288424","0.9802","0.568325649033959","0.338469845326788","0.612121697435199","0.509208734835058","0.44751188994123","10_15"
"5.88043367652452","1.56307609326268","1.00429377863071","1.17030316613732","0.880433676524518","0.155232404779485","0.8672","0.48998980014585","0.174932552630757","0.571780215596833","0.451066276908622","0.534042802239758","10_15"
"10.82033770911","1.65573904141952","0.943655728641152","1.45691480843414","0.820337709109999","0.18110357339917","0.9706","0.543417665850754","0.353387310237391","0.559420865384292","0.492825280351549","0.512074866192192","10_15"
"10.8282089626153","1.66279519144873","0.939386245830109","1.45367955073605","0.828208962615258","0.173561078308155","0.9658","0.552920544531712","0.301032122777259","0.571747732606003","0.445284037221581","0.461157850541959","10_15"
"10.8272800437082","1.65368560624695","0.943561888581641","1.4348180642618","0.827280043708202","0.174731359043641","0.9642","0.543901907201434","0.329445081640977","0.558908235289301","0.445584282247426","0.49355984928642","10_15"
"10.830551997918","1.6492929803135","0.947253661867743","1.42094650955122","0.83055199791803","0.174361437386376","0.9604","0.541119189932942","0.327842160116584","0.56130993469871","0.427750380618379","0.458635348889976","10_15"
"0.732100735428331","1.26000673313943","1.1963981083265","0.517869436490563","0.732100735428331","0.181831207626716","0.4818","0.33364394819364","0.217785392536411","0.597027556864523","0.460972208690252","0.549126801217926","10_15"
"10.833502031608","1.65974607080497","0.9411051924624","1.4369097015264","0.833502031608021","0.167811885333672","0.9596","0.554075471735033","0.241215887215495","0.578478038897685","0.528986444577405","0.537263049925767","10_15"
"5.85396673041667","1.65139111150467","0.945686607764987","1.39992917987464","0.853966730416668","0.153185997348393","0.945","0.546509803843063","0.201742589970083","0.561342417689541","0.433532620305419","0.531520300587775","10_15"
"10.8214425945816","1.65524392943503","0.944075629483384","1.44807340879423","0.821442594581576","0.180691909473507","0.9692","0.543524984803696","0.354726798338871","0.560784240734445","0.464528612644638","0.481753271128393","10_15"
"10.8027675103951","1.68162817009203","0.924290587722783","1.5504290454588","0.802767510395063","0.190307068317048","0.9842","0.548375469042604","0.457784734770324","0.523471164709414","0.509273999032051","0.590827076569179","10_15"
"10.8508855595789","1.66059784914682","0.937334467763424","1.43190160579059","0.850885559578896","0.151762526511346","0.95","0.558311158441833","0.174932552630757","0.571780215596833","0.451066276908622","0.534042802239758","10_15"
"10.8116891568786","1.65241497908141","0.947691640480896","1.4712383333278","0.81168915687861","0.186720015541164","0.972","0.549405073317877","0.33494471320358","0.592546044722989","0.490911978040342","0.544011120109319","10_15"
"10.8033102292293","1.73058038662201","0.894651302033603","1.6410583215557","0.803310229229255","0.161462815532051","0.9808","0.617023236053749","0.152602647023015","0.636357641657744","0.360898675958963","0.526206956205678","10_15"
"10.8282428784069","1.65377952375214","0.943860025332384","1.43083295883155","0.82824287840685","0.174173138203706","0.963","0.543976411898749","0.328873642675063","0.559847734317762","0.429365869858077","0.47248610454538","10_15"
"10.8086737959052","1.68094225825654","0.928973013510963","1.52067034658291","0.808673795905156","0.183208752660977","0.9788","0.566570242652639","0.331680057702178","0.587224662064984","0.487623662715557","0.450406515790694","10_15"
"10.816687094304","1.6381865533358","0.957157914065158","1.42609743019923","0.816687094304017","0.185169352466541","0.9624","0.542042174008378","0.293904479739854","0.596049556250609","0.557861632785907","0.610214467431656","10_15"
"10.8048754067392","1.6699405192394","0.936894320924382","1.52387950951051","0.804875406739229","0.189495508576756","0.9788","0.557870270909917","0.37440572298547","0.585841380265177","0.465797226128856","0.370602425126443","10_15"
"10.8283680434767","1.6505209881173","0.945832965368831","1.42784662472528","0.828368043476722","0.174918859985422","0.9624","0.541785070540368","0.329294126274789","0.559513035835521","0.443224408080526","0.48500393425666","10_15"
"10.8143690751866","1.65842518931962","0.942665447640094","1.48168131588003","0.814369075186579","0.184356554265003","0.9746","0.547003896451507","0.372576783425351","0.56864533643199","0.463504728120305","0.487318102819913","10_15"
"10.8270929661519","1.65377603516382","0.943512709504746","1.43539132749467","0.827092966151882","0.174853827343567","0.9642","0.543963046448942","0.329516502671312","0.558935623512143","0.447193842181063","0.485484736105511","10_15"
"10.8295292594648","1.64943827229445","0.946778767457502","1.42316279227935","0.829529259464777","0.17479675225785","0.9616","0.541136540428257","0.328529295419163","0.560245726812981","0.435898211882749","0.467413245272283","10_15"
"10.8225185338504","1.66539336778244","0.938027894417029","1.46298569549231","0.822518533850387","0.178274208287293","0.971","0.551997551288482","0.303637402176062","0.566186628308639","0.564076614586954","0.633997386641068","10_15"
"10.8203784158491","1.82647459533323","0.830476443016598","1.76991351206281","0.820378415849051","0.106445124293644","0.994","0.554211998281496","0.506167609886325","0.109216742522278","0.518358491689035","0.584214259058477","10_15"
"10.8039218396126","1.67451234485958","0.934716225227169","1.53476165691861","0.803921839612569","0.190292735421081","0.9794","0.562945944508227","0.346440157189947","0.594644896520484","0.519270171083665","0.522994264970597","10_15"
"10.8280437074365","1.6538362648907","0.94343997909048","1.43301631732126","0.828043707436468","0.174238200381053","0.9636","0.543993762394064","0.329560777977642","0.558783526432033","0.437513701122447","0.481264000927687","10_15"
"10.8061598160806","1.68032628163513","0.928460278601485","1.53547024330421","0.806159816080618","0.186912201063015","0.9808","0.559818403598913","0.369058842314269","0.564149020897165","0.536975980754405","0.59073171985951","10_15"
"10.7626845314783","1.74759556904428","0.889690480623261","1.71432391762314","0.762684531478282","0.19721554928892","0.9926","0.614718302899267","0.430238340173966","0.642658877937312","0.33510799812117","0.530928392995022","10_15"
"10.807831868493","1.65462945340897","0.945336841254845","1.48349777467076","0.807831868492969","0.188700908016731","0.975","0.544890136529689","0.371300087571784","0.572107619329141","0.505976185981285","0.451673861511979","10_15"
"10.8508855595789","1.66059784914682","0.937334467763424","1.43190160579059","0.850885559578896","0.151762526511346","0.95","0.558311158441833","0.174932552630757","0.571780215596833","0.451066276908622","0.534042802239758","10_15"
"10.833502031608","1.65974607080497","0.9411051924624","1.4369097015264","0.833502031608021","0.167811885333672","0.9596","0.554075471735033","0.241215887215495","0.578478038897685","0.528986444577405","0.537263049925767","10_15"
"10.8235099988309","1.6501925274935","0.948825144945745","1.44171336378917","0.82350999883092","0.181055289573507","0.966","0.544328710618725","0.333734106362856","0.577245941781246","0.461070330242382","0.525295127594232","10_15"
"10.8119589196789","1.6724888218267","0.933568600667769","1.49883650415287","0.81195891967888","0.182167748623922","0.9762","0.562882518752169","0.311203973876257","0.590994924940909","0.503858548970457","0.58775059771711","10_15"
"10.8274770215821","1.65203118050805","0.944667151529384","1.43149713573142","0.827477021582136","0.174662571861325","0.9634","0.542787738010684","0.32941886705783","0.559061793556559","0.444047994917742","0.485068891190979","10_15"
"10.8212521969034","1.65589713526791","0.944155881093735","1.45065074057417","0.821252196903419","0.180156508388049","0.9694","0.545085435074953","0.356336775061994","0.564900235833438","0.440188322794931","0.485889611846255","10_15"
"10.8192058429347","1.6701223468771","0.934599842807272","1.47370973016524","0.819205842934653","0.178263763875207","0.9744","0.554271814823212","0.331199118492954","0.562435655156414","0.483395724314612","0.460713665693839","10_15"
"10.8219285715677","1.65719813042829","0.942881578333014","1.44800784786078","0.821928571567708","0.178988023103325","0.9684","0.545894873275303","0.34511365103842","0.563592834916314","0.45268227518345","0.473914595519039","10_15"
"10.8384112294455","1.66791700060915","0.935656703077691","1.44823897583254","0.838411229445493","0.160982585444187","0.9572","0.561567221389766","0.213286985155837","0.584468826558325","0.456598960013776","0.496317298357061","10_15"
"10.8028238545758","1.6721487720281","0.932789206209132","1.52490148561553","0.802823854575816","0.190765102333695","0.9808","0.544198098874342","0.442739261528164","0.536223806840793","0.501441102258702","0.552061885110449","10_15"
"10.8272085522396","1.65374999301295","0.943518045959188","1.4351253454884","0.827208552239563","0.174777501902435","0.9642","0.543946995625985","0.329448887569503","0.558908285312954","0.446342914635441","0.491218822484257","10_15"
"10.8236544707424","1.64464130614171","0.952011194839368","1.43103104943354","0.823654470742356","0.182412567799658","0.9636","0.543061528645262","0.295623402051386","0.584666115602942","0.557105320863018","0.602263426077898","10_15"
"10.8278801040202","1.64702767376251","0.948766989417552","1.42507170149774","0.827880104020159","0.177041857993912","0.9614","0.542099740462791","0.326183092658786","0.57208752810307","0.429735699018774","0.479903619651664","10_15"
"10.8077043678679","1.6798615170955","0.929468853533411","1.52239311452561","0.80770436786789","0.184446972771903","0.979","0.566077804190999","0.331480289511808","0.587713172461797","0.507863339882751","0.458245210657741","10_15"
"10.8154396011021","1.66645837549104","0.938814688771397","1.47903939145526","0.815439601102102","0.180604733588997","0.9738","0.556261474278369","0.329997441880536","0.583724630420713","0.451421780582008","0.475177586202366","10_15"
"10.8134584603916","1.64618432171665","0.951355621923424","1.45226336726056","0.813458460391598","0.186251465687923","0.9684","0.545729897908848","0.314380563565774","0.592279293374685","0.541626746531007","0.472870385505239","10_15"
"10.816031589043","1.66621919984148","0.938765238611341","1.48152060103333","0.81603158904304","0.182816186801252","0.9748","0.555788963300567","0.320358100310651","0.582863070922586","0.528769589828836","0.371499879981213","10_15"
"10.8039218396126","1.67451234485958","0.934716225227169","1.53476165691861","0.803921839612569","0.190292735421081","0.9794","0.562945944508227","0.346440157189947","0.594644896520484","0.519270171083665","0.522994264970597","10_15"
"10.8116650829355","1.6697830763222","0.936496243732868","1.50435669712574","0.811665082935528","0.184754268923612","0.9776","0.554078858897832","0.357685024850882","0.56916493765123","0.501104250886974","0.633099931786299","10_15"
"10.8196677306672","1.65925492806067","0.94289103230042","1.45553542352443","0.819667730667176","0.180390693305943","0.9702","0.548978269900585","0.330655688481701","0.574208338231044","0.475425930045385","0.512275841801507","10_15"
"10.8162258569608","1.65894056957123","0.942404672968476","1.47243231902243","0.816225856960764","0.183679458850062","0.9732","0.553268231487256","0.326925450141033","0.588995288566415","0.486142395126701","0.482714892171944","10_15"
"10.8473892572733","1.75924643547729","0.871951618434671","1.62289600571827","0.847389257273278","0.132353116034887","0.9878","0.5590348469489","0.40594624095571","0.313187995476973","0.517327452828999","0.52167093702209","10_15"
"10.8302496093744","1.64969176098591","0.946603600501177","1.42201254769233","0.830249609374393","0.17437683124882","0.9612","0.541346286252798","0.328093694057422","0.560291686795875","0.429343441906829","0.468107461398701","10_15"
"10.8271751112451","1.65226100677963","0.944639972541639","1.43251866853176","0.827175111245074","0.17488555674131","0.9634","0.542960378978625","0.329391761888271","0.559386865791105","0.446370255343847","0.485419779171191","10_15"
"10.8001640658007","1.70937635928651","0.913325444600621","1.58697221966057","0.800164065800687","0.184265632401809","0.9858","0.582406747655437","0.375011720440897","0.583476952035033","0.413727453812737","0.50222489478414","10_15"
"10.8039218396126","1.67451234485958","0.934716225227169","1.53476165691861","0.803921839612569","0.190292735421081","0.9794","0.562945944508227","0.346440157189947","0.594644896520484","0.519270171083665","0.522994264970597","10_15"
"10.8164360218931","1.66704219614949","0.936061360208923","1.48067595415922","0.816436021893072","0.181016719790912","0.9762","0.547595036019016","0.36843278347955","0.546668223252913","0.500658177124897","0.550840057650922","10_15"
"10.828157781882","1.65204955126753","0.945240601450517","1.42972695276324","0.828157781881963","0.174597747165501","0.9624","0.542909349275135","0.32833761633206","0.560658127472508","0.435534157071805","0.471258362171488","10_15"
"10.7962240123355","1.68212216745402","0.931255525270284","1.5527332709481","0.796224012335522","0.189801836098369","0.9806","0.573430745176773","0.383068779849653","0.620491860600989","0.349130924926812","0.487338847100857","10_15"
"10.8340963229106","1.73284506875993","0.885798960333073","1.6066584823697","0.834096322910647","0.150386659204263","0.9898","0.561747393985235","0.431901426632793","0.383253409110289","0.488654701575593","0.512949837827081","10_15"
"10.8480529734533","1.68181301382484","0.916809424497717","1.50486942543071","0.84805297345334","0.1522745834203","0.9682","0.561652648008472","0.269695463962365","0.504001658506917","0.469557987564989","0.497690205062143","10_15"
"10.829967712937","1.66917575532784","0.935166903506915","1.45874755184287","0.829967712936974","0.167798032320303","0.963","0.562007657010692","0.24855783388027","0.584915562612053","0.46400077799697","0.562332092963985","10_15"
"10.8214420125444","1.67029827507493","0.935320068423174","1.47359481431832","0.821442012544387","0.176842149363407","0.9726","0.555914511608438","0.317694259472526","0.568577402337438","0.479053123148005","0.488579890726146","10_15"
"10.8274097418256","1.65212233950261","0.944636837631529","1.4317795223734","0.827409741825565","0.174694535887828","0.9634","0.54286274229806","0.329414191573813","0.559155434566264","0.444132873319677","0.4851870122034","10_15"
"10.8203140181447","1.66025275923754","0.940801159597045","1.45606332618935","0.820314018144717","0.179674459082081","0.9716","0.545547951294179","0.367401543564856","0.55628263193289","0.440309583225052","0.489330436002621","10_15"
"10.8092564593013","1.64043808842252","0.955224284768051","1.44975285868773","0.809256459301268","0.189867054017792","0.969","0.542190607335764","0.340716667609977","0.592856485502413","0.504905038054218","0.502340164323272","10_15"
"10.8206122311931","1.66064315213934","0.942236124772516","1.46545977078348","0.820612231193148","0.182510877760463","0.9728","0.548370969389946","0.33860962584936","0.567977352920344","0.513484050890242","0.51182676793939","10_15"
"10.8335903635692","1.66556411103883","0.939619776786074","1.43972888752737","0.833590363569245","0.16520263081771","0.959","0.559339118380444","0.228749849166337","0.588106767397229","0.462507688341081","0.494364690052374","10_15"
"10.8188974410373","1.68085871534133","0.927532202499745","1.50292136066815","0.81889744103728","0.175697919099419","0.977","0.562101623425261","0.333817183637393","0.562080097813946","0.443708574936277","0.488761562046027","10_15"
"10.8508855595789","1.66059784914682","0.937334467763424","1.43190160579059","0.850885559578896","0.151762526511346","0.95","0.558311158441833","0.174932552630757","0.571780215596833","0.451066276908622","0.534042802239758","10_15"
"10.8123250819374","1.66898946883971","0.936347162792015","1.48963251408073","0.812325081937373","0.182278041568126","0.9752","0.558521970744265","0.33727941891009","0.585575828913094","0.452129034828864","0.502386319515465","10_15"
"10.8123788765948","1.7075185123431","0.910596754623842","1.57262226591863","0.812378876594818","0.177059340912615","0.9848","0.581074375140281","0.351400286500539","0.564080894284704","0.430869427128348","0.487642950316199","10_15"
"10.8478064012582","1.68910951121714","0.908707783376673","1.51420919161386","0.847806401258217","0.149542155261909","0.972","0.560222165541647","0.28358648164977","0.472192576969453","0.512197171400632","0.525763283356578","10_15"
"10.831138870118","1.65394172738288","0.946216182285852","1.42567847733014","0.831138870118049","0.170279801910903","0.957","0.549844536440147","0.244723154489167","0.582858317420111","0.550452624087636","0.578626141932384","10_15"
"10.8291050423069","1.65094211041493","0.945689562073565","1.42601776958371","0.829105042306868","0.174463653511036","0.962","0.542159921450147","0.328500358842162","0.560032842444759","0.431831753078315","0.479070258541829","10_15"
"10.8243494129167","1.6517563670463","0.946917122233524","1.4393204109051","0.824349412916686","0.178664855743597","0.964","0.547292463940149","0.292116134777714","0.580285837080517","0.535639141352787","0.560900334071281","10_15"
"10.8272547360112","1.65216017330112","0.944672131512182","1.43223560454738","0.827254736011228","0.174863177563967","0.9634","0.54288537469125","0.329396437372288","0.5592932247814","0.446285376941912","0.48530165815877","10_15"
"10.8293253505665","1.65579384554083","0.94047769803108","1.44460033655531","0.829325350566544","0.176294220940086","0.9682","0.544956433999972","0.329368856246755","0.551043718792531","0.49588275097165","0.532767983819788","10_15"
"10.8210819259634","1.67080776160436","0.93527237037578","1.48720471688516","0.821081925963361","0.175756077249767","0.97","0.562442083131243","0.275933125151825","0.590548188887181","0.496456730987263","0.521735803110186","10_15"
"10.817701019306","1.66383320484196","0.940214250386137","1.47358919360153","0.817701019305958","0.180222877134515","0.9708","0.555496334496578","0.311462586130533","0.585357347727511","0.480233666799397","0.48466750047663","10_15"
"10.8386850891912","1.66915086463652","0.935612505267475","1.45142236519546","0.838685089191172","0.162267295719492","0.9586","0.559924524604541","0.226791844176265","0.578327079377302","0.460941561180384","0.468451073324753","10_15"
"10.8300246305979","1.65596179511703","0.943705708527298","1.43295806687645","0.830024630597915","0.171095841809121","0.9606","0.551227215459648","0.25539480503772","0.580619710449866","0.534296375568456","0.478396121439517","10_15"
"10.8473892572733","1.75924643547729","0.871951618434671","1.62289600571827","0.847389257273278","0.132353116034887","0.9878","0.5590348469489","0.40594624095571","0.313187995476973","0.517327452828999","0.52167093702209","10_15"
"10.8188348761545","1.65039720174521","0.949447045566651","1.44615624842938","0.81883487615447","0.182258947211394","0.9676","0.54412011052584","0.353030300998188","0.578457851306888","0.426906021602131","0.499650835658921","10_15"
"10.8220488527773","1.65106126730376","0.948345316873468","1.45199427424601","0.822048852777284","0.182606741711927","0.9672","0.548578154184234","0.300201645743549","0.590137621822504","0.536316815539956","0.531737313991489","10_15"
"10.8252742410161","1.65090673722802","0.946912592474065","1.43581605852743","0.825274241016109","0.178923297035748","0.9646","0.54430256526137","0.330554166118266","0.573129907655849","0.446783867946752","0.491287870363249","10_15"
"10.8363027541894","1.70255825423912","0.903873023869559","1.56172914030846","0.836302754189444","0.159360427433683","0.9832","0.56166196736653","0.375492947826265","0.463720577161698","0.475695674024381","0.511576931122","10_15"
"10.8336901799488","1.64989473285869","0.945957945033962","1.41572844666458","0.833690179948832","0.169280832158617","0.9572","0.541974102813335","0.32901220227309","0.559320637907675","0.363596866838634","0.474106094047852","10_15"
"10.8274489938332","1.69260590726632","0.913021423216254","1.54107280573922","0.827448993833164","0.170978355001508","0.983","0.555600700178621","0.389530832198518","0.489538871038521","0.505443974752366","0.524449604396271","10_15"
"10.8231410367089","1.65368792572306","0.945011214249241","1.43805685538945","0.823141036708878","0.177442615402387","0.9654","0.54397314098334","0.332628827814093","0.56302431943835","0.460629376931072","0.52522607971524","10_15"
"10.3372189492426","2.29900713572158","0.541905961013848","2.85571485398053","0.337218949242617","0.315804507702385","1","0.8","0.7","0.5","0.4","0.4","15_15"
"10.3372189492426","2.29900713572158","0.541905961013848","2.85571485398053","0.337218949242617","0.315804507702385","1","0.8","0.7","0.5","0.4","0.4","15_15"
"0.811995422780095","1.23159060499503","1.17665470087972","0.636381798160311","0.811995422780095","0.189422027332138","0.5544","0.2655086631421","0.380035179434344","0.79423986072652","0.0706790471449494","0.34668348915875","15_15"
"10.8925433333916","1.78334175562823","0.871333820680273","1.5706000402787","0.892543333391558","0.0826342835370226","0.9658","0.37212389963679","0.777445221319795","0.107943625887856","0.0994661601725966","0.333774930797517","15_15"
"10.5585102179902","2.04457564430223","0.710335521242801","2.30749968838261","0.558510217990236","0.349173857416294","1","0.572853363351896","0.934705231105909","0.723710946040228","0.31627170718275","0.476351245073602","15_15"
"10.3963562139703","2.20626784771216","0.614308827936844","2.73304420092765","0.396356213970338","0.181188812986548","1","0.908207789994776","0.212142521282658","0.411274429643527","0.518634263193235","0.892198335845023","15_15"
"0.718556015151888","1.10831656560947","1.24788848759226","0.879458080328637","0.718556015151888","0.268101492708055","0.7228","0.201681931037456","0.651673766085878","0.820946294115856","0.662005076417699","0.864339470630512","15_15"
"10.3333025435125","2.2696462624489","0.56278741950128","2.87125373894248","0.33330254351254","0.187182403119053","1","0.898389684967697","0.125555095961317","0.647060193819925","0.406830187188461","0.389989543473348","15_15"
"10.2093020591074","2.44868966063359","0.455421012988506","3.13185393396671","0.209302059107372","0.299381060987194","1","0.944675268605351","0.267220668727532","0.78293276228942","0.912875924259424","0.777320698834956","15_15"
"10.5771335389276","2.0475389493439","0.712114371925044","2.33416980491888","0.577133538927604","0.217720521574962","1","0.660797792486846","0.386114092543721","0.553036311641335","0.293603372760117","0.960617997217923","15_15"
"10.7021783052468","1.91467174132407","0.780906700656901","2.05555179975962","0.702178305246826","0.143101630963748","0.9942","0.62911404389888","0.0133903331588954","0.529719580197707","0.459065726259723","0.434659484773874","15_15"
"0.109780951756028","0.67528834507635","1.52628778011111","0.0115009305358156","0.109780951756028","0.278442027995423","0.0122","0.0617862704675645","0.382387957070023","0.789356231689453","0.332394674187526","0.712514678714797","15_15"
"10.8490711853206","1.81871944974488","0.849817516971438","1.67254943909022","0.849071185320565","0.0900917291184964","0.9732","0.205974574899301","0.86969084572047","0.023331202333793","0.65087046707049","0.399994368897751","15_15"
"0.910889428211127","1.34775797772764","1.14513547080621","0.319975854678211","0.910889428211127","0.153629440655597","0.3778","0.176556752528995","0.34034899668768","0.477230065036565","0.258016780717298","0.325352151878178","15_15"
"10.482168755251","2.15431963004122","0.637187657011015","2.5396980007765","0.482168755251005","0.315819333036464","1","0.687022846657783","0.482080115471035","0.7323137386702","0.478545248275623","0.757087148027495","15_15"
"10.7404028976847","1.67842078288791","0.932581424710747","1.70405070862394","0.740402897684716","0.334512895995708","0.9884","0.384103718213737","0.599565825425088","0.692731556482613","0.766310670645908","0.202692255144939","15_15"
"10.5066662725179","2.0984667057936","0.673332212288403","2.49769711769991","0.506666272517891","0.16993853335788","1","0.769841419998556","0.493541307048872","0.477619622135535","0.0842469143681228","0.711121222469956","15_15"
"10.7353601639779","1.75268104650625","0.861751897507774","1.81095425921634","0.735360163977917","0.267817287567176","0.9832","0.497699242085218","0.186217601411045","0.8612094768323","0.875321330036968","0.121691921027377","15_15"
"10.423533121607","2.21680824501302","0.603897822439047","2.66859784948153","0.423533121607013","0.298242190324553","1","0.717618508264422","0.827373318606988","0.438097107224166","0.339072937844321","0.245488513959572","15_15"
"10.1903513511818","2.49818719627273","0.419710848387203","3.17254872612232","0.190351351181826","0.432795823094921","1","0.991906094830483","0.668466738192365","0.244797277031466","0.839440350187942","0.14330437942408","15_15"
"6.10629781934693","1.68039623625292","0.938636340368029","1.01719767916953","1.10629781934693","0.0624092474006432","0.7214","0.1","0.1","0.1","0.1","0.1","15_15"
"1.09856384662513","1.61999047729012","0.975974471692112","0.910449991401984","1.09856384662513","0.0790862035187631","0.699","0.2","0.2","0.2","0.2","0.2","15_15"
"5.98144601705344","1.62711245143457","0.965409403957043","1.16360259880018","0.981446017053435","0.110433977677857","0.8538","0.3","0.3","0.3","0.3","0.3","15_15"
"10.8383016710154","1.73154812463877","0.914466427201659","1.56576909781011","0.838301671015441","0.170565250825824","0.971","0.4","0.4","0.4","0.4","0.4","15_15"
"10.6919263057788","1.87530896777551","0.810978575634118","1.98051974360823","0.691926305778795","0.251997611781937","0.9968","0.5","0.5","0.5","0.5","0.5","15_15"
"10.5392928001379","2.07617193950014","0.691895548222626","2.36059963473998","0.539292800137897","0.331221533831186","1","0.6","0.6","0.6","0.6","0.6","15_15"
"10.3940331943562","2.28284591525598","0.564719660704284","2.74418822369508","0.394033194356158","0.399625216119589","1","0.7","0.7","0.7","0.7","0.7","15_15"
"10.240824784829","2.4680721232457","0.44035831416587","3.07363219543192","0.240824784828964","0.472820749000292","1","0.8","0.8","0.8","0.8","0.8","15_15"
"10.1164036563407","2.63345515395382","0.325272664186584","3.3367643230559","0.116403656340742","0.547784840265842","1","0.9","0.9","0.9","0.9","0.9","15_15"
"10.0414573757091","2.77949503438466","0.223731479548699","3.536427890973","0.0414573757090682","0.639755707774061","1","1","1","1","1","1","15_15"
"5.87989414358758","1.50926238904709","1.04754838692265","1.0967536794115","0.879894143587583","0.192395708595674","0.868","0.218126039229751","0.71995254623181","0.416435776421759","0.638202945232144","0.71678938911155","15_15"
"10.4944299652117","2.13947985232376","0.644991520944453","2.51872856167601","0.494429965211677","0.272423402346994","1","0.698485122715264","0.476104691627545","0.685190610046681","0.313799278152219","0.731747901348428","15_15"
"10.5213974122047","2.10179053724137","0.677187619935398","2.40687029828668","0.52139741220468","0.354945437353062","1","0.590698045687051","0.650087612605631","0.561374556549435","0.752472489032526","0.274887283638779","15_15"
"10.8925433333916","1.78334175562823","0.871333820680273","1.5706000402787","0.892543333391558","0.0826342835370226","0.9658","0.37212389963679","0.777445221319795","0.107943625887856","0.0994661601725966","0.333774930797517","15_15"
"10.8490711853206","1.81871944974488","0.849817516971438","1.67254943909022","0.849071185320565","0.0900917291184964","0.9732","0.205974574899301","0.86969084572047","0.023331202333793","0.65087046707049","0.399994368897751","15_15"
"10.2491746895023","2.40854089886646","0.477537408719219","3.05165260940455","0.249174689502341","0.323085087455192","1","0.886493208842698","0.382970232505234","0.778302600097896","0.633931180883236","0.63349523712475","15_15"
"10.6609729978511","1.92697698510714","0.783379688070587","2.06472280185834","0.660972997851137","0.247246602300798","0.9982","0.516060929950351","0.701526326611959","0.455082109451261","0.337515565900461","0.279285788421297","15_15"
"10.1535002234923","2.5415127658773","0.400041711011683","3.26178976358629","0.15350022349227","0.377150218406998","1","0.96883517356171","0.551521878787698","0.767545034187348","0.533447916761758","0.881357374735082","15_15"
"10.8925433333916","1.78334175562823","0.871333820680273","1.5706000402787","0.892543333391558","0.0826342835370226","0.9658","0.37212389963679","0.777445221319795","0.107943625887856","0.0994661601725966","0.333774930797517","15_15"
"10.5956258973858","2.01144608820276","0.737328111510815","2.2678378719575","0.595625897385841","0.181976346031937","1","0.648646328156396","0.535852392032381","0.15993173755337","0.306270894598463","0.643822977004125","15_15"
"10.3623225455643","2.2759477076067","0.561401247240401","2.81111472258386","0.362322545564333","0.295351815929398","1","0.79384172905516","0.672388441783422","0.492711115469325","0.351038704655621","0.440433979725418","15_15"
"10.6347774626944","1.95704583047363","0.76463224432701","2.1431641927275","0.634777462694427","0.268442983343304","0.9994","0.558182059762653","0.384250436222298","0.504630162191524","0.778944743376188","0.643825461710206","15_15"
"10.6681026196744","1.92174388492087","0.780105825227531","2.06310949629666","0.668102619674427","0.254637941295277","0.9968","0.566697593524166","0.368986343427463","0.71704843281591","0.347023029876348","0.623154348611551","15_15"
"10.3705856083813","2.2772267374976","0.562727828908176","2.77217624724959","0.370585608381294","0.340038612433774","1","0.734183048353992","0.794060491136734","0.418762147006062","0.496463631029882","0.376666837100303","15_15"
"10.7076628287073","1.82532276610749","0.816283040010436","1.93306938529704","0.707662828707323","0.269397148827802","0.9924","0.535256749677177","0.186655160133692","0.856697662974625","0.894619306290447","0.0222068231087178","15_15"
"10.3339459396808","2.31719353086675","0.53068387069348","2.87869022072389","0.333945939680833","0.336644077036573","1","0.799824717708806","0.541569381377944","0.690132431922904","0.511072347147042","0.868121661424612","15_15"
"10.6525728907958","1.94139501468729","0.766283367725198","2.10719201801125","0.652572890795762","0.238664573616856","0.997","0.591799441047899","0.203345350527303","0.697197355657726","0.821901672920737","0.45915556963375","15_15"
"10.3448110739112","2.33573062458284","0.53053780147682","2.85280864989179","0.344811073911237","0.404651493230518","1","0.732546270801686","0.774504578695633","0.608810522104614","0.670695088873617","0.778185171913356","15_15"
"5.85451418526188","1.67617805061631","0.941845917260379","1.45010574956272","0.854514185261884","0.171781809880688","0.9442","0.378114330843067","0.466195988682709","0.460245062809471","0.259574152661158","0.291554877416452","15_15"
"10.2480890352916","2.40951008031913","0.482358178014436","3.05594922418123","0.248089035291583","0.29487028328177","1","0.907117761013393","0.266783110004885","0.787444576147095","0.893577948005946","0.307536154621297","15_15"
"10.4034193670184","2.20048494082398","0.618572867410088","2.7198040902678","0.403419367018416","0.177786025341491","1","0.891643249905207","0.245455348752911","0.430609389861631","0.361243570007674","0.761020012704292","15_15"
"10.5638433846202","2.0479305736758","0.710155917645381","2.30620162208425","0.563843384620156","0.312339939240264","1","0.593405672526687","0.649478212819458","0.631356999933178","0.413838181613382","0.32780497150616","15_15"
"10.4728637191675","2.18508366705256","0.624138603798089","2.55767385150754","0.472863719167469","0.359382236432201","1","0.66097307477804","0.644544711165777","0.662903879718431","0.582531025613075","0.892496335793312","15_15"
"10.4635126620624","2.1840065963962","0.619066709328381","2.57931356405773","0.463512662062361","0.349633794146953","1","0.662312669771582","0.610009400916176","0.567845701594655","0.679804094607898","0.928870095869495","15_15"
"10.4398070693998","2.20654768450927","0.606003746416677","2.64574973560115","0.439807069399783","0.305068408337638","1","0.704629309966672","0.791120314150541","0.535825880877892","0.328402992339483","0.952156189566074","15_15"
"10.5622473457209","2.06379621393136","0.711430115531948","2.35065746256915","0.562247345720856","0.207642543701477","1","0.673786990784597","0.422367097000168","0.45530753798761","0.304273318264955","0.253950321611422","15_15"
"10.4715312195478","2.14330956934616","0.650041829895625","2.56045175483832","0.471531219547781","0.19224679440492","1","0.775999690943396","0.52115286526545","0.48490850666621","0.133208209712501","0.670687242744538","15_15"
"10.2992305839742","2.42105689813233","0.466835335809543","2.94044477800138","0.299230583974213","0.544932931273316","1","0.718187673096073","0.930558236683337","0.964768704482852","0.945097331513865","0.875729773292412","15_15"
"10.7021783052468","1.91467174132407","0.780906700656901","2.05555179975962","0.702178305246826","0.143101630963748","0.9942","0.62911404389888","0.0133903331588954","0.529719580197707","0.459065726259723","0.434659484773874","15_15"
"10.5900537745205","2.0109439989551","0.734226254640221","2.23725410919889","0.59005377452045","0.336307841523701","0.9994","0.567453729198314","0.525495421304367","0.691189477895387","0.629304911126383","0.521814828086644","15_15"
"10.3754717560436","2.272454783099","0.566607774023223","2.7897737626003","0.375471756043634","0.273782758378541","1","0.800606108785435","0.409749895232067","0.713469553135283","0.371180905443744","0.697865817078151","15_15"
"10.6347774626944","1.95704583047363","0.76463224432701","2.1431641927275","0.634777462694427","0.268442983343304","0.9994","0.558182059762653","0.384250436222298","0.504630162191524","0.778944743376188","0.643825461710206","15_15"
"10.381125342768","2.25834106934929","0.568409469690821","2.75552077501862","0.381125342767981","0.311871691276538","1","0.75620759864817","0.743514884263277","0.486685337426327","0.382400343995939","0.423716245651022","15_15"
"10.4513101453977","2.17829234579916","0.626495540442824","2.60571641167697","0.451310145397743","0.267608776356612","1","0.732417388054484","0.556349172496051","0.513940428717452","0.357829023290013","0.510161815325772","15_15"
"10.4303589739418","2.22453483451144","0.594299026005322","2.66323093561884","0.43035897394184","0.332897372006871","1","0.700250783014772","0.713816010268229","0.59001232833529","0.452433885892088","0.598252923122959","15_15"
"10.5583666068028","2.05113948655445","0.70918377316156","2.31635062927866","0.558366606802782","0.353174648417194","0.9998","0.56701068162665","0.597921068619823","0.588951057282561","0.778036436720757","0.704494856906818","15_15"
"10.8490711853206","1.81871944974488","0.849817516971438","1.67254943909022","0.849071185320565","0.0900917291184964","0.9732","0.205974574899301","0.86969084572047","0.023331202333793","0.65087046707049","0.399994368897751","15_15"
"10.6529919053137","1.95740158588554","0.775923110482406","2.11358252270716","0.652991905313666","0.176201408423055","0.9994","0.606258632493507","0.372605694337778","0.365895822237429","0.31892159785067","0.643115910821552","15_15"
"10.2902417406996","2.36764947788052","0.501533090649621","2.96816052365806","0.290241740699559","0.345876533805162","1","0.832310105791446","0.545634124642503","0.717089149401583","0.529745718747938","0.870747627039319","15_15"
"10.4744498582285","2.18116898096909","0.625351413980041","2.56020943506692","0.474449858228537","0.35616085550986","1","0.661079691293365","0.635354660061659","0.651717364073072","0.587069151708372","0.921780794194937","15_15"
"10.7906160737595","1.79062521699048","0.872232564232229","1.73424446463249","0.79061607375954","0.186536529714232","0.9912","0.405790003862826","0.582662674851973","0.324306069446365","0.408219987056882","0.357137970897231","15_15"
"10.7585212775407","1.86155820265484","0.822681010886076","1.91691748384622","0.758521277540747","0.141767333130763","0.9908","0.571490419679242","0.121825377624194","0.460255289217457","0.489835316675629","0.191530715545167","15_15"
"10.3558488296497","2.28228056694728","0.55513760827057","2.81026467921163","0.355848829649688","0.326488395193651","1","0.771817178760982","0.724616422603142","0.42478792504906","0.465101991689564","0.393384571174699","15_15"
"10.4811327530863","2.16579619025465","0.630920676580013","2.54837072087712","0.481132753086261","0.339749616754794","1","0.653992571927495","0.687673556838283","0.581580109223495","0.523225393499654","0.704649931011424","15_15"
"10.3611702921491","2.29166956896538","0.548990486280424","2.81633841122071","0.361170292149065","0.324563131387762","1","0.784372222772527","0.449325028900713","0.750023657009294","0.576549553591711","0.667377321395027","15_15"
"10.4620462517559","2.18058451392181","0.616233697681994","2.58367309438124","0.462046251755919","0.353183473503552","1","0.662206053256257","0.619199452020294","0.579032217240014","0.675265968512601","0.89958563746787","15_15"
"10.6211989817051","1.98913041541192","0.748725666048477","2.20144212699726","0.621198981705085","0.224944152176921","1","0.601068220695677","0.444897781138024","0.46649731183797","0.385186921069222","0.443336688405997","15_15"
"10.5059338356743","2.11575311222093","0.662774059782467","2.48394973640453","0.50593383567427","0.288339131968326","1","0.666593288906654","0.494756715798864","0.518178612579268","0.569789958432749","0.271828753804671","15_15"
"10.1847497831474","2.4922898437206","0.426730688628369","3.18414516313424","0.184749783147398","0.36285952295306","1","0.93634978547907","0.54745713552314","0.740588316708669","0.514774545160861","0.878731409120375","15_15"
"10.2963701938239","2.35503138715593","0.521338099503428","2.95375291130186","0.296370193823901","0.277446134465379","1","0.883980701736216","0.450035780434345","0.595469077956839","0.389894830551834","0.645488295804455","15_15"
"10.6636814630788","1.94524331300819","0.779882436764248","2.07388370628294","0.663681463078808","0.231275512113878","0.9982","0.558133336821864","0.398127896995124","0.480834912099217","0.513147846036451","0.435792529534036","15_15"
"10.6483168895556","1.92874282252315","0.774709794704492","2.09713036635319","0.648316889555558","0.274729080743102","0.9984","0.523041432800896","0.658397480939453","0.536405879946197","0.396821198013883","0.467132193203185","15_15"
"10.6347774626944","1.95704583047363","0.76463224432701","2.1431641927275","0.634777462694427","0.268442983343304","0.9994","0.558182059762653","0.384250436222298","0.504630162191524","0.778944743376188","0.643825461710206","15_15"
"10.7289834482931","1.88875485986249","0.79994805525913","1.98564713496674","0.728983448293118","0.155487963801584","0.991","0.592880373896815","0.0782201156683933","0.538827769379227","0.863849715874541","0.265335592337425","15_15"
"10.8925433333916","1.78334175562823","0.871333820680273","1.5706000402787","0.892543333391558","0.0826342835370226","0.9658","0.37212389963679","0.777445221319795","0.107943625887856","0.0994661601725966","0.333774930797517","15_15"
"10.4158549004059","2.23607319323413","0.586152012530199","2.69159425587636","0.41585490040591","0.334478612149169","1","0.723717648937688","0.560833946298107","0.524489627013576","0.671603395529049","0.717515776716744","15_15"
"10.5945385028728","2.01390721373097","0.728864263770672","2.25348745713917","0.594538502872816","0.243811007386619","1","0.609085289187055","0.532233041122066","0.511084348131851","0.334372326624142","0.623861414794123","15_15"
"10.5725925372744","2.0384196463501","0.711297959472915","2.30187700274441","0.572592537274357","0.282797418341469","1","0.597891747564994","0.577697993806935","0.498503481957777","0.486955848864732","0.257008851445529","15_15"
"10.4465500720697","2.20394517188187","0.609971329158073","2.60390676673315","0.446550072069677","0.388616359143087","1","0.642343329868362","0.736056579911921","0.592065697318592","0.750915309640174","0.506966614970607","15_15"
"10.4231888986232","2.22741287915142","0.591482642075087","2.67286156560185","0.423188898623232","0.367258228010484","1","0.680900986620374","0.688535611389343","0.578119381335456","0.672252268265968","0.546105840581528","15_15"
"10.7640930943911","1.85250305684762","0.826933814578103","1.89211310504628","0.764093094391148","0.135754679257141","0.9874","0.571490419679242","0.121825377624194","0.460255289217457","0.239086773013696","0.191530715545167","15_15"
"10.6505946168608","1.96230721469721","0.777146689854559","2.11935328509674","0.650594616860772","0.198204640251121","0.9996","0.556017988326168","0.766738503389582","0.345562957250375","0.193639189595027","0.89889046657034","15_15"
"10.8782899827043","1.80045865244583","0.861660539557957","1.60911361051815","0.87828998270432","0.0847189329321524","0.9646","0.223468300667091","0.694322844193681","0.034234721468045","0.570843121276889","0.323806135731179","15_15"
"10.6661437651427","1.9004289194406","0.801606151273935","2.016571495645","0.666143765142746","0.256708520601223","0.9986","0.425950395537714","0.803673455281605","0.310504921984446","0.59739376343893","0.225839865401703","15_15"
"10.8490711853206","1.81871944974488","0.849817516971438","1.67254943909022","0.849071185320565","0.0900917291184964","0.9732","0.205974574899301","0.86969084572047","0.023331202333793","0.65087046707049","0.399994368897751","15_15"
"10.4731133865425","2.16382964035261","0.633144700293678","2.55600309408694","0.47311338654247","0.329185772557629","1","0.665191584055677","0.588476226141441","0.542120673638352","0.614725843573773","0.868452092416638","15_15"
"10.6033448221492","2.01404795216451","0.736652214601104","2.25554814468239","0.603344822149183","0.233284673983974","1","0.626543847292654","0.308242425769037","0.511067492148863","0.649190882608706","0.694765408297132","15_15"
"10.3873187025808","2.25508708249046","0.584285024803062","2.75293165018653","0.387318702580755","0.266774194324535","1","0.798561459278269","0.468235552342942","0.554598576384155","0.392270118314349","0.527381710272608","15_15"
"10.4382251731728","2.20879468506532","0.603922488681556","2.64898117682554","0.438225173172838","0.30957375247901","1","0.727304771918235","0.462101709210658","0.689428246293078","0.535273933569904","0.629427104728097","15_15"
"10.5149295672097","2.10464053525549","0.669937893571309","2.46213281559779","0.514929567209665","0.285509795812223","1","0.651487046986863","0.594287652723245","0.526983380285109","0.42713917556384","0.429515683723932","15_15"
"10.8925433333916","1.78334175562823","0.871333820680273","1.5706000402787","0.892543333391558","0.0826342835370226","0.9658","0.37212389963679","0.777445221319795","0.107943625887856","0.0994661601725966","0.333774930797517","15_15"
"10.6778441277448","1.89687257284914","0.807004319243838","2.00193344938844","0.677844127744843","0.255637075158026","0.9978","0.477185602603987","0.646061377991871","0.414098032710553","0.492896122285942","0.356665258422114","15_15"
"10.8490711853206","1.81871944974488","0.849817516971438","1.67254943909022","0.849071185320565","0.0900917291184964","0.9732","0.205974574899301","0.86969084572047","0.023331202333793","0.65087046707049","0.399994368897751","15_15"
"10.7906160737595","1.79062521699048","0.872232564232229","1.73424446463249","0.79061607375954","0.186536529714232","0.9912","0.405790003862826","0.582662674851973","0.324306069446365","0.408219987056882","0.357137970897231","15_15"
"10.489084868116","2.14528222454779","0.642044979952681","2.53096354797864","0.489084868116004","0.306348809777469","1","0.68186904088837","0.509536318202028","0.654373739611423","0.474465584768082","0.824492266947247","15_15"
"10.6119625240568","1.99833358108101","0.742433505478242","2.22735977242887","0.611962524056808","0.226256273201952","1","0.606467468507532","0.494163863189753","0.467933579657597","0.330724336352081","0.640091871720169","15_15"
"10.5364197622949","2.08020125801042","0.691455430482445","2.40290971149558","0.53641976229491","0.251722738483302","1","0.661092130574367","0.464558792674738","0.48738115560539","0.446305451717544","0.409214035027868","15_15"
"10.8925433333916","1.78334175562823","0.871333820680273","1.5706000402787","0.892543333391558","0.0826342835370226","0.9658","0.37212389963679","0.777445221319795","0.107943625887856","0.0994661601725966","0.333774930797517","15_15"
"10.6332429355286","1.98665310738156","0.762509329191598","2.17473644980892","0.633242935528615","0.193977233458387","0.9996","0.60887645317303","0.410674872270091","0.409046590711682","0.322569588122731","0.626885453895506","15_15"
"10.5874827733862","2.02455663104094","0.725805030568663","2.27107885297399","0.587482773386171","0.262907705437766","1","0.606569379027964","0.47509570426215","0.497294768811848","0.508671427784426","0.305951407182801","15_15"
"10.6293924272356","1.95277204437056","0.760555972654308","2.13775172328784","0.629392427235623","0.284929938551666","0.9994","0.538147674720687","0.558866544015072","0.527601112240356","0.539471980882792","0.309445263283924","15_15"
"10.5967867634125","2.01602222328803","0.732663619824087","2.24650838966317","0.59678676341247","0.256967397689895","1","0.607152625642845","0.432782403875451","0.528220014308608","0.515910402579523","0.396350944715906","15_15"
"10.5403461877359","2.07509082216432","0.692292985386402","2.36692886857423","0.540346187735878","0.321941130754453","1","0.603740363841288","0.593376621319192","0.570736611612927","0.599692695589137","0.269766723134018","15_15"
"10.5229646148189","2.09625219747626","0.671498359410892","2.44742414938585","0.522964614818943","0.269116818896918","1","0.666152740041347","0.519456360812121","0.571679758848067","0.375647946645948","0.661811631461053","15_15"
"10.6813876419981","1.9416796637368","0.773770469309953","2.10946754394827","0.681387641998117","0.154632855342847","0.9976","0.629956109094212","0.147648208325296","0.468550894844544","0.565408589599093","0.82134962987902","15_15"
"10.4921299604189","2.13851360177041","0.654202977360732","2.51529359617103","0.492129960418889","0.31416150591484","1","0.663607758107235","0.525479941677717","0.555090156180929","0.630330083371577","0.302962298855903","15_15"
"5.96533078036008","1.72686182183643","0.905079404517785","1.37336472273357","0.96533078036008","0.0844911114682663","0.917","0.351514599040829","0.187842768063058","0.173081569566804","0.543312020307189","0.365685219041215","15_15"
"10.5410316844753","2.08536238092938","0.687632238460465","2.37659640480227","0.541031684475262","0.326438776704164","1","0.580398021797203","0.753065995333724","0.487599962823526","0.566983194658334","0.333197084612101","15_15"
"10.4967877889529","2.14327437132482","0.649714100100051","2.47469231708499","0.496787788952859","0.370597988526854","1","0.608460675258844","0.640197709030856","0.577276381518882","0.830385908484459","0.585238778735032","15_15"
"10.3608924115476","2.28615709095224","0.549300678254408","2.80706784139547","0.360892411547595","0.329964226902919","1","0.780943121153323","0.519413029050333","0.638128030763874","0.571981289188264","0.772959187598774","15_15"
"10.438423658318","2.21030091003097","0.600770194215317","2.64807289180236","0.438423658317952","0.325426930286168","1","0.717167841634146","0.510098240515921","0.713102679699659","0.524392938784831","0.783022986170131","15_15"
"10.5119544139792","2.10405552610864","0.666524431254383","2.46731348182755","0.511954413979239","0.284409287626974","1","0.661364583106872","0.512885060393743","0.490753151291402","0.542281942802053","0.314679423384006","15_15"
"10.4119058707129","2.24350332418468","0.580392470382548","2.71115902411156","0.41190587071291","0.318546583910093","1","0.745644320407547","0.51885110673644","0.652501122080972","0.522053935171514","0.81442846837589","15_15"
"10.6315457966227","1.97557061512961","0.753506427283969","2.1657145214331","0.631545796622686","0.238699407653967","0.9996","0.595915268871092","0.351512478724757","0.555290921079141","0.529030937854521","0.220242552002398","15_15"
"10.8925433333916","1.78334175562823","0.871333820680273","1.5706000402787","0.892543333391558","0.0826342835370226","0.9658","0.37212389963679","0.777445221319795","0.107943625887856","0.0994661601725966","0.333774930797517","15_15"
"10.6286372155677","1.98308670787386","0.754592239424582","2.1670445134292","0.628637215567692","0.243668910121509","1","0.584035826066994","0.410510607930293","0.482240749657198","0.540441743643634","0.556526942277801","15_15"
"10.5304537063025","2.07676045918496","0.688885834364328","2.36613010580981","0.530453706302534","0.381135318461269","1","0.580398021797203","0.753065995333724","0.707990671508014","0.566983194658334","0.333197084612101","15_15"
"10.5227292791478","2.08539073433033","0.682106997302355","2.43205607038048","0.522729279147762","0.281885439766884","1","0.640793244253011","0.543697010138691","0.429242111255415","0.563035684272205","0.343046004071008","15_15"
"10.8030675264565","1.81381053454195","0.862683449148284","1.74120043778276","0.803067526456465","0.150583436890518","0.9898","0.446350369451782","0.755148492477829","0.313689663167932","0.14916428503251","0.356032724015304","15_15"
"10.3620462249771","2.29294493421218","0.553270707890231","2.80381411422354","0.362046224977107","0.356335811958781","1","0.74224141588239","0.73514625271992","0.513391991524835","0.55816350173895","0.369005799511699","15_15"
"10.515094890667","2.10387732157688","0.667638450429357","2.4653198698424","0.515094890667026","0.282220717711175","1","0.66333530557473","0.477153673958712","0.551718160494917","0.534353592287068","0.397496910499765","15_15"
"10.7468195349593","1.86110552742671","0.836708007299343","1.86829403456739","0.746819534959347","0.174794381880958","0.9944","0.48406777603208","0.605137502325579","0.335214491058134","0.241352555362338","0.623059943740868","15_15"
"10.8782899827043","1.80045865244583","0.861660539557957","1.60911361051815","0.87828998270432","0.0847189329321524","0.9646","0.223468300667091","0.694322844193681","0.034234721468045","0.570843121276889","0.323806135731179","15_15"
"10.4788278398102","2.1516980767639","0.653592929515911","2.5524662370804","0.478827839810157","0.233772531721146","1","0.741282238429773","0.438762031526724","0.451204176998649","0.372429646846298","0.573645856157119","15_15"
"10.6853739928548","1.91345347372797","0.803925100000403","2.00544033078496","0.685373992854817","0.223407861395393","0.9984","0.477740216156914","0.744263675915977","0.334654535638607","0.360506621289571","0.632968493726702","15_15"
"10.5036057617018","2.12103321735816","0.66555707336189","2.47924684761167","0.503605761701846","0.286789371356068","1","0.642177353402214","0.75984236048038","0.439326439771236","0.381044182333333","0.10102623119019","15_15"
"10.7469329780663","1.85691357835145","0.842387146997824","1.8608869997839","0.746932978066323","0.191744510265807","0.9936","0.476427231056547","0.572031956929512","0.390807954225833","0.28564855910153","0.417953346652805","15_15"
"10.5834094469197","2.03361279438947","0.703863753324777","2.28810635968802","0.583409446919653","0.360010029583868","1","0.607152625642845","0.432782403875451","0.985662204911932","0.515910402579523","0.396350944715906","15_15"
"10.7540640536813","1.79246633242794","0.866790218360365","1.78958089797752","0.754064053681306","0.230931895265503","0.9932","0.42860451771705","0.564445606390999","0.450154114371879","0.475514386156255","0.317054265682126","15_15"
"10.8506683319058","1.75387293264895","0.896210220021381","1.60125622444106","0.850668331905816","0.138794965140848","0.9712","0.411815587122946","0.527139179041442","0.322990925728042","0.192887562607346","0.798661537335818","15_15"
"10.8925433333916","1.78334175562823","0.871333820680273","1.5706000402787","0.892543333391558","0.0826342835370226","0.9658","0.37212389963679","0.777445221319795","0.107943625887856","0.0994661601725966","0.333774930797517","15_15"
"10.5874827733862","2.02455663104094","0.725805030568663","2.27107885297399","0.587482773386171","0.262907705437766","1","0.606569379027964","0.47509570426215","0.497294768811848","0.508671427784426","0.305951407182801","15_15"
"10.7518198316033","1.84675651051842","0.837426496688468","1.84665226040717","0.751819831603293","0.174263900579995","0.9958","0.402959132788996","0.668358106833837","0.208351995430477","0.443197997426028","0.334407465204327","15_15"
"10.7557155517364","1.87181832669531","0.815962939862662","1.91698354350968","0.755715551736417","0.112169069447347","0.9952","0.541119189932942","0.616088136660373","0.126182262373706","0.136387189193797","0.542707038040218","15_15"
"10.6505946168608","1.96230721469721","0.777146689854559","2.11935328509674","0.650594616860772","0.198204640251121","0.9996","0.556017988326168","0.766738503389582","0.345562957250375","0.193639189595027","0.89889046657034","15_15"
"10.6813876419981","1.9416796637368","0.773770469309953","2.10946754394827","0.681387641998117","0.154632855342847","0.9976","0.629956109094212","0.147648208325296","0.468550894844544","0.565408589599093","0.82134962987902","15_15"
"10.4374329005189","2.21027843982984","0.601711911461355","2.65072856503707","0.437432900518925","0.316053429210346","1","0.718139482783445","0.552005414322567","0.555360614370885","0.567834743681358","0.55690245012514","15_15"
"10.5533232415851","2.06496659524258","0.699221137069416","2.38233163860283","0.553323241585115","0.232641326433222","1","0.666155674021527","0.440148393086309","0.512440990097188","0.342410059590782","0.580621308010994","15_15"
"10.4792357460418","2.16458718200716","0.62857035590932","2.54495194618774","0.479235746041769","0.351972723572291","1","0.643201660167082","0.72047361006149","0.570367379216515","0.57112974016524","0.549253822085735","15_15"
"10.5605996070233","2.05343363283264","0.704400925704681","2.34899513199771","0.560599607023313","0.255915699224396","1","0.636718065193082","0.486155294956746","0.528806547682846","0.401089811233732","0.49157299537301","15_15"
