"fitness","RSB_short","RC_short","RSB_long","RC_long","AAV","Blim_risk","m","tau","theta","scenario"
"10.53461116065","2.64640215450138","0.207266649761279","3.31025227951714","0.534611160649962","0.413606326260661","1","0.5","0.4","0.75","one_way"
"10.53461116065","2.64640215450138","0.207266649761279","3.31025227951714","0.534611160649962","0.413606326260661","1","0.5","0.4","0.75","one_way"
"10.3139388678349","2.93391986361995","0.146518813819241","4.09192591078997","0.313938867834854","0.459594314708534","1","0.2655086631421","0.380035179434344","0.79423986072652","one_way"
"0.000141100105007881","0.00334928477160903","0.283022453619197","1.30364841926124e-05","0.000141100105007881","0.452467983597494","0.298","0.37212389963679","0.777445221319795","0.107943625887856","one_way"
"10.5882873850233","2.8722679331728","0.194117060104067","3.05141785816878","0.588287385023335","0.406736979400395","1","0.572853363351896","0.934705231105909","0.723710946040228","one_way"
"10.7988037291777","1.84178502535097","0.319705040067315","2.14156816788679","0.798803729177725","0.36421330030821","0.9656","0.908207789994776","0.212142521282658","0.411274429643527","one_way"
"10.2420713758369","3.28762731309455","0.100883624128411","4.30270079654627","0.242071375836862","0.449972200522758","1","0.201681931037456","0.651673766085878","0.820946294115856","one_way"
"10.7849237369267","1.85114311719352","0.316694916266258","2.2530704021274","0.784923736926678","0.337043727257002","0.9772","0.898389684967697","0.125555095961317","0.647060193819925","one_way"
"10.8185157676392","1.89193376165484","0.316363710715567","2.074988964271","0.818515767639153","0.362667211237033","0.9638","0.944675268605351","0.267220668727532","0.78293276228942","one_way"
"10.6499078989876","2.42823892839719","0.242537760432403","2.87964428781003","0.649907898987563","0.398199117753187","0.9986","0.660797792486846","0.386114092543721","0.553036311641335","one_way"
"10.6286037127275","2.07860947143696","0.282575830613904","2.89526317646849","0.628603712727511","0.349494523635573","0.9986","0.62911404389888","0.0133903331588954","0.529719580197707","one_way"
"10.0779475567922","3.21286909169361","0.0951917859637504","4.80046983429912","0.0779475567921992","0.536026236063507","1","0.0617862704675645","0.382387957070023","0.789356231689453","one_way"
"8.06805585889231e-05","0.00240979404185453","0.313232298177806","7.45811947424232e-06","8.06805585889231e-05","0.463324554945748","0.134","0.205974574899301","0.86969084572047","0.023331202333793","one_way"
"10.2153939507636","3.03438648348027","0.129467020651087","4.38808775884596","0.215393950763623","0.493251891331545","1","0.176556752528995","0.34034899668768","0.477230065036565","one_way"
"10.6705947352261","2.44759528042262","0.242692290169309","2.81270718997478","0.670594735226092","0.384313513661861","0.9982","0.687022846657783","0.482080115471035","0.7323137386702","one_way"
"10.4239155313323","2.97964619374108","0.151081511463331","3.69105952512702","0.423915531332295","0.420967724998359","1","0.384103718213737","0.599565825425088","0.692731556482613","one_way"
"10.7289861422913","2.31782491478531","0.264409831833482","2.51102230514915","0.728986142291301","0.379050737711895","0.9916","0.769841419998556","0.493541307048872","0.477619622135535","one_way"
"10.5336150005491","2.45021162706686","0.22891046328191","3.36239839881524","0.533615000549106","0.417997080844","1","0.497699242085218","0.186217601411045","0.8612094768323","one_way"
"10.7036654646534","2.59071113332659","0.233627412862731","2.61296389485057","0.703665464653389","0.395194551256292","0.9968","0.717618508264422","0.827373318606988","0.438097107224166","one_way"
"5.73208806815231","1.75258229276968","0.316913551209454","1.73646042663128","0.732088068152307","0.427115441399607","0.7514","0.991906094830483","0.668466738192365","0.244797277031466","one_way"
"0.000129905794002527","0.00321917769236795","0.297868815563917","1.17210973098788e-05","0.000129905794002527","0.470481646369391","0.284","0.1","0.1","0.1","one_way"
"5.1275159264608","1.74471081345052","0.233906354987127","3.15715014602394","0.127515926460799","0.468719123336572","0.56","0.2","0.2","0.2","one_way"
"5.33075873082096","2.71470878064039","0.180393716157594","3.92051324351155","0.330758730820963","0.450421784540803","0.93","0.3","0.3","0.3","one_way"
"10.4468017157429","2.78207196698861","0.182634723132013","3.60055892671358","0.44680171574288","0.43601610003663","1","0.4","0.4","0.4","one_way"
"10.5378977335432","2.73811583156501","0.192798621900772","3.29700636317705","0.537897733543208","0.408805527738263","1","0.5","0.5","0.5","one_way"
"10.6072665890189","2.69739550191524","0.208481262863961","3.04280272159561","0.607266589018936","0.396877678156901","0.9996","0.6","0.6","0.6","one_way"
"10.6739864930184","2.59483100676969","0.233445557545036","2.74630718425238","0.673986493018395","0.394255811748209","0.9982","0.7","0.7","0.7","one_way"
"10.7408529964457","2.49163402892257","0.257601325961725","2.42215576202683","0.740852996445711","0.394249905307113","0.992","0.8","0.8","0.8","one_way"
"10.797888634718","2.36742509096167","0.281121392344214","2.11523593852033","0.797888634718047","0.404474884537517","0.9784","0.9","0.9","0.9","one_way"
"5.84064461271152","2.19182175280165","0.308730885936903","1.8704260827558","0.840644612711515","0.411714298191828","0.9492","1","1","1","one_way"
"10.749579696017","2.153097309207","0.283445797166713","2.43821550275735","0.749579696016992","0.373671985317209","0.9876","0.801692103176093","0.358596874855424","0.418988280506473","one_way"
"10.5631806146439","2.62788294972416","0.21115801235468","3.20839225678635","0.563180614643909","0.403932563916927","1","0.540839263284579","0.440121669601649","0.733715903782286","one_way"
"10.7799362241061","1.87941526024474","0.31437354934873","2.28625953479674","0.779936224106055","0.335628755196432","0.9794","0.863564783775065","0.128839781296884","0.801428371841366","one_way"
"10.8185157676392","1.89193376165484","0.316363710715567","2.074988964271","0.818515767639153","0.362667211237033","0.9638","0.944675268605351","0.267220668727532","0.78293276228942","one_way"
"10.7289861422913","2.31782491478531","0.264409831833482","2.51102230514915","0.728986142291301","0.379050737711895","0.9916","0.769841419998556","0.493541307048872","0.477619622135535","one_way"
"10.7988037291777","1.84178502535097","0.319705040067315","2.14156816788679","0.798803729177725","0.36421330030821","0.9656","0.908207789994776","0.212142521282658","0.411274429643527","one_way"
"10.5378977335432","2.73811583156501","0.192798621900772","3.29700636317705","0.537897733543208","0.408805527738263","1","0.5","0.5","0.5","one_way"
"10.139176604844","3.38638091598162","0.0811511689711992","4.61477601326042","0.139176604844019","0.487781468924263","1","0.115379119940647","0.570822970055026","0.624921956485639","one_way"
"10.2420713758369","3.28762731309455","0.100883624128411","4.30270079654627","0.242071375836862","0.449972200522758","1","0.201681931037456","0.651673766085878","0.820946294115856","one_way"
"10.7383567487313","2.35482243170931","0.260279333417616","2.48113680610831","0.738356748731311","0.377427147116835","0.9904","0.806515686818684","0.553545646427234","0.692286149137054","one_way"
"10.5938998230291","2.38437165586264","0.239138637243394","3.16469079891955","0.593899823029053","0.400251887782299","0.9998","0.573618645470882","0.200888970965989","0.713606241233629","one_way"
"10.7036654646534","2.59071113332659","0.233627412862731","2.61296389485057","0.703665464653389","0.395194551256292","0.9968","0.717618508264422","0.827373318606988","0.438097107224166","one_way"
"10.6856242191849","2.59322081684881","0.23675666053725","2.67791980634249","0.685624219184927","0.400116232076861","0.9972","0.720283954055049","0.72557227849029","0.708402577624656","one_way"
"10.5447831021459","2.8569561913853","0.183640710709216","3.26880247930575","0.544783102145943","0.405046776374627","1","0.509468178973177","0.689327629980556","0.508644784362957","one_way"
"10.3084731599062","3.30671990661231","0.109022567607599","4.09503338293995","0.308473159906231","0.438409532657962","1","0.261973869123268","0.792628918680646","0.818394663429165","one_way"
"5.53155188236522","2.18968114725077","0.244756028836952","2.52832357061733","0.531551882365225","0.432730917441913","0.7404","0.599404152780781","0.603359944623164","0.234661261551082","one_way"
"10.7267312016325","2.51983470219547","0.251121649470931","2.51154215966564","0.726731201632495","0.394485305228722","0.9936","0.779716045944951","0.77442772150971","0.791597422375344","one_way"
"10.4885664637437","3.00751272116531","0.163866322160471","3.46536605453234","0.488566463743705","0.419011256891719","1","0.456772373984049","0.789044004398078","0.627639011064752","one_way"
"10.8185157676392","1.89193376165484","0.316363710715567","2.074988964271","0.818515767639153","0.362667211237033","0.9638","0.944675268605351","0.267220668727532","0.78293276228942","one_way"
"10.7087857681007","2.4772314956645","0.251241223282145","2.59581299409224","0.708785768100655","0.390823006378982","0.9952","0.739708061914188","0.659044847405232","0.802551630686692","one_way"
"10.5790320972228","2.83194913358143","0.19630361153806","3.11658792872005","0.579032097222809","0.402751515535632","1","0.56338518437872","0.745377601125353","0.715066161677271","one_way"
"10.5564341771488","2.41697524920574","0.233501525253704","3.28104943954002","0.556434177148803","0.404264708852458","1","0.53252414327785","0.182932916075478","0.70684129881086","one_way"
"10.5132955742756","2.90828925627034","0.172316704134437","3.37768110087099","0.513295574275615","0.409052866618701","1","0.484699565432957","0.696205880801924","0.697340471925068","one_way"
"10.6529254158639","2.61238811477521","0.222306243878106","2.81854229463462","0.652925415863883","0.400804508619925","0.999","0.659160736715421","0.659878330398351","0.716284096217714","one_way"
"10.6123110340581","2.80829231287914","0.20360761887878","2.9604252305993","0.612311034058063","0.406343341287462","0.9996","0.605215792889764","0.820849329023699","0.728040345914323","one_way"
"10.6496202665375","2.47324139860521","0.235769919729499","2.89852178548495","0.649620266537479","0.396739791189317","0.9992","0.654660417119915","0.431016370421275","0.727984338796105","one_way"
"10.5432469493767","2.75244383145008","0.204364100343265","3.20766331574182","0.543246949376724","0.398617887101569","0.9718","0.524080596614336","0.585328630445055","0.325278303353116","one_way"
"10.5711373644042","2.58499244260732","0.215079455868297","3.18303932040443","0.571137364404209","0.402237747526405","1","0.546407150526918","0.411564987014997","0.764434275203814","one_way"
"10.7289861422913","2.31782491478531","0.264409831833482","2.51102230514915","0.728986142291301","0.379050737711895","0.9916","0.769841419998556","0.493541307048872","0.477619622135535","one_way"
"10.5481086392705","2.6434406634118","0.205975555196675","3.28145634301521","0.548108639270474","0.410673016826697","1","0.526354797422474","0.418364493643254","0.604697956885935","one_way"
"10.6697363949707","2.6137283536746","0.232830649153388","2.76903594550952","0.669736394970687","0.392553042356155","0.9982","0.687772203807493","0.686377708097267","0.710482403772849","one_way"
"10.3953646236734","3.07354975584805","0.14129728847122","3.78597444462417","0.395364623673387","0.421447580871086","1","0.34516513620331","0.654214115812074","0.81415542671687","one_way"
"10.1523576209114","3.38951488485579","0.076526159098079","4.55936409447039","0.15235762091144","0.470081423393859","1","0.12550435776028","0.630828817842475","0.529431811811408","one_way"
"10.6712406317311","2.60839778308863","0.232109508324287","2.75738381791524","0.671240631731111","0.393504341565315","0.9982","0.691672486962977","0.699072900791374","0.714204270069522","one_way"
"10.605575930709","2.34377199656823","0.243422012763302","3.11379563594634","0.60557593070904","0.395031581521522","0.9996","0.600882851617302","0.203315857436753","0.634344373438989","one_way"
"10.6599482549024","2.36901048970814","0.249316006348893","2.86874334712789","0.659948254902444","0.402111228745487","0.9986","0.661312327350991","0.343973434942434","0.799976221594585","one_way"
"10.6921808788968","2.36590888342249","0.251474673699173","2.70569637354502","0.692180878896829","0.380618962929355","0.996","0.719557589406166","0.445457404579246","0.736578790004003","one_way"
"10.5753568991005","2.65423673710011","0.206139127212272","3.21055349635652","0.575356899100498","0.396226588897111","1","0.5613363149333","0.493280182410005","0.591106881025415","one_way"
"10.679833829865","2.48076705920903","0.234848580070534","2.75816883633938","0.679833829864962","0.384397692355247","0.998","0.691388587329012","0.556590336334994","0.795812675320338","one_way"
"10.3665245224067","2.89646443915775","0.158768916137412","3.89526947967087","0.366524522406713","0.450415852085231","1","0.326375290515755","0.413203768736778","0.684090411316157","one_way"
"10.7802637469185","1.92103243670367","0.318625771440394","2.21269757649292","0.780263746918547","0.35215922051246","0.9756","0.880943583848356","0.209715634811894","0.490536297438167","one_way"
"10.6137723391481","2.69639948210402","0.207770296527746","3.00421096576559","0.613772339148094","0.400362742954416","0.9996","0.596224856748334","0.656504497679036","0.809342498085678","one_way"
"10.8028353834586","1.87685248287739","0.312372189138971","2.15165122007455","0.802835383458643","0.348572425774889","0.972","0.911380756437914","0.20080492298923","0.78580633757263","one_way"
"10.6524847596911","2.65840774605793","0.221069690349316","2.83569941940125","0.652484759691138","0.393600528275702","0.9992","0.657725351355247","0.699973872661301","0.768682666029243","one_way"
"10.5421810696819","2.69744654365798","0.199097292798049","3.2973122050668","0.542181069681861","0.410926373080977","1","0.518656462943887","0.482782726094884","0.662734296168432","one_way"
"10.6104777535101","2.78945455876622","0.204524866936254","2.99048207212674","0.61047775351005","0.406172058079778","0.9996","0.606690260022661","0.770659729650333","0.720255228271169","one_way"
"10.6087707573036","2.70954541168241","0.20588375592682","3.04342787708277","0.608770757303612","0.398015005289545","0.9996","0.602792281159791","0.627063817991826","0.645522242133648","one_way"
"10.8185157676392","1.89193376165484","0.316363710715567","2.074988964271","0.818515767639153","0.362667211237033","0.9638","0.944675268605351","0.267220668727532","0.78293276228942","one_way"
"10.3786523453633","3.04345754933918","0.141737576207758","3.84444622793835","0.378652345363267","0.432256533354592","1","0.33541097995181","0.569184188333244","0.705265820373296","one_way"
"10.7969005193005","1.89785393893365","0.309771511250283","2.18636363640312","0.796900519300514","0.348475927773237","0.9736","0.896859295942503","0.195255527035186","0.798554796558156","one_way"
"10.5302719587522","2.85712575003454","0.179072340167487","3.32764777841324","0.53027195875219","0.406086361999054","1","0.497185741304303","0.662755287180416","0.533486819824154","one_way"
"10.6202815149019","2.73366862560154","0.208958954606916","2.96687411640475","0.62028151490189","0.39685966273651","0.9996","0.611950935104963","0.700765895732256","0.756428176737088","one_way"
"10.5441525438985","2.67303475978324","0.201043763560218","3.27233088154083","0.544152543898452","0.409845354769465","1","0.522182800340692","0.457338943506765","0.570981607613854","one_way"
"10.4934942357896","2.9034501114737","0.171252307589463","3.4609748251436","0.493494235789554","0.403814753530381","1","0.459586632679746","0.626288717217662","0.594152191240597","one_way"
"10.5832761991983","2.65712167895956","0.207858293788328","3.12335862807742","0.583276199198327","0.396004423012702","1","0.57467427200765","0.520819004713492","0.611436912252289","one_way"
"10.52823992055","2.85536025042706","0.180605640687357","3.34074689501108","0.528239920550009","0.401600778802794","1","0.499342941153543","0.629321782193107","0.604134929037188","one_way"
"10.6115678888187","2.79041835218891","0.203992837346058","2.99302672023727","0.611567888818745","0.405272962838268","0.9996","0.600997719823364","0.769091986532113","0.788734536153627","one_way"
"10.7988037291777","1.84178502535097","0.319705040067315","2.14156816788679","0.798803729177725","0.36421330030821","0.9656","0.908207789994776","0.212142521282658","0.411274429643527","one_way"
"10.7476402774313","2.38461447288891","0.261399919840658","2.45674750745127","0.747640277431338","0.382749614719662","0.9912","0.807468249313838","0.605715675378148","0.729492496161104","one_way"
"10.6668602879477","2.55783959382224","0.228564748218948","2.76736471057588","0.666860287947737","0.390981297895604","0.9988","0.667765110839988","0.573661825777454","0.535169245638256","one_way"
"10.6813765591376","2.4946002238107","0.233233192913945","2.72609896237353","0.681376559137587","0.389409880156393","0.998","0.691441207440618","0.573345027845494","0.775038546481485","one_way"
"10.5935896409744","2.78108606489075","0.202435148318612","3.06354206655724","0.593589640974449","0.405505610507724","0.9998","0.58270105122332","0.696542429936709","0.582679411967542","one_way"
"10.6439199292429","2.29280942997442","0.257481925736112","2.93078526881831","0.64391992924286","0.386330579428723","0.9988","0.654164751938882","0.219551227943282","0.653736781966661","one_way"
"10.7971771501802","1.91392274051327","0.309198166130864","2.1932496588176","0.797177150180182","0.355222902854827","0.9742","0.896439616070441","0.215384501419337","0.791114509566773","one_way"
"10.6439479739795","2.73545650321908","0.218714382142007","2.86075682345827","0.643947973979503","0.407219800086056","0.9994","0.651705715636105","0.894768048776314","0.727749434863376","one_way"
"10.8185157676392","1.89193376165484","0.316363710715567","2.074988964271","0.818515767639153","0.362667211237033","0.9638","0.944675268605351","0.267220668727532","0.78293276228942","one_way"
"10.6338944165199","2.67753974191784","0.213529841222284","2.90205423799728","0.633894416519946","0.397989088546836","0.9992","0.634490303485913","0.670142337590738","0.691089995245177","one_way"
"10.6110034384218","2.71177751715422","0.206988359421566","3.00375383491568","0.611003438421768","0.401079165434472","0.9996","0.606157177043959","0.66528575803508","0.665011677926134","one_way"
"10.6544284071049","2.62583102562362","0.221015172257431","2.82262446237678","0.654428407104874","0.396907465203988","0.9992","0.656018321124372","0.666360422193493","0.753601382668748","one_way"
"10.6571306137943","2.33269104696401","0.254191891102177","2.83064837816352","0.657130613794277","0.392491873187287","0.9982","0.67575484830281","0.303470688945456","0.580418596905346","one_way"
"10.5807063764609","2.71835835040255","0.199713448277756","3.1281336628944","0.580706376460948","0.394063305440586","1","0.563392089167395","0.577257972290292","0.55341060476766","one_way"
"10.6743208593096","2.5901536743629","0.235889735718066","2.74974600042848","0.674320859309594","0.393896813886716","0.9982","0.691619866851371","0.682318209280874","0.734978398908374","one_way"
"10.6798893115417","2.56506826728746","0.238914928194784","2.71872412832702","0.679889311541705","0.392133731763867","0.998","0.701096325000611","0.675669203696832","0.728870954997706","one_way"
"10.816295366594","1.86780204329521","0.317589759100284","2.09948082830604","0.816295366593982","0.362918846018393","0.9638","0.944255946329959","0.2427256568599","0.738222946124763","one_way"
"10.6707649127853","2.51841224099947","0.231832603102272","2.79432452312052","0.670764912785251","0.3905056364115","0.999","0.664775368225292","0.532533663084101","0.504269891773417","one_way"
"10.4297643446758","3.01136760979324","0.146808840489077","3.68803454984933","0.429764344675836","0.4164290746275","1","0.376919018886431","0.674231401715848","0.399409950012341","one_way"
"10.5018890365933","2.89977936394384","0.169295879689316","3.41416091759034","0.501889036593335","0.407460829358924","1","0.460389303852508","0.641558006051931","0.789673837050403","one_way"
"10.7176423231967","2.47822297965206","0.252776959262989","2.58048790566331","0.717642323196667","0.393136107511886","0.9946","0.762452793700395","0.676049961105541","0.721998289568897","one_way"
"10.6561405917806","2.63431027186091","0.223258338121222","2.82231028071627","0.656140591780568","0.396130209571174","0.999","0.658145031227308","0.67984489827715","0.776122953020626","one_way"
"10.6959838079683","2.38683561806983","0.250754513429367","2.72027860184775","0.695983807968251","0.383099238750563","0.996","0.721441060105561","0.474440801230037","0.750574483438961","one_way"
"10.8028353834586","1.87685248287739","0.312372189138971","2.15165122007455","0.802835383458643","0.348572425774889","0.972","0.911380756437914","0.20080492298923","0.78580633757263","one_way"
"10.6861169453479","2.3964495131462","0.248002508206261","2.74239750296964","0.686116945347933","0.38253053876793","0.9974","0.710133751368532","0.468861101673788","0.721912105075818","one_way"
"10.7636635567131","2.0782724274902","0.292522742684487","2.40516823802142","0.763663556713055","0.369150606655144","0.9852","0.829451100956153","0.279876778487675","0.807414351955886","one_way"
"10.6082483690207","2.47369523618991","0.233763189432083","3.02875374817323","0.608248369020653","0.413797660794306","0.9998","0.602850377308824","0.359676567719936","0.691345413093371","one_way"
"10.6089193042925","2.69449571934241","0.207164459872596","2.99458751890974","0.608919304292468","0.397769821484975","0.9996","0.603715962826136","0.625725635680269","0.585893569907785","one_way"
"10.5820014833888","2.53851785198792","0.224785706116237","3.14650068198274","0.582001483388767","0.416891127559914","1","0.5586451884516","0.36196405583074","0.737624099223755","one_way"
"10.7699973264625","2.27859306951565","0.276716106065761","2.33277199800324","0.769997326462508","0.381881191542693","0.986","0.86212551388491","0.543622029837188","0.702794912969694","one_way"
"10.6111102616342","2.69965517064262","0.205299175611489","3.0368023997964","0.611110261634242","0.398320377792806","0.9996","0.604722734331138","0.614299019367149","0.663254188616786","one_way"
"10.799921513349","1.86682693398037","0.314600155765581","2.13450583884038","0.799921513348998","0.36163889601842","0.9686","0.908627112270169","0.23663753315029","0.455984245808184","one_way"
"10.6310470195055","2.38102434723934","0.240469254447112","2.92887412937072","0.63104701950549","0.394260659920355","0.9992","0.621610351123237","0.293157422966532","0.498908375817292","one_way"
"10.5914550021223","2.43596917514439","0.230136787616285","3.15586394595345","0.591455002122344","0.398176867323362","1","0.564320208922946","0.272915103503186","0.825511928880587","one_way"
"10.6354048373723","2.53901400014897","0.224351546857085","2.96539828978084","0.635404837372291","0.390322715589976","0.9998","0.634905771305926","0.503401011521411","0.70693806119243","one_way"
"10.7470193070901","2.38364445049677","0.260367804506871","2.46565450274217","0.747019307090051","0.380008363222485","0.9904","0.811435934803306","0.608891121066939","0.701969149410854","one_way"
"10.6362706381536","2.56633471968236","0.21994447030819","2.97897268757477","0.636270638153632","0.39168466584719","0.9998","0.626089637230207","0.536120454475675","0.760530304921567","one_way"
"10.7636635567131","2.0782724274902","0.292522742684487","2.40516823802142","0.763663556713055","0.369150606655144","0.9852","0.829451100956153","0.279876778487675","0.807414351955886","one_way"
"10.6532222011161","2.61437595839101","0.221417421933965","2.82397971847687","0.653222201116115","0.401449967867726","0.999","0.662290291227921","0.661840211382245","0.699739905148371","one_way"
"10.8063263719629","1.90641022293382","0.31328753797944","2.15662314358686","0.806326371962942","0.360239712999492","0.97","0.920173332329344","0.241636712901083","0.740547706640533","one_way"
"10.7834945261305","2.13537852233249","0.296708450749525","2.23707383791434","0.783494526130495","0.37523112950629","0.9786","0.897029465574788","0.415940178607359","0.663441958582937","one_way"
"10.6501196586572","2.62178301166854","0.220709981974328","2.84558182746656","0.650119658657154","0.398830209313644","0.9986","0.663739089069369","0.649087681513031","0.637634267220929","one_way"
"10.6609484803865","2.61219063182482","0.221355756369013","2.80814240572682","0.660948480386461","0.394761629809746","0.9986","0.658378173717723","0.661878012213204","0.536889541045222","one_way"
"10.816295366594","1.86780204329521","0.317589759100284","2.09948082830604","0.816295366593982","0.362918846018393","0.9638","0.944255946329959","0.2427256568599","0.738222946124763","one_way"
"10.6118128710693","2.7116557600845","0.207326659281011","2.99788077746146","0.611812871069257","0.403750692471975","0.9996","0.60766510183089","0.668303303986321","0.682550597123132","one_way"
"10.681978566806","2.36792263037617","0.25589181410129","2.76560350943678","0.681978566805951","0.3920890191811","0.9974","0.712421171255855","0.383814153204273","0.6237606954799","one_way"
"10.6508057527911","2.55105588854587","0.226752144181802","2.87281869766902","0.650805752791105","0.386298487797062","0.999","0.66063010822468","0.550538349979005","0.580652939645672","one_way"
"10.6153514165085","2.67859371307707","0.210858731662899","2.99209887433141","0.615351416508454","0.397391232108427","0.9996","0.612975221492017","0.597298912106479","0.601619914228217","one_way"
"10.6290947291533","2.55187782038437","0.222413772239526","2.98237578561176","0.629094729153273","0.391001246894853","0.9996","0.630270872430221","0.504347039058135","0.610175962769776","one_way"
"10.7075597998942","2.25157653739813","0.266969136850672","2.6981945006847","0.70755979989418","0.389410919327135","0.995","0.735758290825865","0.325531638707718","0.781066179413615","one_way"
"10.815206944445","1.82063124857712","0.319048510148844","2.09166710005128","0.815206944445036","0.348341477791268","0.966","0.935463370438528","0.201893866948046","0.78348157705686","one_way"
"10.6694787609723","2.54561614070815","0.225166143074514","2.7604744607714","0.669478760972315","0.39206320598083","0.9984","0.685179882567517","0.604873246360987","0.691915758804017","one_way"
"10.8023952368984","1.93912996641831","0.31246722001579","2.1739767008551","0.802395236898428","0.366984648969162","0.972","0.914617920074371","0.272556574921375","0.759464653652224","one_way"
"10.6449350824551","2.36867645657511","0.245545135819014","2.93169629520698","0.644935082455143","0.395058568335997","0.999","0.648489731467537","0.308600180270836","0.721176427398163","one_way"
"10.60990051179","2.542225698493","0.2254007574713","3.05010936732473","0.609900511789983","0.403751761797283","0.9996","0.606594930731982","0.411746618821857","0.626240231164428","one_way"
"10.647037644917","2.5533768748199","0.227764267377827","2.88638343397998","0.647037644916991","0.390891888398648","0.999","0.656522881064413","0.549533770344771","0.565904166161986","one_way"
"10.7352509418769","2.3259521517734","0.267976688239195","2.52077594553111","0.735250941876862","0.377526973904823","0.991","0.780345199943188","0.489572303648662","0.511992958607152","one_way"
"10.631332276372","2.67754781489863","0.213028362170975","2.90871951900999","0.631332276372007","0.397393918113562","0.9992","0.632982378698982","0.667124791639497","0.673551076048179","one_way"
"10.6594118731435","2.51658908575976","0.226279348506251","2.86518285103709","0.6594118731435","0.390252179019498","0.9988","0.664542225734877","0.550500549148046","0.743503303748821","one_way"
"10.7805380079111","2.00140605894551","0.302964154142439","2.30898454164818","0.780538007911076","0.360195730171287","0.9808","0.85908912721174","0.2500458604262","0.786172644428425","one_way"
"10.6472182239043","2.57590168313684","0.223972416938169","2.8885621432646","0.647218223904317","0.390808447352406","0.9992","0.659181310383232","0.56329087984822","0.642758577573114","one_way"
"10.7636635567131","2.0782724274902","0.292522742684487","2.40516823802142","0.763663556713055","0.369150606655144","0.9852","0.829451100956153","0.279876778487675","0.807414351955886","one_way"
"10.8185157676392","1.89193376165484","0.316363710715567","2.074988964271","0.818515767639153","0.362667211237033","0.9638","0.944675268605351","0.267220668727532","0.78293276228942","one_way"
"10.6009644807955","2.88609629884563","0.325459156937022","2.89022566917216","0.600964480795495","0.21939541656317","1","0.5","0.4","0.75","roller_coaster"
"10.6009644807955","2.88609629884563","0.325459156937022","2.89022566917216","0.600964480795495","0.21939541656317","1","0.5","0.4","0.75","roller_coaster"
"10.3680474877286","3.29598925745156","0.23750917367248","3.78952585236039","0.368047487728638","0.231191995325449","1","0.2655086631421","0.380035179434344","0.79423986072652","roller_coaster"
"0.000187997583163832","0.00469287343694626","0.464514034342051","1.73979985978378e-05","0.000187997583163832","0.470473192288225","0.288","0.37212389963679","0.777445221319795","0.107943625887856","roller_coaster"
"10.6534700970202","2.87657264280774","0.325181849045263","2.70096864717497","0.653470097020197","0.238676349038416","0.9994","0.572853363351896","0.934705231105909","0.723710946040228","roller_coaster"
"5.8210772875538","2.1210517602488","0.469124184257663","1.70157259837261","0.821077287553798","0.208781587644186","0.9398","0.908207789994776","0.212142521282658","0.411274429643527","roller_coaster"
"10.288075249595","3.43188314498082","0.199801772972983","4.06967360338706","0.288075249595028","0.247957644465857","1","0.201681931037456","0.651673766085878","0.820946294115856","roller_coaster"
"10.830912154868","2.13581308468159","0.474113678523658","1.7670121119114","0.830912154867993","0.208230939633762","0.95","0.898389684967697","0.125555095961317","0.647060193819925","roller_coaster"
"5.86129876882205","1.94666386866779","0.499726851224349","1.56537686194074","0.861298768822051","0.214718507922093","0.9082","0.944675268605351","0.267220668727532","0.78293276228942","roller_coaster"
"10.7096745967042","2.65862750360673","0.375976616431878","2.45438316910704","0.70967459670415","0.213329911779947","0.9948","0.660797792486846","0.386114092543721","0.553036311641335","roller_coaster"
"10.6942153905411","2.64010491507847","0.378770305768646","2.49380187269134","0.694215390541147","0.202993636429219","0.997","0.62911404389888","0.0133903331588954","0.529719580197707","roller_coaster"
"10.0957731991888","3.61152708597993","0.168609424400528","4.73873266649359","0.095773199188806","0.249106894959915","1","0.0617862704675645","0.382387957070023","0.789356231689453","roller_coaster"
"0.000115673711295052","0.00349126817360107","0.499103799411531","1.0504079900004e-05","0.000115673711295052","0.482051251046092","0.13","0.205974574899301","0.86969084572047","0.023331202333793","roller_coaster"
"10.2485905691824","3.44466080537651","0.202872396473414","4.18559407226745","0.248590569182357","0.223991793785542","1","0.176556752528995","0.34034899668768","0.477230065036565","roller_coaster"
"10.7403399084674","2.57633924161276","0.396029145014069","2.31219302135768","0.740339908467406","0.218302389059017","0.9922","0.687022846657783","0.482080115471035","0.7323137386702","roller_coaster"
"10.4811815081001","3.15792897563096","0.272290795962707","3.36547239367455","0.481181508100079","0.241512791692409","1","0.384103718213737","0.599565825425088","0.692731556482613","roller_coaster"
"10.7781821686691","2.43833021970083","0.415771639899065","2.07228865836923","0.778182168669119","0.218493730424759","0.986","0.769841419998556","0.493541307048872","0.477619622135535","roller_coaster"
"10.609894686498","2.83384167720858","0.342212376010125","2.84839985786508","0.609894686498026","0.208043814106106","1","0.497699242085218","0.186217601411045","0.8612094768323","roller_coaster"
"10.7423083150376","2.5983119936866","0.383995640202198","2.29098336295874","0.742308315037574","0.23271734454505","0.9936","0.717618508264422","0.827373318606988","0.438097107224166","roller_coaster"
"5.73647636593629","1.73281580857477","0.492112282058261","1.35591670816663","0.736476365936286","0.294109783116917","0.6902","0.991906094830483","0.668466738192365","0.244797277031466","roller_coaster"
"0.000174667357040644","0.00459293173486412","0.45302318131645","1.59209178997052e-05","0.000174667357040644","0.468218822270272","0.278","0.1","0.1","0.1","roller_coaster"
"5.18926807126134","2.24634473445772","0.331023852531839","3.02024757550126","0.189268071261339","0.420950108631877","0.548","0.2","0.2","0.2","roller_coaster"
"5.38467567153747","3.10282023390523","0.264866091706353","3.56836639289273","0.384675671537467","0.234807490154504","0.918","0.3","0.3","0.3","roller_coaster"
"10.5000403966714","3.0924587062782","0.277891702700831","3.28184258959424","0.500040396671448","0.227284193260705","1","0.4","0.4","0.4","roller_coaster"
"10.5890509637391","2.9328772093988","0.316152267352958","2.9420491062684","0.589050963739087","0.222964815389721","0.9998","0.5","0.5","0.5","roller_coaster"
"10.6630854501526","2.80138662732158","0.347530234818898","2.66185782949375","0.663085450152552","0.22700198958794","0.9986","0.6","0.6","0.6","roller_coaster"
"10.7377714377848","2.60843207103363","0.391072316940674","2.32070703399735","0.737771437784838","0.226773843944311","0.9928","0.7","0.7","0.7","roller_coaster"
"10.8064775670374","2.34864095640553","0.429692653357791","1.97976757798334","0.80647756703741","0.242602108154081","0.9754","0.8","0.8","0.8","roller_coaster"
"5.84569041172841","2.18202723085414","0.46501043202263","1.72484924628123","0.845690411728412","0.256565084154573","0.9438","0.9","0.9","0.9","roller_coaster"
"5.86598286241499","1.9668968611319","0.492521817304605","1.50986274604597","0.865982862414991","0.265891117206106","0.894","1","1","1","roller_coaster"
"10.7627455601896","2.50598901083986","0.408011389392977","2.20895334346772","0.762745560189569","0.222399666275369","0.9886","0.712577550617896","0.563860522187363","0.792778946295075","roller_coaster"
"10.544636832054","2.97911063291081","0.298967355836208","3.11156227843266","0.544636832053965","0.218113758907327","1","0.446784243804905","0.348295248940659","0.442247322505219","roller_coaster"
"10.7207677862912","2.66993913951667","0.37318132596884","2.42243652642776","0.720767786291227","0.233873139694041","0.9954","0.688631993072686","0.815038253864124","0.621648765397348","roller_coaster"
"10.830912154868","2.13581308468159","0.474113678523658","1.7670121119114","0.830912154867993","0.208230939633762","0.95","0.898389684967697","0.125555095961317","0.647060193819925","roller_coaster"
"10.7377714377848","2.60843207103363","0.391072316940674","2.32070703399735","0.737771437784838","0.226773843944311","0.9928","0.7","0.7","0.7","roller_coaster"
"10.8064775670374","2.34864095640553","0.429692653357791","1.97976757798334","0.80647756703741","0.242602108154081","0.9754","0.8","0.8","0.8","roller_coaster"
"10.6009644807955","2.88609629884563","0.325459156937022","2.89022566917216","0.600964480795495","0.21939541656317","1","0.5","0.4","0.75","roller_coaster"
"10.8249638938525","2.20718853038628","0.463378974516616","1.8288412007196","0.824963893852545","0.215770879650978","0.9606","0.867560334453397","0.374812408320219","0.705418927332469","roller_coaster"
"10.0957731991888","3.61152708597993","0.168609424400528","4.73873266649359","0.095773199188806","0.249106894959915","1","0.0617862704675645","0.382387957070023","0.789356231689453","roller_coaster"
"10.7497445509381","2.51290446035992","0.402417362835671","2.27628570490628","0.749744550938135","0.206110201122251","0.9902","0.716536493280985","0.249529810971533","0.536940633902632","roller_coaster"
"10.5777288165425","2.97216901699161","0.312149112649234","2.99847795225288","0.577728816542544","0.228434649557538","1","0.468405189438308","0.584909850279528","0.787934404679865","roller_coaster"
"10.7096745967042","2.65862750360673","0.375976616431878","2.45438316910704","0.70967459670415","0.213329911779947","0.9948","0.660797792486846","0.386114092543721","0.553036311641335","roller_coaster"
"10.6995633227475","2.64430545186079","0.380871504651318","2.48627189159684","0.699563322747451","0.204837772206243","0.9964","0.640860238844325","0.13324498954729","0.546742711626377","roller_coaster"
"10.6009644807955","2.88609629884563","0.325459156937022","2.89022566917216","0.600964480795495","0.21939541656317","1","0.5","0.4","0.75","roller_coaster"
"10.1854609065895","3.52603580838234","0.181872341986359","4.42783326150354","0.185460906589453","0.244099088331054","1","0.124790760714717","0.477125907526261","0.782407442809269","roller_coaster"
"5.49640062708049","2.46254832083047","0.358186165614253","2.58264917214678","0.496400627080489","0.302067534919053","0.731","0.493000078647815","0.627561222353308","0.234661261551082","roller_coaster"
"10.7322197232344","2.58449965715571","0.392176388499484","2.34608977061928","0.732219723234444","0.209525726510307","0.9938","0.675276651712338","0.362225459082641","0.71529060724153","roller_coaster"
"10.479044500775","3.13347491425217","0.27269563338678","3.36444917497135","0.479044500775031","0.230553860337256","1","0.381413468753002","0.382192797699263","0.512691646017296","roller_coaster"
"10.830912154868","2.13581308468159","0.474113678523658","1.7670121119114","0.830912154867993","0.208230939633762","0.95","0.898389684967697","0.125555095961317","0.647060193819925","roller_coaster"
"10.6999352956228","2.66717031096397","0.37630276580326","2.48371599659457","0.699935295622795","0.214566864234688","0.997","0.62401835641063","0.387342165014797","0.739262527550384","roller_coaster"
"10.6009644807955","2.88609629884563","0.325459156937022","2.89022566917216","0.600964480795495","0.21939541656317","1","0.5","0.4","0.75","roller_coaster"
"10.5067716232976","3.11054655251949","0.278212579887063","3.25865995420329","0.506771623297557","0.240177297299002","1","0.413090233405473","0.611900890167952","0.509179898309432","roller_coaster"
"10.4316822237558","3.1268475632351","0.268860603244294","3.54553872864221","0.431682223755811","0.21443043796356","1","0.337795896288521","0.0375028768914654","0.63627961880609","roller_coaster"
"10.6653882597165","2.68333594842745","0.358877740536031","2.62669774662204","0.665388259716514","0.203927052598485","0.9986","0.582329800093976","0.0650950842182367","0.487472257692488","roller_coaster"
"10.6167309692068","2.83909980272674","0.33691654799654","2.8542759867466","0.616730969206778","0.213763866631573","0.9998","0.536598607850678","0.302750000273062","0.639142739715112","roller_coaster"
"10.6585120122438","2.76324790011906","0.354320748892374","2.6830440148996","0.658512012243843","0.215565256423348","0.999","0.592515436048202","0.431016370421275","0.640576840482595","roller_coaster"
"10.5073204778956","2.97941688151959","0.299958231746395","3.17851410898013","0.507320477895593","0.219566312715376","0.968","0.413397770860647","0.200873576556605","0.325278303353116","roller_coaster"
"10.6250235877544","2.81879615579451","0.341450208178562","2.7864879007557","0.625023587754364","0.211289965686013","0.9998","0.540647455541379","0.237330112962439","0.455855502311058","roller_coaster"
"10.7377714377848","2.60843207103363","0.391072316940674","2.32070703399735","0.737771437784838","0.226773843944311","0.9928","0.7","0.7","0.7","roller_coaster"
"10.5519747341667","2.96483893403625","0.302734108156966","3.09614442406989","0.551974734166654","0.219310714108933","1","0.45594107626284","0.344270291532138","0.517574730660604","roller_coaster"
"10.6969869058681","2.65906093523235","0.378452323949183","2.49374630779509","0.696986905868118","0.208581586078668","0.9968","0.632976639354745","0.235741752498997","0.688459152226677","roller_coaster"
"10.3692955067383","3.33188999780701","0.230135626033061","3.78490576298372","0.369295506738325","0.244549367017249","1","0.275158452134378","0.593583113641158","0.723059204895335","roller_coaster"
"10.1058974831332","3.59080090550984","0.173094290096338","4.70269908854482","0.105897483133224","0.242105599531679","1","0.071913197503362","0.363086751212662","0.566161477471983","roller_coaster"
"10.6914260610962","2.6529963397522","0.373827581386064","2.54060025757247","0.691426061096204","0.209320311979423","0.9972","0.631901955900211","0.28484540206309","0.597546086950084","roller_coaster"
"10.6448016390375","2.76318322949615","0.351320444116418","2.70854689998891","0.644801639037464","0.211358379970535","0.9992","0.56728615637329","0.266978882744817","0.521283163053697","roller_coaster"
"10.710375186514","2.66871034592979","0.378489363421249","2.44883612785893","0.710375186513966","0.231601801224988","0.9964","0.637567537672482","0.685289449217246","0.796845447503031","roller_coaster"
"10.7051448535433","2.65024830982089","0.378737483780215","2.46174528175163","0.705144853543268","0.213721662901478","0.9964","0.631135179624228","0.399397094554271","0.748283233669265","roller_coaster"
"10.5966724174033","2.86577187901789","0.328616095297012","2.90442155469252","0.596672417403315","0.209352195802085","0.9998","0.501091888697279","0.132387979811579","0.506257515021633","roller_coaster"
"10.6855553463225","2.74467252046037","0.361534606980304","2.56199594333889","0.685555346322455","0.230830966909062","0.9976","0.638755824238161","0.717075571392951","0.627312504056651","roller_coaster"
"10.3780527805441","3.29277387669244","0.242294406620541","3.74404147047571","0.378052780544105","0.234110728876508","1","0.276299973205219","0.399818770189814","0.772664892613362","roller_coaster"
"10.8092740190462","2.29825109125441","0.445374360745812","1.93056457505212","0.809274019046162","0.211951496142393","0.9718","0.840921633621486","0.345163638537841","0.63999126658983","roller_coaster"
"10.616452899515","2.92293969960969","0.32569336012131","2.83291651973366","0.616452899515028","0.232750288975052","1","0.538264301653026","0.698581047749226","0.680997003311282","roller_coaster"
"10.8179251482469","2.26147796147634","0.450892517540073","1.87215756572164","0.817925148246923","0.219802246473066","0.9676","0.858002347003171","0.449254142071106","0.670821727367856","roller_coaster"
"10.6402426193159","2.8531777490751","0.33862103555254","2.76558460145958","0.640242619315918","0.228940069651473","0.9996","0.566861341402442","0.599873878488052","0.665183144047155","roller_coaster"
"10.5441314996265","2.96935972176861","0.305758837486527","3.11786675284621","0.544131499626546","0.214240331192638","1","0.452959975191753","0.258129918731862","0.621008226960187","roller_coaster"
"10.6044919178944","2.90715036990118","0.326834206347571","2.89343553158539","0.60449191789436","0.217965050833971","0.9998","0.521505543715369","0.374252470762542","0.559287361503806","roller_coaster"
"10.6224173915345","2.81029274882491","0.336679720780337","2.79163460361984","0.622417391534507","0.21253035646477","0.9998","0.537178987659536","0.276977395938796","0.498789473331459","roller_coaster"
"10.830912154868","2.13581308468159","0.474113678523658","1.7670121119114","0.830912154867993","0.208230939633762","0.95","0.898389684967697","0.125555095961317","0.647060193819925","roller_coaster"
"10.3886428578151","3.26020687984522","0.245855596677422","3.7031860521409","0.388642857815106","0.233957577006835","1","0.285486297262346","0.382569186880208","0.766691339076091","roller_coaster"
"10.8210776728047","2.22211155759403","0.456472911642005","1.84289928764849","0.821077672804682","0.221938204251222","0.9638","0.840387337964526","0.476300953890212","0.77623846645207","roller_coaster"
"10.5121755829407","3.00353387751944","0.288942912213073","3.23417888474422","0.512175582940682","0.220476051646072","0.998","0.411315489027751","0.302971047735284","0.374447258722522","roller_coaster"
"10.6047734788989","2.86352948876986","0.330281650071831","2.8819302636128","0.604773478898881","0.214664210951299","1","0.518209725772086","0.318915423951673","0.668251650567427","roller_coaster"
"10.5562239585729","2.94710658517424","0.303642936560058","3.05860016238836","0.556223958572865","0.216671064905365","1","0.460437795668895","0.342743657824743","0.454270076392929","roller_coaster"
"10.4853046852017","3.09057122000329","0.280047840833828","3.34297472810805","0.485304685201703","0.221189380222788","1","0.383495750585898","0.280095326520584","0.46352269064789","roller_coaster"
"10.6182407251968","2.92597274163369","0.325459720754808","2.83767454281677","0.618240725196791","0.231448073370834","1","0.518281358272834","0.682872532750701","0.782270666020562","roller_coaster"
"10.551710253328","2.9677034173546","0.308919450045921","3.07964492684628","0.551710253328033","0.218016382181994","1","0.445814149227043","0.363571497389499","0.740769484878075","roller_coaster"
"10.6348875581398","2.81156136769583","0.340438359057339","2.76017707955094","0.63488755813978","0.213496931606087","0.9998","0.544141472088111","0.362828364528369","0.717007373572265","roller_coaster"
"10.8249638938525","2.20718853038628","0.463378974516616","1.8288412007196","0.824963893852545","0.215770879650978","0.9606","0.867560334453397","0.374812408320219","0.705418927332469","roller_coaster"
"10.7640197494532","2.4947799199468","0.411684289732012","2.19038297367593","0.764019749453214","0.221614711205029","0.9898","0.754947898375721","0.54572692120403","0.643731392979564","roller_coaster"
"10.6473548512079","2.76306146615869","0.356665628511613","2.67188011746406","0.647354851207893","0.207609446293447","0.9958","0.5704646968009","0.244183611687573","0.372317260027219","roller_coaster"
"10.7036761392171","2.6575476992849","0.378582682390175","2.47024989761397","0.703676139217128","0.212953332430537","0.9966","0.631476489738596","0.380152671346118","0.733054493789657","roller_coaster"
"10.6149721313143","2.83034477996538","0.336866913715925","2.85839946210784","0.61497213131427","0.210844096790822","0.9998","0.532112828381568","0.237301673333789","0.639368854845449","roller_coaster"
"10.6560785317184","2.74934104628571","0.356137075851653","2.67798949707166","0.656078531718388","0.211211548114912","0.999","0.58792756714539","0.317770354375654","0.650242895037051","roller_coaster"
"10.8124971927784","2.29348516451891","0.451478973822192","1.91183177122044","0.812497192778386","0.219024978629996","0.967","0.857492140332594","0.441984713373617","0.633575979740319","roller_coaster"
"10.6408595143529","2.86707524604297","0.323108276747686","2.73677483788133","0.640859514352921","0.234694286740919","0.9994","0.571343211162188","0.894768048776314","0.669873586529705","roller_coaster"
"10.830912154868","2.13581308468159","0.474113678523658","1.7670121119114","0.830912154867993","0.208230939633762","0.95","0.898389684967697","0.125555095961317","0.647060193819925","roller_coaster"
"10.637367839536","2.78545739071955","0.349642503987265","2.76030691726208","0.63736783953602","0.211447375970068","0.9994","0.562184114526906","0.285990471639109","0.61555484248046","roller_coaster"
"10.6339741554215","2.78725923506051","0.346233290135598","2.7420686147166","0.633974155421454","0.210739587669621","0.9996","0.553823786164929","0.25656999789707","0.670098524341414","roller_coaster"
"10.6678553062795","2.72004548774122","0.358773204203266","2.61646763359759","0.667855306279494","0.211671650259029","0.9986","0.599795081220406","0.345664632792604","0.66789583030329","roller_coaster"
"10.6875046099074","2.68453284828559","0.362569257060365","2.53113982031258","0.687504609907434","0.209004249465776","0.9976","0.618168364011087","0.330519189884735","0.486912421180226","roller_coaster"
"10.5667969902453","2.92598362440211","0.318153977690015","2.99598226140102","0.566796990245332","0.211840875941999","0.998","0.471838228901765","0.247981822228072","0.372880642701489","roller_coaster"
"10.7004263138756","2.65110880849541","0.378265299810077","2.46987631520423","0.700426313875559","0.209372280098468","0.9964","0.632635329240376","0.25498617570715","0.703687892106285","roller_coaster"
"10.7110757027523","2.61017279247629","0.383546852162216","2.42805357652483","0.711075702752279","0.208526547255836","0.9958","0.634528144581657","0.277226118717467","0.759507275181111","roller_coaster"
"10.8315161773259","2.12574643654323","0.470576492165324","1.76737761972062","0.831516177325899","0.213305209566699","0.951","0.897722743433756","0.281542985007334","0.662600103232783","roller_coaster"
"10.6707135523031","2.71259474304632","0.363693062437214","2.60526495773029","0.670713552303147","0.211018185921787","0.998","0.606249020196297","0.29473977517369","0.616601536057494","roller_coaster"
"10.417152755386","3.18428661627873","0.252186052324927","3.58674390369085","0.417152755386035","0.225999169464141","1","0.31759317194215","0.321749956150694","0.399409950012341","roller_coaster"
"10.4979857027346","3.07383531798005","0.286849754022232","3.28552932775034","0.497985702734618","0.224676144514377","1","0.403284611053584","0.374163880358668","0.672888947025397","roller_coaster"
"10.754267058073","2.56206544438501","0.40069666025385","2.26785182252604","0.754267058073034","0.225909817744017","0.9902","0.701886045486367","0.60420759012747","0.756128472470421","roller_coaster"
"10.6454723249015","2.79360653318025","0.349058469259663","2.73183428898083","0.645472324901499","0.210383831084547","0.9992","0.567796363043867","0.274248311442305","0.558528910681233","roller_coaster"
"10.7255465855616","2.59209846673732","0.388216856597319","2.37147513703308","0.725546585561631","0.209300614050441","0.9944","0.670456246216408","0.313766423569574","0.699390719114395","roller_coaster"
"10.8249638938525","2.20718853038628","0.463378974516616","1.8288412007196","0.824963893852545","0.215770879650978","0.9606","0.867560334453397","0.374812408320219","0.705418927332469","roller_coaster"
"10.7025817079154","2.70825358787684","0.36896210191019","2.47748125822299","0.702581707915419","0.229374794961185","0.997","0.636016032445569","0.643805082998776","0.725797324548596","roller_coaster"
"10.7982305812063","2.3428860855406","0.439284202718518","1.98514984874294","0.798230581206301","0.203108923584226","0.9784","0.780591371176458","0.133960402482857","0.740862585870619","roller_coaster"
"10.608679229566","2.87833464707838","0.329454742967595","2.86145442522972","0.608679229565995","0.220257409281343","1","0.520413203165225","0.459308561897941","0.707234675121548","roller_coaster"
"10.5993665217518","2.88165555743705","0.324519093002668","2.87753808160367","0.599366521751845","0.211654817704543","0.9976","0.509941956926887","0.299172837194785","0.373883876048252","roller_coaster"
"10.6025510380908","2.85398118766926","0.332548716007463","2.87594412345092","0.602551038090796","0.2094025324772","1","0.504233411956508","0.211607442581558","0.720334367318892","roller_coaster"
"10.8053734475066","2.35186044012809","0.438676655484639","1.97525629011116","0.80537344750658","0.226973772801667","0.9738","0.820445630838536","0.62792114846589","0.702794912969694","roller_coaster"
"10.5960554062027","2.93596441776755","0.321584816939866","2.93996255019968","0.596055406202748","0.230112842528739","1","0.519373698822978","0.597816441615301","0.63432335240282","roller_coaster"
"10.8205880731879","2.20950852934623","0.461885190582462","1.8409659997602","0.820588073187935","0.213491549950538","0.9626","0.841054279498467","0.320313064844195","0.760698557039211","roller_coaster"
"10.6323745722461","2.82467555830365","0.344386345691432","2.8002114161827","0.632374572246129","0.219604453182217","0.9998","0.558740304435976","0.415823537821177","0.642206327074833","roller_coaster"
"10.6209865666837","2.91186436833182","0.325533364234127","2.81952027370549","0.62098656668371","0.233508716783916","1","0.522461318108948","0.783496551349295","0.825511928880587","roller_coaster"
"10.6439726516451","2.77106716531517","0.351342952548751","2.70168920195557","0.643972651645121","0.210167425187072","0.9994","0.559632383506106","0.271786083820492","0.710689647087385","roller_coaster"
"10.7715876722834","2.46250114616665","0.419077113412268","2.14501356465328","0.771587672283397","0.204070859174912","0.9868","0.731956663529391","0.212389428064692","0.732022321413629","roller_coaster"
"10.627198322099","2.80877550736686","0.343826232699547","2.78178274331236","0.627198322099033","0.211653641083266","0.9998","0.544396109670808","0.28548599155367","0.677540550534797","roller_coaster"
"10.7982305812063","2.3428860855406","0.439284202718518","1.98514984874294","0.798230581206301","0.203108923584226","0.9784","0.780591371176458","0.133960402482857","0.740862585870619","roller_coaster"
"10.6736229466655","2.70628888674683","0.36116438313134","2.60035932756537","0.673622946665513","0.211703270348128","0.998","0.611281983659197","0.34381352512194","0.617044593463401","roller_coaster"
"10.8222500031249","2.17401755999126","0.466900535002197","1.825966227516","0.822250003124935","0.208279602052844","0.958","0.875805743984737","0.132029869168327","0.649911400413069","roller_coaster"
"10.8179346636103","2.26954826252307","0.449224050565215","1.89477795954241","0.81793466361035","0.212480893572165","0.9688","0.850135756513725","0.308996284845909","0.587265121249299","roller_coaster"
"10.6787447687524","2.72572144364176","0.363824441198941","2.58488978612035","0.678744768752389","0.211948287298437","0.998","0.615296737729096","0.342502405078639","0.575698397006006","roller_coaster"
"10.6680897126431","2.71134352987738","0.353849668110672","2.60011997582599","0.668089712643053","0.213068906738883","0.9986","0.600441140826158","0.343817411521551","0.508628620742318","roller_coaster"
"10.830912154868","2.13581308468159","0.474113678523658","1.7670121119114","0.830912154867993","0.208230939633762","0.95","0.898389684967697","0.125555095961317","0.647060193819925","roller_coaster"
"10.615323704423","2.83535029360382","0.336304579342419","2.85957573975669","0.615323704423034","0.211694871756463","1","0.533713260224002","0.267553558330886","0.623352789333398","roller_coaster"
"10.7144813936641","2.62708097909151","0.382613475946981","2.42504508272543","0.714481393664055","0.208934293790057","0.994","0.665755350931117","0.30306589004616","0.56224740316371","roller_coaster"
"10.6761361390835","2.71861896062634","0.358179283995816","2.60845163016513","0.676136139083487","0.211504823441177","0.9978","0.606681461572295","0.332370297555399","0.537763658020116","roller_coaster"
"10.6360941196894","2.82162715682877","0.340802122597571","2.74498209279897","0.636094119689435","0.215623772985941","0.9994","0.566906962030112","0.398087627031515","0.582002725858729","roller_coaster"
"10.6336223994554","2.85374093121919","0.331091784566352","2.77211005479627","0.633622399455411","0.224705504539567","0.9994","0.550813709391515","0.539157671332033","0.488420849641456","roller_coaster"
"10.7387771905419","2.57469994241729","0.39401100894371","2.31171098255468","0.738777190541945","0.213779986583608","0.9928","0.690699691025774","0.387183040779951","0.702973945947673","roller_coaster"
"10.8300877125425","2.15661309921101","0.469538794546735","1.76837103626201","0.830087712542501","0.216951811658488","0.9524","0.890144275436356","0.36833763511321","0.702567720739325","roller_coaster"
"10.6725315642675","2.6879327762546","0.370013837240355","2.59144529270833","0.672531564267498","0.205465163198173","0.9982","0.610818822173973","0.207561446057275","0.624395106937451","roller_coaster"
"10.8236152089629","2.19421481406813","0.465122651106133","1.81684058734086","0.823615208962868","0.208523280050994","0.9612","0.867978864713195","0.132304232976287","0.675857454887004","roller_coaster"
"10.6358670942469","2.87123671776167","0.332837732131076","2.76921038873822","0.635867094246861","0.232047250017917","0.9994","0.568255591876217","0.70908793904232","0.641293638297765","roller_coaster"
"10.6094866393501","2.92510994420246","0.316789204322075","2.88163675018754","0.609486639350055","0.230416429209799","0.9998","0.53047145869756","0.654783214639065","0.555336612936501","roller_coaster"
"10.6786256475662","2.71852231141562","0.359154584926566","2.60281762061431","0.678625647566165","0.212011074181975","0.998","0.610001706416951","0.348255100674397","0.54711602239633","roller_coaster"
"10.7617753379404","2.511742438705","0.402632149802183","2.17671155423628","0.76177533794045","0.215169806826157","0.9892","0.735600947863599","0.403452905361446","0.511992958607152","roller_coaster"
"10.6360893969919","2.79069621306416","0.348132057760784","2.76464806879444","0.636089396991863","0.210811181744792","0.9994","0.560583682684472","0.255738586642012","0.631570907992511","roller_coaster"
"10.6789748852013","2.70052965458633","0.367824646377301","2.59311039404265","0.678974885201279","0.210880788767946","0.998","0.617522304405335","0.332366411155788","0.646179630741199","roller_coaster"
"10.8048543583243","2.29304387148058","0.446355828204505","1.92947737160895","0.804854358324303","0.205005462474906","0.975","0.811002191430959","0.127211265467888","0.71206532480354","roller_coaster"
"10.6689041503454","2.73246833393309","0.358656963186243","2.61966121094961","0.668904150345364","0.211777554578721","0.998","0.602666707502397","0.3336814175987","0.57910985447751","roller_coaster"
"10.7982305812063","2.3428860855406","0.439284202718518","1.98514984874294","0.798230581206301","0.203108923584226","0.9784","0.780591371176458","0.133960402482857","0.740862585870619","roller_coaster"
"10.8315161773259","2.12574643654323","0.470576492165324","1.76737761972062","0.831516177325899","0.213305209566699","0.951","0.897722743433756","0.281542985007334","0.662600103232783","roller_coaster"
"10.3947833237037","3.19250400211497","0.254425855983933","3.68050980138681","0.394783323703716","0.214446202955061","1","0.289980886038393","0.133960402482857","0.740862585870619","roller_coaster"
"10.646872258718","2.76145016960298","0.356508953371002","2.70693719321928","0.646872258717993","0.208474189256282","0.9992","0.575679232560166","0.212965612321352","0.625435201473756","roller_coaster"
"10.8315161773259","2.12574643654323","0.470576492165324","1.76737761972062","0.831516177325899","0.213305209566699","0.951","0.897722743433756","0.281542985007334","0.662600103232783","roller_coaster"
"10.7886422690759","2.37485810433709","0.430721974411398","2.04703471338213","0.788642269075934","0.205470077086188","0.9832","0.783335485770767","0.241212191477476","0.669596696824869","roller_coaster"
"0.000672211894061806","0.00993367585640315","0.478069304071354","6.12667575132835e-05","0.000672211894061806","0.437708420113518","0.4414","0.683703293915083","0.126646286452457","0.166742393514141","roller_coaster"
"10.7852617114324","2.41895848245359","0.424081926070767","2.06507136149818","0.785261711432431","0.215156727197116","0.9822","0.790206600990921","0.383653340089045","0.570854485949669","roller_coaster"
"10.8315161773259","2.12574643654323","0.470576492165324","1.76737761972062","0.831516177325899","0.213305209566699","0.951","0.897722743433756","0.281542985007334","0.662600103232783","roller_coaster"
"10.6689033062626","2.73504632120006","0.361887392635211","2.64066938561298","0.668903306262608","0.210280382448091","0.9982","0.599105455527131","0.27479270906723","0.548449955117605","roller_coaster"
"10.8225495637775","2.21316340841303","0.461324884796307","1.83118223916934","0.822549563777471","0.214001761164866","0.962","0.878368670656127","0.295100862747237","0.623971184120711","roller_coaster"
"10.6941945831986","2.65025406433902","0.378102588210769","2.51813563891143","0.694194583198552","0.206898318115527","0.9974","0.637535889076417","0.229213324771284","0.637444951193865","roller_coaster"
"10.7982305812063","2.3428860855406","0.439284202718518","1.98514984874294","0.798230581206301","0.203108923584226","0.9784","0.780591371176458","0.133960402482857","0.740862585870619","roller_coaster"
"10.7648506150626","2.44857476346624","0.414111929934962","2.15322512012069","0.764850615062551","0.203860014751915","0.9876","0.750398729873546","0.194157931544971","0.568508161225845","roller_coaster"
"10.807379705374","2.27660541703789","0.448322221569218","1.92663015131859","0.807379705373956","0.207001521245669","0.9734","0.817404340837718","0.127527426505157","0.700422328525624","roller_coaster"
"10.7982305812063","2.3428860855406","0.439284202718518","1.98514984874294","0.798230581206301","0.203108923584226","0.9784","0.780591371176458","0.133960402482857","0.740862585870619","roller_coaster"
"10.7281526737867","2.58846988290022","0.391413502502272","2.38523572188484","0.7281526737867","0.20802820711921","0.9936","0.685109423708746","0.289508012306257","0.600876322275782","roller_coaster"
"10.7778794164722","2.44448849550098","0.422351647513386","2.10014229127587","0.777879416472183","0.217094039871697","0.985","0.781593353082726","0.396996436540376","0.619563334704854","roller_coaster"
"10.6502212775614","2.79641198119755","0.349057359695837","2.70537576840047","0.65022127756138","0.212634216283499","0.9992","0.581794663623116","0.373806640321614","0.590969148739936","roller_coaster"
"10.821546366253","2.18036092009686","0.462591961299956","1.82348792946508","0.821546366253018","0.208338198982977","0.9618","0.869403594577979","0.131713708131058","0.661554396690985","roller_coaster"
"10.7977607154432","2.34006445755679","0.43999802832014","1.98890101863778","0.79776071544322","0.204315687545208","0.9788","0.799344645692463","0.184588608693751","0.673863856080524","roller_coaster"
"10.6631315927213","2.72858146856791","0.362495676278189","2.64627080415908","0.663131592721273","0.208563419046987","0.9988","0.595723272298279","0.250334420377934","0.630530813456206","roller_coaster"
"10.81334262941","2.25068899137651","0.451844662901067","1.89796427702754","0.813342629410033","0.210457391733392","0.9686","0.849551838567518","0.246630069518983","0.629511042682604","roller_coaster"
"10.8048543583243","2.29304387148058","0.446355828204505","1.92947737160895","0.804854358324303","0.205005462474906","0.975","0.811002191430959","0.127211265467888","0.71206532480354","roller_coaster"
"10.8211009443432","2.23027398848813","0.45959137140049","1.85140418222338","0.82110094434318","0.208923722320623","0.964","0.867749877575322","0.229808367308616","0.612449299881261","roller_coaster"
"10.6670820973076","2.71072121584207","0.366897820921319","2.62843180415176","0.667082097307616","0.207524485205428","0.999","0.60289569464027","0.236177283266371","0.642518009483254","roller_coaster"
"10.6416711494359","2.79364265616827","0.349683432371985","2.74671479668245","0.641671149435888","0.212765129500841","0.9994","0.568159688729636","0.313316175130181","0.620884610895022","roller_coaster"
"10.830912154868","2.13581308468159","0.474113678523658","1.7670121119114","0.830912154867993","0.208230939633762","0.95","0.898389684967697","0.125555095961317","0.647060193819925","roller_coaster"
"10.830912154868","2.13581308468159","0.474113678523658","1.7670121119114","0.830912154867993","0.208230939633762","0.95","0.898389684967697","0.125555095961317","0.647060193819925","roller_coaster"
"10.7985406761906","2.3498935491585","0.429191846383476","1.99368832319671","0.798540676190551","0.210843823663696","0.979","0.804235166884332","0.351168529643981","0.513986557413633","roller_coaster"
"10.8015393057662","2.32503866542658","0.444211803664188","1.98248320920367","0.801539305766218","0.204418954944544","0.9754","0.821200090857415","0.151829434440728","0.591049873070551","roller_coaster"
"10.6612393257275","2.73784547908878","0.356327983594517","2.64403574034453","0.66123932572746","0.212337396455843","0.9984","0.596394282066194","0.368094511831841","0.608078170582194","roller_coaster"
"10.8204686243412","2.20930239926138","0.462189276951991","1.84892254462907","0.82046862434119","0.205980409453956","0.9636","0.864634384041461","0.10212059924379","0.596662049110628","roller_coaster"
"10.7560056646827","2.49428768751854","0.412350173532815","2.21932084961291","0.756005664682685","0.204716465206726","0.9902","0.729930962181526","0.203950698692382","0.654398128482765","roller_coaster"
"10.7323085164485","2.56076777540801","0.3970974435728","2.31749179137787","0.732308516448474","0.20463470381353","0.9934","0.68319665095447","0.173911148190709","0.676555013499064","roller_coaster"
"10.7230402910432","2.59091724604615","0.393407146260179","2.37618267495562","0.723040291043172","0.207457490227172","0.9948","0.658936942182736","0.220533652640829","0.716273123040148","roller_coaster"
"10.8184099804345","2.22431443149414","0.459010999732559","1.85738958445775","0.818409980434525","0.208837718600009","0.9648","0.84975460179519","0.145628675400187","0.697929505284201","roller_coaster"
"10.8130839058313","2.2747917489517","0.450399968189688","1.92531693870792","0.813083905831264","0.205692651913339","0.9706","0.841073202570652","0.139445395564086","0.594986678683446","roller_coaster"
"10.8240548745122","2.17159108412536","0.46879461627172","1.8191723988293","0.824054874512181","0.208028350659498","0.957","0.878516573254459","0.137939134837959","0.643123388207031","roller_coaster"
"10.7985406761906","2.3498935491585","0.429191846383476","1.99368832319671","0.798540676190551","0.210843823663696","0.979","0.804235166884332","0.351168529643981","0.513986557413633","roller_coaster"
"10.7985406761906","2.3498935491585","0.429191846383476","1.99368832319671","0.798540676190551","0.210843823663696","0.979","0.804235166884332","0.351168529643981","0.513986557413633","roller_coaster"
"10.8213106671311","2.2178333673846","0.461366484524385","1.85008343028166","0.821310667131133","0.207886964668432","0.9632","0.868365867160135","0.193804303900552","0.613410826283143","roller_coaster"
"10.7379295451965","2.56649718548041","0.395320096012895","2.34144010110078","0.737929545196467","0.208649908463622","0.9926","0.695162285580439","0.298758313024102","0.541111089236696","roller_coaster"
"10.8122976630078","2.2694566320041","0.450221328345211","1.89558045314102","0.812297663007827","0.211414002813193","0.9712","0.828559512815024","0.269874712090004","0.705533183819202","roller_coaster"
"10.7426541939288","2.52083979181211","0.40173300016795","2.30671342672248","0.742654193928846","0.208280361098715","0.9922","0.711968575944163","0.28858749988625","0.61539347766019","roller_coaster"
"10.7985406761906","2.3498935491585","0.429191846383476","1.99368832319671","0.798540676190551","0.210843823663696","0.979","0.804235166884332","0.351168529643981","0.513986557413633","roller_coaster"
"10.7982305812063","2.3428860855406","0.439284202718518","1.98514984874294","0.798230581206301","0.203108923584226","0.9784","0.780591371176458","0.133960402482857","0.740862585870619","roller_coaster"
"10.807379705374","2.27660541703789","0.448322221569218","1.92663015131859","0.807379705373956","0.207001521245669","0.9734","0.817404340837718","0.127527426505157","0.700422328525624","roller_coaster"
"10.7470596472415","2.50790349305493","0.410287238167624","2.25762738181693","0.747059647241489","0.203718733693814","0.9914","0.717377701292001","0.163761170219962","0.655120276286677","roller_coaster"
"10.6887834920285","2.64803228900767","0.375454639188707","2.52718462593847","0.688783492028494","0.207068990628147","0.9974","0.631139777314804","0.240777713548419","0.616954369459302","roller_coaster"
"10.8315161773259","2.12574643654323","0.470576492165324","1.76737761972062","0.831516177325899","0.213305209566699","0.951","0.897722743433756","0.281542985007334","0.662600103232783","roller_coaster"
"10.81334262941","2.25068899137651","0.451844662901067","1.89796427702754","0.813342629410033","0.210457391733392","0.9686","0.849551838567518","0.246630069518983","0.629511042682604","roller_coaster"
"10.7745473139813","2.46441436029873","0.419890645987644","2.11791229541856","0.774547313981261","0.214380775700031","0.9862","0.772174077876269","0.380818741238694","0.616839033749305","roller_coaster"
"10.6639689965277","2.73806840530238","0.353423275984271","2.63988785148498","0.66396899652765","0.213399512203805","0.999","0.588190775384728","0.362242251544479","0.47614038689062","roller_coaster"
"10.8220471844019","2.18767848962553","0.461764684920195","1.83161513463455","0.82204718440191","0.208672041318486","0.9616","0.868787604993166","0.167717771539122","0.660592870289103","roller_coaster"
"10.830912154868","2.13581308468159","0.474113678523658","1.7670121119114","0.830912154867993","0.208230939633762","0.95","0.898389684967697","0.125555095961317","0.647060193819925","roller_coaster"
"10.7321097842855","2.58885195215274","0.393121345355712","2.35508865649966","0.732109784285499","0.208841664321681","0.9934","0.694528698915203","0.305685707607938","0.603600623231331","roller_coaster"
"10.830912154868","2.13581308468159","0.474113678523658","1.7670121119114","0.830912154867993","0.208230939633762","0.95","0.898389684967697","0.125555095961317","0.647060193819925","roller_coaster"
"10.7852617114324","2.41895848245359","0.424081926070767","2.06507136149818","0.785261711432431","0.215156727197116","0.9822","0.790206600990921","0.383653340089045","0.570854485949669","roller_coaster"
"10.7728141660936","2.40607096738293","0.421893879080728","2.14617293326619","0.7728141660936","0.203996152283456","0.9866","0.762744507051006","0.149505695082106","0.610320715937104","roller_coaster"
"10.7129880582073","2.59428734138898","0.390383288013306","2.41990628936146","0.712988058207296","0.206100278512396","0.9952","0.66265130485408","0.151517494724954","0.655942220650909","roller_coaster"
"10.7869336104705","2.38058135471982","0.431929009028588","2.06341930450919","0.786933610470514","0.203470113158164","0.9832","0.768245593998997","0.178612638945722","0.699050031159361","roller_coaster"
"10.7985406761906","2.3498935491585","0.429191846383476","1.99368832319671","0.798540676190551","0.210843823663696","0.979","0.804235166884332","0.351168529643981","0.513986557413633","roller_coaster"
"10.6551024232209","2.74336957338249","0.358492915253236","2.65677959614083","0.655102423220856","0.206935008296241","0.999","0.577510603936389","0.202869503157196","0.681744210206953","roller_coaster"
"10.784334976007","2.4130711957166","0.426837270410362","2.11835613700323","0.784334976007","0.204152868210808","0.9854","0.728882783927749","0.178912491107541","0.896372553892434","roller_coaster"
"10.8062333254942","2.29933243925273","0.444716533968069","1.9472518082161","0.806233325494236","0.210649318281436","0.9742","0.821334523436809","0.26451309926915","0.680426661578895","roller_coaster"
"10.8056189515643","2.3039406235149","0.443781182360377","1.95011538250357","0.805618951564335","0.211521188901698","0.9744","0.827807573003924","0.310566766915529","0.658158742783659","roller_coaster"
"10.8091098427143","2.24215298166256","0.451041498065784","1.91113507139055","0.809109842714258","0.205489837130848","0.9702","0.842089248306101","0.129306000424549","0.62128039419843","roller_coaster"
"10.4531563621924","3.1172269772125","0.276246794638341","3.46605574611324","0.453156362192436","0.217431904599261","1","0.357248281361535","0.134651412466527","0.656492901790303","roller_coaster"
"10.7982305812063","2.3428860855406","0.439284202718518","1.98514984874294","0.798230581206301","0.203108923584226","0.9784","0.780591371176458","0.133960402482857","0.740862585870619","roller_coaster"
"10.7623434866721","2.51426117834023","0.408372769877288","2.18596565571838","0.762343486672063","0.214336571778104","0.9888","0.747858177819429","0.382510523053248","0.579040424753322","roller_coaster"
"10.8213106671311","2.2178333673846","0.461366484524385","1.85008343028166","0.821310667131133","0.207886964668432","0.9632","0.868365867160135","0.193804303900552","0.613410826283143","roller_coaster"
"10.7686875297429","2.45542973476912","0.416611577634424","2.17517133994678","0.768687529742949","0.208086176013159","0.9876","0.756787540130584","0.314619563286091","0.612016045293685","roller_coaster"
"10.7985406761906","2.3498935491585","0.429191846383476","1.99368832319671","0.798540676190551","0.210843823663696","0.979","0.804235166884332","0.351168529643981","0.513986557413633","roller_coaster"
"10.7126279853337","2.59847218947275","0.387422791311672","2.41920776060812","0.712627985333716","0.206418273078124","0.9956","0.665001500438062","0.211370917522984","0.613682214848873","roller_coaster"
"10.830912154868","2.13581308468159","0.474113678523658","1.7670121119114","0.830912154867993","0.208230939633762","0.95","0.898389684967697","0.125555095961317","0.647060193819925","roller_coaster"
"10.7550458953861","2.49125357927231","0.415915669750047","2.21519839393914","0.755045895386119","0.203768431333113","0.99","0.729865480635027","0.134415841465733","0.654788950236119","roller_coaster"
"10.8103520897096","2.30449585309795","0.443819556913383","1.95777731421109","0.810352089709608","0.204515142271508","0.976","0.780591371176458","0.133960402482857","0.829913498600945","roller_coaster"
"10.7420215555878","2.52323264179987","0.404089826705806","2.29971280344485","0.74202155558779","0.203822670695329","0.9924","0.704999728025573","0.152660311760751","0.647756281847256","roller_coaster"
"10.8213106671311","2.2178333673846","0.461366484524385","1.85008343028166","0.821310667131133","0.207886964668432","0.9632","0.868365867160135","0.193804303900552","0.613410826283143","roller_coaster"
"10.8117118048341","2.24226880876167","0.455440026847687","1.88296184242737","0.811711804834052","0.207918947974701","0.968","0.844633813995944","0.195642524683906","0.681223472813249","roller_coaster"
"10.8315161773259","2.12574643654323","0.470576492165324","1.76737761972062","0.831516177325899","0.213305209566699","0.951","0.897722743433756","0.281542985007334","0.662600103232783","roller_coaster"
"10.822686161825","2.2189436360283","0.45414400324883","1.85126612130093","0.822686161825011","0.214045190508906","0.9614","0.867242984481157","0.314374754603095","0.529466985944509","roller_coaster"
"10.8240548745122","2.17159108412536","0.46879461627172","1.8191723988293","0.824054874512181","0.208028350659498","0.957","0.878516573254459","0.137939134837959","0.643123388207031","roller_coaster"
"10.8122976630078","2.2694566320041","0.450221328345211","1.89558045314102","0.812297663007827","0.211414002813193","0.9712","0.828559512815024","0.269874712090004","0.705533183819202","roller_coaster"
"10.8055449576196","2.26885176130762","0.450589057619428","1.92583745195411","0.805544957619598","0.20495475496623","0.9716","0.835381867370872","0.162348871002203","0.631579765289049","roller_coaster"
"10.8067267911839","2.26920134282085","0.448722553489231","1.94580516126682","0.806726791183865","0.204077245854853","0.9722","0.831175509186749","0.142656749220538","0.648213464234715","roller_coaster"
"10.8232215235811","2.16766573409711","0.466408974857302","1.81281980074123","0.823221523581064","0.208301590457424","0.9554","0.880362743800646","0.158621455033912","0.651160162318725","roller_coaster"
"10.8146196154749","2.25814540031876","0.457855800576844","1.89126177505937","0.814619615474882","0.207256634069836","0.9702","0.836016394837863","0.112727232849132","0.688222317963938","roller_coaster"
"10.8281112578335","2.13906426771142","0.468803691570051","1.77560040443786","0.828111257833547","0.208874867409393","0.9538","0.887687707422455","0.224302157250326","0.678785398310032","roller_coaster"
"10.7395107309368","2.58247473587554","0.39790708035019","2.32318103605465","0.739510730936825","0.211045749746918","0.9932","0.709915236660888","0.371884885560541","0.608423611686952","roller_coaster"
"10.7984511818899","2.32026468783414","0.442116205729203","1.99351250849922","0.798451181889913","0.202528657650145","0.978","0.809209360380056","0.123353768877516","0.649302317017309","roller_coaster"
"5.84105919081631","1.67267283759215","0.358524982187585","1.83225488624658","0.841059190816305","0.251852196948339","0.925","0.5","0.4","0.75","05_05"
"5.84105919081631","1.67267283759215","0.358524982187585","1.83225488624658","0.841059190816305","0.251852196948339","0.925","0.5","0.4","0.75","05_05"
"10.5649800594721","2.38606085458597","0.254745802970646","3.11709603902562","0.56498005947209","0.279309884796196","1","0.2655086631421","0.380035179434344","0.79423986072652","05_05"
"6.84486458629831e-05","0.00214423496049453","0.334281191451905","6.06767926063395e-06","6.84486458629831e-05","0.468171582500446","0.0148","0.37212389963679","0.777445221319795","0.107943625887856","05_05"
"5.89925406327704","1.60681522722198","0.36854862834292","1.50301328252483","0.899254063277044","0.306420079016597","0.8444","0.572853363351896","0.934705231105909","0.723710946040228","05_05"
"0.0484315784485796","0.0103873389681663","0.404954294302671","0.0489944944218907","0.0484315784485796","0.461130492327179","0.3284","0.908207789994776","0.212142521282658","0.411274429643527","05_05"
"10.4399873337319","2.63772876296817","0.206362097379472","3.60449474544672","0.439987333731886","0.310179015142186","1","0.201681931037456","0.651673766085878","0.820946294115856","05_05"
"5.41462222848119","0.22082157416058","0.469375371621126","1.23255998340907","0.414622228481193","0.41079270535167","0.6406","0.898389684967697","0.125555095961317","0.647060193819925","05_05"
"5.54899501154529","0.332085532167154","0.458488481242177","1.13350628595532","0.548995011545286","0.39272065570068","0.6458","0.944675268605351","0.267220668727532","0.78293276228942","05_05"
"5.80669977019675","0.871818786918961","0.432096072149537","1.18602847382634","0.806699770196754","0.325667624367554","0.6988","0.660797792486846","0.386114092543721","0.553036311641335","05_05"
"5.80085652820867","0.847095079295286","0.437273171476567","1.18815450899675","0.800856528208671","0.263554281431418","0.7162","0.62911404389888","0.0133903331588954","0.529719580197707","05_05"
"10.159500161007","2.80819890235146","0.181393358111017","4.51496690889233","0.159500161007042","0.305629797114688","1","0.0617862704675645","0.382387957070023","0.789356231689453","05_05"
"6.65028713868446e-05","0.00212289022469918","0.332534572254308","5.97954929559353e-06","6.65028713868446e-05","0.468171582500446","0.01","0.205974574899301","0.86969084572047","0.023331202333793","05_05"
"5.43566194854746","2.23722053649823","0.251063734351032","3.26028228340113","0.435661948547455","0.307626894363509","0.86","0.176556752528995","0.34034899668768","0.477230065036565","05_05"
"5.85577391030439","1.05854598004159","0.414045153378755","1.20176576993529","0.855773910304394","0.302488323056968","0.7202","0.687022846657783","0.482080115471035","0.7323137386702","05_05"
"10.7658386559382","2.04801253631261","0.305608611718496","2.31209582842021","0.765838655938216","0.277718058017074","0.9854","0.384103718213737","0.599565825425088","0.692731556482613","05_05"
"0.588856063959306","0.3906238864058","0.426964798092314","0.850555067133987","0.588856063959306","0.411174218211096","0.5522","0.769841419998556","0.493541307048872","0.477619622135535","05_05"
"10.8273223532655","1.7412604138619","0.347700939227675","1.99878951823326","0.827322353265535","0.230212975888301","0.9572","0.497699242085218","0.186217601411045","0.8612094768323","05_05"
"0.481881593129974","0.396635911643792","0.396012006744311","0.62053495702674","0.481881593129974","0.435472298258257","0.4678","0.717618508264422","0.827373318606988","0.438097107224166","05_05"
"7.47392698886326e-05","0.00230360796436707","0.341568893498264","6.83132207261541e-06","7.47392698886326e-05","0.469672006765035","0.0446","0.991906094830483","0.668466738192365","0.244797277031466","05_05"
"6.84486458629831e-05","0.00214423496049453","0.332534572254308","6.06767926063395e-06","6.84486458629831e-05","0.467930055097824","0.016","0.1","0.1","0.1","05_05"
"7.02678417394283e-05","0.0021992294559181","0.332534572254308","6.49463882953288e-06","7.02678417394283e-05","0.465989735117897","0.04","0.2","0.2","0.2","05_05"
"8.24001470858195e-05","0.00248273780043467","0.331036196501667","7.58584616929802e-06","8.24001470858195e-05","0.461596735817368","0.1294","0.3","0.3","0.3","05_05"
"0.000993290426101864","0.0106631821412943","0.338577871717883","8.95899688195954e-05","0.000993290426101864","0.441066172308282","0.4572","0.4","0.4","0.4","05_05"
"5.85399777213304","1.45781035407494","0.375113419942423","1.54062053629249","0.85399777213304","0.266334881534242","0.8068","0.5","0.5","0.5","05_05"
"5.870235852324","1.20386757537242","0.410664536948075","1.299144371872","0.870235852324001","0.301176320442637","0.753","0.6","0.6","0.6","05_05"
"5.84074480529223","1.0130028510596","0.41585592239182","1.16352965406399","0.840744805292231","0.33448320964541","0.6986","0.7","0.7","0.7","05_05"
"5.81785996922095","0.960296920535168","0.42383220170745","1.13104705367813","0.81785996922095","0.353684494799703","0.6822","0.8","0.8","0.8","05_05"
"5.78774717211663","0.811844910849893","0.433819818018632","1.03911856566517","0.787747172116632","0.375181840550469","0.6498","0.9","0.9","0.9","05_05"
"5.73243495290428","0.637321096764095","0.43645969008493","1.0778369726869","0.732434952904281","0.438228610200414","0.6342","1","1","1","05_05"
"10.5720292836758","2.29037921380984","0.262392622450485","3.10469904322028","0.57202928367583","0.252594822572819","1","0.274693323016615","0.245107756592659","0.859289781197562","05_05"
"5.89220955259451","1.45660339674832","0.390986029630294","1.43269988121462","0.892209552594506","0.303105845828576","0.8044","0.64925947569667","0.744149025306313","0.79653351705424","05_05"
"10.6774794400537","2.19631802617974","0.287094375812858","2.65764368602732","0.677479440053657","0.264428271912095","0.9982","0.299864124113226","0.380364333606242","0.620369783363556","05_05"
"10.8273223532655","1.7412604138619","0.347700939227675","1.99878951823326","0.827322353265535","0.230212975888301","0.9572","0.497699242085218","0.186217601411045","0.8612094768323","05_05"
"10.4399873337319","2.63772876296817","0.206362097379472","3.60449474544672","0.439987333731886","0.310179015142186","1","0.201681931037456","0.651673766085878","0.820946294115856","05_05"
"10.7658386559382","2.04801253631261","0.305608611718496","2.31209582842021","0.765838655938216","0.277718058017074","0.9854","0.384103718213737","0.599565825425088","0.692731556482613","05_05"
"5.84105919081631","1.67267283759215","0.358524982187585","1.83225488624658","0.841059190816305","0.251852196948339","0.925","0.5","0.4","0.75","05_05"
"5.67854737714803","0.612819466819626","0.43784604763791","1.06504730827184","0.678547377148028","0.384873275074839","0.6252","0.742971851628109","0.4991340301065","0.497054425944718","05_05"
"5.54899501154529","0.332085532167154","0.458488481242177","1.13350628595532","0.548995011545286","0.39272065570068","0.6458","0.944675268605351","0.267220668727532","0.78293276228942","05_05"
"10.6019456887615","2.30422663682292","0.266143962188303","2.99042692888966","0.601945688761478","0.267110544196527","1","0.284792189536168","0.323497801888409","0.791275927324191","05_05"
"5.87708560989894","1.29092754072817","0.396469805455483","1.44603149375732","0.877085609898945","0.268237020570903","0.8098","0.541466589862695","0.39015211407651","0.523066758861646","05_05"
"10.159500161007","2.80819890235146","0.181393358111017","4.51496690889233","0.159500161007042","0.305629797114688","1","0.0617862704675645","0.382387957070023","0.789356231689453","05_05"
"10.2239527394464","2.79766261174354","0.186439355441543","4.31143946357467","0.223952739446445","0.311997111196897","1","0.0901626419825679","0.451250474086388","0.792010611206509","05_05"
"5.84105919081631","1.67267283759215","0.358524982187585","1.83225488624658","0.841059190816305","0.251852196948339","0.925","0.5","0.4","0.75","05_05"
"5.69436268305178","0.506535820737061","0.445326787522282","1.09210445054981","0.694362683051776","0.364640607192999","0.6506","0.876236301021531","0.37442885538445","0.784310167724003","05_05"
"7.36547837412897e-05","0.00225913670116436","0.333970532211776","6.79464864184731e-06","7.36547837412897e-05","0.465158324598217","0.0588","0.328711920229245","0.880446080255569","0.234661261551082","05_05"
"10.3881136640437","2.65454401942969","0.201543925045518","3.75483324211213","0.388113664043747","0.307500478551091","1","0.173305559522452","0.582811249069513","0.8182919145988","05_05"
"5.89120921379632","1.49524423957315","0.38795093851519","1.46002035608687","0.89120921379632","0.281386017862537","0.8234","0.662273940837003","0.681519434267879","0.916240049131901","05_05"
"10.8273223532655","1.7412604138619","0.347700939227675","1.99878951823326","0.827322353265535","0.230212975888301","0.9572","0.497699242085218","0.186217601411045","0.8612094768323","05_05"
"10.6746251312818","2.14335665228624","0.289290434454552","2.7037579136091","0.674625131281794","0.248989045639081","0.9992","0.33394763072592","0.272826992777427","0.792862455291938","05_05"
"5.84105919081631","1.67267283759215","0.358524982187585","1.83225488624658","0.841059190816305","0.251852196948339","0.925","0.5","0.4","0.75","05_05"
"5.86888582960572","1.22295811457493","0.403887645327769","1.30219596655317","0.868885829605722","0.268778850459581","0.7752","0.62644233151572","0.385784938371823","0.7269063890043","05_05"
"5.88294068735182","1.40757490117909","0.38802958886105","1.4709263933579","0.88294068735182","0.251996040241619","0.8288","0.63307435023832","0.401941876814454","0.82984085641472","05_05"
"10.4707977419789","2.52129237456396","0.231110621572131","3.4679978128228","0.470797741978876","0.28486772150321","1","0.212526794770895","0.43823893176371","0.792822714635213","05_05"
"5.86893568293605","1.64181050830849","0.362832752636443","1.72194018478113","0.86893568293605","0.257016882511947","0.9012","0.520650981066066","0.534502802280973","0.736769897660093","05_05"
"5.87922704723063","1.50338973877473","0.376671198782988","1.59088874655107","0.879227047230627","0.249135310833126","0.8636","0.55220238228583","0.431016370421275","0.736941048380135","05_05"
"9.24643163084378e-05","0.00266321762847267","0.342847443640344","8.26415435017687e-06","9.24643163084378e-05","0.460866181412409","0.1376","0.619331202624152","0.495961978467211","0.325278303353116","05_05"
"5.81520936753398","1.23886046770844","0.382892876184264","1.36308472271041","0.815209367533976","0.297707199361566","0.7264","0.526869568370448","0.494407276942372","0.480565196190817","05_05"
"10.4399873337319","2.63772876296817","0.206362097379472","3.60449474544672","0.439987333731886","0.310179015142186","1","0.201681931037456","0.651673766085878","0.820946294115856","05_05"
"5.83711485583172","1.93656789424716","0.325385130405212","1.89700924366083","0.83711485583172","0.296524790477473","0.9378","0.539407990200453","0.970154331817999","0.904706244983956","05_05"
"10.4399873337319","2.63772876296817","0.206362097379472","3.60449474544672","0.439987333731886","0.310179015142186","1","0.201681931037456","0.651673766085878","0.820946294115856","05_05"
"5.85876581483258","1.16164306316723","0.413899903029846","1.27325884723527","0.858765814832585","0.290037542122728","0.75","0.601510401050917","0.478147306490303","0.606244965747573","05_05"
"5.56292135016946","0.329635716338658","0.453211774801477","1.15862943583469","0.562921350169459","0.408795624133518","0.6476","0.933780911976482","0.402561262358122","0.745022495454065","05_05"
"10.4399873337319","2.63772876296817","0.206362097379472","3.60449474544672","0.439987333731886","0.310179015142186","1","0.201681931037456","0.651673766085878","0.820946294115856","05_05"
"10.2961396304866","2.68822292344832","0.200984145978999","4.05932057531312","0.296139630486571","0.30061922656308","1","0.12337101726689","0.394094761008828","0.810152371777199","05_05"
"10.3872920255082","2.65160269953177","0.204153879642977","3.76161037840951","0.38729202550818","0.306929348866213","1","0.1539874537454","0.55345717919321","0.694696020058194","05_05"
"10.6864586342994","2.28988357177837","0.267098686378782","2.65671943674859","0.686458634299386","0.283548617200712","0.9986","0.372301183825648","0.674554029244808","0.913423223634654","05_05"
"10.751960546562","2.09487495837198","0.296206422547363","2.36571191734622","0.75196054656196","0.274289726871905","0.989","0.396566114135766","0.571166893908839","0.767418616986124","05_05"
"10.6044821559367","2.34045270554959","0.262665421207945","2.9736280496904","0.60448215593674","0.278789460664559","1","0.287023888156633","0.417768995941952","0.783634746017572","05_05"
"5.83917716375917","1.6757606237718","0.357428370544104","1.86030448324388","0.839177163759167","0.247309819965316","0.9274","0.512484820581389","0.381202873324266","0.785657014617408","05_05"
"10.796847767611","1.84418001740338","0.334608924431173","2.14341639285866","0.796847767610975","0.230235408400754","0.9732","0.464490866800896","0.243373314488604","0.843067716261611","05_05"
"10.7389026173969","2.09639548764961","0.301662959509048","2.43278870310364","0.738902617396901","0.2723749410474","0.9924","0.353988245348087","0.459225655379907","0.683632174832358","05_05"
"10.7845825912432","1.92566247405658","0.321077039916865","2.21974329301438","0.784582591243159","0.258226752884755","0.98","0.451070158809252","0.384603600064608","0.835033860055586","05_05"
"10.6984119862654","2.15568501521153","0.288856173803436","2.60140169069432","0.698411986265419","0.263888827915587","0.9982","0.367858687789462","0.392538749958342","0.832720401482886","05_05"
"5.87584715412553","1.56652126162762","0.370538333130049","1.62853963387728","0.875847154125529","0.256132184174228","0.8762","0.568185703007291","0.498955799092233","0.782400872270625","05_05"
"10.7682889432127","1.9421055822673","0.32046601113541","2.29988766355056","0.76828894321272","0.235730239413942","0.986","0.406834635227154","0.252569006634316","0.776569379714677","05_05"
"10.6140291493237","2.36818414332105","0.254692118935553","2.96427411408554","0.614029149323711","0.282315282974223","1","0.297390426452753","0.546147157441646","0.78764319527277","05_05"
"10.8273223532655","1.7412604138619","0.347700939227675","1.99878951823326","0.827322353265535","0.230212975888301","0.9572","0.497699242085218","0.186217601411045","0.8612094768323","05_05"
"5.8305358314178","1.68677815178628","0.355103537123228","1.93084941515779","0.830535831417801","0.233922557329756","0.9426","0.493976718491527","0.268405752473289","0.786631979361464","05_05"
"10.8009835244715","1.86442789899448","0.333561261507973","2.09398850495984","0.800983524471517","0.255272567032798","0.9694","0.430732801489704","0.401179826771525","0.718907173259328","05_05"
"5.83527414641018","1.88907544944833","0.331683051137171","1.92921295052101","0.835274146410177","0.275773542792259","0.944","0.502565588012181","0.721043268845654","0.790588062444491","05_05"
"10.7469320050471","2.01071705884231","0.310444093185804","2.40785672545186","0.746932005047131","0.243514683129551","0.991","0.4098253620436","0.286683896879736","0.84610846042532","05_05"
"5.88468638515914","1.5556278270595","0.375881849770308","1.53976221411055","0.884686385159141","0.272781777060768","0.854","0.581073772689378","0.64519322621408","0.764132644783615","05_05"
"5.84794220743904","1.81391821587104","0.341103706059243","1.88437255504733","0.847942207439041","0.266578280251618","0.935","0.536842402188272","0.649111062972345","0.864118182539465","05_05"
"5.85404907749331","1.59830072805366","0.363978407501471","1.67657735967381","0.854049077493306","0.251090222447469","0.8826","0.466969496476956","0.410622049898268","0.532254727479287","05_05"
"5.85432205810177","1.61364618664593","0.364074651573405","1.75650143397025","0.854322058101773","0.250584120843139","0.9078","0.531545337694936","0.399162208650383","0.774680164495448","05_05"
"5.85692509787373","1.56067143312655","0.371418940326257","1.73334135715034","0.856925097873735","0.237807149673162","0.9074","0.56466608002797","0.25207316161573","0.862106606694809","05_05"
"10.7658386559382","2.04801253631261","0.305608611718496","2.31209582842021","0.765838655938216","0.277718058017074","0.9854","0.384103718213737","0.599565825425088","0.692731556482613","05_05"
"10.6497503365376","2.29450289779792","0.270351394459216","2.81339477457891","0.649750336537589","0.275939130046702","0.9996","0.320278906450905","0.497359120318267","0.790046147630928","05_05"
"10.7200109833379","2.08505781216965","0.297942198154241","2.51585177229759","0.720010983337948","0.254280860789788","0.9954","0.364867960973016","0.358423859712923","0.763181320772242","05_05"
"10.7455005192382","2.10310378132068","0.299310302739792","2.37743611193513","0.745500519238188","0.271474542201376","0.9898","0.399023683717586","0.537714205340307","0.787449800549764","05_05"
"10.596663007643","2.30075603996375","0.266884075075721","3.0076179338922","0.596663007643011","0.263903062376484","1","0.266478708319374","0.30527162742087","0.735911577351096","05_05"
"10.6758756580796","2.21061902731497","0.281493062187644","2.69317200209852","0.675875658079558","0.271358620554184","0.9994","0.328087472071539","0.419162325233052","0.758164022573091","05_05"
"10.7883948544492","1.90962200286363","0.325651571498107","2.17957035348563","0.788394854449187","0.257667029044496","0.9778","0.450918874024393","0.383559510172712","0.817137462849827","05_05"
"10.6900653759897","2.36941034971199","0.257361652237301","2.65765129897694","0.690065375989716","0.297826346846127","0.9982","0.334588756803971","0.894768048776314","0.711094702334398","05_05"
"10.8273223532655","1.7412604138619","0.347700939227675","1.99878951823326","0.827322353265535","0.230212975888301","0.9572","0.497699242085218","0.186217601411045","0.8612094768323","05_05"
"10.6701586386033","2.22858439107559","0.280381989568291","2.69830275846892","0.670158638603313","0.276517465854652","0.9994","0.312924661433181","0.457832326088807","0.709102898276839","05_05"
"10.6075487621597","2.38446988270434","0.25368440606427","2.99080093801973","0.607548762159693","0.283843876742281","1","0.297334107469625","0.534869448652075","0.804892903132419","05_05"
"10.7181007020475","2.09355047041135","0.296771346055393","2.52035537393685","0.718100702047541","0.25325850009496","0.9958","0.383275887388224","0.353531964016606","0.831153848477383","05_05"
"10.6020666747638","2.33692434081265","0.262798547043491","2.99457721013661","0.602066674763802","0.278969995942438","1","0.291490087076837","0.386739706178275","0.813450246783945","05_05"
"10.5307299076008","2.43097191830132","0.250299533527984","3.24984268004568","0.530729907600784","0.275017682722411","1","0.234183052969679","0.371024810861692","0.745067022416293","05_05"
"10.7479342381297","2.01707453411666","0.309271520163377","2.39005858183315","0.747934238129653","0.249219197728616","0.9906","0.407367792461779","0.320136585448268","0.82607727686168","05_05"
"10.7718328526321","1.96049981068146","0.318142035643266","2.3018996735323","0.771832852632117","0.245788512025654","0.9852","0.401132670094263","0.315556714161795","0.745568617247663","05_05"
"10.8227711197879","1.74431470151964","0.347480363037796","2.00362235251738","0.822771119787916","0.229613040824438","0.9572","0.497317394696343","0.211636573091947","0.859027056289636","05_05"
"10.5832521228223","2.36260090125063","0.257482390469732","3.05788270512422","0.583252122822303","0.280200141226021","1","0.282951088999304","0.391958654895162","0.83173598504884","05_05"
"0.000775016789240279","0.00983897034586723","0.278050829986261","6.69879137429032e-05","0.000775016789240279","0.442762516511888","0.476","0.149920491922266","0.327246693871958","0.399409950012341","05_05"
"10.4274313093764","2.56146986787546","0.227345953609276","3.61694076244278","0.42743130937637","0.287320910374651","1","0.195315853227342","0.387296412953282","0.850186081854093","05_05"
"10.7197635503318","2.16920166793995","0.284148096476697","2.51119696537776","0.719763550331821","0.276677641219162","0.9964","0.369793867860672","0.555983559717128","0.771683001779143","05_05"
"10.7125635198348","2.09840325047147","0.294913215035729","2.54106063420472","0.712563519834768","0.255674179408356","0.9962","0.365019245757875","0.359467949604819","0.781077717978001","05_05"
"5.86180811148782","1.56527551199486","0.368651329064004","1.70788340965165","0.861808111487816","0.248999935794103","0.892","0.535735612075601","0.386552106211262","0.754983938101032","05_05"
"10.8009835244715","1.86442789899448","0.333561261507973","2.09398850495984","0.800983524471517","0.255272567032798","0.9694","0.430732801489704","0.401179826771525","0.718907173259328","05_05"
"10.7380901869057","2.12607632146258","0.291589380687164","2.44239141811004","0.73809018690569","0.272698741523665","0.9928","0.392796410163073","0.570693008143029","0.793271399660271","05_05"
"10.7726024649219","1.92589034213999","0.325914043837477","2.29507225767962","0.772602464921891","0.23328848672499","0.9852","0.425754406124766","0.193015949466591","0.821175766755407","05_05"
"10.6196191402524","2.33291606486178","0.264749177874399","2.91963289320887","0.619619140252436","0.279105104209213","1","0.298290549341621","0.439704137905242","0.787888650350348","05_05"
"10.6239660247329","2.34581982800617","0.260607571484737","2.89143854762465","0.623966024732903","0.279559802885835","0.9998","0.284672361748736","0.540856228044441","0.712810318414143","05_05"
"5.87157397896176","1.38490558510087","0.389417084720187","1.46789377352437","0.871573978961763","0.24488876258554","0.8348","0.563474031060534","0.277812801690086","0.712470504478842","05_05"
"10.814762515343","1.87396751037692","0.333474924189697","2.02865497781102","0.814762515343012","0.259851960476005","0.9578","0.440673098189743","0.513849225317691","0.702794912969694","05_05"
"10.6351151256885","2.31049719662518","0.264701882571401","2.85999563363523","0.63511512568848","0.277654998910017","1","0.309012245265917","0.475423978354977","0.785792243298153","05_05"
"10.7983189138594","1.83401942709958","0.33469767178717","2.15165079936454","0.798318913859382","0.229579711521726","0.9732","0.464872714189772","0.217954342807702","0.845250136804275","05_05"
"10.6177457906783","2.322619150142","0.267466439220701","2.92641981641004","0.617745790678258","0.278358446000652","1","0.307787487072262","0.416901532188563","0.832473896564831","05_05"
"10.4399293802251","2.57580347757105","0.219557389089641","3.58909379739955","0.439929380225115","0.292336233353074","1","0.201376974741501","0.479571978404164","0.825511928880587","05_05"
"10.5827458677175","2.37455699578146","0.255815253368267","3.05882013863432","0.582745867717491","0.286969022055415","1","0.263452694261583","0.447262600939574","0.739134231316521","05_05"
"10.71823642377","2.09176328857763","0.295726123958395","2.52277809166586","0.718236423770036","0.252885263554297","0.996","0.381564261889293","0.354495695383258","0.825186459724818","05_05"
"10.5750744453723","2.39359513331972","0.253975747596877","3.07823684499013","0.575074445372348","0.289043633958393","1","0.255402720456832","0.464618437966559","0.718743109513915","05_05"
"10.7455005192382","2.10310378132068","0.299310302739792","2.37743611193513","0.745500519238188","0.271474542201376","0.9898","0.399023683717586","0.537714205340307","0.787449800549764","05_05"
"10.6530892989628","2.29515303129021","0.270615367478983","2.7617698718047","0.653089298962795","0.277404088354097","0.9996","0.302335585781369","0.530708873312498","0.711768637851375","05_05"
"10.809985450037","1.89258299095205","0.330156442698589","2.05516408202559","0.809985450037007","0.260830821694098","0.964","0.433391366000067","0.510922495521672","0.703582102478499","05_05"
"10.8054804000652","1.81360173306494","0.337416769742651","2.08371991546819","0.805480400065152","0.245856683009508","0.9658","0.46592924544229","0.349640035036899","0.794739488653538","05_05"
"10.6638790847164","2.2696750711167","0.274414896097542","2.72705854171965","0.663879084716434","0.276175907472851","0.9996","0.308509008159631","0.523521608959169","0.710921666727945","05_05"
"10.6280360836316","2.3394811055855","0.264028362871993","2.88443931593632","0.628036083631614","0.279470179021989","0.9998","0.285665797151852","0.530730177678586","0.709547751625289","05_05"
"10.8227711197879","1.74431470151964","0.347480363037796","2.00362235251738","0.822771119787916","0.229613040824438","0.9572","0.497317394696343","0.211636573091947","0.859027056289636","05_05"
"10.5731794721538","2.39288198148001","0.252812556036852","3.10166303793172","0.573179472153759","0.285341911033745","1","0.268120871646623","0.447927990387865","0.782304827505197","05_05"
"10.6907056777766","2.13195895053689","0.290207331823729","2.63717799024178","0.690705677776606","0.255984552468187","0.998","0.344312810687233","0.319828864143855","0.773390465912937","05_05"
"10.6421347957162","2.28826040220271","0.271813886593174","2.79632195087787","0.64213479571624","0.279467058432185","0.9996","0.295261437400548","0.467979680820749","0.710144578839607","05_05"
"10.6077264660062","2.3050709471021","0.267267770906014","2.94788070880641","0.607726466006224","0.27231077629125","1","0.272861353124297","0.33699102985507","0.725518516433352","05_05"
"10.5578908809911","2.39908221729144","0.252785645549087","3.13877031251472","0.557890880991147","0.278627858467438","1","0.270182610186175","0.399225285938051","0.843332127047845","05_05"
"10.7018852542979","2.138339659549","0.291178158096244","2.56648656219813","0.701885254297888","0.258914873648863","0.9974","0.336664794948527","0.372249994833735","0.719564881553156","05_05"
"10.8068776976933","1.82979427320692","0.336649864928068","2.04682582047541","0.806877697693301","0.252205968608876","0.9628","0.43801453367938","0.404106556567544","0.718119983750522","05_05"
"10.6403773576717","2.25443328571485","0.273354897372643","2.85500002486863","0.640377357671728","0.269173082500701","1","0.317293617649324","0.352380596243285","0.814341063920808","05_05"
"10.7993250433081","1.94903909705594","0.320384002336251","2.12674912746074","0.799325043308111","0.26790415039491","0.9726","0.42992088267448","0.53301188400472","0.728783897311692","05_05"
"10.5899029598621","2.37020250786521","0.25864478678474","3.04316542771521","0.58990295986208","0.284209812562262","1","0.291272985955466","0.442593883201194","0.841305510107248","05_05"
"10.4970970314364","2.4819160746496","0.238391425430011","3.38122145935371","0.49709703143639","0.277386849846034","1","0.232920730113429","0.404972659203795","0.839327851371078","05_05"
"10.6570175572876","2.25107476349311","0.277303814781379","2.75313986616452","0.6570175572876","0.274374360388396","0.9996","0.306542016628258","0.426112923654607","0.719495959194583","05_05"
"10.7648381850101","1.89920722320811","0.3181240606184","2.20734232357013","0.764838185010077","0.253568389593752","0.9526","0.360546714860551","0.334201459358659","0.511992958607152","05_05"
"10.6300926320235","2.29492284174221","0.26985222735663","2.88498461682842","0.630092632023459","0.276878099253958","1","0.295691944142376","0.392213085685081","0.758499652978317","05_05"
"10.6684644972732","2.2407857922155","0.279207500544781","2.70698534272748","0.668464497273243","0.276753932952048","0.9996","0.311931226030065","0.467958376454661","0.712365465065693","05_05"
"10.7686380980634","2.04155610042664","0.308435817387007","2.28674409670834","0.76863809806339","0.270141438409871","0.9856","0.409775899232849","0.518551546653277","0.761460816207765","05_05"
"10.6323610767394","2.30918884138534","0.268658804940215","2.8403105122799","0.632361076739446","0.279981739184187","0.9998","0.289088015022286","0.475166945174079","0.710991549963037","05_05"
"10.7455005192382","2.10310378132068","0.299310302739792","2.37743611193513","0.745500519238188","0.271474542201376","0.9898","0.399023683717586","0.537714205340307","0.787449800549764","05_05"
"10.8273223532655","1.7412604138619","0.347700939227675","1.99878951823326","0.827322353265535","0.230212975888301","0.9572","0.497699242085218","0.186217601411045","0.8612094768323","05_05"
"10.7072951137062","2.30319649028098","0.277741010743742","2.62679888850692","0.707295113706181","0.306799835098583","0.9974","0.5","0.4","0.75","10_05"
"10.7072951137062","2.30319649028098","0.277741010743742","2.62679888850692","0.707295113706181","0.306799835098583","0.9974","0.5","0.4","0.75","10_05"
"10.4252420960279","2.69349698288224","0.205340933133242","3.63511235230452","0.42524209602793","0.363938291757589","1","0.2655086631421","0.380035179434344","0.79423986072652","10_05"
"7.80507002471517e-05","0.00241749598954549","0.342948684096734","7.14047434609588e-06","7.80507002471517e-05","0.467200090669165","0.0858","0.37212389963679","0.777445221319795","0.107943625887856","10_05"
"10.7610348591284","2.42940353548919","0.269954243949408","2.35498677138932","0.76103485912838","0.349134379798413","0.99","0.572853363351896","0.934705231105909","0.723710946040228","10_05"
"5.84825017584876","1.08704866358437","0.424498791639864","1.30721026588274","0.848250175848762","0.324818374578536","0.7404","0.908207789994776","0.212142521282658","0.411274429643527","10_05"
"10.333530817708","2.99663790821602","0.150940665655977","3.97030514500656","0.333530817708034","0.408519175036622","1","0.201681931037456","0.651673766085878","0.820946294115856","10_05"
"5.87035472933747","1.14741115862794","0.421943828915845","1.31266543904802","0.870354729337475","0.276422463036374","0.7754","0.898389684967697","0.125555095961317","0.647060193819925","10_05"
"5.87696077386612","1.25665965990629","0.420523138720501","1.30914350973665","0.876960773866121","0.300837417558996","0.7786","0.944675268605351","0.267220668727532","0.78293276228942","10_05"
"5.8495307366666","1.83565672668426","0.347278813857067","1.82937512292001","0.849530736666597","0.287262770480955","0.937","0.660797792486846","0.386114092543721","0.553036311641335","10_05"
"5.83355638315618","1.70471479652107","0.368736188016032","1.87477732665031","0.833556383156178","0.241901844600622","0.9434","0.62911404389888","0.0133903331588954","0.529719580197707","10_05"
"10.1121599156954","3.01675576383292","0.141490823505614","4.67800198053858","0.11215991569535","0.407411527601223","1","0.0617862704675645","0.382387957070023","0.789356231689453","10_05"
"7.1681487886647e-05","0.00223612811705884","0.344179840632333","6.47095021124979e-06","7.1681487886647e-05","0.468549660411948","0.034","0.205974574899301","0.86969084572047","0.023331202333793","10_05"
"10.3263347040323","2.7828471481258","0.188047477640883","3.96663679961525","0.32633470403235","0.361228754572861","1","0.176556752528995","0.34034899668768","0.477230065036565","10_05"
"10.8353190715322","1.95021239383739","0.333907978988511","1.95732174588971","0.835319071532154","0.300142317657668","0.951","0.687022846657783","0.482080115471035","0.7323137386702","10_05"
"10.5851327748077","2.64102889932381","0.228356908770725","3.10578677854584","0.585132774807724","0.343914923529169","1","0.384103718213737","0.599565825425088","0.692731556482613","10_05"
"5.89094294456485","1.63927386676882","0.377287016656976","1.55640632074408","0.890942944564853","0.31789011450422","0.8568","0.769841419998556","0.493541307048872","0.477619622135535","10_05"
"10.698328250243","2.17362971521716","0.293547384387356","2.62828712381773","0.69832825024298","0.273837176154839","0.9974","0.497699242085218","0.186217601411045","0.8612094768323","10_05"
"5.85654160402457","1.93820315466373","0.342085696227457","1.70186711662524","0.856541604024574","0.348619309983223","0.8976","0.717618508264422","0.827373318606988","0.438097107224166","10_05"
"0.000175858097503687","0.00409114532449027","0.368813367155891","1.61142016828157e-05","0.000175858097503687","0.464043671177305","0.2538","0.991906094830483","0.668466738192365","0.244797277031466","10_05"
"7.76982852691005e-05","0.0024041780314712","0.342529568694372","7.10547383496111e-06","7.76982852691005e-05","0.465633026951744","0.082","0.1","0.1","0.1","10_05"
"0.00011222274027107","0.00306968891245313","0.327391545335876","1.03011144281414e-05","0.00011222274027107","0.461433183708256","0.234","0.2","0.2","0.2","10_05"
"5.34390709110253","1.57496451729251","0.284880587523291","2.39687828343528","0.343907091102527","0.436433028413178","0.5816","0.3","0.3","0.3","10_05"
"5.60939018021139","2.39245869592509","0.259021739100353","2.84327990993825","0.609390180211387","0.327865416545692","0.946","0.4","0.4","0.4","10_05"
"10.7433234410978","2.27394221467499","0.284278517077748","2.42194182955055","0.743323441097836","0.316671048050992","0.9934","0.5","0.5","0.5","10_05"
"10.8084637268486","2.17652583140284","0.307898686620868","2.14629870324975","0.808463726848604","0.323205712384349","0.9744","0.6","0.6","0.6","10_05"
"5.85173119459538","2.03562910880436","0.327461340575342","1.9127669695061","0.85173119459538","0.328931141688672","0.9472","0.7","0.7","0.7","10_05"
"5.88677134059785","1.86855503683211","0.348479422533596","1.68657328019956","0.886771340597848","0.347521408799556","0.9004","0.8","0.8","0.8","10_05"
"5.91140561315356","1.7153944145446","0.372714833788709","1.48686826674256","0.911405613153558","0.357770086936101","0.8462","0.9","0.9","0.9","10_05"
"5.91102186193764","1.50928256459214","0.397563653421397","1.30159576427863","0.911021861937641","0.380046297381934","0.7746","1","1","1","10_05"
"10.7818995616521","2.15026323958991","0.306465742329135","2.2602200881036","0.78189956165208","0.305786932904829","0.986","0.591345029016863","0.457439742458627","0.732786260664192","10_05"
"10.2608420851891","2.88904172345638","0.172176125258845","4.17892011393355","0.260842085189134","0.387680855000118","1","0.151267899844026","0.384743372294845","0.776538618417499","10_05"
"10.769501423036","2.40707567825174","0.273872246790517","2.30041619024771","0.769501423035976","0.34776955889703","0.9882","0.601286408110375","0.932826051160473","0.850787813551014","10_05"
"10.8353190715322","1.95021239383739","0.333907978988511","1.95732174588971","0.835319071532154","0.300142317657668","0.951","0.687022846657783","0.482080115471035","0.7323137386702","10_05"
"10.7072951137062","2.30319649028098","0.277741010743742","2.62679888850692","0.707295113706181","0.306799835098583","0.9974","0.5","0.4","0.75","10_05"
"5.85654160402457","1.93820315466373","0.342085696227457","1.70186711662524","0.856541604024574","0.348619309983223","0.8976","0.717618508264422","0.827373318606988","0.438097107224166","10_05"
"10.333530817708","2.99663790821602","0.150940665655977","3.97030514500656","0.333530817708034","0.408519175036622","1","0.201681931037456","0.651673766085878","0.820946294115856","10_05"
"5.90118116162382","1.67539015974131","0.374370508965208","1.52641679077386","0.901181161623822","0.322041584242902","0.8636","0.83785519226221","0.59274221009887","0.767027686374895","10_05"
"10.8084637268486","2.17652583140284","0.307898686620868","2.14629870324975","0.808463726848604","0.323205712384349","0.9744","0.6","0.6","0.6","10_05"
"10.7842715549441","2.13786260703938","0.306989776749733","2.25411953102778","0.784271554944142","0.297465565547066","0.9856","0.59567781764092","0.424640373012409","0.749527478006008","10_05"
"10.6415874613181","2.72327181883873","0.220965000744877","2.873397687105","0.641587461318116","0.358246925197845","0.9998","0.454919540941807","0.978018076591462","0.883729860484743","10_05"
"10.7072951137062","2.30319649028098","0.277741010743742","2.62679888850692","0.707295113706181","0.306799835098583","0.9974","0.5","0.4","0.75","10_05"
"10.7114825776331","2.30549727188716","0.275927521915302","2.60169555383715","0.711482577633148","0.308413629333834","0.9972","0.5","0.42557227849029","0.728993555938359","10_05"
"10.3294729776018","2.89320617505473","0.174308307226552","3.95292558539721","0.329472977601781","0.38418729569561","1","0.179822074484031","0.475940603428763","0.490512171858039","10_05"
"5.84856033037781","1.79133510513158","0.353933922597795","1.73455168861172","0.848560330377805","0.308670265640151","0.906","0.695689299859676","0.516268837208096","0.445637979128673","10_05"
"0.000160803428359893","0.00382029865209259","0.352583096391575","1.48845913538388e-05","0.000160803428359893","0.446726823095747","0.2946","0.641604975942881","0.27223669650912","0.234661261551082","10_05"
"10.737065241657","2.27126118405098","0.286563792487397","2.43065449957195","0.737065241657008","0.315396609916855","0.9928","0.5","0.47442772150971","0.521006444061641","10_05"
"5.87053748221131","1.77240957283174","0.359881910935152","1.7500821991528","0.870537482211314","0.286896544242941","0.9144","0.75655673300901","0.388623056558057","0.767527068574834","10_05"
"10.8353190715322","1.95021239383739","0.333907978988511","1.95732174588971","0.835319071532154","0.300142317657668","0.951","0.687022846657783","0.482080115471035","0.7323137386702","10_05"
"10.7497666659773","2.38518443736422","0.271035229675392","2.33915681447033","0.749766665977261","0.338303610130964","0.9898","0.521929208404747","0.811104481398891","0.492459128095493","10_05"
"10.3275357269568","2.91073354986649","0.16998389476877","3.95831717404741","0.327535726956801","0.388663348659676","1","0.19841660908242","0.516082159344796","0.807664187294382","10_05"
"5.90918331931276","1.74700263056226","0.368898583511124","1.52675828881655","0.909183319312756","0.35376598965561","0.8562","0.871566955241522","0.901879179945436","0.772923132489214","10_05"
"5.8873667086256","1.66349543924228","0.374513599702025","1.64788206546096","0.887366708625596","0.287171253242298","0.8848","0.803070292662471","0.394983972218413","0.762050118527339","10_05"
"10.6135186384639","2.47699455257442","0.251119820483614","2.98012595323972","0.613518638463882","0.325374658457383","1","0.410518370623538","0.397644584775178","0.762817613271954","10_05"
"10.4471613884485","2.79821625518275","0.193224955074665","3.5673977589075","0.447161388448523","0.385781886138505","1","0.285590862683452","0.534590268776089","0.841208949009564","10_05"
"10.6067996500846","2.48902754101887","0.248377894923213","2.98561552687623","0.606799650084572","0.32295829339208","1","0.413790310439222","0.431016370421275","0.840946821938593","10_05"
"5.69792163197115","0.89737237692636","0.381354756188182","1.05752158567212","0.69792163197115","0.420707221930915","0.584","0.810589122200293","0.402017102842883","0.325278303353116","10_05"
"10.4723976321344","2.54177875682778","0.231602798775606","3.44358551629758","0.472397632134419","0.30813931252357","1","0.272034528770022","0.271074077269666","0.465193037384487","10_05"
"10.7072951137062","2.30319649028098","0.277741010743742","2.62679888850692","0.707295113706181","0.306799835098583","0.9974","0.5","0.4","0.75","10_05"
"10.8396196337994","1.83300658924214","0.346532279751487","1.95753863844728","0.839619633799439","0.275505671364411","0.9508","0.688118535596341","0.278597612169475","0.765405693714585","10_05"
"10.7072951137062","2.30319649028098","0.277741010743742","2.62679888850692","0.707295113706181","0.306799835098583","0.9974","0.5","0.4","0.75","10_05"
"5.845328590478","2.02633783941407","0.326701905458947","1.85598211627102","0.845328590477998","0.334298223318666","0.9332","0.659583035120563","0.705735093209309","0.468705240652067","10_05"
"5.88377818587936","1.54576876949664","0.390685516511839","1.48073134744598","0.883778185879356","0.314102533500526","0.837","0.794382972294497","0.439448899422522","0.46097308953153","10_05"
"10.7072951137062","2.30319649028098","0.277741010743742","2.62679888850692","0.707295113706181","0.306799835098583","0.9974","0.5","0.4","0.75","10_05"
"10.6375987800379","2.44297208938191","0.254402886241049","2.88478619711158","0.63759878003787","0.314129932637027","0.9998","0.433049511153314","0.415853544732819","0.754820459207378","10_05"
"10.7092692471401","2.43996059041627","0.264778819474901","2.64615622392372","0.709269247140135","0.32739132973328","0.998","0.505317226038404","0.636258545389869","0.735309853579711","10_05"
"10.7047015538444","2.22976098827526","0.290453967209302","2.56932856599622","0.704701553844434","0.29301220782556","0.996","0.45899601725635","0.279693302377415","0.466541649468518","10_05"
"10.4934863036318","2.66269677554535","0.220376470193078","3.39635447679722","0.493486303631836","0.336525262574846","1","0.294201688601617","0.418304860044686","0.588068266663982","10_05"
"10.6732312551138","2.46746866474471","0.254911821760512","2.71972571656083","0.673231255113835","0.329027495268276","0.9986","0.43243800423736","0.549879068295348","0.531222485155433","10_05"
"10.8243509229578","1.97010344947614","0.329670853621243","1.99888639032658","0.824350922957806","0.296832386154244","0.9612","0.616348785541766","0.430717964848472","0.543978054957702","10_05"
"10.8258420662464","1.99663855481064","0.330239821260919","2.02271350362491","0.825842066246406","0.301534020341638","0.9604","0.664491706128006","0.463871155513394","0.740310892734776","10_05"
"10.7840434590398","2.21918740710645","0.298418337797503","2.20380773411806","0.7840434590398","0.319512633026042","0.9798","0.558035473143859","0.596065946907388","0.49039831063374","10_05"
"10.8226570127001","2.00635347829194","0.327413604376865","2.05332681107041","0.822657012700105","0.295635941355978","0.9664","0.651947334527479","0.432854313843927","0.739707394243811","10_05"
"10.5943974766999","2.52557476281593","0.24832159468912","3.03079932752116","0.594397476699884","0.321152341610141","0.9998","0.368659023598876","0.405281436519906","0.561521539647704","10_05"
"10.3706445008686","2.76655041703021","0.196487435363687","3.79080882898069","0.370644500868642","0.37178118169852","1","0.206437311733656","0.352059171282055","0.559751471395805","10_05"
"10.4842607169873","2.91228623806759","0.179309166989246","3.48052909707337","0.48426071698727","0.380324457828861","1","0.304538084649897","0.79056641717383","0.707476206865288","10_05"
"10.5995062654809","2.55874946944019","0.243155473434568","3.05185416634337","0.599506265480876","0.335217727936567","1","0.385620385882414","0.457635743384077","0.652443905194057","10_05"
"10.8396196337994","1.83300658924214","0.346532279751487","1.95753863844728","0.839619633799439","0.275505671364411","0.9508","0.688118535596341","0.278597612169475","0.765405693714585","10_05"
"10.8124661006288","2.02835257858439","0.323864713117349","2.10106694986182","0.81246610062879","0.291656720591835","0.9708","0.608030647097749","0.402315508415686","0.622247070334006","10_05"
"10.828998537223","2.00704577632258","0.331419117347871","2.01131339015671","0.828998537222984","0.295996385231331","0.9614","0.636171201068862","0.445743298325549","0.625698299470775","10_05"
"10.3252579787513","2.9053306135024","0.171200541224702","3.97652597376494","0.325257978751336","0.390884975582546","1","0.195966960054502","0.501863637946036","0.774043371353035","10_05"
"10.5267585403645","2.66340444374855","0.22171244005715","3.27718999001824","0.5267585403645","0.336367622893791","1","0.319119525896829","0.485608596115912","0.555579920410425","10_05"
"10.3714517157108","2.73008150991466","0.201257659394226","3.80891418662384","0.37145171571081","0.344889214402828","1","0.216865116880393","0.303758278282456","0.681980184406182","10_05"
"5.88337764228902","1.74966000123507","0.366554022004092","1.67796415511748","0.88337764228902","0.298997329867196","0.897","0.793156132051734","0.475621944447679","0.76952293343936","10_05"
"10.4257416834544","2.8402952592854","0.182881344252755","3.65220051314141","0.4257416834544","0.387362850899227","1","0.269243926800096","0.57622241930024","0.810730253022064","10_05"
"5.32161453406664","2.58576125750001","0.210267407302996","3.5974495382164","0.321614534066644","0.43086224554941","0.824","0.196028224389826","0.438508806849124","0.354817385679625","10_05"
"10.5523006841152","2.80129139487397","0.1983722924113","3.19193156723116","0.552300684115231","0.368432064209062","1","0.334967719918419","0.802485256291143","0.491110516011463","10_05"
"10.8353190715322","1.95021239383739","0.333907978988511","1.95732174588971","0.835319071532154","0.300142317657668","0.951","0.687022846657783","0.482080115471035","0.7323137386702","10_05"
"10.7941327766694","2.28442287826122","0.289128145674657","2.18316829145172","0.794132776669353","0.335695613057521","0.979","0.636625161561186","0.823839646672628","0.880733745575232","10_05"
"10.570578713072","2.62093849924682","0.233614320347554","3.14875738268894","0.570578713071961","0.341639607905779","1","0.379297083185591","0.504901284738593","0.773090710945598","10_05"
"10.7772655673234","2.25064528620155","0.291947437829569","2.28202383913555","0.777265567323388","0.324357258371102","0.986","0.548264273344758","0.600792241602803","0.552742672487703","10_05"
"10.5362633707089","2.74246878385998","0.21349509936911","3.30275636965379","0.536263370708897","0.350255301811618","1","0.343696749688587","0.613091212753517","0.696496904630119","10_05"
"10.6608789058311","2.43187224893088","0.257901757472205","2.82332720965865","0.660878905831085","0.325033517577718","0.9996","0.43003824203813","0.482731351153212","0.605098847979883","10_05"
"10.8254445749053","1.96218356483077","0.330064852312595","1.99998724685437","0.825444574905331","0.293610741996484","0.96","0.616026022274921","0.435470300125475","0.540801010053736","10_05"
"10.6445838366838","2.69435971214073","0.224136817054479","2.90020337041801","0.644583836683755","0.358082952234515","0.9996","0.422327370068391","0.894768048776314","0.610788236013672","10_05"
"10.8396196337994","1.83300658924214","0.346532279751487","1.95753863844728","0.839619633799439","0.275505671364411","0.9508","0.688118535596341","0.278597612169475","0.765405693714585","10_05"
"10.5976671288297","2.52571402555834","0.2468722452713","3.04199198483832","0.59766712882965","0.319498267411794","1","0.389081283858699","0.4028772449627","0.700481072430543","10_05"
"10.5803667902934","2.48349543841822","0.251629217905061","3.08039124784844","0.580366790293364","0.314733858937991","1","0.37848559323021","0.326925610918808","0.720793133355774","10_05"
"10.6778713916824","2.39436095319959","0.263788213181464","2.76212226729643","0.677871391682411","0.32159031994331","0.9988","0.471821277506815","0.463395703623038","0.759999955557557","10_05"
"10.652316869647","2.39512541956115","0.257996112829287","2.80184467686041","0.652316869647044","0.311843582068592","0.999","0.416733668802799","0.413014806002225","0.557660810448992","10_05"
"10.5164608752609","2.55254078521216","0.237559920551072","3.27890820227603","0.516460875260925","0.313631372688852","1","0.302482683565199","0.284368804908652","0.4911955606946","10_05"
"10.7261075395327","2.40910471786459","0.272156181900402","2.55794225216421","0.726107539532732","0.323629183373102","0.9958","0.515088425837505","0.631532250694453","0.672965491725747","10_05"
"10.7370957680446","2.3904906754903","0.273535186798186","2.50323504147665","0.737095768044559","0.328656588842318","0.9946","0.549693061484725","0.653568573131274","0.83063643091743","10_05"
"10.8364124937884","1.89023952729177","0.345175673127071","1.95558536850824","0.836412493788352","0.278979624945803","0.9512","0.687846861867571","0.360994676223051","0.762386835155682","10_05"
"10.6411469609737","2.39214421561718","0.262378652449051","2.82848425371045","0.641146960973705","0.308916322472624","0.9994","0.406052428472623","0.369762330128302","0.546068715904516","10_05"
"10.3860708471546","2.72398804985312","0.196314572109381","3.65390493158635","0.386070847154622","0.389785005573271","0.95","0.224145682547686","0.438467934322997","0.399409950012341","10_05"
"10.4583188302237","2.76135661159949","0.204872379431027","3.52740666829914","0.458318830223726","0.369245810267895","1","0.290557113888667","0.49456201733921","0.767270596399536","10_05"
"10.7803810643567","2.11438485902549","0.308011320248079","2.25658612467596","0.780381064356715","0.291684675306036","0.9844","0.554362300628234","0.403580218657286","0.572980373968038","10_05"
"10.6745469640633","2.47677325849943","0.255898684756452","2.72758731318567","0.674546964063272","0.328764000124326","0.9986","0.432760767504205","0.545126733018345","0.534399530059399","10_05"
"10.7123003710638","2.35686589684797","0.274240411941023","2.62422019594804","0.712300371063846","0.318586056364832","0.9974","0.507100152653667","0.495656404931394","0.749699502257192","10_05"
"10.8353190715322","1.95021239383739","0.333907978988511","1.95732174588971","0.835319071532154","0.300142317657668","0.951","0.687022846657783","0.482080115471035","0.7323137386702","10_05"
"10.7706934649657","2.37552613074954","0.277132461771833","2.31583462707559","0.77069346496568","0.342615345006092","0.9884","0.592249326114865","0.806529618931222","0.785407168237513","10_05"
"10.7811392607811","2.04162114433537","0.318901338251187","2.2681119116934","0.781139260781118","0.282586363612028","0.9844","0.593528381762176","0.285899232776301","0.772178468668084","10_05"
"10.5329198616105","2.67308214418453","0.225662951216199","3.28290994499381","0.532919861610493","0.342595215781802","1","0.339507430751161","0.490925686233666","0.699896272759272","10_05"
"10.5922017950968","2.45875890316776","0.251936738824419","3.00794205054292","0.592201795096836","0.310055245643258","0.9998","0.362950645424807","0.347383668750818","0.535097560169722","10_05"
"10.5687689829396","2.62876831703216","0.233959248090864","3.14140900549164","0.568768982939621","0.335402615592121","1","0.375889654058618","0.488287348485677","0.756657607766043","10_05"
"10.8101951894533","2.22093555378122","0.298818715428318","2.12854740774962","0.810195189453292","0.328630527005242","0.9724","0.630502370915793","0.728583732244535","0.702794912969694","10_05"
"10.5684426348869","2.6285914153477","0.233431276239321","3.16190822184335","0.568442634886915","0.342478097628964","1","0.358909178331259","0.49958419462084","0.628774358596752","10_05"
"10.8316287872884","1.95472136968806","0.337670176392175","2.0154602855328","0.831628787288417","0.287041975416046","0.9594","0.664763379856777","0.381474091459818","0.74332975129368","10_05"
"10.5482624347087","2.66126907607545","0.228584853746101","3.22632341692571","0.548262434708725","0.347966160966047","1","0.356412683530106","0.506755837890534","0.726278611695456","10_05"
"10.5270382895218","2.83719460314872","0.190936575470801","3.33030334742444","0.527038289521822","0.370276316691544","1","0.348368362121043","0.789220199972226","0.825511928880587","10_05"
"10.6253812845858","2.56675618063809","0.246438207262343","2.96041987338856","0.625381284585796","0.329129859050357","0.9998","0.401722391191599","0.520028365314103","0.611416536087929","10_05"
"10.7774103684192","2.24707938202507","0.301333529616441","2.32766071137292","0.777410368419221","0.316905824208865","0.9872","0.58052208409025","0.543475529097167","0.691738125959487","10_05"
"10.6212010261248","2.57669315147958","0.242189815416827","2.95545493873597","0.621201026124836","0.33133602686019","0.9994","0.389947554643866","0.524682562325082","0.551757352568222","10_05"
"10.7811392607811","2.04162114433537","0.318901338251187","2.2681119116934","0.781139260781118","0.282586363612028","0.9844","0.593528381762176","0.285899232776301","0.772178468668084","10_05"
"10.7102149394175","2.38881006063884","0.270377975907046","2.60712794574114","0.710214939417516","0.327904486777782","0.9972","0.479237451845271","0.539080366177238","0.594892753890801","10_05"
"10.8367121886913","1.88687249858308","0.344883901410938","1.95898308737283","0.83671218869127","0.280445567558816","0.9512","0.687243232191419","0.36414002329585","0.760917567304672","10_05"
"10.8224956154295","1.98477527500675","0.331385783281747","2.0665410980937","0.822495615429512","0.286309604183396","0.966","0.657304783226702","0.400268536554263","0.758670869527436","10_05"
"10.719526926204","2.35791415182011","0.274733311979777","2.60935912130015","0.719526926204003","0.327373803604295","0.9968","0.495481383454158","0.534797788302292","0.644078670936426","10_05"
"10.6445592497329","2.53578085501543","0.249707953781024","2.88947638144182","0.644559249732887","0.331117372563739","0.9998","0.435374762749838","0.539093060521339","0.723865658234612","10_05"
"10.8364124937884","1.89023952729177","0.345175673127071","1.95558536850824","0.836412493788352","0.278979624945803","0.9512","0.687846861867571","0.360994676223051","0.762386835155682","10_05"
"10.5921881106857","2.47396595216872","0.249116157016684","3.02140363457132","0.592188110685668","0.317252277463456","0.9998","0.365244576775865","0.361288236412055","0.542476188613272","10_05"
"10.7367789494601","2.21964990494274","0.291843520483014","2.47315693514892","0.736778949460119","0.300350469921","0.9938","0.537913905023306","0.373985480546607","0.756434326444342","10_05"
"10.6743120061745","2.44274719217855","0.2603742093231","2.76152422842064","0.674312006174529","0.323513265310695","0.9992","0.460623468312602","0.501702771772501","0.689206278425791","10_05"
"10.6017907233616","2.47207461353317","0.25181186065573","3.00284795098757","0.601790723361601","0.32414295490614","1","0.382759800835874","0.378211546638087","0.618293418160464","10_05"
"10.6122917505091","2.5518593511761","0.246436529314234","3.0084738831405","0.612291750509125","0.325013232677444","0.9998","0.396565354826363","0.468984503346333","0.661029814305519","10_05"
"10.7249881276927","2.30659598487151","0.280566451977005","2.54058600098889","0.724988127692698","0.31316512907827","0.9958","0.516392280701601","0.458189293327465","0.731082492430255","10_05"
"10.834992287797","1.94771469720029","0.335915782886681","1.95895099779936","0.834992287797029","0.2993594144208","0.951","0.687626476333935","0.478934768398236","0.73378300652121","10_05"
"10.6962119050529","2.43810563116067","0.2620890282378","2.64371726706752","0.696211905052935","0.329462022857678","0.998","0.456032715298166","0.554870533275669","0.557125502914722","10_05"
"10.8275148191809","1.92340813848078","0.33933747432843","2.02783693691642","0.827514819180904","0.276641384311806","0.9622","0.663497596985511","0.300695930933615","0.765392858993298","10_05"
"10.6254632730919","2.63424524656616","0.229751375935734","2.95776793507818","0.625463273091891","0.339775892377008","0.9998","0.417655757635935","0.718639061557605","0.679692122928836","10_05"
"10.5921268277419","2.5504471000823","0.242819528535449","3.05686248600545","0.592126827741921","0.334221526494495","1","0.376580997506541","0.450786140546427","0.622909607838928","10_05"
"10.7069647961604","2.34906555903723","0.275836754816051","2.61978731003382","0.706964796160388","0.315743409465935","0.9978","0.4872909972426","0.464828527044125","0.66650364426645","10_05"
"10.7888083293339","2.07750882103392","0.311094524600125","2.19269790383715","0.788808329333931","0.292539168636215","0.9798","0.559711849814881","0.426768067106271","0.511992958607152","10_05"
"10.6416461673236","2.38808812412438","0.261808974366137","2.81980456451091","0.641646167323624","0.306712844184229","0.999","0.403758497121565","0.355857762467065","0.538690087460965","10_05"
"10.7393961068682","2.28532301014492","0.284101659674441","2.47015598841985","0.739396106868183","0.314978267782724","0.9932","0.504486157408034","0.5016900774284","0.560233374081979","10_05"
"10.7980954096369","2.04100077555719","0.325014628636097","2.18486962253326","0.798095409636874","0.283936798656842","0.9792","0.617877646644236","0.346197978065738","0.769172444830468","10_05"
"10.6690779480448","2.46574150779853","0.259780120564657","2.7870720777919","0.669077948044792","0.328981493199252","0.9996","0.444379536703715","0.505985349647447","0.640020361380166","10_05"
"10.7811392607811","2.04162114433537","0.318901338251187","2.2681119116934","0.781139260781118","0.282586363612028","0.9844","0.593528381762176","0.285899232776301","0.772178468668084","10_05"
"10.8396196337994","1.83300658924214","0.346532279751487","1.95753863844728","0.839619633799439","0.275505671364411","0.9508","0.688118535596341","0.278597612169475","0.765405693714585","10_05"
"10.4662919967598","2.59559609044571","0.227366595430003","3.48627766035299","0.466291996759819","0.325042823379636","1","0.289980886038393","0.285899232776301","0.772178468668084","10_05"
"10.611386410009","2.58738008385377","0.240274478369322","3.01207801037625","0.611386410008971","0.34026509955199","1","0.403598331622808","0.537476594137997","0.69891946658258","10_05"
"10.8396196337994","1.83300658924214","0.346532279751487","1.95753863844728","0.839619633799439","0.275505671364411","0.9508","0.688118535596341","0.278597612169475","0.765405693714585","10_05"
"10.7784605310956","2.16461597659012","0.304203752417088","2.30208217783054","0.778460531095573","0.306674826492145","0.9868","0.586373028247676","0.452732182082306","0.755997036252057","10_05"
"9.36464958282291e-05","0.00264688588655996","0.342529568694372","8.26400008034495e-06","9.36464958282291e-05","0.463542026275097","0.1604","0.494910932663884","0.361650064642657","0.166742393514141","10_05"
"10.7734264125625","2.11940079331483","0.309643115470647","2.29385637386456","0.773426412562491","0.292811409024046","0.9862","0.584413148002898","0.375902757319723","0.757388849567678","10_05"
"10.8396196337994","1.83300658924214","0.346532279751487","1.95753863844728","0.839619633799439","0.275505671364411","0.9508","0.688118535596341","0.278597612169475","0.765405693714585","10_05"
"10.6673464427589","2.45202500539085","0.259111603652395","2.79254591570843","0.667346442758926","0.323509577373325","0.9994","0.450095745139767","0.477119750291791","0.685996483161197","10_05"
"10.8326868859616","1.96238563483604","0.334705328342981","1.96268087231969","0.832686885961576","0.295843725312869","0.9536","0.670690656388093","0.442682958725611","0.699769885654803","10_05"
"10.6771420324779","2.38883188921409","0.263596978346892","2.73905688454745","0.677142032477885","0.321267783448197","0.9992","0.465512304800891","0.448779953384171","0.713666481455428","10_05"
"10.7811392607811","2.04162114433537","0.318901338251187","2.2681119116934","0.781139260781118","0.282586363612028","0.9844","0.593528381762176","0.285899232776301","0.772178468668084","10_05"
"10.7800383235366","2.10531045228309","0.309494829466652","2.26950691818173","0.780038323536559","0.292276243279316","0.9856","0.556362020583105","0.387044115028547","0.604288576632042","10_05"
"10.7915222291165","2.09695783154302","0.310409960395291","2.1629701526961","0.791522229116486","0.295952392350608","0.9812","0.569353366616414","0.425029364447305","0.558201947449847","10_05"
"10.7811392607811","2.04162114433537","0.318901338251187","2.2681119116934","0.781139260781118","0.282586363612028","0.9844","0.593528381762176","0.285899232776301","0.772178468668084","10_05"
"10.7211986283007","2.27305754157246","0.286988803082689","2.58420308383499","0.721198628300701","0.303727643245493","0.9968","0.496665331053518","0.374995019621102","0.660528561950583","10_05"
"10.7820449886761","2.20897156842515","0.304206038977818","2.29096396568209","0.78204498867607","0.311650065057158","0.9854","0.582883483847552","0.524027173905476","0.673363247400282","10_05"
"10.6405737496628","2.50911076586915","0.249676885847289","2.89290633532275","0.640573749662764","0.328807084144428","0.9996","0.40820933968132","0.516317858782051","0.574341864064694","10_05"
"10.821562411764","1.99145987506958","0.331089877274232","2.04028236950276","0.82156241176399","0.287463951695211","0.9644","0.647663266425169","0.402007239213228","0.71246188068474","10_05"
"10.7812936970018","2.07005961415043","0.318725917586114","2.25169143800447","0.7812936970018","0.287198707673985","0.9838","0.598385992084225","0.314828024277175","0.765283868210042","10_05"
"10.6551807970751","2.50527443328549","0.252340516345047","2.83781501406649","0.655180797075054","0.328860180846254","0.9994","0.421723985770896","0.526299028708424","0.576703544220254","10_05"
"10.816788173336","2.04875977323129","0.324859046796738","2.07738463062928","0.816788173335978","0.302742285601471","0.9678","0.636172015129526","0.457473932817539","0.685024749452173","10_05"
"10.7888083293339","2.07750882103392","0.311094524600125","2.19269790383715","0.788808329333931","0.292539168636215","0.9798","0.559711849814881","0.426768067106271","0.511992958607152","10_05"
"5.85371311519384","1.84092317946044","0.347336107313342","1.81504238363236","0.853713115193844","0.287379059860252","0.9292","0.687381473930815","0.419342531362869","0.605919555645575","10_05"
"10.6183492595273","2.47948975768914","0.251937473503477","2.95565414952253","0.618349259527279","0.319382037366667","0.9998","0.404003499524685","0.415449999502433","0.666553538336601","10_05"
"10.6234765806323","2.54382981568553","0.248580816041602","2.97860950833267","0.62347658063235","0.32589375848139","0.9998","0.407093077999197","0.493567524827043","0.664239609570113","10_05"
"10.8367121886913","1.88687249858308","0.344883901410938","1.95898308737283","0.83671218869127","0.280445567558816","0.9512","0.687243232191419","0.36414002329585","0.760917567304672","10_05"
"10.8367121886913","1.88687249858308","0.344883901410938","1.95898308737283","0.83671218869127","0.280445567558816","0.9512","0.687243232191419","0.36414002329585","0.760917567304672","10_05"
"10.7895047311935","2.05747338713687","0.319642441689159","2.2324281282728","0.78950473119348","0.289815511526759","0.9832","0.603025509924592","0.359853387203047","0.756543317227598","10_05"
"10.7929578715239","2.08915876274377","0.315052386677306","2.20925604375139","0.792957871523908","0.293159578577804","0.9812","0.61080554024711","0.398351259781146","0.757716346404099","10_05"
"10.6522634291652","2.49473585765804","0.254634431214771","2.85594039747567","0.652263429165204","0.329578686706565","0.9996","0.42611775166626","0.514350053190478","0.617435849883694","10_05"
"10.4559499658825","2.72437700866079","0.207889855024902","3.55339375001641","0.455949965882517","0.362220793191658","1","0.5","0.4","0.75","15_05"
"10.4559499658825","2.72437700866079","0.207889855024902","3.55339375001641","0.455949965882517","0.362220793191658","1","0.5","0.4","0.75","15_05"
"10.2685071745775","2.90576926926168","0.168529922708503","4.15146616992063","0.268507174577522","0.390337246284122","1","0.2655086631421","0.380035179434344","0.79423986072652","15_05"
"5.16895891658888","1.93726487067168","0.228511784679972","2.92284838513744","0.168958916588881","0.461307361484091","0.544","0.37212389963679","0.777445221319795","0.107943625887856","15_05"
"10.4919598560764","2.98898037086088","0.172730899551719","3.42278544088212","0.49195985607636","0.387336722016374","1","0.572853363351896","0.934705231105909","0.723710946040228","15_05"
"10.6118977581315","2.36732313857262","0.268171707096795","2.95066250108791","0.611897758131473","0.292247250548373","0.9996","0.908207789994776","0.212142521282658","0.411274429643527","15_05"
"10.2063017296093","3.19880852761799","0.119103057841957","4.37738070140909","0.206301729609278","0.438483071322821","1","0.201681931037456","0.651673766085878","0.820946294115856","15_05"
"10.6574997315528","2.26160707932649","0.285422575710442","2.75458223896499","0.6574997315528","0.275927994187396","0.9992","0.898389684967697","0.125555095961317","0.647060193819925","15_05"
"10.7518780731302","2.14244482563513","0.302629785119695","2.38233120437811","0.751878073130219","0.286833972389324","0.9918","0.944675268605351","0.267220668727532","0.78293276228942","15_05"
"10.4820988276393","2.67741567188698","0.216897752190621","3.45615956915051","0.482098827639343","0.344092062049157","1","0.660797792486846","0.386114092543721","0.553036311641335","15_05"
"10.4769666048375","2.40689292200986","0.252617513342285","3.43147721728052","0.47696660483746","0.281468281956616","1","0.62911404389888","0.0133903331588954","0.529719580197707","15_05"
"10.0670639960942","3.11571541861744","0.13022731971366","4.81749318274353","0.0670639960942111","0.440145310029227","1","0.0617862704675645","0.382387957070023","0.789356231689453","15_05"
"0.000157939926425323","0.00364617450734162","0.292251880958792","1.4301057653723e-05","0.000157939926425323","0.468544859777669","0.316","0.205974574899301","0.86969084572047","0.023331202333793","15_05"
"10.144564854849","2.99833747295745","0.150072955610366","4.57910358627574","0.144564854848951","0.401962459009243","1","0.176556752528995","0.34034899668768","0.477230065036565","15_05"
"10.5770828004789","2.63643044159255","0.234246976175581","3.11497299672211","0.577082800478906","0.342710750502858","1","0.687022846657783","0.482080115471035","0.7323137386702","15_05"
"10.3383856499657","3.02976647917847","0.153387306049067","3.9376188009515","0.338385649965686","0.406924574345699","1","0.384103718213737","0.599565825425088","0.692731556482613","15_05"
"10.530906039742","2.70762957395134","0.218786000033603","3.27169812029893","0.530906039742043","0.353752863168864","1","0.769841419998556","0.493541307048872","0.477619622135535","15_05"
"10.472895555647","2.5313230088826","0.236715029764376","3.42436557406843","0.472895555647032","0.301609084048827","1","0.497699242085218","0.186217601411045","0.8612094768323","15_05"
"10.4977916522886","2.93380364455967","0.177465522461402","3.37496990205743","0.497791652288613","0.380185375194135","1","0.717618508264422","0.827373318606988","0.438097107224166","15_05"
"5.61575612975632","2.58526681096962","0.240367376092434","2.8196270260607","0.61575612975632","0.361407875881157","0.9454","0.991906094830483","0.668466738192365","0.244797277031466","15_05"
"5.04119018675984","1.24022937378251","0.267612562777739","3.37963616481816","0.0411901867598405","0.451013117089506","0.526","0.1","0.1","0.1","15_05"
"5.14952382643203","2.64342112881262","0.200115397425242","4.31417765589714","0.149523826432034","0.415229261420128","0.858","0.2","0.2","0.2","15_05"
"10.2325006209197","2.88594164579004","0.176695231165647","4.21985905872193","0.232500620919744","0.380985707687896","0.994","0.3","0.3","0.3","15_05"
"10.3031609205455","2.87334790501266","0.171855952362787","4.02391957620067","0.303160920545479","0.388987048977059","1","0.4","0.4","0.4","15_05"
"10.3744770379806","2.90567475423126","0.177505225672931","3.80861305884208","0.374477037980644","0.387627368387164","1","0.5","0.5","0.5","15_05"
"10.4550302512731","2.88534393615164","0.188665448295085","3.58385039922109","0.455030251273067","0.387358102145827","1","0.6","0.6","0.6","15_05"
"10.5661773918492","2.7747426944274","0.207185959933366","3.16708706734316","0.566177391849156","0.358609338348772","1","0.7","0.7","0.7","15_05"
"10.6674714591509","2.63939586243126","0.23806029164506","2.78406387231957","0.667471459150857","0.350469614868263","0.9992","0.8","0.8","0.8","15_05"
"10.7261167473228","2.53945036562872","0.252963445914056","2.50426517108022","0.726116747322803","0.355841130119883","0.996","0.9","0.9","0.9","15_05"
"10.7672397063703","2.42965201249181","0.273981569267246","2.31028316264615","0.767239706370303","0.351353966547197","0.9888","1","1","1","15_05"
"10.7001953506015","2.29679284537304","0.279736965191542","2.62457117761262","0.700195350601505","0.303804906906321","0.997","0.855233142237391","0.335161910240674","0.774775743059232","15_05"
"10.4608690922761","2.85602941803284","0.192239759677891","3.54026980341606","0.460869092276067","0.387943926450908","1","0.634680992339739","0.585762331650638","0.560142923033896","15_05"
"10.6056936546356","2.34019022634063","0.268088958966966","2.96516039880469","0.605693654635637","0.281891174742148","0.9998","0.863764747783375","0.145830118830142","0.54105276825152","15_05"
"10.7518780731302","2.14244482563513","0.302629785119695","2.38233120437811","0.751878073130219","0.286833972389324","0.9918","0.944675268605351","0.267220668727532","0.78293276228942","15_05"
"10.6118977581315","2.36732313857262","0.268171707096795","2.95066250108791","0.611897758131473","0.292247250548373","0.9996","0.908207789994776","0.212142521282658","0.411274429643527","15_05"
"10.2325006209197","2.88594164579004","0.176695231165647","4.21985905872193","0.232500620919744","0.380985707687896","0.994","0.3","0.3","0.3","15_05"
"10.4559499658825","2.72437700866079","0.207889855024902","3.55339375001641","0.455949965882517","0.362220793191658","1","0.5","0.4","0.75","15_05"
"10.1051316073763","2.83796124896309","0.183275227777193","4.69645303897086","0.105131607376342","0.327914094440074","1","0.118278162619437","0.0628648685638294","0.563891433285522","15_05"
"10.7518780731302","2.14244482563513","0.302629785119695","2.38233120437811","0.751878073130219","0.286833972389324","0.9918","0.944675268605351","0.267220668727532","0.78293276228942","15_05"
"10.5837863283557","2.55053628146349","0.239239428076004","3.07753014188947","0.583786328355696","0.327556682691462","0.9998","0.859283546366517","0.42560006553573","0.485776641365723","15_05"
"10.4332335722538","2.8779226013391","0.183046006387794","3.63389354662099","0.433233572253797","0.387233777485978","1","0.565930697099252","0.578781961006457","0.600617382706163","15_05"
"10.5661773918492","2.7747426944274","0.207185959933366","3.16708706734316","0.566177391849156","0.358609338348772","1","0.7","0.7","0.7","15_05"
"10.5515594126656","2.59750912652585","0.231138482138459","3.19596359146561","0.55155941266561","0.332000510251038","1","0.797907590916228","0.421581225884441","0.472044915836166","15_05"
"10.4594666856368","2.63245836905748","0.219423497885394","3.5098570753922","0.459466685636801","0.34019163486427","1","0.499700988578854","0.306891125387575","0.754297429175234","15_05"
"10.2842248649157","2.72160564377438","0.201829011521199","4.07195419087706","0.284224864915691","0.320994210968093","1","0.360299154761979","0.134224146199325","0.342278096344007","15_05"
"5.42727561033126","2.65070080563883","0.215602865545201","3.45989209489053","0.427275610331256","0.387774405757733","0.9296","0.609238766907797","0.384323120065153","0.234661261551082","15_05"
"10.5985624375898","2.45885727813712","0.25772107665528","3.00785386256939","0.598562437589804","0.308530819654806","0.9998","0.880141619077105","0.284102602447089","0.416849135942895","15_05"
"10.4143063598526","2.82550621942338","0.189256468506834","3.67835611864174","0.414306359852616","0.380008402698868","1","0.443828971318338","0.473336589993837","0.76527129559531","15_05"
"10.7672397063703","2.42965201249181","0.273981569267246","2.31028316264615","0.767239706370303","0.351353966547197","0.9888","1","1","1","15_05"
"10.6013504878934","2.46008509229666","0.257109710497681","3.03339732354872","0.601350487893419","0.312487213117034","1","0.838090530205718","0.291330949761992","0.604782097475918","15_05"
"10.4717486529656","2.60108881877683","0.226801350472443","3.45483657844268","0.471748652965574","0.328868728333666","1","0.497998253506364","0.27932647602347","0.856912047657066","15_05"
"10.4154638619792","2.82846832652706","0.189734744628255","3.69228147112544","0.415463861979172","0.38518777348142","1","0.534624937184321","0.479724977131175","0.606007425568405","15_05"
"10.338678805652","2.93256461117879","0.168185318290602","3.95214449471199","0.338678805651989","0.392523046169536","1","0.426111316232859","0.489253366418063","0.593471167464352","15_05"
"10.5127354898602","2.73613859518454","0.211138348143422","3.34177578677305","0.51273548986023","0.360843618923255","1","0.735160427658817","0.507778975398234","0.517476699101638","15_05"
"10.4784310055619","2.58885301615446","0.22711018439681","3.4553566566838","0.478431005561946","0.322164138218697","1","0.574840539409004","0.263523558433696","0.668165899001244","15_05"
"10.5507015935388","2.63849066032143","0.228018815786567","3.20285148079663","0.550701593538768","0.345254169798042","1","0.692700122674771","0.431016370421275","0.670663199966591","15_05"
"10.3500528312606","2.60099908892357","0.227150291360888","3.83496935995492","0.350052831260628","0.303410297965428","0.998","0.447287065013365","0.0341741975775268","0.325278303353116","15_05"
"10.5139659660212","2.58056522150022","0.228447813056495","3.31707672965353","0.513965966021239","0.334958788696911","1","0.572622151747008","0.332913421665089","0.755184378601637","15_05"
"10.5770828004789","2.63643044159255","0.234246976175581","3.11497299672211","0.577082800478906","0.342710750502858","1","0.687022846657783","0.482080115471035","0.7323137386702","15_05"
"10.4659310831841","2.7103425127586","0.212935315703726","3.49994585730039","0.465931083184126","0.358975910199797","1","0.508702538481545","0.388778704911542","0.76128230380141","15_05"
"10.5286519668193","2.64825513216027","0.221840815062684","3.31131925283002","0.528651966819316","0.345812490769271","1","0.741947203349615","0.427210457304659","0.524457594429271","15_05"
"10.308251686309","2.84114611286607","0.180985331940595","3.99891416554631","0.308251686308994","0.390437035608295","1","0.403212976701301","0.362751603386617","0.459599836407704","15_05"
"10.1136537292938","3.00869061399258","0.144912757979243","4.68103663526225","0.11365372929378","0.405505951986925","1","0.129779594258511","0.324103899497381","0.594051835017475","15_05"
"10.551121237236","2.61184253299021","0.230491534630493","3.2177395052882","0.551121237235974","0.339073773234741","1","0.748660510241384","0.425387139001058","0.618250521373486","15_05"
"10.5102685717957","2.54676205014369","0.236922947016285","3.30229782028286","0.510268571795747","0.312364742656649","1","0.604976754112749","0.26432085943654","0.698254151697213","15_05"
"10.6472778133223","2.43822315027982","0.259218138959647","2.83898916005563","0.64727781332232","0.313236543410517","0.9994","0.761232382297109","0.388825533858159","0.769684491925826","15_05"
"10.5622982254304","2.75292130227164","0.219902531110419","3.19715822499249","0.562298225430423","0.357026708993493","1","0.802719895289004","0.583206041088373","0.556464681544675","15_05"
"10.4612483341317","2.73178748417582","0.209324759828035","3.51631676415515","0.461248334131696","0.358321319815769","1","0.568321136725164","0.392178017926257","0.658727825162829","15_05"
"10.5510584008691","2.64470446097615","0.230092474026885","3.2156296910881","0.551058400869061","0.347140406684972","1","0.644666589735925","0.447139672814506","0.732916138026298","15_05"
"10.267639690128","2.91917235826796","0.167643316295179","4.15609505686967","0.267639690128036","0.385728923150679","1","0.309398095339435","0.385425016589695","0.647606713150299","15_05"
"10.7262453017724","2.20571333756871","0.292917797661454","2.48979490134557","0.726245301772444","0.289894476390149","0.9948","0.914539053901606","0.266423367724688","0.752844509593452","15_05"
"10.4387957498919","2.74460387680356","0.200172766178643","3.61606184865264","0.438795749891917","0.369430279945745","1","0.583809869956481","0.419328512084418","0.572713902262496","15_05"
"10.7470746794708","2.41494388056308","0.274729292602949","2.45577030254025","0.747074679470785","0.336649248484122","0.9924","0.940575599846259","0.680911733213712","0.965007973589266","15_05"
"10.508692180598","2.41201428725743","0.255752434650462","3.31658324009147","0.508692180598012","0.283048757512445","1","0.688921074271532","0.0530294107848692","0.446757977045014","15_05"
"10.4173983888108","2.8480316983151","0.184213181033714","3.68638746798194","0.417398388810759","0.385418013008161","1","0.531015256563992","0.505663222603892","0.62244224206178","15_05"
"10.4400624450464","2.72235915278722","0.204273506539654","3.59091677109539","0.44006244504644","0.363797187241656","1","0.617649537108349","0.406744852328387","0.364296967673825","15_05"
"10.4782567090144","2.7994248666033","0.199809558644097","3.4696327789822","0.478256709014411","0.369095111247944","1","0.570231712121096","0.519517364745289","0.697073936144971","15_05"
"10.7672397063703","2.42965201249181","0.273981569267246","2.31028316264615","0.767239706370303","0.351353966547197","0.9888","1","1","1","15_05"
"10.2945575430689","2.68583667432619","0.214757029067316","4.06699382207373","0.294557543068882","0.314941693021788","1","0.317582605761547","0.066218556885677","0.677567023936634","15_05"
"10.7317535837964","2.43803741182608","0.272125505486964","2.50209385175823","0.731753583796373","0.332802280733171","0.995","0.914657542391132","0.654250177026962","0.809767769469966","15_05"
"10.3964708190936","2.84927651018235","0.183485983846438","3.7418225142424","0.396470819093627","0.389476154990901","1","0.442675494491429","0.482299029893969","0.720198555776216","15_05"
"10.4477614489957","2.7568287271088","0.199944759250254","3.57811792497093","0.447761448995711","0.378771212580021","1","0.610106626263568","0.438413492431926","0.519486185397725","15_05"
"10.4654037251196","2.82240727348798","0.193531226700522","3.50897479910508","0.465403725119629","0.377448924984521","1","0.547494707094085","0.553435699040583","0.702971976567427","15_05"
"10.3504365334337","2.92647418493156","0.17236024318637","3.88716969466879","0.350436533433712","0.391715463511524","1","0.427264793059768","0.480290926517931","0.638543907283446","15_05"
"10.4856186911266","2.7186839090479","0.211925273199909","3.43237658797921","0.485618691126623","0.366137104074728","1","0.542356256921858","0.434940442656529","0.749397600643902","15_05"
"10.420935628986","2.70873341129163","0.206958334839669","3.66119460613052","0.420935628986037","0.353663867141553","1","0.554429265460178","0.317542930072905","0.570456980974211","15_05"
"10.4924137371855","2.70096592713618","0.213915795378902","3.40215797579943","0.49241373718552","0.357732542605776","1","0.691244643417251","0.428156356097994","0.489454882854944","15_05"
"10.7518780731302","2.14244482563513","0.302629785119695","2.38233120437811","0.751878073130219","0.286833972389324","0.9918","0.944675268605351","0.267220668727532","0.78293276228942","15_05"
"10.576740038248","2.61782949606151","0.233181118054307","3.13875154418558","0.576740038248035","0.33514171987569","0.9998","0.829161187599099","0.454115351780749","0.522567950235044","15_05"
"10.5815337563699","2.60253866706505","0.23709037477674","3.08748179438072","0.581533756369883","0.334043796912074","1","0.693005891421286","0.460523163097641","0.731561751563309","15_05"
"10.5686990927647","2.64234429553401","0.230963019265586","3.13598200886463","0.568699092764707","0.341337866012772","1","0.718241946785533","0.459769661065434","0.678360563009615","15_05"
"10.4895478557882","2.70606810541215","0.210889774130357","3.44073421919225","0.48954785578824","0.357889458704885","1","0.675228168165811","0.444599513642683","0.557421241735441","15_05"
"10.5491156788309","2.73932386930672","0.21751430488836","3.20911159817798","0.549115678830889","0.358078600630942","1","0.704002756632674","0.554436259388272","0.665656468077028","15_05"
"10.715023305715","2.4805695485799","0.264111243242613","2.61215961876971","0.715023305714989","0.335784845324825","0.996","0.914354435891058","0.645195470095702","0.738705225678192","15_05"
"10.5213525168337","2.93803581552344","0.184662724097084","3.32132118729325","0.521352516833681","0.382112130415957","1","0.591429407526943","0.894768048776314","0.765856380035375","15_05"
"10.7672397063703","2.42965201249181","0.273981569267246","2.31028316264615","0.767239706370303","0.351353966547197","0.9888","1","1","1","15_05"
"10.4844967752908","2.83501389579023","0.19345107635019","3.48244180670337","0.484496775290784","0.376782850790945","1","0.646211845750416","0.582205480740685","0.593780190035074","15_05"
"10.5114476592834","2.59746206052931","0.231026495364005","3.35440394088254","0.5114476592834","0.33176546768679","1","0.708362284893467","0.327058768210971","0.535603689473814","15_05"
"10.5545040099527","2.70930368616427","0.221882991903204","3.22863154424694","0.554504009952685","0.356226835338646","1","0.767921555160364","0.519155942022647","0.590602515109467","15_05"
"10.572728557811","2.73531254506939","0.219840526787205","3.15167202409828","0.572728557810983","0.352151823993543","1","0.684815838486302","0.615550391110217","0.732070356526619","15_05"
"10.4489275443909","2.77584709785398","0.201646852284076","3.56522163060124","0.448927544390868","0.375312694961117","1","0.559038320123446","0.429064172027192","0.645215681673859","15_05"
"10.5707658567947","2.61893819750919","0.232685817371526","3.15671707925837","0.570765856794738","0.337691383486347","1","0.803925132234853","0.454868853812956","0.575769138788738","15_05"
"10.6269030350224","2.53476769061755","0.249232311947041","2.92122146080989","0.626903035022404","0.327722194016394","0.9998","0.806204483008894","0.448090392167319","0.68455490987192","15_05"
"10.7735445740081","2.40912390566326","0.276133063482821","2.2774898321528","0.773544574008081","0.346355880203042","0.9878","0.999316706949981","0.858091253167597","0.995790523363448","15_05"
"10.5903099567753","2.65209075186034","0.233751777716708","3.08983833670442","0.59030995677534","0.346169695286911","1","0.672517198396259","0.520998815810714","0.797895968719563","15_05"
"10.3407069575775","2.95661965558088","0.166783694631108","3.89194668327506","0.340706957577512","0.393662947826275","1","0.462063133188408","0.544341025583657","0.399409950012341","15_05"
"10.4849902628139","2.66945139334354","0.21668271422786","3.41813959592766","0.484990262813909","0.355053738085872","1","0.517913770410857","0.383591970872872","0.883325847731924","15_05"
"10.6051042897932","2.52968039402605","0.24830628239276","2.99406919796241","0.605104289793154","0.328322088793153","1","0.712159231692024","0.40848952954463","0.753225712534353","15_05"
"10.5422591928694","2.63725725594708","0.227820194359495","3.25614613610804","0.542259192869419","0.344585279628086","1","0.742250309849688","0.436265164235919","0.595520138221045","15_05"
"10.6475801414027","2.39083845986672","0.261159857821294","2.82469964296514","0.647580141402683","0.312646898802002","0.9994","0.749962520852854","0.359199698615284","0.865665160843991","15_05"
"10.7518780731302","2.14244482563513","0.302629785119695","2.38233120437811","0.751878073130219","0.286833972389324","0.9918","0.944675268605351","0.267220668727532","0.78293276228942","15_05"
"10.5658304312722","2.55043546093761","0.238892607999281","3.15781057378893","0.565830431272164","0.329384092062196","1","0.784189086887315","0.39485049347159","0.60769753228895","15_05"
"10.6070360622846","2.82049730700907","0.204600966032359","3.03244686374544","0.607036062284627","0.376039607273198","1","0.885299206290444","0.979159632513745","0.57627398867578","15_05"
"10.4843164151306","2.67629847511107","0.214500165617251","3.44706166860531","0.484316415130582","0.35023462902823","1","0.559524343986572","0.403963397890208","0.718886363658883","15_05"
"10.5193028945105","2.70087378536443","0.216769199470074","3.32791301423336","0.519302894510517","0.355507652120915","1","0.632297684609368","0.478621996867835","0.693233395475843","15_05"
"10.5143913271482","2.8492563087971","0.191778925047581","3.35684301591758","0.514391327148233","0.373159392433939","1","0.567620084908693","0.707018858270393","0.811901863092643","15_05"
"10.6881796484251","2.48549528472158","0.261810649309949","2.70818037838009","0.688179648425141","0.33031359621907","0.9986","0.891355730360805","0.546454936856485","0.702794912969694","15_05"
"10.4645880981431","2.72903063417924","0.206179438497756","3.51230859624459","0.464588098143127","0.370348915393176","1","0.551153049660449","0.423155062692578","0.689239062147848","15_05"
"10.7464931049298","2.46712816013822","0.265727331026967","2.44302025992105","0.746493104929846","0.343616787581295","0.993","0.941258892896278","0.822820480046115","0.969217450225818","15_05"
"10.5327133809265","2.80161083843217","0.204479595398941","3.29473767432684","0.532713380926507","0.362371542862362","1","0.593533524151423","0.627312604915767","0.803680239356867","15_05"
"10.5099748447335","2.77278998345217","0.206481278522183","3.35371269987554","0.509974844733464","0.359423948338842","1","0.561544901729959","0.543620851392454","0.825511928880587","15_05"
"10.5965399116983","2.51411042205538","0.24813077563299","3.03284325273032","0.596539911698304","0.329754810730254","1","0.6722787872159","0.388645952619633","0.83263110791609","15_05"
"10.6465531735134","2.66477264919931","0.233180241515132","2.87247573763056","0.646553173513368","0.343427645290382","0.9998","0.824568439267771","0.726142140294985","0.707243800411315","15_05"
"10.5012651426001","2.66573410625735","0.221298921215125","3.36770792417916","0.501265142600103","0.351755679450131","1","0.629824070082272","0.389796511724829","0.658392272104783","15_05"
"10.6881796484251","2.48549528472158","0.261810649309949","2.70818037838009","0.688179648425141","0.33031359621907","0.9986","0.891355730360805","0.546454936856485","0.702794912969694","15_05"
"10.542832813655","2.71789349256526","0.219884723414542","3.25321579269721","0.542832813654962","0.354013511747331","1","0.736862063990474","0.511897626707551","0.615260053057281","15_05"
"10.7544257777563","2.49486130991284","0.265238258420108","2.39302786333402","0.754425777756254","0.362156890744482","0.9928","0.959472046998354","0.980965132232745","0.989394842861303","15_05"
"10.7533092719425","2.3733336072128","0.281004550676297","2.41490007827862","0.75330927194253","0.330510077722234","0.9912","0.951470914073764","0.634814620616487","0.859676368603752","15_05"
"10.5713613899161","2.56487109221146","0.237066733026843","3.15376456271229","0.571361389916062","0.331883791647214","1","0.800840514903904","0.407381769286549","0.591432417468267","15_05"
"10.5483477657351","2.69886879553533","0.21947009280094","3.23242839999419","0.548347765735096","0.35395759434848","1","0.769187548672542","0.511315136209481","0.577548995638166","15_05"
"10.7672397063703","2.42965201249181","0.273981569267246","2.31028316264615","0.767239706370303","0.351353966547197","0.9888","1","1","1","15_05"
"10.5153358602827","2.83402371743686","0.195936459004684","3.34896524180038","0.515335860282661","0.368523342402599","1","0.56899923088571","0.657494850819789","0.806372426794826","15_05"
"10.6475809667756","2.63331712933147","0.239109857721616","2.86215693706399","0.647580966775636","0.342028103624883","0.9996","0.76608773966175","0.683046293616544","0.814474717769311","15_05"
"10.5741288970045","2.63942002439394","0.230533914983125","3.11891339778423","0.5741288970045","0.339834927662294","1","0.749301437955423","0.46702797638053","0.6537030250618","15_05"
"10.5105626570473","2.83195698647728","0.194615009976881","3.36809087079624","0.510562657047258","0.369296778239112","1","0.600093337831241","0.654593511932807","0.72035905408047","15_05"
"10.5197145788308","2.75163761524065","0.211094075975652","3.34563912960203","0.519714578830784","0.357792652944857","1","0.710139861238604","0.523401343351243","0.594453485059776","15_05"
"10.6626166099305","2.66384397725913","0.232764751272725","2.80509327701646","0.66261660993051","0.353037753594513","0.9994","0.78941758380716","0.842731089637847","0.988134665644483","15_05"
"10.772090334385","2.10932337204925","0.311056969093443","2.29617677665532","0.772090334384978","0.283858831749355","0.9872","0.985203221606998","0.286255536494787","0.793537919428117","15_05"
"10.5672933073527","2.77049560283133","0.20766917590677","3.1784811052379","0.567293307352655","0.356766774604956","1","0.658216698619977","0.715080845337813","0.761407492593753","15_05"
"10.7520609868579","2.28390486649356","0.286979066716894","2.43963630802797","0.752060986857888","0.320116482003035","0.992","0.93545030832353","0.485462068254641","0.95875930934161","15_05"
"10.5146615241214","2.73307064610266","0.214801834348963","3.35094071959307","0.514661524121387","0.358873650016297","1","0.591512966408036","0.487655151413521","0.735511783160929","15_05"
"10.500218261745","2.75760068367537","0.207305790374651","3.40465823479207","0.500218261744961","0.361040524141246","1","0.6783222943615","0.495069301625361","0.594846843196343","15_05"
"10.5962786911704","2.63328158589515","0.234396821305715","3.05947768181795","0.59627869117042","0.344014788002855","1","0.771451879312305","0.507294200150543","0.667311947800912","15_05"
"10.5844741913299","2.73532526468517","0.217099187777267","3.1480130728036","0.584474191329872","0.350176466075241","1","0.842880100802208","0.635890907229988","0.511992958607152","15_05"
"10.5323833285358","2.81224728275154","0.200285398070761","3.30562092959002","0.532383328535787","0.365179259192268","1","0.592154378174406","0.676836612366371","0.809209675654683","15_05"
"10.5746101410478","2.6253461591402","0.232765940664012","3.14478470918836","0.574610141047843","0.336524563543975","1","0.802659138722676","0.462709659626123","0.588822658260039","15_05"
"10.6764932350203","2.63165806272289","0.238283898222417","2.74302335771962","0.676493235020345","0.356251486311121","0.999","0.814512212529324","0.873737630360643","0.906905851502381","15_05"
"10.5684098064404","2.61433374966802","0.233221320664862","3.18029130068282","0.568409806440428","0.339425943629274","1","0.787273704218263","0.442337577997997","0.592034253609421","15_05"
"10.6881796484251","2.48549528472158","0.261810649309949","2.70818037838009","0.688179648425141","0.33031359621907","0.9986","0.891355730360805","0.546454936856485","0.702794912969694","15_05"
"10.7735445740081","2.40912390566326","0.276133063482821","2.2774898321528","0.773544574008081","0.346355880203042","0.9878","0.999316706949981","0.858091253167597","0.995790523363448","15_05"
"10.2876215696466","3.22210684505446","0.112525347905361","4.12590053786009","0.28762156964655","0.426915267986871","1","0.289980886038393","0.873737630360643","0.906905851502381","15_05"
"10.4814757490258","2.77618247853885","0.201830084228903","3.46568990272268","0.481475749025758","0.368622348573515","1","0.644903790947849","0.508661128726035","0.600444869002177","15_05"
"10.7735445740081","2.40912390566326","0.276133063482821","2.2774898321528","0.773544574008081","0.346355880203042","0.9878","0.999316706949981","0.858091253167597","0.995790523363448","15_05"
"10.7172759339785","2.4855699972572","0.260955170066499","2.5843273919139","0.717275933978476","0.337669983598501","0.9968","0.880773670115143","0.678868425632389","0.971645682013842","15_05"
"5.43062060284897","2.20573754281992","0.258392644156323","3.02140920257674","0.430620602848974","0.406784444288789","0.7602","0.715646691125398","0.287741938166316","0.166742393514141","15_05"
"10.703819819102","2.53860111206153","0.255215094774615","2.64108934117356","0.703819819101985","0.336694010190356","0.9978","0.873993228661335","0.719480048482873","0.772299739726345","15_05"
"10.7735445740081","2.40912390566326","0.276133063482821","2.2774898321528","0.773544574008081","0.346355880203042","0.9878","0.999316706949981","0.858091253167597","0.995790523363448","15_05"
"10.5493740536519","2.67177337223989","0.228567836208802","3.2294033978874","0.549374053651887","0.347315959458373","1","0.755101123047595","0.476387145237212","0.608378869916288","15_05"
"10.7658346434409","2.38279983873704","0.279748765515305","2.36549569240308","0.765834643440945","0.342636905830255","0.9904","0.986264504104554","0.718121062407946","0.809561583008829","15_05"
"10.6014005385492","2.69641543080611","0.223385604736288","3.02530970994409","0.601400538549203","0.351045514322394","1","0.687322093259195","0.671647250837634","0.822402776603078","15_05"
"10.6604251844239","2.62750526881517","0.241140567563065","2.81665239199594","0.660425184423904","0.338429145845506","0.9996","0.843412353532007","0.713609956247568","0.716245272938323","15_05"
"10.6399306607895","2.697473383784","0.229058438606552","2.89763297368659","0.639930660789472","0.353964591214826","0.9996","0.850150256195516","0.809390906750899","0.685061108648372","15_05"
"10.7041918037025","2.44705150506725","0.267368866498967","2.63787914578004","0.704191803702465","0.329331159907813","0.997","0.89729470087366","0.552252443978256","0.732182762923404","15_05"
"10.7077859681336","2.52615659698439","0.25590511133451","2.62004199657819","0.707785968133637","0.337058815620534","0.9972","0.862455589358122","0.70658261096956","0.893455491533752","15_05"
"10.6547152919203","2.67138184897881","0.233976438268141","2.83202551357431","0.654715291920296","0.35349220899623","0.9996","0.855932303647635","0.775861097989639","0.698221898961772","15_05"
"10.692604446092","2.5433224821877","0.25383980266956","2.70078081846897","0.692604446091968","0.336305881695453","0.9988","0.83855576136731","0.65600844914826","0.798962487151599","15_05"
"10.5513300013475","2.74512855984071","0.218124451577332","3.23526408332482","0.551330001347465","0.356054051327403","1","0.642229735458921","0.561238428362012","0.751528126769292","15_05"
"10.750498528755","2.38076595603164","0.278264648280076","2.43785894096158","0.750498528755001","0.330395177905471","0.992","0.94553194356091","0.629017113494716","0.830288518650042","15_05"
"10.7205328749929","2.56778741967683","0.252190049621866","2.53857109074085","0.720532874992893","0.362684323667468","0.9964","0.8895283284385","0.931828763853272","0.985962153082579","15_05"
"10.5876925507742","2.62740214523925","0.234248414748854","3.07464819588461","0.587692550774189","0.343733561437386","1","0.715796724132729","0.490309158896967","0.712615909796919","15_05"
"10.7332525048935","2.4438858776125","0.269859843554048","2.50122388457181","0.733252504893491","0.333919089014626","0.9954","0.922365519434547","0.678248215116667","0.798681084594427","15_05"
"10.772090334385","2.10932337204925","0.311056969093443","2.29617677665532","0.772090334384978","0.283858831749355","0.9872","0.985203221606998","0.286255536494787","0.793537919428117","15_05"
"10.7331427900611","2.47244353607395","0.263972924315027","2.5154091630658","0.733142790061145","0.34526894377624","0.9948","0.959279915497835","0.753848931579651","0.744187761295209","15_05"
"10.6317402849161","2.68001459663165","0.228317869760505","2.90237411004179","0.631740284916081","0.343606388399007","0.9998","0.737054195490993","0.739013827360645","0.860467134623375","15_05"
"10.5294290974535","2.67906564876114","0.220267465584461","3.29256166774854","0.529429097453468","0.35318136451429","1","0.623685547578705","0.453605584174307","0.719167166854062","15_05"
"10.6881796484251","2.48549528472158","0.261810649309949","2.70818037838009","0.688179648425141","0.33031359621907","0.9986","0.891355730360805","0.546454936856485","0.702794912969694","15_05"
"10.772090334385","2.10932337204925","0.311056969093443","2.29617677665532","0.772090334384978","0.283858831749355","0.9872","0.985203221606998","0.286255536494787","0.793537919428117","15_05"
"10.6845979490157","2.59068574763065","0.245907130649118","2.72790760159572","0.68459794901565","0.351315555782165","0.9986","0.894512157827624","0.775278508674458","0.710676490190039","15_05"
"10.7234771089393","2.46020708556742","0.269499315609711","2.54447482983464","0.723477108939281","0.334570798805833","0.9956","0.9020461246802","0.6414767124286","0.794620429288722","15_05"
"10.5456612881486","2.73999441341819","0.216495708070257","3.22321207646946","0.545661288148608","0.355963719376873","1","0.714043199645052","0.538594000455773","0.646878553634955","15_05"
"10.7560736342823","2.02158720375561","0.321779989762483","2.34000532774278","0.756073634282273","0.262526037119838","0.9898","0.93912481926068","0.10212059924379","0.960393619811502","15_05"
"10.664513678218","2.58021129581759","0.24994490507892","2.81201532838394","0.664513678217971","0.334351403896393","0.9992","0.799524887548063","0.591544114702047","0.766243755103139","15_05"
"10.6308198201702","2.62557458231992","0.241247926354535","2.93199497831515","0.630819820170243","0.338684886225762","0.9998","0.744750972591058","0.611171026088565","0.779904800954874","15_05"
"10.6125474289926","2.64861828736115","0.234909363941109","3.00161581210585","0.612547428992646","0.344549177609497","1","0.721478784047992","0.601760547069099","0.767670404100176","15_05"
"10.7583015560282","2.32200385054548","0.285559067558729","2.40716040854832","0.758301556028244","0.326411039070096","0.9912","0.957536217714616","0.576432876609868","0.876792195702965","15_05"
"10.7379052536996","2.31767441649737","0.280723075396515","2.50209789829133","0.737905253699566","0.324244549233994","0.994","0.907659938489554","0.493815877635382","0.959126995634861","15_05"
"10.7605904967084","2.23976694119616","0.292839538297766","2.38179833810787","0.760590496708424","0.315546069619403","0.9912","0.958316953232586","0.471308084491794","0.806056605807098","15_05"
"10.7077859681336","2.52615659698439","0.25590511133451","2.62004199657819","0.707785968133637","0.337058815620534","0.9972","0.862455589358122","0.70658261096956","0.893455491533752","15_05"
"10.7077859681336","2.52615659698439","0.25590511133451","2.62004199657819","0.707785968133637","0.337058815620534","0.9972","0.862455589358122","0.70658261096956","0.893455491533752","15_05"
"10.7385734044753","2.42381486570844","0.274456228471018","2.4800022648876","0.738573404475309","0.334345896545134","0.9938","0.930994732266164","0.660178732850184","0.799299989439641","15_05"
"10.6666109666239","2.57109796092731","0.249047506396783","2.82533785394767","0.666610966623882","0.337068798411574","0.9994","0.783005172504431","0.608010425439613","0.855292155550951","15_05"
"10.7455313504497","2.47725745598636","0.264188276028672","2.44869458151851","0.745531350449729","0.344525550622372","0.9926","0.939075190109026","0.833910820535985","0.851181090583887","15_05"
"10.6565869186648","2.58216090029534","0.247240219277786","2.86064976300229","0.656586918664836","0.339436706798644","0.9994","0.79524714098642","0.588881344426913","0.75077924577972","15_05"
"10.7077859681336","2.52615659698439","0.25590511133451","2.62004199657819","0.707785968133637","0.337058815620534","0.9972","0.862455589358122","0.70658261096956","0.893455491533752","15_05"
"10.703819819102","2.53860111206153","0.255215094774615","2.64108934117356","0.703819819101985","0.336694010190356","0.9978","0.873993228661335","0.719480048482873","0.772299739726345","15_05"
"10.7234771089393","2.46020708556742","0.269499315609711","2.54447482983464","0.723477108939281","0.334570798805833","0.9956","0.9020461246802","0.6414767124286","0.794620429288722","15_05"
"10.6536976639911","2.62680297384552","0.242035119112308","2.84325212678453","0.6536976639911","0.341642534535249","0.9994","0.794744180072263","0.678957929775786","0.756157462395461","15_05"
"10.6183734230768","2.71190779463867","0.225201327826153","2.98486450962973","0.618373423076798","0.345243637077018","1","0.73441376374627","0.722984505478422","0.766298684693953","15_05"
"10.7735445740081","2.40912390566326","0.276133063482821","2.2774898321528","0.773544574008081","0.346355880203042","0.9878","0.999316706949981","0.858091253167597","0.995790523363448","15_05"
"10.7331427900611","2.47244353607395","0.263972924315027","2.5154091630658","0.733142790061145","0.34526894377624","0.9948","0.959279915497835","0.753848931579651","0.744187761295209","15_05"
"10.6600853815369","2.64245234950304","0.237654388949748","2.82723775949266","0.660085381536935","0.341069074704861","0.9996","0.844070143486393","0.728025601876286","0.711699064768581","15_05"
"10.5029183458845","2.7907327072057","0.20236045704067","3.38768611138876","0.502918345884456","0.362971715769895","1","0.716683631389775","0.554623322337996","0.47614038689062","15_05"
"10.7456480799354","2.40493705038898","0.277745252727939","2.45385419016727","0.74564807993537","0.334723416240275","0.9926","0.936902730729293","0.647086595761199","0.829669613804828","15_05"
"10.6881796484251","2.48549528472158","0.261810649309949","2.70818037838009","0.688179648425141","0.33031359621907","0.9986","0.891355730360805","0.546454936856485","0.702794912969694","15_05"
"10.645131144645","2.69272577830268","0.229806830617028","2.86463731415013","0.645131144644955","0.348266710573003","0.9996","0.84949246624113","0.794975261122181","0.689607316818114","15_05"
"10.772090334385","2.10932337204925","0.311056969093443","2.29617677665532","0.772090334384978","0.283858831749355","0.9872","0.985203221606998","0.286255536494787","0.793537919428117","15_05"
"10.772090334385","2.10932337204925","0.311056969093443","2.29617677665532","0.772090334384978","0.283858831749355","0.9872","0.985203221606998","0.286255536494787","0.793537919428117","15_05"
"10.6709822924513","2.62212952808078","0.242538112171457","2.78371390758304","0.67098229245129","0.339087223253269","0.9992","0.863317419563826","0.734039780838848","0.716192912913078","15_05"
"10.5860395027189","2.72648818806706","0.216832789137296","3.08890197641949","0.586039502718858","0.351968488540195","1","0.66265130485408","0.678095368577437","0.841540580852382","15_05"
"10.6913761339041","2.57969533057029","0.247985837240774","2.69144677158943","0.691376133904052","0.346625567809458","0.998","0.866608112745145","0.761301365633664","0.754328725775039","15_05"
"10.7077859681336","2.52615659698439","0.25590511133451","2.62004199657819","0.707785968133637","0.337058815620534","0.9972","0.862455589358122","0.70658261096956","0.893455491533752","15_05"
"10.5216502980533","2.90833370088078","0.186163868487342","3.30698964526819","0.521650298053335","0.376347437970992","1","0.577510603936389","0.844094501587353","0.917430339214937","15_05"
"10.6537095669302","2.60378448193273","0.246109140325162","2.85856658342534","0.653709566930183","0.340308800596707","0.9996","0.764307495518443","0.619429934597644","0.896372553892434","15_05"
"10.7453390030286","2.4674841193589","0.265246491555393","2.44844157799577","0.745339003028609","0.346004588657775","0.9934","0.935622480850767","0.806530843028977","0.852495223730485","15_05"
"10.7124256376429","2.52557884483507","0.256655437908103","2.59064714092442","0.712425637642941","0.349831311039171","0.9966","0.878857777900079","0.784978826942583","0.982154393329507","15_05"
"10.7405304444339","2.06725003240169","0.311903890719729","2.40357476634833","0.740530444433861","0.266688592688227","0.9932","0.903464101554333","0.129306000424549","0.868928285584892","15_05"
"10.3543287060602","2.7918272355316","0.189588197413167","3.85466096447948","0.354328706060151","0.378286937743133","1","0.357248281361535","0.348859365406352","0.851568810595466","15_05"
"10.6978162774955","2.55103248573647","0.254063754123425","2.67187792781606","0.697816277495455","0.33921755370065","0.998","0.870296800668415","0.721562403290024","0.767817945724112","15_05"
"10.6412545658052","2.67619588764287","0.230912393306835","2.88850205735551","0.641254565805204","0.342735254284261","0.9996","0.796696167453752","0.733764363540456","0.728252093270088","15_05"
"10.7560736342823","2.02158720375561","0.321779989762483","2.34000532774278","0.756073634282273","0.262526037119838","0.9898","0.93912481926068","0.10212059924379","0.960393619811502","15_05"
"10.65062002601","2.63195588876962","0.239040716619077","2.84195754476902","0.650620026009958","0.337807888392354","0.9994","0.773376092770679","0.709313264106176","0.82287025097365","15_05"
"10.7077859681336","2.52615659698439","0.25590511133451","2.62004199657819","0.707785968133637","0.337058815620534","0.9972","0.862455589358122","0.70658261096956","0.893455491533752","15_05"
"10.6066729919566","2.68425079338236","0.227291625839347","3.014008847489","0.606672991956648","0.348437109826623","1","0.6978686968837","0.650209548681839","0.804399229604294","15_05"
"10.772090334385","2.10932337204925","0.311056969093443","2.29617677665532","0.772090334384978","0.283858831749355","0.9872","0.985203221606998","0.286255536494787","0.793537919428117","15_05"
"10.649262214109","2.45108543431918","0.258559912899234","2.82575592213713","0.649262214109006","0.316783953038033","0.9996","0.754617921493522","0.419987132800145","0.835307763691926","15_05"
"10.7083493651769","2.53443487094449","0.255262551456148","2.61229403681478","0.70834936517694","0.344572589486507","0.997","0.870304540738065","0.759219010826512","0.829913498600945","15_05"
"10.6282046558145","2.66424697024302","0.230119370222","2.93315195643275","0.628204655814472","0.344474790583342","0.9998","0.729272556964153","0.678370785875828","0.829481400495372","15_05"
"10.7560736342823","2.02158720375561","0.321779989762483","2.34000532774278","0.756073634282273","0.262526037119838","0.9898","0.93912481926068","0.10212059924379","0.960393619811502","15_05"
"10.755820231996","2.35286471069966","0.284426859595267","2.4099627868528","0.755820231996024","0.330490593973334","0.9912","0.955049956460019","0.598015346995105","0.846090212602657","15_05"
"10.7735445740081","2.40912390566326","0.276133063482821","2.2774898321528","0.773544574008081","0.346355880203042","0.9878","0.999316706949981","0.858091253167597","0.995790523363448","15_05"
"10.7438144036667","2.42207722451345","0.276964767021287","2.46389559902246","0.74381440366667","0.334553027516326","0.9932","0.948414500131923","0.648828381265629","0.774770372767404","15_05"
"10.7605904967084","2.23976694119616","0.292839538297766","2.38179833810787","0.760590496708424","0.315546069619403","0.9912","0.958316953232586","0.471308084491794","0.806056605807098","15_05"
"10.7331427900611","2.47244353607395","0.263972924315027","2.5154091630658","0.733142790061145","0.34526894377624","0.9948","0.959279915497835","0.753848931579651","0.744187761295209","15_05"
"10.7352760169986","2.23556126831562","0.289133255463248","2.47938512305642","0.735276016998592","0.302843503230961","0.9946","0.910781950136409","0.35690720371203","0.791067286387059","15_05"
"10.7250375966912","2.37626439253067","0.274723654171139","2.55228035343156","0.725037596691217","0.327890918353521","0.9954","0.893236604967556","0.544363772272079","0.799770736588573","15_05"
"10.7656237356116","2.27090371867533","0.293771829447506","2.38199799319732","0.765623735611626","0.315908758068156","0.9908","0.968354694345884","0.513829047698303","0.818761304535616","15_05"
"10.7272899975183","2.51240497974098","0.257811723133621","2.53023804056463","0.72728999751834","0.348612981909943","0.9962","0.914398991970496","0.809722797807015","0.789684588835515","15_05"
"10.7668030836166","2.41544808172703","0.274861491999976","2.3285285411262","0.766803083616623","0.344963033204082","0.9892","0.986714055060121","0.847907572116229","0.929541274732398","15_05"
"10.637869660382","2.62911614948166","0.240639369835851","2.92665973494798","0.637869660381997","0.340472694925865","0.9998","0.744042843480022","0.621681666811859","0.798720589271254","15_05"
"10.7168525572253","2.51439475737045","0.258398304346191","2.56515039036956","0.716852557225347","0.348163507465467","0.9964","0.891284310883674","0.785489388362634","0.815825227523411","15_05"
"10.7439703058543","1.99430057546084","0.631354220567651","2.07782439625037","0.743970305854348","0.209188511384608","0.9776","0.5","0.4","0.75","05_10"
"10.7439703058543","1.99430057546084","0.631354220567651","2.07782439625037","0.743970305854348","0.209188511384608","0.9776","0.5","0.4","0.75","05_10"
"10.5021074003354","2.82982555476198","0.45888960444873","3.21459620376673","0.502107400335359","0.208385363454864","1","0.2655086631421","0.380035179434344","0.79423986072652","05_10"
"0.000135618183128217","0.0042394190272305","0.716818058962168","1.2486141337589e-05","0.000135618183128217","0.481382840236274","0.102","0.37212389963679","0.777445221319795","0.107943625887856","05_10"
"5.76709320188618","1.83100149222353","0.665501373276627","1.8800194447754","0.767093201886183","0.233598672682677","0.9438","0.572853363351896","0.934705231105909","0.723710946040228","05_10"
"0.000208882052663514","0.00559108285416809","0.747190768151849","1.94932004494164e-05","0.000208882052663514","0.47128050837474","0.2136","0.908207789994776","0.212142521282658","0.411274429643527","05_10"
"10.4069977237306","3.04420460321254","0.40638440592064","3.59251629953892","0.406997723730638","0.216440968013021","1","0.201681931037456","0.651673766085878","0.820946294115856","05_10"
"5.53648669763161","0.624334467203425","0.813845607793281","1.16880100120461","0.536486697631613","0.319467574999874","0.6512","0.898389684967697","0.125555095961317","0.647060193819925","05_10"
"5.57778736581378","0.522515489696246","0.882902130890261","1.24558012244209","0.577787365813783","0.318493969730946","0.7146","0.944675268605351","0.267220668727532","0.78293276228942","05_10"
"0.366073054349037","0.31983847518534","0.713011730211222","0.793490780390282","0.366073054349037","0.396148306390969","0.499","0.660797792486846","0.386114092543721","0.553036311641335","05_10"
"0.0513250851529821","0.0300739775803437","0.70275065149926","0.106132619580027","0.0513250851529821","0.436686536234107","0.45","0.62911404389888","0.0133903331588954","0.529719580197707","05_10"
"10.1384881069235","3.36834053730737","0.349075895233422","4.55945733312128","0.138488106923469","0.21808832526795","1","0.0617862704675645","0.382387957070023","0.789356231689453","05_10"
"0.000131916256664787","0.00416727460289792","0.713673641541685","1.2195245214482e-05","0.000131916256664787","0.482036171490228","0.092","0.205974574899301","0.86969084572047","0.023331202333793","05_10"
"0.000428930055760677","0.00814870427241662","0.59951834463669","3.98269446482025e-05","0.000428930055760677","0.45194936012564","0.396","0.176556752528995","0.34034899668768","0.477230065036565","05_10"
"5.77803864599095","1.31498994190177","0.754188889123932","1.59876832119296","0.778038645990951","0.230176576535428","0.8662","0.687022846657783","0.482080115471035","0.7323137386702","05_10"
"10.6251553585038","2.43084785323571","0.537315733026705","2.55194069983982","0.625155358503794","0.216075272916316","0.958","0.384103718213737","0.599565825425088","0.692731556482613","05_10"
"0.000428930055760677","0.00814870427241662","0.733383490895905","3.98269446482025e-05","0.000428930055760677","0.462243978072394","0.3226","0.769841419998556","0.493541307048872","0.477619622135535","05_10"
"10.7660847433114","1.93768635176055","0.64458340179037","1.9867457196149","0.766084743311442","0.202644695865185","0.984","0.497699242085218","0.186217601411045","0.8612094768323","05_10"
"0.000256039473869555","0.00624826612561135","0.732415388105746","2.33571875497768e-05","0.000256039473869555","0.466997064620411","0.2826","0.717618508264422","0.827373318606988","0.438097107224166","05_10"
"0.000145374722279852","0.0044576848619946","0.745649496045648","1.33229532897505e-05","0.000145374722279852","0.482036171490228","0.1096","0.991906094830483","0.668466738192365","0.244797277031466","05_10"
"0.000135618183128217","0.0042394190272305","0.707766226800317","1.2486141337589e-05","0.000135618183128217","0.481382840236274","0.104","0.1","0.1","0.1","05_10"
"0.000140065256977558","0.00435596819921063","0.702424263742795","1.29402978759984e-05","0.000140065256977558","0.480076067064619","0.126","0.2","0.2","0.2","05_10"
"0.000154118106751226","0.00463351974994446","0.696593599264561","1.4054550915614e-05","0.000154118106751226","0.475893432498323","0.1706","0.3","0.3","0.3","05_10"
"0.000196233147256197","0.00542478833492053","0.686897866335647","1.8217988236182e-05","0.000196233147256197","0.467280505745326","0.2658","0.4","0.4","0.4","05_10"
"0.000782146595351256","0.0103457927858313","0.680164632856108","7.11902381484809e-05","0.000782146595351256","0.44492365454552","0.4272","0.5","0.5","0.5","05_10"
"5.60918078439904","1.13565265161874","0.685051318627608","1.54345621226498","0.609180784399044","0.276565380180935","0.6566","0.6","0.6","0.6","05_10"
"5.76391866397061","1.35508843453931","0.744766898704409","1.54111930171737","0.763918663970612","0.248838259223863","0.8448","0.7","0.7","0.7","05_10"
"5.76533055551042","1.00363682699798","0.822622333800983","1.31053567313529","0.765330555510415","0.280923421137432","0.8068","0.8","0.8","0.8","05_10"
"5.66429418717766","0.583352705570409","0.86728624486179","1.19625625140384","0.664294187177659","0.348184039118228","0.7338","0.9","0.9","0.9","05_10"
"5.57976691773367","0.32741146398222","0.914114866322551","1.19442684009065","0.579766917733668","0.441608031184815","0.7168","1","1","1","05_10"
"10.6590642884941","2.38965292660175","0.550937540332654","2.52787583297329","0.659064288494076","0.2038681241364","0.9988","0.378914354211549","0.244401454972276","0.859420256603725","05_10"
"5.7798226078665","1.63816730286619","0.699371870530958","1.7797013220267","0.779822607866498","0.227115905552478","0.92","0.611278469495958","0.657208257283713","0.730692219192293","05_10"
"10.7829148455786","1.78942995978442","0.672672210425324","1.86433142845174","0.782914845578568","0.207927662466534","0.9706","0.534764893259853","0.427073439443484","0.858126566559076","05_10"
"10.7660847433114","1.93768635176055","0.64458340179037","1.9867457196149","0.766084743311442","0.202644695865185","0.984","0.497699242085218","0.186217601411045","0.8612094768323","05_10"
"10.6251553585038","2.43084785323571","0.537315733026705","2.55194069983982","0.625155358503794","0.216075272916316","0.958","0.384103718213737","0.599565825425088","0.692731556482613","05_10"
"5.53648669763161","0.624334467203425","0.813845607793281","1.16880100120461","0.536486697631613","0.319467574999874","0.6512","0.898389684967697","0.125555095961317","0.647060193819925","05_10"
"5.76709320188618","1.83100149222353","0.665501373276627","1.8800194447754","0.767093201886183","0.233598672682677","0.9438","0.572853363351896","0.934705231105909","0.723710946040228","05_10"
"5.68775089375276","0.751770040112394","0.821886829991695","1.29962671014889","0.687750893752761","0.301610451242323","0.7492","0.886183209937575","0.445887370056468","0.690060427974495","05_10"
"10.7439703058543","1.99430057546084","0.631354220567651","2.07782439625037","0.743970305854348","0.209188511384608","0.9776","0.5","0.4","0.75","05_10"
"10.6561506858812","2.40881229303355","0.544718099785597","2.58796558010136","0.65615068588117","0.204587522389186","0.9986","0.38429355101577","0.321851325873113","0.796029080955096","05_10"
"10.3983418047756","3.02231642472095","0.410466126415127","3.58174770844966","0.3983418047756","0.218048965822776","0.976","0.20058101158827","0.592284189196255","0.707000683195269","05_10"
"10.6251553585038","2.43084785323571","0.537315733026705","2.55194069983982","0.625155358503794","0.216075272916316","0.958","0.384103718213737","0.599565825425088","0.692731556482613","05_10"
"10.5348004698849","2.75879228533479","0.475428175103603","3.10804281315907","0.534800469884948","0.209068202258661","1","0.28956442962439","0.43617416759863","0.785710546666954","05_10"
"5.78594944309789","1.09899128382551","0.805675839830895","1.37268565950008","0.785949443097886","0.276623273471768","0.8276","0.770479537114145","0.858668312056846","0.797051988593273","05_10"
"5.64628658750433","0.761292616887601","0.807867689378182","1.29109036827877","0.646286587504332","0.300130261799471","0.7042","0.858244338426939","0.386361443610018","0.659600090704708","05_10"
"0.000144676706307276","0.00444595413216186","0.72459642877124","1.3262891525569e-05","0.000144676706307276","0.479139044413099","0.1344","0.481786422706879","0.2714824820267","0.234661261551082","05_10"
"10.6048529474571","2.54906170976843","0.517536176290538","2.64600139047752","0.604852947457129","0.211716651764159","0.9666","0.360047951731447","0.543426837260803","0.70126087054218","05_10"
"5.78274994952871","1.26526685289002","0.765164212465214","1.51824992764611","0.782749949528705","0.233928459529652","0.8622","0.70752715940787","0.571089465326595","0.740737329755284","05_10"
"10.7660847433114","1.93768635176055","0.64458340179037","1.9867457196149","0.766084743311442","0.202644695865185","0.984","0.497699242085218","0.186217601411045","0.8612094768323","05_10"
"10.759390111023","1.83111384865327","0.664370007199886","1.90377999220114","0.759390111023025","0.206915042358758","0.9594","0.540145346540758","0.139193652351299","0.737460103115217","05_10"
"5.77343190583209","1.70722670057658","0.685968486611304","1.81415486332843","0.773431905832093","0.237174071717004","0.9292","0.602373826237752","0.876036919049063","0.726658957446955","05_10"
"5.72201270640052","0.806304862189301","0.833748951364622","1.28744211047244","0.722012706400518","0.316892078876598","0.7704","0.865235106740147","0.872926560556516","0.791873433440924","05_10"
"5.78749291406289","1.15909129526764","0.801464018168138","1.39411910680258","0.787492914062892","0.228633872628221","0.8412","0.728397509040572","0.375773366135177","0.790102586264999","05_10"
"10.6129906054187","2.50895567012825","0.520588527464965","2.74167957127495","0.612990605418728","0.205848667672699","0.9986","0.354230193646142","0.422826922150631","0.763547641534227","05_10"
"10.7281971950237","2.10849505572113","0.609888681436704","2.15213079189925","0.728197195023709","0.221871502209727","0.9852","0.485733575153084","0.795180364036897","0.7592049870449","05_10"
"10.6108845835735","2.52290026015553","0.518984909878831","2.75338068181861","0.610884583573525","0.207029289592348","0.9992","0.352628451340913","0.431016370421275","0.758745819721848","05_10"
"0.000166475012319928","0.00483159899029267","0.714724417917364","1.51216239934999e-05","0.000166475012319928","0.473198401389867","0.1874","0.461205258879295","0.390103767873768","0.325278303353116","05_10"
"0.000293963462481924","0.0069270814528599","0.733585728623271","2.63190171905378e-05","0.000293963462481924","0.459593807859967","0.3074","0.709047426714984","0.248335266697225","0.453527740339232","05_10"
"10.6251553585038","2.43084785323571","0.537315733026705","2.55194069983982","0.625155358503794","0.216075272916316","0.958","0.384103718213737","0.599565825425088","0.692731556482613","05_10"
"5.78801183409232","1.55507505481275","0.715335982175426","1.6699889687841","0.788011834092315","0.214863833224942","0.911","0.621251827411218","0.295697028826025","0.734926989016749","05_10"
"10.6251553585038","2.43084785323571","0.537315733026705","2.55194069983982","0.625155358503794","0.216075272916316","0.958","0.384103718213737","0.599565825425088","0.692731556482613","05_10"
"5.76510663532425","1.19059888954184","0.779318891119139","1.45813309738523","0.765106635324251","0.23867646621243","0.8246","0.731849031273697","0.364128849390831","0.709966393178016","05_10"
"5.64513444242051","0.654063584679173","0.872354099562444","1.25855726995808","0.645134442420514","0.292373898588376","0.7408","0.894022115837601","0.252255256470843","0.764530704151195","05_10"
"10.6251553585038","2.43084785323571","0.537315733026705","2.55194069983982","0.625155358503794","0.216075272916316","0.958","0.384103718213737","0.599565825425088","0.692731556482613","05_10"
"10.6272138863356","2.49140796322306","0.527261596036903","2.72028764465022","0.627213886335566","0.205739837678351","0.9994","0.364449635648327","0.378224246704502","0.785608559705873","05_10"
"10.6664528335446","2.36946245583654","0.555729111664961","2.49598593429914","0.66645283354455","0.20348977892607","0.9984","0.385382304565186","0.259775297001387","0.85927701364859","05_10"
"10.6284949233973","2.48923884921495","0.530857330783293","2.58316520435563","0.628494923397304","0.20894512508035","0.974","0.37416306092552","0.53865420397355","0.709083614972473","05_10"
"10.7528423524772","1.9318243697176","0.654141002229955","1.95597869652825","0.752842352477151","0.212280457902864","0.9512","0.53653359090253","0.526320742524072","0.719063348528665","05_10"
"10.7052735748679","2.23487145694889","0.585677946519469","2.31942060010965","0.705273574867864","0.205210213488782","0.9938","0.437959003200504","0.310717780178747","0.793947925409922","05_10"
"5.73300049565621","1.51024130911833","0.709624020123806","1.69836517222409","0.733000495656213","0.234255653860896","0.8396","0.634861477720674","0.539126892236894","0.670047198278668","05_10"
"10.7576358740606","2.00296693167863","0.63129764532848","2.06881139653303","0.757635874060603","0.204455863749595","0.9854","0.485878057777804","0.239009725127818","0.834346736848276","05_10"
"10.7495123659469","1.93944935055191","0.635749950308456","2.03252644047774","0.749512365946918","0.209947362212589","0.9756","0.510688858169011","0.3440839200923","0.745662778481787","05_10"
"10.7818089806924","1.84923837904261","0.663160774315007","1.91591034306831","0.781808980692423","0.202977428899733","0.977","0.519550056650135","0.311474960525178","0.858605543731286","05_10"
"10.7395286797416","2.06794340122763","0.611728131064166","2.14309789013795","0.739528679741596","0.213161404263157","0.9886","0.474998002732041","0.637323111951789","0.828125252913245","05_10"
"5.75549692072438","1.89833692373817","0.662814534114283","1.91814028878501","0.755496920724383","0.215426524446329","0.9424","0.548789404600373","0.563135418492363","0.713250223823243","05_10"
"10.7580364007902","1.92849344943636","0.646491650427825","2.02678990034662","0.758036400790178","0.207325512271049","0.9742","0.515194820975465","0.2642866003042","0.761987222882773","05_10"
"10.709948112092","2.10084061788659","0.60609388500721","2.19638392077808","0.70994811209196","0.209030506688087","0.9588","0.468821954722425","0.368942111727042","0.708595196970698","05_10"
"10.7660847433114","1.93768635176055","0.64458340179037","1.9867457196149","0.766084743311442","0.202644695865185","0.984","0.497699242085218","0.186217601411045","0.8612094768323","05_10"
"5.73856442350225","1.53027224722618","0.711979758506467","1.67284011920968","0.738564423502252","0.217724053499243","0.845","0.62357615897847","0.129855040985226","0.678273866083437","05_10"
"10.7772559640475","1.87213633917623","0.656652023645382","1.94178109915137","0.777255964047471","0.202563437448489","0.9794","0.512914078694937","0.30181608032935","0.86073049966009","05_10"
"5.78170770181658","1.67905757260816","0.689380299929803","1.80183146866976","0.78170770181658","0.231086113201028","0.923","0.608776870424588","0.813461626939936","0.728860642511808","05_10"
"5.80534792683795","1.63645523724171","0.703336949446862","1.72893367511396","0.805347926837947","0.209808740637481","0.949","0.576006242526207","0.332090975440242","0.845106038825671","05_10"
"10.7466978952849","1.97534238488993","0.638959404510911","2.01048908001457","0.746697895284904","0.213395187901407","0.9622","0.518785706538944","0.551380884095035","0.72874797647422","05_10"
"5.77030647801788","1.79600382994082","0.672692639368963","1.87863667668097","0.770306478017877","0.227869517039865","0.9422","0.575354962423266","0.778451861449686","0.725542522720713","05_10"
"5.77154688566063","1.74615529002193","0.680257954268715","1.82743095262252","0.771546885660632","0.212354267459774","0.9466","0.567586375226484","0.306830574520391","0.737008144561923","05_10"
"5.72801030696414","1.13956748902901","0.768004240379008","1.44367574380578","0.728010306964145","0.243600937411124","0.7812","0.732765078170668","0.249073205625651","0.67263207593373","05_10"
"10.6425199382169","2.43151729434939","0.538159918231932","2.61488314995889","0.64251993821688","0.20515521509268","0.9992","0.364799245017476","0.249174088259528","0.851597512173432","05_10"
"10.7829148455786","1.78942995978442","0.672672210425324","1.86433142845174","0.782914845578568","0.207927662466534","0.9706","0.534764893259853","0.427073439443484","0.858126566559076","05_10"
"10.7242215402839","2.08930889467083","0.607082271608653","2.20451789300436","0.72422154028395","0.209455615433971","0.9868","0.466547131166174","0.349269226560289","0.765480104717937","05_10"
"10.7467781705772","1.95803800407469","0.635824273938354","2.0515884686834","0.746778170577187","0.211380986230247","0.9782","0.510435271093212","0.48339994485863","0.755051547533338","05_10"
"10.7526818381029","1.91740682166867","0.64867614171691","1.97710172759227","0.752681838102858","0.211581430635037","0.9586","0.531743332099189","0.504891301291401","0.725834464606572","05_10"
"10.6932997767952","2.25194583722811","0.576453367396612","2.38997764158854","0.693299776795234","0.206007672348436","0.9934","0.428750636695052","0.346462686009751","0.77473503022138","05_10"
"10.7329456593311","2.09996111799507","0.611924720743125","2.16051393241094","0.732945659331068","0.203503777746066","0.9902","0.46206672595297","0.26729116480877","0.832730715970134","05_10"
"10.7651016627958","1.92041339998004","0.647028528119546","2.01637719767983","0.765101662795806","0.202784424021148","0.9844","0.497659401429205","0.204208410235241","0.85296914992938","05_10"
"10.7193730474191","2.19479810349796","0.584246949567846","2.27968442540397","0.71937304741913","0.223837202624585","0.9932","0.448702701162507","0.894768048776314","0.826723529907493","05_10"
"10.7829148455786","1.78942995978442","0.672672210425324","1.86433142845174","0.782914845578568","0.207927662466534","0.9706","0.534764893259853","0.427073439443484","0.858126566559076","05_10"
"10.699808341912","2.23720360952858","0.575772313465023","2.38501485031442","0.699808341911989","0.209306312394791","0.9936","0.433750849705428","0.475884077051246","0.781597845211795","05_10"
"10.7081871515938","2.1788728354451","0.591965826684678","2.29575303464014","0.70818715159384","0.207271523523381","0.9902","0.446387857122286","0.375845480787051","0.75653630796628","05_10"
"10.7341637283706","2.05288965375267","0.625455314612612","2.09186134605387","0.734163728370646","0.21344161925898","0.9682","0.498726472038471","0.555696771125545","0.729131840529523","05_10"
"10.6947374423112","2.21046559525559","0.588514717918733","2.27399857130914","0.69473744231124","0.208999402063964","0.9708","0.442381483965462","0.279246860273959","0.715062179011828","05_10"
"10.6915750468325","2.25687942023026","0.578691107073922","2.32202936711629","0.691575046832473","0.211855678190677","0.9764","0.435321836476319","0.55449407569442","0.719221666877287","05_10"
"10.7463745811377","1.92993811934735","0.642991615173904","2.0149209304041","0.746374581137693","0.209356050563861","0.9688","0.515479116972352","0.36551336132497","0.738891662403879","05_10"
"10.7427515366985","1.92100756570838","0.645213228080987","1.99996981598191","0.742751536698476","0.205314975523943","0.9596","0.51942314831203","0.360900776535873","0.728226629704778","05_10"
"10.786495000778","1.79020174649011","0.672521788958355","1.85368639793005","0.786495000778036","0.204549946508529","0.9702","0.534513641085816","0.37136748998177","0.858439814938099","05_10"
"10.7180118303718","2.18657135023424","0.588591982526554","2.27546096548324","0.718011830371771","0.207508996750944","0.9954","0.439421476333493","0.506536566562175","0.838878854303086","05_10"
"0.000196233147256197","0.00542478833492053","0.685750925644257","1.8217988236182e-05","0.000196233147256197","0.467108509317579","0.2656","0.395812517268478","0.527268999158173","0.399409950012341","05_10"
"10.6903117537189","2.30047811716674","0.562544856342547","2.43661366887758","0.690311753718936","0.21051272466361","0.9964","0.413060373912255","0.593924689674035","0.822417246151468","05_10"
"10.7366590792546","2.0889936777853","0.620746359693165","2.16484046087864","0.736659079254562","0.205243445595583","0.9872","0.475134359815802","0.269586970577266","0.801571132350705","05_10"
"10.7433658300058","2.08379793288121","0.615967525211125","2.14120758877619","0.743365830005759","0.212931521947249","0.989","0.475037843388054","0.619332303127592","0.836365579816166","05_10"
"10.7399813166549","2.0893760994105","0.615488513739754","2.20413249951139","0.739981316654923","0.211799287791869","0.9864","0.479562694822463","0.545445006729008","0.789218254676418","05_10"
"10.7818089806924","1.84923837904261","0.663160774315007","1.91591034306831","0.781808980692423","0.202977428899733","0.977","0.519550056650135","0.311474960525178","0.858605543731286","05_10"
"10.7519009226237","1.93566218548597","0.646202023109507","1.98805629123039","0.751900922623659","0.213853057702043","0.9658","0.527799300759511","0.509503886080498","0.736499497305673","05_10"
"10.7358558311337","1.98451935252457","0.633313662406233","2.05434589344349","0.735855831133745","0.209418784382296","0.9658","0.505808237561335","0.432714575194538","0.728440876890221","05_10"
"10.6788782142027","2.32836910769526","0.564167348991183","2.4641097333732","0.678878214202741","0.203820647819977","0.9962","0.403195070280951","0.273815111729838","0.81593178147099","05_10"
"10.7051376983152","2.15797511849359","0.599815577660411","2.2038891010742","0.705137698315196","0.216558620539365","0.9526","0.467567588276361","0.596452633825703","0.702257866079547","05_10"
"10.6995971229481","2.20682681932349","0.578053209893716","2.33239596190224","0.699597122948077","0.208356487598873","0.991","0.439305916651127","0.481194258139564","0.761639868365272","05_10"
"5.72536678744191","1.95778713946437","0.634953235731022","2.04094056406557","0.725366787441911","0.209414876485936","0.9432","0.506412474848276","0.26067725663525","0.702794912969694","05_10"
"10.6994105407847","2.2504829462261","0.578211039557207","2.36391479003401","0.69941054078474","0.204208121367971","0.9956","0.420146237484739","0.296677965450295","0.837293157587523","05_10"
"10.7768160348409","1.8863506069546","0.656061749263721","1.94078208001193","0.77681603484088","0.203086648708533","0.98","0.513165330868974","0.357522029791064","0.860417251281068","05_10"
"10.6563642695394","2.36277954031751","0.550317377513123","2.527676972876","0.656364269539381","0.204963130365815","0.9966","0.394164650692376","0.263384640670336","0.767242652692105","05_10"
"10.6734464163564","2.33229814661059","0.556300614435097","2.48620707671097","0.673446416356401","0.204522712931625","0.9972","0.395708272035917","0.284202538433726","0.825511928880587","05_10"
"10.7074256435176","2.2261251940042","0.586116962816039","2.30855841921944","0.707425643517605","0.206081713185197","0.9934","0.440513079902106","0.418647982401373","0.795024388283338","05_10"
"10.7380328538723","2.07314147228931","0.612929836813364","2.16985231741758","0.738032853872348","0.20726697666109","0.989","0.467765958205761","0.443889576267","0.827807815438399","05_10"
"10.6826380357159","2.27598387306631","0.580153772690661","2.36775704982845","0.682638035715874","0.20814524963464","0.9814","0.430249578655207","0.451619763154168","0.723165259267198","05_10"
"10.7427515366985","1.92100756570838","0.645213228080987","1.99996981598191","0.742751536698476","0.205314975523943","0.9596","0.51942314831203","0.360900776535873","0.728226629704778","05_10"
"10.7065132279413","2.20046174774616","0.583951880088253","2.33057233549054","0.706513227941289","0.208278625628521","0.9926","0.441651455871973","0.463657150837626","0.774556259619953","05_10"
"10.7773038720351","1.86966018794577","0.659025403389076","1.93404814197574","0.777303872035122","0.202172198966266","0.979","0.514872946434425","0.312671091252588","0.858694057518339","05_10"
"10.7692246198786","1.88768196386839","0.661755926399918","1.97349474024237","0.769224619878648","0.207805956744061","0.9758","0.51972096201687","0.398357933359791","0.814564603583799","05_10"
"10.7043990734882","2.18891652934851","0.581444570089943","2.34738540044734","0.704399073488159","0.211525879933985","0.9924","0.443820533143961","0.577678994681498","0.771855982889158","05_10"
"10.6950869830569","2.22825228120741","0.577081053461941","2.35383614781313","0.695086983056894","0.207566236227057","0.9924","0.434195204702988","0.46368282126298","0.759543441862108","05_10"
"10.7829148455786","1.78942995978442","0.672672210425324","1.86433142845174","0.782914845578568","0.207927662466534","0.9706","0.534764893259853","0.427073439443484","0.858126566559076","05_10"
"10.6919376111232","2.23742972001949","0.584366754547918","2.30639796339839","0.691937611123157","0.207081142181829","0.9734","0.435697559835253","0.383474305305853","0.716424211785355","05_10"
"10.7247156370327","2.16006610992065","0.607184508064833","2.22258699770686","0.724715637032748","0.208170529268384","0.9898","0.46143178836527","0.404560986870744","0.800098270941558","05_10"
"10.7023726001704","2.20289815135552","0.580352420190571","2.33322317632518","0.702372600170447","0.206993213055678","0.991","0.438487250955741","0.388072407000671","0.763577893558122","05_10"
"10.6979531944226","2.23615504167184","0.574587429615037","2.34475188340011","0.6979531944226","0.209784618290288","0.9928","0.435885212686348","0.544523070414623","0.765609794942739","05_10"
"10.6912099916112","2.26330801257075","0.570964478217468","2.39442036614792","0.691209991611162","0.205151522668302","0.9944","0.414478616823579","0.283027304929711","0.824197836963913","05_10"
"10.7392021110901","2.07402463942065","0.616806955829502","2.14505070358737","0.739202111090075","0.206324972581697","0.99","0.464821196178281","0.35418607979824","0.857103174109032","05_10"
"10.7776018700508","1.87449493850777","0.659896373777145","1.92291393297648","0.777601870050841","0.203424691805389","0.9772","0.517842441084683","0.356325899063655","0.860328737494016","05_10"
"10.6991522169707","2.19550914178445","0.593469209274207","2.28751763355943","0.699152216970718","0.210579380517676","0.9774","0.449653369147756","0.454689587134551","0.723619943389595","05_10"
"10.7671666801699","1.93564368348092","0.647325506899689","2.01103147543891","0.767166680169944","0.209010608304662","0.981","0.509226916752325","0.499343885374214","0.837303700207189","05_10"
"10.6857071445187","2.27898333228197","0.565974026294534","2.45189266740443","0.685707144518652","0.204766983124258","0.9952","0.418602616141198","0.275860067686905","0.780977359599058","05_10"
"10.6894667236592","2.29224416664971","0.568263783663713","2.41711401350268","0.68946672365919","0.205326940253126","0.996","0.408862690942111","0.287465772250422","0.8290271020946","05_10"
"10.7067075884066","2.23437584686925","0.581133162188016","2.33478908688723","0.706707588406649","0.210168225853083","0.994","0.438858100123464","0.516507571841972","0.792490726237633","05_10"
"0.00110834731081803","0.0113949614952503","0.669765806059914","9.37909944967111e-05","0.00110834731081803","0.440766802690734","0.449","0.477094771385744","0.349798636002576","0.511992958607152","05_10"
"10.6938159606617","2.21246845970534","0.587422507518615","2.28922618761999","0.693815960661724","0.209626973424943","0.9736","0.442005760606528","0.450266630662525","0.71785963410376","05_10"
"10.7090254984745","2.18172974148902","0.586940371990574","2.31896744548724","0.709025498474529","0.206333795951943","0.9922","0.445943502124726","0.388046736575317","0.778590711315968","05_10"
"10.7481540089545","2.01261651284223","0.633001098734763","2.10610031482438","0.748154008954544","0.20773751166288","0.9848","0.489885834720273","0.357576081879972","0.810520098200515","05_10"
"10.7191863955334","2.11850383093319","0.597558464021692","2.23617554127718","0.719186395533425","0.211333761279099","0.989","0.463168531465894","0.52531020570638","0.769280737493474","05_10"
"10.7427515366985","1.92100756570838","0.645213228080987","1.99996981598191","0.742751536698476","0.205314975523943","0.9596","0.51942314831203","0.360900776535873","0.728226629704778","05_10"
"10.786495000778","1.79020174649011","0.672521788958355","1.85368639793005","0.786495000778036","0.204549946508529","0.9702","0.534513641085816","0.37136748998177","0.858439814938099","05_10"
"10.5369170689679","2.75953164374625","0.475839589916905","3.07862888329976","0.536917068967905","0.206417715701447","1","0.289980886038393","0.418647982401373","0.795024388283338","05_10"
"10.7001590053427","2.2589801170886","0.577905161424276","2.3753681995497","0.700159005342723","0.205335063750325","0.9944","0.423822865532884","0.305879390181842","0.813682986018479","05_10"
"10.786495000778","1.79020174649011","0.672521788958355","1.85368639793005","0.786495000778036","0.204549946508529","0.9702","0.534513641085816","0.37136748998177","0.858439814938099","05_10"
"10.7266127329989","2.07058786637336","0.615519484314447","2.13682863413651","0.726612732998856","0.21138990930228","0.973","0.484457218737428","0.478010961016323","0.730286719895757","05_10"
"0.000138786131147465","0.00432800912843464","0.72459642877124","1.26487763772772e-05","0.000138786131147465","0.480312844809411","0.1122","0.460066212417524","0.313227426560304","0.166742393514141","05_10"
"10.7223640016779","2.12243074706241","0.606288715254467","2.1914760364746","0.722364001677901","0.213177062000677","0.9854","0.47326553284154","0.561865618853091","0.753235627759185","05_10"
"10.786495000778","1.79020174649011","0.672521788958355","1.85368639793005","0.786495000778036","0.204549946508529","0.9702","0.534513641085816","0.37136748998177","0.858439814938099","05_10"
"10.6885648782698","2.24122842363134","0.585423764074447","2.3127367064584","0.688564878269835","0.207681871321783","0.974","0.434802203500311","0.434675708518198","0.717192135758827","05_10"
"10.7677393241845","1.85488624131331","0.657353647783445","1.94977058371794","0.767739324184499","0.20754973059227","0.9736","0.526373916189527","0.450134709376459","0.820178812815397","05_10"
"10.6866873679607","2.24467660355867","0.572853384296896","2.38662112665873","0.686687367960693","0.206447590458111","0.9924","0.424894330710156","0.325166134802503","0.764628711100572","05_10"
"10.7076468691944","2.19121829514557","0.586719946479851","2.3299968674921","0.707646869194365","0.208303604709568","0.9924","0.442555411804219","0.403675891250985","0.779673646274811","05_10"
"10.7272118390506","2.07695179343005","0.608460112538364","2.18765689351454","0.727211839050574","0.209634307617042","0.986","0.470851142260951","0.427412885934174","0.763549704751761","05_10"
"10.7292597563173","2.12010186849042","0.605307908707114","2.25721692578866","0.729259756317288","0.209105867469976","0.9882","0.467160939562223","0.401696327677961","0.78663490141801","05_10"
"10.7109911566613","2.20886596989889","0.588735996101916","2.2948741048604","0.710991156661346","0.205907020707686","0.9938","0.443901170222613","0.403018827725705","0.793941453324495","05_10"
"10.7121202824059","2.2193063658903","0.593329922562352","2.30943765357877","0.712120282405948","0.206401641175232","0.9932","0.442586181773314","0.440621551330004","0.797491195605787","05_10"
"10.7432697392036","2.06187776816481","0.624307535466975","2.13719210280929","0.743269739203643","0.208726676586749","0.9856","0.485056312672108","0.451063427846452","0.801412143722228","05_10"
"10.6887007001156","2.26439117347432","0.572231929395368","2.38900913490815","0.68870070011561","0.206386395868541","0.9918","0.424958462956234","0.376195369317899","0.749017215179683","05_10"
"10.7451998293895","1.92735721783715","0.639528216925603","2.01648899003946","0.745199829389475","0.210398593967883","0.9706","0.513693997115077","0.363765435728656","0.741689999228326","05_10"
"10.7192061320742","2.07429598720794","0.612900457769839","2.15813091968581","0.719206132074201","0.210738738317269","0.9736","0.477460166585233","0.366140159504563","0.728656718217089","05_10"
"10.6710028897857","2.29198413992841","0.563273226489753","2.43178397753196","0.671002889785669","0.206961147732542","0.9886","0.415289404064434","0.433206145222748","0.73850937534332","05_10"
"10.7587981955981","1.96021862606096","0.642789960145986","2.05158823512494","0.758798195598121","0.207185503386931","0.9782","0.509007434425453","0.318761946663081","0.787795755568119","05_10"
"10.7191863955334","2.11850383093319","0.597558464021692","2.23617554127718","0.719186395533425","0.211333761279099","0.989","0.463168531465894","0.52531020570638","0.769280737493474","05_10"
"10.7645287829223","1.91105837251195","0.648096309108546","1.98247617879351","0.764528782922272","0.206642915274518","0.9806","0.509140293820852","0.396755342174354","0.831879236821823","05_10"
"10.6896462066086","2.31141214029869","0.568505455571351","2.41538198750633","0.689646206608651","0.204586627202407","0.9962","0.408949313873585","0.390054315450283","0.834451565479966","05_10"
"10.6836427046841","2.25813337169779","0.583460002082726","2.34574938527378","0.683642704684136","0.207727336918236","0.9806","0.431144934990149","0.400418359941824","0.722397335293726","05_10"
"10.7829148455786","1.78942995978442","0.672672210425324","1.86433142845174","0.782914845578568","0.207927662466534","0.9706","0.534764893259853","0.427073439443484","0.858126566559076","05_10"
"10.7773038720351","1.86966018794577","0.659025403389076","1.93404814197574","0.777303872035122","0.202172198966266","0.979","0.514872946434425","0.312671091252588","0.858694057518339","05_10"
"10.7336352854983","2.03385184153381","0.617258669277908","2.14635293694894","0.733635285498331","0.208808394845189","0.9834","0.480450232682538","0.382833024031981","0.763147805045811","05_10"
"10.7370739833099","2.02850755366528","0.621806137831498","2.11202065639629","0.737073983309937","0.209543469511217","0.9802","0.489978148614451","0.37671415236428","0.746846984834752","05_10"
"10.6898942105912","2.29955243327257","0.573154644096516","2.41068297493825","0.689894210591158","0.205332651135347","0.9954","0.419769732522552","0.35845169876598","0.798345881051428","05_10"
"10.744886511269","1.92571625308115","0.64054108528732","2.03881281424177","0.744886511268995","0.205934545948714","0.9764","0.506301725432392","0.10212059924379","0.768618842573702","05_10"
"10.7203653755468","2.10923230074023","0.598933752646307","2.22433430541808","0.720365375546758","0.209201563793783","0.9888","0.461342235510466","0.404472742457768","0.766909605465928","05_10"
"10.711796906668","2.18609505740098","0.59208706689378","2.31335463890312","0.711796906668015","0.208124973795636","0.991","0.448672540117876","0.422786054706584","0.783519753435983","05_10"
"10.6981971711585","2.19189125432868","0.587116539122544","2.31209963425522","0.698197171158488","0.207855747780523","0.985","0.445303426361558","0.402268051649416","0.734461154942902","05_10"
"10.7607763685113","1.92601500011787","0.646285464228075","2.02218830937563","0.760776368511279","0.207967322791811","0.9788","0.508442301684207","0.422981787327914","0.815604336935313","05_10"
"10.7396935566096","1.99780812386708","0.627102794438452","2.08791858186043","0.739693556609595","0.209288217637186","0.9806","0.494433999921648","0.403685119882241","0.769823591158594","05_10"
"10.7751120469461","1.85722094784922","0.659344066349742","1.92967503736424","0.775112046946118","0.20504600981889","0.9782","0.520781126020743","0.406221343593224","0.851450780446294","05_10"
"10.7292597563173","2.12010186849042","0.605307908707114","2.25721692578866","0.729259756317288","0.209105867469976","0.9882","0.467160939562223","0.401696327677961","0.78663490141801","05_10"
"10.7292597563173","2.12010186849042","0.605307908707114","2.25721692578866","0.729259756317288","0.209105867469976","0.9882","0.467160939562223","0.401696327677961","0.78663490141801","05_10"
"10.7599709230542","1.96372580452732","0.642208009512765","2.04762004508353","0.759970923054217","0.207938130686147","0.9794","0.509056922943548","0.347388165266025","0.788658953766803","05_10"
"10.706124556851","2.24374288015778","0.586823171848243","2.33396200428024","0.706124556851011","0.2060886883235","0.994","0.43562559446334","0.396390181323653","0.796725852738771","05_10"
"10.7528764035287","1.99556222658458","0.63643909526604","2.07573917419176","0.752876403528681","0.208362037292986","0.9826","0.49692248166256","0.37579858858803","0.806385182754547","05_10"
"10.7157534951962","2.18280437852257","0.592452806755109","2.26986155291964","0.715753495196152","0.205916382990087","0.9928","0.440484658972468","0.395360461804591","0.824360614159205","05_10"
"10.7292597563173","2.12010186849042","0.605307908707114","2.25721692578866","0.729259756317288","0.209105867469976","0.9882","0.467160939562223","0.401696327677961","0.78663490141801","05_10"
"10.7266127329989","2.07058786637336","0.615519484314447","2.13682863413651","0.726612732998856","0.21138990930228","0.973","0.484457218737428","0.478010961016323","0.730286719895757","05_10"
"10.7432697392036","2.06187776816481","0.624307535466975","2.13719210280929","0.743269739203643","0.208726676586749","0.9856","0.485056312672108","0.451063427846452","0.801412143722228","05_10"
"10.715491470931","2.09643185189375","0.602522551720286","2.22806599512093","0.715491470930951","0.211451490080692","0.9832","0.464112255332104","0.451938278684806","0.744842780132537","05_10"
"10.6955079326867","2.28326007738681","0.576290933209836","2.38929156780799","0.695507932686748","0.206078537780683","0.9946","0.42394581243559","0.307421919393443","0.792055589038481","05_10"
"10.786495000778","1.79020174649011","0.672521788958355","1.85368639793005","0.786495000778036","0.204549946508529","0.9702","0.534513641085816","0.37136748998177","0.858439814938099","05_10"
"10.7451998293895","1.92735721783715","0.639528216925603","2.01648899003946","0.745199829389475","0.210398593967883","0.9706","0.513693997115077","0.363765435728656","0.741689999228326","05_10"
"10.7137319205022","2.20958497612831","0.589384665724056","2.29759430237336","0.713731920502205","0.207098427557089","0.9928","0.443769790116242","0.403117719988584","0.791861409736652","05_10"
"0.000428930055760677","0.00814870427241662","0.670143577720378","3.98269446482025e-05","0.000428930055760677","0.451805183385863","0.388","0.42477138380745","0.323623605590902","0.47614038689062","05_10"
"10.7676272549698","1.91118667706938","0.649564987491861","1.9812608842304","0.767627254969784","0.205815029862323","0.98","0.509090805302757","0.36812912357141","0.83101603862314","05_10"
"10.7829148455786","1.78942995978442","0.672672210425324","1.86433142845174","0.782914845578568","0.207927662466534","0.9706","0.534764893259853","0.427073439443484","0.858126566559076","05_10"
"10.7077738941265","2.20316898702447","0.585341579563108","2.33594805843057","0.707773894126493","0.208463520242092","0.9926","0.44268679191059","0.403576998988106","0.781753689862654","05_10"
"10.7773038720351","1.86966018794577","0.659025403389076","1.93404814197574","0.777303872035122","0.202172198966266","0.979","0.514872946434425","0.312671091252588","0.858694057518339","05_10"
"10.7191863955334","2.11850383093319","0.597558464021692","2.23617554127718","0.719186395533425","0.211333761279099","0.989","0.463168531465894","0.52531020570638","0.769280737493474","05_10"
"10.7212513294816","2.12798537291646","0.598616302078192","2.25568471529881","0.721251329481551","0.208216099515007","0.989","0.460484546719518","0.458645138651062","0.778499047191869","05_10"
"5.80810952549508","1.35313519126751","0.759933377309173","1.45991812986276","0.80810952549508","0.217601162460658","0.8858","0.66265130485408","0.383048920982327","0.826408199293932","05_10"
"10.7199448979183","2.07998644788492","0.603511180190215","2.21491495079694","0.719944897918283","0.211901288317512","0.985","0.467873842240523","0.422384650090966","0.745729126028383","05_10"
"10.7212513294816","2.12798537291646","0.598616302078192","2.25568471529881","0.721251329481551","0.208216099515007","0.989","0.460484546719518","0.458645138651062","0.778499047191869","05_10"
"5.79635702106547","1.6505902035274","0.700709915839021","1.76097685370541","0.796357021065468","0.20633473789026","0.9496","0.577510603936389","0.215514950003398","0.809768107985195","05_10"
"10.7691410405926","1.89901237720483","0.649313744693537","1.97450295998606","0.769141040592625","0.2038789626155","0.9806","0.500087714735733","0.396651783453278","0.896372553892434","05_10"
"10.7523553347671","2.02498488427443","0.623841076096825","2.10323512336475","0.752355334767125","0.205655070242774","0.9878","0.479141956629344","0.421826508812505","0.841612659541734","05_10"
"10.7593877627572","1.94788453460333","0.641013389277295","2.03546073871665","0.759387762757151","0.205139323515094","0.9856","0.495308725114699","0.394922777679991","0.847414605448505","05_10"
"10.741632017755","1.97371916983951","0.635938832992968","2.06464629114635","0.741632017755028","0.207779390051366","0.9786","0.503317171303221","0.129306000424549","0.755867989622131","05_10"
"10.632665509249","2.46675977328366","0.527922925911454","2.68181708696013","0.632665509249019","0.204698292911865","0.9992","0.357248281361535","0.33646988939953","0.828659145229509","05_10"
"10.7217006673649","2.13336809895261","0.604483150855205","2.22429288895433","0.721700667364854","0.209856161428529","0.9876","0.465518721121219","0.427509489290596","0.751602666124294","05_10"
"10.7594428834929","1.9128321608904","0.655323039831782","1.98410657215784","0.759442883492902","0.211116856614783","0.9722","0.530027320718355","0.451599132735829","0.752689851535881","05_10"
"10.7530529881578","1.99725860412743","0.635562470523339","2.08504223622144","0.753052988157811","0.208064101938085","0.9806","0.498648670865537","0.364651567409951","0.792138465963176","05_10"
"10.7143140805954","2.13183058302038","0.599090902317395","2.26152704259162","0.714314080595406","0.208374352497758","0.9878","0.45615270258078","0.324605949302128","0.76204324630645","05_10"
"10.7212513294816","2.12798537291646","0.598616302078192","2.25568471529881","0.721251329481551","0.208216099515007","0.989","0.460484546719518","0.458645138651062","0.778499047191869","05_10"
"5.7942937784649","1.57802962370379","0.717824982406084","1.70580008781794","0.7942937784649","0.212362518597218","0.9324","0.606333380234589","0.389514857517633","0.809367448469803","05_10"
"10.7829148455786","1.78942995978442","0.672672210425324","1.86433142845174","0.782914845578568","0.207927662466534","0.9706","0.534764893259853","0.427073439443484","0.858126566559076","05_10"
"5.80242293557815","1.50461445997337","0.732905714535657","1.61876173705509","0.802422935578154","0.214751238541618","0.9172","0.620516457933306","0.336690444936568","0.830600297090398","05_10"
"10.735908776371","2.09128303588213","0.608833678207214","2.17233081715082","0.735908776370982","0.209723687237149","0.9894","0.465523652585198","0.52018536650675","0.829913498600945","05_10"
"5.79965959870216","1.5905691815428","0.711360122831676","1.71113521326038","0.799659598702163","0.212366529119847","0.9342","0.596736239467829","0.383388066931303","0.818561127890588","05_10"
"10.7582359007709","1.94980097222556","0.644533698818221","2.0472983709748","0.758235900770859","0.208168561649326","0.9792","0.507330733740571","0.358535186444104","0.802905670558173","05_10"
"10.7588281882903","1.96312806223115","0.63747284158879","2.02219464214113","0.758828188290291","0.206110737433403","0.984","0.496107595602977","0.40060739243557","0.840874521176547","05_10"
"10.786495000778","1.79020174649011","0.672521788958355","1.85368639793005","0.786495000778036","0.204549946508529","0.9702","0.534513641085816","0.37136748998177","0.858439814938099","05_10"
"10.7443493808687","1.98238123704083","0.635527132790436","2.06539652871544","0.744349380868734","0.210166043788152","0.978","0.503279179698849","0.419748685319332","0.758027704165871","05_10"
"10.7607763685113","1.92601500011787","0.646285464228075","2.02218830937563","0.760776368511279","0.207967322791811","0.9788","0.508442301684207","0.422981787327914","0.815604336935313","05_10"
"10.7292597563173","2.12010186849042","0.605307908707114","2.25721692578866","0.729259756317288","0.209105867469976","0.9882","0.467160939562223","0.401696327677961","0.78663490141801","05_10"
"10.7566588774861","1.99939625341309","0.627671481293385","2.07176450970785","0.756658877486086","0.20632455311948","0.9872","0.485375788562418","0.408857308364858","0.839152202308805","05_10"
"10.7914143438781","1.69863442397238","0.687901196857487","1.78166936213628","0.791414343878063","0.209789984963558","0.962","0.557007793355199","0.359029567298346","0.854501959721873","05_10"
"10.770553281944","1.90265972205194","0.652549353477084","1.97207518738785","0.770553281943977","0.204921416788197","0.9814","0.510956841394573","0.399182989180972","0.845639249224143","05_10"
"10.7361328395774","1.99584852771469","0.625647298747375","2.10251501408176","0.736132839577414","0.207853160304293","0.9808","0.491614183456324","0.243095625616753","0.769039113386618","05_10"
"10.7733103205989","1.83055419546305","0.660522619552595","1.91840172360803","0.773310320598889","0.204738577637344","0.9718","0.52861164905821","0.257973139222162","0.817290549526606","05_10"
"10.6961338121595","2.24240883309131","0.576673969271861","2.37821797321946","0.696133812159459","0.207597685308783","0.9934","0.431905365186913","0.43475424877612","0.774855122864568","05_10"
"10.7288524696159","2.05536543859147","0.614096912638732","2.16146740389655","0.728852469615917","0.207686960358189","0.9854","0.477856073441961","0.384335179333417","0.768860466680559","05_10"
"10.7485565254072","2.00536768371902","0.629926418991222","2.10672394101486","0.74855652540724","0.206062714534899","0.981","0.496323960053933","0.384856821405133","0.780837884927309","05_10"
"10.7699727016322","1.91855308692172","0.647690780559759","1.96714810898876","0.769972701632225","0.205638043362687","0.9834","0.504211901932986","0.404953226237698","0.861594014156599","05_10"
"10.7618833780274","1.94247609389461","0.64166974615018","2.01777989637066","0.761883378027443","0.20474603220297","0.9846","0.499509817858669","0.395228457375033","0.84572162272365","05_10"
"10.7587341289657","1.93672379901378","0.644749324716681","2.01761901838747","0.758734128965735","0.207269374956316","0.9802","0.50206904162546","0.352043680095162","0.823276433179481","05_10"
"10.786495000778","1.79020174649011","0.672521788958355","1.85368639793005","0.786495000778036","0.204549946508529","0.9702","0.534513641085816","0.37136748998177","0.858439814938099","05_10"
"10.7245223845301","2.1253453354847","0.601153567978455","2.25432571172539","0.724522384530085","0.206867494981279","0.9886","0.462401322628347","0.351694136810385","0.781562945057974","05_10"
"10.7456240857056","1.97461846964245","0.630826554144392","2.11102310198896","0.745624085705582","0.204865389982482","0.98","0.49655685479246","0.172185098009378","0.780006161891155","05_10"
"10.770553281944","1.90265972205194","0.652549353477084","1.97207518738785","0.770553281943977","0.204921416788197","0.9814","0.510956841394573","0.399182989180972","0.845639249224143","05_10"
"10.7893594985307","1.76962080030251","0.678657113267265","1.83345475524691","0.789359498530658","0.205847125230789","0.9698","0.544995976722622","0.329601733842909","0.849753053913646","05_10"
"10.7537798078083","1.97615515373699","0.633826398216739","2.08984415940912","0.753779807808318","0.206148047911501","0.98","0.501082113693004","0.331446998935847","0.783385971806649","05_10"
"10.7506551141103","1.9745240188268","0.634878003709122","2.11191515566447","0.750655114110267","0.204832475425931","0.9802","0.50023436581048","0.137219225772344","0.786261255358325","05_10"
"10.7914143438781","1.69863442397238","0.687901196857487","1.78166936213628","0.791414343878063","0.209789984963558","0.962","0.557007793355199","0.359029567298346","0.854501959721873","05_10"
"10.757473251531","2.00561906032491","0.628891227632711","2.07497253497255","0.757473251531044","0.20552671367032","0.9866","0.485394851152477","0.401673359908884","0.841557348079155","05_10"
"10.7283410925605","2.04648926180952","0.61320806550185","2.17048512399593","0.728341092560501","0.205849214796066","0.9844","0.47415415081151","0.146145506697377","0.761665006112832","05_10"
"10.7641201456842","1.92162729710616","0.64592558367386","2.00783863374305","0.764120145684159","0.205347366992044","0.9826","0.503993430908869","0.420863923255742","0.844277411876203","05_10"
"10.764560260451","1.91669590774335","0.649038699354348","1.99951591603052","0.764560260450957","0.205359919265747","0.9836","0.504318114486954","0.414680344543495","0.850382876671147","05_10"
"10.7914143438781","1.69863442397238","0.687901196857487","1.78166936213628","0.791414343878063","0.209789984963558","0.962","0.557007793355199","0.359029567298346","0.854501959721873","05_10"
"10.7431245675318","2.05330584731994","0.619308858479253","2.11303862799899","0.743124567531843","0.207499903891546","0.9876","0.474513330040755","0.458724589455207","0.832589086087769","05_10"
"10.7333405946547","2.06336994949658","0.621147091436807","2.13253869638367","0.733340594654727","0.217332350158184","0.9822","0.491614183456324","0.664201692910865","0.769039113386618","05_10"
"10.7634249874212","1.9010574414647","0.652691919696806","1.9797264530793","0.76342498742117","0.205897862864015","0.9776","0.5109402144195","0.283602297358978","0.821800959833461","05_10"
"10.7737748451136","1.83881341161743","0.664030933657544","1.96178472630337","0.773774845113594","0.204628777472132","0.9678","0.53209748892224","0.0715024236124009","0.791443658834588","05_10"
"10.7618488917728","1.94706025498597","0.643552691022849","2.01669984047255","0.761848891772849","0.206009026762201","0.9836","0.501967163939015","0.460643766232515","0.842963661737318","05_10"
"10.7742801412335","1.86889530447865","0.657850133361918","1.95103468939953","0.774280141233466","0.20460322134254","0.9802","0.516147250913402","0.4150668245526","0.853001356991678","05_10"
"10.7914143438781","1.69863442397238","0.687901196857487","1.78166936213628","0.791414343878063","0.209789984963558","0.962","0.557007793355199","0.359029567298346","0.854501959721873","05_10"
"10.7688144651001","1.9024606262145","0.647552547424124","1.95159693718076","0.768814465100131","0.205152719046561","0.983","0.503170520228474","0.388738558105484","0.86597928815624","05_10"
"10.766789317961","1.90411006647248","0.65082920132498","1.9876046781787","0.766789317961014","0.205009182953212","0.982","0.506755748650603","0.39887730948593","0.847332231948998","05_10"
"10.7248474649934","2.07818274913571","0.606869048437905","2.19401702270287","0.724847464993445","0.209476040129148","0.987","0.468164519213357","0.354033782757566","0.766792152114677","05_10"
"10.770553281944","1.90265972205194","0.652549353477084","1.97207518738785","0.770553281943977","0.204921416788197","0.9814","0.510956841394573","0.399182989180972","0.845639249224143","05_10"
"10.7794570875361","1.8167083483315","0.663045576732344","1.91035571110035","0.779457087536137","0.205376982305807","0.9746","0.517759149374444","0.371022625316462","0.891862143585578","05_10"
"10.770553281944","1.90265972205194","0.652549353477084","1.97207518738785","0.770553281943977","0.204921416788197","0.9814","0.510956841394573","0.399182989180972","0.845639249224143","05_10"
"10.7692531280886","1.90778541043965","0.647725779233219","1.95235936195227","0.769253128088572","0.20530365633713","0.9838","0.50433424893384","0.392861677599293","0.864543132646755","05_10"
"10.7920234689037","1.74009353087619","0.676564774492147","1.81314526879226","0.792023468903733","0.208000413911147","0.9686","0.544325710515411","0.365671389386917","0.855762469419715","05_10"
"10.7777543891424","1.84875057743362","0.661870323952024","1.92504414457515","0.777754389142381","0.204030507352973","0.9782","0.520966568053129","0.393616018002671","0.852329388017869","05_10"
"10.7914143438781","1.69863442397238","0.687901196857487","1.78166936213628","0.791414343878063","0.209789984963558","0.962","0.557007793355199","0.359029567298346","0.854501959721873","05_10"
"10.776060778817","1.88280077588736","0.657809058527556","1.9325883432004","0.776060778816987","0.203752774338587","0.9794","0.515281419230298","0.364209310398209","0.860346316160529","05_10"
"10.518379769094","2.79356449852722","0.46463059706701","3.17079509324252","0.51837976909402","0.206459461835913","1","0.27056393912062","0.353414500847794","0.835168710749683","05_10"
"10.7771645043578","1.83566563580679","0.661383558325498","1.90695313513062","0.777164504357835","0.203537825786956","0.9768","0.517718091646962","0.382281661186639","0.872391510382902","05_10"
"10.7819995087813","1.82164749847363","0.668962540886338","1.88739949634377","0.781999508781289","0.204066174228987","0.9726","0.532555577098925","0.379279994597676","0.846154948218546","05_10"
"10.772885715233","1.883411713572","0.657690568967766","1.93241475913414","0.772885715233045","0.204491487430137","0.9802","0.512914905381464","0.391270484565066","0.857924115943695","05_10"
"10.7857323912918","1.73783272913014","0.678270247705079","1.82438629619897","0.785732391291826","0.209407179133667","0.9692","0.545938276057888","0.399773483137835","0.855749657717944","05_10"
"10.7914143438781","1.69863442397238","0.687901196857487","1.78166936213628","0.791414343878063","0.209789984963558","0.962","0.557007793355199","0.359029567298346","0.854501959721873","05_10"
"10.4887648374361","2.83693122714972","0.451683869449794","3.24811931886614","0.488764837436053","0.207068077028409","1","0.249787741340697","0.329601733842909","0.849753053913646","05_10"
"10.774267298515","1.88311754168051","0.654566937835221","1.92248153796322","0.77426729851498","0.204310069690886","0.9804","0.510997899122055","0.387923953310795","0.865109882426819","05_10"
"10.7914143438781","1.69863442397238","0.687901196857487","1.78166936213628","0.791414343878063","0.209789984963558","0.962","0.557007793355199","0.359029567298346","0.854501959721873","05_10"
"10.7737923975284","1.87211224570313","0.659264829872433","1.93665329891882","0.773792397528409","0.204348941147284","0.9766","0.517302649801817","0.197620362007234","0.82494617717782","05_10"
"10.7763651202428","1.8615216723836","0.666993636157805","1.9494234400262","0.776365120242815","0.20535327308002","0.9732","0.528411672049995","0.340372467420237","0.809043500250645","05_10"
"10.7710770353022","1.89662123029873","0.649828240071858","1.93967302395633","0.771077035302191","0.2049484286864","0.9824","0.506804976181364","0.37439302174631","0.864813006879148","05_10"
"10.765719492995","1.91910651903049","0.647826553645203","1.9949215065851","0.765719492995034","0.205411163857789","0.982","0.505989445382699","0.403599999322033","0.845341408749363","05_10"
"10.7732430115736","1.87934209926181","0.656014183387114","1.95857882025886","0.773243011573557","0.204578893929247","0.9804","0.513668731185142","0.381486715282165","0.84953567647967","05_10"
"10.7666118095295","1.91042901158871","0.649958461780967","1.99608278183094","0.766611809529534","0.204897587232497","0.983","0.505592019945237","0.39475418999212","0.848768387458483","05_10"
"10.7877869211428","1.73638435968502","0.680447924962282","1.79834031560927","0.787786921142814","0.208889990032534","0.9674","0.547195723925604","0.364725667893199","0.857179305240257","05_10"
"10.7654691277944","1.92521640068677","0.645056563854858","1.99861597440271","0.76546912779435","0.204296785170655","0.9826","0.502927820467334","0.357658746545714","0.842609682151672","05_10"
"10.7690297949098","1.92099226585492","0.648605816916458","1.97301445512052","0.769029794909778","0.203356097597329","0.979","0.506336334846301","0.168214248333877","0.835657570045779","05_10"
"10.7921999524616","1.7133061652376","0.686037867616394","1.80272847838336","0.792199952461641","0.20858254027121","0.9636","0.555011778881369","0.376293491232055","0.853437962848713","05_10"
"10.7469071398436","2.00311617037881","0.628629881165231","2.10487786274706","0.74690713984363","0.204243122332095","0.9828","0.48998980014585","0.0715024236124009","0.791443658834588","05_10"
"10.7893594985307","1.76962080030251","0.678657113267265","1.83345475524691","0.789359498530658","0.205847125230789","0.9698","0.544995976722622","0.329601733842909","0.849753053913646","05_10"
"10.7753142758645","1.8631261867917","0.660537311002645","1.92184081331389","0.775314275864464","0.204573763908905","0.9782","0.517865187519641","0.392431816522593","0.856493303591377","05_10"
"10.7823131239738","1.79453678917295","0.668196742561825","1.86607094864797","0.782313123973787","0.204447069262122","0.9732","0.531801751295247","0.389063763880577","0.854543387682571","05_10"
"10.7739363300179","1.85203407757616","0.661386767012781","1.93812559484195","0.773936330017889","0.205387681413689","0.9744","0.525751680514995","0.273065050786138","0.812136730880911","05_10"
"10.6071524331185","2.55404120156499","0.515948733344581","2.76943877797007","0.607152433118514","0.204123248904815","0.9998","0.33364394819364","0.385713026340943","0.85960609621519","05_10"
"10.0162663465367","3.37309688047244","0.346951684319969","4.96445027534289","0.0162663465367393","0.237423597254933","1","0.00586823979392648","0.37003650752177","0.856263260837149","05_10"
"5.8099417547028","1.25281258304458","0.780503577682365","1.39881037070424","0.809941754702797","0.223519401703553","0.8612","0.690205555409193","0.357658746545714","0.842609682151672","05_10"
"10.7663100456821","1.90118695805357","0.650281963576099","1.96893126502583","0.766310045682106","0.204008395238693","0.9784","0.510356877809974","0.304803435690701","0.832021118805177","05_10"
"10.7843174322555","1.79172491107131","0.668776526843117","1.87013268737846","0.784317432255489","0.20262197586361","0.9734","0.530687280249271","0.246993397740253","0.854103068034996","05_10"
"10.7680608890294","1.88683182818392","0.65466841989738","1.95681395461447","0.768060889029424","0.20370153149154","0.9772","0.513282106838144","0.187432631395677","0.828582628418422","05_10"
"10.7796836898413","1.83660879875833","0.665240269880547","1.9077292293902","0.779683689841263","0.206376521323147","0.9742","0.528821231494937","0.403286786255229","0.845856933774423","05_10"
"10.7484670841452","2.04567832876831","0.622331957109103","2.11703022992285","0.748467084145203","0.205647354748907","0.9886","0.47132907086052","0.397049932765804","0.85592829453592","05_10"
"10.7854704118153","1.78671156810727","0.673316022621629","1.85932178144349","0.785470411815318","0.205247400214675","0.9714","0.538787823332795","0.369339574854496","0.84721671981563","05_10"
"10.7886808218624","1.77071433639044","0.676786219112465","1.84998058753423","0.788680821862437","0.213638236934204","0.9688","0.546898621974115","0.539342578034848","0.856665702121052","05_10"
"10.7713702576702","1.85135291730595","0.657916120451557","1.94484752737549","0.771370257670164","0.205462651392579","0.9724","0.527844310221095","0.378298059676367","0.817956843804783","05_10"
"10.7684751906685","1.90281694519887","0.648189778540775","1.98640161454105","0.768475190668536","0.20493269642542","0.9822","0.506742451859764","0.395102868384547","0.853787101224771","05_10"
"10.7767854350676","1.81820591151084","0.670684085688719","1.90372009493068","0.776785435067624","0.204726227728965","0.9728","0.532553645610434","0.350400447404816","0.826592766860768","05_10"
"10.7670719647866","1.88385246228267","0.653737134452088","1.96426549022481","0.767071964786633","0.203397878558849","0.9794","0.512045835209485","0.29767949460972","0.842771618708514","05_10"
"10.7690330875738","1.89797701540289","0.653968582227844","1.95497425917608","0.769033087573782","0.20369924476135","0.9796","0.514236093014042","0.343561123026034","0.840622332925532","05_10"
"10.7920234689037","1.74009353087619","0.676564774492147","1.81314526879226","0.792023468903733","0.208000413911147","0.9686","0.544325710515411","0.365671389386917","0.855762469419715","05_10"
"10.7808901572508","1.81338491473252","0.667506247645364","1.88467911060664","0.780890157250812","0.203745284453757","0.974","0.527642768477292","0.377681826401782","0.856234492871231","05_10"
"10.7844745179469","1.7875421695926","0.671960481477794","1.85442797837541","0.784474517946869","0.207027033186906","0.9712","0.53634720400216","0.395155366894624","0.856314666773401","05_10"
"10.7877869211428","1.73638435968502","0.680447924962282","1.79834031560927","0.787786921142814","0.208889990032534","0.9674","0.547195723925604","0.364725667893199","0.857179305240257","05_10"
"10.7921999524616","1.7133061652376","0.686037867616394","1.80272847838336","0.792199952461641","0.20858254027121","0.9636","0.555011778881369","0.376293491232055","0.853437962848713","05_10"
"10.7787058835126","1.86792782720583","0.656899504949579","1.94990616170528","0.778705883512604","0.202445895570192","0.9794","0.515257067689945","0.264150771726828","0.845215339355133","05_10"
"10.7664691078803","1.87337480884554","0.653841955468051","1.96522311883627","0.76646910788027","0.205489160050505","0.9756","0.516425172319613","0.2895495168677","0.817113248063335","05_10"
"10.7697001717499","1.89977633764435","0.651373465500288","1.97696261058107","0.769700171749929","0.204324924873072","0.9816","0.509723790986687","0.37959320766448","0.845639423193486","05_10"
"10.7700723611013","1.8904158233033","0.653079755653104","1.95274336131121","0.77007236110129","0.20322852573677","0.9816","0.51024489264499","0.396421084248282","0.856664189951412","05_10"
"10.7852150115756","1.78139567420889","0.671645942478866","1.84974413576097","0.785215011575594","0.204924584626121","0.9708","0.535923824730193","0.366487258828088","0.856426253912812","05_10"
"10.7858556098759","1.7613787638125","0.673978420398915","1.8296353275151","0.785855609875946","0.207153687761592","0.9694","0.540963477691734","0.374666087636379","0.856117533643173","05_10"
"10.7854712167892","1.72580992731127","0.679848161224518","1.81993941614417","0.785471216789197","0.20794771131749","0.968","0.547230212397549","0.373779557419157","0.854760770442019","05_10"
"10.7772986261384","1.84522143491291","0.661332302946158","1.92527436362018","0.777298626138447","0.204398814799856","0.9776","0.522079594209273","0.392866162970532","0.84867746755001","05_10"
"10.7846285534154","1.74363700767799","0.675482434752869","1.82081676628501","0.78462855341542","0.208228490674374","0.9698","0.543073650490658","0.387302172945688","0.855296439010016","05_10"
"10.7832545389556","1.81740620513337","0.667524478635375","1.89018213412055","0.78325453895562","0.204301483064145","0.9738","0.531442550942782","0.380029849629815","0.849806868686405","05_10"
"10.7732609876505","1.87831019123834","0.656333974996014","1.95841829204622","0.773260987650458","0.204682794391568","0.9798","0.514918528140619","0.378269723910559","0.843791870276059","05_10"
"10.7807689784315","1.83067003226513","0.666841943806668","1.89807423808316","0.78076897843154","0.206308024054031","0.974","0.530594599280757","0.402273268547","0.846110928663708","05_10"
"10.7751521501686","1.84131713097546","0.661821001506831","1.93540155627454","0.775152150168595","0.208612647663731","0.9778","0.523404285930194","0.463419373528773","0.847294604184267","05_10"
"10.779927578776","1.84089298330641","0.665533002902102","1.92395264935364","0.779927578775988","0.204399091029541","0.9758","0.528143495012815","0.389181765140049","0.837295044814841","05_10"
"10.7750633981399","1.83613675191658","0.667434750674714","1.92433877089902","0.775063398139864","0.204937995447302","0.9754","0.528522046703218","0.392403080791548","0.826518732764365","05_10"
"10.779233999777","1.84164080698682","0.661942604148718","1.91584747446607","0.779233999777039","0.204320062845504","0.9754","0.524834103325649","0.391148409655164","0.851127177384276","05_10"
"10.778906548963","1.85499910255699","0.66379350645014","1.91067885006123","0.778906548962967","0.204762101827177","0.9764","0.525941279563236","0.378774051739851","0.834800546546379","05_10"
"10.7857720488105","1.7844800926057","0.6737966529902","1.86558237238711","0.785772048810523","0.20551617379132","0.9708","0.539981191882207","0.384751689706346","0.847785791730775","05_10"
"10.795666552287","1.73140394977076","0.682019622511309","1.81607544291789","0.795666552287043","0.209125793711394","0.9642","0.529803517304465","0.393201184185262","0.926671815570444","05_10"
"10.7715884848742","1.83836265352872","0.659912271009803","1.91066876209318","0.77158848487419","0.205189445019873","0.9728","0.52705148406788","0.295770819106267","0.819957687316949","05_10"
"10.7791511721182","1.82649364336918","0.66531589890643","1.90147116492755","0.779151172118156","0.205040628540961","0.9746","0.528971928727986","0.382235868898232","0.85092814117238","05_10"
"10.7920234689037","1.74009353087619","0.676564774492147","1.81314526879226","0.792023468903733","0.208000413911147","0.9686","0.544325710515411","0.365671389386917","0.855762469419715","05_10"
"10.5042602512732","2.82931671199359","0.458379537257148","3.19155751792097","0.504260251273163","0.207652035034986","1","0.259850515931576","0.369303007934992","0.856310685310969","05_10"
"10.7855673207855","1.777813755861","0.674164516391228","1.85471098100655","0.785567320785507","0.20678906252609","0.9708","0.541152255843986","0.377896896027033","0.849924823716821","05_10"
"10.783721615041","1.77802008846844","0.66993757229449","1.85027748850098","0.783721615040992","0.204761796597373","0.9724","0.535456243575202","0.375854641268556","0.854335017313462","05_10"
"10.7859477569772","1.7783322526942","0.67381072037078","1.85227257336097","0.785947756977202","0.204848949709625","0.9696","0.540709217979467","0.37874485177315","0.852588335108825","05_10"
"10.7826330244094","1.7881583293964","0.668938897390513","1.86862557107652","0.78263302440938","0.209442462284017","0.9738","0.533218127030609","0.455516412170554","0.85501052113027","05_10"
"10.7665631863935","1.90015954406056","0.652223788480906","1.98335172245859","0.766563186393543","0.20558838875508","0.9786","0.511732561513637","0.359922146861543","0.830113689934663","05_10"
"10.7672748370314","1.85119049495738","0.659695315289322","1.96803683241738","0.767274837031356","0.208579599323458","0.9696","0.52964493994714","0.343651837866283","0.763408156577498","05_10"
"10.7908118492779","1.73246383763822","0.684473427841979","1.81078494836415","0.790811849277925","0.207887395814737","0.9646","0.552257269764994","0.378011244547423","0.850988253014447","05_10"
"10.7921999524616","1.7133061652376","0.686037867616394","1.80272847838336","0.792199952461641","0.20858254027121","0.9636","0.555011778881369","0.376293491232055","0.853437962848713","05_10"
"10.7794476883478","1.83186546549095","0.665113090235833","1.89180924689497","0.779447688347751","0.204510759623234","0.974","0.530544875083484","0.370071508207753","0.842118500119591","05_10"
"10.782812327332","1.81448755285204","0.668646107550923","1.88671395117037","0.782812327332001","0.20348564088154","0.973","0.532253816871169","0.351669252377469","0.849120059682353","05_10"
"10.7734853194848","1.86130818191666","0.660389537045392","1.93379090199264","0.773485319484761","0.206102362128849","0.9758","0.521927333862167","0.344179145166249","0.823748327607153","05_10"
"10.7733489368133","1.85867465065372","0.658597052439814","1.94735709078636","0.773348936813328","0.204170831731614","0.9788","0.517906100873067","0.358379129476654","0.847928527155991","05_10"
"10.7826504123926","1.82525016269531","0.666483154598257","1.89774945973273","0.782650412392609","0.205057175418733","0.9746","0.529669183156962","0.381043367338044","0.84955287379712","05_10"
"10.7745836372365","1.87084402836341","0.657653947893378","1.94127220600074","0.774583637236497","0.204561475980839","0.9794","0.516558346464573","0.38220657434081","0.850075679868021","05_10"
"10.7843708162913","1.7950502994607","0.671036069962354","1.86163848613855","0.784370816291317","0.204362071804709","0.972","0.536949785059314","0.378841295997638","0.851589385016115","05_10"
"10.5541861350668","2.70529791226378","0.485038199971894","2.99716966057599","0.554186135066846","0.207362944482769","1","0.293213447787955","0.365459167479977","0.857131880766437","05_10"
"10.6523480775965","2.40832695763092","0.542263648673241","2.58409600009543","0.652348077596494","0.20406137823177","0.999","0.376303579425439","0.39657394070232","0.839084591794324","05_10"
"10.7815503350162","1.8024104788648","0.667894603732825","1.87485969429835","0.781550335016193","0.203278124475474","0.9736","0.528685108779422","0.281023386275752","0.854942930151409","05_10"
"10.775519280864","1.84918869777003","0.661576703484385","1.93547924066811","0.77551928086401","0.20424943479849","0.9764","0.523020700727553","0.350888293635414","0.830234531133484","05_10"
"10.7727249724238","1.89180285509849","0.655661254993977","1.9574784779709","0.772724972423815","0.205189081346465","0.9786","0.516783275372763","0.376104055972228","0.835842099059342","05_10"
"10.7786894822429","1.82906684850108","0.664412131207683","1.91117792225974","0.778689482242874","0.203237024640605","0.9752","0.52651136952389","0.357270818976164","0.848046613078051","05_10"
"0.000304973434096637","0.00717410755036814","0.690166303143397","2.87395574580895e-05","0.000304973434096637","0.45277268420629","0.3512","0.516160585408932","0.367560373161445","0.461835301248357","05_10"
"10.778906548963","1.85499910255699","0.66379350645014","1.91067885006123","0.778906548962967","0.204762101827177","0.9764","0.525941279563236","0.378774051739851","0.834800546546379","05_10"
"10.779237481011","1.81090954268586","0.67051188382407","1.89643949365628","0.779237481010994","0.205171810803204","0.9734","0.533416331576156","0.376524032936255","0.832723703672291","05_10"
"10.7853277077468","1.78907384858446","0.672296541174182","1.85650496468583","0.785327707746796","0.204103358882839","0.9702","0.538305221782752","0.346816190093145","0.852978954516558","05_10"
"10.7879043176609","1.763191487593","0.677615372653359","1.8589115856246","0.787904317660899","0.208628084910717","0.9686","0.530396643910247","0.395388383627868","0.903695041404896","05_10"
"10.7800087973686","1.84063732703133","0.664014082952524","1.91918010793845","0.78000879736859","0.204404207306499","0.9766","0.528304086823319","0.391391172135922","0.838029910131002","05_10"
"10.7777019278516","1.85951396197227","0.660892673614706","1.92946605131439","0.777701927851633","0.204263817331387","0.978","0.521688129584989","0.391130424825701","0.844274809553812","05_10"
"10.7856927513561","1.79046910378575","0.673380241669463","1.85846605956209","0.785692751356139","0.205808387263903","0.971","0.53911106211994","0.384486045749106","0.846531799119821","05_10"
"10.7782099089248","1.84339524623904","0.661413203502668","1.91200430287922","0.77820990892484","0.203677764720752","0.9764","0.523238177980812","0.356805335015571","0.84984123512102","05_10"
"10.7806711890902","1.83118596187366","0.666699083926442","1.89698930103279","0.780671189090225","0.206220306187871","0.9732","0.530434007470253","0.400063861551127","0.845376063347547","05_10"
"10.7921999524616","1.7133061652376","0.686037867616394","1.80272847838336","0.792199952461641","0.20858254027121","0.9636","0.555011778881369","0.376293491232055","0.853437962848713","05_10"
"10.795666552287","1.73140394977076","0.682019622511309","1.81607544291789","0.795666552287043","0.209125793711394","0.9642","0.529803517304465","0.393201184185262","0.926671815570444","05_10"
"10.7822640624251","1.82708127478033","0.668977695699397","1.89234605786483","0.782264062425067","0.204757609445649","0.9732","0.531415004845751","0.370337152164994","0.843372492730546","05_10"
"10.7768888165166","1.86276734226585","0.659709278304467","1.93255175430913","0.776888816516608","0.203812735268163","0.9776","0.521702404953977","0.350281663534831","0.837981908415832","05_10"
"10.7813894126037","1.82431088008166","0.665740185911703","1.90977971170543","0.781389412603719","0.205296451540241","0.976","0.528694857647642","0.439980185215199","0.852599544070963","05_10"
"10.7822767662606","1.8103606602428","0.668413858108448","1.88301933056325","0.782276766260597","0.202864934498212","0.9738","0.531532142840656","0.312104092209641","0.851888799351672","05_10"
"10.7721952465567","1.87844931476068","0.654885830122522","1.96473074880093","0.772195246556705","0.204528455076218","0.981","0.512130322569278","0.374568348040907","0.849763383414348","05_10"
"10.7806877398645","1.83052003638923","0.66449740838029","1.91340579908017","0.780687739864504","0.202624422374214","0.9772","0.523353031671677","0.282597180736835","0.853030222186379","05_10"
"10.7741606714022","1.8493970238703","0.661147879289759","1.93438430395732","0.774160671402211","0.204231751333855","0.9772","0.523392263582803","0.383479230306656","0.832319603078574","05_10"
"10.7885404651363","1.75213210885135","0.674720972148498","1.82922331833002","0.788540465136263","0.204660219063205","0.97","0.54072542578699","0.293790708570583","0.8552051797702","05_10"
"10.7789019023583","1.82004692322272","0.665766332838343","1.92060393746078","0.778901902358284","0.207830161724921","0.9752","0.529146733277473","0.457817806930078","0.84836805078857","05_10"
"10.7847880433315","1.79839851971888","0.669606400830911","1.8745672119868","0.784788043331547","0.206349776047589","0.9722","0.530001472674974","0.400086069104394","0.869087702829256","05_10"
"10.780530745038","1.83929237630287","0.667413612470595","1.91052756575966","0.780530745037972","0.204670652996864","0.9748","0.529451508218098","0.363362359738589","0.835632296593261","05_10"
"10.7813141525444","1.82930681760342","0.664605805674089","1.90172581682511","0.781314152544382","0.204410784185983","0.9756","0.528492194168218","0.352406801936341","0.838810415665638","05_10"
"5.746194687699","0.949091026266363","0.82569303821284","1.27189439685328","0.746194687698998","0.245537646700484","0.7936","0.775213026674464","0.389181765140049","0.837295044814841","05_10"
"10.7790264756909","1.82399238687858","0.663647367509959","1.90711212822442","0.779026475690921","0.202445938902412","0.977","0.522429370256033","0.112850269768387","0.850339504215298","05_10"
"10.7854865001332","1.79235984999689","0.669630295802326","1.86121269275965","0.785486500133224","0.203734168219051","0.9726","0.532285393507844","0.352904067092086","0.855500219800924","05_10"
"10.7750642766561","1.85797556455272","0.660444487195336","1.92130228747052","0.77506427665612","0.203757996665879","0.9776","0.522208311288712","0.376688165276985","0.842609045485872","05_10"
"10.7806711890902","1.83118596187366","0.666699083926442","1.89698930103279","0.780671189090225","0.206220306187871","0.9732","0.530434007470253","0.400063861551127","0.845376063347547","05_10"
"10.785829925596","1.80504591610843","0.669583587291936","1.86779615209673","0.785829925596032","0.205171102249445","0.9726","0.536551459395211","0.36402499582153","0.839029183274436","05_10"
"10.7822964686467","1.83597404257093","0.664914204974573","1.89497645928847","0.782296468646681","0.204738919351525","0.9732","0.525853049285306","0.392347371879551","0.860844421178773","05_10"
"10.7735037914188","1.85352574155632","0.66056408797289","1.93491987040883","0.773503791418842","0.203637355389933","0.9768","0.52250051902383","0.365330553184131","0.831900295201424","05_10"
"10.7814698725078","1.8300256650056","0.663322065160761","1.90712780269808","0.781469872507771","0.202974706746394","0.9764","0.523581792270262","0.241077400366656","0.850190524946891","05_10"
"10.7733541781256","1.87600732449928","0.658247506700252","1.9231509721683","0.773354178125634","0.203849443115922","0.977","0.519839458984979","0.375144873349985","0.841888162878439","05_10"
"10.7813141525444","1.82930681760342","0.664605805674089","1.90172581682511","0.781314152544382","0.204410784185983","0.9756","0.528492194168218","0.352406801936341","0.838810415665638","05_10"
"10.795666552287","1.73140394977076","0.682019622511309","1.81607544291789","0.795666552287043","0.209125793711394","0.9642","0.529803517304465","0.393201184185262","0.926671815570444","05_10"
"10.787729430324","1.76880549013253","0.673228800476549","1.84192232394197","0.787729430324025","0.207400093970028","0.9686","0.531398485430085","0.385526022954277","0.88478522852643","05_10"
"10.7779125212151","1.83658110586217","0.663520618496064","1.91745934201638","0.77791252121508","0.203885722025281","0.9764","0.525000450170663","0.368652967416019","0.847344896628154","05_10"
"10.783058564477","1.82073223047572","0.667065885441389","1.89279314895251","0.783058564476965","0.204544090831484","0.9742","0.530833778498009","0.381510601996737","0.849806795741629","05_10"
"10.7898247230686","1.77726743154468","0.675160250573895","1.83003087936327","0.7898247230686","0.206485147220719","0.9676","0.538109220600102","0.394348406422697","0.865441611998287","05_10"
"10.7921999524616","1.7133061652376","0.686037867616394","1.80272847838336","0.792199952461641","0.20858254027121","0.9636","0.555011778881369","0.376293491232055","0.853437962848713","05_10"
"10.7822767662606","1.8103606602428","0.668413858108448","1.88301933056325","0.782276766260597","0.202864934498212","0.9738","0.531532142840656","0.312104092209641","0.851888799351672","05_10"
"5.80195972853251","1.23610570248352","0.782495493934795","1.37774642672401","0.80195972853251","0.220494334184777","0.8546","0.69233148557608","0.193403341940888","0.838601631293779","05_10"
"10.7847880433315","1.79839851971888","0.669606400830911","1.8745672119868","0.784788043331547","0.206349776047589","0.9722","0.530001472674974","0.400086069104394","0.869087702829256","05_10"
"10.7810050467243","1.8235535730667","0.66651690137678","1.88563062968591","0.781005046724277","0.203343520115167","0.971","0.532414362641358","0.357444018172432","0.841413612123682","05_10"
"10.2581414631509","3.22965176123915","0.375771749991344","4.12688881065744","0.258141463150882","0.213136725899007","1","0.118509838357568","0.250546921141582","0.834949525814787","05_10"
"10.7856927513561","1.79046910378575","0.673380241669463","1.85846605956209","0.785692751356139","0.205808387263903","0.971","0.53911106211994","0.384486045749106","0.846531799119821","05_10"
"10.780530745038","1.83929237630287","0.667413612470595","1.91052756575966","0.780530745037972","0.204670652996864","0.9748","0.529451508218098","0.363362359738589","0.835632296593261","05_10"
"10.7722423008916","1.87153095847539","0.656841245309079","1.93688807680677","0.772242300891612","0.204301428897067","0.9784","0.518232143147535","0.378197526430773","0.842675767082288","05_10"
"10.7820072953247","1.82660064817837","0.6679365928715","1.89558204499002","0.782007295324744","0.204387277471262","0.9736","0.531051796892948","0.372867851863917","0.846313031511022","05_10"
"10.2185833197695","3.31016035900039","0.359502451148167","4.27924764037593","0.218583319769462","0.215346165406178","1","0.0971668865531683","0.388912619272651","0.862653399818172","05_10"
"10.7923454378963","1.75153258797923","0.685119416525295","1.81548945699562","0.792345437896324","0.206501319203938","0.9642","0.553032029438259","0.358528817451451","0.836327597354043","05_10"
"10.783393862787","1.81885219850632","0.66948746844881","1.88274365124201","0.783393862786952","0.204990636261565","0.9722","0.533287362442642","0.371984081855909","0.846810311349533","05_10"
"10.7891432044229","1.76606316369464","0.675479578679227","1.87431654810375","0.789143204422896","0.207632854436542","0.9694","0.525638597604147","0.391984237131413","0.910102203945483","05_10"
"10.7879043176609","1.763191487593","0.677615372653359","1.8589115856246","0.787904317660899","0.208628084910717","0.9686","0.530396643910247","0.395388383627868","0.903695041404896","05_10"
"5.80512170590286","1.54044301717943","0.723963538295383","1.63118859946945","0.805121705902861","0.213164030214022","0.9276","0.605310911354417","0.308628692967547","0.849032917736361","05_10"
"10.7847880433315","1.79839851971888","0.669606400830911","1.8745672119868","0.784788043331547","0.206349776047589","0.9722","0.530001472674974","0.400086069104394","0.869087702829256","05_10"
"10.7883300478134","1.77992229598648","0.676733171148962","1.84398266639558","0.788330047813362","0.20650781627513","0.9688","0.538000055058454","0.390657151494176","0.859722443221264","05_10"
"10.7832433338668","1.81584597199673","0.669344973904019","1.87030248973165","0.783243333866798","0.204265125382215","0.971","0.535417450571629","0.363199526927863","0.84082372141787","05_10"
"10.7814698725078","1.8300256650056","0.663322065160761","1.90712780269808","0.781469872507771","0.202974706746394","0.9764","0.523581792270262","0.241077400366656","0.850190524946891","05_10"
"10.795666552287","1.73140394977076","0.682019622511309","1.81607544291789","0.795666552287043","0.209125793711394","0.9642","0.529803517304465","0.393201184185262","0.926671815570444","05_10"
"10.7898247230686","1.77726743154468","0.675160250573895","1.83003087936327","0.7898247230686","0.206485147220719","0.9676","0.538109220600102","0.394348406422697","0.865441611998287","05_10"
"10.7853488943615","1.77783498191016","0.669509077053173","1.87743214887336","0.785348894361537","0.207711578902307","0.9712","0.526591291450073","0.394510062366198","0.88730975254807","05_10"
"10.7836779336498","1.81058360676546","0.670157836430063","1.87356442347894","0.783677933649795","0.204459861557116","0.9718","0.535452856577041","0.365613273096109","0.846097568013388","05_10"
"10.7830896693062","1.81033878151896","0.669120058200107","1.88407698768054","0.783089669306179","0.204155078030266","0.9726","0.53294520590642","0.377867701604869","0.848659524513335","05_10"
"10.7782165913385","1.85548912399836","0.662548319391426","1.91958458111103","0.778216591338471","0.205494079897813","0.977","0.523928231268797","0.391242586621332","0.845334137706666","05_10"
"10.795666552287","1.73140394977076","0.682019622511309","1.81607544291789","0.795666552287043","0.209125793711394","0.9642","0.529803517304465","0.393201184185262","0.926671815570444","05_10"
"10.5162516328462","2.80527948599165","0.463906547083534","3.14913796532091","0.516251632846224","0.207464903519155","1","0.266425134491706","0.366622436892599","0.857891092710311","05_10"
"10.7838270378717","1.80962750578311","0.670256511540443","1.87442850940375","0.783827037871684","0.204645852685896","0.9726","0.535706901675204","0.380132904855263","0.846057127301124","05_10"
"10.5602874295385","2.66217825835493","0.486527902576503","2.9602019681035","0.560287429538525","0.204561082268468","1","0.301858719886443","0.298610473848351","0.84083894272043","05_10"
"5.80864139212985","1.27089292955934","0.778427536488098","1.39803348142521","0.808641392129848","0.221902586032744","0.8648","0.688372065778822","0.358269487066099","0.839619073980248","05_10"
"10.795666552287","1.73140394977076","0.682019622511309","1.81607544291789","0.795666552287043","0.209125793711394","0.9642","0.529803517304465","0.393201184185262","0.926671815570444","05_10"
"10.7795333624708","1.83547329067782","0.663888970144146","1.8966579907183","0.77953336247083","0.203909374695712","0.9742","0.529560673759745","0.36705361466711","0.841351465370284","05_10"
"10.7793186943204","1.82559185883143","0.665586341850159","1.90409553332271","0.779318694320397","0.204949094218768","0.9748","0.529263978999419","0.396040921407126","0.85093474432425","05_10"
"10.790423500826","1.77842957130778","0.66961744171376","1.86913569051636","0.790423500825962","0.206219297258143","0.97","0.52965840174548","0.393225693141221","0.8772297100356","05_10"
"10.7878174516321","1.7890374390885","0.672773928866956","1.86017483279903","0.787817451632134","0.205659927757128","0.9682","0.541685058681112","0.354244416831711","0.841535547419512","05_10"
"10.7752514208022","1.85273515436039","0.66111036238483","1.91428694957921","0.775251420802245","0.203759243799205","0.9766","0.523243619429715","0.379498014243828","0.842362834697136","05_10"
"10.787729430324","1.76880549013253","0.673228800476549","1.84192232394197","0.787729430324025","0.207400093970028","0.9686","0.531398485430085","0.385526022954277","0.88478522852643","05_10"
"10.783494656371","1.80972252006314","0.668175695995513","1.87685218862091","0.783494656370958","0.20429567538551","0.9734","0.534385965260812","0.370395804581329","0.839741926610581","05_10"
"10.7811257400225","1.81533378015091","0.667883538948668","1.89437058533866","0.781125740022488","0.20412780179486","0.9734","0.53117593503423","0.375626982247777","0.847957582577827","05_10"
"10.775244566395","1.85002947729343","0.661530110217556","1.91396915667982","0.775244566394977","0.205449148654296","0.9764","0.524737919348991","0.387018801360568","0.842717692723169","05_10"
"10.77926378412","1.81357475047445","0.665802772538206","1.88565535723212","0.779263784120039","0.204482621268107","0.9744","0.527023077756139","0.396370312023552","0.855285740202071","05_10"
"10.6096980902497","2.52486759632679","0.515675278857491","2.77824884825999","0.609698090249745","0.205123938458878","0.9994","0.338859429759836","0.328624612570215","0.836719628580229","05_10"
"10.6422582286851","2.44118421001536","0.536303225373279","2.61304257178807","0.642258228685129","0.205812856423695","0.9994","0.362273894902119","0.334394274589693","0.856651106459533","05_10"
"10.7813141525444","1.82930681760342","0.664605805674089","1.90172581682511","0.781314152544382","0.204410784185983","0.9756","0.528492194168218","0.352406801936341","0.838810415665638","05_10"
"10.7879977038302","1.76750716062235","0.677736250113231","1.84314239912023","0.787997703830179","0.204024652654636","0.9684","0.542879113597803","0.31638849282938","0.846680849286202","05_10"
"10.7923454378963","1.75153258797923","0.685119416525295","1.81548945699562","0.792345437896324","0.206501319203938","0.9642","0.553032029438259","0.358528817451451","0.836327597354043","05_10"
"10.7802336197805","1.83545819150316","0.666463793916138","1.89989012080251","0.780233619780494","0.203071785369326","0.9742","0.528885527179197","0.355667919973765","0.844844435194624","05_10"
"10.5692242354027","2.67061149659705","0.493578222461783","2.91730244490033","0.569224235402751","0.204069868928095","1","0.303919697715922","0.347246996624847","0.869698154832928","05_10"
"10.7806128036007","1.81854502412812","0.667169617632216","1.8978235984626","0.780612803600706","0.204594877720358","0.974","0.530351905661777","0.37602830527052","0.848312709756871","05_10"
"10.7818749216741","1.82300125478691","0.668289059891049","1.88935576797683","0.781874921674121","0.203192435789854","0.973","0.532198766792776","0.372151350789303","0.845775111540023","05_10"
"10.7564052802167","1.99838406334966","0.633742859659651","2.0630827829496","0.756405280216726","0.203915123711688","0.9862","0.477129588834941","0.368008906341229","0.899950577455225","05_10"
"10.7765120146352","1.84246904926398","0.664559256644375","1.91187476435118","0.776512014635224","0.202037598436188","0.9756","0.525616667403134","0.307731822664595","0.844573130136131","05_10"
"10.7752232809026","1.84910628167784","0.661445629289637","1.91185429974506","0.775223280902555","0.204127011505889","0.9762","0.524573386755877","0.380066622009994","0.842378746037891","05_10"
"10.7794211628815","1.84508780416093","0.662118512980795","1.91474238913657","0.779421162881494","0.204218123353394","0.9758","0.52509768543507","0.388540320115137","0.850055753833071","05_10"
"10.7820350398712","1.81287416168135","0.668729334458752","1.89400984572138","0.782035039871241","0.204087321528999","0.9736","0.531238131736749","0.367892108993319","0.847580679741537","05_10"
"10.7745250931237","1.8660054873573","0.660372442139295","1.92001398862506","0.774525093123716","0.204217814129937","0.9794","0.515961537370458","0.366622436892599","0.857891092710311","05_10"
"10.7752462171059","1.85369522326631","0.661151981126723","1.91758191096109","0.775246217105947","0.205400655546616","0.9766","0.523408152022829","0.386450193594402","0.842701781382415","05_10"
"10.7833945608265","1.80255638455738","0.669465330071169","1.87038011418067","0.783394560826508","0.204479001547108","0.9724","0.528385633560931","0.347121970062285","0.868130079242672","05_10"
"10.1951009958582","3.34779467416468","0.356642985283668","4.35457994110032","0.195100995858249","0.21554337657","1","0.0869782534427941","0.394848793268983","0.847947679092169","05_10"
"10.7772926622617","1.83777471242324","0.665310769615344","1.90856836946333","0.777292662261657","0.202019216721631","0.975","0.526457319035346","0.285752379638402","0.844427810476397","05_10"
"10.795666552287","1.73140394977076","0.682019622511309","1.81607544291789","0.795666552287043","0.209125793711394","0.9642","0.529803517304465","0.393201184185262","0.926671815570444","05_10"
"10.795666552287","1.73140394977076","0.682019622511309","1.81607544291789","0.795666552287043","0.209125793711394","0.9642","0.529803517304465","0.393201184185262","0.926671815570444","05_10"
"10.7794750843265","1.83506774788695","0.665992577542942","1.89715132866265","0.779475084326473","0.204020485140166","0.975","0.524530313620594","0.345873539589702","0.858450540435572","05_10"
"10.780822576203","1.8255541375823","0.666377548547031","1.89500551093138","0.780822576202953","0.203406181817341","0.9722","0.532153974004389","0.368893011001459","0.841698280126748","05_10"
"0.000152249045555992","0.00454405696584298","0.724731047362341","1.38944306586198e-05","0.000152249045555992","0.477515090357143","0.152","0.529263978999419","0.396040921407126","0.284426815342158","05_10"
"10.7849140388748","1.79770267175433","0.669908710996454","1.86497634870155","0.7849140388748","0.205834187520519","0.972","0.529614501729362","0.392245892511143","0.868072703485502","05_10"
"10.7910237309562","1.75792397758553","0.67594187833279","1.84346301714317","0.791023730956154","0.206237758269126","0.9684","0.535455313315189","0.382065198501723","0.8764837115013","05_10"
"10.657183986625","2.39432507894894","0.546486844025469","2.54708524795345","0.657183986625","0.204814246592746","0.9992","0.375916183474193","0.343292226139789","0.854750080874393","05_10"
"10.7923454378963","1.75153258797923","0.685119416525295","1.81548945699562","0.792345437896324","0.206501319203938","0.9642","0.553032029438259","0.358528817451451","0.836327597354043","05_10"
"10.7743282593113","1.85845682692349","0.660102818916027","1.92300265002279","0.774328259311302","0.203482566306323","0.9772","0.521775161999554","0.354301575377768","0.84272474700301","05_10"
"5.81166242453397","1.45570839142552","0.740543885538862","1.55508784019798","0.811662424533969","0.216009720965579","0.9066","0.635625987313688","0.362352155058684","0.840063548484401","05_10"
"5.54736469695371","0.431925898071878","0.899498432897616","1.21203511978002","0.547364696953714","0.347699056751245","0.6884","0.970006826100871","0.370934400182321","0.84120062425416","05_10"
"10.7805759175796","1.87184189954746","0.655234207769501","1.90203985079901","0.780575917579555","0.226192361464924","0.9768","0.526594644139417","0.87117528077215","0.866845674230648","05_10"
"10.7765298662317","1.84219242727043","0.662573661328439","1.90630047560784","0.776529866231661","0.204427033578997","0.9752","0.52649770921398","0.372959936550634","0.842685291170501","05_10"
"10.7944606831608","1.69830914335447","0.683866289243437","1.78803630188155","0.794460683160843","0.209144305725753","0.9612","0.547380233427535","0.36966480313499","0.886515701423187","05_10"
"0.000169073383834441","0.00483988940383039","0.717420121836934","1.54533218977799e-05","0.000169073383834441","0.472952394231626","0.1872","0.527023077756139","0.396370312023552","0.33379363338463","05_10"
"10.6902138465615","2.44346278558415","0.55253125966563","2.47604815738085","0.690213846561522","0.252959442118971","0.9978","0.5","0.4","0.75","10_10"
"10.6902138465615","2.44346278558415","0.55253125966563","2.47604815738085","0.690213846561522","0.252959442118971","0.9978","0.5","0.4","0.75","10_10"
"10.438542720679","3.1242849587859","0.393858587544199","3.4767762123009","0.438542720678962","0.256427030642143","1","0.2655086631421","0.380035179434344","0.79423986072652","10_10"
"0.000206661568288968","0.00542837301665848","0.669624863114765","1.91310152847004e-05","0.000206661568288968","0.472838381097219","0.2732","0.37212389963679","0.777445221319795","0.107943625887856","10_10"
"10.7202759300283","2.40537441102481","0.543470047438739","2.36144265751309","0.720275930028325","0.321994150133382","0.9946","0.572853363351896","0.934705231105909","0.723710946040228","10_10"
"0.570562873040298","0.66242278702826","0.742977763867234","0.938903205110792","0.570562873040298","0.417057941981437","0.552","0.908207789994776","0.212142521282658","0.411274429643527","10_10"
"10.3456610979638","3.45485402957845","0.315190433451001","3.84066405239957","0.345661097963823","0.304718923028507","1","0.201681931037456","0.651673766085878","0.820946294115856","10_10"
"5.78461133880524","1.1752283563878","0.790923677469735","1.42421899881131","0.784611338805243","0.282720107860677","0.8498","0.898389684967697","0.125555095961317","0.647060193819925","10_10"
"5.78117355123846","1.09065970746152","0.803170565462828","1.38598506657902","0.78117355123846","0.310579896065507","0.84","0.944675268605351","0.267220668727532","0.78293276228942","10_10"
"5.73495511694174","1.96974141911516","0.632577221791965","2.01610792325058","0.734955116941739","0.276904880928721","0.9132","0.660797792486846","0.386114092543721","0.553036311641335","10_10"
"5.70691793538854","1.90086789808545","0.643878947598475","1.93863776771925","0.706917935388545","0.231162819175823","0.8838","0.62911404389888","0.0133903331588954","0.529719580197707","10_10"
"10.1180667747045","3.59083847303452","0.298771455040321","4.63852339989271","0.118066774704546","0.295104849921105","1","0.0617862704675645","0.382387957070023","0.789356231689453","10_10"
"0.000173962658316662","0.00484496661835335","0.681190800043644","1.56663612688808e-05","0.000173962658316662","0.477744576473365","0.216","0.205974574899301","0.86969084572047","0.023331202333793","10_10"
"5.26648329196166","3.03087669680247","0.40073929561198","3.68830839563431","0.266483291961664","0.32171296772483","0.792","0.176556752528995","0.34034899668768","0.477230065036565","10_10"
"10.7760208204176","1.90435720828687","0.655800521796955","1.9438064976348","0.776020820417638","0.281306331357277","0.9692","0.687022846657783","0.482080115471035","0.7323137386702","10_10"
"10.575413111963","2.89212297840755","0.443218705468799","2.92636314293999","0.575413111962972","0.27838633529535","0.9998","0.384103718213737","0.599565825425088","0.692731556482613","10_10"
"5.68509417059857","1.48883778272263","0.690695732014536","1.5499012057653","0.685094170598574","0.341497613052216","0.7362","0.769841419998556","0.493541307048872","0.477619622135535","10_10"
"10.6841082760275","2.4418860547282","0.553302502620581","2.46831599164379","0.684108276027517","0.227612202328192","0.9986","0.497699242085218","0.186217601411045","0.8612094768323","10_10"
"5.63055278200739","1.53498814771446","0.654294009187781","1.60456580688545","0.630552782007392","0.413245864119062","0.6804","0.717618508264422","0.827373318606988","0.438097107224166","10_10"
"0.000429243460604437","0.00807174863550873","0.745110375296983","3.95373011360452e-05","0.000429243460604437","0.471265658156283","0.3238","0.991906094830483","0.668466738192365","0.244797277031466","10_10"
"0.00020191515476744","0.00539472554976475","0.654854415548101","1.84635159666072e-05","0.00020191515476744","0.471949531409823","0.266","0.1","0.1","0.1","10_10"
"0.000286789724934115","0.00654452718150226","0.633940574524413","2.53017012878164e-05","0.000286789724934115","0.46308197548167","0.338","0.2","0.2","0.2","10_10"
"0.000744447874404481","0.0105424906662506","0.599322306302409","6.75734147815596e-05","0.000744447874404481","0.447981404859428","0.44","0.3","0.3","0.3","10_10"
"5.42984911581912","1.96773557666228","0.569358702001824","2.24364834613774","0.429849115819121","0.389864114081724","0.6172","0.4","0.4","0.4","10_10"
"5.60109875201184","2.36220942649949","0.557221426418646","2.36492129996078","0.601098752011836","0.298060468854846","0.8426","0.5","0.5","0.5","10_10"
"10.7211226589896","2.21337630522392","0.583721187265622","2.2290412786143","0.721122658989604","0.288373274862606","0.9768","0.6","0.6","0.6","10_10"
"10.7706525459903","1.91721159524348","0.640281042961254","1.91414071887952","0.770652545990291","0.31365324566819","0.968","0.7","0.7","0.7","10_10"
"5.80196799426157","1.67766352932031","0.690107731803294","1.69249805973464","0.801967994261569","0.339252855205873","0.9476","0.8","0.8","0.8","10_10"
"5.81033073220082","1.47151175560186","0.717664390048896","1.54099665987158","0.810330732200825","0.375480192850967","0.9136","0.9","0.9","0.9","10_10"
"5.82236488143881","1.30329694006939","0.743952577116246","1.37246154158893","0.822364881438814","0.402636273853677","0.8772","1","1","1","10_10"
"10.7480722284107","2.18309168182923","0.595376013201057","2.17002097032792","0.748072228410689","0.260685514172733","0.9912","0.591345029016863","0.457439742458627","0.732786260664192","10_10"
"10.2711094845828","3.4546371058478","0.335229018176645","4.10220164837502","0.271109484582817","0.278583013923104","1","0.151267899844026","0.384743372294845","0.776538618417499","10_10"
"10.7557715735498","2.16012335126557","0.603672857685871","2.12204228999349","0.755771573549766","0.287728804737217","0.9898","0.634764893259853","0.621658751554787","0.888337510824204","10_10"
"10.7760208204176","1.90435720828687","0.655800521796955","1.9438064976348","0.776020820417638","0.281306331357277","0.9692","0.687022846657783","0.482080115471035","0.7323137386702","10_10"
"10.7202759300283","2.40537441102481","0.543470047438739","2.36144265751309","0.720275930028325","0.321994150133382","0.9946","0.572853363351896","0.934705231105909","0.723710946040228","10_10"
"5.73495511694174","1.96974141911516","0.632577221791965","2.01610792325058","0.734955116941739","0.276904880928721","0.9132","0.660797792486846","0.386114092543721","0.553036311641335","10_10"
"10.3456610979638","3.45485402957845","0.315190433451001","3.84066405239957","0.345661097963823","0.304718923028507","1","0.201681931037456","0.651673766085878","0.820946294115856","10_10"
"10.6683308248651","2.53082913138826","0.532403451309321","2.56552860364474","0.668330824865051","0.253025545925202","0.9988","0.476650430434235","0.396119846049573","0.755513736215376","10_10"
"10.7706525459903","1.91721159524348","0.640281042961254","1.91414071887952","0.770652545990291","0.31365324566819","0.968","0.7","0.7","0.7","10_10"
"10.7511639099306","2.15556240115687","0.61313701764492","2.15291446535327","0.751163909930633","0.257300516534783","0.9898","0.59567781764092","0.424640373012409","0.749527478006008","10_10"
"10.6808642077695","2.56153120451059","0.505763146414268","2.49963555444895","0.6808642077695","0.311493291112512","0.9986","0.517143228257197","0.889347587482807","0.782877553786809","10_10"
"10.6902138465615","2.44346278558415","0.55253125966563","2.47604815738085","0.690213846561522","0.252959442118971","0.9978","0.5","0.4","0.75","10_10"
"10.6966034372403","2.46364054918002","0.544666984292096","2.45580206323019","0.696603437240297","0.267072170921113","0.9976","0.514777542749856","0.536736310800552","0.747791041834242","10_10"
"10.3591965901176","3.36677108262576","0.338700694983028","3.78949058979568","0.359196590117559","0.281306457254804","1","0.20997698970099","0.533366724573711","0.819914286689125","10_10"
"5.71689984574553","2.18713680676482","0.578112620843618","2.11052690337041","0.716899845745533","0.338769635561909","0.9446","0.651935716692294","0.907442960725875","0.573827513758679","10_10"
"0.000357648896892355","0.00767727020062711","0.703367836293536","3.44361781673786e-05","0.000357648896892355","0.454005065437291","0.3556","0.641604975942881","0.27223669650912","0.234661261551082","10_10"
"10.7201073012269","2.40039132191253","0.54132877309311","2.3425796809356","0.720107301226908","0.300979487359047","0.9956","0.55807582060204","0.797968920305357","0.725919904205986","10_10"
"5.80714788290908","1.65404014294448","0.704897601265617","1.71134278075439","0.807147882909078","0.277298200596617","0.9418","0.75655673300901","0.388623056558057","0.767527068574834","10_10"
"10.7760208204176","1.90435720828687","0.655800521796955","1.9438064976348","0.776020820417638","0.281306331357277","0.9692","0.687022846657783","0.482080115471035","0.7323137386702","10_10"
"10.7351520919373","2.19975920875337","0.601034973292641","2.19553515132115","0.735152091937281","0.257872121145151","0.991","0.581715439146449","0.413376362923754","0.702919743922884","10_10"
"10.4267507501079","3.19942099595629","0.378488471094151","3.52632462540639","0.42675075010786","0.274889706064393","1","0.257213604478565","0.498342220946511","0.795271868153251","10_10"
"5.8142544065505","1.305861618875","0.745211633573041","1.40095299351214","0.814254406550501","0.404500342949531","0.8742","0.965235106740147","0.978341248445213","0.711662489175797","10_10"
"5.80205111394326","1.50701770491879","0.73584645100556","1.60788717283736","0.802051113943257","0.286446159834476","0.9158","0.803070292662471","0.394983972218413","0.762050118527339","10_10"
"10.6086633776057","2.69782942649026","0.486568747815972","2.8320921903703","0.60866337760574","0.254849281281753","0.9996","0.410518370623538","0.397644584775178","0.762817613271954","10_10"
"10.5241696143055","2.92719618912658","0.435046572885001","3.171036046988","0.524169614305537","0.252480455749659","1","0.331977470274846","0.385057244222384","0.771975922061755","10_10"
"10.6312618554542","2.6729907714998","0.493185717052072","2.7225708459961","0.631261855454194","0.256797893073967","0.9994","0.433531192867254","0.431016370421275","0.772263938664766","10_10"
"0.00188358970363951","0.016202549516545","0.711556632630862","0.000169138790777384","0.00188358970363951","0.452512593060704","0.455","0.76696048995654","0.610218237942282","0.325278303353116","10_10"
"5.43586997187204","3.03205823272535","0.399909287724491","3.31553929169243","0.435869971872045","0.289811385865955","0.9278","0.288858232707865","0.483915333384771","0.538726124511145","10_10"
"10.6902138465615","2.44346278558415","0.55253125966563","2.47604815738085","0.690213846561522","0.252959442118971","0.9978","0.5","0.4","0.75","10_10"
"10.7902139643293","1.82633129358839","0.674839132341235","1.87632734788802","0.790213964329338","0.249048417769258","0.969","0.688118535596341","0.278597612169475","0.765405693714585","10_10"
"10.6966034372403","2.46364054918002","0.544666984292096","2.45580206323019","0.696603437240297","0.267072170921113","0.9976","0.514777542749856","0.536736310800552","0.747791041834242","10_10"
"10.7449177477037","2.09753906826231","0.610313873319674","2.14839560984138","0.744917747703669","0.290757938388077","0.9744","0.637344380385465","0.575179073414426","0.616045282424446","10_10"
"10.4683280381406","3.13457254043446","0.394832436592316","3.39194511669485","0.468328038140633","0.270538817056154","1","0.286831555420975","0.508955468130746","0.76964589833164","10_10"
"10.6966034372403","2.46364054918002","0.544666984292096","2.45580206323019","0.696603437240297","0.267072170921113","0.9976","0.514777542749856","0.536736310800552","0.747791041834242","10_10"
"10.6860100739076","2.47229239679034","0.54650312478161","2.50641624836622","0.686010073907615","0.254083661749552","0.9978","0.493792758621842","0.414657623818526","0.749431428407308","10_10"
"10.7232509008753","2.36505860940033","0.554704617286666","2.33221988076534","0.723250900875327","0.281271501927405","0.9956","0.554029990753202","0.608692442645845","0.733314259609035","10_10"
"10.7168900033643","2.31128412757486","0.570603891205828","2.30455341324504","0.716890003364339","0.257769008566577","0.9964","0.544396887547427","0.430734824800212","0.768834095348485","10_10"
"10.5368560959196","2.91292283402568","0.439024381444185","3.12697158299624","0.53685609591957","0.256402029026892","1","0.343946049221563","0.423704586342905","0.778251622181696","10_10"
"10.6827790417678","2.56924322252587","0.506452347092221","2.52779116324054","0.682779041767751","0.290775291926063","0.9982","0.501368413996723","0.748951146253466","0.726148332472488","10_10"
"10.5490716425003","2.86332342886828","0.447337576605097","3.06848135883818","0.549071642500297","0.261032434097875","0.9978","0.359678314960698","0.431560706422216","0.637771654934016","10_10"
"10.774210768953","1.962202522368","0.65123261568569","1.9602254422991","0.774210768952994","0.272999394709932","0.9766","0.669880518470176","0.463542337702082","0.738396046478268","10_10"
"10.7240717065","2.25016344036344","0.574583834473012","2.23488766015981","0.724071706500032","0.306305455177971","0.988","0.596306775453278","0.745640250235204","0.660701975257117","10_10"
"10.7805572945604","1.85407429007688","0.659115411287016","1.90388785215186","0.780557294560416","0.280922417686582","0.9708","0.692995680172438","0.480849197365387","0.755243920764547","10_10"
"10.6004614749527","2.7246045299273","0.48501978300294","2.85153959385924","0.600461474952657","0.252133833178967","0.9998","0.403723368287219","0.386122640215711","0.720817188763392","10_10"
"10.4929743556423","3.10991192496048","0.3909721620776","3.29341472074763","0.492974355642321","0.28459452427017","1","0.307596847566531","0.588226458936985","0.787049204863708","10_10"
"10.5238870501005","2.92308208389762","0.430467429660598","3.18980265309022","0.523887050100535","0.256952617720506","1","0.329259970703257","0.411997095002888","0.758641173576991","10_10"
"10.611684807255","2.7240888352471","0.478977083303562","2.82425481329832","0.611684807255019","0.262074115546182","0.9996","0.413267555257003","0.474637634603605","0.767020245971555","10_10"
"10.7760208204176","1.90435720828687","0.655800521796955","1.9438064976348","0.776020820417638","0.281306331357277","0.9692","0.687022846657783","0.482080115471035","0.7323137386702","10_10"
"10.5539485645068","2.91077950191895","0.43886127615741","3.0196351017167","0.553948564506768","0.268221243997886","1","0.362711110614421","0.483370997383831","0.673218408241894","10_10"
"10.769775235145","1.88311415730646","0.661691346202625","1.89259212166992","0.769775235144954","0.281293913845567","0.9666","0.695122855423904","0.497748414804089","0.710161772950038","10_10"
"10.3532502256218","3.45796329996637","0.307349964606664","3.81735970845037","0.35325022562177","0.304783116532081","1","0.204259805741757","0.718987263648782","0.759517997271325","10_10"
"10.547057807079","2.92543980555328","0.439214309350368","3.0825353521014","0.547057807079033","0.268698016939681","1","0.353782989309939","0.477340096975043","0.71715479683165","10_10"
"10.516153699111","2.99934375707989","0.415758659149671","3.19410947133473","0.51615369911104","0.270361433596843","1","0.327616276338178","0.494463677570169","0.806161027916914","10_10"
"5.80047906448787","1.35832782130867","0.751644683956069","1.47795090237941","0.800479064487871","0.350939361678082","0.8812","0.912243200842416","0.644097357091276","0.72868311032197","10_10"
"10.5186419315516","3.08600921439956","0.393661722596572","3.19833108683626","0.518641931551637","0.286213466534253","1","0.328698553833739","0.684096305798954","0.792834481720991","10_10"
"10.3570113952106","3.31912236140314","0.353775414715678","3.77329728262267","0.357011395210646","0.285569336846899","0.978","0.21200366698788","0.508326589827737","0.58899451286863","10_10"
"10.6593514387335","2.56512195365446","0.526905757244453","2.5661736667708","0.659351438733545","0.255845242178569","0.9986","0.470849744466276","0.413657908544817","0.706349587239165","10_10"
"10.7902139643293","1.82633129358839","0.674839132341235","1.87632734788802","0.790213964329338","0.249048417769258","0.969","0.688118535596341","0.278597612169475","0.765405693714585","10_10"
"10.7616701041197","2.10526488593673","0.606406380134496","2.06552614821521","0.761670104119733","0.309117691884061","0.9862","0.650136084161778","0.762735260307997","0.781877032847974","10_10"
"10.6226538171399","2.74435157107051","0.470984464266806","2.76254005791377","0.622653817139879","0.272641207684246","0.9998","0.429614380873966","0.58771003203459","0.806711241207091","10_10"
"10.7105523745711","2.33201092468289","0.567184697432045","2.33207698657576","0.71055237457109","0.259328985679238","0.9968","0.538907013512795","0.443199663599026","0.763477403185169","10_10"
"10.5978073993957","2.79831758615254","0.455205196163818","2.89225382648223","0.597807399395749","0.268818382305385","0.9998","0.398693653664224","0.540323945179764","0.776362850006526","10_10"
"10.6312688986266","2.66476434705541","0.496843906659743","2.71275048937697","0.631268898626605","0.253277338714038","0.9994","0.435834378833069","0.42340052426816","0.770911099067703","10_10"
"10.7650886204435","2.09745045168291","0.608989382596307","2.08204158625854","0.765088620443526","0.308831570521389","0.9848","0.649821436786076","0.748813497541455","0.763065322363792","10_10"
"10.6003096020498","2.87069242589438","0.4313966493943","2.89960612739323","0.600309602049803","0.302635460605861","0.9998","0.415084457509516","0.894768048776314","0.663063811048969","10_10"
"10.7902139643293","1.82633129358839","0.674839132341235","1.87632734788802","0.790213964329338","0.249048417769258","0.969","0.688118535596341","0.278597612169475","0.765405693714585","10_10"
"10.6018335447833","2.74386587903134","0.478715129801476","2.87801316164708","0.601833544783344","0.25570744637875","0.9998","0.401904429010336","0.414961685893271","0.756771951521301","10_10"
"10.6218376000692","2.76741265239928","0.470224400966594","2.80918514468795","0.621837600069166","0.272123234742248","0.9998","0.423680736652163","0.584638824557773","0.758477396691424","10_10"
"10.6688107715857","2.5274766717411","0.52252700746994","2.51299325448988","0.668810771585692","0.265879407665091","0.998","0.486715523487699","0.519055278715678","0.681745469063518","10_10"
"10.6570182744187","2.6442620381945","0.491773316382227","2.60836278978542","0.657018274418687","0.286851832984485","0.9992","0.473217211306953","0.705618900277787","0.771267053480169","10_10"
"10.5618992526291","2.94557632527497","0.416765892774837","3.03768169427912","0.561899252629059","0.290222727410226","1","0.368417625918265","0.733445212067457","0.737653398194841","10_10"
"10.6977418658018","2.44200695323793","0.549547127457647","2.41816131411531","0.697741865801771","0.265551058760582","0.9976","0.520267416784488","0.524271472001739","0.753147733997558","10_10"
"10.7055895335491","2.43657117601854","0.55004353044879","2.39594299576876","0.705589533549085","0.267666444354106","0.9966","0.52804300280394","0.543376439416327","0.738301390020804","10_10"
"10.7938828900789","1.8610604972068","0.673722948146699","1.89221107621389","0.793882890078904","0.263156257458396","0.971","0.687908825270007","0.360848440436918","0.762156482660952","10_10"
"10.6534730006562","2.63143778940382","0.498923647713196","2.62919033677669","0.653473000656239","0.269808362606241","0.9992","0.4637504282758","0.566071828160956","0.780255877699446","10_10"
"5.29531267690783","2.4454189598668","0.48384231931536","2.95715177164103","0.295312676907826","0.423502882216266","0.618","0.240065686250037","0.526007621912611","0.399409950012341","10_10"
"10.4876468815762","3.08802325215007","0.405263457867157","3.31608003311248","0.487646881576249","0.271001480464693","1","0.303511610683529","0.50081360691231","0.72731794622208","10_10"
"10.7123667986614","2.37210291585449","0.546877132099178","2.37291191946614","0.71236679866142","0.285130555902061","0.9934","0.543933428558184","0.633805236545541","0.670856572450042","10_10"
"10.6677066776177","2.56780864231531","0.524629441493286","2.57239416865469","0.667706677617706","0.256251081518612","0.9986","0.471164391841979","0.42757967131136","0.725161297723347","10_10"
"10.6928700520217","2.5139430616267","0.525843021070599","2.47344943822047","0.692870052021666","0.279897700112165","0.998","0.513923037764494","0.644269605610628","0.757024623802706","10_10"
"10.7805572945604","1.85407429007688","0.659115411287016","1.90388785215186","0.780557294560416","0.280922417686582","0.9708","0.692995680172438","0.480849197365387","0.755243920764547","10_10"
"10.7138671825344","2.39985995120072","0.552278502223571","2.37913107538324","0.713867182534425","0.277377564964263","0.996","0.540764530699118","0.60205231403007","0.742803911422473","10_10"
"10.7345245192745","2.09982708362483","0.60887898911973","2.15597800047139","0.734524519274475","0.24684172518603","0.9806","0.596610591900692","0.286110595084903","0.627082260361135","10_10"
"10.5376379183253","2.9143848775182","0.442151578574766","3.05573785616265","0.537637918325314","0.254741327162403","1","0.349276075089735","0.425869743271239","0.6850444925428","10_10"
"10.618450789541","2.73982382731494","0.475190861114325","2.82278384336586","0.618450789541028","0.267092672164064","0.9998","0.419782343499433","0.524461402316754","0.758140832609288","10_10"
"10.582377740444","2.85512912573506","0.447828797961274","2.97080442840784","0.582377740443983","0.273618414955094","0.9998","0.383332448149701","0.555566855403541","0.757737294233167","10_10"
"10.7541213022645","2.10746670622241","0.617388641828061","2.08348970746873","0.754121302264543","0.274799199925492","0.9826","0.630086588729252","0.53440008601762","0.702794912969694","10_10"
"10.5448063897692","2.86884411849785","0.444620773030473","3.06304613504325","0.544806389769185","0.25889288597941","1","0.354348289092525","0.429395549493882","0.730978784572912","10_10"
"10.7782661745122","1.93582290610728","0.658597682166665","1.93070384902838","0.77826617451218","0.262880908919906","0.9758","0.67009022879651","0.381291509434639","0.741645257531901","10_10"
"10.5678061294174","2.93261662376672","0.423228837679048","3.00506312527525","0.567806129417439","0.289568575449526","1","0.373832484742465","0.70567527126542","0.7783808472173","10_10"
"10.5408573585228","3.02593098663705","0.401154247972351","3.11457790293083","0.540857358522809","0.288185244943908","1","0.353185891087461","0.719065963533006","0.825511928880587","10_10"
"10.590545174646","2.77892399286714","0.465069072715583","2.89328657469464","0.590545174645967","0.26828386108071","0.9998","0.394541667037959","0.499084682468543","0.736036447042764","10_10"
"10.6876994865442","2.45032549416905","0.53118404914666","2.46389133008869","0.687699486544212","0.277552224848","0.9966","0.511591581959068","0.585580259521988","0.678299874597523","10_10"
"10.5819224444838","2.82897177462093","0.451472232547685","2.96808428936501","0.5819224444838","0.269100265826343","0.9998","0.383487358706729","0.514949691583111","0.753419734221572","10_10"
"10.7105523745711","2.33201092468289","0.567184697432045","2.33207698657576","0.71055237457109","0.259328985679238","0.9968","0.538907013512795","0.443199663599026","0.763477403185169","10_10"
"10.6269472252074","2.70379363069553","0.481484410833988","2.77951159641812","0.626947225207429","0.264873768934591","0.9998","0.429818011372298","0.512109530687923","0.761728917546642","10_10"
"10.7785825222489","1.90477029670243","0.65254515689795","1.93896441449269","0.778582522248922","0.278357916486733","0.9746","0.67621636586862","0.478263060797254","0.754579536945139","10_10"
"10.7728251034045","1.99072841447276","0.643759071383869","1.99921330916654","0.772825103404536","0.255549069296112","0.9816","0.645173606982387","0.359765962663255","0.767766414786452","10_10"
"10.6298691000818","2.70540092075456","0.478647306943184","2.74940577757567","0.629869100081838","0.267750593135568","0.9998","0.433934842495104","0.550973766042808","0.764811432783626","10_10"
"10.6170526747074","2.72943639154334","0.47527240693013","2.80034810432796","0.617052674707362","0.265501967365002","0.9998","0.420346781098163","0.512135463436112","0.76937879477409","10_10"
"10.7902139643293","1.82633129358839","0.674839132341235","1.87632734788802","0.790213964329338","0.249048417769258","0.969","0.688118535596341","0.278597612169475","0.765405693714585","10_10"
"10.5711237056748","2.89533275762131","0.431633494267964","3.00328460527913","0.571123705674813","0.278648167674053","1","0.375155627563501","0.602937280701495","0.77702364730342","10_10"
"10.6707696437314","2.51260168045063","0.536209724722609","2.53818106085637","0.670769643731384","0.247408946805459","0.999","0.478779307447023","0.342232173774381","0.768550377995836","10_10"
"10.6243330520554","2.69229761238159","0.490682736730108","2.76591438342097","0.624333052055443","0.257678515136762","0.9994","0.425798710960203","0.435752395896991","0.76732301413035","10_10"
"10.5806749999422","2.88867302631354","0.4337220905264","2.94874846365538","0.580674999942173","0.287255746182938","1","0.386189089714187","0.67664985494461","0.779107750097132","10_10"
"10.586367831981","2.8889341550617","0.449891400919391","2.90827925374455","0.586367831981015","0.279838458600223","0.9998","0.394777327100058","0.616909384193413","0.704698223953281","10_10"
"10.6918640775367","2.4764491400709","0.551038674213082","2.46492069519339","0.691864077536734","0.2596120393134","0.998","0.505864593593344","0.433860075041287","0.742267676638498","10_10"
"10.7927389323093","1.87661899256636","0.665376354449707","1.89387647600896","0.792738932309302","0.265136958925376","0.97","0.686869543100327","0.383877646002772","0.742309641351309","10_10"
"10.6248286162502","2.72880529281617","0.468688843053628","2.76162923746819","0.624828616250231","0.272190152710835","0.9998","0.43103550026334","0.588548922203317","0.768919547859045","10_10"
"10.7695450987546","2.02874760038346","0.62850883311759","2.01555883919594","0.769545098754611","0.279139260309926","0.9816","0.650411486388119","0.531056161583584","0.750042577064262","10_10"
"10.6010912077445","2.81003848741733","0.460497277045529","2.81489503700073","0.601091207744513","0.277133923672706","0.9998","0.41117464151179","0.601571828514547","0.680734770316193","10_10"
"10.5654712961768","2.95745796222451","0.425489355037306","2.97228679206262","0.565471296176815","0.290580670308237","0.9998","0.374655419501982","0.707254214076782","0.689344371668601","10_10"
"10.6415639814293","2.66960792122104","0.485799769981809","2.67551575833316","0.641563981429309","0.272915266355334","0.9994","0.451393823304078","0.595097244481765","0.779528974819614","10_10"
"5.64883180591844","2.2762970432624","0.579344079659216","2.22042952480407","0.648831805918444","0.291322672174064","0.8622","0.547558083352867","0.502998289796893","0.511992958607152","10_10"
"10.5918662033435","2.85160352921429","0.443968730422979","2.90146719867358","0.591866203343501","0.28379039148706","0.9998","0.397370510843188","0.643061935743688","0.777720049920406","10_10"
"10.6335457186994","2.67157056599391","0.496582472511535","2.7378936758338","0.633545718699417","0.256152353352338","0.9994","0.435269941234338","0.435726463148802","0.759673136902901","10_10"
"10.7345362291176","2.26331964692865","0.580252026608526","2.24699230833773","0.734536229117617","0.263637037308899","0.9934","0.570627196588259","0.49316947519813","0.74350273372109","10_10"
"10.6233691709681","2.70289599320848","0.48698361373678","2.76826488575551","0.623369170968086","0.259398413416208","0.9994","0.425580272990128","0.457065582783125","0.764577062975501","10_10"
"10.7105523745711","2.33201092468289","0.567184697432045","2.33207698657576","0.71055237457109","0.259328985679238","0.9968","0.538907013512795","0.443199663599026","0.763477403185169","10_10"
"10.7938828900789","1.8610604972068","0.673722948146699","1.89221107621389","0.793882890078904","0.263156257458396","0.971","0.687908825270007","0.360848440436918","0.762156482660952","10_10"
"10.4716518296945","3.12952513910137","0.385690929062834","3.37829958094435","0.47165182969452","0.275719372506516","1","0.289980886038393","0.550973766042808","0.764811432783626","10_10"
"10.5727854397984","2.91723962189539","0.428971597501625","2.99053204858424","0.572785439798358","0.286676364624345","1","0.378121262250852","0.680082832559064","0.766097021573939","10_10"
"10.7938828900789","1.8610604972068","0.673722948146699","1.89221107621389","0.793882890078904","0.263156257458396","0.971","0.687908825270007","0.360848440436918","0.762156482660952","10_10"
"10.6755068737823","2.55279153621781","0.521374865716905","2.55903042056321","0.675506873782308","0.268015419852699","0.9984","0.485442906573444","0.544205881624337","0.758917669271145","10_10"
"0.000245209091485012","0.00592329223232918","0.679383690100334","2.24824579628467e-05","0.000245209091485012","0.464258207128844","0.309","0.480908958338803","0.479179916366872","0.166742393514141","10_10"
"10.6629233880946","2.57785416824591","0.520584124740125","2.58929775375547","0.662923388094562","0.256959288906283","0.999","0.469851075115211","0.436295653628669","0.765681764919334","10_10"
"10.7938828900789","1.8610604972068","0.673722948146699","1.89221107621389","0.793882890078904","0.263156257458396","0.971","0.687908825270007","0.360848440436918","0.762156482660952","10_10"
"10.582482063629","2.92119455457044","0.441308131481453","2.91922433240229","0.582482063628979","0.287641512581451","0.9998","0.391470363136041","0.684790387697793","0.702949149898202","10_10"
"10.7711764696695","1.98204642191576","0.632043972021048","1.98909076823245","0.771176469669512","0.286679716110254","0.9786","0.662715349362542","0.547145053728263","0.755940224359036","10_10"
"10.5991191615161","2.77140305551953","0.466118328268745","2.90431989930253","0.599119161516137","0.262484592109598","0.9996","0.398912713738102","0.476124374562697","0.759662508127361","10_10"
"10.6314039169523","2.68604195888937","0.488919982374305","2.7542615731259","0.631403916952252","0.265045803218701","0.9998","0.434436960863774","0.494587397540901","0.760011736733551","10_10"
"10.6475668693524","2.60618284506863","0.513030223950524","2.58411594918173","0.647566869352442","0.266300296837234","0.999","0.464638748451141","0.500565610489235","0.685294504230217","10_10"
"10.676080578401","2.49656895130141","0.54197016768721","2.51164581482955","0.676080578400973","0.247742520482519","0.9988","0.484719515083005","0.348856911623326","0.767600081978042","10_10"
"10.6307574243572","2.69428183141008","0.488043390761132","2.74198937879193","0.630757424357217","0.26404137242254","0.9998","0.434767822865669","0.492112831650709","0.764472832952976","10_10"
"10.6199728596528","2.72229912073899","0.481508047763219","2.79030422275251","0.619972859652843","0.262237676251032","0.9994","0.421524704580974","0.479794528018197","0.764089466912678","10_10"
"10.7239534433275","2.34228917381142","0.556504772563385","2.29119626724002","0.723953443327542","0.296050782926578","0.9942","0.569962827031799","0.706337358507165","0.727007573184926","10_10"
"10.5717698945609","2.92122651475593","0.435033356706232","2.94979777049273","0.571769894560867","0.285631141550731","0.9998","0.381406265919729","0.666836012088638","0.693273075868764","10_10"
"10.7096476295101","2.34989080959251","0.563409024420468","2.34965379723689","0.709647629510064","0.259233967843874","0.9972","0.532966805876812","0.43657492575008","0.764427699202964","10_10"
"10.6701556246575","2.54603280998566","0.530183983674741","2.55088216147126","0.670155624657505","0.257227128271957","0.9988","0.480150292489788","0.445873366265213","0.76349078180284","10_10"
"10.5745704683146","2.95734398582909","0.432059328987258","2.95501250854601","0.574570468314559","0.289965310630174","0.9998","0.382723246965317","0.703821236462329","0.702355100191793","10_10"
"10.7005799439997","2.3940351844748","0.556464125288767","2.41401550108485","0.700579943999742","0.263206088312838","0.9974","0.523481658481421","0.48202498061944","0.757234629279381","10_10"
"10.6707696437314","2.51260168045063","0.536209724722609","2.53818106085637","0.670769643731384","0.247408946805459","0.999","0.478779307447023","0.342232173774381","0.768550377995836","10_10"
"10.7672365582585","2.04231341919419","0.620709943165635","2.00676233337722","0.767236558258453","0.288888776116307","0.9822","0.650183439807018","0.601550676948029","0.769091824685251","10_10"
"10.5836798953711","2.86941278027031","0.43976545838491","2.96303783674304","0.583679895371084","0.281021823503199","0.9998","0.386417136295287","0.606155339580165","0.760058502476142","10_10"
"10.569052457864","2.92446875233456","0.433949755147433","2.95616901448283","0.569052457864045","0.282227085407783","0.9998","0.377962383465999","0.639373210572402","0.69109344572368","10_10"
"10.7927389323093","1.87661899256636","0.665376354449707","1.89387647600896","0.792738932309302","0.265136958925376","0.97","0.686869543100327","0.383877646002772","0.742309641351309","10_10"
"10.7785825222489","1.90477029670243","0.65254515689795","1.93896441449269","0.778582522248922","0.278357916486733","0.9746","0.67621636586862","0.478263060797254","0.754579536945139","10_10"
"10.6723975530077","2.53224732042767","0.531493482304202","2.53458516373651","0.672397553007711","0.258534817306154","0.9986","0.484336994013134","0.454391880116937","0.764563684357831","10_10"
"10.6827560206537","2.48977003475023","0.539270085615139","2.48921872580559","0.682756020653733","0.257489521871201","0.9988","0.494854649357787","0.442656405867348","0.765118652396184","10_10"
"10.5797437006175","2.91896674434084","0.441016396166382","2.93203338278215","0.579743700617509","0.284917209685891","0.9998","0.388026480682311","0.657327586181558","0.700769519753118","10_10"
"10.7744022497691","1.92698155450387","0.657702726394482","1.9705071235647","0.774402249769061","0.227293126234228","0.982","0.63381259054714","0.10212059924379","0.767718825035217","10_10"
"10.6618112138549","2.62513267533924","0.504823403218723","2.61285170124184","0.661811213854852","0.271923144323574","0.999","0.470032249667988","0.591116477101166","0.720051839727638","10_10"
"10.6364891145697","2.67471880689106","0.493884193322311","2.71442064070154","0.636489114569678","0.267104923201064","0.9998","0.441475889495745","0.548236089699832","0.737952309304861","10_10"
"10.618597626399","2.74925455153063","0.46699594770004","2.82733509248026","0.618597626398982","0.272877159916635","0.9998","0.419058439505916","0.576638740251707","0.753444168262193","10_10"
"10.7543032612609","2.14064511256546","0.611408593396485","2.13091490450896","0.754303261260942","0.263154986775024","0.99","0.604541216343667","0.446996086079852","0.763243146330458","10_10"
"10.7139274269618","2.32347647476989","0.569962093142678","2.32073948047357","0.713927426961843","0.250109063904576","0.9968","0.536764743924119","0.365363440850826","0.76582248907588","10_10"
"10.770609980957","2.03553836777342","0.63938347817355","2.03197011982491","0.770609980956985","0.254609148477108","0.9836","0.634824314259214","0.367371116775273","0.744087234253471","10_10"
"10.6755068737823","2.55279153621781","0.521374865716905","2.55903042056321","0.675506873782308","0.268015419852699","0.9984","0.485442906573444","0.544205881624337","0.758917669271145","10_10"
"10.6755068737823","2.55279153621781","0.521374865716905","2.55903042056321","0.675506873782308","0.268015419852699","0.9984","0.485442906573444","0.544205881624337","0.758917669271145","10_10"
"10.7407974433662","2.25464029089775","0.578250965723137","2.19761115764691","0.740797443366165","0.295270667696949","0.9908","0.599844035169241","0.667877096156421","0.727831624486114","10_10"
"10.6283789717543","2.73707301247344","0.478875467443927","2.76340926959874","0.628378971754284","0.273040318233903","0.9996","0.434534577660433","0.608280884277262","0.747106397707833","10_10"
"10.7352466647969","2.21407039308257","0.593386168662897","2.23334301674147","0.735246664796895","0.252722573314809","0.9934","0.567704602939474","0.368244234474004","0.763477020688325","10_10"
"10.6365806077897","2.71057119544517","0.485927996226701","2.72426007770753","0.636580607789741","0.277163930544357","0.9994","0.442378692049052","0.620715385044868","0.714760421461514","10_10"
"10.6755068737823","2.55279153621781","0.521374865716905","2.55903042056321","0.675506873782308","0.268015419852699","0.9984","0.485442906573444","0.544205881624337","0.758917669271145","10_10"
"10.6707696437314","2.51260168045063","0.536209724722609","2.53818106085637","0.670769643731384","0.247408946805459","0.999","0.478779307447023","0.342232173774381","0.768550377995836","10_10"
"10.7005799439997","2.3940351844748","0.556464125288767","2.41401550108485","0.700579943999742","0.263206088312838","0.9974","0.523481658481421","0.48202498061944","0.757234629279381","10_10"
"10.6433146977211","2.61795107087686","0.512302621838486","2.66752062794726","0.643314697721095","0.254236091562611","0.9992","0.447747348623418","0.422921019704232","0.715875729486762","10_10"
"10.5939354358122","2.78111415721763","0.460962277992877","2.9117336821098","0.593935435812242","0.263708514266418","0.9998","0.396526966989316","0.492436711641889","0.762499402096646","10_10"
"10.7938828900789","1.8610604972068","0.673722948146699","1.89221107621389","0.793882890078904","0.263156257458396","0.971","0.687908825270007","0.360848440436918","0.762156482660952","10_10"
"10.7096476295101","2.34989080959251","0.563409024420468","2.34965379723689","0.709647629510064","0.259233967843874","0.9972","0.532966805876812","0.43657492575008","0.764427699202964","10_10"
"10.628718247857","2.68913839732725","0.48891591335855","2.76132495636473","0.62871824785698","0.26495450082399","0.9998","0.433176397615022","0.492360976068254","0.760606211867853","10_10"
"5.49525697366931","2.66306521886028","0.478395314086343","2.73355370044918","0.495256973669313","0.342326507468931","0.7892","0.380507008999639","0.663770495479872","0.47614038689062","10_10"
"10.7507965591977","2.14686428406195","0.597709490726168","2.09684229320515","0.750796559197721","0.294755047589122","0.9888","0.620302231669577","0.640010939298773","0.768267773384063","10_10"
"10.7927389323093","1.87661899256636","0.665376354449707","1.89387647600896","0.792738932309302","0.265136958925376","0.97","0.686869543100327","0.383877646002772","0.742309641351309","10_10"
"10.6205267712402","2.71837061714662","0.480401967933492","2.7886475548084","0.620526771240198","0.262641011131817","0.9994","0.422785267829725","0.482020949490844","0.763494991778377","10_10"
"10.7785825222489","1.90477029670243","0.65254515689795","1.93896441449269","0.778582522248922","0.278357916486733","0.9746","0.67621636586862","0.478263060797254","0.754579536945139","10_10"
"10.6475668693524","2.60618284506863","0.513030223950524","2.58411594918173","0.647566869352442","0.266300296837234","0.999","0.464638748451141","0.500565610489235","0.685294504230217","10_10"
"10.6505475695861","2.61333820683711","0.514171596487877","2.6448362142052","0.650547569586092","0.250785468045794","0.999","0.452764127873877","0.380937062794848","0.765462030506469","10_10"
"10.7767602483392","1.93286500435066","0.656448285237626","1.93866361912113","0.776760248339175","0.256768137078556","0.9782","0.66265130485408","0.35277549851001","0.768973081628076","10_10"
"10.6560341842494","2.58601261184624","0.515030504679741","2.62493029036575","0.656034184249371","0.256431817925083","0.999","0.460783002438814","0.453407942630242","0.767561180442344","10_10"
"10.6682459306768","2.57429371835831","0.528530962240762","2.57994660727758","0.668245930676846","0.255311241910663","0.9986","0.470865274413312","0.418268734904967","0.723506185033028","10_10"
"10.7426072036411","2.18079710757023","0.600117821370885","2.19056760753694","0.742607203641144","0.252778318927565","0.9928","0.577510603936389","0.365129467722609","0.762872048727501","10_10"
"10.6165635051899","2.74070709106284","0.475034875151109","2.80640020120851","0.616563505189868","0.266605504118327","1","0.429910591108275","0.530258170985328","0.896372553892434","10_10"
"10.7273983266145","2.27555907170803","0.581500775718238","2.26461795846143","0.727398326614519","0.257062557330992","0.9952","0.555759035139135","0.40318373772655","0.714425260604438","10_10"
"10.7187082032112","2.29881281195452","0.576825778066061","2.29744022238198","0.718708203211246","0.25955152446625","0.995","0.551178729146904","0.436821888655966","0.757556437381603","10_10"
"10.7473095231832","2.14370942111489","0.620731424200639","2.16639833176737","0.747309523183212","0.224889291813015","0.9902","0.579108788172155","0.129306000424549","0.719360466740863","10_10"
"10.5484242205892","2.87032938123314","0.442786440562243","3.06770746205098","0.548424220589196","0.262946181343064","1","0.357248281361535","0.454338862276206","0.747266066660622","10_10"
"10.6505475695861","2.61333820683711","0.514171596487877","2.6448362142052","0.650547569586092","0.250785468045794","0.999","0.452764127873877","0.380937062794848","0.765462030506469","10_10"
"10.6287556441715","2.66498879637768","0.500719468285801","2.7435867874977","0.628755644171479","0.255341017155125","0.9994","0.430742155878467","0.423263249129752","0.720361200067523","10_10"
"10.7513196096508","2.13210060356772","0.606415667682501","2.11664267791774","0.751319609650767","0.283016114858618","0.989","0.618060142903102","0.564280260029075","0.764229439079318","10_10"
"10.6315891313212","2.69345813227934","0.479036241885753","2.73829349541887","0.631589131321169","0.272663427634586","0.9998","0.437757451856847","0.581879768922192","0.728853598583232","10_10"
"10.6673779846435","2.55855412804805","0.513832484053403","2.56572861992644","0.667377984643516","0.263187278927182","0.999","0.477946282701698","0.51507991597058","0.765096032690447","10_10"
"10.6039378570936","2.75419953034446","0.469528573134746","2.86761404048753","0.60393785709355","0.265700399671281","0.9996","0.408092265376785","0.510414630356393","0.750391159997101","10_10"
"10.7927389323093","1.87661899256636","0.665376354449707","1.89387647600896","0.792738932309302","0.265136958925376","0.97","0.686869543100327","0.383877646002772","0.742309641351309","10_10"
"10.6682733019397","2.55527785101428","0.522145337211769","2.57614615099216","0.668273301939725","0.262467239039883","0.9988","0.476272540922931","0.483100407074312","0.761471061793001","10_10"
"10.6444487081779","2.61621297321426","0.515599628312393","2.66586427413572","0.644448708177942","0.253162991232645","0.9996","0.452764127873877","0.380937062794848","0.829913498600945","10_10"
"10.6128459201984","2.73327852595626","0.473423932982773","2.84234737687059","0.612845920198413","0.264257575189789","0.9994","0.413532159734267","0.492094482216369","0.758013931515885","10_10"
"10.7475011487119","2.16166656760597","0.602714538432125","2.1278327422736","0.74750114871191","0.272995076439461","0.9902","0.606783305110141","0.52272676534955","0.767281480635203","10_10"
"10.7474559757656","2.19078718756224","0.596713266068735","2.16171145258962","0.74745597576556","0.264299345058379","0.9896","0.595749256412333","0.481259518765457","0.713178884977088","10_10"
"10.7938828900789","1.8610604972068","0.673722948146699","1.89221107621389","0.793882890078904","0.263156257458396","0.971","0.687908825270007","0.360848440436918","0.762156482660952","10_10"
"10.749246641325","2.16327696334462","0.605343716985489","2.15104641997473","0.749246641325007","0.259536006854532","0.991","0.595872443031565","0.436996475235166","0.767725426614528","10_10"
"10.770609980957","2.03553836777342","0.63938347817355","2.03197011982491","0.770609980956985","0.254609148477108","0.9836","0.634824314259214","0.367371116775273","0.744087234253471","10_10"
"10.6755068737823","2.55279153621781","0.521374865716905","2.55903042056321","0.675506873782308","0.268015419852699","0.9984","0.485442906573444","0.544205881624337","0.758917669271145","10_10"
"10.7065778485259","2.34342072072454","0.564937043598878","2.35249763042437","0.706577848525929","0.251293660289309","0.997","0.52756186426133","0.369186965905087","0.768808835455892","10_10"
"10.7451715307188","2.16834920976327","0.599899378537916","2.16633162735449","0.745171530718792","0.266005239281874","0.9908","0.596470791935005","0.487599365364832","0.755607877248785","10_10"
"10.7755140012385","1.98989854398384","0.649436655904043","1.99311226011688","0.7755140012385","0.262904352433144","0.9804","0.651009620944334","0.391295315296321","0.751400704537988","10_10"
"10.7098195720269","2.3668048836893","0.567608191480708","2.34503808529454","0.709819572026909","0.257601420904886","0.9964","0.532609032106662","0.412323789332124","0.713834957022173","10_10"
"10.7813401904598","1.94334405117573","0.655102865555832","1.96107742981703","0.781340190459832","0.260061659432214","0.978","0.662761849410774","0.363963207188313","0.762761454621775","10_10"
"10.6185220636977","2.76435807891867","0.467722065581016","2.79400826387181","0.618522063697658","0.275009868148643","0.9998","0.423679679698121","0.615474356374383","0.739350991140475","10_10"
"10.6859674392935","2.52404829517146","0.539196742813394","2.48300866666646","0.685967439293506","0.261633618914137","0.998","0.499734319283954","0.456486055631115","0.734936567896368","10_10"
"10.4025905887413","3.29028141931677","0.347856853182968","3.64998610157914","0.402590588741348","0.296421186405804","1","0.5","0.4","0.75","15_10"
"10.4025905887413","3.29028141931677","0.347856853182968","3.64998610157914","0.402590588741348","0.296421186405804","1","0.5","0.4","0.75","15_10"
"10.235102248478","3.57319028584659","0.294077687558045","4.24742295759674","0.235102248478","0.316582643768829","1","0.2655086631421","0.380035179434344","0.79423986072652","15_10"
"5.24130965894307","3.11375499666348","0.334704089782888","3.59300497721604","0.241309658943071","0.429521387569681","0.712","0.37212389963679","0.777445221319795","0.107943625887856","15_10"
"10.433525219899","3.40186319688731","0.29970631569752","3.5214959193791","0.433525219899001","0.343749944759117","1","0.572853363351896","0.934705231105909","0.723710946040228","15_10"
"10.6040611996964","2.70967060911575","0.490893850172145","2.81619889979959","0.604061199696448","0.254203100508736","0.9918","0.908207789994776","0.212142521282658","0.411274429643527","15_10"
"10.1850758786981","3.78619086192338","0.204781438936661","4.42180953873091","0.185075878698134","0.368612678088456","1","0.201681931037456","0.651673766085878","0.820946294115856","15_10"
"10.613672677302","2.66386649310967","0.502500915228284","2.76040087727862","0.613672677302013","0.238305088604194","0.9998","0.898389684967697","0.125555095961317","0.647060193819925","15_10"
"10.650948287161","2.60497969826011","0.510439512282918","2.64327066472861","0.650948287161018","0.257147366665903","0.9998","0.944675268605351","0.267220668727532","0.78293276228942","15_10"
"10.4860920055571","3.11273571059619","0.395041304590435","3.3023631256927","0.486092005557067","0.287234560606195","1","0.660797792486846","0.386114092543721","0.553036311641335","15_10"
"10.4674774235084","2.94872788505627","0.435275467894977","3.36253021488236","0.467477423508391","0.229518532524433","1","0.62911404389888","0.0133903331588954","0.529719580197707","15_10"
"10.0580999998877","3.76149537086834","0.256502500855093","4.84349484018855","0.0580999998877143","0.36734566517734","1","0.0617862704675645","0.382387957070023","0.789356231689453","15_10"
"5.12589236736285","3.06522375722526","0.334115422654482","3.84768003272229","0.125892367362849","0.456100478938359","0.628","0.205974574899301","0.86969084572047","0.023331202333793","15_10"
"10.1505896166419","3.6628308239248","0.280169975581505","4.51028036573876","0.150589616641912","0.329524093869075","1","0.176556752528995","0.34034899668768","0.477230065036565","15_10"
"10.5160849388239","3.0748322318457","0.390149682940886","3.24408140972712","0.516084938823896","0.301465891014611","1","0.687022846657783","0.482080115471035","0.7323137386702","15_10"
"10.3152329754083","3.56131415324835","0.270895161767292","3.95958397117696","0.315232975408321","0.33668022740683","1","0.384103718213737","0.599565825425088","0.692731556482613","15_10"
"10.5413412695814","2.99828968617038","0.413486156918018","3.09600752669948","0.541341269581376","0.303258272869314","1","0.769841419998556","0.493541307048872","0.477619622135535","15_10"
"10.4243137285048","3.1470550193427","0.393232457569484","3.55727322178764","0.424313728504779","0.259473809275071","1","0.497699242085218","0.186217601411045","0.8612094768323","15_10"
"10.5035134570091","3.24587557649922","0.348313530970608","3.24394196697929","0.503513457009072","0.330781016843231","1","0.717618508264422","0.827373318606988","0.438097107224166","15_10"
"5.58989268340351","2.7230930262351","0.468664076281702","2.68072629853532","0.589892683403511","0.33392888534771","0.9042","0.991906094830483","0.668466738192365","0.244797277031466","15_10"
"5.07138595377739","2.89130088910541","0.402153905957352","4.24266972799519","0.0713859537773886","0.431141870708786","0.702","0.1","0.1","0.1","15_10"
"5.15158392667867","3.28903078508991","0.340207532594666","4.2652319105532","0.151583926678667","0.329094674665124","0.864","0.2","0.2","0.2","15_10"
"5.23391628978908","3.40250510860288","0.324425875488517","4.14113697137924","0.233916289789075","0.316876711009138","0.946","0.3","0.3","0.3","15_10"
"10.3120800626943","3.44394714176887","0.324537261530411","3.92587936234737","0.312080062694292","0.313227632358854","0.99","0.4","0.4","0.4","15_10"
"10.3894837695415","3.36937119050569","0.330658096219445","3.66257430031998","0.389483769541545","0.315643039107572","1","0.5","0.5","0.5","15_10"
"10.450940025992","3.29268805173891","0.343157399957443","3.44069843912889","0.450940025992031","0.312520055767301","1","0.6","0.6","0.6","15_10"
"10.5122537378756","3.17820832679135","0.367743456184901","3.24071249598046","0.51225373787556","0.319678273124325","1","0.7","0.7","0.7","15_10"
"10.5766801377186","3.03515403238771","0.400579072604231","2.98347492758396","0.576680137718572","0.324240782539095","1","0.8","0.8","0.8","15_10"
"10.6449410267731","2.81922366003595","0.449462471360049","2.70030838566703","0.644941026773072","0.339560586466545","0.9998","0.9","0.9","0.9","15_10"
"10.6881086626787","2.61601020780367","0.488326979426902","2.48872881857278","0.688108662678661","0.355546913111538","0.999","1","1","1","15_10"
"10.5875164766391","2.82496141229774","0.460352612759536","2.91325880110483","0.587516476639077","0.274954034623457","1","0.81286451990603","0.331721271371882","0.78158037913006","15_10"
"10.4407728831942","3.11531045984054","0.391160577531217","3.50728816640691","0.440772883194176","0.266973451170275","1","0.536358424750841","0.225785928199805","0.819230464786602","15_10"
"10.604725936719","2.68057705079806","0.494031103982202","2.83437423406277","0.60472593671901","0.239111581302433","1","0.863764747783375","0.140415430941445","0.721263712516647","15_10"
"10.6881086626787","2.61601020780367","0.488326979426902","2.48872881857278","0.688108662678661","0.355546913111538","0.999","1","1","1","15_10"
"10.5766801377186","3.03515403238771","0.400579072604231","2.98347492758396","0.576680137718572","0.324240782539095","1","0.8","0.8","0.8","15_10"
"10.650948287161","2.60497969826011","0.510439512282918","2.64327066472861","0.650948287161018","0.257147366665903","0.9998","0.944675268605351","0.267220668727532","0.78293276228942","15_10"
"10.450940025992","3.29268805173891","0.343157399957443","3.44069843912889","0.450940025992031","0.312520055767301","1","0.6","0.6","0.6","15_10"
"10.2096144699553","3.44220530259735","0.329846111479564","4.30253720212816","0.209614469955329","0.273085207381123","1","0.244243656291927","0.098970223798881","0.568049132000507","15_10"
"10.3120800626943","3.44394714176887","0.324537261530411","3.92587936234737","0.312080062694292","0.313227632358854","0.99","0.4","0.4","0.4","15_10"
"10.5844163057583","2.87467320793643","0.442986583009957","2.94812384379554","0.584416305758277","0.288689536130608","1","0.818833595357104","0.417579512826685","0.73366612182956","15_10"
"10.4667839505709","3.12699513203297","0.380970556168995","3.38507731481489","0.466783950570951","0.291889976222851","1","0.619331202624152","0.399507651169814","0.638700524767514","15_10"
"10.5413412695814","2.99828968617038","0.413486156918018","3.09600752669948","0.541341269581376","0.303258272869314","1","0.769841419998556","0.493541307048872","0.477619622135535","15_10"
"10.5346210891321","2.98012286397906","0.414778642565148","3.12733386165036","0.5346210891321","0.292689481431991","1","0.731887898940944","0.413050922135194","0.705338161523574","15_10"
"10.4457675323614","3.25647351953444","0.349812464761267","3.47697596429577","0.445767532361436","0.306528321397456","1","0.580165121767202","0.533443977243545","0.716214605089247","15_10"
"10.3488528767157","3.27940851085126","0.363928394415046","3.80611651413085","0.348852876715721","0.276910483492905","0.99","0.451211611680426","0.22147811024446","0.401373425795238","15_10"
"5.40387427335172","3.15971129187469","0.356291962992009","3.44603967341069","0.403874273351719","0.341676594127061","0.902","0.590559519541593","0.595127547423373","0.234661261551082","15_10"
"10.5873924928941","2.79631718991675","0.462341901718916","2.90738903338182","0.587392492894127","0.260453903346381","1","0.863342737711615","0.281171714618499","0.438250006790153","15_10"
"10.4198627942254","3.29199252146455","0.343992571649315","3.56445366666109","0.41986279422536","0.309380327230691","1","0.547288893345343","0.50262581543934","0.592103842785855","15_10"
"10.6881086626787","2.61601020780367","0.488326979426902","2.48872881857278","0.688108662678661","0.355546913111538","0.999","1","1","1","15_10"
"10.5763814462639","2.82557502226178","0.451067948161471","2.9529105368983","0.57638144626385","0.286910087614788","0.992","0.85699617831435","0.390664411038198","0.409901003848288","15_10"
"10.463437970929","3.15423640567588","0.382196668079099","3.39586757919174","0.463437970928995","0.294212505418369","1","0.621802285483575","0.414651587021259","0.537215921148688","15_10"
"10.4154377245298","3.24162065157017","0.365380013240781","3.58341132222186","0.415437724529806","0.290065258109063","1","0.534624937184321","0.385139665019872","0.675796481303278","15_10"
"10.3850019151985","3.37254604524989","0.328106153108635","3.71413171419157","0.385001915198506","0.311081806251756","1","0.480567045329927","0.486518393472751","0.717830593201276","15_10"
"10.4924438383075","3.10798981043624","0.390977183432752","3.28365474249455","0.492443838307534","0.301005476584877","1","0.64836366399216","0.442511788682275","0.774292750715899","15_10"
"10.4826104758745","2.9753955076292","0.426896302347911","3.30854623106919","0.482610475874489","0.250667405144413","1","0.645528846652136","0.131287233084596","0.631676138016784","15_10"
"10.4919231825299","3.10399576335088","0.391503740974447","3.28271774728308","0.49192318252994","0.296198085377208","1","0.670608043904527","0.431016370421275","0.630357180851123","15_10"
"10.3992484203873","3.21855654602856","0.361922860566299","3.56880824443842","0.399248420387328","0.301049861118879","0.968","0.541466589862695","0.386606441373907","0.325278303353116","15_10"
"10.4575685665564","3.25365709056584","0.350559899832697","3.43976277266605","0.457568566556372","0.308307834081959","1","0.586552318644409","0.566093875445892","0.782616742313057","15_10"
"10.5766801377186","3.03515403238771","0.400579072604231","2.98347492758396","0.576680137718572","0.324240782539095","1","0.8","0.8","0.8","15_10"
"10.4531394479502","3.26078007707154","0.348858846788792","3.44300554862208","0.453139447950224","0.310679854803725","1","0.60665624486695","0.59048131703462","0.578247335832293","15_10"
"10.4924438383075","3.10798981043624","0.390977183432752","3.28365474249455","0.492443838307534","0.301005476584877","1","0.64836366399216","0.442511788682275","0.774292750715899","15_10"
"10.3944014566547","3.32301520987855","0.357477194791815","3.64276974566343","0.394401456654734","0.301687852806723","0.99","0.52187377647669","0.396782607620849","0.403655212529955","15_10"
"10.2220495675707","3.45473360633297","0.326248810491758","4.29231026516185","0.222049567570687","0.282575791870384","1","0.251748892566526","0.163184440017231","0.774326437935535","15_10"
"10.4924438383075","3.10798981043624","0.390977183432752","3.28365474249455","0.492443838307534","0.301005476584877","1","0.64836366399216","0.442511788682275","0.774292750715899","15_10"
"10.4813637002728","3.10814746459457","0.391999083720348","3.3037385583668","0.481363700272777","0.284854118450211","1","0.648111792874999","0.382857345123275","0.601635128889283","15_10"
"10.5048802148696","2.96388674318046","0.422161301577436","3.24295048769326","0.504880214869579","0.260781178360464","1","0.672406210745983","0.22096266638345","0.719630010670189","15_10"
"10.5356640928162","3.09061090144159","0.391047746490987","3.14564950881574","0.535664092816185","0.31295706231428","1","0.751308529189486","0.593825367071339","0.589215476653512","15_10"
"10.4568294732943","3.14764501416188","0.379204649608857","3.44606961441084","0.456829473294347","0.288339629591774","1","0.58431744506583","0.381547254399607","0.748222355751757","15_10"
"10.5444901465346","2.92835942596499","0.436701637984291","3.07592838478565","0.544490146534635","0.276180488675965","0.996","0.78437930122428","0.320477775190404","0.423842887839661","15_10"
"10.330595883403","3.50954838930906","0.286404516094003","3.89551796186522","0.330595883402951","0.329703656995055","1","0.411810059833762","0.561287122983514","0.659049224863391","15_10"
"10.6305363995169","2.68063286027315","0.493172988662912","2.73507785349554","0.630536399516904","0.265658420797346","1","0.918365761213927","0.299014910625516","0.718513554548825","15_10"
"10.5152494735313","3.01404867173754","0.412022907406086","3.19575862431538","0.515249473531289","0.290161911412275","0.992","0.73512240183766","0.393881803417349","0.406245791318334","15_10"
"10.6809685404563","2.59344100765759","0.504918682732522","2.51919412284135","0.680968540456254","0.306150264749714","0.9992","0.944077682779839","0.587443387311903","0.956694062772232","15_10"
"10.5108828963784","3.04143453849139","0.403148166981682","3.22540435744416","0.510882896378422","0.290814760674792","1","0.693095225654648","0.406519851101006","0.684590664572692","15_10"
"10.4312481143813","3.2211779426267","0.357315243865391","3.49413063391805","0.431248114381271","0.301824093372986","1","0.567530756596791","0.444183119360482","0.60787388265616","15_10"
"10.4667978541279","3.30985442302001","0.335049805345265","3.39629933402956","0.466797854127914","0.325360646337151","1","0.648371364208047","0.780086590272901","0.440687638780424","15_10"
"10.4737853606967","3.04797849931352","0.403169083705473","3.36715307851024","0.473785360696731","0.271985640566004","1","0.622649023589538","0.275255044221474","0.701365289885968","15_10"
"10.6881086626787","2.61601020780367","0.488326979426902","2.48872881857278","0.688108662678661","0.355546913111538","0.999","1","1","1","15_10"
"10.3435099198916","3.26590296812953","0.371770964054058","3.84413880677744","0.343509919891583","0.262574093176576","1","0.418985915102575","0.103776976261259","0.691616649450172","15_10"
"10.6300898752294","2.80171365073291","0.465142376867255","2.75027295030406","0.630089875229351","0.298359853030494","0.9998","0.919687065003536","0.552972043629543","0.764569649744415","15_10"
"10.4042075066271","3.3341587610565","0.34915747938649","3.60437626624607","0.404207506627145","0.308342092044185","0.996","0.537501831939091","0.442864997888395","0.428266627158256","15_10"
"10.4878371538621","3.23875621959558","0.354931867734845","3.32502294380016","0.487837153862135","0.317131600992961","1","0.640836171278487","0.688643284471532","0.78501994968749","15_10"
"10.4362139067035","3.28837678569042","0.344636340214396","3.51517663376224","0.436213906703528","0.308061913056281","1","0.57375042545448","0.53143786269401","0.646169934479411","15_10"
"10.380053225649","3.34300881680441","0.340418381260233","3.69540756096747","0.380053225648953","0.300044702374703","1","0.484531803253531","0.430259836958263","0.614842269396135","15_10"
"10.4835545675456","3.05227561696402","0.403466508196875","3.33964281701416","0.483554567545609","0.276062984447492","1","0.608975301840911","0.295972564047599","0.805288580795229","15_10"
"10.4105281433565","3.15464186727848","0.392852460672715","3.58617998769375","0.41052814335654","0.256874801213588","1","0.528853188476242","0.161571711981455","0.612953158851573","15_10"
"10.496460674424","3.25196457856064","0.348416435967195","3.29444939957091","0.496460674424022","0.322938310361216","1","0.655347715677464","0.796655949963281","0.78903185917878","15_10"
"10.650948287161","2.60497969826011","0.510439512282918","2.64327066472861","0.650948287161018","0.257147366665903","0.9998","0.944675268605351","0.267220668727532","0.78293276228942","15_10"
"10.5718045023687","2.84503753695754","0.450608417484373","2.96035129207211","0.571804502368675","0.270134056131294","1","0.810689739661544","0.31896041572781","0.640334226613972","15_10"
"10.5120608898752","3.07856259903865","0.390389417604386","3.23277159166298","0.512060889875219","0.299939657404843","1","0.693788765905834","0.49649638054834","0.690776531615788","15_10"
"10.5474814004228","2.93752276186301","0.431244220534155","3.06268963570418","0.547481400422783","0.277683661639907","1","0.778249713485596","0.352621038435117","0.465939917623235","15_10"
"10.4797205204872","3.20744263753908","0.35856330598196","3.33401149062804","0.479720520487215","0.309393195218029","1","0.64833735925892","0.58339887400615","0.602794930096306","15_10"
"10.5102485027115","3.06448433983759","0.406389630056421","3.18964520883894","0.510248502711522","0.28346784171164","1","0.701468049732809","0.383227869445975","0.551869330647428","15_10"
"10.6302647556452","2.68246782542146","0.493197448818793","2.73377831030013","0.630264755645184","0.264646530855845","1","0.917934102409273","0.295902062363531","0.718791631599546","15_10"
"10.4914838636403","3.27224865641087","0.337587880168013","3.32072475612041","0.491483863640313","0.342340492670995","1","0.678918213016857","0.894768048776314","0.667636247864009","15_10"
"10.6881086626787","2.61601020780367","0.488326979426902","2.48872881857278","0.688108662678661","0.355546913111538","0.999","1","1","1","15_10"
"10.4898016673199","3.09849903869688","0.399639714436813","3.29388086681418","0.489801667319854","0.287279205915275","1","0.68176614497985","0.39351127909465","0.456011589560188","15_10"
"10.4939178609862","3.11094228649398","0.388557655754901","3.2703229504085","0.493917860986164","0.302717309456362","1","0.670501926527357","0.45460961242567","0.594294429213366","15_10"
"10.5133850776225","3.04871884966525","0.406605116429342","3.16646277072186","0.513385077622498","0.291502934475572","1","0.711896890103248","0.416521982771345","0.493003820365604","15_10"
"10.5223932524274","2.98576510648906","0.420729061720834","3.15718884721556","0.522393252427375","0.277026849902494","1","0.732895964534247","0.33139019671112","0.466736917878671","15_10"
"10.4502203932842","3.16171219149827","0.37090140677262","3.43394685059079","0.450220393284156","0.294682128665479","1","0.596672333795339","0.408868082779486","0.616793195026442","15_10"
"10.5384122416095","3.06547888122803","0.401152991196798","3.12702167077686","0.538412241609545","0.310178140660217","1","0.75743811692817","0.561682103826626","0.547118446869939","15_10"
"10.5432930115838","3.05506903999366","0.400420146275242","3.08956859865236","0.543293011583759","0.307766279630001","1","0.771376553365025","0.56846076530517","0.622724244742757","15_10"
"10.7012657846902","2.5378725729542","0.517011683653243","2.41861254031447","0.701265784690246","0.321682848158279","0.9984","0.999363847100546","0.674109619720964","0.973887209189369","15_10"
"10.5266439720144","3.01360863715528","0.411716661256195","3.16749037155934","0.526643972014439","0.289210410623088","1","0.722971628618771","0.410489711802791","0.680043263828411","15_10"
"10.3844064052871","3.34416433667346","0.351499435876253","3.67802432180693","0.384406405287063","0.305046104011298","0.99","0.507757314987943","0.407619657604267","0.399409950012341","15_10"
"10.4918869351263","3.11594056920533","0.388505852093641","3.30376586876638","0.491886935126287","0.301325653700742","1","0.583603346351178","0.448892436793068","0.916843193738177","15_10"
"10.560104235501","2.96750747810125","0.420702635738295","3.04143311322686","0.560104235500954","0.298406624341925","1","0.772607697923175","0.476597989470461","0.757717928437453","15_10"
"10.5051719470506","2.96516209726271","0.421539303066448","3.24217608594131","0.505171947050597","0.261632296406702","1","0.672837869550637","0.224075514645434","0.719351933619468","15_10"
"10.6020460207238","2.78879471337819","0.46181135546549","2.88067229230097","0.6020460207238","0.280581977059209","1","0.787116655637333","0.384973873753245","0.871518638384056","15_10"
"10.6809685404563","2.59344100765759","0.504918682732522","2.51919412284135","0.680968540456254","0.306150264749714","0.9992","0.944077682779839","0.587443387311903","0.956694062772232","15_10"
"10.5596099774048","2.90070657066376","0.438456331614639","2.99161641142931","0.559609977404797","0.278744176386728","1","0.790621715486005","0.344325017493979","0.606825458524727","15_10"
"10.6009023736365","2.95448602257319","0.406474885929701","2.90832356344621","0.600902373636508","0.348520057912595","1","0.900928456902353","0.981367400165195","0.697999075657958","15_10"
"10.4832095114123","3.09752296294577","0.391867245459903","3.33530853412438","0.483209511412307","0.290768559170056","1","0.628810753200374","0.389185381771469","0.756869365476126","15_10"
"10.4718515604765","3.16782761488078","0.382064743276923","3.35222508458488","0.471851560476465","0.301336259892072","1","0.633924723798399","0.440516766209915","0.496064096704506","15_10"
"10.4940958593559","3.25693244068769","0.351151996325743","3.32825768817679","0.494095859355929","0.320630371741764","1","0.631869259465241","0.718803102508014","0.820098011066116","15_10"
"10.6221871691156","2.74279782312079","0.476404448497324","2.78271025898801","0.622187169115594","0.279705503992959","1","0.900081978125573","0.366094452795755","0.702794912969694","15_10"
"10.4812431328309","3.20402156073656","0.359403292562992","3.35861279836297","0.481243132830901","0.308801596903911","1","0.63467444166765","0.574712946921537","0.729515874097332","15_10"
"10.6486734676047","2.72754759093446","0.474062153218705","2.659218403383","0.648673467604732","0.301130160007408","0.9996","0.945311421504806","0.593111049006568","0.80904555310005","15_10"
"10.5014074836463","3.01691908079205","0.414198201325444","3.25746472796095","0.501407483646304","0.273325970865074","1","0.666395575963353","0.315777802953035","0.712199979841305","15_10"
"10.5110768149462","3.04761402890663","0.403210735256642","3.22650226278833","0.511076814946179","0.293694900316276","1","0.649410236329671","0.41605878005836","0.825511928880587","15_10"
"10.512258597273","3.00598419958616","0.410124933546742","3.21003345925647","0.512258597272959","0.278683426054452","1","0.689150989048447","0.36324096430599","0.703506963578318","15_10"
"10.5905570895503","2.9156513851371","0.430137825945793","2.92891789019639","0.590557089550271","0.302676685419452","1","0.84035664042674","0.548049219143894","0.711070462275277","15_10"
"10.4920116222087","3.08473821722106","0.404691625458461","3.27332662471069","0.492011622208702","0.280163708379566","1","0.672555728686174","0.3573346141766","0.520099319776479","15_10"
"10.6221871691156","2.74279782312079","0.476404448497324","2.78271025898801","0.622187169115594","0.279705503992959","1","0.900081978125573","0.366094452795755","0.702794912969694","15_10"
"10.5344050251319","2.96611186243133","0.425991460788483","3.09421549043108","0.534405025131896","0.278574454545594","1","0.748239619416103","0.359536954673006","0.489321861924608","15_10"
"10.6881086626787","2.61601020780367","0.488326979426902","2.48872881857278","0.688108662678661","0.355546913111538","0.999","1","1","1","15_10"
"10.6491013311811","2.74798232781757","0.471664942814583","2.64931894990929","0.649101331181058","0.307335594965782","0.9998","0.958182175823898","0.6110890914526","0.790888511472872","15_10"
"10.5364945553259","2.96854254549073","0.424674980633995","3.08316722526322","0.536494555325852","0.280298207046348","1","0.753602335884906","0.379473006531374","0.507685260566076","15_10"
"10.528603693131","3.01149465556825","0.419002261327097","3.12945456027359","0.528603693130987","0.278364708664379","1","0.733758940055854","0.359477860569011","0.537473467072407","15_10"
"10.6881086626787","2.61601020780367","0.488326979426902","2.48872881857278","0.688108662678661","0.355546913111538","0.999","1","1","1","15_10"
"10.4613230575115","3.12842486832969","0.385732989285426","3.41662435326064","0.461323057511503","0.284826228295978","1","0.588009653415567","0.366184119181553","0.779210817046057","15_10"
"10.5671412669197","3.01727842868533","0.406028553300559","3.031288648036","0.567141266919743","0.311518044761771","1","0.798619788204818","0.62470263209499","0.730117144586437","15_10"
"10.5288659952193","3.07427345459471","0.399482632122437","3.13914216795611","0.528865995219336","0.307578532381703","1","0.742094462046314","0.533535345864741","0.524533502824001","15_10"
"10.4678642650612","3.16621592724384","0.372783603026723","3.37675328635402","0.467864265061224","0.303008484882054","1","0.607491877449239","0.472342911720715","0.773510066195577","15_10"
"10.4965737256771","3.09775412002488","0.391789496093706","3.29653478202884","0.496573725677145","0.295763231488072","1","0.660077932151047","0.433429631691975","0.725582808382911","15_10"
"10.6156670967482","2.91556839628884","0.426075438595214","2.82303163540003","0.615667096748195","0.330826982178984","0.9998","0.811297080441167","0.835487973292835","0.984307834763349","15_10"
"10.6881086626787","2.61601020780367","0.488326979426902","2.48872881857278","0.688108662678661","0.355546913111538","0.999","1","1","1","15_10"
"10.5271602804088","3.08144257029785","0.395617668892475","3.17450349490084","0.527160280408814","0.304705139565594","1","0.691594597164074","0.536848336159876","0.811822461760532","15_10"
"10.6848161840113","2.55398209966592","0.515770869689616","2.49609301022722","0.684816184011299","0.292837566372539","0.999","0.945042022145892","0.506157736997729","0.960556322372796","15_10"
"10.4899979197467","3.12988922809808","0.378325832140339","3.29520148802863","0.489997919746685","0.300685513953161","1","0.665322698892602","0.483117896900826","0.624245828910406","15_10"
"10.4903119048523","3.08204992382254","0.402175187185013","3.30607545066433","0.490311904852296","0.2798461182005","1","0.64743437906724","0.365358829874997","0.723284999333889","15_10"
"10.5301803192793","3.06092124007016","0.399113893001118","3.15066191244807","0.530180319279296","0.305004191371863","1","0.733549585830109","0.538231628898979","0.690451574412539","15_10"
"10.5874129470503","2.96842258454567","0.4299006569873","2.9161668062204","0.587412947050329","0.313355938428041","1","0.85920484608619","0.619121639132835","0.511992958607152","15_10"
"10.5249494502072","3.00379182726095","0.4116506932874","3.16322060519815","0.524949450207203","0.287198323502802","1","0.661989268898964","0.39848612056455","0.849832356533426","15_10"
"10.5315512677516","3.04740755373733","0.4015982702816","3.13874910876059","0.531551267751601","0.306931945000389","1","0.756575141406563","0.533594439968735","0.476381897676202","15_10"
"10.6214936542268","2.89562653516643","0.42820321708343","2.79227982562744","0.621493654226802","0.337593823784895","0.9998","0.842074633491442","0.878816136755516","0.91096231601126","15_10"
"10.5282291429035","3.05957212743093","0.400265131992303","3.13823704265813","0.528229142903537","0.306651360130451","1","0.73673174557751","0.513599294006373","0.506170104182533","15_10"
"10.6221871691156","2.74279782312079","0.476404448497324","2.78271025898801","0.622187169115594","0.279705503992959","1","0.900081978125573","0.366094452795755","0.702794912969694","15_10"
"10.7012657846902","2.5378725729542","0.517011683653243","2.41861254031447","0.701265784690246","0.321682848158279","0.9984","0.999363847100546","0.674109619720964","0.973887209189369","15_10"
"10.2684150660792","3.73774868142912","0.20747838865518","4.13684177676006","0.268415066079195","0.355611578596838","1","0.289980886038393","0.878816136755516","0.91096231601126","15_10"
"10.5158311993001","3.0151395503103","0.410663460602187","3.20603013093446","0.515831199300084","0.286940189812013","1","0.669380530560952","0.393870039580114","0.802039291015196","15_10"
"10.7012657846902","2.5378725729542","0.517011683653243","2.41861254031447","0.701265784690246","0.321682848158279","0.9984","0.999363847100546","0.674109619720964","0.973887209189369","15_10"
"10.654424582969","2.66558649906516","0.4942610229384","2.66882115582475","0.654424582969039","0.283206604544862","0.9998","0.862667722345181","0.412646287467236","0.934587801958842","15_10"
"5.45056318537945","2.83115339234727","0.413068525338102","2.96980907813092","0.450563185379455","0.408872129877699","0.795","0.779847826339431","0.997731514120419","0.166742393514141","15_10"
"10.6118250000499","2.8875023261291","0.435700324122493","2.83444473870056","0.611825000049852","0.305401582925845","1","0.892635906870268","0.610881232625269","0.703433090582384","15_10"
"10.7012657846902","2.5378725729542","0.517011683653243","2.41861254031447","0.701265784690246","0.321682848158279","0.9984","0.999363847100546","0.674109619720964","0.973887209189369","15_10"
"10.5234794645625","3.02636918665508","0.417446157629906","3.16287870660218","0.523479464562536","0.278397741101802","1","0.72370040989438","0.357867522533488","0.535494245851505","15_10"
"10.6563811392066","2.7067533007793","0.483614819289848","2.63315942164731","0.656381139206613","0.299780290804765","0.9996","0.979106903963445","0.585595191754823","0.782381724802397","15_10"
"10.5704312678425","2.96153333854483","0.420948417741527","3.02831811479838","0.570431267842529","0.298989287852822","1","0.716749179555923","0.520241064002698","0.904141255240222","15_10"
"10.5970436192964","2.92711214495475","0.428246473936556","2.8862775461102","0.597043619296404","0.307057422932511","1","0.863890662825159","0.627959820948605","0.716512583001353","15_10"
"10.5726321880814","2.90139529661968","0.439244715251234","2.95026663401588","0.572632188081359","0.296938348546286","1","0.830613919216813","0.453048404203499","0.515290382338563","15_10"
"10.6274156980533","2.71904874695017","0.477524729373253","2.76196425997389","0.627415698053286","0.279854790802847","0.9998","0.904523724107225","0.375284366714701","0.751080120375372","15_10"
"10.6473061207961","2.75910531491082","0.468806514617222","2.68143921821659","0.64730612079607","0.307393926105238","0.9998","0.878265948791856","0.616950768602666","0.897244645979601","15_10"
"10.5495786596861","3.07587718156268","0.398996418091457","3.09305374554471","0.549578659686132","0.310457260491238","1","0.776832084543664","0.622108867934876","0.667887382063175","15_10"
"10.6489867511844","2.67101032364117","0.492229370528887","2.68639119248709","0.648986751184437","0.288150068216438","0.9998","0.880230105811616","0.435698117571556","0.884016222993044","15_10"
"10.5032881054157","3.10422229076407","0.390731418352249","3.25882279973943","0.503288105415703","0.301741214204811","1","0.685795082438833","0.469295697397426","0.669440050423646","15_10"
"10.6805441957212","2.58421141808297","0.507788529802939","2.52861631710806","0.680544195721161","0.294207332913518","0.9992","0.940600276164239","0.496967823078784","0.912271114967118","15_10"
"10.6635570712813","2.7601910753084","0.468040362831674","2.61990494764033","0.663557071281325","0.340992023078096","0.9996","0.927001680788213","0.926556943292189","0.994062836811134","15_10"
"10.4911017194052","3.08085839774749","0.401822484849975","3.28927311213143","0.491101719405221","0.280029341665327","1","0.665164467024186","0.361950695161036","0.56789238529471","15_10"
"10.6599111308668","2.67355718248651","0.489419902633528","2.62156831919722","0.659911130866793","0.29578074317323","0.9996","0.919887439754043","0.522765009154907","0.868237528893106","15_10"
"10.6221871691156","2.74279782312079","0.476404448497324","2.78271025898801","0.622187169115594","0.279705503992959","1","0.900081978125573","0.366094452795755","0.702794912969694","15_10"
"10.6662108406923","2.65895607064458","0.481068499783547","2.57510357741086","0.666210840692263","0.320687259427191","0.9996","0.999731710653305","0.691689807511972","0.805679145198678","15_10"
"10.5495782440429","3.08794177716434","0.394193073717974","3.12300497051316","0.549578244042914","0.315827949850426","1","0.689419278395142","0.671551156794018","0.897827818379639","15_10"
"10.4972517721523","3.0697767935087","0.407901015011898","3.24817418617571","0.497251772152334","0.280040481389755","1","0.682614258847648","0.358944952212122","0.522078540997381","15_10"
"10.6881086626787","2.61601020780367","0.488326979426902","2.48872881857278","0.688108662678661","0.355546913111538","0.999","1","1","1","15_10"
"10.6881086626787","2.61601020780367","0.488326979426902","2.48872881857278","0.688108662678661","0.355546913111538","0.999","1","1","1","15_10"
"10.6149584708794","2.90707523694958","0.441343404644475","2.79288656159359","0.614958470879391","0.317786825645271","1","0.932203165297977","0.692564695840646","0.517930121796018","15_10"
"10.6276198510866","2.79868973729047","0.466631966556919","2.76101736644063","0.627619851086611","0.296100892909724","0.9998","0.911610961361814","0.514398143505295","0.769116190397565","15_10"
"10.5164314730232","3.08776024702791","0.394213435369748","3.19072989072351","0.516431473023235","0.303030189223686","1","0.711014595289724","0.477733228300922","0.562312862141799","15_10"
"10.6969230317513","2.39848908944367","0.564296714618973","2.40502315106708","0.696923031751306","0.236314079145149","0.9978","0.987908331252387","0.10212059924379","0.877780573867692","15_10"
"10.5972042465969","2.88031123129582","0.438899629558785","2.89310548159662","0.597204246596883","0.298701884988135","1","0.873320062597436","0.518472270398849","0.637464371841372","15_10"
"10.5795807118372","2.93831597263825","0.421519769055154","2.98662765214513","0.579580711837246","0.303007334148495","1","0.816801436655733","0.544856149656896","0.707230215102824","15_10"
"10.5607218607954","2.93810799240734","0.426689565195165","3.03286220374599","0.560721860795357","0.296606267934169","1","0.777182972975909","0.45149837979879","0.70900986827691","15_10"
"10.6813328808929","2.59116986347014","0.508346550761603","2.51820808118059","0.681332880892892","0.290902735665048","0.999","0.963426909188968","0.527025359133569","0.881449077819939","15_10"
"10.6530111590898","2.72933254895626","0.471126465498069","2.63927972273494","0.653011159089781","0.323546376102331","0.9996","0.911065874732589","0.701673851104574","0.892168391704393","15_10"
"10.6897790221574","2.61329549793222","0.496772962871199","2.48447792513055","0.689779022157436","0.323619486325889","0.9988","0.969164231079027","0.734024266466982","0.991847831288651","15_10"
"10.6473061207961","2.75910531491082","0.468806514617222","2.68143921821659","0.64730612079607","0.307393926105238","0.9998","0.878265948791856","0.616950768602666","0.897244645979601","15_10"
"10.6473061207961","2.75910531491082","0.468806514617222","2.68143921821659","0.64730612079607","0.307393926105238","0.9998","0.878265948791856","0.616950768602666","0.897244645979601","15_10"
"10.6789254307898","2.67805540938299","0.481223152583914","2.52862617199336","0.678925430789829","0.332988703431271","0.999","0.954092737376508","0.840352747059701","0.990374097659039","15_10"
"10.5879285470803","2.88926319338273","0.435329912003613","2.94880047066594","0.587928547080259","0.299378372766214","1","0.794532200560906","0.498866918946168","0.820902940643809","15_10"
"10.664921391986","2.67576266273987","0.482832934917743","2.60394977073772","0.664921391986023","0.319787583915123","0.9996","0.947547899273392","0.66148240409269","0.861554321766995","15_10"
"10.5628426400345","2.94311301296576","0.421723232627298","2.99817777891039","0.562842640034517","0.294868043197697","1","0.80743415812533","0.475951372189986","0.611835951187297","15_10"
"10.6473061207961","2.75910531491082","0.468806514617222","2.68143921821659","0.64730612079607","0.307393926105238","0.9998","0.878265948791856","0.616950768602666","0.897244645979601","15_10"
"10.6274156980533","2.71904874695017","0.477524729373253","2.76196425997389","0.627415698053286","0.279854790802847","0.9998","0.904523724107225","0.375284366714701","0.751080120375372","15_10"
"10.6563811392066","2.7067533007793","0.483614819289848","2.63315942164731","0.656381139206613","0.299780290804765","0.9996","0.979106903963445","0.585595191754823","0.782381724802397","15_10"
"10.5834136571809","2.86876543077116","0.440662534353371","2.9053739557225","0.583413657180877","0.285353273989214","1","0.83835534642104","0.401519215216833","0.60438311424026","15_10"
"10.5464345241247","3.09633206710663","0.394558285904722","3.11446109254849","0.546434524124738","0.312941396974036","1","0.766385905164409","0.609887065650063","0.668571933512898","15_10"
"10.7012657846902","2.5378725729542","0.517011683653243","2.41861254031447","0.701265784690246","0.321682848158279","0.9984","0.999363847100546","0.674109619720964","0.973887209189369","15_10"
"10.6599111308668","2.67355718248651","0.489419902633528","2.62156831919722","0.659911130866793","0.29578074317323","0.9996","0.919887439754043","0.522765009154907","0.868237528893106","15_10"
"10.5949108286703","2.93355401575941","0.425072367457904","2.91856692373651","0.594910828670302","0.307472429858807","1","0.84952592732784","0.61174745910068","0.7438661780722","15_10"
"10.5049393986995","3.09746822429426","0.390454636786725","3.24328651862476","0.504939398699547","0.307510379328645","1","0.696241261818088","0.481517499682239","0.47614038689062","15_10"
"10.6537016482055","2.7464854095798","0.463560320514858","2.63850354688453","0.653701648205503","0.327466114679996","0.9996","0.97264065406501","0.77789400374446","0.809367884350773","15_10"
"10.6149584708794","2.90707523694958","0.441343404644475","2.79288656159359","0.614958470879391","0.317786825645271","1","0.932203165297977","0.692564695840646","0.517930121796018","15_10"
"10.5703935570879","2.96495148064661","0.420041439762752","3.01820053638274","0.570393557087868","0.301053793670737","1","0.731113915053242","0.536453425850623","0.876787660169375","15_10"
"10.6881086626787","2.61601020780367","0.488326979426902","2.48872881857278","0.688108662678661","0.355546913111538","0.999","1","1","1","15_10"
"10.6881086626787","2.61601020780367","0.488326979426902","2.48872881857278","0.688108662678661","0.355546913111538","0.999","1","1","1","15_10"
"10.5922483878347","2.85496396618736","0.454602639722784","2.88247910814394","0.592248387834729","0.28423913821734","1","0.860835653488157","0.395366000218544","0.572492112681935","15_10"
"10.5137613196907","3.06923201120189","0.402494192984652","3.21973229939996","0.513761319690708","0.298323565662469","1","0.66265130485408","0.43966784621924","0.811914794324031","15_10"
"10.6025631766205","2.80864816751173","0.457142584803786","2.86141072206615","0.602563176620527","0.290988374689194","1","0.874301989835881","0.432966770699656","0.693878390032","15_10"
"10.6473061207961","2.75910531491082","0.468806514617222","2.68143921821659","0.64730612079607","0.307393926105238","0.9998","0.878265948791856","0.616950768602666","0.897244645979601","15_10"
"10.4875246704668","3.26191546247788","0.345946298436547","3.35674564221891","0.487524670466817","0.319016719399511","1","0.577510603936389","0.770338822512034","0.982821035923125","15_10"
"10.622793309315","2.78413284557626","0.461209223895666","2.80420410150551","0.62279330931501","0.295530752996247","1","0.819115269504321","0.493082390053353","0.896372553892434","15_10"
"10.6651528497557","2.68408620324489","0.486343922202768","2.58927363749942","0.665152849755692","0.31518762117803","0.9996","0.943410590395572","0.624668807471732","0.864918994583549","15_10"
"10.673685444528","2.63174381294821","0.496468571977975","2.55055111492667","0.673685444528023","0.313331950134243","0.9994","0.929719769036436","0.603610257898885","0.946710831782795","15_10"
"10.6413781515122","2.57945287970127","0.519901194361202","2.67474229596867","0.641378151512194","0.237762189718441","0.9994","0.94394606789999","0.129306000424549","0.721054767438575","15_10"
"10.3333190204001","3.38091735397414","0.343784168651495","3.89946640610149","0.333319020400055","0.28759405340277","1","0.357248281361535","0.295832101202792","0.962971419716923","15_10"
"10.6473061207961","2.75910531491082","0.468806514617222","2.68143921821659","0.64730612079607","0.307393926105238","0.9998","0.878265948791856","0.616950768602666","0.897244645979601","15_10"
"10.5911851563691","2.96836390927492","0.4239712970617","2.90813516843468","0.591185156369145","0.321789193610716","1","0.877151750625704","0.692157669497459","0.53242274704119","15_10"
"10.6881086626787","2.61601020780367","0.488326979426902","2.48872881857278","0.688108662678661","0.355546913111538","0.999","1","1","1","15_10"
"10.5949624248334","2.8980532430202","0.437385667507561","2.89606289601342","0.594962424833389","0.299334642618333","1","0.845927233387338","0.524148121551622","0.760515490996711","15_10"
"10.6473061207961","2.75910531491082","0.468806514617222","2.68143921821659","0.64730612079607","0.307393926105238","0.9998","0.878265948791856","0.616950768602666","0.897244645979601","15_10"
"10.5289986501672","3.03085157561662","0.404826571298729","3.18180274983668","0.528998650167182","0.303652129744353","1","0.716856097947195","0.465057726564736","0.725864361887695","15_10"
"10.6969230317513","2.39848908944367","0.564296714618973","2.40502315106708","0.696923031751306","0.236314079145149","0.9978","0.987908331252387","0.10212059924379","0.877780573867692","15_10"
"10.5841491034719","2.78002212473097","0.463486259981326","2.91576166963048","0.584149103471887","0.259233811729869","1","0.829546801066566","0.275416968175774","0.695736244095476","15_10"
"10.6281805188923","2.81549414881606","0.454124293768425","2.78061527633115","0.628180518892326","0.306588014384832","0.9998","0.878265948791856","0.616950768602666","0.829913498600945","15_10"
"10.5714736450533","3.00540433798173","0.410368129310251","3.00119006387158","0.571473645053304","0.30931019418418","1","0.821437319836682","0.61029409199325","0.654079308267726","15_10"
"10.6881086626787","2.61601020780367","0.488326979426902","2.48872881857278","0.688108662678661","0.355546913111538","0.999","1","1","1","15_10"
"10.6768024063733","2.55987559819943","0.514733391845422","2.53772138199961","0.676802406373326","0.283578814179072","0.9992","0.960476980812199","0.424725178963932","0.860048334981193","15_10"
"10.7012657846902","2.5378725729542","0.517011683653243","2.41861254031447","0.701265784690246","0.321682848158279","0.9984","0.999363847100546","0.674109619720964","0.973887209189369","15_10"
"10.672330578202","2.64345906404406","0.491483878042939","2.56620671673413","0.672330578201962","0.316034201284128","0.9996","0.939094706739974","0.636043496696721","0.908249814911024","15_10"
"10.6881086626787","2.61601020780367","0.488326979426902","2.48872881857278","0.688108662678661","0.355546913111538","0.999","1","1","1","15_10"
"10.6563811392066","2.7067533007793","0.483614819289848","2.63315942164731","0.656381139206613","0.299780290804765","0.9996","0.979106903963445","0.585595191754823","0.782381724802397","15_10"
"10.6638545816486","2.70089103282278","0.476583188652852","2.60231071256505","0.663854581648633","0.322895902783481","0.9996","0.908335473130908","0.714931538372926","0.980842662357228","15_10"
"10.6568828891627","2.64577211324932","0.496817361908677","2.62492220489335","0.656882889162742","0.285745851785411","0.9994","0.92474743535023","0.436590696718079","0.850616263285114","15_10"
"10.6906519799356","2.61163750563677","0.495412706089405","2.47014669075196","0.690651979935587","0.33079398229467","0.9986","0.99527186115678","0.806288498040998","0.914809154150769","15_10"
"10.6680919217674","2.70534492807765","0.478265726961916","2.59539518865315","0.668091921767422","0.326858007447673","0.9996","0.928272503866499","0.765931968940859","0.931241463165985","15_10"
"10.6962593525004","2.56067374578945","0.506740357934728","2.44703240243146","0.69625935250039","0.326698161697551","0.9986","0.989893035832197","0.744123544268631","0.981440270925284","15_10"
"10.5657358239354","2.94199325534372","0.43000238898876","3.01247495920117","0.565735823935434","0.29434039003204","1","0.759488671501785","0.445272074998657","0.810150559204665","15_10"
"10.6608331855336","2.69754351458126","0.476633160547885","2.6130997042607","0.660833185533599","0.321028310028907","0.9996","0.904086182301865","0.691371546721508","0.956377280472655","15_10"
"10.5002334851995","3.10096568854281","0.509730826752281","3.2065535033233","0.500233485199458","0.189136286671179","1","0.5","0.4","0.75","05_15"
"10.5002334851995","3.10096568854281","0.509730826752281","3.2065535033233","0.500233485199458","0.189136286671179","1","0.5","0.4","0.75","05_15"
"10.3257835529458","3.69403660384594","0.365643244850989","3.85475247058814","0.325783552945843","0.19099626619225","1","0.2655086631421","0.380035179434344","0.79423986072652","05_15"
"0.000219629678640051","0.00613967337286051","0.998496247462206","1.97822419377539e-05","0.000219629678640051","0.494385357733721","0.2394","0.37212389963679","0.777445221319795","0.107943625887856","05_15"
"10.5281367896875","2.99423901720671","0.532553106257393","3.07541549332323","0.528136789687465","0.193401826300456","0.9998","0.572853363351896","0.934705231105909","0.723710946040228","05_15"
"5.45221387862634","1.69741523275095","0.774869111069734","1.90880002658999","0.452213878626338","0.24836961552331","0.6014","0.908207789994776","0.212142521282658","0.411274429643527","05_15"
"10.2778161261612","3.82874082436147","0.335148111133725","4.06712304776408","0.277816126161172","0.194405979565126","1","0.201681931037456","0.651673766085878","0.820946294115856","05_15"
"10.6428248874004","2.443911394055","0.696929830816886","2.42451092212429","0.64282488740044","0.194272871216423","0.9782","0.898389684967697","0.125555095961317","0.647060193819925","05_15"
"10.7449385545172","1.76776924956664","0.827664139320117","1.99242261412317","0.744938554517154","0.196183713543178","0.952","0.944675268605351","0.267220668727532","0.78293276228942","05_15"
"5.49021076692881","2.9079231903864","0.54077461923531","3.00581491614124","0.490210766928814","0.195259742883454","0.9388","0.660797792486846","0.386114092543721","0.553036311641335","05_15"
"5.46356711080815","2.89916184823251","0.535064187165488","3.01450867758367","0.463567110808148","0.195443191225047","0.8942","0.62911404389888","0.0133903331588954","0.529719580197707","05_15"
"10.0838751040473","4.1388637557737","0.25486692384265","4.7551544058072","0.0838751040473121","0.201954228916271","1","0.0617862704675645","0.382387957070023","0.789356231689453","05_15"
"0.00019460742291323","0.00564824581362338","1.00554912850141","1.78051147070247e-05","0.00019460742291323","0.497539357047247","0.2","0.205974574899301","0.86969084572047","0.023331202333793","05_15"
"5.14235870046108","3.65033667131261","0.319177806325302","4.1260143578121","0.142358700461081","0.214292243751729","0.786","0.176556752528995","0.34034899668768","0.477230065036565","05_15"
"10.6060640831546","2.60593368886828","0.627121458762368","2.76007135349078","0.60606408315459","0.193135088201825","0.9986","0.687022846657783","0.482080115471035","0.7323137386702","05_15"
"10.3760233913071","3.52036720171941","0.397857743008626","3.66017794362825","0.376023391307106","0.191010198793096","1","0.384103718213737","0.599565825425088","0.692731556482613","05_15"
"5.47506656217287","2.42028331627867","0.65439782523299","2.56266339504183","0.475066562172874","0.215820776053545","0.7624","0.769841419998556","0.493541307048872","0.477619622135535","05_15"
"10.637277975327","2.48787560511741","0.671036684575164","2.62483325474046","0.637277975327045","0.189755190924996","0.999","0.497699242085218","0.186217601411045","0.8612094768323","05_15"
"5.42874318572228","2.34578972325741","0.648606624537626","2.61110067615448","0.428743185722285","0.22741125555586","0.699","0.717618508264422","0.827373318606988","0.438097107224166","05_15"
"0.000367468962648652","0.0084917426322727","0.969524428995054","3.40342582905386e-05","0.000367468962648652","0.483575343559302","0.3398","0.991906094830483","0.668466738192365","0.244797277031466","05_15"
"0.000217314676610256","0.00611591484035686","0.99108759506741","1.95804320461108e-05","0.000217314676610256","0.49380774790452","0.24","0.1","0.1","0.1","05_15"
"0.000288810757526854","0.00763087068502092","0.94997362972945","2.60207894368262e-05","0.000288810757526854","0.485679675095013","0.328","0.2","0.2","0.2","05_15"
"0.00089233372872406","0.0128272503011088","0.783830929701214","8.28456302402414e-05","0.00089233372872406","0.463264759753375","0.4454","0.3","0.3","0.3","05_15"
"5.25200492053531","2.71342350611819","0.489527492575646","2.9976743084202","0.252004920535308","0.229577463706763","0.6254","0.4","0.4","0.4","05_15"
"5.3748883286838","3.08916439062341","0.464601217253401","3.28249479125828","0.374888328683795","0.20401512401577","0.8462","0.5","0.5","0.5","05_15"
"10.4808598520481","3.07535351635391","0.507783928838192","3.15335873950779","0.48085985204807","0.192679775214466","0.9896","0.6","0.6","0.6","05_15"
"10.5877652499138","2.75093513847219","0.607115317648719","2.79979572562747","0.587765249913847","0.195294198263342","0.999","0.7","0.7","0.7","05_15"
"10.7108487721547","2.02269641931737","0.775490382255467","2.20451445527245","0.710848772154699","0.201072435556213","0.9852","0.8","0.8","0.8","05_15"
"5.72920742355141","1.15069458516298","0.967765510282282","1.30977791918094","0.729207423551405","0.257740772761684","0.8132","0.9","0.9","0.9","05_15"
"5.50493686520003","0.802347171892376","1.0499961810961","1.05231351849722","0.504936865200031","0.387352744782656","0.6572","1","1","1","05_15"
"10.7046548926316","2.05924618451005","0.759481625912291","2.26970558200931","0.704654892631602","0.194718265680545","0.983","0.81950341848534","0.397140614544097","0.780717056353978","05_15"
"10.3901796424475","3.47562316829017","0.407783954671508","3.64580205024403","0.390179642447491","0.191541168924104","1","0.354230193646142","0.422826922150631","0.763547641534227","05_15"
"10.708396187888","2.07547463748244","0.758265746432107","2.2279527744597","0.70839618788796","0.191400737968544","0.983","0.837837258220955","0.154042779872725","0.772404907135567","05_15"
"10.7449385545172","1.76776924956664","0.827664139320117","1.99242261412317","0.744938554517154","0.196183713543178","0.952","0.944675268605351","0.267220668727532","0.78293276228942","05_15"
"10.6060640831546","2.60593368886828","0.627121458762368","2.76007135349078","0.60606408315459","0.193135088201825","0.9986","0.687022846657783","0.482080115471035","0.7323137386702","05_15"
"5.49021076692881","2.9079231903864","0.54077461923531","3.00581491614124","0.490210766928814","0.195259742883454","0.9388","0.660797792486846","0.386114092543721","0.553036311641335","05_15"
"10.4808598520481","3.07535351635391","0.507783928838192","3.15335873950779","0.48085985204807","0.192679775214466","0.9896","0.6","0.6","0.6","05_15"
"10.5271994564383","2.83176154544307","0.570278406055027","2.88986794909588","0.527199456438349","0.196429389298005","0.963","0.705906597804353","0.630485804169482","0.578691290945862","05_15"
"10.7108487721547","2.02269641931737","0.775490382255467","2.20451445527245","0.710848772154699","0.201072435556213","0.9852","0.8","0.8","0.8","05_15"
"10.6433206031285","2.46251787905822","0.678349195020607","2.53609003453808","0.643320603128482","0.195153751176029","0.9932","0.825171850120011","0.570080054183435","0.702215705935442","05_15"
"10.4614871449661","3.21936399943668","0.473516388595809","3.33693780095151","0.461487144966109","0.189526194284888","1","0.423069634085227","0.642750238062158","0.780856238072605","05_15"
"10.5877652499138","2.75093513847219","0.607115317648719","2.79979572562747","0.587765249913847","0.195294198263342","0.999","0.7","0.7","0.7","05_15"
"10.5727130386989","2.80337674854027","0.594831148542141","2.86267841509675","0.572713038698913","0.191307773616867","0.9994","0.658965407211551","0.56861413419874","0.713545751429136","05_15"
"10.3978164145498","3.46443851483836","0.414844163680722","3.563225752345","0.397816414549792","0.191743720779214","1","0.412162060911275","0.599754921937814","0.689148163163587","05_15"
"10.5044297923271","2.97981563944092","0.53446695198602","3.00764746609469","0.50442979232712","0.192193110659445","0.9754","0.644362507957079","0.196151469835464","0.59057727715852","05_15"
"0.00033847926075047","0.00817956675915888","0.966205801875375","3.03507914848244e-05","0.00033847926075047","0.484258030215843","0.3374","0.79553374289535","0.988666848069988","0.234661261551082","05_15"
"10.6476355260107","2.44584218979031","0.683464212675874","2.57525445797369","0.647635526010716","0.190705825863381","0.9988","0.538733834873668","0.317603467212304","0.847663725403164","05_15"
"5.7710217583942","1.32519506277487","0.922712940581485","1.50195945984551","0.771021758394204","0.216417295167376","0.8706","0.867595956153562","0.526457091746451","0.874778419210396","05_15"
"10.7449385545172","1.76776924956664","0.827664139320117","1.99242261412317","0.744938554517154","0.196183713543178","0.952","0.944675268605351","0.267220668727532","0.78293276228942","05_15"
"10.5883187766464","2.69119954236214","0.61615787683523","2.79426710751352","0.588318776646399","0.190132063625518","0.9994","0.514134526614986","0.376180224119302","0.823668511315116","05_15"
"10.4675414208883","3.15241488865552","0.489768503276035","3.20728242957921","0.467541420888311","0.190969612676118","0.9902","0.571941657302462","0.599810903487274","0.603583393319026","05_15"
"10.2716287295228","3.81013949922529","0.33364677310259","4.04303648008609","0.271628729522848","0.195308035200568","1","0.262234357784198","0.623186082174471","0.695601580800215","05_15"
"10.7428671218881","1.70506311083413","0.842069615726918","1.86673967912716","0.742867121888052","0.206318000097298","0.9578","0.90446625710465","0.711333151930012","0.809770189528354","05_15"
"10.5621253743491","2.825072047804","0.571456178493467","2.95176197992133","0.562125374349106","0.191033211591605","0.9998","0.611278469495958","0.657208257283713","0.730692219192293","05_15"
"10.5156184303968","3.02574872837361","0.527778810240256","3.10383843090477","0.515618430396751","0.191848094466257","0.9998","0.592305026787582","0.684193662045787","0.662258173275592","05_15"
"10.5075008934727","3.06080581614641","0.519571388575522","3.13759242632249","0.507500893472726","0.189562774495372","0.9998","0.580548336564314","0.431016370421275","0.661452772764636","05_15"
"0.00157081006729087","0.0196153123714001","0.720098295039796","0.00014096088762256","0.00157081006729087","0.443839781135279","0.4808","0.278612296952229","0.40892352802372","0.325278303353116","05_15"
"5.39844998822116","2.66577087298718","0.57544055751059","2.86641186858081","0.398449988221156","0.215306284443224","0.7508","0.611711910460069","0.796887514437506","0.459405816278304","05_15"
"10.6060640831546","2.60593368886828","0.627121458762368","2.76007135349078","0.60606408315459","0.193135088201825","0.9986","0.687022846657783","0.482080115471035","0.7323137386702","05_15"
"5.76897020531161","1.54789228365399","0.878022268838754","1.74826489473058","0.768970205311608","0.215450566871837","0.946","0.81942689050422","0.955623023724584","0.857535319459804","05_15"
"10.6100623666137","2.5841831333539","0.642873623368358","2.75263328836628","0.610062366613664","0.191616596297583","0.9988","0.612997317438983","0.56937879672825","0.791034063967909","05_15"
"10.7168712638074","1.99934127352676","0.777121668012789","2.14113319665836","0.716871263807396","0.20119224681546","0.985","0.784116790310667","0.792422463968794","0.811306523053264","05_15"
"10.4794344028946","3.03204650728336","0.509724590784041","3.08384462206685","0.479434402894647","0.195023226601634","0.9714","0.610690102667799","0.697096087445712","0.577808572718517","05_15"
"10.5560244261924","2.84319826745998","0.56712503082276","2.95432462078405","0.556024426192405","0.189700854353942","0.9998","0.601137209176004","0.506801427391052","0.732634447347207","05_15"
"10.5623179458","2.83779385595651","0.598608740007998","2.80360811273843","0.5623179458","0.192430455010056","0.9944","0.725362812593654","0.552145794332911","0.632236964537644","05_15"
"10.6687720162154","2.27980757088014","0.707834518469549","2.43158084845944","0.668772016215379","0.19472137151924","0.997","0.674939716148567","0.694506669728013","0.808205450694084","05_15"
"10.6118834140941","2.64587858121768","0.633292502422568","2.67713118164395","0.611883414094071","0.192670850940072","0.9958","0.763566143425911","0.4332359143312","0.663468954139419","05_15"
"10.5055006614202","3.05164516851741","0.52028541179439","3.09345543412052","0.505500661420241","0.193473079075718","0.9994","0.603029818416712","0.576133859745939","0.64492443929289","05_15"
"10.589668464726","2.69670186333258","0.605592591792299","2.82172697634147","0.589668464725955","0.192986216217874","0.9988","0.66095967571201","0.532196587944091","0.727929144566122","05_15"
"5.45700850742159","3.01034215171363","0.509061406442748","3.09911233448965","0.45700850742159","0.197707926836062","0.9282","0.602211882974335","0.685353293870399","0.545437362686073","05_15"
"10.7089985399411","2.06323809227057","0.763859156354082","2.22605866497409","0.708998539941104","0.195315071619056","0.9766","0.925219053816051","0.345560678564102","0.729387088697638","05_15"
"10.6560981487895","2.3148000392019","0.695964140869389","2.50337823954406","0.656098148789494","0.19556706519441","0.995","0.722332946851336","0.645280675226825","0.77854253507674","05_15"
"10.7225516856306","1.90096525095117","0.79630453235503","2.1222444635066","0.722551685630599","0.19739142120166","0.9716","0.885288464285455","0.522927488198167","0.785584418202681","05_15"
"10.5634745661542","2.86960612584532","0.57796766530974","2.90980811840226","0.563474566154236","0.191054480780654","0.9996","0.654390370487138","0.598325466185881","0.699038862665754","05_15"
"10.4499806728691","3.27450674706331","0.457737392081343","3.38602068583656","0.44998067286913","0.189336252249403","1","0.489085395450619","0.551236236789358","0.669864110214064","05_15"
"10.5193685669725","3.04202685425229","0.532111713496253","3.08890191517965","0.519368566972515","0.190097062521419","0.9998","0.582943540544148","0.571509509935368","0.692325006433275","05_15"
"10.5427471957486","2.94389454907747","0.554086563726949","3.0018549934265","0.542747195748642","0.19054601926205","0.9998","0.627877246097301","0.592291177940075","0.672204705455272","05_15"
"10.7428671218881","1.70506311083413","0.842069615726918","1.86673967912716","0.742867121888052","0.206318000097298","0.9578","0.90446625710465","0.711333151930012","0.809770189528354","05_15"
"10.473487131702","3.05149633907283","0.501601091620957","3.12945452391601","0.473487131702041","0.196318007286267","0.971","0.601805054273316","0.795727882612894","0.576226626867823","05_15"
"10.728368057606","1.8877316652253","0.802106009753779","2.07398495829234","0.728368057605962","0.19922510987954","0.9742","0.859386804319896","0.544293180529365","0.797348344086739","05_15"
"10.3907377522645","3.48045387573807","0.408537465389119","3.58064457850209","0.390737752264524","0.191031978706316","1","0.402401281031863","0.612948571192809","0.690841253950213","05_15"
"10.499840652318","3.09801060653551","0.503878372793942","3.19256344170078","0.499840652318003","0.188485212339926","1","0.52216977206726","0.5136663599097","0.727107585900596","05_15"
"10.4643647391201","3.23716252490869","0.471141123680619","3.2874491779255","0.464364739120122","0.189336249242962","1","0.50362500202497","0.479535055569732","0.680736825714159","05_15"
"10.280099675201","3.7927665350608","0.336872466351756","4.01862660637114","0.280099675201032","0.194773245159274","1","0.27199513766361","0.609992432919476","0.693908490013589","05_15"
"10.4821369554025","3.0833970099898","0.50778057344741","3.12800456260472","0.482136955402536","0.192053381835692","0.9928","0.598004828248235","0.549694431014218","0.607967987423104","05_15"
"5.40809843732079","2.87132871573681","0.526864045190853","3.03779846536135","0.408098437320787","0.208739842038981","0.8056","0.572963465094732","0.699602330479068","0.485180636878813","05_15"
"10.5554498711292","2.89486281423031","0.570445542924566","2.94331300162924","0.555449871129236","0.191079482853524","0.9996","0.642154043258415","0.567860510273511","0.700199524560659","05_15"
"10.7449385545172","1.76776924956664","0.827664139320117","1.99242261412317","0.744938554517154","0.196183713543178","0.952","0.944675268605351","0.267220668727532","0.78293276228942","05_15"
"10.6739789118558","2.24933209999422","0.720235157018882","2.41421568454528","0.673978911855825","0.197227798616445","0.9896","0.840805010452041","0.674034739485712","0.732256958026563","05_15"
"10.5155587075259","3.05324585097224","0.526574471674692","3.11250603874771","0.515558707525872","0.190000694888701","0.9998","0.577015135501797","0.56816867749915","0.694354315933191","05_15"
"10.604585344796","2.6468316160316","0.63185735647432","2.69957045384848","0.604585344795974","0.191437550145923","0.9984","0.735658575116755","0.449245115208625","0.695941761551532","05_15"
"10.5050904573382","3.08061048749697","0.515864210013256","3.16925144028309","0.50509045733818","0.189011631204067","0.9998","0.551715721099495","0.563118832323345","0.710760528730066","05_15"
"10.5586464644013","2.85653070430805","0.566062966270128","2.95833677726815","0.558646464401275","0.190070785952421","0.9998","0.607277896656041","0.514289147896989","0.727316837455982","05_15"
"10.7088900896325","2.0609279594402","0.763423771268554","2.22708678169394","0.708890089632479","0.195449053604613","0.9772","0.924650290450688","0.351991217360533","0.730195912169179","05_15"
"10.5922037536309","2.65552002990765","0.624319242015302","2.81697896900203","0.59220375363093","0.195022186865966","0.999","0.598970329042345","0.894768048776314","0.786721879028873","05_15"
"10.7449385545172","1.76776924956664","0.827664139320117","1.99242261412317","0.744938554517154","0.196183713543178","0.952","0.944675268605351","0.267220668727532","0.78293276228942","05_15"
"10.5381467332655","2.94334128332516","0.545727184317691","3.03453570943307","0.538146733265496","0.189098769964777","0.9998","0.575851551123228","0.531573799956803","0.727719893010737","05_15"
"10.5517772474669","2.84542478463195","0.564264428018618","2.98076872467294","0.551777247466877","0.189462716383948","0.9998","0.564906598364458","0.485795019974636","0.761010360952002","05_15"
"10.5607878611997","2.86277181734499","0.579763836623231","2.91694250158289","0.56078786119974","0.190686074963738","0.9998","0.636995683991632","0.582453273256276","0.712503801238145","05_15"
"10.595456431754","2.72837871212704","0.610808500031022","2.76820347820126","0.595456431754001","0.190593397202045","0.9978","0.712834486193133","0.391850570805811","0.67775348326409","05_15"
"10.4987614035876","3.11711950396891","0.510980932756048","3.1726259778256","0.498761403587598","0.189321670691679","0.9998","0.551949107711608","0.595283067682692","0.691322167771218","05_15"
"10.5990569937265","2.64567072773423","0.617779773101378","2.75885665464818","0.599056993726489","0.193361491775549","0.9992","0.640904885748139","0.553369595850825","0.758561256555796","05_15"
"10.6262791973364","2.50364808915697","0.658554731027241","2.67995413454117","0.626279197336387","0.192966912135702","0.9982","0.649947558716523","0.576383039764731","0.782845762316988","05_15"
"10.7405588047251","1.76909765526929","0.827564573269543","1.9941196832272","0.740558804725064","0.197611054427544","0.9546","0.943992407852031","0.380941660956559","0.783251751635279","05_15"
"10.5997485278401","2.65727054788146","0.621824101421171","2.74856059804152","0.599748527840147","0.191686871067961","0.999","0.701469963073537","0.50494634454765","0.721497715647612","05_15"
"5.2648248720092","2.65331413125407","0.509403849012271","2.92044989496234","0.264824872009203","0.234809243031208","0.6248","0.42636527275224","0.562691885880624","0.399409950012341","05_15"
"10.5122918334607","3.01354300240645","0.520281928487233","3.16198287115473","0.512291833460713","0.190380363587761","1","0.50662482201793","0.601641996588746","0.76304990623116","05_15"
"10.5708001996139","2.8316994000612","0.591275221929559","2.87747393751739","0.570800199613866","0.191931021630798","0.9994","0.65298452260802","0.640634509965365","0.715837887598401","05_15"
"10.5563093648672","2.84871202840027","0.566384201967442","2.96014736246152","0.556309364867185","0.189700245649178","0.9998","0.601705972541367","0.500370888594621","0.731825623875665","05_15"
"10.6159245766624","2.54178973156114","0.641561502772931","2.68020620146557","0.615924576662368","0.193959044105838","0.9986","0.67272907444551","0.641788866419356","0.761498877584134","05_15"
"10.7428671218881","1.70506311083413","0.842069615726918","1.86673967912716","0.742867121888052","0.206318000097298","0.9578","0.90446625710465","0.711333151930012","0.809770189528354","05_15"
"10.6483112537549","2.38332254632942","0.68545439999687","2.58493683411776","0.648311253754908","0.194051840991335","0.9968","0.685382705573796","0.638276432190344","0.786730836727662","05_15"
"10.6610642628995","2.36078908150374","0.698515058571166","2.43360934131755","0.661064262899518","0.19256116885981","0.9896","0.840451727619284","0.278527243331594","0.710724110008472","05_15"
"10.4929539213425","3.12511315789623","0.501303998133091","3.20738695713818","0.492953921342479","0.189163497217164","0.9998","0.540751151933495","0.52868726963966","0.705376101050751","05_15"
"10.5232990967005","3.02815267771098","0.536274246300011","3.06550321942799","0.523299096700529","0.189026082305075","0.9998","0.591526658226149","0.554278635292547","0.6775808051086","05_15"
"10.4975073455971","3.09495519937147","0.501431878455691","3.23085268001058","0.497507345597141","0.190207911698369","1","0.503732320322751","0.679536718430133","0.742179801957808","05_15"
"10.6742249712983","2.28519994918262","0.723914376910829","2.38752738172506","0.674224971298276","0.198433607690531","0.9834","0.903421638112403","0.530034609015474","0.702794912969694","05_15"
"10.5164901394617","3.06263827648994","0.522012423936784","3.10613413155776","0.516490139461659","0.189206542955532","0.9998","0.558433755635563","0.55314776776919","0.716085800783036","05_15"
"10.7278341976259","1.89951339471497","0.800894061558277","2.09192714415673","0.727834197625899","0.196038111529355","0.9702","0.885971325038776","0.40920649596914","0.785265428856822","05_15"
"10.5694083549638","2.81192471043933","0.57497516878571","2.91352077740226","0.569408354963758","0.190534531108229","0.9998","0.624827234120361","0.391659929294567","0.724824559351416","05_15"
"10.5853690423468","2.71471544178713","0.615493830448916","2.80724740889725","0.585369042346837","0.192076563420168","0.9994","0.508948368707816","0.601214412501525","0.825511928880587","05_15"
"10.5201280391698","3.03328742950711","0.533233691247017","3.10349095786783","0.52012803916976","0.189788334999182","0.9998","0.584024290451895","0.558924674420491","0.697942461522581","05_15"
"10.6097528344441","2.59717069611526","0.631686738087446","2.72475079749449","0.609752834444089","0.192943958572127","0.999","0.636938451512788","0.564979855424675","0.775419484940988","05_15"
"10.5288141108698","3.00496659310698","0.53549897293596","3.06133203038662","0.528814110869757","0.190036869110777","0.9998","0.575202713915754","0.550647541159189","0.720696543704618","05_15"
"10.6159245766624","2.54178973156114","0.641561502772931","2.68020620146557","0.615924576662368","0.193959044105838","0.9986","0.67272907444551","0.641788866419356","0.761498877584134","05_15"
"10.5687543462361","2.81123361636626","0.574560672007142","2.92117103856296","0.568754346236094","0.191071293435368","0.9998","0.623768958080777","0.510403169116087","0.726396736311442","05_15"
"10.7310754376973","1.86927537991102","0.805669991907052","2.07225002796329","0.731075437697256","0.196201232784138","0.9644","0.901489251341673","0.381675875711216","0.78335013296443","05_15"
"10.6994670644831","2.05743505435195","0.763117908421436","2.24342386128096","0.699467064483098","0.19828007196418","0.9832","0.858936229313606","0.639090356449102","0.768062304696397","05_15"
"10.5625049820047","2.87018923671957","0.577125023704004","2.89408763639891","0.562504982004662","0.190568046676658","0.9998","0.632350984395609","0.528521183739093","0.719770709746034","05_15"
"10.5422091090801","2.95167382271872","0.55527104074317","2.97833300194702","0.542209109080143","0.188981925748987","0.9998","0.602946864401923","0.510382106348245","0.7148222267686","05_15"
"10.7428671218881","1.70506311083413","0.842069615726918","1.86673967912716","0.742867121888052","0.206318000097298","0.9578","0.90446625710465","0.711333151930012","0.809770189528354","05_15"
"10.472436655119","3.19768177848186","0.479739586251021","3.28667511096974","0.472436655118967","0.189037939888155","1","0.511143405010758","0.572213647381532","0.705567836353362","05_15"
"10.6165430651773","2.54839915668236","0.649423422488672","2.67363582438268","0.616543065177336","0.194604947257534","0.9984","0.682525711782676","0.654696068737187","0.754211686070101","05_15"
"10.5524589395843","2.9204409723438","0.565013878410129","2.96290833802329","0.552458939584303","0.189754650619723","0.9998","0.614932698452221","0.572420992734811","0.717932688802368","05_15"
"10.5161413726434","3.04117755208759","0.521915895318489","3.16942621438625","0.516141372643363","0.190068840304995","1","0.524540503559676","0.597652405279218","0.743454433179616","05_15"
"10.5105879250497","3.06283118926138","0.522526647109839","3.12953735053114","0.510587925049666","0.189958143736392","0.9998","0.567859772120444","0.569612515349666","0.70540672931841","05_15"
"10.6553637109443","2.35704235426655","0.689483708319692","2.55273667262422","0.655363710944335","0.194142144519681","0.9958","0.698391182429165","0.452625065291478","0.782589650575939","05_15"
"10.7391829787829","1.80279254990172","0.822394896617881","2.01585049457991","0.739182978782867","0.197334695837232","0.9578","0.928474481549133","0.408472281214483","0.785167047527671","05_15"
"10.5307238014892","2.98624271567832","0.541700115564007","3.01943839829751","0.530723801489154","0.18971563375576","0.9998","0.604535765429884","0.565681819632603","0.6850070824846","05_15"
"10.7092419121012","2.04361072128714","0.771031144082992","2.2024023067647","0.709241912101163","0.195538632954822","0.9784","0.890208932211864","0.435786700832441","0.756447652899215","05_15"
"10.5465222495533","2.91283756651701","0.558022544141976","3.0095598015905","0.546522249553265","0.190837972025287","0.9998","0.586310609841084","0.632600941221155","0.729513964794583","05_15"
"10.514247721261","3.05747058859564","0.523007553408512","3.10665751116847","0.514247721261002","0.18926243625956","0.9998","0.559940886714392","0.557244352289828","0.713635331463545","05_15"
"10.565923734918","2.80423616261686","0.57959043779258","2.93229274583178","0.565923734918012","0.19137244999394","0.9998","0.619080002449886","0.586442864565805","0.732099274289689","05_15"
"5.499346356683","2.61112710894071","0.605922897270712","2.7325148902089","0.499346356683","0.204920352893198","0.8416","0.746013898245173","0.509729198446851","0.511992958607152","05_15"
"10.548527860399","2.87922896112638","0.559043455401174","2.9974258382986","0.54852786039902","0.189652312772597","0.9998","0.587008075233321","0.583706984499762","0.735062874986398","05_15"
"10.5781162664173","2.76730268902118","0.591395369699487","2.88755476613485","0.578116266417335","0.191846680501118","0.9998","0.635754792131075","0.572442055502653","0.72950719834521","05_15"
"10.6509654292308","2.42356791788227","0.679526538447804","2.52167818703911","0.650965429230791","0.191925427464579","0.9928","0.789442050756922","0.394400075332743","0.722745860287596","05_15"
"10.5519125711037","2.90914054652445","0.562665373557773","2.96752866252778","0.551912571103742","0.190327942886635","0.9998","0.611922596252065","0.568221237414172","0.720049928948092","05_15"
"10.6159245766624","2.54178973156114","0.641561502772931","2.68020620146557","0.615924576662368","0.193959044105838","0.9986","0.67272907444551","0.641788866419356","0.761498877584134","05_15"
"10.7449385545172","1.76776924956664","0.827664139320117","1.99242261412317","0.744938554517154","0.196183713543178","0.952","0.944675268605351","0.267220668727532","0.78293276228942","05_15"
"10.5571187916269","2.85804248571894","0.577958147884649","2.96876546628227","0.557118791626905","0.22405659359094","1","0.5","0.4","0.75","10_15"
"10.5571187916269","2.85804248571894","0.577958147884649","2.96876546628227","0.557118791626905","0.22405659359094","1","0.5","0.4","0.75","10_15"
"10.3537780336452","3.6174997879023","0.380685327881649","3.77057205653145","0.353778033645162","0.213431771236805","1","0.2655086631421","0.380035179434344","0.79423986072652","10_15"
"0.000523039985467293","0.00949014672911353","0.876149059007018","4.84771888271203e-05","0.000523039985467293","0.480063546036355","0.408","0.37212389963679","0.777445221319795","0.107943625887856","10_15"
"10.5659964510739","2.7505736164787","0.597771092582641","2.93455029532889","0.565996451073947","0.278762779391721","1","0.572853363351896","0.934705231105909","0.723710946040228","10_15"
"5.61712353076928","1.92041302960221","0.782826742020784","2.13027300986324","0.617123530769282","0.248161858456186","0.8408","0.908207789994776","0.212142521282658","0.411274429643527","10_15"
"10.284760048197","3.86846522792331","0.320182854276487","4.0387385936331","0.284760048196984","0.232612816266732","1","0.201681931037456","0.651673766085878","0.820946294115856","10_15"
"10.7194764156649","1.8824645974938","0.807397749651981","2.10081341524421","0.719476415664889","0.226315893884976","0.9816","0.898389684967697","0.125555095961317","0.647060193819925","10_15"
"10.7609538895449","1.54586411759056","0.881817456848043","1.84349185981062","0.760953889544869","0.262492940392879","0.9628","0.944675268605351","0.267220668727532","0.78293276228942","10_15"
"10.6054655475696","2.59090215391784","0.640786024866556","2.72272021582538","0.605465547569557","0.230094458743452","0.9982","0.660797792486846","0.386114092543721","0.553036311641335","10_15"
"10.5888941121971","2.63618911817213","0.619517398277449","2.75235904801536","0.588894112197149","0.202169230935359","0.9902","0.62911404389888","0.0133903331588954","0.529719580197707","10_15"
"10.093059619204","4.19838032315276","0.24224216259311","4.71755808204292","0.0930596192039671","0.22912062899301","1","0.0617862704675645","0.382387957070023","0.789356231689453","10_15"
"0.0002914778835262","0.00737663681184614","0.957250516765786","2.64675272252028e-05","0.0002914778835262","0.490084261848709","0.32","0.205974574899301","0.86969084572047","0.023331202333793","10_15"
"10.203872867553","3.91922470676824","0.297210542356819","4.23079479105636","0.203872867553014","0.219850824715209","0.954","0.176556752528995","0.34034899668768","0.477230065036565","10_15"
"10.6621891502478","2.32153017992447","0.707595492631585","2.53581758986755","0.662189150247801","0.243828746155253","0.9982","0.687022846657783","0.482080115471035","0.7323137386702","10_15"
"10.4355336470676","3.37193641010828","0.448314098973895","3.44199227947927","0.435533647067593","0.236069802005771","1","0.384103718213737","0.599565825425088","0.692731556482613","10_15"
"5.61161919803312","2.36652819680365","0.686449036108338","2.48713448609981","0.611619198033117","0.258502717860417","0.9434","0.769841419998556","0.493541307048872","0.477619622135535","10_15"
"10.6061444279699","2.63474244930077","0.629000190675643","2.7631671818146","0.60614442796994","0.207406112496169","1","0.497699242085218","0.186217601411045","0.8612094768323","10_15"
"5.55867378686175","2.52763416675434","0.648368508099494","2.63844595841847","0.558673786861751","0.295764653390332","0.9156","0.717618508264422","0.827373318606988","0.438097107224166","10_15"
"5.41713865710735","0.767549439993373","0.911788978292199","1.03663327394798","0.417138657107352","0.456181623658346","0.5342","0.991906094830483","0.668466738192365","0.244797277031466","10_15"
"0.000441501308127185","0.0087764576861196","0.877647563290303","4.23863399106272e-05","0.000441501308127185","0.479152069485627","0.392","0.1","0.1","0.1","10_15"
"5.10859312022369","2.16503501304783","0.521975241750246","2.66480992977332","0.108593120223689","0.380415627713279","0.52","0.2","0.2","0.2","10_15"
"5.2251410800747","2.95198608261477","0.470589524433965","3.16072663019875","0.225141080074705","0.25640396370638","0.654","0.3","0.3","0.3","10_15"
"5.37021969190154","3.15837191491496","0.467388742449341","3.28804276741091","0.370219691901541","0.231459134659259","0.854","0.4","0.4","0.4","10_15"
"10.4873330371246","3.09385501184631","0.513555394584031","3.13748076537822","0.487333037124608","0.234621374012162","0.9772","0.5","0.5","0.5","10_15"
"10.5709162092227","2.7524421833021","0.590832899786776","2.8637693701966","0.570916209222726","0.245529390829801","1","0.6","0.6","0.6","10_15"
"10.6427073018555","2.40545679208624","0.68712550399824","2.60007251621999","0.64270730185554","0.269154241979212","0.9988","0.7","0.7","0.7","10_15"
"10.7115456451692","1.9479564353664","0.795356591371405","2.23059145194224","0.711545645169203","0.300736547862502","0.9942","0.8","0.8","0.8","10_15"
"10.7709398975403","1.63158587317684","0.866572658404608","1.9106784012429","0.770939897540273","0.334718101611427","0.973","0.9","0.9","0.9","10_15"
"10.7896558282623","1.44468284487923","0.909086502337776","1.73627426930077","0.789655828262315","0.377273307554598","0.9558","1","1","1","10_15"
"10.7032216780132","2.04178905255014","0.763917824794691","2.28675545757988","0.703221678013188","0.281706394039353","0.9956","0.694189537586249","0.685723199218329","0.89896363764996","10_15"
"10.5191002637791","3.00445328951086","0.522171246488693","3.11477744233422","0.519100263779081","0.222589238649498","1","0.499530193708821","0.458035087590003","0.617639397509748","10_15"
"10.7219489088228","1.92386522467184","0.792642851204773","2.13763390534728","0.721948908822806","0.220868837347757","0.9878","0.853691943119592","0.151221297520716","0.679982111385197","10_15"
"10.7896558282623","1.44468284487923","0.909086502337776","1.73627426930077","0.789655828262315","0.377273307554598","0.9558","1","1","1","10_15"
"10.6621891502478","2.32153017992447","0.707595492631585","2.53581758986755","0.662189150247801","0.243828746155253","0.9982","0.687022846657783","0.482080115471035","0.7323137386702","10_15"
"10.7709398975403","1.63158587317684","0.866572658404608","1.9106784012429","0.770939897540273","0.334718101611427","0.973","0.9","0.9","0.9","10_15"
"10.5571187916269","2.85804248571894","0.577958147884649","2.96876546628227","0.557118791626905","0.22405659359094","1","0.5","0.4","0.75","10_15"
"10.6224329465785","2.44433597881187","0.674902500547565","2.66985406050644","0.622432946578477","0.296225711060699","0.9994","0.703203460497087","0.920314362002952","0.686120127934257","10_15"
"10.093059619204","4.19838032315276","0.24224216259311","4.71755808204292","0.0930596192039671","0.22912062899301","1","0.0617862704675645","0.382387957070023","0.789356231689453","10_15"
"10.7138259941168","2.01686041942355","0.78263031570003","2.23366647583912","0.713825994116769","0.242080689522114","0.9946","0.703509704498969","0.400494402192715","0.862245839182341","10_15"
"10.5447447496334","2.91219937113936","0.550584007182558","3.00558042606906","0.544744749633424","0.239566086834804","1","0.544324592823972","0.599581219834473","0.640331169081194","10_15"
"10.6427073018555","2.40545679208624","0.68712550399824","2.60007251621999","0.64270730185554","0.269154241979212","0.9988","0.7","0.7","0.7","10_15"
"10.6393033154192","2.4563193320785","0.678454489210647","2.60886438388595","0.639303315419225","0.224455518911165","0.9998","0.559017788928716","0.343175745702594","0.85606630302782","10_15"
"10.5545490375989","2.86656349550957","0.577480536133002","3.00281713634679","0.554549037598941","0.245960322866501","1","0.509468178973177","0.632880735955125","0.748984121221554","10_15"
"10.1931458467657","4.10302624470692","0.258689566607146","4.37160479419527","0.193145846765682","0.255711297420688","1","0.136175360123909","0.77924674383521","0.790652831732067","10_15"
"5.21803627951944","1.96155961905074","0.679719467448153","2.33725543606443","0.218036279519442","0.402546631945207","0.554","0.403433769797853","0.634090147982476","0.234661261551082","10_15"
"10.6967695671908","2.05750142504489","0.764330254744989","2.2929312418905","0.696769567190828","0.275639842893391","0.9962","0.738681453156502","0.64304185570845","0.80514317380448","10_15"
"10.4892265314439","3.12373715664823","0.497958043851173","3.25174739055637","0.489226531443909","0.222919022165947","1","0.407003946354016","0.49661142356445","0.779484664194352","10_15"
"10.7896558282623","1.44468284487923","0.909086502337776","1.73627426930077","0.789655828262315","0.377273307554598","0.9558","1","1","1","10_15"
"10.7061361590851","2.07073364725016","0.763983512203999","2.29169709327264","0.706136159085142","0.240200409452842","0.9954","0.725610910343655","0.403141213234813","0.798703399957386","10_15"
"10.5745332500319","2.73467513573557","0.599469339778718","2.88841071723851","0.574533250031878","0.254987321158034","1","0.56338518437872","0.701824495150783","0.724726824818674","10_15"
"10.4688396880764","3.22712085253683","0.471763825176375","3.32094067053881","0.468839688076428","0.230750843688953","1","0.428801460061841","0.57389962386569","0.659809638917341","10_15"
"10.4089993334771","3.43600168866135","0.426591842921391","3.5698720861938","0.408999333477146","0.202554940780798","1","0.295947403324822","0.203801219514446","0.846477152839638","10_15"
"10.5613586913813","2.85331825337192","0.575326215806281","2.9754878070686","0.561358691381306","0.210513200372883","1","0.498169048376398","0.228182513821041","0.743570079322552","10_15"
"10.5903192514186","2.67227513514143","0.619393343405399","2.83179040045183","0.590319251418558","0.262606086696585","1","0.551550210499247","0.746426385472806","0.792907792634615","10_15"
"10.5821877491667","2.71004372238746","0.605831450277193","2.85902087359014","0.582187749166748","0.229325200546464","1","0.519002394937867","0.431016370421275","0.792012630237913","10_15"
"5.32794611683384","2.77489969701955","0.532379154588289","2.92552593016672","0.327946116833842","0.301623366678373","0.7054","0.439779125389765","0.599984605590616","0.325278303353116","10_15"
"5.51171239783639","2.88129766000744","0.559363552658942","2.95125016577143","0.511712397836394","0.279182035129896","0.9498","0.587268411119232","0.841764187709945","0.475687925330137","10_15"
"10.6621891502478","2.32153017992447","0.707595492631585","2.53581758986755","0.662189150247801","0.243828746155253","0.9982","0.687022846657783","0.482080115471035","0.7323137386702","10_15"
"10.541543203365","2.88219830891357","0.558925006827091","3.04160489993543","0.541543203365031","0.245347688063817","1","0.481700831341223","0.637142457992464","0.773775368591704","10_15"
"10.6393033154192","2.4563193320785","0.678454489210647","2.60886438388595","0.639303315419225","0.224455518911165","0.9998","0.559017788928716","0.343175745702594","0.85606630302782","10_15"
"10.3626960065063","3.62789959470957","0.377271430523264","3.75775819060018","0.362696006506277","0.240514634320069","1","0.283077821527858","0.676832032846006","0.76911544146201","10_15"
"10.1069243760913","4.19204053191032","0.23682428533146","4.66342050100777","0.106924376091335","0.235426222348032","1","0.0725750368525295","0.511385076804605","0.776560780577315","10_15"
"10.6393033154192","2.4563193320785","0.678454489210647","2.60886438388595","0.639303315419225","0.224455518911165","0.9998","0.559017788928716","0.343175745702594","0.85606630302782","10_15"
"10.6228978198002","2.51840323526948","0.665297605309756","2.68762477079279","0.62289781980024","0.245299393160553","1","0.558196786253249","0.553720640083201","0.846540360278403","10_15"
"10.5969217321572","2.65866249567575","0.62803094811703","2.74317192067477","0.596921732157167","0.212825788524725","0.9996","0.591675114537241","0.238204687421693","0.682198891895967","10_15"
"10.6676920795955","2.26008541916649","0.718998993271781","2.477781426565","0.667692079595484","0.23411555342663","0.998","0.678572188177225","0.403879100970868","0.752727444551282","10_15"
"10.5693676202317","2.75098608314493","0.594424140290411","2.92245829684408","0.569367620231693","0.270452556395096","1","0.601082108341648","0.843004266823188","0.657545818581019","10_15"
"10.6421175328491","2.40697920562751","0.678212519375886","2.61080952863927","0.642117532849148","0.245946811363885","0.9988","0.654705062976813","0.532098814586272","0.729180784810738","10_15"
"10.3841422422742","3.5537411220966","0.394314337871737","3.66895286183976","0.38414224227417","0.243636660763988","1","0.307328189994081","0.698537458922625","0.761946307058485","10_15"
"10.7861796574038","1.48670374098745","0.894304115246005","1.79458245255719","0.786179657403802","0.344972594373558","0.958","0.960805608684618","0.877295730338075","0.94547226995951","10_15"
"10.5784846617064","2.74076402623412","0.607105562828659","2.90183062043751","0.578484661706433","0.241595985840337","1","0.540120385253835","0.584494826460239","0.753851128940258","10_15"
"10.7779071856895","1.44223812408186","0.897574813522225","1.77052844371214","0.77790718568953","0.3109541859636","0.9556","0.939942963105308","0.592629650390108","0.95028033586426","10_15"
"10.6000858720014","2.62993010761488","0.628320742718898","2.79841995107003","0.600085872001434","0.237278604761604","0.9998","0.571233721633247","0.495911441946699","0.74378143691253","10_15"
"10.5172424358085","3.03478718420998","0.531585155223043","3.1301364172692","0.51724243580854","0.220328610980591","1","0.448650592519116","0.419428007922131","0.754477659550209","10_15"
"10.5789724743587","2.7315079078589","0.601825072366222","2.8943729454504","0.578972474358695","0.232774709797349","1","0.522793071378551","0.482780097088786","0.768016965952022","10_15"
"10.6073851672305","2.56365344054306","0.647177518297473","2.74511550375539","0.607385167230546","0.260807273558765","0.9994","0.646445944979411","0.676891315014236","0.668905478434431","10_15"
"10.7896558282623","1.44468284487923","0.909086502337776","1.73627426930077","0.789655828262315","0.377273307554598","0.9558","1","1","1","10_15"
"10.395853686121","3.48325341737643","0.411540329376336","3.60444219042355","0.395853686121008","0.213339306000536","1","0.317843264852203","0.385674993298181","0.752136749449643","10_15"
"10.734015810614","1.79400374266358","0.819700765484271","2.10266607624327","0.734015810614039","0.285343481410688","0.9852","0.913748980014284","0.558591647130608","0.729701775520937","10_15"
"10.4768124727513","3.2045384534257","0.488231279131304","3.29820269443992","0.476812472751253","0.227641940710598","1","0.408423035213399","0.540130967454942","0.748087241294629","10_15"
"10.5928552078012","2.66700456948923","0.617637681955863","2.82090839452325","0.592855207801236","0.232526916774405","0.9998","0.574570500216934","0.475625954627361","0.718482992020163","10_15"
"10.5316975697596","2.96145372419889","0.548372132600744","3.06773394878347","0.531697569759625","0.215069921571376","1","0.456522402211298","0.30536592946336","0.768577083966695","10_15"
"10.4719668526314","3.1969916668023","0.484507966844963","3.28482131101059","0.471966852631433","0.227668547928512","1","0.427382371202458","0.530380079975198","0.691207061817064","10_15"
"10.567057146869","2.80639093738263","0.581591581483338","2.90430560259804","0.567057146868956","0.239554925887056","1","0.576642376504941","0.549562520719237","0.643464122940656","10_15"
"10.5453077004039","2.90082491936356","0.559762905977642","3.03084595448799","0.545307700403899","0.229257517045178","1","0.470912064956258","0.508145338257881","0.786570819703842","10_15"
"10.6049174664919","2.5762530620004","0.636851385473664","2.77117533141335","0.604917466491873","0.253863845260888","1","0.560109264979277","0.639162754737582","0.802415729253198","10_15"
"10.7709398975403","1.63158587317684","0.866572658404608","1.9106784012429","0.770939897540273","0.334718101611427","0.973","0.9","0.9","0.9","10_15"
"10.7225361646202","1.9198828775062","0.800719024152423","2.17600078754384","0.722536164620217","0.242205628577984","0.9906","0.781019223520219","0.344032980520298","0.789795849727143","10_15"
"10.5898511365746","2.67986577523718","0.606398924900687","2.8018249162687","0.589851136574585","0.23207038886009","1","0.611982540149669","0.464489248433677","0.631470144159785","10_15"
"10.6444214184419","2.40430227547214","0.684458738079577","2.59696188828021","0.644421418441939","0.243847575595873","0.999","0.636969657793764","0.509883129807998","0.76148059627164","10_15"
"10.5702097444902","2.79738456486206","0.590780244483304","2.91871762024269","0.570209744490166","0.219506103715531","1","0.497178758147554","0.348488708421339","0.782130820316969","10_15"
"10.5957755949972","2.63609849377215","0.628681008579274","2.80815975789981","0.59577559499723","0.244212034430557","1","0.551708566700253","0.576384261154702","0.779885403860969","10_15"
"10.7614790984782","1.64115557526522","0.861926614334444","1.94417196531188","0.761479098478236","0.334163396579936","0.9766","0.899403492045286","0.889597393726978","0.875694569910295","10_15"
"10.6274378374287","2.45895003932009","0.671533893006127","2.66749731720278","0.627437837428739","0.286510191603505","0.9998","0.649881432075892","0.894768048776314","0.75991998024947","10_15"
"10.7896558282623","1.44468284487923","0.909086502337776","1.73627426930077","0.789655828262315","0.377273307554598","0.9558","1","1","1","10_15"
"10.6231051207588","2.5443867108419","0.654831644748303","2.67932057550083","0.623105120758846","0.223534365922513","1","0.547429607482298","0.351286311008131","0.830032028107109","10_15"
"10.5945543828912","2.66882091929817","0.618050776702131","2.80680803701904","0.594554382891155","0.229068897271342","1","0.510489623300278","0.414115045203386","0.82841314226106","10_15"
"10.606899888896","2.61689059584549","0.637294406759454","2.73947768557914","0.606899888895964","0.224172244957386","1","0.536664988102871","0.369625514816469","0.812840629654551","10_15"
"10.6356289643439","2.43582263716787","0.679258250824945","2.60598227236499","0.635628964343883","0.250596449189472","0.9988","0.67690240801187","0.552242276233734","0.696309278886857","10_15"
"10.5255390994182","2.96598718515721","0.545242536850685","3.06287029746816","0.525539099418183","0.244646298349928","1","0.510689903028018","0.667425338019165","0.674804226501405","10_15"
"10.6396809263387","2.44290896656914","0.67894333347646","2.61328537318845","0.639680926338727","0.225646459843501","0.9998","0.576753194111765","0.365391430480868","0.823766491566918","10_15"
"10.6367098218039","2.41248538650067","0.679795125985703","2.61539960404955","0.636709821803891","0.225116842436515","0.999","0.599421488269607","0.348777465473427","0.788326817105805","10_15"
"5.78800189334222","1.39659079953168","0.915953527036183","1.72448870654338","0.788001893342223","0.351948394021367","0.9468","0.999309432559543","0.818829390400193","0.994018815541005","10_15"
"10.6449181855209","2.3784229153457","0.682595366983186","2.58945753818141","0.644918185520872","0.247368407761128","0.9988","0.664228943204872","0.536729450872071","0.724599558451144","10_15"
"5.32948385330163","3.31139389182961","0.423792548263687","3.49360462307272","0.329483853301633","0.226379569873474","0.854","0.340196065678048","0.359225224184306","0.399409950012341","10_15"
"10.5730864519591","2.78459459881617","0.589726192869279","2.92610072871271","0.573086451959057","0.225488671549184","1","0.448951877977341","0.405765681581904","0.946485518353413","10_15"
"10.6597581671888","2.27438424634042","0.715031216195562","2.44269079098071","0.659758167188808","0.23793472373072","0.9976","0.743120331593996","0.395397096689617","0.661346013637458","10_15"
"10.6127510224056","2.55767883954542","0.65346570447927","2.72086075141592","0.612751022405583","0.255993431792959","1","0.560705772933991","0.649565361010604","0.826721159342902","10_15"
"10.719245150091","1.9203893634502","0.795349955015589","2.2063731457327","0.719245150090956","0.302853900787209","0.9938","0.746205306733942","0.793123660142244","0.900819993841115","10_15"
"10.7861796574038","1.48670374098745","0.894304115246005","1.79458245255719","0.786179657403802","0.344972594373558","0.958","0.960805608684618","0.877295730338075","0.94547226995951","10_15"
"10.6744519189185","2.2740449690418","0.720589335160757","2.45368299455364","0.674451918918492","0.233766116405872","0.9986","0.638168488836334","0.398277381200035","0.820466930473298","10_15"
"10.7368594785681","1.82862175960659","0.817425558510258","2.10603219282833","0.736859478568054","0.333318740913905","0.9892","0.868891386874862","0.979909311716277","0.80565123109623","10_15"
"10.5691671646895","2.7558582997801","0.591520438923497","2.89250280691997","0.569167164689512","0.262454598707964","1","0.604775129072062","0.738685034648674","0.640244855220766","10_15"
"10.5688804593117","2.79215372665291","0.595271451564034","2.89620125334275","0.568880459311676","0.235253653691725","1","0.563138413153851","0.539846056970269","0.68530831375009","10_15"
"10.6125884695734","2.55397250171651","0.650679795215927","2.74235311779577","0.612588469573375","0.2853694154878","1","0.561122883260139","0.905413798780381","0.86112631321737","10_15"
"10.722189206263","1.91743864919135","0.793358056718573","2.17414635757574","0.722189206262971","0.27690159886585","0.9886","0.888471481873574","0.579315919041291","0.702794912969694","10_15"
"10.5834142711409","2.72236113568756","0.605167678759708","2.82663283820724","0.58341427114088","0.246217829539089","0.9998","0.608289519419255","0.568808480608191","0.648771107520038","10_15"
"10.7732983781901","1.4829835309462","0.894812730749964","1.79075949240892","0.773298378190122","0.337009924402291","0.961","0.940633530545765","0.773800259989915","0.956261520323255","10_15"
"10.5873072358981","2.66981473738094","0.608667711513624","2.85956317262625","0.58730723589806","0.23990972079885","1","0.565397883394544","0.563770554549555","0.731006282713696","10_15"
"10.621289833423","2.52274839773538","0.659862114543303","2.69916156388463","0.621289833422987","0.244775419239893","1","0.563272653087559","0.554805744773688","0.825511928880587","10_15"
"10.5662059984318","2.80691320818576","0.593020004278522","2.90921582979506","0.56620599843183","0.242198453509968","1","0.565290346199848","0.573013201568843","0.671989408983942","10_15"
"10.6448039731633","2.36275233108654","0.691879227533224","2.53346852304918","0.644803973163339","0.245047948525247","0.9976","0.71309634231576","0.484856280264368","0.660458873764116","10_15"
"10.6128273941891","2.54389482590072","0.649135700519295","2.72637006608513","0.612827394189092","0.242070958108208","1","0.576149770975085","0.5352973478963","0.781096075891376","10_15"
"10.6449181855209","2.3784229153457","0.682595366983186","2.58945753818141","0.644918185520872","0.247368407761128","0.9988","0.664228943204872","0.536729450872071","0.724599558451144","10_15"
"10.6191085295617","2.55354628064578","0.644750082015012","2.70848431479607","0.619108529561685","0.227387737970903","1","0.551695190002725","0.403840347605889","0.816740667266096","10_15"
"10.7646600398657","1.54775219057513","0.883571207997889","1.84095378385684","0.764660039865656","0.332929643387281","0.969","0.910430599225883","0.776808236654164","0.952325296790276","10_15"
"10.7572773869479","1.5924249461626","0.874251525432929","1.89887338171263","0.757277386947941","0.323612394065172","0.973","0.892698839297239","0.74964292164972","0.89455172348577","10_15"
"10.622955368368","2.53290717971056","0.65341249776542","2.69336106143017","0.622955368367961","0.230138782386345","1","0.556948352425787","0.42807435287708","0.819911715431273","10_15"
"10.6090550867629","2.57865855387727","0.640684188099616","2.72872682195898","0.609055086762916","0.228381431164428","1","0.537510334040606","0.403768513581887","0.82505563456248","10_15"
"10.7861796574038","1.48670374098745","0.894304115246005","1.79458245255719","0.786179657403802","0.344972594373558","0.958","0.960805608684618","0.877295730338075","0.94547226995951","10_15"
"10.5376220712432","2.918425680414","0.550002900130621","3.06140154354201","0.537622071243165","0.229252624589639","1","0.455149281510176","0.503939089272602","0.801565397308788","10_15"
"10.6636061703425","2.27433862818164","0.711021672307256","2.48960047376073","0.663606170342471","0.28200893364416","0.9994","0.62881254232137","0.777218169698959","0.877641705816642","10_15"
"10.6068906109286","2.58867209947937","0.64091325450692","2.76600159639612","0.606890610928641","0.249806550236766","1","0.545675571034137","0.615350528221184","0.822821121731358","10_15"
"10.5800577852741","2.7577801314553","0.599509067617158","2.90447298936813","0.580057785274066","0.230531232093857","1","0.464309199105562","0.456454884060977","0.900055842518841","10_15"
"10.5715621179016","2.80434115645577","0.59283092385781","2.9257095658646","0.571562117901649","0.232771326577648","1","0.528092739685828","0.489184910913265","0.74068454266548","10_15"
"10.6731004825074","2.23342202956967","0.724585207477903","2.44430542563665","0.673100482507355","0.281772805283413","0.999","0.641430709992989","0.743653978948081","0.878432671973017","10_15"
"10.7719342986116","1.57971981844166","0.876575325517527","1.88132512487765","0.771934298611647","0.33971950920505","0.968","0.929606423365168","0.886589417062728","0.879630793443274","10_15"
"10.6071758166245","2.61150809837579","0.635639414503257","2.72938151955498","0.607175816624486","0.237625701666617","0.9992","0.638313508697491","0.47934929703344","0.649658247393379","10_15"
"10.7577486761228","1.60163083225362","0.861049235431861","1.89064877176986","0.757748676122804","0.296201519152785","0.9752","0.869276904524445","0.583441542091216","0.885141479037553","10_15"
"10.5723452298087","2.7325236412244","0.600349483113225","2.88321110488014","0.572345229808691","0.240233783416324","0.9998","0.565263643460836","0.548810866746135","0.694268252167311","10_15"
"10.5956506235405","2.62851552947121","0.622467695430695","2.81923636020876","0.595650623540486","0.231892604277408","1","0.545535296768301","0.46477619126039","0.77303691334567","10_15"
"10.6226030911689","2.53786899453455","0.657516481671389","2.70253147813317","0.622603091168892","0.253093830754366","1","0.545348451805771","0.598876158531532","0.873150835177474","10_15"
"10.5969377496857","2.50292500428331","0.656197568282724","2.62483775182245","0.596937749685749","0.258966495279621","0.9838","0.706924660029639","0.551709096360801","0.511992958607152","10_15"
"10.6428974502516","2.45993364515828","0.676590414977072","2.62849470501945","0.64289745025163","0.238712275323246","0.9998","0.55920047986171","0.465597146858857","0.875926403758321","10_15"
"10.6113950111101","2.5657156826483","0.645307888646412","2.73387037903332","0.611395011110097","0.252193212750899","1","0.559860426996256","0.615422362245186","0.814506154434973","10_15"
"10.6919497831882","2.11405305257129","0.753778584207185","2.33874757638552","0.691949783188198","0.283961423631839","0.9966","0.735585569226193","0.727088168770769","0.795719599736846","10_15"
"10.6038615286091","2.60499343710792","0.633694096620864","2.7768449369855","0.603861528609084","0.246815711123519","1","0.540422408611075","0.591116522949993","0.819650073566181","10_15"
"10.6449181855209","2.3784229153457","0.682595366983186","2.58945753818141","0.644918185520872","0.247368407761128","0.9988","0.664228943204872","0.536729450872071","0.724599558451144","10_15"
"10.7896558282623","1.44468284487923","0.909086502337776","1.73627426930077","0.789655828262315","0.377273307554598","0.9558","1","1","1","10_15"
"10.3529322476855","3.65329367226454","0.358729834174462","3.80827945604323","0.352932247685546","0.263363541945726","1","0.5","0.4","0.75","15_15"
"10.3529322476855","3.65329367226454","0.358729834174462","3.80827945604323","0.352932247685546","0.263363541945726","1","0.5","0.4","0.75","15_15"
"10.203693169507","4.11632388317629","0.255916623957166","4.34619837043092","0.203693169507037","0.276096457638384","1","0.2655086631421","0.380035179434344","0.79423986072652","15_15"
"5.23081775183905","3.63034993024102","0.305554328820299","3.85665397194891","0.230817751839045","0.381008043999053","0.786","0.37212389963679","0.777445221319795","0.107943625887856","15_15"
"10.368240855823","3.60638337067902","0.352229884356728","3.71401197610139","0.368240855823037","0.355128848037786","1","0.572853363351896","0.934705231105909","0.723710946040228","15_15"
"10.5537468206723","2.79861960072609","0.582057510365756","3.0008790847105","0.553746820672281","0.253064207301307","0.998","0.908207789994776","0.212142521282658","0.411274429643527","15_15"
"10.1533004628901","4.27225916149972","0.192315164549878","4.51921882508162","0.15330046289006","0.342257440229597","1","0.201681931037456","0.651673766085878","0.820946294115856","15_15"
"10.559269242259","2.81539938107976","0.586173163556253","2.9738841816645","0.55926924225897","0.237907776946303","1","0.898389684967697","0.125555095961317","0.647060193819925","15_15"
"10.5705885528213","2.76317694177032","0.589833234854158","2.95092364045549","0.570588552821344","0.259927756214568","1","0.944675268605351","0.267220668727532","0.78293276228942","15_15"
"10.443018778381","3.32739222680221","0.448572887734656","3.46637607927943","0.44301877838101","0.270768605174384","1","0.660797792486846","0.386114092543721","0.553036311641335","15_15"
"10.4376136935518","3.31538818426908","0.455718470384274","3.42979199865156","0.437613693551773","0.213392024881625","1","0.62911404389888","0.0133903331588954","0.529719580197707","15_15"
"10.0510401325954","4.37533902080185","0.19922016351416","4.88043384994882","0.051040132595367","0.332061232229179","1","0.0617862704675645","0.382387957070023","0.789356231689453","15_15"
"5.12478316187909","3.75643789257838","0.236691676457914","4.11222151504146","0.124783161879093","0.432877683916592","0.702","0.205974574899301","0.86969084572047","0.023331202333793","15_15"
"10.1409848207957","4.22095972529","0.23246398781878","4.56187710875823","0.140984820795721","0.282062321172764","1","0.176556752528995","0.34034899668768","0.477230065036565","15_15"
"10.4489393332099","3.3100197068794","0.44986938393609","3.44749575654662","0.448939333209881","0.287175208227078","1","0.687022846657783","0.482080115471035","0.7323137386702","15_15"
"10.2778982511833","3.92382944582445","0.28773179331256","4.04945887385859","0.277898251183259","0.302537606739696","1","0.384103718213737","0.599565825425088","0.692731556482613","15_15"
"10.4849601414176","3.14460031151714","0.493642308893757","3.25402865743177","0.484960141417574","0.293906627994298","1","0.769841419998556","0.493541307048872","0.477619622135535","15_15"
"10.3563393443448","3.63327140621108","0.371282814677391","3.77411815809806","0.356339344344756","0.234386721032888","1","0.497699242085218","0.186217601411045","0.8612094768323","15_15"
"10.4423390682069","3.30916447876548","0.432300365111813","3.39792558554872","0.442339068206935","0.345441360723135","1","0.717618508264422","0.827373318606988","0.438097107224166","15_15"
"5.5333269749607","2.80645207622867","0.583292380972417","2.9075223180789","0.533326974960701","0.345779446730637","0.9458","0.991906094830483","0.668466738192365","0.244797277031466","15_15"
"5.07239536190972","3.791944235275","0.276017099608507","4.4700525583969","0.0723953619097222","0.298534673352533","0.774","0.1","0.1","0.1","15_15"
"5.15149578084859","4.02038884568795","0.265842390094943","4.3588602120717","0.15149578084859","0.267183196090573","0.916","0.2","0.2","0.2","15_15"
"10.2230206653884","3.95613455571863","0.280616233744495","4.19943376905519","0.223020665388382","0.257919763068745","0.968","0.3","0.3","0.3","15_15"
"10.2921140346603","3.84974197040682","0.315609380659202","4.0079063876161","0.292114034660291","0.268962796160181","0.996","0.4","0.4","0.4","15_15"
"10.349297729991","3.66092607308582","0.359086249755357","3.79970275293596","0.349297729990955","0.288085712781644","1","0.5","0.5","0.5","15_15"
"10.3994919184902","3.49899835456018","0.395173478480323","3.60043311226871","0.39949191849022","0.300978529040855","1","0.6","0.6","0.6","15_15"
"10.4417314590501","3.28322374821232","0.437350339640008","3.43475423911959","0.441731459050114","0.325985167999069","1","0.7","0.7","0.7","15_15"
"10.4810469485517","3.13224863972027","0.473636964697137","3.29835261437329","0.481046948551673","0.34275832895654","1","0.8","0.8","0.8","15_15"
"10.5088942304686","3.03377294399459","0.509762897633887","3.14711364128828","0.508894230468567","0.361491349332144","1","0.9","0.9","0.9","15_15"
"10.5434369441521","2.93092662062732","0.544452297771005","3.01603469393618","0.543436944152139","0.375307643897853","1","1","1","1","15_15"
"10.5088759861641","3.03516233019704","0.523680603481774","3.19291848420688","0.508875986164053","0.247328029756325","1","0.790257880899083","0.232583569527193","0.649337903860295","15_15"
"10.3744689550045","3.56879342539422","0.378951377868019","3.7252552008327","0.374468955004536","0.266927413371232","1","0.538189376374443","0.41097730424598","0.744239904375478","15_15"
"10.52762325296","2.96196724798313","0.529496080417483","3.05680646202094","0.527623252960042","0.370672560615154","1","0.956543883425184","0.967511872667819","0.819789055734873","15_15"
"10.5705885528213","2.76317694177032","0.589833234854158","2.95092364045549","0.570588552821344","0.259927756214568","1","0.944675268605351","0.267220668727532","0.78293276228942","15_15"
"10.4849601414176","3.14460031151714","0.493642308893757","3.25402865743177","0.484960141417574","0.293906627994298","1","0.769841419998556","0.493541307048872","0.477619622135535","15_15"
"10.559269242259","2.81539938107976","0.586173163556253","2.9738841816645","0.55926924225897","0.237907776946303","1","0.898389684967697","0.125555095961317","0.647060193819925","15_15"
"10.3994919184902","3.49899835456018","0.395173478480323","3.60043311226871","0.39949191849022","0.300978529040855","1","0.6","0.6","0.6","15_15"
"10.1964555540555","4.03427614837094","0.275046558445674","4.37179024051981","0.196455554055504","0.229671922259967","1","0.244243656291927","0.098970223798881","0.568049132000507","15_15"
"10.2230206653884","3.95613455571863","0.280616233744495","4.19943376905519","0.223020665388382","0.257919763068745","0.968","0.3","0.3","0.3","15_15"
"10.5024445216876","3.06322132505711","0.513344596487125","3.21605001033586","0.502444521687599","0.27594424935262","1","0.795154650726396","0.37505164190516","0.73003602862983","15_15"
"10.4039265615909","3.44340014663778","0.413298612092647","3.59949518089397","0.403926561590908","0.265631707512617","1","0.595818069986137","0.38629208657719","0.625524796817665","15_15"
"10.4810469485517","3.13224863972027","0.473636964697137","3.29835261437329","0.481046948551673","0.34275832895654","1","0.8","0.8","0.8","15_15"
"10.4625142346089","3.23875381989516","0.461152684970562","3.38410975095162","0.462514234608911","0.301833513009989","1","0.730223034589468","0.588951752209081","0.746403706944321","15_15"
"10.3770383848571","3.56794923652684","0.36774209822839","3.69179708570644","0.377038384857106","0.333455765134611","1","0.57638139833173","0.788930707099923","0.718930426933832","15_15"
"10.2501261786313","4.01112797711806","0.251268766833818","4.15531653453675","0.250126178631263","0.351849088894757","0.996","0.360461424663663","0.870182963088155","0.373090657638386","15_15"
"5.38527737755111","3.41177781015548","0.4150706705452","3.54896309909183","0.385277377551107","0.278518671479378","0.946","0.595621623865463","0.403100754730221","0.234661261551082","15_15"
"10.4994784745402","3.0429047190087","0.497920838497382","3.21796094854755","0.49947847454021","0.342711260549243","1","0.856799812068314","0.793128363261955","0.88591003172588","15_15"
"10.3676884167175","3.58846772707029","0.357306095104414","3.73359823874094","0.367688416717452","0.332177857819727","1","0.560047389951935","0.782826180504765","0.742910911968991","15_15"
"10.5705885528213","2.76317694177032","0.589833234854158","2.95092364045549","0.570588552821344","0.259927756214568","1","0.944675268605351","0.267220668727532","0.78293276228942","15_15"
"10.5242324660003","2.99821042975613","0.532848515253405","3.1651699921114","0.524232466000279","0.267831686573088","1","0.839538575336337","0.329817036911845","0.826909342361614","15_15"
"10.3894327160861","3.52275628561985","0.380552436392133","3.62989586773515","0.389432716086066","0.32719960584468","1","0.596471965020166","0.745774524005986","0.604780519106396","15_15"
"10.3704737739733","3.58132323842427","0.373520490663012","3.74803211286253","0.370473773973323","0.270892338947459","1","0.543456116574816","0.432488127332181","0.930210944265127","15_15"
"10.3427557381191","3.66426981752919","0.35167359667977","3.82264605249158","0.342755738119124","0.283749572175755","1","0.49140122279232","0.478979360740815","0.610719931747855","15_15"
"10.4316989464384","3.37619743533361","0.429611063737922","3.51025650286728","0.431698946438434","0.283826803640658","1","0.64883347028334","0.471102811225055","0.738073834294722","15_15"
"10.4128071565965","3.48719793410183","0.411302968132515","3.56137531785107","0.412807156596532","0.294264151906087","1","0.617233714460649","0.546197919437261","0.576365280995072","15_15"
"10.4293668255137","3.38906210347952","0.434815918290704","3.50048668677976","0.429366825513674","0.276610858897733","1","0.643564078026197","0.431016370421275","0.576671030646264","15_15"
"10.3800809143059","3.4944238567417","0.407460447318292","3.64437137031826","0.380080914305862","0.213945369119725","0.986","0.533295973912744","0.027098246581705","0.325278303353116","15_15"
"10.3934507954479","3.530274363364","0.388008580131575","3.65109475434641","0.393450795447893","0.296549095757023","1","0.586552318644409","0.566093875445892","0.782616742313057","15_15"
"10.4849601414176","3.14460031151714","0.493642308893757","3.25402865743177","0.484960141417574","0.293906627994298","1","0.769841419998556","0.493541307048872","0.477619622135535","15_15"
"10.4087499521571","3.46170068018057","0.401008889502712","3.5905051123615","0.408749952157137","0.302727918630937","1","0.624056328261802","0.616739644920323","0.749820644513622","15_15"
"10.4316989464384","3.37619743533361","0.429611063737922","3.51025650286728","0.431698946438434","0.283826803640658","1","0.64883347028334","0.471102811225055","0.738073834294722","15_15"
"10.3070381734135","3.80449382708014","0.329523014907355","3.95258721267869","0.307038173413494","0.26216698676963","0.996","0.42529940274688","0.366701557759009","0.365572893248381","15_15"
"10.1963518878779","4.14083293809096","0.247467768652574","4.36738592894139","0.196351887877919","0.30044347428311","1","0.252777193445394","0.44833761379295","0.691957173611781","15_15"
"10.4316989464384","3.37619743533361","0.429611063737922","3.51025650286728","0.431698946438434","0.283826803640658","1","0.64883347028334","0.471102811225055","0.738073834294722","15_15"
"10.4215893095054","3.37298545543958","0.42969430505182","3.53547568865473","0.421589309505354","0.256366797625627","1","0.620473307670704","0.330062802738116","0.631170698851991","15_15"
"10.4309244579826","3.35338611896958","0.416818558360926","3.48816994220383","0.430924457982596","0.346563563075956","1","0.69625091873509","0.858462927894447","0.818404570400401","15_15"
"10.4593822801896","3.26084512929283","0.458837028269081","3.38735369278359","0.459382280189616","0.299951232562776","1","0.723682101729759","0.564935890794699","0.767531235328376","15_15"
"10.4040733659152","3.48265935105623","0.403350525269526","3.60218017349855","0.404073365915233","0.290637212877176","1","0.60038158187485","0.517288687799357","0.665447104611393","15_15"
"10.4585569580323","3.24780789156462","0.464300008324595","3.37224944638702","0.458556958032252","0.308814196239892","1","0.726027294995839","0.619284750934164","0.485838740394579","15_15"
"10.2991901076823","3.84419032487425","0.308841062433761","3.98336195917478","0.299190107682286","0.300802670700541","1","0.418392947877689","0.594844349880405","0.581599788368299","15_15"
"10.544003655695","2.85963191146909","0.568646637461481","3.03546816954927","0.544003655695047","0.244139419689574","1","0.87373444728313","0.181784379800392","0.641414291785598","15_15"
"10.4260350844264","3.3806397573738","0.430596832584978","3.50415503971939","0.426035084426433","0.276748846560883","0.998","0.644542017251677","0.426839749289863","0.412046728887154","15_15"
"10.5492061838085","2.81310727101966","0.562677610111884","3.0113054676924","0.54920618380853","0.322542077340252","1","0.949547138639865","0.603324616369703","0.788658950095133","15_15"
"10.4361582095105","3.33941556621939","0.425767263282923","3.45670429495402","0.43615820951046","0.331671914841284","1","0.683090607292281","0.768891158797788","0.542114444408439","15_15"
"10.3842147597984","3.54941397199961","0.381540045964498","3.70346501412753","0.384214759798361","0.279874351461899","1","0.563143609253883","0.470904809047727","0.827442419810815","15_15"
"10.4276363077782","3.38372955009076","0.429991101136687","3.49539612565953","0.42763630777819","0.287063662096385","1","0.646798202658211","0.507476328755849","0.678416089696087","15_15"
"10.4058061235002","3.46788010306004","0.400154235885649","3.57845528991145","0.405806123500163","0.322582827024462","1","0.619563894483078","0.702658389721842","0.630154352968703","15_15"
"10.5705885528213","2.76317694177032","0.589833234854158","2.95092364045549","0.570588552821344","0.259927756214568","1","0.944675268605351","0.267220668727532","0.78293276228942","15_15"
"10.3203874317711","3.7331040943877","0.346944660952482","3.91001201149282","0.320387431771123","0.223757324568818","1","0.425850708414238","0.104125873918476","0.586449343632208","15_15"
"10.54570067016","2.83856124775989","0.558971970661387","3.01760364697272","0.545700670159966","0.326222489150237","1","0.95167201339067","0.631407925025648","0.81406286792916","15_15"
"10.3730552568157","3.57400411760387","0.372555414061405","3.71430929785494","0.373055256815729","0.30113381120503","1","0.555578301763194","0.61173570411685","0.708229857171427","15_15"
"10.4251845978535","3.41594088911643","0.429143706085436","3.50867855665066","0.425184597853478","0.283967811554274","1","0.6340624538934","0.477153426616423","0.53220616563807","15_15"
"10.3832677656655","3.56157317118827","0.37654942805821","3.70555207211464","0.38326776566545","0.291438427331067","1","0.566864825965343","0.527677193730347","0.885385266767369","15_15"
"10.341278129967","3.69408730706075","0.339322641962761","3.83265776288835","0.341278129967016","0.309164164302216","1","0.495870310981061","0.65006983712873","0.645400986545419","15_15"
"10.4086330166813","3.46175694696627","0.400164824352476","3.58291105549188","0.408633016681338","0.313107005483333","1","0.620195523334448","0.663187263214632","0.710711308674788","15_15"
"10.3893570190588","3.52474447658095","0.394225538997767","3.66932442084767","0.389357019058784","0.275581731408823","1","0.567847861178263","0.439563317105854","0.595022385322558","15_15"
"10.4217022230065","3.42679968258863","0.424854798160278","3.50377561547934","0.421702223006519","0.288311066285228","1","0.632711636913206","0.494699291700065","0.492705129120216","15_15"
"10.559269242259","2.81539938107976","0.586173163556253","2.9738841816645","0.55926924225897","0.237907776946303","1","0.898389684967697","0.125555095961317","0.647060193819925","15_15"
"10.5196552467598","2.97350367061401","0.523420189707622","3.13622529166895","0.51965524675977","0.334909785843318","1","0.884349292951895","0.725788589693696","0.751205129848093","15_15"
"10.4432060133199","3.33297946128752","0.441788649928895","3.46963087325966","0.443206013319855","0.281366915161775","1","0.679235082679973","0.44887600776463","0.875624400762592","15_15"
"10.4608586732338","3.24121565778214","0.464181516730486","3.37152417318451","0.46085867323384","0.300653218989497","1","0.724116777638549","0.5713268368663","0.695823962472017","15_15"
"10.4167325073067","3.44030388471748","0.409222970912128","3.55561826159446","0.416732507306657","0.30139591201615","1","0.636848144471304","0.612901890648945","0.776625823296481","15_15"
"10.4263857318987","3.35930158137474","0.423008434194932","3.50030302945235","0.426385731898664","0.316946047311811","1","0.658763765698867","0.66673989711944","0.667769571753029","15_15"
"10.5494892055337","2.82787624000995","0.561752964397074","3.01374492564764","0.549489205533691","0.325699795338899","1","0.951140532001669","0.625014700849623","0.795136189167802","15_15"
"10.428904554141","3.36961119303618","0.415945085343947","3.48397486262035","0.428904554140969","0.350738587059085","1","0.690178047709449","0.894768048776314","0.709880289721607","15_15"
"10.5705885528213","2.76317694177032","0.589833234854158","2.95092364045549","0.570588552821344","0.259927756214568","1","0.944675268605351","0.267220668727532","0.78293276228942","15_15"
"10.4157164730941","3.42512328880704","0.406054877128926","3.53063781513392","0.415716473094107","0.329539374142588","1","0.644522364927862","0.76533852489298","0.585056181330198","15_15"
"10.4319312735474","3.38719020207939","0.432864411801954","3.49395284041291","0.431931273547407","0.292995525694878","1","0.656043976489877","0.534060054015565","0.594598183865466","15_15"
"10.4432075016663","3.29676818647116","0.453441254857918","3.46491622239713","0.4432075016663","0.240622834321118","1","0.655750635174454","0.23431782242972","0.755352676918307","15_15"
"10.4624018908911","3.21405894094666","0.461591236725208","3.35567412481578","0.462401890891124","0.317290609591859","1","0.729709673105201","0.63560802496815","0.667755991880422","15_15"
"10.4014419698291","3.48625812786678","0.398732621157262","3.61486478329448","0.401441969829101","0.284560116456051","1","0.591042243967023","0.480188993103935","0.730180130096843","15_15"
"10.4615284643988","3.24068763607665","0.463328153752135","3.37581893734299","0.461528464398763","0.309702558901015","1","0.725592619087049","0.612893804862563","0.557546013250937","15_15"
"10.4625534334016","3.24638489024973","0.460355859579812","3.36756598228185","0.462553433401643","0.311724459878089","1","0.72523473124064","0.614269425454707","0.670490526530165","15_15"
"10.5603909802185","2.80462822354459","0.580986052284002","2.9657606241991","0.56039098021845","0.289587619610252","1","0.944731287932876","0.416696832472747","0.7836216121863","15_15"
"10.4545712201083","3.2685291096481","0.448261634332119","3.41177219748453","0.45457122010835","0.312896552852195","1","0.717832651266531","0.645869737186228","0.791707862594156","15_15"
"10.3231964772938","3.72677130214802","0.341221806042676","3.89828403388776","0.323196477293777","0.251534748247655","0.996","0.449335155919757","0.318684059253385","0.399409950012341","15_15"
"10.3788428589186","3.54240470075456","0.393475709916102","3.69385300610392","0.37884285891856","0.223988940942309","1","0.525567335161577","0.109459673857368","0.740511353394623","15_15"
"10.50688325722","3.00407972236987","0.511744415586726","3.19863982606896","0.506883257219983","0.320109530066679","1","0.828233699135846","0.619767328855179","0.573531005764556","15_15"
"10.4308197289844","3.3912204657574","0.429515498385227","3.5191691849445","0.43081972898439","0.285045095467015","1","0.649364951672341","0.477496035401081","0.757000513056079","15_15"
"10.4859736529969","3.12481670869736","0.497978867529291","3.2750360329974","0.485973652996899","0.265089759780578","1","0.754376144747232","0.335488660283223","0.609048652908553","15_15"
"10.559269242259","2.81539938107976","0.586173163556253","2.9738841816645","0.55926924225897","0.237907776946303","1","0.898389684967697","0.125555095961317","0.647060193819925","15_15"
"10.463719411739","3.24910407991732","0.465331706362157","3.37812690139495","0.463719411739018","0.300885621644534","1","0.724474665484958","0.569951216274156","0.58287944919279","15_15"
"10.5294680516631","2.94892752542428","0.551664386080919","3.102035391877","0.529468051663133","0.256336260554268","1","0.844958641858012","0.261886868788639","0.628870752527005","15_15"
"10.412442518366","3.46394933504795","0.411466008798086","3.55392958596638","0.412442518365982","0.306385045150934","1","0.624435930294891","0.616751758769326","0.566066270396855","15_15"
"10.4042396477189","3.46983818228579","0.39912007069283","3.58783288410909","0.404239647718859","0.300269945120577","1","0.613369528079511","0.60264952223797","0.716123561369306","15_15"
"10.4203067672809","3.40848416452553","0.432541620968224","3.52037258797726","0.420306767280863","0.249362205025411","1","0.615598526604999","0.298433566203318","0.539457002629248","15_15"
"10.555949005993","2.82556738624617","0.580351703236952","2.96509607643997","0.555949005992989","0.281752263289835","1","0.92926507027806","0.390311719275292","0.702794912969694","15_15"
"10.4166264113908","3.43804277517273","0.415616445008926","3.55409945177839","0.41662641139083","0.29420603236404","1","0.628471229952763","0.54113479614537","0.637350167398149","15_15"
"10.5593361694515","2.8127373905347","0.579208701753429","2.96759866849565","0.559336169451517","0.294310450895099","1","0.94949111931234","0.453848452624488","0.787970100198253","15_15"
"10.4203180593582","3.43291632702731","0.415901377242628","3.54594619761904","0.420318059358205","0.295893850471507","1","0.642880250783314","0.571159008488472","0.804183342547353","15_15"
"10.3949880853748","3.49424593863361","0.3828958813555","3.62591387558484","0.394988085374848","0.333507073376048","1","0.617932885630152","0.785307567370428","0.825511928880587","15_15"
"10.4369101232705","3.33953197668846","0.431894335812592","3.44795022805574","0.43691012327047","0.325805638337444","1","0.687021773932044","0.711708657645004","0.623064443280152","15_15"
"10.521728366542","2.95114559943617","0.53083557720745","3.12519562641919","0.521728366542001","0.326572584839135","1","0.886034368543246","0.646539827450001","0.78615067438255","15_15"
"10.4299283157834","3.35455361359115","0.422444525492244","3.50024839058062","0.429928315783374","0.323027169972457","1","0.675333242262348","0.699499604434204","0.753699600644203","15_15"
"10.5494892055337","2.82787624000995","0.561752964397074","3.01374492564764","0.549489205533691","0.325699795338899","1","0.951140532001669","0.625014700849623","0.795136189167802","15_15"
"10.4581239890608","3.23062702288809","0.452832502440372","3.39488659987437","0.458123989060764","0.31557719419627","1","0.722684151910045","0.641839349851704","0.725914982917977","15_15"
"10.5615325118004","2.79804510706513","0.582841841337356","2.95687658402694","0.561532511800419","0.29081282772436","1","0.948218087011332","0.417661892684939","0.783834064324029","15_15"
"10.5430113714761","2.86948754450974","0.563168575026841","3.01610292072432","0.543011371476149","0.295420075339301","1","0.907382047878265","0.460985544470988","0.686286790985349","15_15"
"10.4593965623987","3.22717933389419","0.458591111211334","3.36716143769633","0.459396562398656","0.315560250707617","1","0.724379785877291","0.638984669002877","0.672420014110155","15_15"
"10.4571520843926","3.25183447151666","0.457713382059347","3.38911584690156","0.457152084392643","0.317971308847154","1","0.718105514957135","0.641847811647859","0.58564309394361","15_15"
"10.5603909802185","2.80462822354459","0.580986052284002","2.9657606241991","0.56039098021845","0.289587619610252","1","0.944731287932876","0.416696832472747","0.7836216121863","15_15"
"10.4076454550982","3.4511354445324","0.403242939135946","3.57317943130548","0.407645455098232","0.315660232231013","1","0.619567742946203","0.668954975942662","0.654074837247626","15_15"
"10.4870288501895","3.14321087879188","0.49528535827741","3.28052929281577","0.487028850189464","0.281399188987857","1","0.762885839814135","0.419128929119108","0.654191984555008","15_15"
"10.4617377286935","3.27224851373373","0.458048574663959","3.38814798447899","0.461737728693533","0.308755711446845","1","0.720741118443535","0.616924192197087","0.623338892927117","15_15"
"10.4272814232685","3.37952761732339","0.435906930153942","3.51290368037117","0.427281423268497","0.263101577903762","1","0.630714014088539","0.363814040641873","0.546469664044315","15_15"
"10.4215873996606","3.41925841150378","0.421651354378933","3.52755241306066","0.421587399660583","0.294812847467406","1","0.641029936453462","0.560641063073083","0.639950697912683","15_15"
"10.4884889034591","3.1591518681514","0.49359115878253","3.28571854648659","0.488488903459123","0.285493099689643","1","0.771861773456903","0.463288936413124","0.78441691324601","15_15"
"10.5574282971989","2.81782639829703","0.578801375193915","2.97787108506279","0.557428297198887","0.294645526209866","1","0.946004320233884","0.452883392412296","0.787757648060524","15_15"
"10.458382586962","3.23105106170215","0.459128900860157","3.36449242027317","0.458382586961983","0.316972090854025","1","0.723869929157291","0.645214770519062","0.676755086538282","15_15"
"10.5616023862494","2.80587723712884","0.578342950411237","2.98556347448709","0.56160238624938","0.264349606165337","1","0.918973975213818","0.292390401349875","0.736113219185455","15_15"
"10.4358570852745","3.3248038938476","0.429398462466347","3.46911553426298","0.435857085274538","0.325706926862397","1","0.685614690158808","0.712110003643856","0.71489945161664","15_15"
"10.4183226897282","3.41988473299119","0.420098322042889","3.52973456095728","0.418322689728184","0.292550097136466","1","0.63277094551377","0.533606731097324","0.683116085540251","15_15"
"10.4567183989384","3.28181503039827","0.461512160713789","3.38889867933929","0.456718398938422","0.297516348893876","1","0.710477131603509","0.547513330424008","0.550533351835871","15_15"
"10.5046165041998","3.05883407522198","0.513219293047148","3.19212499291694","0.504616504199797","0.30053658090654","1","0.815749765259287","0.524566904548095","0.511992958607152","15_15"
"10.4477199927538","3.34064280564714","0.448731485973313","3.43687937911843","0.447719992753772","0.292732309883277","1","0.686208831368245","0.524246639036969","0.59526245510323","15_15"
"10.4609741569462","3.25326196530281","0.455455377666234","3.38483756262104","0.460974156946161","0.307580782297002","1","0.725319755396445","0.616915730400933","0.763610781901484","15_15"
"10.5361440538767","2.92210133028063","0.553713751265107","3.0649530006549","0.536144053876745","0.2788243974646","1","0.87071595457707","0.386193299911511","0.676379145527849","15_15"
"10.4583370814477","3.25698130251113","0.45808902212494","3.37023170621212","0.45833708144773","0.31179253087886","1","0.719045484476288","0.619778873045915","0.676833861734938","15_15"
"10.5494892055337","2.82787624000995","0.561752964397074","3.01374492564764","0.549489205533691","0.325699795338899","1","0.951140532001669","0.625014700849623","0.795136189167802","15_15"
"10.5705885528213","2.76317694177032","0.589833234854158","2.95092364045549","0.570588552821344","0.259927756214568","1","0.944675268605351","0.267220668727532","0.78293276228942","15_15"
