"fitness","RSB_short","RC_short","RSB_long","RC_long","AAV","Blim_risk","m","tau","theta","scenario"
"10.3265283520645","0.911754253473553","0.356299861555719","2.52166194542053","0.326528352064468","0.383820800990621","1","0.95","0.4","0.75","one_way"
"10.3265283520645","0.911754253473553","0.356299861555719","2.52166194542053","0.326528352064468","0.383820800990621","1","0.95","0.4","0.75","one_way"
"10.0006445229745","1.5004849686082","0.089408890965805","3.38144169472566","0.000644522974506483","0.798468389592609","1","0.2655086631421","0.380035179434344","0.79423986072652","one_way"
"10.0002494129047","1.63790596936647","0.0401248046854056","3.4073275829248","0.000249412904733238","0.669156582607073","1","0.37212389963679","0.777445221319795","0.107943625887856","one_way"
"10.0020260761381","1.5231962232966","0.0949539181795264","3.37216601164015","0.00202607613806472","0.590074427862771","1","0.572853363351896","0.934705231105909","0.723710946040228","one_way"
"10.0700963182922","1.06009483311749","0.29769173963162","2.99893417621094","0.0700963182921731","0.398222978932496","1","0.908207789994776","0.212142521282658","0.411274429643527","one_way"
"10.0002501535476","1.64769713219943","0.0367101631113715","3.4081369505075","0.00025015354763239","0.678447212779454","1","0.201681931037456","0.651673766085878","0.820946294115856","one_way"
"10.1924624048422","0.865834698737755","0.380748352044444","2.64859826324886","0.192462404842155","0.330415739943017","1","0.898389684967697","0.125555095961317","0.647060193819925","one_way"
"10.3906961395478","0.787597894795601","0.404645720368758","2.35479954334785","0.390696139547778","0.359940411222954","0.9994","0.944675268605351","0.267220668727532","0.78293276228942","one_way"
"10.0072791491866","1.32107011675399","0.178820448225661","3.27900713106984","0.00727914918664902","0.487070916359857","1","0.660797792486846","0.386114092543721","0.553036311641335","one_way"
"10.011629417176","1.06853905402397","0.274440129768661","3.15070384211311","0.0116294171759588","0.494709854417483","1","0.62911404389888","0.0133903331588954","0.529719580197707","one_way"
"10.0002275139786","1.58799952102355","0.0517275295783067","3.4096092111743","0.000227513978581701","0.602143592682416","1","0.0617862704675645","0.382387957070023","0.789356231689453","one_way"
"10.0001996084474","1.71177052590777","0.0179708043235992","3.42658965685103","0.000199608447355058","0.464987638340105","1","0.205974574899301","0.86969084572047","0.023331202333793","one_way"
"10.0003435090465","1.54005278826582","0.0773273084685631","3.39269219463081","0.000343509046495211","0.935870480115246","1","0.176556752528995","0.34034899668768","0.477230065036565","one_way"
"10.0194720054811","1.28421181467669","0.195398838820824","3.23193713351954","0.0194720054810637","0.453365111516844","1","0.687022846657783","0.482080115471035","0.7323137386702","one_way"
"10.0006293665769","1.55328123382813","0.0759718360279227","3.3837961177205","0.000629366576919801","0.711268681050898","1","0.384103718213737","0.599565825425088","0.692731556482613","one_way"
"10.0144913355935","1.30925677284861","0.183255634073883","3.26134785082127","0.0144913355935019","0.480915363655102","1","0.769841419998556","0.493541307048872","0.477619622135535","one_way"
"10.006518828733","1.24048368574621","0.218890961808082","3.23449662125019","0.00651882873301518","0.561228207033978","1","0.497699242085218","0.186217601411045","0.8612094768323","one_way"
"10.004071983843","1.48306753203567","0.115167707749655","3.35220386245298","0.00407198384303114","0.558493505322752","1","0.717618508264422","0.827373318606988","0.438097107224166","one_way"
"10.0391548007096","1.29590530245727","0.193222180904301","3.18203132765323","0.0391548007095857","0.481506758539885","1","0.991906094830483","0.668466738192365","0.244797277031466","one_way"
"10.0006704623928","1.36626559122645","0.153204725475934","3.31419302632325","0.000670462392838263","1.29524376153053","1","0.1","0.1","0.1","one_way"
"10.0008410721458","1.41559595368379","0.12467216487179","3.33664268279767","0.000841072145798143","1.05605468871769","1","0.2","0.2","0.2","one_way"
"10.0008044389777","1.47378554720212","0.103474929304196","3.35637139964331","0.000804438977654036","0.948949821463965","1","0.3","0.3","0.3","one_way"
"10.0008134046559","1.48076295549474","0.0967746971037124","3.37304015497046","0.000813404655910559","0.754599720876613","1","0.4","0.4","0.4","one_way"
"10.0012037705907","1.47325915140241","0.106862464467696","3.3633238222218","0.00120377059068509","0.654352236440267","1","0.5","0.5","0.5","one_way"
"10.0030767826145","1.4399522025901","0.126106397550857","3.34575793137916","0.00307678261446547","0.577987470628987","1","0.6","0.6","0.6","one_way"
"10.0140696304815","1.37231765928813","0.157746048876555","3.28595022781134","0.0140696304814959","0.498282801712721","1","0.7","0.7","0.7","one_way"
"10.0745459958525","1.28502653296256","0.201395203373144","3.1022860353074","0.0745459958524866","0.466381397500131","1","0.8","0.8","0.8","one_way"
"10.2636550308865","1.1523912016813","0.252627931127937","2.73254926225492","0.263655030886452","0.441672779087349","0.9998","0.9","0.9","0.9","one_way"
"10.5563455453575","1.00102481656608","0.317789739072144","2.36098903000446","0.556345545357521","0.433306161880215","0.9734","1","1","1","one_way"
"10.368431717897","1.09714100218682","0.274734432383361","2.6113152721972","0.368431717897019","0.448882445057198","0.994","0.89768328377977","0.939960189210251","0.994656620919704","one_way"
"10.0070881588197","1.37519512635602","0.155145077435182","3.30780304519538","0.00708815881973828","0.511472750380353","1","0.660930074528992","0.536548261053246","0.615326654483759","one_way"
"10.2393053427812","0.994497746629006","0.32355457497027","2.66773615971561","0.239305342781196","0.388755710848701","1","0.91722134358404","0.42895261938892","0.73104969904829","one_way"
"10.5563455453575","1.00102481656608","0.317789739072144","2.36098903000446","0.556345545357521","0.433306161880215","0.9734","1","1","1","one_way"
"10.3265283520645","0.911754253473553","0.356299861555719","2.52166194542053","0.326528352064468","0.383820800990621","1","0.95","0.4","0.75","one_way"
"10.3906961395478","0.787597894795601","0.404645720368758","2.35479954334785","0.390696139547778","0.359940411222954","0.9994","0.944675268605351","0.267220668727532","0.78293276228942","one_way"
"10.0072791491866","1.32107011675399","0.178820448225661","3.27900713106984","0.00727914918664902","0.487070916359857","1","0.660797792486846","0.386114092543721","0.553036311641335","one_way"
"10.0002572564727","1.63812257711812","0.0406954824546426","3.40840473121344","0.000257256472699145","0.699681781463656","1","0.251302153997631","0.693520505781503","0.715918241782494","one_way"
"10.0006445229745","1.5004849686082","0.089408890965805","3.38144169472566","0.000644522974506483","0.798468389592609","1","0.2655086631421","0.380035179434344","0.79423986072652","one_way"
"10.1850893030894","1.19905902625662","0.237046393681427","2.87574144778161","0.185089303089379","0.448805658422594","1","0.90231671622023","0.860039810789749","0.805343379080296","one_way"
"10.006788076434","1.36457632177973","0.158479295915846","3.3051586938338","0.00678807643398116","0.505228238354265","1","0.700254622083016","0.499770995887087","0.487353383090167","one_way"
"10.2636550308865","1.1523912016813","0.252627931127937","2.73254926225492","0.263655030886452","0.441672779087349","0.9998","0.9","0.9","0.9","one_way"
"10.2030873762733","0.895984407704735","0.368933665246162","2.65584089452093","0.203087376273295","0.349848234116964","1","0.908858297556515","0.195736911124499","0.655709790940877","one_way"
"10.0089042075244","1.17154104770199","0.243846396020943","3.2078488360328","0.00890420752444396","0.506579106044306","1","0.514778190894847","0.110945958116232","0.848399827927639","one_way"
"10.0008832899121","1.47195335338149","0.100315821339272","3.36726020243601","0.000883289912065195","0.740227128269617","1","0.334484198802706","0.399007847013759","0.7888506598693","one_way"
"10.0029810885288","1.35601767203768","0.157820825487856","3.31277200761997","0.00298108852879092","0.614016028410595","1","0.640777095174417","0.31888858655002","0.234661261551082","one_way"
"10.315237549761","0.883793227943187","0.368801649024625","2.50819869674421","0.315237549760991","0.367842500316241","1","0.939531387411182","0.329818184836819","0.741350402879049","one_way"
"10.0011445823713","1.53975307377953","0.0851582743790417","3.37707913970078","0.00114458237130299","0.615589865004095","1","0.553828196274117","0.848590145772323","0.580675400001928","one_way"
"10.5563455453575","1.00102481656608","0.317789739072144","2.36098903000446","0.556345545357521","0.433306161880215","0.9734","1","1","1","one_way"
"10.2089831024828","0.995049451093701","0.325274094529299","2.7020523226334","0.20898310248284","0.385533535276997","1","0.881024464339394","0.381027332420585","0.75538920085722","one_way"
"10.0087240481807","1.15665342422423","0.248513966369781","3.2121385541144","0.00872404818072233","0.498775596442559","1","0.612035095089252","0.0886619764537082","0.542529229102369","one_way"
"10.0035960855184","1.49780075069691","0.10843661069782","3.35771707065321","0.00359608551839549","0.563918248968636","1","0.605632019767856","0.905752611716989","0.742661246991938","one_way"
"10.0006017194853","1.56558833382608","0.0719898533069339","3.38566052151772","0.0006017194852801","0.642902523554245","1","0.459222904825583","0.78111141344998","0.617049684119411","one_way"
"10.1003871861678","1.00036491252597","0.323249234318676","2.91657895272777","0.100387186167789","0.364831589361303","1","0.837459610438705","0.189006834908071","0.631733539336166","one_way"
"10.0193106735782","1.1741694732686","0.245675272047313","3.16194365196133","0.0193106735782468","0.457296627933265","1","0.677553298883654","0.211258613356204","0.665739599021094","one_way"
"10.0334689715271","1.22609659350116","0.220545012023986","3.16905248094709","0.033468971527058","0.427719830259588","1","0.751560745015226","0.431016370421275","0.663979981176612","one_way"
"10.0014126517496","1.46168552553237","0.113657371636266","3.35847982002158","0.00141265174961658","0.641783374766615","1","0.569586797915541","0.493770311161785","0.325278303353116","one_way"
"10.013841250459","1.35969874205702","0.162253965282462","3.28321185882654","0.0138412504590035","0.486669647598359","1","0.650379777039825","0.658153260304375","0.805028052333362","one_way"
"10.2636550308865","1.1523912016813","0.252627931127937","2.73254926225492","0.263655030886452","0.441672779087349","0.9998","0.9","0.9","0.9","one_way"
"10.0086725340507","1.29937518078811","0.188701233073089","3.2607651288941","0.00867253405075048","0.490850138540954","1","0.646171803725883","0.351409854227677","0.619324599998072","one_way"
"10.2393053427812","0.994497746629006","0.32355457497027","2.66773615971561","0.239305342781196","0.388755710848701","1","0.91722134358404","0.42895261938892","0.73104969904829","one_way"
"10.0026294103296","1.50569584299414","0.10441357599669","3.36246461275552","0.00262941032958571","0.578776397574454","1","0.57677130396423","0.822084857535746","0.721508136596446","one_way"
"10.0003261128127","1.60657778564268","0.0492572954982021","3.40344238835315","0.000326112812683621","0.757325725456927","1","0.261823229451957","0.537862640063616","0.582154934763065","one_way"
"10.2393053427812","0.994497746629006","0.32355457497027","2.66773615971561","0.239305342781196","0.388755710848701","1","0.91722134358404","0.42895261938892","0.73104969904829","one_way"
"10.2395459355731","1.1688392820268","0.247748053979607","2.75996468964173","0.239545935573105","0.449615694422841","1","0.910276499822357","0.890222951228261","0.856376207122907","one_way"
"10.4768420271592","0.94663958455737","0.337065516671415","2.38289251607623","0.476842027159195","0.414790385692422","0.9822","0.928648325125253","0.749968685590524","0.993187429342405","one_way"
"10.1614760375893","0.95114557227022","0.345177668137289","2.75066476167202","0.16147603758931","0.356947681328009","1","0.873555124346702","0.213150898730242","0.669479396003612","one_way"
"10.0286336737785","1.2192233533502","0.224443467099383","3.1710604519656","0.0286336737784718","0.42648093408731","1","0.730070019545018","0.373888282048062","0.670478949688362","one_way"
"10.2122315691128","1.11491614741274","0.275180077094631","2.76822204889902","0.212231569112757","0.437655520850276","1","0.842513909463313","0.666472276259662","0.890440111842698","one_way"
"10.0052040397007","1.26041402868566","0.210582034497518","3.24890304795185","0.00520403970073647","0.59546609111024","1","0.538237039635789","0.194198334677401","0.680214736816898","one_way"
"10.4823982363103","1.04145979108883","0.300381806892692","2.4815353258666","0.482398236310344","0.436645566508979","0.9868","0.992040216397873","0.969816859561488","0.948967171957388","one_way"
"10.0557112135204","1.31827569304345","0.184256470522397","3.15734051292491","0.0557112135203699","0.471932412667202","1","0.782451600861353","0.859026555914234","0.795541547522965","one_way"
"10.5563455453575","1.00102481656608","0.317789739072144","2.36098903000446","0.556345545357521","0.433306161880215","0.9734","1","1","1","one_way"
"10.0496535975624","1.33477267804358","0.178677725921964","3.17094500497221","0.0496535975624183","0.47665923405178","1","0.801462437123449","0.878009513211722","0.741669081483768","one_way"
"10.0081427740643","1.4303238836207","0.136953256653645","3.31838852706771","0.00814277406430639","0.529156954665257","1","0.672296147278066","0.769248072517299","0.687876184414315","one_way"
"10.0522844122752","1.16556693988062","0.250439834978786","3.09558140638481","0.0522844122752132","0.413328175552856","1","0.743700970055589","0.357561283342086","0.742342568387218","one_way"
"10.0771544345663","1.12215697681136","0.271280093646381","3.01136329422271","0.0771544345662762","0.395940272195347","1","0.797126248520259","0.3585489046002","0.70423485116693","one_way"
"10.3906961395478","0.787597894795601","0.404645720368758","2.35479954334785","0.390696139547778","0.359940411222954","0.9994","0.944675268605351","0.267220668727532","0.78293276228942","one_way"
"10.0019448908041","1.49455233427789","0.106234348066626","3.36327309827857","0.00194489080407761","0.606068905111442","1","0.550524724800547","0.688329006012173","0.667437044301762","one_way"
"10.5563455453575","1.00102481656608","0.317789739072144","2.36098903000446","0.556345545357521","0.433306161880215","0.9734","1","1","1","one_way"
"10.0031421841556","1.46252728419455","0.119497518261903","3.34975182227681","0.00314218415563598","0.569764738021101","1","0.603285358884865","0.673773063205875","0.633158460071895","one_way"
"10.0772826686035","1.13056182683835","0.268810298267064","3.01900897577887","0.0772826686034903","0.390956516938777","1","0.796020517589242","0.375436879220544","0.710716100601706","one_way"
"10.0152496203446","1.32888729869084","0.175824558271374","3.26450820713174","0.0152496203445546","0.475954122683074","1","0.684896617505017","0.567520909620965","0.718765043754235","one_way"
"10.0011159917462","1.53107142666405","0.0905958252738327","3.37547027936607","0.00111599174621134","0.638440600261338","1","0.571933458798532","0.725749859672899","0.434781090273158","one_way"
"10.0118237797414","1.35610465783853","0.165078546645979","3.29266560712948","0.0118237797413527","0.497095833827331","1","0.70365789426257","0.584937577968015","0.628884488155374","one_way"
"10.0086758214812","1.36635389594939","0.160828898832786","3.29835829429974","0.00867582148122858","0.507860965063077","1","0.65027671703252","0.541771958261608","0.686799618660764","one_way"
"10.0524704783269","1.14930865339825","0.255822193449711","3.09041122447934","0.052470478326865","0.408257482148513","1","0.743529561948134","0.327925899462781","0.737610605896531","one_way"
"10.5563455453575","1.00102481656608","0.317789739072144","2.36098903000446","0.556345545357521","0.433306161880215","0.9734","1","1","1","one_way"
"10.2795019143338","0.970725502100474","0.330458882678605","2.61635853881327","0.279501914333834","0.391822676594711","1","0.980209972431262","0.445768225533975","0.662522361598472","one_way"
"10.0439812464629","1.21804757041168","0.227944482520978","3.14318490366817","0.0439812464628546","0.430652507694389","1","0.843765491904955","0.454152301503362","0.51798768536751","one_way"
"10.3660588088279","0.825037395764623","0.391353147667475","2.42239191936675","0.366058808827899","0.362982296584164","0.9998","0.951261540151716","0.288216284897546","0.752281248271915","one_way"
"10.0350208931852","1.16051662175696","0.252659390954467","3.12219073160511","0.0350208931851559","0.408826676026053","1","0.716946858629146","0.262132754911584","0.708175323500604","one_way"
"10.1153091595241","1.26142167751596","0.209241485435581","3.02688043092024","0.115309159524085","0.453514726538926","1","0.868188910461846","0.878419998310236","0.770885065029378","one_way"
"10.4747075142751","1.04790518596013","0.296886144251261","2.48761619695583","0.474707514275051","0.439690371949395","0.9884","0.999854723527461","0.977225717677851","0.933012229457061","one_way"
"10.1803637026893","1.20614887718564","0.22983685395497","2.87062988284379","0.18036370268933","0.445409332850035","1","0.826614173080624","0.894768048776314","0.938662426722822","one_way"
"10.5563455453575","1.00102481656608","0.317789739072144","2.36098903000446","0.556345545357521","0.433306161880215","0.9734","1","1","1","one_way"
"10.1203173583975","1.25716555952613","0.209913294785881","3.01198641672735","0.120317358397506","0.457194472060317","1","0.84355002648396","0.889812466129746","0.827160223577297","one_way"
"10.0861775083262","1.02144447640421","0.31135770050293","2.94292356199406","0.0861775083262073","0.361042538744763","1","0.765965449611994","0.199286248493349","0.754972175605714","one_way"
"10.1789060880827","1.11883930470165","0.27456647669063","2.8404834564839","0.178906088082731","0.435173575855324","1","0.940385414697103","0.596727995475779","0.664566443016621","one_way"
"10.0451307054441","1.35840759736698","0.167730055223795","3.19324084657941","0.0451307054441392","0.495425034526427","1","0.793899778453116","0.95995794131348","0.758420372135766","one_way"
"10.0286020494157","1.23999371493505","0.212971479645872","3.18931602308388","0.0286020494157171","0.426856811820966","1","0.722671852885661","0.444770277935562","0.705157557365861","one_way"
"10.3051676924807","0.943150402330444","0.343566187775441","2.56989874611943","0.30516769248073","0.386966200309976","1","0.973623700884897","0.424772609363961","0.693173875615977","one_way"
"10.4640996848787","0.822846871093057","0.384482694515765","2.29517410140425","0.464099684878656","0.386796012041494","0.9866","0.962784588602912","0.473839914880706","0.879276078753455","one_way"
"10.5563455453575","1.00102481656608","0.317789739072144","2.36098903000446","0.556345545357521","0.433306161880215","0.9734","1","1","1","one_way"
"10.1454216658543","1.22449208561893","0.222145725648548","2.93694096570747","0.145421665854339","0.455277641448952","1","0.782871525511114","0.862126916222267","0.96308776446068","one_way"
"10.0017457813627","1.46589315151371","0.114892405699322","3.35709768109681","0.00174578136274715","0.610787150957601","1","0.590349282534705","0.537369236070369","0.399409950012341","one_way"
"10.0238501504622","1.33186310544093","0.1738092557159","3.23750403255411","0.0238501504622363","0.474173778080383","1","0.63691261328584","0.698521794387995","0.928198576636384","one_way"
"10.1984657180931","1.09534849784695","0.284646518835184","2.78249866312038","0.198465718093114","0.427958982117313","1","0.899160400564888","0.583062210319232","0.758759853786513","one_way"
"10.3088623912399","0.946394496555777","0.338083489866527","2.5617226478748","0.308862391239886","0.39283787703337","1","0.917366620056579","0.451726901711069","0.798037469591229","one_way"
"10.0947961628853","1.26259662729171","0.2097409473806","3.05482269705194","0.0947961628853295","0.460443162282388","1","0.843156578696684","0.81179795992702","0.76451356727493","one_way"
"10.4823982363103","1.04145979108883","0.300381806892692","2.4815353258666","0.482398236310344","0.436645566508979","0.9868","0.992040216397873","0.969816859561488","0.948967171957388","one_way"
"10.2685737633328","1.10251510277574","0.279632657034118","2.71288730821535","0.268573763332778","0.440342970401852","1","0.946073708953603","0.721896996243793","0.776433712187422","one_way"
"10.1288782585969","1.2833657206627","0.201679891830906","3.02356772745801","0.128878258596885","0.470089830495146","1","0.913612111514706","0.989807211624177","0.739238467665378","one_way"
"10.0565923992122","1.32084554627894","0.183910526916419","3.1562010303178","0.0565923992122198","0.46770666010228","1","0.795021645267226","0.872777785450691","0.777412953186339","one_way"
"10.0417724622655","1.28685172694334","0.196033209385051","3.17649135809883","0.0417724622654863","0.464496433360652","1","0.797834849583244","0.657955404659233","0.659050601754324","one_way"
"10.0126232764498","1.43299692203669","0.137728166494204","3.31556884706182","0.0126232764498323","0.532181193596335","1","0.728776880101848","0.913951899745879","0.670267522998228","one_way"
"10.302680492677","0.970070166566156","0.32957387115226","2.59457813991637","0.302680492677002","0.396424128246614","1","0.975239053623629","0.479971544477378","0.702794912969694","one_way"
"10.0486447644948","1.33340281455272","0.179543222071985","3.17191798142585","0.048644764494753","0.476654857114086","1","0.788892392717577","0.864258283675265","0.759797675820394","one_way"
"10.5563455453575","1.00102481656608","0.317789739072144","2.36098903000446","0.556345545357521","0.433306161880215","0.9734","1","1","1","one_way"
"10.1003266108305","1.26209750566618","0.208105942831917","3.03350096231086","0.100326610830538","0.451485037241762","1","0.760502132829833","0.847406598426197","0.937805660637482","one_way"
"10.0438539761555","1.29887436271258","0.190969581828927","3.17025123098731","0.0438539761555225","0.465483864963629","1","0.731317330843532","0.715926000698247","0.825511928880587","one_way"
"10.1018814769755","1.20275543905224","0.236038724773228","3.02242005778681","0.101881476975468","0.456158186416814","1","0.880474204483099","0.63047025234894","0.660065098894098","one_way"
"10.401679014622","1.0777288101101","0.285680426826203","2.56319078835713","0.401679014622037","0.436410022525049","0.9936","0.946555930017932","0.910254840920998","0.933350398497097","one_way"
"10.0840270588962","1.21481392400236","0.2279262231675","3.06159511772024","0.0840270588961794","0.453626327515137","1","0.857746059797248","0.624213147786072","0.663551945876847","one_way"
"10.4640996848787","0.822846871093057","0.384482694515765","2.29517410140425","0.464099684878656","0.386796012041494","0.9866","0.962784588602912","0.473839914880706","0.879276078753455","one_way"
"10.1624521872212","1.12927318304026","0.268659484896412","2.8714327000955","0.162452187221225","0.43660183214757","1","0.914611701813593","0.595057734666451","0.691032136546351","one_way"
"10.5563455453575","1.00102481656608","0.317789739072144","2.36098903000446","0.556345545357521","0.433306161880215","0.9734","1","1","1","one_way"
"10.4493506832538","0.980964206459325","0.324193734190406","2.45075156346309","0.449350683253793","0.411558221924409","0.9896","0.982834635932909","0.766288176415634","0.896556082609995","one_way"
"10.1681132986316","1.12341945072453","0.269992691621215","2.85362137744181","0.168113298631645","0.433383988484785","1","0.905603605919435","0.593874706548013","0.712550900534468","one_way"
"10.2567743458159","1.06172156371749","0.299553334932381","2.69074979101649","0.256774345815917","0.427393700674635","1","0.938935819832603","0.595061241378169","0.747457586271361","one_way"
"10.4823982363103","1.04145979108883","0.300381806892692","2.4815353258666","0.482398236310344","0.436645566508979","0.9868","0.992040216397873","0.969816859561488","0.948967171957388","one_way"
"10.0574169046385","1.32072756417315","0.1840592079897","3.15490910145616","0.0574169046384922","0.468965617628321","1","0.798915699564583","0.876283470135816","0.773022635302279","one_way"
"10.2795161535749","1.12419326597313","0.268495678195642","2.71146866076062","0.279516153574949","0.436393865064115","1","0.916325764631979","0.816774033903598","0.862203771176517","one_way"
"10.2179570450036","1.08501873343343","0.289317597182182","2.75709780487106","0.217957045003633","0.427918942341477","1","0.924934113448398","0.58473247112856","0.732294160256783","one_way"
"10.0973402482842","1.05985313528394","0.296898160395089","2.93313733098039","0.0973402482841691","0.391061116064511","1","0.784269220010642","0.279078385551028","0.756440564628568","one_way"
"10.0866933823906","1.17481809167569","0.246151512776677","3.02632152742042","0.0866933823906308","0.427164425209773","1","0.801220272946874","0.515045485670479","0.75421804010689","one_way"
"10.3897308187154","1.08722108148343","0.279535210926587","2.58279107396979","0.389730818715434","0.447589188537179","0.9934","0.910176071132661","0.94323057437713","0.990891690232041","one_way"
"10.5563455453575","1.00102481656608","0.317789739072144","2.36098903000446","0.556345545357521","0.433306161880215","0.9734","1","1","1","one_way"
"10.1553362656576","1.23376913531418","0.219864414982393","2.9260544393631","0.155336265657577","0.449542851590046","1","0.813800926339362","0.91437747518305","0.937467491597446","one_way"
"10.5569637489502","0.769132336892333","0.39843618853279","2.06597512590794","0.556963748950244","0.394924275749087","0.9566","0.990392467003391","0.577513741208891","0.962937850504927","one_way"
"10.1126980692927","1.17938384020974","0.244876779796927","2.98720628749306","0.112698069292746","0.448730554036454","1","0.859543432503975","0.607264275547552","0.718044660104531","one_way"
"10.053524533397","1.26513426501137","0.207365638138427","3.13812957627224","0.0535245333970437","0.445370322223114","1","0.759276612166232","0.636899735370851","0.781117506971011","one_way"
"10.186357643428","1.07480279023222","0.295677365262998","2.79063250625662","0.186357643427957","0.413625097794508","1","0.88085663016624","0.503270073261553","0.757291464763659","one_way"
"10.0597515388745","1.32110345731877","0.185662915630538","3.15610768884092","0.0597515388745467","0.483659910757996","1","0.932980507564023","0.86856738554989","0.511992958607152","one_way"
"10.1142679712234","1.26108860886576","0.209265029531265","3.02711479064717","0.114267971223364","0.45232123488528","1","0.864294856164489","0.874914313625111","0.775275382913438","one_way"
"10.1359357902108","1.15091442319275","0.260527935051538","2.93538660757183","0.135935790210792","0.43187350478407","1","0.900609995429388","0.584728964416842","0.675868710531772","one_way"
"10.4322996747354","1.05052278604675","0.297114517882749","2.52846270420301","0.432299674735383","0.43199984665657","0.991","0.97239212159952","0.896326173671814","0.916338228248528","one_way"
"10.2119141932812","1.09044617285003","0.287073409441644","2.77031486013428","0.211914193281161","0.432588393594772","1","0.933942209342557","0.585915499246997","0.710775396268666","one_way"
"10.4640996848787","0.822846871093057","0.384482694515765","2.29517410140425","0.464099684878656","0.386796012041494","0.9866","0.962784588602912","0.473839914880706","0.879276078753455","one_way"
"10.5563455453575","1.00102481656608","0.317789739072144","2.36098903000446","0.556345545357521","0.433306161880215","0.9734","1","1","1","one_way"
"10.0002653190692","1.63477119591708","0.0467786292745269","3.40698157028681","0.000265319069227671","0.631281484740656","1","0.289980886038393","0.896326173671814","0.916338228248528","one_way"
"10.0759014719902","1.20656333714257","0.230204313794092","3.06662305257834","0.0759014719901653","0.44196668926494","1","0.83108666782729","0.576912371309946","0.687225032841851","one_way"
"10.5569637489502","0.769132336892333","0.39843618853279","2.06597512590794","0.556963748950244","0.394924275749087","0.9566","0.990392467003391","0.577513741208891","0.962937850504927","one_way"
"10.527682487159","0.895264135779451","0.358573484021266","2.26795487377561","0.527682487159024","0.40882943156017","0.9678","0.968580160822031","0.735151675280848","0.985247418964872","one_way"
"10.0051617295664","1.48991598510449","0.111430970548295","3.35393297495723","0.0051617295663744","0.560424889326888","1","0.871259346981126","0.998058295086485","0.166742393514141","one_way"
"10.4282531838628","1.06405956991334","0.289484820384515","2.5338176702444","0.428253183862798","0.442429639703794","0.9912","0.942059753029353","0.945169970886142","0.972998933132755","one_way"
"10.5569637489502","0.769132336892333","0.39843618853279","2.06597512590794","0.556963748950244","0.394924275749087","0.9566","0.990392467003391","0.577513741208891","0.962937850504927","one_way"
"10.1443512708971","1.15313107049192","0.258639655789149","2.92256171116522","0.144351270897069","0.433507235061401","1","0.905266035751757","0.616963788424032","0.687901659084573","one_way"
"10.4736878012653","0.872217098412111","0.365302412998249","2.32078423604245","0.473687801265271","0.401979803685485","0.9874","0.984930985003965","0.582061020375514","0.874155820243928","one_way"
"10.182426155193","1.21986327998823","0.224275377413205","2.87636308954033","0.182426155192998","0.452338674321479","1","0.831491123458402","0.944376789948292","0.944605318934555","one_way"
"10.4227943569027","1.02534915842879","0.305773475509301","2.51272887913352","0.422794356902746","0.429413938442085","0.991","0.976319455292381","0.832703249330751","0.897859672616993","one_way"
"10.2191167058757","1.17228969461871","0.24593122808134","2.81704292026287","0.21911670587573","0.449316412563891","1","0.956353952626367","0.849580795847712","0.74704674129191","one_way"
"10.4777215007581","0.82692843874395","0.381387548142995","2.28689642743706","0.477721500758073","0.382195740276123","0.9852","0.96567484527482","0.506382243538551","0.892330976682019","one_way"
"10.445494234578","1.00648060279524","0.313788706360246","2.48553822772858","0.445494234578034","0.417302884078212","0.99","0.978907302240049","0.829911100756697","0.915034638241531","one_way"
"10.3310995074614","1.00233370760651","0.32030818337156","2.58373154879769","0.331099507461444","0.415953909952421","1","0.930395595447825","0.580185191961937","0.821076190517781","one_way"
"10.4344742357736","0.886123023441642","0.363063440399625","2.3883709749445","0.434474235773648","0.39775459074293","0.9928","0.929960925965748","0.516987190583994","0.896119044653907","one_way"
"10.1173420821897","1.10715056229429","0.282520172032211","2.93005672994266","0.117342082189681","0.401430759078161","1","0.82799877557444","0.420440289415553","0.739704024419108","one_way"
"10.4651652266888","1.03688252804178","0.301878904124934","2.48639698299643","0.465165226688846","0.435250675171657","0.9886","0.989149959725966","0.937274530903643","0.935912274028824","one_way"
"10.4713316522827","1.04908261949983","0.295584317684297","2.48729132023249","0.471331652282661","0.448523293864622","0.9864","0.953428824430074","0.989053407665907","0.99988918700576","one_way"
"10.1556568034825","1.1137320397041","0.278419787056784","2.84985542012715","0.155656803482548","0.425895625567157","1","0.870743600548973","0.522862078777376","0.742861717796811","one_way"
"10.4483606374156","1.0494767164086","0.295700002423575","2.51292684384313","0.448360637415589","0.440126542969098","0.9904","0.974350019278833","0.939817544796247","0.941829344620279","one_way"
"10.4640996848787","0.822846871093057","0.384482694515765","2.29517410140425","0.464099684878656","0.386796012041494","0.9866","0.962784588602912","0.473839914880706","0.879276078753455","one_way"
"10.3749544377119","1.0604895692894","0.29775241581262","2.56365360644409","0.374954437711935","0.431727298557337","0.9986","0.999878773940386","0.809842624893594","0.81520711809784","one_way"
"10.2225684630743","1.14948487551632","0.25630060100089","2.77815838329665","0.222568463074261","0.4316504093446","1","0.85966465856359","0.797421650653958","0.902837542006691","one_way"
"10.0946725170642","1.19636924924315","0.237462296195483","3.02511006196607","0.0946725170642236","0.445723761546912","1","0.867091725859084","0.60230709402849","0.666682423338625","one_way"
"10.5563455453575","1.00102481656608","0.317789739072144","2.36098903000446","0.556345545357521","0.433306161880215","0.9734","1","1","1","one_way"
"10.5563455453575","1.00102481656608","0.317789739072144","2.36098903000446","0.556345545357521","0.433306161880215","0.9734","1","1","1","one_way"
"10.4764510082392","1.03782150209625","0.301522802206121","2.47323175858276","0.476451008239182","0.437349049616714","0.9864","0.956747246702587","0.954177166711223","0.991002503226281","one_way"
"10.440199554804","1.05918361941556","0.290103150831527","2.5235547884065","0.440199554803981","0.443558287745933","0.9898","0.960156534501181","0.967877463052476","0.966859929056675","one_way"
"10.1431402174229","1.09558010149216","0.28867185353271","2.89045895601214","0.143140217422919","0.410083277139924","1","0.870882146249795","0.453695830801926","0.707768676755811","one_way"
"5.4862121765002","0.447847667074019","0.510106898120433","1.78643785996883","0.486212176500197","0.348741851087712","0.9442","0.998509085449252","0.10212059924379","0.884173045439467","one_way"
"10.4025252790317","0.98725244354157","0.321148165170985","2.5033412007092","0.402525279031717","0.414986849291788","0.9962","0.979171411415559","0.695226824705979","0.841544212479958","one_way"
"10.465299564215","0.898121117708367","0.353373595552718","2.36941864648243","0.46529956421502","0.406564654894505","0.991","0.986382207799646","0.620998043726166","0.865993882299902","one_way"
"10.4666419788025","0.997190533795266","0.317016982311302","2.44717124617709","0.466641978802535","0.415388183307373","0.9878","0.996210170627443","0.842475068990574","0.909010912070612","one_way"
"10.4925193841908","1.02694153393478","0.305264281849916","2.44498022051971","0.492519384190787","0.434547955093043","0.9834","0.975254957655858","0.956515983110872","0.97961849466001","one_way"
"10.4830191406694","0.863824118776549","0.367995072405716","2.30068230078479","0.483019140669418","0.398712057582423","0.984","0.9863370895851","0.579917724473829","0.88039605580015","one_way"
"10.5508319933839","0.781691610358582","0.394764695040055","2.09155538809827","0.550831993383938","0.393485479359842","0.9594","0.988986362422256","0.579657037110576","0.956697614948705","one_way"
"10.4736878012653","0.872217098412111","0.365302412998249","2.32078423604245","0.473687801265271","0.401979803685485","0.9874","0.984930985003965","0.582061020375514","0.874155820243928","one_way"
"10.4736878012653","0.872217098412111","0.365302412998249","2.32078423604245","0.473687801265271","0.401979803685485","0.9874","0.984930985003965","0.582061020375514","0.874155820243928","one_way"
"10.5358588802317","0.939075812043027","0.341954547650227","2.31175354610465","0.535858880231695","0.416924628077287","0.974","0.980283670950439","0.832359983629702","0.985536289104283","one_way"
"10.4471839702291","0.957866095907397","0.334859710611983","2.42576912718608","0.44718397022912","0.408842420704451","0.9904","0.980265807591868","0.696297659488863","0.879158143703824","one_way"
"10.5451067908284","0.803868000674338","0.385641649923993","2.14411831704376","0.545106790828384","0.393051565813888","0.962","0.968566333777607","0.610051165763926","0.983208542850676","one_way"
"10.4574840177425","0.960636812550742","0.333537614661066","2.41212814658391","0.457484017742488","0.409424471571037","0.989","0.980984632704478","0.718466610217402","0.892857349157097","one_way"
"10.4736878012653","0.872217098412111","0.365302412998249","2.32078423604245","0.473687801265271","0.401979803685485","0.9874","0.984930985003965","0.582061020375514","0.874155820243928","one_way"
"10.4651652266888","1.03688252804178","0.301878904124934","2.48639698299643","0.465165226688846","0.435250675171657","0.9886","0.989149959725966","0.937274530903643","0.935912274028824","one_way"
"10.4777215007581","0.82692843874395","0.381387548142995","2.28689642743706","0.477721500758073","0.382195740276123","0.9852","0.96567484527482","0.506382243538551","0.892330976682019","one_way"
"10.3687295753264","1.09481637594822","0.279891437340378","2.61307933390154","0.368729575326449","0.444307678654051","0.9982","0.992818563038909","0.904642086806663","0.842108480056052","one_way"
"10.4132803439872","0.908783921043966","0.354040875507983","2.4375787030621","0.413280343987178","0.395080647428991","0.994","0.921894673760635","0.539415980673023","0.899081143463866","one_way"
"10.5569637489502","0.769132336892333","0.39843618853279","2.06597512590794","0.556963748950244","0.394924275749087","0.9566","0.990392467003391","0.577513741208891","0.962937850504927","one_way"
"10.4777215007581","0.82692843874395","0.381387548142995","2.28689642743706","0.477721500758073","0.382195740276123","0.9852","0.96567484527482","0.506382243538551","0.892330976682019","one_way"
"10.4462879981087","0.988819091977041","0.321618582253046","2.46091779321295","0.446287998108668","0.41659454157514","0.9896","0.974128896224894","0.782814050935235","0.912277013400153","one_way"
"10.0294823606006","1.35010327759431","0.172447782256428","3.22748648598002","0.0294823606005566","0.496851654141507","1","0.867730910768703","0.774992860564929","0.47614038689062","one_way"
"10.5584841000585","0.957357992144627","0.333013080745906","2.31954170694433","0.55848410005855","0.424507092030382","0.971","0.988296489871593","0.902791691651146","0.99971112986059","one_way"
"10.5563455453575","1.00102481656608","0.317789739072144","2.36098903000446","0.556345545357521","0.433306161880215","0.9734","1","1","1","one_way"
"10.4311101474405","0.905530490135002","0.354022512332634","2.41418116269339","0.431110147440542","0.405729787778006","0.9926","0.934739331980903","0.564084240405456","0.898876669495285","one_way"
"10.5569637489502","0.769132336892333","0.39843618853279","2.06597512590794","0.556963748950244","0.394924275749087","0.9566","0.990392467003391","0.577513741208891","0.962937850504927","one_way"
"10.4483606374156","1.0494767164086","0.295700002423575","2.51292684384313","0.448360637415589","0.440126542969098","0.9904","0.974350019278833","0.939817544796247","0.941829344620279","one_way"
"10.4629961740297","1.0422863221918","0.298906988296688","2.49784415481888","0.462996174029657","0.439767311309843","0.9886","0.972011951980077","0.945177372466421","0.959352140836534","one_way"
"10.0599986924864","1.22477971912925","0.220232781407106","3.09182456187734","0.0599986924864145","0.442818768920369","1","0.66265130485408","0.588542107088857","0.989982774804461","one_way"
"10.4463844268818","1.05716436092981","0.292393365441568","2.51798373818272","0.446384426881786","0.442847029534191","0.9902","0.977294542247071","0.959974621489699","0.943420062248965","one_way"
"10.4651652266888","1.03688252804178","0.301878904124935","2.48639698299643","0.465165226688847","0.435250675171657","0.9886","0.989149959725966","0.937274530903643","0.935912274028824","one_way"
"10.0105488127842","1.3789420445898","0.153164276383523","3.29323750027936","0.0105488127842078","0.483486936871104","1","0.577510603936389","0.673331588359198","0.941524548147109","one_way"
"10.3834396889476","1.03002405628442","0.304719382018106","2.54537389682607","0.383439688947614","0.42850209692724","0.995","0.946752835109069","0.780294153229888","0.896372553892434","one_way"
"10.5153322750174","0.843393755873948","0.374936955142729","2.22787769912317","0.515332275017432","0.403002764380152","0.9742","0.984417995906842","0.597166609709215","0.921963727469117","one_way"
"10.5396225752954","0.9551658090149","0.335077733427328","2.32570568557741","0.539622575295432","0.423826973122589","0.9742","0.980406882124738","0.867715606510247","0.991225173760029","one_way"
"5.48797578834605","0.456969584073252","0.506220821050131","1.79454714781244","0.487975788346047","0.357933210750736","0.9404","0.982018503971748","0.129306000424549","0.920762969500714","one_way"
"10.0008987660202","1.5218886317187","0.090494046136809","3.37335480684153","0.000898766020153464","0.661679894846161","1","0.357248281361535","0.584533473898076","0.977067170871842","one_way"
"10.4483606374156","1.0494767164086","0.295700002423575","2.51292684384313","0.448360637415589","0.440126542969098","0.9904","0.974350019278833","0.939817544796247","0.941829344620279","one_way"
"10.3181260363552","1.13604447633467","0.259399880071255","2.67175176968076","0.318126036355248","0.458961174472433","0.9988","0.940919360889852","0.95906394650383","0.898465018609542","one_way"
"10.5194595712132","0.993289196152565","0.320631172729906","2.39141764538576","0.519459571213161","0.426873794047583","0.9794","0.975970319030393","0.90780253945971","0.984374674981013","one_way"
"10.4195253010576","0.937052969007174","0.342888828344101","2.44203142029649","0.419525301057589","0.405467091839489","0.9934","0.912405175113747","0.611642432268957","0.940586604621798","one_way"
"10.4651652266888","1.03688252804178","0.301878904124935","2.48639698299643","0.465165226688847","0.435250675171657","0.9886","0.989149959725966","0.937274530903643","0.935912274028824","one_way"
"10.1121125107162","1.23373778795348","0.22188760294352","3.02271111500745","0.11211251071624","0.452092155390085","1","0.895106971884528","0.777512758270277","0.691271681950685","one_way"
"10.5569637489502","0.769132336892333","0.39843618853279","2.06597512590794","0.556963748950244","0.394924275749087","0.9566","0.990392467003391","0.577513741208891","0.962937850504927","one_way"
"10.0682367737347","1.2407859194652","0.217001005220803","3.09885190703467","0.0682367737347048","0.456568974424621","1","0.90270440722842","0.644911682168831","0.53934770696117","one_way"
"10.3080193285621","1.14452685542787","0.260571537579456","2.68152442935908","0.308019328562144","0.456508166880753","0.9998","0.974350019278833","0.939817544796247","0.829913498600945","one_way"
"10.0540647290301","1.30852876805299","0.191556828124809","3.15444693272275","0.0540647290300623","0.486778715970233","1","0.904106092125922","0.775903535550798","0.521095430530043","one_way"
"10.5258163385936","0.975514595576749","0.327741853197236","2.36956619609392","0.525816338593578","0.423704682331565","0.9782","0.979568309575904","0.881073427280865","0.98078010878328","one_way"
"10.5006577925603","0.895197357504436","0.356596130048581","2.30621991529274","0.500657792560328","0.410903482336198","0.9796","0.986240278688417","0.676644790988539","0.920132266739634","one_way"
"10.5584841000585","0.957357992144627","0.333013080745906","2.31954170694433","0.55848410005855","0.424507092030382","0.971","0.988296489871593","0.902791691651146","0.99971112986059","one_way"
"10.4909500294392","0.960956942582482","0.333113769634606","2.38619180664043","0.490950029439193","0.409738982722816","0.9856","0.99370963856168","0.76437999419049","0.905321231514067","one_way"
"10.5451067908284","0.803868000674338","0.385641649923993","2.14411831704376","0.545106790828384","0.393051565813888","0.962","0.968566333777607","0.610051165763926","0.983208542850676","one_way"
"10.4736878012653","0.872217098412111","0.365302412998249","2.32078423604245","0.473687801265271","0.401979803685485","0.9874","0.984930985003965","0.582061020375514","0.874155820243928","one_way"
"10.534751541023","1.00438269684742","0.315963420329186","2.3914732098473","0.534751541023046","0.432444469881548","0.9772","0.987274994142798","0.954086616026912","0.98753611764303","one_way"
"10.4232426927323","0.97321781564005","0.326232851142437","2.47800715922366","0.423242692732263","0.411350403400794","0.9932","0.955418970543675","0.707594919604989","0.899730530434377","one_way"
"10.5490901288408","0.802375322662685","0.386700660892074","2.14074544264725","0.549090128840788","0.393384066814732","0.963","0.977100886820379","0.603031433074742","0.969079222483761","one_way"
"10.4840882145535","0.895749099486226","0.356177286317506","2.33510071121975","0.484088214553539","0.408292820129326","0.9826","0.968628880685056","0.65077036671704","0.923760012787276","one_way"
"10.5086564832914","0.909291246849728","0.352097236641926","2.30417413790419","0.508656483291396","0.415793276746851","0.9754","0.983563994294133","0.735842346830499","0.9505175583955","one_way"
"10.0872660198474","1.24954962990489","0.213263816474828","3.05688322658538","0.0872660198474238","0.458947173319642","1","0.724375025965227","0.759713725755136","0.961673183582816","one_way"
"10.4344925194929","1.00005133357172","0.31724596483559","2.48627786417342","0.43449251949287","0.416092411315915","0.991","0.971395983868597","0.795429421617757","0.910400308515023","one_way"
"10.4167629740351","1.0054256999132","0.313770443451597","2.50124480280103","0.416762974035075","0.425648889432083","0.9922","0.966629592659538","0.78122983420479","0.899015624650206","one_way"
"10.5247856662574","1.00437224082854","0.315662609322591","2.3987092858024","0.524785666257375","0.431460579663249","0.9792","0.981694515220832","0.939493962896981","0.986174810393894","one_way"
"10.5428232635092","0.881253285004053","0.361540254932454","2.2143983856367","0.542823263509181","0.411312671515848","0.9642","0.9845602966131","0.751501860832871","0.985818519658985","one_way"
"10.4908399186878","0.881838714721778","0.361745843810876","2.30295811581873","0.490839918687817","0.411144369126046","0.9816","0.97342548613489","0.629172609281649","0.918914791184436","one_way"
"10.5569637489502","0.769132336892333","0.39843618853279","2.06597512590794","0.556963748950244","0.394924275749087","0.9566","0.990392467003391","0.577513741208891","0.962937850504927","one_way"
"10.143463464176","1.2059090740363","0.23498097425359","2.95567113208591","0.143463464176025","0.449031981803741","1","0.915046304242395","0.766703451038995","0.70463745049365","one_way"
"10.4734352342969","0.96830675449172","0.330768972935246","2.40399195667431","0.473435234296885","0.411981874319436","0.9868","0.982388493640548","0.763423422045324","0.913449244799704","one_way"
"10.534751541023","1.00438269684742","0.315963420329186","2.3914732098473","0.534751541023046","0.432444469881548","0.9772","0.987274994142798","0.954086616026912","0.98753611764303","one_way"
"10.5252306150995","0.927599875638658","0.345260515973096","2.32056807887265","0.525230615099478","0.409689801740849","0.9746","0.978269434100986","0.794318389234218","0.975128256159467","one_way"
"10.2569847918272","1.1255834015156","0.268584782568118","2.74695174255505","0.256984791827157","0.449783210259122","1","0.982769426445207","0.773580078702292","0.72177921155046","one_way"
"10.476838906676","0.981158587050233","0.325054111749812","2.41972295836054","0.476838906675965","0.410781627044555","0.9868","0.979197200591122","0.79796441696656","0.925624525487065","one_way"
"10.5569637489502","0.769132336892333","0.39843618853279","2.06597512590794","0.556963748950244","0.394924275749087","0.9566","0.990392467003391","0.577513741208891","0.962937850504927","one_way"
"10.1896667714079","1.18186578797496","0.240003195287964","2.8506882969136","0.189666771407872","0.444393677536188","0.9998","0.79248674248378","0.841542360628354","0.9932326091584","one_way"
"10.4003791809125","1.02479249348017","0.306267845319338","2.52917834091841","0.400379180912484","0.429820526518691","0.9936","0.951519226318128","0.794493740642855","0.90775723775725","one_way"
"10.5023100159754","0.862045110096092","0.368537660176249","2.25949436838591","0.502310015975442","0.407640397815136","0.9764","0.971822475328058","0.619304684510949","0.936001289704895","one_way"
"10.5308009258082","0.994203676172775","0.320311081469176","2.38434464851597","0.530800925808201","0.428109804902054","0.9776","0.981550797952358","0.922395192589642","0.985735982230149","one_way"
"10.5584841000585","0.957357992144627","0.333013080745906","2.31954170694433","0.55848410005855","0.424507092030382","0.971","0.988296489871593","0.902791691651146","0.99971112986059","one_way"
"10.4168277773736","0.988488367744687","0.321112212496387","2.49230421971139","0.416827777373621","0.421800025215324","0.9934","0.925860392070255","0.741709763330988","0.949202277423902","one_way"
"10.4312271281094","0.950908068136519","0.337380578818541","2.43205040367487","0.431227128109389","0.407316828876222","0.992","0.955418970543675","0.664201692910865","0.899730530434377","one_way"
"10.5499501066046","0.82946790935043","0.375728507781942","2.16324628673637","0.549950106604576","0.39957126203093","0.963","0.975382388464112","0.660138707631145","0.983070038090523","one_way"
"10.4659284315501","0.458637928571269","0.51095417817421","1.79670136058708","0.465928431550145","0.342624439009434","0.9614","0.920184773353039","0.0715024236124009","0.968151704285006","one_way"
"10.5180619514127","0.900333625607508","0.355675188384613","2.28783010339117","0.51806195141274","0.409796514877503","0.9692","0.966951665168231","0.737648275448215","0.982609500957926","one_way"
"10.5203306765912","0.842912308813848","0.372981852677144","2.20956145012167","0.52033067659119","0.400317536143105","0.969","0.973907292177377","0.634497115280834","0.956837945566142","one_way"
"10.5584841000585","0.957357992144627","0.333013080745906","2.31954170694433","0.55848410005855","0.424507092030382","0.971","0.988296489871593","0.902791691651146","0.99971112986059","one_way"
"10.4879513562181","0.999951218417881","0.317633538691453","2.42002172806212","0.487951356218093","0.424899344572382","0.9844","0.971767092853379","0.878538431932062","0.965555891811238","one_way"
"10.4796709619256","1.02945471477692","0.304251969182036","2.46390145518782","0.479670961925557","0.431381896198343","0.9856","0.986278691823831","0.938427102024539","0.952235156379545","one_way"
"10.0575718078118","1.32825625729081","0.183191571275328","3.16314452453903","0.0575718078117987","0.487364767726636","1","0.914133147896529","0.884376837967726","0.545678304231166","one_way"
"10.5396225752954","0.9551658090149","0.335077733427328","2.32570568557741","0.539622575295432","0.423826973122589","0.9742","0.980406882124738","0.867715606510247","0.991225173760029","one_way"
"10.5178428575251","0.952837369818431","0.335958176562894","2.335475630847","0.517842857525067","0.417428039924907","0.9776","0.972752254889399","0.830985885413647","0.980918613543433","one_way"
"10.5396225752954","0.9551658090149","0.335077733427328","2.32570568557741","0.539622575295432","0.423826973122589","0.9742","0.980406882124738","0.867715606510247","0.991225173760029","one_way"
"10.5018997631551","0.865589797155585","0.367440834935109","2.26311778770457","0.501899763155116","0.406857807314799","0.9776","0.972342796342866","0.623317667121804","0.934685324937307","one_way"
"10.5395022958053","0.884161561172762","0.360870159551855","2.23350492617498","0.539502295805312","0.412572777934198","0.9664","0.98476264761219","0.733736892265962","0.971992638792247","one_way"
"10.5096326569799","0.984579860137575","0.324888953063766","2.38811226442035","0.509632656979879","0.423473396204738","0.9804","0.976530683580463","0.873274970747472","0.971757447156457","one_way"
"10.5740692626339","0.852348095299542","0.369448918344955","2.16011918244682","0.57406926263391","0.408034215587069","0.9574","0.989109541840042","0.739047963371896","0.994364152535858","one_way"
"10.5516323312569","0.793530270033557","0.389885045197819","2.11704046041699","0.551632331256866","0.394404541181","0.9604","0.971866410508964","0.595575362776789","0.979148687300119","one_way"
"10.0015033360557","1.39638565199715","0.142802021673967","3.31470841741104","0.00150333605572728","0.823122411054233","1","0.27056393912062","0.234623949472219","0.980171147684669","one_way"
"10.5304820129534","0.976563350337486","0.327092637046005","2.36565843776435","0.530482012953372","0.428298212855071","0.9764","0.980414654088153","0.89641392493926","0.989097791344871","one_way"
"10.5330998308113","0.973731997584793","0.328274756192647","2.36413421805153","0.533099830811337","0.424747598773837","0.977","0.980513911433763","0.888133955725006","0.98637827541001","one_way"
"10.5369144146188","0.986431288711833","0.323015379660553","2.36748907661553","0.536914414618752","0.429739748786612","0.9764","0.981587485911807","0.919075613682222","0.991021708743913","one_way"
"10.5335800368081","0.878658306234337","0.362047906054963","2.23336880434524","0.533580036808103","0.409193802352996","0.9662","0.985477721662658","0.719586653880317","0.966398664162734","one_way"
"10.539430234536","0.888568430353854","0.36013912321457","2.23820138433895","0.539430234535968","0.40988852287153","0.9664","0.989579415034942","0.741257469488142","0.968284827829658","one_way"
"10.0002884541658","1.62379536321917","0.0473107259935422","3.40358851100218","0.000288454165814092","0.69424581405527","1","0.249787741340697","0.751501860832871","0.985818519658985","one_way"
"10.5304089621376","0.984540670812905","0.323911297102185","2.37459952894503","0.530408962137607","0.430064041489727","0.9768","0.981686743257417","0.910795644467967","0.988302192809053","one_way"
"10.5584841000585","0.957357992144627","0.333013080745906","2.31954170694433","0.55848410005855","0.424507092030382","0.971","0.988296489871593","0.902791691651146","0.99971112986059","one_way"
"10.5268438451108","0.919131272714737","0.347641734265891","2.31757357358309","0.526843845110753","0.411848229197706","0.9736","0.97034893070377","0.77250715393288","0.979752996646451","one_way"
"10.4548939649668","1.01443351660999","0.31162701513647","2.48261887639959","0.454893964966828","0.423942502378094","0.9894","0.97795442089156","0.856267183123851","0.92812039678006","one_way"
"10.5033663053449","0.920271866372918","0.345881593313936","2.34170492587938","0.503366305344935","0.412299741075959","0.9794","0.973299515556661","0.728476980998424","0.943707518096586","one_way"
"10.5060012922484","0.944290088999444","0.338869690677289","2.35178997508154","0.506001292248443","0.41479324435753","0.979","0.972468346526316","0.794493449456726","0.965283450642614","one_way"
"10.5092379773016","0.889764066604283","0.360238616430182","2.270921969678","0.509237977301625","0.410062137597625","0.9702","0.975133680071607","0.70893575864009","0.96565948527771","one_way"
"10.4950757552378","0.878345196014907","0.362831131298904","2.29432478464852","0.495075755237779","0.410505764876241","0.9812","0.972905165120081","0.625159626670794","0.920230755952024","one_way"
"10.5475960842011","0.849255450154331","0.370386927758327","2.16890747899271","0.547596084201145","0.406377112766548","0.9624","0.98603670151594","0.711492455453176","0.982170385472709","one_way"
"10.4632326948856","0.953404452653344","0.332807581472953","2.41000034203992","0.463232694885621","0.415958743744865","0.985","0.92124946629178","0.739670165791328","0.987691686460926","one_way"
"10.5048764759127","0.953302786478227","0.336508099513071","2.35955609298504","0.504876475912746","0.413440433837212","0.9816","0.969082053892716","0.792678257591186","0.962120401630175","one_way"
"10.5571690905057","0.831961935068412","0.377015045758908","2.16612736442471","0.557169090505662","0.404360775428017","0.9628","0.989691213330454","0.661558723684228","0.96321029167355","one_way"
"10.0028401406001","1.48342327271774","0.108590210591003","3.35618465444562","0.00284014060005634","0.56813952065907","1","0.48998980014585","0.794318389234218","0.975128256159467","one_way"
"10.5569637489502","0.769132336892333","0.39843618853279","2.06597512590794","0.556963748950244","0.394924275749087","0.9566","0.990392467003391","0.577513741208891","0.962937850504927","one_way"
"10.5238050277986","0.971479157252767","0.329055683523668","2.36476512811364","0.523805027798643","0.421914717192594","0.978","0.975643291397654","0.872979067694837","0.98502361841481","one_way"
"10.5570807562153","0.836619042077939","0.375710171608846","2.16094354510875","0.557080756215349","0.401966715469954","0.9622","0.98333390871887","0.677063217473616","0.976996979947418","one_way"
"10.5360490404252","0.906733436558135","0.352280379772771","2.29536610377672","0.536049040425242","0.406183023822332","0.9692","0.974872168565446","0.759459510749552","0.977984760470942","one_way"
"10.0006534656368","1.55149932167321","0.0771900460599611","3.38265857687842","0.000653465636813978","0.680835890874164","1","0.33364394819364","0.642329564345396","0.978112291267295","one_way"
"10.0001920150181","1.74156264455141","0.00098300827859212","3.4353550585914","0.000192015018112993","0.211102254892306","1","0.00586823979392648","0.711492455453176","0.982170385472709","one_way"
"10.0697880574866","1.26063123265951","0.206329312985294","3.09452515195573","0.0697880574866347","0.465229485363108","1","0.690205555409193","0.739670165791328","0.987691686460926","one_way"
"5.50654863385292","0.570153335067414","0.472161868876278","1.88330181636005","0.506548633852925","0.37091756265824","0.9438","0.96954652465333","0.304803435690701","0.96810655794172","one_way"
"10.5209589460525","0.958625084496592","0.334604567691359","2.34160943341695","0.520958946052503","0.415914728143747","0.9782","0.97990578636664","0.838971139127898","0.972689205421374","one_way"
"10.5182221284781","0.930129621504497","0.343668475136402","2.34107703275861","0.518222128478135","0.411598712136707","0.976","0.969884459943156","0.77949542081137","0.973766840334906","one_way"
"10.5456675903956","0.815558355788404","0.380254998897031","2.16628151784174","0.545667590395564","0.400487689409597","0.965","0.987156499575216","0.62483659310953","0.95597671303429","one_way"
"10.0023157717285","1.49382595108015","0.10420736773513","3.35858894874406","0.00231577172851208","0.582161469273519","1","0.47132907086052","0.780093082995934","0.983834470201797","one_way"
"10.5422729690484","0.871178213655348","0.363926611416525","2.20935415499236","0.542272969048429","0.403156260154044","0.9654","0.988071297442416","0.72092834405507","0.969622165752045","one_way"
"5.54495230147328","0.72377424842789","0.414449394249581","2.01377850494629","0.544952301473282","0.397224208870622","0.945","0.98603670151594","0.539342578034848","0.982170385472709","one_way"
"10.5269638243259","0.968571527578441","0.330681320227452","2.36304446749962","0.526963824325887","0.421070170536437","0.9782","0.98513340719134","0.861355523387768","0.967578266700887","one_way"
"10.5008500950783","0.950526668574796","0.337738490168193","2.36308991234595","0.500850095078275","0.412271695798555","0.982","0.974225449894663","0.779987358226623","0.949312941629778","one_way"
"10.5470836917371","0.898673769361676","0.355714999071844","2.2629155914807","0.547083691737106","0.410339398436013","0.9664","0.980500152643204","0.7677448208329","0.984327051785683","one_way"
"10.508642014923","0.92098508049473","0.347580043584722","2.32929851573007","0.50864201492305","0.41392796642429","0.9758","0.973913248967324","0.746272585932549","0.95833399558595","one_way"
"10.5213202066017","0.894881353213244","0.358399824512651","2.27801323886796","0.521320206601652","0.410137067868429","0.9684","0.976874998051781","0.731506101240021","0.970577844618303","one_way"
"10.5584841000585","0.957357992144627","0.333013080745906","2.31954170694433","0.55848410005855","0.424507092030382","0.971","0.988296489871593","0.902791691651146","0.99971112986059","one_way"
"10.5485031689942","0.908166812298882","0.351479526724223","2.26725508896954","0.548503168994194","0.415751378971032","0.9694","0.982731881239077","0.792704983811481","0.985733248166108","one_way"
"10.543725542657","0.92667166312447","0.345960715224936","2.3010666371336","0.543725542657035","0.422003437800847","0.9716","0.984115948767016","0.827813297396502","0.987433706615782","one_way"
"10.5475960842011","0.849255450154331","0.370386927758327","2.16890747899271","0.547596084201145","0.406377112766548","0.9624","0.98603670151594","0.711492455453176","0.982170385472709","one_way"
"10.5740692626339","0.852348095299542","0.369448918344955","2.16011918244682","0.57406926263391","0.408034215587069","0.9574","0.989109541840042","0.739047963371896","0.994364152535858","one_way"
"10.5049651125747","0.913668840154354","0.350740344610459","2.31334167878665","0.504965112574726","0.41291076328404","0.975","0.974258435154783","0.741663905815427","0.963358282981577","one_way"
"10.5218349519587","0.92016663516608","0.347841696006284","2.31767760756351","0.521834951958745","0.410838526066526","0.9738","0.971713966276489","0.766542661973785","0.974856113455481","one_way"
"10.5042867239089","0.925894068972349","0.345196938840513","2.3445378688722","0.504286723908887","0.411357909259613","0.9788","0.974765711802593","0.739738543500416","0.946993439732676","one_way"
"10.5175958600746","0.918869688965548","0.349273414748987","2.31590416218719","0.517595860074619","0.411881270271205","0.9748","0.980366458482836","0.755967912912137","0.959220007131298","one_way"
"10.5589632077896","0.78723590481231","0.391941380159224","2.0827816317374","0.558963207789584","0.395143223195696","0.9562","0.984836370002782","0.606119830950935","0.976045007607426","one_way"
"10.5466555247125","0.868039359757714","0.36492547834885","2.19010554520148","0.546655524712451","0.406797469574322","0.9628","0.987544819108466","0.731821580886248","0.980833047550322","one_way"
"10.5405955521471","0.908275520908123","0.353421936658722","2.28897203343775","0.540595552147145","0.406574826565764","0.9688","0.987373986179531","0.765267664812007","0.966574834852313","one_way"
"10.5223385094191","0.993575718915258","0.321008323970107","2.3895887416994","0.522338509419118","0.425335975955941","0.9796","0.982355043009825","0.909774719950198","0.977573803592235","one_way"
"10.5256693181801","0.893667517518157","0.358177532864156","2.27583045342846","0.525669318180063","0.41237159689094","0.9682","0.976609455541124","0.730713001313996","0.971388507522352","one_way"
"10.5447664150985","0.87975405073944","0.3618029788088","2.2124696998894","0.544766415098469","0.413976993066936","0.9638","0.988811857936924","0.750558363220166","0.981732732981335","one_way"
"10.500844316477","0.922343470752251","0.345657414111616","2.34122554381926","0.500844316477014","0.413257551693932","0.979","0.971934479983942","0.73444147295752","0.948604401287556","one_way"
"10.5287269352391","0.965807170426067","0.332382122700139","2.35694405454365","0.528726935239066","0.418557808149558","0.9784","0.98664919749401","0.857168095448272","0.967513742457586","one_way"
"10.521623759357","0.957283304738152","0.33522894910337","2.34069706803826","0.521623759357032","0.415425858466618","0.979","0.983284743554594","0.833011561978572","0.96529822600071","one_way"
"10.5206571287635","0.918184638997157","0.348885053933121","2.3155307243334","0.520657128763464","0.411440881714015","0.974","0.971944008098329","0.758248500367482","0.972118362568417","one_way"
"10.5211863785199","0.909061092435143","0.352049805121585","2.29829432253914","0.521186378519938","0.408554546094212","0.97","0.97454990738595","0.751959921757885","0.973036985288841","one_way"
"10.5340791327873","0.904535670216485","0.35293906453086","2.28720905234492","0.534079132787276","0.406547870019731","0.9678","0.973168964538873","0.763692843282887","0.984894782161964","one_way"
"10.4981723319182","0.973444207177063","0.326762658623491","2.39120313672186","0.498172331918208","0.414827280656196","0.9816","0.962780545592085","0.837476595766895","0.977633117843027","one_way"
"10.5470737223084","0.905324769031339","0.354325615705708","2.28279721100564","0.547073722308413","0.408150142900233","0.9676","0.985963626634859","0.76430246153658","0.970321393297099","one_way"
"10.4911307773662","0.979168362724275","0.325838730930416","2.40571484193128","0.491130777366244","0.414484841760872","0.9856","0.985206482072421","0.808545517304364","0.926671815570444","one_way"
"10.5060769939745","0.918251798800009","0.347629685109906","2.32883184428688","0.506076993974476","0.414916198898368","0.977","0.971789193610092","0.737723447404332","0.95648153114622","one_way"
"10.5338180326893","0.889476210479989","0.359869835837038","2.25146921386199","0.533818032689281","0.410180551137332","0.967","0.983475034968871","0.736748339035886","0.97096205066506","one_way"
"10.5589632077896","0.78723590481231","0.391941380159224","2.0827816317374","0.558963207789584","0.395143223195696","0.9562","0.984836370002782","0.606119830950935","0.976045007607426","one_way"
"10.0023216945456","1.48847492200823","0.10881651588806","3.35716963430279","0.00232169454559618","0.581470106523392","1","0.464197178196766","0.722709016328316","0.982354838200058","one_way"
"10.5459198436477","0.852790504565166","0.369577651941807","2.18158325097183","0.54591984364772","0.403743972205826","0.9656","0.984172368650081","0.699663822938355","0.974824783064998","one_way"
"10.5486651212025","0.907320965403778","0.351963402378264","2.27310314150044","0.548665121202482","0.415802879786342","0.9698","0.985417035675687","0.78662516050949","0.980321744811527","one_way"
"10.5263648504593","0.863851039546088","0.36513574491542","2.20340757611424","0.526364850459279","0.405024108758089","0.9656","0.983484283568339","0.692917591004075","0.965478981754975","one_way"
"10.5588658849955","0.916037046107059","0.350248361720414","2.27116846696064","0.558865884995516","0.419951187731101","0.968","0.985378204799835","0.825748042584711","0.993632910991178","one_way"
"10.5356257232765","0.91193146109921","0.351788071566666","2.29853633261283","0.535625723276527","0.408792406461909","0.9694","0.979605136450119","0.763093533439871","0.97196565716851","one_way"
"10.3027543055799","1.09685991643191","0.280935680374044","2.67839882089711","0.302754305579899","0.444061036667541","1","0.985231393197932","0.781553935766479","0.763408156577498","one_way"
"10.5530820150566","0.871439570512003","0.363877890621053","2.19340277998768","0.553082015056623","0.412036470316069","0.962","0.987654543577658","0.741897782062794","0.984325483829375","one_way"
"10.5740692626339","0.852348095299542","0.369448918344955","2.16011918244682","0.57406926263391","0.408034215587069","0.9574","0.989109541840042","0.739047963371896","0.994364152535858","one_way"
"10.5049529523599","0.927943686772813","0.345372088526952","2.33663075903108","0.504952952359865","0.41053667082148","0.9764","0.972475288309206","0.759417041446051","0.96211046341827","one_way"
"10.5168289228045","0.881734199134792","0.362941838451259","2.24840835816348","0.516828922804472","0.412804380780299","0.9682","0.98491547066329","0.703325150471546","0.95706649095664","one_way"
"10.5097824762606","0.925741788899463","0.345851820185448","2.331265416684","0.509782476260577","0.411464750821306","0.976","0.971859252650339","0.763260687526973","0.966978983596816","one_way"
"10.5120840316222","0.868067915808949","0.365259195307365","2.23534323178232","0.512084031622207","0.407412992098041","0.9708","0.97615427787925","0.667784028570533","0.9572442176636","one_way"
"10.5369627541573","0.91298250388914","0.351722018831365","2.298327249514","0.536962754157338","0.407672898794106","0.9694","0.985858195876862","0.769455092751503","0.966639359095614","one_way"
"10.5302121994283","0.893394925895013","0.358911304950902","2.26188003841321","0.530212199428293","0.409460271535255","0.968","0.978328219294379","0.736737147665789","0.97322927986684","one_way"
"10.540031232776","0.909205654723654","0.352530208873205","2.29479449159724","0.540031232775987","0.407273087081068","0.969","0.98468883174292","0.771347488113998","0.971986338206894","one_way"
"10.0051108104755","1.44833202976246","0.124703735617845","3.33208551575028","0.00511081047550655","0.547559939763852","1","0.524402942836237","0.781488422936341","0.985548795438759","one_way"
"10.0007106368267","1.55647658870291","0.0760528758301445","3.38372993036324","0.000710636826671831","0.632430871277939","1","0.376303579425439","0.781587626356937","0.978890557780145","one_way"
"10.5424994687231","0.921900319042284","0.348499441340687","2.2965033101065","0.542499468723115","0.417383943978067","0.9724","0.986258541748615","0.81152702644203","0.97921452107969","one_way"
"10.5123029179537","0.937816402286886","0.341673392310817","2.34614945756926","0.51230291795366","0.412207953818064","0.9782","0.97373575491678","0.787593682591521","0.967167798089773","one_way"
"10.5097967030951","0.873317245340686","0.363820187527307","2.22985338978762","0.50979670309515","0.409779684167166","0.9684","0.975974341652203","0.683105812811531","0.962507207127602","one_way"
"10.5268031890058","0.920120597006844","0.348389770216849","2.31354046771817","0.526803189005847","0.411608651669674","0.9724","0.976418734805856","0.77069089059552","0.97206397422854","one_way"
"10.080085266571","1.26485944589695","0.211455826207159","3.08278197102791","0.0800852665709658","0.465504673916601","1","0.976900397802198","0.760298008757848","0.461835301248357","one_way"
"10.5211863785199","0.909061092435143","0.352049805121585","2.29829432253914","0.521186378519938","0.408554546094212","0.97","0.97454990738595","0.751959921757885","0.973036985288841","one_way"
"10.5367361790306","0.915598099049627","0.350866355967274","2.30238262708078","0.536736179030552","0.409279280947123","0.9702","0.980834903189162","0.76409120145713","0.968227009755879","one_way"
"10.5427050809098","0.898774995213378","0.356140924949249","2.26288889690901","0.542705080909768","0.409407852853768","0.9666","0.983041800285927","0.764106872817604","0.97919108077163","one_way"
"10.552104368314","0.868416650681583","0.364508564805279","2.19010587131527","0.552104368313964","0.408239911588912","0.962","0.984884978475043","0.73849354424776","0.987689638012365","one_way"
"10.5306781210678","0.893220483024115","0.359007539642464","2.26046437921044","0.53067812106782","0.409606605277229","0.968","0.978665429121928","0.736739036393968","0.973040290522976","one_way"
"10.5122493766014","0.885391499363695","0.361256543368239","2.26350808940555","0.512249376601422","0.410679827007969","0.9704","0.97991089313722","0.698889158493438","0.95720045267258","one_way"
"10.5461125491744","0.910700957207719","0.351155231529577","2.29501288478251","0.546112549174399","0.414675441463385","0.9704","0.985530654229719","0.787901664100013","0.977487738479255","one_way"
"10.5038803727157","0.912782879465221","0.350974300062045","2.31337354788744","0.503880372715692","0.414688003646557","0.975","0.972471728129706","0.73825179203267","0.964229339700376","one_way"
"10.5333853951231","0.889705524711448","0.359829584849804","2.25189745056066","0.533385395123135","0.409704279160545","0.9672","0.983137825141321","0.736746450307707","0.971151040008923","one_way"
"10.5589632077896","0.78723590481231","0.391941380159224","2.0827816317374","0.558963207789584","0.395143223195696","0.9562","0.984836370002782","0.606119830950935","0.976045007607426","one_way"
"10.5740692626339","0.852348095299542","0.369448918344955","2.16011918244682","0.57406926263391","0.408034215587069","0.9574","0.989109541840042","0.739047963371896","0.994364152535858","one_way"
"10.5339651765445","0.962256392229979","0.333591655086752","2.34671119139085","0.533965176544468","0.419145393316823","0.978","0.986535578939979","0.855891591857749","0.970347748789858","one_way"
"10.5088028652579","0.92139065249843","0.347480620174602","2.32900981114268","0.508802865257887","0.41316253718888","0.9756","0.972039188877386","0.747938903285975","0.961715994132814","one_way"
"10.5234586150364","0.917139826098258","0.349606292304385","2.31447514264356","0.523458615036388","0.410097672030327","0.9734","0.977296257495527","0.759035818383469","0.966694278407281","one_way"
"10.5342217367965","0.911249378229225","0.351205641123849","2.30111168407921","0.534221736796548","0.410542236263817","0.9694","0.976090790887805","0.763888432001863","0.976025094687433","one_way"
"10.5135144543229","0.8908967633392","0.359801346479365","2.26982675394165","0.513514454322918","0.40714960310307","0.9684","0.984460362149473","0.716031537117049","0.956765926031062","one_way"
"10.5330934289201","0.913760942417503","0.349855566555988","2.31011892159247","0.53309342892006","0.409813446704163","0.9708","0.972486430019258","0.763164498654548","0.977146973607808","one_way"
"10.5172962734759","0.863509576652526","0.366108163573449","2.20896148661512","0.517296273475902","0.406380831671411","0.9672","0.98115885540532","0.672220020548641","0.957110255947659","one_way"
"10.5403323785276","0.868794072960228","0.364200082217389","2.21350328578228","0.540332378527618","0.400744661465205","0.9654","0.984523006500815","0.717045851058429","0.972588578608283","one_way"
"10.5319334521895","0.90757697542627","0.353189773548781","2.2917465693629","0.531933452189529","0.407753174180941","0.9688","0.980214105035394","0.75890509788596","0.972040726546772","one_way"
"10.5444677249661","0.87593368895729","0.362412503217353","2.2130029462258","0.544467724966141","0.410468468232748","0.9652","0.98769959833387","0.737302758160022","0.977636565188553","one_way"
"10.523287139816","0.953970600031803","0.336853002857178","2.3310178218941","0.523287139816015","0.415900007551244","0.978","0.984772695227569","0.832835100383723","0.96732492796463","one_way"
"10.5252967232359","0.918086923967572","0.349273922422988","2.31426506447559","0.525296723235907","0.41011016241399","0.9726","0.976987976096037","0.763471947606423","0.969073367138037","one_way"
"10.1391048192129","1.22820641450244","0.2208003667422","2.95243190591001","0.139104819212946","0.454002075941234","1","0.775213026674464","0.857168095448272","0.967513742457586","one_way"
"5.41918986306436","0.408282745282034","0.520620387883226","1.75464008900842","0.419189863064356","0.365500092362558","0.9164","0.974098072564684","0.112850269768387","0.961752909907449","one_way"
"10.5482422070274","0.804329876064574","0.385175024597657","2.11276187569457","0.548242207027368","0.393307517974655","0.9602","0.983788398470838","0.625822318928392","0.974418479664203","one_way"
"10.5090531511866","0.93033682697978","0.344039072892338","2.34002554509011","0.509053151186634","0.409470730221138","0.977","0.973073484374772","0.77336221427366","0.966520986191527","one_way"
"10.5319334521895","0.90757697542627","0.353189773548781","2.2917465693629","0.531933452189529","0.407753174180941","0.9688","0.980214105035394","0.75890509788596","0.972040726546772","one_way"
"10.5405905025191","0.900440858572635","0.356654827955962","2.26832310350708","0.540590502519065","0.40750496094315","0.9674","0.984953879767288","0.755273420442857","0.971330575759254","one_way"
"10.5352067100529","0.904656539389901","0.354322127787697","2.28479937233269","0.535206710052868","0.407078885150925","0.968","0.981625776963602","0.759064259455718","0.972636844267197","one_way"
"10.5043809631367","0.929112215316641","0.344980764455583","2.3384836676951","0.504380963136659","0.409925021389338","0.9764","0.972701459419395","0.762170371603836","0.96236280603106","one_way"
"10.5233779961572","0.916687284749489","0.349934417729361","2.31375663365351","0.523377996157242","0.410151811152668","0.974","0.976395051328681","0.755623856076141","0.966755088910216","one_way"
"10.2608673143149","1.12081452936169","0.270097057735052","2.73553383951259","0.260867314314866","0.449982482843447","1","0.981294634550868","0.770241521701883","0.727883933879427","one_way"
"10.5333853951231","0.889705524711448","0.359829584849804","2.25189745056066","0.533385395123135","0.409704279160545","0.9672","0.983137825141321","0.736746450307707","0.971151040008923","one_way"
"10.5740692626339","0.852348095299542","0.369448918344955","2.16011918244682","0.57406926263391","0.408034215587069","0.9574","0.989109541840042","0.739047963371896","0.994364152535858","one_way"
"10.5474668668729","0.905503750620397","0.352965053638708","2.28851085355447","0.547466866872901","0.409099162816486","0.9684","0.983988694591063","0.772440867866951","0.97543380188086","one_way"
"10.5379670054883","0.8168851126596","0.379794303786281","2.1580565236193","0.537967005488318","0.393573716431491","0.9644","0.976522763171713","0.629273094202255","0.972490071604139","one_way"
"10.5313139102472","0.895866313729869","0.357701929199592","2.26061392306574","0.531313910247179","0.406320336044106","0.9676","0.979558010089072","0.746294741810486","0.97516523059646","one_way"
"10.5468168816762","0.811381674630846","0.38211852449405","2.12690576253038","0.546816881676204","0.394662558943392","0.9594","0.985330358109493","0.641283115161453","0.976472416262597","one_way"
"10.5589632077896","0.78723590481231","0.391941380159224","2.0827816317374","0.558963207789584","0.395143223195696","0.9562","0.984836370002782","0.606119830950935","0.976045007607426","one_way"
"10.5367361790306","0.915598099049627","0.350866355967274","2.30238262708078","0.536736179030552","0.409279280947123","0.9702","0.980834903189162","0.76409120145713","0.968227009755879","one_way"
"10.0999364778032","1.23852292156041","0.221866915775554","3.04060126163726","0.0999364778032188","0.459431380835366","1","0.977030190455357","0.759403758028518","0.512404044120368","one_way"
"10.5403323785276","0.868794072960228","0.364200082217389","2.21350328578228","0.540332378527618","0.400744661465205","0.9654","0.984523006500815","0.717045851058429","0.972588578608283","one_way"
"10.5405848034258","0.888026821244863","0.360151682201063","2.2390782933484","0.540584803425819","0.408855371508712","0.9666","0.98647807376303","0.742332690916183","0.972340478169849","one_way"
"10.0002032311429","1.69566893381103","0.0194990920743608","3.42637619640088","0.000203231142889862","0.510709963948295","1","0.118509838357568","0.755371884065212","0.972976174785905","one_way"
"10.5461125491744","0.910700957207719","0.351155231529577","2.29501288478251","0.546112549174399","0.414675441463385","0.9704","0.985530654229719","0.787901664100013","0.977487738479255","one_way"
"10.5306781210678","0.893220483024115","0.359007539642464","2.26046437921044","0.53067812106782","0.409606605277229","0.968","0.978665429121928","0.736739036393968","0.973040290522976","one_way"
"10.2195203899905","1.16454231470914","0.250314134567865","2.81129487806069","0.219520389990533","0.448378246518605","1","0.980378458478899","0.822891587439688","0.70127629533356","one_way"
"10.5442620385255","0.903391989751434","0.354351350366665","2.27704043716148","0.544262038525463","0.409979566811651","0.967","0.983714599603752","0.769374693964863","0.977308202728925","one_way"
"10.0001996599158","1.70473051560305","0.0160415279953038","3.42792672535665","0.000199659915807736","0.46567314342238","1","0.0971668865531683","0.734639541249806","0.973448442699256","one_way"
"10.5521978815098","0.834989908191367","0.374641842945824","2.17278875492481","0.552197881509819","0.402035399019874","0.9646","0.984287948483272","0.65995254956021","0.966062143130889","one_way"
"10.5366139570135","0.907021800795704","0.353037086848155","2.29173421870144","0.536613957013455","0.407043652899904","0.9688","0.978209500666877","0.758442014850263","0.97436945415674","one_way"
"10.555741347215","0.89267393896187","0.357881032983199","2.24936521161441","0.555741347215043","0.410663117156804","0.9646","0.98121951979322","0.767577386507699","0.988895106358435","one_way"
"10.5482422070274","0.804329876064574","0.385175024597657","2.11276187569457","0.548242207027368","0.393307517974655","0.9602","0.983788398470838","0.625822318928392","0.974418479664203","one_way"
"10.4693595999659","0.969788646247534","0.330102935197406","2.41224644511254","0.469359599965898","0.413918152981602","0.9876","0.977166464842368","0.759930069112799","0.91612553553527","one_way"
"10.5403323785276","0.868794072960228","0.364200082217389","2.21350328578228","0.540332378527618","0.400744661465205","0.9654","0.984523006500815","0.717045851058429","0.972588578608283","one_way"
"10.5647251084591","1.12035719258325","0.470081376444594","2.09032737671229","0.564725108459088","0.245709771264035","0.9998","0.95","0.4","0.75","roller_coaster"
"10.5647251084591","1.12035719258325","0.470081376444594","2.09032737671229","0.564725108459088","0.245709771264035","0.9998","0.95","0.4","0.75","roller_coaster"
"10.0039418713947","1.70907194784638","0.142834760122964","3.42931558084277","0.00394187139472228","0.274274640958507","1","0.2655086631421","0.380035179434344","0.79423986072652","roller_coaster"
"10.0023168586311","1.77422831820446","0.0922449405543089","3.45801906301367","0.00231685863113456","0.646601741762546","1","0.37212389963679","0.777445221319795","0.107943625887856","roller_coaster"
"10.0073284556296","1.70908343544605","0.138067916893312","3.41319645559027","0.0073284556295542","0.337290893201902","1","0.572853363351896","0.934705231105909","0.723710946040228","roller_coaster"
"10.0956058158097","1.42147890783575","0.29494352137259","3.08174779633265","0.0956058158096865","0.264693715556214","1","0.908207789994776","0.212142521282658","0.411274429643527","roller_coaster"
"10.0027414610037","1.76038456554019","0.102629752291383","3.44651687538015","0.00274146100374805","0.64875277943126","1","0.201681931037456","0.651673766085878","0.820946294115856","roller_coaster"
"10.2561116623167","1.26287119861218","0.383622180994557","2.70054106397974","0.256111662316706","0.24215966903873","1","0.898389684967697","0.125555095961317","0.647060193819925","roller_coaster"
"10.6254849924929","1.0755954750663","0.491178386315382","1.96100957885579","0.625484992492883","0.240263573793803","0.9978","0.944675268605351","0.267220668727532","0.78293276228942","roller_coaster"
"10.0131225950434","1.61826762148687","0.191102450561738","3.36338342703065","0.0131225950434344","0.269135269851435","1","0.660797792486846","0.386114092543721","0.553036311641335","roller_coaster"
"10.0104078207013","1.60583132095518","0.195065381421407","3.36024530815062","0.0104078207013173","0.227313482022542","1","0.62911404389888","0.0133903331588954","0.529719580197707","roller_coaster"
"10.0037269932378","1.71736961309573","0.135275956835231","3.44413616306659","0.00372699323783309","0.272347523946222","1","0.0617862704675645","0.382387957070023","0.789356231689453","roller_coaster"
"10.0014780666547","1.81420266543652","0.068080218152975","3.46362135488838","0.00147806665466039","0.775354143049596","1","0.205974574899301","0.86969084572047","0.023331202333793","roller_coaster"
"10.0039701796709","1.70676359325517","0.142631330847781","3.43411195427108","0.00397017967085669","0.258848473304689","1","0.176556752528995","0.34034899668768","0.477230065036565","roller_coaster"
"10.0356070788927","1.54146268003108","0.235793798885078","3.26580800081688","0.0356070788926922","0.259008323490947","1","0.687022846657783","0.482080115471035","0.7323137386702","roller_coaster"
"10.0034256276421","1.7260050854735","0.125412437582454","3.44102615806339","0.00342562764208251","0.39830240318375","1","0.384103718213737","0.599565825425088","0.692731556482613","roller_coaster"
"10.0287470010525","1.56384344044474","0.222930512156356","3.29559903011958","0.0287470010525164","0.275990680274936","1","0.769841419998556","0.493541307048872","0.477619622135535","roller_coaster"
"10.0083918097127","1.63145637417731","0.1811200192516","3.38001618407848","0.00839180971268056","0.236407218493165","1","0.497699242085218","0.186217601411045","0.8612094768323","roller_coaster"
"10.0126795661536","1.6687304409408","0.166347097367562","3.38237635214839","0.012679566153556","0.344305634260299","1","0.717618508264422","0.827373318606988","0.438097107224166","roller_coaster"
"10.0913202544008","1.47915508817715","0.274305364999863","3.11788823407783","0.0913202544007767","0.323065811142909","1","0.991906094830483","0.668466738192365","0.244797277031466","roller_coaster"
"10.0045047212562","1.68529314734848","0.160797787684935","3.40839448075166","0.00450472125620753","0.184615416552875","1","0.1","0.1","0.1","roller_coaster"
"10.0044150416288","1.69087735480968","0.157670650191928","3.41044154649605","0.00441504162876212","0.20209993641154","1","0.2","0.2","0.2","roller_coaster"
"10.0042111229462","1.69482625123105","0.153045921988808","3.42653624718031","0.00421112294615389","0.242162136859222","1","0.3","0.3","0.3","roller_coaster"
"10.0040400451449","1.70514949025154","0.143832885999388","3.43077578817091","0.00404004514485502","0.280477566376733","1","0.4","0.4","0.4","roller_coaster"
"10.0043846193348","1.70379870362627","0.145673338331653","3.42669939796253","0.00438461933481625","0.312222714035531","1","0.5","0.5","0.5","roller_coaster"
"10.0081828379843","1.67220409895847","0.162568961882687","3.40110925112461","0.0081828379843158","0.305637431567835","1","0.6","0.6","0.6","roller_coaster"
"10.0332742212502","1.57105278509275","0.21847279449788","3.27407423970336","0.0332742212501691","0.278479560740492","1","0.7","0.7","0.7","roller_coaster"
"10.1876000597169","1.40871765584618","0.319518502278368","2.90660279279618","0.187600059716915","0.26146214245136","1","0.8","0.8","0.8","roller_coaster"
"10.656355672092","1.15721837234568","0.446737597798878","2.01339314513245","0.656355672091981","0.271072238518071","0.9926","0.9","0.9","0.9","roller_coaster"
"1.00040285210082","0.952480668641964","0.565573159479429","0.837480969845189","1.00040285210082","0.289873142500053","0.7096","1","1","1","roller_coaster"
"10.2134246135162","1.31468645273822","0.361746471306146","2.79481083220234","0.213424613516247","0.241327338939186","1","0.81286451990603","0.331721271371882","0.78158037913006","roller_coaster"
"10.0044643953723","1.68529314734848","0.158788678572808","3.40839448075166","0.0044643953723246","0.193062798183557","1","0.219867902943601","0.151098973847629","0.305933155205763","roller_coaster"
"10.0341774604104","1.52799858822873","0.239712346071761","3.25892738993807","0.0341774604103899","0.263046143569683","1","0.837691077838486","0.129586055164052","0.324799635133367","roller_coaster"
"10.6254849924929","1.0755954750663","0.491178386315382","1.96100957885579","0.625484992492883","0.240263573793803","0.9978","0.944675268605351","0.267220668727532","0.78293276228942","roller_coaster"
"10.0956058158097","1.42147890783575","0.29494352137259","3.08174779633265","0.0956058158096865","0.264693715556214","1","0.908207789994776","0.212142521282658","0.411274429643527","roller_coaster"
"10.0039418713947","1.70907194784638","0.142834760122964","3.42931558084277","0.00394187139472228","0.274274640958507","1","0.2655086631421","0.380035179434344","0.79423986072652","roller_coaster"
"10.0081828379843","1.67220409895847","0.162568961882687","3.40110925112461","0.0081828379843158","0.305637431567835","1","0.6","0.6","0.6","roller_coaster"
"10.0045297721385","1.67968802706677","0.16290980964369","3.40406694915006","0.00452977213852774","0.184615416552875","1","0.244243656291927","0.098970223798881","0.568049132000507","roller_coaster"
"10.6254849924929","1.0755954750663","0.491178386315382","1.96100957885579","0.625484992492883","0.240263573793803","0.9978","0.944675268605351","0.267220668727532","0.78293276228942","roller_coaster"
"10.174306546979","1.35106181338699","0.341293244309941","2.88886954827","0.174306546978996","0.250260429245202","1","0.818833595357104","0.417579512826685","0.73366612182956","roller_coaster"
"10.0070195501386","1.66901326506193","0.164877614262349","3.4046795882863","0.00701955013855979","0.30184464286051","1","0.595818069986137","0.482746413874587","0.51679382482984","roller_coaster"
"10.0913202544008","1.47915508817715","0.274305364999863","3.11788823407783","0.0913202544007767","0.323065811142909","1","0.991906094830483","0.668466738192365","0.244797277031466","roller_coaster"
"10.0479828732845","1.52686410045569","0.245146496287644","3.21830195614408","0.0479828732844834","0.262860329694624","1","0.70993908053442","0.563379473718791","0.738001129319664","roller_coaster"
"10.0083302868185","1.6514759972723","0.173992014125172","3.39242595457913","0.00833028681847471","0.288120753244062","1","0.586704774625843","0.419784913438435","0.610093827060076","roller_coaster"
"10.002468070448","1.76395982535161","0.0992739922618572","3.45613535380261","0.00246807044804672","0.552247254318553","1","0.319368842636791","0.779129822405862","0.794941548005833","roller_coaster"
"10.0050177080544","1.68470425169943","0.156730152443713","3.42096686407265","0.00501770805438445","0.283091798907547","1","0.595621623865463","0.403100754730221","0.234661261551082","roller_coaster"
"10.142234294776","1.42707411958714","0.305969433807228","2.98446369696967","0.142234294775967","0.259758472391548","1","0.777083766123363","0.718700641752245","0.794312609350536","roller_coaster"
"10.0037515396067","1.72365427913001","0.126835037825314","3.4373847085919","0.00375153960670918","0.386112380102503","1","0.521487840678452","0.640352596091914","0.368499788791741","roller_coaster"
"10.656355672092","1.15721837234568","0.446737597798878","2.01339314513245","0.656355672091981","0.271072238518071","0.9926","0.9","0.9","0.9","roller_coaster"
"10.1107398432113","1.41366110617196","0.305078124821278","3.03683191190554","0.110739843211325","0.243308621596066","1","0.746139820505309","0.400905357028482","0.799298312720688","roller_coaster"
"10.008544099725","1.64606966494115","0.177172783195088","3.38361305952476","0.00854409972501531","0.262376179890585","1","0.510994467459375","0.36643268797261","0.851115649772224","roller_coaster"
"10.0044317653954","1.68841134204638","0.158359095111062","3.40911355979578","0.00443176539541326","0.20209993641154","1","0.260698607129211","0.195969040797266","0.522260558686558","roller_coaster"
"10.0047443442132","1.6956824008298","0.15158555829997","3.42490826143789","0.00474434421316626","0.305872975095859","1","0.49140122279232","0.478979360740815","0.610719931747855","roller_coaster"
"10.0061565287202","1.6723801094849","0.162951443861874","3.41008335173656","0.00615652872019028","0.287745561961221","1","0.567154943714182","0.430981141623406","0.526380583464437","roller_coaster"
"10.0103599123779","1.62752835800252","0.185657140962573","3.37034565126701","0.0103599123779128","0.252054947092075","1","0.555043322428769","0.315457355115954","0.780079974039321","roller_coaster"
"10.0268674530718","1.56512600451923","0.222706320470927","3.30236580467267","0.0268674530718147","0.252455145325007","1","0.642655919656449","0.431016370421275","0.78112950279298","roller_coaster"
"10.0053271300697","1.65305337496512","0.171979124081899","3.38873414387715","0.00532713006968692","0.193062798183557","1","0.533295973912744","0.030643919284308","0.325278303353116","roller_coaster"
"10.0131428901396","1.63487227298482","0.181076325465898","3.37156235089111","0.0131428901396348","0.279365548127549","1","0.586552318644409","0.566093875445892","0.782616742313057","roller_coaster"
"10.0956058158097","1.42147890783575","0.29494352137259","3.08174779633265","0.0956058158096865","0.264693715556214","1","0.908207789994776","0.212142521282658","0.411274429643527","roller_coaster"
"10.0075201901766","1.65722469877102","0.172496673412827","3.3974670490084","0.00752019017661629","0.281157616846341","1","0.646975006681027","0.368463138788131","0.35352755327629","roller_coaster"
"10.0913202544008","1.47915508817715","0.274305364999863","3.11788823407783","0.0913202544007767","0.323065811142909","1","0.991906094830483","0.668466738192365","0.244797277031466","roller_coaster"
"10.0062634033984","1.68015168468848","0.156105245442295","3.41007129001448","0.00626340339836887","0.306860006002369","1","0.581399031348478","0.557830140859183","0.527540244353557","roller_coaster"
"10.0039003896919","1.71193951331442","0.140901877312449","3.43492356992147","0.00390038969193792","0.283999716324876","1","0.324865222276354","0.400127585683799","0.409240637316861","roller_coaster"
"10.0913202544008","1.47915508817715","0.274305364999863","3.11788823407783","0.0913202544007767","0.323065811142909","1","0.991906094830483","0.668466738192365","0.244797277031466","roller_coaster"
"10.0142229558603","1.60457300049171","0.199774129292155","3.34678842579452","0.0142229558602714","0.238714831492006","1","0.586792725766123","0.305054863609151","0.780827885163645","roller_coaster"
"10.063850253426","1.47194485043834","0.27235842319474","3.15877763077652","0.0638502534260432","0.233550262338247","1","0.708234804862125","0.318141884876305","0.782897080668478","roller_coaster"
"10.0347454046082","1.54384716915766","0.235401615229594","3.2682934522007","0.0347454046081969","0.265289805284566","1","0.729138938005912","0.424555796579242","0.619205499082863","roller_coaster"
"10.0106744954044","1.61509699416931","0.189979134856058","3.36698223804646","0.0106744954044115","0.252640841532683","1","0.663800640247243","0.202234870510506","0.450594947401002","roller_coaster"
"10.0442640259147","1.5145534206723","0.247098839199209","3.2247942549176","0.0442640259146559","0.268089814992735","1","0.830967376648782","0.305299289169372","0.415194979705048","roller_coaster"
"10.0046944341395","1.68830062655149","0.155787922855868","3.41563408022154","0.00469443413950175","0.270023838748381","1","0.413173120206936","0.370679385737022","0.818765500138145","roller_coaster"
"10.5079420669499","1.13246431536308","0.458869067665434","2.20296895513181","0.507942066949946","0.239292779289134","1","0.912925865267998","0.277623160234335","0.782184851165095","roller_coaster"
"10.023124163828","1.58068983574405","0.212567673362529","3.31980023000256","0.0231241638280001","0.26394927358265","1","0.686228629835283","0.483427812261212","0.640257857158872","roller_coaster"
"10.7200832552394","1.07462715105358","0.495270941294826","1.79228632159026","0.720083255239425","0.24638095381809","0.989","0.918338458674938","0.596298297007905","0.881811817566002","roller_coaster"
"10.0088153317983","1.62265678398928","0.184113653774006","3.3765600578306","0.00881533179825679","0.233466396371741","1","0.538603409054528","0.113514615924849","0.743079449219117","roller_coaster"
"10.0057296771473","1.67946604850182","0.159720587500685","3.41363902230619","0.00572967714734107","0.300558195350118","1","0.53493842303056","0.461958728968238","0.610283980646349","roller_coaster"
"10.0045270919191","1.69159368597425","0.153175427234714","3.42221236251563","0.00452709191914219","0.280517946136351","1","0.451780067742709","0.386360964902514","0.624267995502078","roller_coaster"
"10.0168685558197","1.59626228126923","0.202095401824402","3.34609953491191","0.0168685558196517","0.273605119361933","1","0.741045381305425","0.358332326276952","0.400585271196802","roller_coaster"
"10.6254849924929","1.0755954750663","0.491178386315382","1.96100957885579","0.625484992492883","0.240263573793803","0.9978","0.944675268605351","0.267220668727532","0.78293276228942","roller_coaster"
"10.003244500141","1.74118053711198","0.115850632053489","3.443288244464","0.00324450014097911","0.44147747988448","1","0.41719018988923","0.77488312464145","0.827291697639912","roller_coaster"
"10.5811976517088","1.14411822330505","0.460980247170298","2.08677135185907","0.581197651708801","0.252178271358051","0.9988","0.926336809930413","0.570922371719627","0.801120944723418","roller_coaster"
"10.0047674733651","1.68525422782045","0.158792899072644","3.41145437894696","0.00476747336506865","0.232790999685162","1","0.473723522742964","0.29435603101372","0.530757389060399","roller_coaster"
"10.0146693359719","1.61466025614346","0.196072446988146","3.35666253855381","0.0146693359719042","0.259867937706308","1","0.593355417536331","0.421861963116117","0.776554080798221","roller_coaster"
"10.0061461434917","1.67226443924393","0.163033789777234","3.40954713189171","0.00614614349167733","0.292351720082027","1","0.543167574387604","0.436805545211012","0.610529778161582","roller_coaster"
"10.0039971814015","1.70251483002855","0.144712647420152","3.43124255688236","0.00399718140145465","0.257005671406134","1","0.237545602992957","0.335722303574724","0.385895697893219","roller_coaster"
"10.0106632114418","1.63182482023439","0.185244156363149","3.37329147477672","0.0106632114418128","0.270193006159112","1","0.644395357060176","0.337824373736692","0.522460033402915","roller_coaster"
"10.0068111471155","1.66131205801185","0.168459481293988","3.39928412922813","0.00681114711548392","0.271547659206564","1","0.527799594273181","0.409646156006371","0.710979214042088","roller_coaster"
"10.0221415173899","1.61746531597946","0.199967281078024","3.325377689088","0.0221415173898523","0.284711087945434","1","0.634649602743295","0.713929758611437","0.785200937327749","roller_coaster"
"10.656355672092","1.15721837234568","0.446737597798878","2.01339314513245","0.656355672091981","0.271072238518071","0.9926","0.9","0.9","0.9","roller_coaster"
"10.3888007124721","1.20217790369737","0.421180216032153","2.45781325591869","0.388800712472137","0.243943230308385","1","0.879096383399676","0.380095154272503","0.781165184413921","roller_coaster"
"10.0143662289838","1.62005859531494","0.192239156474616","3.35855969720058","0.0143662289837693","0.268055028107779","1","0.644185625761299","0.45802275465318","0.633464163670321","roller_coaster"
"10.2501324292669","1.29491333470532","0.370355646295201","2.7374060738718","0.250132429266933","0.253030594683155","1","0.90000539100504","0.414005106324571","0.644628071861076","roller_coaster"
"10.0193674390114","1.6172535915488","0.193979795378472","3.3439814632626","0.0193674390114049","0.29160426460595","1","0.667640485156031","0.647718067193544","0.662527213994687","roller_coaster"
"10.025285271524","1.549201470335","0.228105124866888","3.29418111021399","0.0252852715240314","0.232050226099325","1","0.642624015665188","0.120391995131308","0.753221027248972","roller_coaster"
"10.5466338072803","1.11556965987798","0.469802722445948","2.11526057643734","0.546633807280252","0.243670123108908","1","0.944221694971207","0.275843355205197","0.747396554397848","roller_coaster"
"10.0278930489508","1.61965285468356","0.198675461818424","3.30659825787072","0.027893048950846","0.288798139598166","1","0.659913449392997","0.894768048776314","0.781928793319026","roller_coaster"
"10.7200832552394","1.07462715105358","0.495270941294826","1.79228632159026","0.720083255239425","0.24638095381809","0.989","0.918338458674938","0.596298297007905","0.881811817566002","roller_coaster"
"10.0167106166634","1.5915351425029","0.20511587323653","3.33596022999761","0.0167106166634308","0.241822193058756","1","0.604214198251465","0.311264505669846","0.772755502638623","roller_coaster"
"10.0160989291821","1.60504843560367","0.199153913886529","3.35047182662192","0.016098929182081","0.275968553746613","1","0.737438729881388","0.391428056735842","0.401035563174924","roller_coaster"
"10.0719152820037","1.48025166410558","0.26764418196438","3.16442130131444","0.0719152820036898","0.291920087886172","1","0.930082683655553","0.501463578616397","0.313191441495498","roller_coaster"
"10.0058162812051","1.68129498058884","0.153563678966071","3.41539118178407","0.00581628120508331","0.312540073457394","1","0.590915271459503","0.517987614164496","0.440931029717829","roller_coaster"
"10.0068690814756","1.66395311467432","0.167945945274609","3.40233797422249","0.00686908147563566","0.279666801660485","1","0.557256676715953","0.422088058198044","0.620544524678246","roller_coaster"
"10.1358017276393","1.42516987421229","0.303875207580186","3.00620391490331","0.135801727639308","0.297281536126862","1","0.970997087225119","0.634556786140296","0.381334389584312","roller_coaster"
"10.3036884499303","1.29772014332713","0.372036854130028","2.6695738063909","0.303688449930285","0.271308875821104","1","0.953781779104478","0.641855741224384","0.596390925798195","roller_coaster"
"10.7105633526347","1.06214359085085","0.500467310259039","1.78351014329328","0.710563352634692","0.235952645063698","0.9918","0.918641293186327","0.449946961967673","0.869916848462315","roller_coaster"
"10.0108569468345","1.63023360883397","0.184189979910567","3.37374855381769","0.0108569468344989","0.265201271859596","1","0.572967141463867","0.388657061129855","0.746085612898808","roller_coaster"
"10.0033460482645","1.72802977814837","0.125264949606212","3.43846489470422","0.00334604826448629","0.41583153488009","1","0.386688633451284","0.567130745259766","0.399409950012341","roller_coaster"
"10.0048370346588","1.68712970960415","0.154923174522977","3.41865653708","0.00483703465878665","0.289538986920311","1","0.438929115428779","0.406543089803952","0.779782163327239","roller_coaster"
"10.2791597824893","1.26032076142107","0.390373639079173","2.65237051083806","0.279159782489329","0.238730308573164","1","0.839805141641124","0.289320394618847","0.781083943009714","roller_coaster"
"10.0274437109711","1.56583329542633","0.221843642586282","3.30023782121353","0.0274437109710954","0.258628791082574","1","0.686682203469428","0.474805125783547","0.675794065050444","roller_coaster"
"10.1247202960903","1.44491983920194","0.29569663031367","3.016761190522","0.124720296090262","0.259625271800286","1","0.734717919597134","0.71885075530976","0.859097169608908","roller_coaster"
"10.656355672092","1.15721837234568","0.446737597798878","2.01339314513245","0.656355672091981","0.271072238518071","0.9926","0.9","0.9","0.9","roller_coaster"
"10.1080864492795","1.42460521118237","0.301810696326742","3.06654007934789","0.108086449279542","0.277977905234486","1","0.917220699125681","0.406706151240483","0.429571535647193","roller_coaster"
"10.0469078063117","1.5305198236868","0.242600847958745","3.23160211014999","0.0469078063116653","0.280278083176802","1","0.804274565522513","0.589882792887752","0.511270291555624","roller_coaster"
"10.0067907786284","1.65882588225477","0.169305632203156","3.40015810807379","0.00679077862842922","0.271340358788069","1","0.573876180135641","0.352483335520892","0.538216715785274","roller_coaster"
"10.0117455573194","1.62495417959091","0.187168917669987","3.36889321302899","0.0117455573194336","0.265857095440194","1","0.623662329032667","0.388828703283712","0.622928969906695","roller_coaster"
"10.0202331018172","1.61525312094023","0.197870832292853","3.33415041276349","0.0202331018171519","0.276550314314536","1","0.600810728967033","0.652330666339596","0.850006345597007","roller_coaster"
"10.3436472722444","1.2279227771667","0.407928164274173","2.54511942268539","0.343647272244434","0.251781009204156","1","0.90726232085046","0.384428419353387","0.702794912969694","roller_coaster"
"10.0114533517257","1.61232865145422","0.19235297437323","3.36402273646727","0.0114533517257454","0.252257282598912","1","0.617724054384782","0.259397690995985","0.623357445657815","roller_coaster"
"10.6381806553416","1.08525845766937","0.487514807330619","1.93197143725801","0.638180655341622","0.238969980082996","0.997","0.944372434093963","0.413572003767764","0.794827731393107","roller_coaster"
"10.034588051492","1.54632363536502","0.231571059846864","3.26832893611798","0.0345880514920176","0.254188642043195","1","0.663469846140129","0.524318326102932","0.786068153998701","roller_coaster"
"10.0171206444969","1.62168584576235","0.192061458716954","3.35660242856861","0.0171206444969393","0.275636282841239","1","0.595473679627418","0.599106436805565","0.825511928880587","roller_coaster"
"10.0095581240091","1.66294652193464","0.168434273889186","3.39265202448581","0.00955812400906281","0.305847818464468","1","0.623753670435971","0.595916434163201","0.583041284482774","roller_coaster"
"10.3539050609244","1.21770802643385","0.412410376232642","2.52582987478275","0.353905060924384","0.248145879454375","1","0.898175472845567","0.33547100362716","0.722961330546897","roller_coaster"
"10.0137695545004","1.6411778423762","0.180278396351943","3.37630054920673","0.0137695545004169","0.29471855758175","1","0.610035959092667","0.651334950134004","0.737104224621526","roller_coaster"
"10.3436472722444","1.2279227771667","0.407928164274173","2.54511942268539","0.343647272244434","0.251781009204156","1","0.90726232085046","0.384428419353387","0.702794912969694","roller_coaster"
"10.0515735889959","1.51137360120779","0.252748686747722","3.21044384900056","0.0515735889959322","0.271714159915179","1","0.760200474855092","0.488870158651488","0.629567521897593","roller_coaster"
"10.7105633526347","1.06214359085085","0.500467310259039","1.78351014329328","0.710563352634692","0.235952645063698","0.9918","0.918641293186327","0.449946961967673","0.869916848462315","roller_coaster"
"10.3443214455874","1.27048915656833","0.391320117310705","2.58509518705364","0.344321445587365","0.255875238604897","1","0.898921996651693","0.592702127017457","0.722923392037263","roller_coaster"
"10.0640759461538","1.53338510147751","0.24306618925173","3.19765369684818","0.0640759461538463","0.295938028839604","1","0.781711848783329","0.831110841019828","0.644048645721044","roller_coaster"
"10.0106654754538","1.68213504485713","0.158068624557001","3.39386684726031","0.0106654754538003","0.339608186761161","1","0.664989618242902","0.857582571049865","0.543746605632976","roller_coaster"
"10.7105633526347","1.06214359085085","0.500467310259039","1.78351014329328","0.710563352634692","0.235952645063698","0.9918","0.918641293186327","0.449946961967673","0.869916848462315","roller_coaster"
"10.0159191156131","1.59339077522509","0.204493552530793","3.33959442778492","0.0159191156131292","0.24340253263985","1","0.617005042772244","0.291624177729957","0.723834804588542","roller_coaster"
"10.1274677507299","1.42883279301164","0.301888088488863","3.01755640953764","0.127467750729865","0.267615988713702","1","0.823691027545759","0.593478962878201","0.670158717084363","roller_coaster"
"10.0256534512156","1.5855257864835","0.210947147777383","3.31010292609999","0.0256534512156263","0.271644301892648","1","0.730756294136849","0.575817760019811","0.557496834708475","roller_coaster"
"10.0114944513182","1.62273705585877","0.190076957429428","3.36611050822874","0.0114944513182129","0.268881190939083","1","0.660648659193794","0.309726415051818","0.503113767595823","roller_coaster"
"10.0114042937644","1.63488796208365","0.182246574957576","3.37597174769507","0.0114042937643518","0.284473576752197","1","0.636290401352118","0.471443086597262","0.586320240153098","roller_coaster"
"10.1616608019992","1.36166299753942","0.333592448994009","2.91423891819423","0.161660801999225","0.242702578236874","1","0.749707401835798","0.431511197726154","0.860363677688175","roller_coaster"
"10.7105633526347","1.06214359085085","0.500467310259039","1.78351014329328","0.710563352634692","0.235952645063698","0.9918","0.918641293186327","0.449946961967673","0.869916848462315","roller_coaster"
"10.0282106157013","1.55497538660837","0.225637714523446","3.2863604644004","0.0282106157012518","0.269156528925019","1","0.783484952007028","0.331800408313879","0.425470787025875","roller_coaster"
"10.5867528014331","1.10900232277159","0.476212363424836","2.04038782973797","0.586752801433059","0.239185929369772","0.9984","0.915703696957231","0.39733809874636","0.818610544846777","roller_coaster"
"10.0103244654637","1.6537781068098","0.171869604915705","3.38781045521636","0.010324465463671","0.307761469516726","1","0.663082076988116","0.566599244552476","0.484379091188418","roller_coaster"
"10.0092703938371","1.65583839516826","0.170913644825946","3.39075890544484","0.00927039383708972","0.295811046827907","1","0.605226263939554","0.528758316117175","0.614423689626864","roller_coaster"
"10.081455553077","1.4608049523665","0.278769879091371","3.12666680654294","0.0814555530769781","0.277466152218956","1","0.887158078846542","0.451134854560564","0.433435119557491","roller_coaster"
"10.0437352505149","1.52217349708885","0.246512382949032","3.22827035694603","0.0437352505148546","0.275208274367077","1","0.792596220383196","0.407264467525231","0.511992958607152","roller_coaster"
"10.0118013379849","1.61668321013342","0.19312597222599","3.36244435587641","0.0118013379848969","0.249052063374611","1","0.604933209864004","0.279038018935875","0.672278143707897","roller_coaster"
"10.1478893782073","1.4102146854884","0.312591709079319","2.96860441530849","0.147889378207259","0.259555973218813","1","0.799198396672608","0.6270682706142","0.749452479241673","roller_coaster"
"10.4375726666168","1.18526280926684","0.43120032641912","2.36119548383903","0.437572666616775","0.243146557640761","1","0.910199917079556","0.4370372825747","0.754101216585231","roller_coaster"
"10.0216185649962","1.60974089609958","0.199225850995971","3.33042476235555","0.0216185649961892","0.286831946709148","1","0.68247616613218","0.653540000644237","0.649150439153606","roller_coaster"
"10.3436472722444","1.2279227771667","0.407928164274173","2.54511942268539","0.343647272244434","0.251781009204156","1","0.90726232085046","0.384428419353387","0.702794912969694","roller_coaster"
"10.7200832552394","1.07462715105358","0.495270941294826","1.79228632159026","0.720083255239425","0.24638095381809","0.989","0.918338458674938","0.596298297007905","0.881811817566002","roller_coaster"
"10.0039363246744","1.70780575014615","0.142011606862484","3.42925543907115","0.00393632467440782","0.279786606467385","1","0.289980886038393","0.384428419353387","0.702794912969694","roller_coaster"
"10.0159181861417","1.59780422212735","0.20361005421974","3.33999907640927","0.0159181861416802","0.25531158217406","1","0.645608469214605","0.311294575789858","0.64504316653909","roller_coaster"
"10.7200832552394","1.07462715105358","0.495270941294826","1.79228632159026","0.720083255239425","0.24638095381809","0.989","0.918338458674938","0.596298297007905","0.881811817566002","roller_coaster"
"10.4708527397055","1.16956414653502","0.445236684602605","2.29318110602621","0.470852739705506","0.238429836269119","1","0.865883428081686","0.422725023429313","0.850192582474836","roller_coaster"
"10.0098822653144","1.64723991817727","0.178063121367041","3.38890521071438","0.00988226531438704","0.300902913962589","1","0.754362557343107","0.451579090428572","0.166742393514141","roller_coaster"
"10.2552528554684","1.32510252368494","0.362917430688391","2.73884482379796","0.255252855468354","0.255194541649296","1","0.859527261741775","0.579171025363272","0.733515735946137","roller_coaster"
"10.7200832552394","1.07462715105358","0.495270941294826","1.79228632159026","0.720083255239425","0.24638095381809","0.989","0.918338458674938","0.596298297007905","0.881811817566002","roller_coaster"
"10.0146783773134","1.61953976653825","0.190751020227527","3.36158531937763","0.014678377313422","0.269856992214302","1","0.624577639504336","0.498227959027602","0.696556583599887","roller_coaster"
"10.3476234385462","1.23486514628193","0.404965914710176","2.5449231489724","0.347623438546194","0.250412695987649","1","0.907087029953811","0.429683705208741","0.706151763136766","roller_coaster"
"10.0261103906259","1.56795125895027","0.21777642210478","3.30659333122799","0.0261103906258555","0.252423999406218","1","0.640373392180401","0.513892379665604","0.787695025621308","roller_coaster"
"10.3436472722444","1.2279227771667","0.407928164274173","2.54511942268539","0.343647272244434","0.251781009204156","1","0.90726232085046","0.384428419353387","0.702794912969694","roller_coaster"
"10.0843088536852","1.4518802767886","0.28287252141869","3.1232566027109","0.0843088536852473","0.269185193217807","1","0.845354085487837","0.434486406063592","0.53171722459463","roller_coaster"
"10.3868786820352","1.19826836479086","0.422805757337015","2.45642992859056","0.386878682035227","0.244297856116804","1","0.899907141946654","0.339530263566694","0.740878838684965","roller_coaster"
"10.3436472722444","1.2279227771667","0.407928164274173","2.54511942268539","0.343647272244434","0.251781009204156","1","0.90726232085046","0.384428419353387","0.702794912969694","roller_coaster"
"10.0670584463926","1.4817094274208","0.265817349198964","3.16905969402021","0.0670584463925695","0.270278380237972","1","0.794736380728155","0.498415000113044","0.601130841455111","roller_coaster"
"10.1736086062555","1.42450624356112","0.309341093657166","2.94108889690312","0.173608606255517","0.272591018378057","1","0.829268354086121","0.855950442588967","0.73205938957756","roller_coaster"
"10.0122896988768","1.64862902697459","0.176353440969779","3.38378658615008","0.0122896988767831","0.305893929351406","1","0.648890920947713","0.604385783944057","0.589827110415639","roller_coaster"
"10.5432773723253","1.12885374388162","0.464835825128343","2.13232895400028","0.543277372325286","0.239473108946115","0.9998","0.913972027856144","0.393278838806826","0.80069303670871","roller_coaster"
"10.5171200132824","1.16060985078997","0.453043704752021","2.19835144969325","0.517120013282434","0.239682076246465","0.9998","0.869412256477313","0.477623590427891","0.867486562577691","roller_coaster"
"10.008087326153","1.66466596732029","0.166382767838358","3.39813216699915","0.00808732615300549","0.301994495980705","1","0.622406817637515","0.534342687698493","0.511614068357225","roller_coaster"
"10.3795066553497","1.23826471125852","0.407746843612257","2.49465984980453","0.379506655349733","0.248716136736643","1","0.885366263869497","0.53478066921476","0.768019743846994","roller_coaster"
"10.3443214455874","1.27048915656833","0.391320117310705","2.58509518705364","0.344321445587365","0.255875238604897","1","0.898921996651693","0.592702127017457","0.722923392037263","roller_coaster"
"10.2739676806639","1.27080797770518","0.383545025911852","2.68568292702844","0.273967680663894","0.253695234563893","1","0.918418623424521","0.382054052111615","0.62951495208738","roller_coaster"
"10.0283322389801","1.56075727948969","0.227001106282377","3.29036909568408","0.028332238980145","0.25033605444079","1","0.660871328955599","0.377619324907876","0.743515663970757","roller_coaster"
"10.0112432301614","1.62734486594036","0.186464566693078","3.37456184888525","0.011243230161383","0.273814197991411","1","0.655509480256023","0.359995463254831","0.511657312177073","roller_coaster"
"10.7105633526347","1.06214359085085","0.500467310259039","1.78351014329328","0.710563352634692","0.235952645063698","0.9918","0.918641293186327","0.449946961967673","0.869916848462315","roller_coaster"
"10.7105633526347","1.06214359085085","0.500467310259039","1.78351014329328","0.710563352634692","0.235952645063698","0.9918","0.918641293186327","0.449946961967673","0.869916848462315","roller_coaster"
"10.2158121773336","1.34303932672929","0.347498176483948","2.82083321616212","0.21581217733356","0.257324718534192","1","0.872920064254772","0.565802334417983","0.672589002968986","roller_coaster"
"10.3479901654411","1.23333044658333","0.405168623064814","2.54648021793558","0.34799016544111","0.244470761465433","1","0.879867462761215","0.411646036261289","0.755253525985003","roller_coaster"
"10.0147488331097","1.62359534111846","0.186362956821496","3.36448278117259","0.0147488331097037","0.275491207163729","1","0.633103740067433","0.544820964835765","0.67775429980588","roller_coaster"
"10.6697612682391","1.04838815449603","0.507064716060677","1.85090185314563","0.66976126823907","0.223425064777302","0.9946","0.913421478303163","0.10212059924379","0.85176263851236","roller_coaster"
"10.3333889743499","1.2849557490318","0.383029234028726","2.60840332310255","0.333388974349876","0.254141111425071","1","0.88054871129568","0.681201185849801","0.755497154174219","roller_coaster"
"10.3242114488056","1.27821845864563","0.388025232615732","2.6065164219379","0.324211448805574","0.251840735098484","1","0.862691670646586","0.568028095545991","0.77725527211205","roller_coaster"
"10.2497215525265","1.35761371110129","0.346977052372153","2.78568989741763","0.249721552526478","0.256849384497671","1","0.848450434562814","0.77370608947973","0.760005318126019","roller_coaster"
"10.5692359480954","1.11308423087239","0.472879927747952","2.06945794172814","0.569235948095375","0.23663562533341","0.9994","0.9107903868444","0.359831029682785","0.818191578271613","roller_coaster"
"10.5208283125253","1.16744276368429","0.451271659474123","2.19489893290565","0.520828312525304","0.246498894310369","0.9998","0.879388417904687","0.504536337903614","0.852415008279883","roller_coaster"
"10.6746066044279","1.08750421902189","0.490628718183271","1.86668015087221","0.674606604427902","0.239327086367109","0.9924","0.904833468851936","0.514486982533604","0.879589391760956","roller_coaster"
"10.4708527397055","1.16956414653502","0.445236684602605","2.29318110602621","0.470852739705506","0.238429836269119","1","0.865883428081686","0.422725023429313","0.850192582474836","roller_coaster"
"10.4708527397055","1.16956414653502","0.445236684602605","2.29318110602621","0.470852739705506","0.238429836269119","1","0.865883428081686","0.422725023429313","0.850192582474836","roller_coaster"
"10.7105633526347","1.06214359085085","0.500467310259039","1.78351014329328","0.710563352634692","0.235952645063698","0.9918","0.918641293186327","0.449946961967673","0.869916848462315","roller_coaster"
"10.4086870286182","1.21294095442815","0.419684303481935","2.41963962615143","0.408687028618227","0.239825374553558","1","0.869695428647354","0.487936186004954","0.812712153625507","roller_coaster"
"10.5165357210693","1.17906782661628","0.445166267037569","2.21619785280891","0.516535721069334","0.255634021635053","1","0.907455213777192","0.575997530891814","0.804499077979354","roller_coaster"
"10.2532633915499","1.30876087926497","0.365673018955652","2.74223960757205","0.253263391549913","0.252729660583651","1","0.869108063689104","0.500591171842341","0.710069431818315","roller_coaster"
"10.4708527397055","1.16956414653502","0.445236684602605","2.29318110602621","0.470852739705506","0.238429836269119","1","0.865883428081686","0.422725023429313","0.850192582474836","roller_coaster"
"10.3868786820352","1.19826836479086","0.422805757337015","2.45642992859056","0.386878682035227","0.244297856116804","1","0.899907141946654","0.339530263566694","0.740878838684965","roller_coaster"
"10.5432773723253","1.12885374388162","0.464835825128343","2.13232895400028","0.543277372325286","0.239473108946115","0.9998","0.913972027856144","0.393278838806826","0.80069303670871","roller_coaster"
"10.2786353058669","1.31597714499707","0.367663863417344","2.71253930000952","0.278635305866872","0.25750555799186","1","0.866184183392805","0.617025022323997","0.740073815298535","roller_coaster"
"10.2857606830331","1.26343227431454","0.38538274187832","2.66150668551153","0.285760683033079","0.250132849072646","1","0.886513900136535","0.392598313232946","0.69925450588506","roller_coaster"
"10.7200832552394","1.07462715105358","0.495270941294826","1.79228632159026","0.720083255239425","0.24638095381809","0.989","0.918338458674938","0.596298297007905","0.881811817566002","roller_coaster"
"10.5432773723253","1.12885374388162","0.464835825128343","2.13232895400028","0.543277372325286","0.239473108946115","0.9998","0.913972027856144","0.393278838806826","0.80069303670871","roller_coaster"
"10.3436472722444","1.2279227771667","0.407928164274173","2.54511942268539","0.343647272244434","0.251781009204156","1","0.90726232085046","0.384428419353387","0.702794912969694","roller_coaster"
"10.0111524148466","1.63847664680646","0.180215075017582","3.38277345208658","0.0111524148466172","0.296955899487159","1","0.672278115468387","0.503348118544274","0.47614038689062","roller_coaster"
"10.7105633526347","1.06214359085085","0.500467310259039","1.78351014329328","0.710563352634692","0.235952645063698","0.9918","0.918641293186327","0.449946961967673","0.869916848462315","roller_coaster"
"10.3476234385462","1.23486514628193","0.404965914710176","2.5449231489724","0.347623438546194","0.250412695987649","1","0.907087029953811","0.429683705208741","0.706151763136766","roller_coaster"
"10.3436472722444","1.2279227771667","0.407928164274173","2.54511942268539","0.343647272244434","0.251781009204156","1","0.90726232085046","0.384428419353387","0.702794912969694","roller_coaster"
"10.7200832552394","1.07462715105358","0.495270941294826","1.79228632159026","0.720083255239425","0.24638095381809","0.989","0.918338458674938","0.596298297007905","0.881811817566002","roller_coaster"
"10.7105633526347","1.06214359085085","0.500467310259039","1.78351014329328","0.710563352634692","0.235952645063698","0.9918","0.918641293186327","0.449946961967673","0.869916848462315","roller_coaster"
"10.352935175026","1.22025266807652","0.411242526734956","2.5274788907194","0.352935175026039","0.249514621771199","1","0.904254786698819","0.351124675824889","0.7120339344272","roller_coaster"
"10.0556189412628","1.49126450887688","0.262397663962586","3.18517876016077","0.0556189412627901","0.245775714331438","1","0.66265130485408","0.423147160996694","0.868346792424791","roller_coaster"
"10.3785087575386","1.20637316930454","0.417031424700389","2.47307333972179","0.378508757538601","0.247079190546906","1","0.902914676098295","0.372834007095192","0.731639817227458","roller_coaster"
"10.5413802490654","0.707376534524101","0.491070963243651","1.92495329662114","0.541380249065418","0.274525428474798","0.997","0.95","0.4","0.75","05_05"
"10.5413802490654","0.707376534524101","0.491070963243651","1.92495329662114","0.541380249065418","0.274525428474798","0.997","0.95","0.4","0.75","05_05"
"10.0053204838083","1.33013254154774","0.205981165940542","3.27244775052309","0.00532048380829747","0.451338799623666","1","0.2655086631421","0.380035179434344","0.79423986072652","05_05"
"10.0018684466003","1.44068737403861","0.110252200679202","3.33443976056233","0.00186844660026955","0.761782753443768","1","0.37212389963679","0.777445221319795","0.107943625887856","05_05"
"10.0076907120312","1.37232562682715","0.159433104810643","3.2836015095684","0.00769071203115471","0.444968843461584","1","0.572853363351896","0.934705231105909","0.723710946040228","05_05"
"10.1094548149397","1.00335344127083","0.347707563243162","2.8871277850815","0.109454814939693","0.292417419212574","1","0.908207789994776","0.212142521282658","0.411274429643527","05_05"
"10.0025764600761","1.42822296099432","0.137803688480117","3.32933533135638","0.00257646007606776","0.737172435652494","1","0.201681931037456","0.651673766085878","0.820946294115856","05_05"
"10.2748420892393","0.836013893663893","0.425996063136195","2.45911515206216","0.274842089239262","0.264952901056573","1","0.898389684967697","0.125555095961317","0.647060193819925","05_05"
"10.5949656016815","0.638367989027748","0.520451352712231","1.75591428114072","0.594965601681492","0.264942513956224","0.9886","0.944675268605351","0.267220668727532","0.78293276228942","05_05"
"10.0174824464185","1.21470118889156","0.250397052364806","3.19052034906965","0.0174824464184571","0.334266009475046","1","0.660797792486846","0.386114092543721","0.553036311641335","05_05"
"10.0148834238842","1.1580493947085","0.272105151122027","3.16389660429385","0.0148834238841513","0.261002027801899","1","0.62911404389888","0.0133903331588954","0.529719580197707","05_05"
"10.0048457084028","1.36211117449541","0.191475631850275","3.28772493520443","0.00484570840279851","0.448664261050092","1","0.0617862704675645","0.382387957070023","0.789356231689453","05_05"
"10.0008256588897","1.49759208048251","0.0774676251139043","3.35335373441851","0.000825658889746293","0.823512705906505","1","0.205974574899301","0.86969084572047","0.023331202333793","05_05"
"10.0053232877833","1.33552461223349","0.20806103441648","3.2729400458374","0.00532328778331546","0.428011240463747","1","0.176556752528995","0.34034899668768","0.477230065036565","05_05"
"10.043219859494","1.15657016952597","0.276154880942395","3.10893584008629","0.0432198594940267","0.30999443130989","1","0.687022846657783","0.482080115471035","0.7323137386702","05_05"
"10.0038841205068","1.37881278005237","0.17036128151836","3.3052729498773","0.00388412050678366","0.502625706960232","1","0.384103718213737","0.599565825425088","0.692731556482613","05_05"
"10.034213982819","1.17962390488959","0.266082739576006","3.13711730870465","0.0342139828190302","0.335239262406901","1","0.769841419998556","0.493541307048872","0.477619622135535","05_05"
"10.0121001753848","1.18833588703617","0.258890616380226","3.1935320344352","0.0121001753847772","0.284017542326678","1","0.497699242085218","0.186217601411045","0.8612094768323","05_05"
"10.0134855925665","1.32239578457283","0.189439296912428","3.2493589607905","0.0134855925665285","0.413585171540969","1","0.717618508264422","0.827373318606988","0.438097107224166","05_05"
"10.0933489915053","1.11140421485184","0.299860558187899","2.9770781299559","0.0933489915053281","0.358480742290195","1","0.991906094830483","0.668466738192365","0.244797277031466","05_05"
"10.0067242422086","1.22242391243002","0.243008695485718","3.24270436323459","0.00672424220857056","0.247146599764334","1","0.1","0.1","0.1","05_05"
"10.0063001614566","1.25325949680631","0.232842730097806","3.26011517757134","0.00630016145659548","0.283885236945022","1","0.2","0.2","0.2","05_05"
"10.0058166859792","1.29815478146278","0.218624835653812","3.26629717040403","0.00581668597918065","0.362626982695845","1","0.3","0.3","0.3","05_05"
"10.0052047558211","1.32565863158155","0.204402724319281","3.26968965482721","0.00520475582105548","0.442406236511562","1","0.4","0.4","0.4","05_05"
"10.005616827928","1.32759536971579","0.198194216942583","3.2715000499956","0.00561682792804387","0.453004823767344","1","0.5","0.5","0.5","05_05"
"10.0098833758956","1.30713968367999","0.20081901410213","3.25206534526857","0.00988337589564095","0.386076533742072","1","0.6","0.6","0.6","05_05"
"10.0376617158709","1.21988853553008","0.246808086407194","3.15205228440235","0.0376617158708913","0.347429807146527","1","0.7","0.7","0.7","05_05"
"10.1866850920482","1.04400669922875","0.327095708706306","2.76929468864443","0.186685092048227","0.330382181819557","1","0.8","0.8","0.8","05_05"
"10.5625855699252","0.811579008860561","0.43084992351002","1.98030507814635","0.5625855699252","0.328884032239439","0.982","0.9","0.9","0.9","05_05"
"5.63621479343957","0.544813611785868","0.525046109215168","1.26444366530747","0.636214793439568","0.378809534260182","0.8082","1","1","1","05_05"
"10.2782622135676","0.968407526418568","0.362645914999638","2.59201286808733","0.278262213567628","0.323439324118646","1","0.79104438520046","0.774540846038036","0.895519943695787","05_05"
"10.0065394990913","1.23648572309698","0.238739590993535","3.25190230792548","0.00653949909132273","0.265510431860819","1","0.219867902943601","0.151098973847629","0.305933155205763","05_05"
"10.0423356682937","1.09294366597164","0.30410070990097","3.07358007896969","0.0423356682936978","0.288046642264002","1","0.837691077838486","0.129586055164052","0.324799635133367","05_05"
"10.5625855699252","0.811579008860561","0.43084992351002","1.98030507814635","0.5625855699252","0.328884032239439","0.982","0.9","0.9","0.9","05_05"
"10.1866850920482","1.04400669922875","0.327095708706306","2.76929468864443","0.186685092048227","0.330382181819557","1","0.8","0.8","0.8","05_05"
"10.5625855699252","0.811579008860561","0.43084992351002","1.98030507814635","0.5625855699252","0.328884032239439","0.982","0.9","0.9","0.9","05_05"
"10.0121001753848","1.18833588703617","0.258890616380226","3.1935320344352","0.0121001753847772","0.284017542326678","1","0.497699242085218","0.186217601411045","0.8612094768323","05_05"
"10.0014246054923","1.46575951592493","0.0967049967935725","3.34164597769283","0.00142460549231754","0.787753702749175","1","0.253056524073206","0.803815839727584","0.488485471478927","05_05"
"10.0052047558211","1.32565863158155","0.204402724319281","3.26968965482721","0.00520475582105548","0.442406236511562","1","0.4","0.4","0.4","05_05"
"10.1418949593892","1.04529613590467","0.329868005692153","2.83592951383966","0.141894959389241","0.307673257926479","1","0.795978461457323","0.607539269432999","0.736793794974413","05_05"
"10.0074826615431","1.24792441142846","0.232608785097746","3.2384135947486","0.00748266154307917","0.335198504421582","1","0.544242001407849","0.289837759279793","0.42980904723958","05_05"
"10.0933489915053","1.11140421485184","0.299860558187899","2.9770781299559","0.0933489915053281","0.358480742290195","1","0.991906094830483","0.668466738192365","0.244797277031466","05_05"
"10.0555217855284","1.15290763405785","0.279540048880029","3.06602738821318","0.055521785528423","0.319192665725355","1","0.70993908053442","0.563379473718791","0.738001129319664","05_05"
"10.0109950429948","1.26269878212286","0.228863007138824","3.22801090363021","0.0109950429948182","0.348949661160229","1","0.586704774625843","0.419784913438435","0.610093827060076","05_05"
"10.0069413843417","1.20847164989256","0.245564823498987","3.23457155100394","0.00694138434170745","0.269352439377255","1","0.450222250651368","0.139193652351299","0.430096320070942","05_05"
"10.0062565553994","1.2832270913168","0.219511319233413","3.25996607707701","0.00625655539938877","0.37030662726692","1","0.524467058013473","0.345703197695622","0.234661261551082","05_05"
"10.1483737715549","1.06209299448013","0.321467165415219","2.83247749953737","0.148373771554906","0.313819796400656","1","0.777083766123363","0.718700641752245","0.794312609350536","05_05"
"10.0067783806408","1.33839514928996","0.182720327716682","3.28643366365768","0.00677838064079437","0.44303294187607","1","0.572808912914789","0.643753030875012","0.53721483246535","05_05"
"10.5949656016815","0.638367989027748","0.520451352712231","1.75591428114072","0.594965601681492","0.264942513956224","0.9886","0.944675268605351","0.267220668727532","0.78293276228942","05_05"
"10.146519647802","0.998671594630739","0.35751788254436","2.80593039085409","0.146519647802043","0.293787062984536","1","0.848167434316328","0.386361443610018","0.616963873748983","05_05"
"10.0118509857621","1.2374812490576","0.240766527322901","3.22105956250042","0.01185098576207","0.324274305502815","1","0.510994467459375","0.36643268797261","0.851115649772224","05_05"
"10.0063334453228","1.23815532661737","0.236592514465848","3.25543579790977","0.00633344532277423","0.28368193136145","1","0.260698607129211","0.195969040797266","0.522260558686558","05_05"
"10.0048249211864","1.34538170310727","0.191523796035548","3.27844769354623","0.00482492118639868","0.477628150792892","1","0.339112541173305","0.476725914463094","0.638978461335691","05_05"
"10.0081780905627","1.28080317698348","0.218389613654047","3.24536780456678","0.0081780905626838","0.383267975303365","1","0.567154943714182","0.430981141623406","0.526380583464437","05_05"
"10.0145332563515","1.21225349227951","0.252111367904353","3.19267677235159","0.0145332563514998","0.297889386922749","1","0.555043322428769","0.315457355115954","0.780079974039321","05_05"
"10.0331825472381","1.17892491551532","0.270706595318255","3.13094444983023","0.0331825472380881","0.302151848946206","1","0.642655919656449","0.431016370421275","0.78112950279298","05_05"
"10.0069751794478","1.20025014946919","0.255305763692541","3.21008165812137","0.00697517944781893","0.22244843790638","1","0.384872042491032","0.0235525738791019","0.325278303353116","05_05"
"10.0363788212738","1.21650424339043","0.24732902571047","3.14576465855595","0.0363788212737578","0.330002804858014","1","0.666243915228672","0.675231244965282","0.770557929861095","05_05"
"10.1094548149397","1.00335344127083","0.347707563243162","2.8871277850815","0.109454814939693","0.292417419212574","1","0.908207789994776","0.212142521282658","0.411274429643527","05_05"
"10.0180451965504","1.21452945247903","0.249300281510267","3.18515210886957","0.0180451965503558","0.337233484855507","1","0.684605845057795","0.404748886751697","0.501822305292637","05_05"
"10.0933489915053","1.11140421485184","0.299860558187899","2.9770781299559","0.0933489915053281","0.358480742290195","1","0.991906094830483","0.668466738192365","0.244797277031466","05_05"
"10.0061838283049","1.31719017326455","0.20849483957772","3.26705409430515","0.0061838283048617","0.407620397407538","1","0.47486956761085","0.445582945223733","0.630851204986565","05_05"
"10.004040328493","1.38816509716604","0.162028881163605","3.30183305784337","0.0040403284929699","0.585394611802126","1","0.260537884288774","0.543558644096486","0.440298711022883","05_05"
"10.0933489915053","1.11140421485184","0.299860558187899","2.9770781299559","0.0933489915053281","0.358480742290195","1","0.991906094830483","0.668466738192365","0.244797277031466","05_05"
"10.0471829579907","1.15683404845772","0.277301557815669","3.09031095411978","0.0471829579906801","0.307152925941483","1","0.663625763334526","0.532155121624827","0.812293598905631","05_05"
"10.1242585198206","1.10882631053691","0.291651286756878","2.89044527119406","0.124258519820565","0.32310070922803","1","0.717000476034122","0.830123328999111","0.897438692051986","05_05"
"10.1143694147314","0.986744655389204","0.357334968436885","2.85328719714648","0.114369414731448","0.255737686948979","1","0.706723886189556","0.194716365842947","0.857900681126092","05_05"
"10.0101086069693","1.28681880352509","0.216603195162593","3.24004339293853","0.010108606969251","0.393869354946318","1","0.603435238856578","0.497444485410642","0.545675815222998","05_05"
"10.0757443536091","1.09193343332923","0.314153166435526","3.0035916759446","0.0757443536090546","0.297227287095953","1","0.784524743260645","0.405355471467333","0.61387857976157","05_05"
"10.0060348540092","1.28489731232545","0.22218683693543","3.26080240156767","0.00603485400918074","0.353795847600984","1","0.400884631518083","0.320482616286424","0.61215337630692","05_05"
"10.4777778387058","0.842009150496432","0.417884846090348","2.1795779373365","0.477777838705803","0.318146972525658","0.9958","0.879030156321923","0.798861248796449","0.868835903887349","05_05"
"10.036356527301","1.16806132893268","0.275035471148922","3.12317518056274","0.036356527301022","0.316309978438033","1","0.712410407878784","0.417504412849379","0.625091130098109","05_05"
"10.538517230973","0.750698594235978","0.467793214058948","1.9772315961085","0.538517230972976","0.286379558188783","0.995","0.926336809930413","0.570922371719627","0.801120944723418","05_05"
"10.01115232362","1.19022328212129","0.256455312166226","3.20155509098038","0.0111523236200028","0.283937273067377","1","0.546672400399891","0.178440678474896","0.675582943870079","05_05"
"10.010429130686","1.28080792417142","0.215445909163511","3.23628851438936","0.0104291306860416","0.392682390178215","1","0.53849681524557","0.512194372542864","0.762809409300447","05_05"
"10.0031076231715","1.40135279919483","0.152737900156521","3.31571581564705","0.00310762317146577","0.608341447962882","1","0.450279268667073","0.691358937124978","0.42466282068622","05_05"
"10.0202516086422","1.19305907938091","0.259840166405553","3.17850794429866","0.0202516086421802","0.3040233400251","1","0.650745843085691","0.355772747587943","0.622134361336246","05_05"
"10.5625855699252","0.811579008860561","0.43084992351002","1.98030507814635","0.5625855699252","0.328884032239439","0.982","0.9","0.9","0.9","05_05"
"10.0025961654485","1.41747021751256","0.129346435300373","3.32149095043668","0.00259616544846755","0.627325958400106","1","0.407215214983892","0.798790578557113","0.656412069211327","05_05"
"10.6371276877408","0.676305466496385","0.494727123187029","1.71148846870092","0.637127687740758","0.309010138209241","0.9708","0.918338458674938","0.596298297007905","0.881811817566002","05_05"
"10.0080050785203","1.27301858172862","0.223779175118961","3.24854848353665","0.00800507852025539","0.375251231591003","1","0.552489519438275","0.39161421882228","0.533291493766201","05_05"
"10.0132900817422","1.22028236148322","0.248328180965816","3.2064197465431","0.013290081742152","0.306486520569482","1","0.609492110488356","0.320016722029645","0.594425982832157","05_05"
"10.0088358505859","1.24373941045134","0.236496378872","3.23376738801767","0.00883585058587567","0.323612517886499","1","0.532011339754437","0.317776259743193","0.635614899997203","05_05"
"10.004753324971","1.35409895289755","0.188817457218838","3.28401239930792","0.00475332497103739","0.490928748183353","1","0.281018000605725","0.448107852849998","0.526183897385707","05_05"
"10.0125823605126","1.24636652080938","0.237005403495357","3.21954972744559","0.0125823605126184","0.34678395935345","1","0.630797634769865","0.411987113766091","0.52946587745185","05_05"
"10.0058571292366","1.33888335434229","0.188068232371139","3.27738544092349","0.00585712923655304","0.457482780664585","1","0.536760641192281","0.550094954910891","0.477995807695624","05_05"
"10.0123750692651","1.30678681280517","0.198766892471586","3.25285688391102","0.0123750692650646","0.376447728015874","1","0.568059122019025","0.710201877320342","0.797621405056745","05_05"
"10.5949656016815","0.638367989027748","0.520451352712231","1.75591428114072","0.594965601681492","0.264942513956224","0.9886","0.944675268605351","0.267220668727532","0.78293276228942","05_05"
"10.2643349059711","0.979427378777479","0.361746146715148","2.6011183989699","0.264334905971116","0.306717864452191","1","0.849243439194551","0.745107915966171","0.77311923780911","05_05"
"10.0177447655464","1.17490237935169","0.268357821382837","3.17083000174563","0.0177447655464506","0.290705177330063","1","0.688897574479341","0.205538373931672","0.452634210987768","05_05"
"10.2386291991425","0.970706010927775","0.359423731884718","2.64377091862754","0.238629199142477","0.303820608425984","1","0.822827784195537","0.68038672943023","0.794701091065497","05_05"
"10.0086076392849","1.34912988193411","0.175195579807806","3.27468883672223","0.00860763928485494","0.429101360580771","1","0.616011621941905","0.810612034928412","0.592171183175821","05_05"
"10.108567173521","1.07003233390281","0.323282035458162","2.92027933573076","0.10856717352098","0.310319137753277","1","0.816534427804156","0.517446577312879","0.630871364052865","05_05"
"10.5367929758349","0.830465777460857","0.422413824796021","2.06772331924809","0.536792975834944","0.330486762236419","0.9894","0.899585163413025","0.885329758273459","0.878154862623815","05_05"
"10.0470371724243","1.22538919028093","0.231827029979711","3.13487346609736","0.0470371724242738","0.357782084882684","1","0.686452640057991","0.894768048776314","0.804797189655263","05_05"
"10.6371276877408","0.676305466496385","0.494727123187029","1.71148846870092","0.637127687740758","0.309010138209241","0.9708","0.918338458674938","0.596298297007905","0.881811817566002","05_05"
"10.0123056285776","1.29774040417079","0.204551210307242","3.25030464021625","0.0123056285776442","0.401149474221639","1","0.713868482271897","0.66321453342235","0.376735322279048","05_05"
"10.0294333141017","1.2097126463477","0.251374415441721","3.16247596657282","0.0294333141017467","0.325026699066148","1","0.637749495284498","0.56960624898159","0.783263316571789","05_05"
"10.0320934211879","1.1885581089978","0.261754527406205","3.14568975852475","0.0320934211878841","0.318412110960488","1","0.682955805873902","0.503806104737402","0.677711335520743","05_05"
"10.0081035897968","1.31873299682403","0.197672414693652","3.26091970423204","0.00810358979675107","0.421376715388931","1","0.602111852204906","0.564763817859671","0.488123286992192","05_05"
"10.004385245078","1.36937633035733","0.169106715481977","3.30153503495589","0.00438524507795895","0.532144186566813","1","0.55136113211302","0.654229521921855","0.319223776460171","05_05"
"10.1362037236253","0.975127692748236","0.368030781597183","2.8109560398261","0.136203723625282","0.265073661133346","1","0.73313954118857","0.259437552378888","0.836318827869705","05_05"
"10.1335542027179","1.10296691034346","0.297848719513831","2.88228789629381","0.133554202717908","0.329479499549519","1","0.761692306339556","0.822278086871926","0.815946250150957","05_05"
"10.6350194529558","0.639488928913732","0.51977150508141","1.66558410979635","0.635019452955805","0.289056790994592","0.9684","0.918641293186327","0.449946961967673","0.869916848462315","05_05"
"10.01469630526","1.26807863633102","0.22385378216321","3.21510424192237","0.0146963052600034","0.362895546860496","1","0.584762842014281","0.549717197956441","0.753296368754109","05_05"
"10.0059638374439","1.30714827335812","0.212307249074043","3.26305737438878","0.00596383744392724","0.419553507396891","1","0.474047348982727","0.382269198230523","0.399409950012341","05_05"
"10.0091617449344","1.3271828859655","0.190676568079656","3.27117326919684","0.00916174493436483","0.396591540558571","1","0.540238933507311","0.688250104393429","0.783111862857272","05_05"
"10.0912609575275","1.11444390944218","0.299228886532802","2.97707518152135","0.0912609575275314","0.319011206432461","1","0.823375151033797","0.633893095965299","0.593504591683935","05_05"
"10.052811076119","1.14904185986793","0.28109049251047","3.06673783383741","0.0528110761189671","0.307144783990184","1","0.664040599921501","0.546825363351368","0.834138736281817","05_05"
"10.0837492676704","1.13867147533352","0.283501667523983","2.99603780851719","0.0837492676704468","0.321168847947154","1","0.731063092506055","0.735257060861735","0.787903808184606","05_05"
"10.5949656016815","0.638367989027748","0.520451352712231","1.75591428114072","0.594965601681492","0.264942513956224","0.9886","0.944675268605351","0.267220668727532","0.78293276228942","05_05"
"10.2603444104708","0.98182450823959","0.360948963455425","2.61442120954832","0.26034441047079","0.318956835263571","1","0.804551608889117","0.752953158093356","0.854611679710138","05_05"
"10.0709034875805","1.13285720637134","0.288699893848857","3.03293627438855","0.0709034875805178","0.325685708815283","1","0.828378793834701","0.599407129739454","0.52336277539495","05_05"
"10.0093325113865","1.28918089888378","0.216374233315315","3.24371911770821","0.00933251138652396","0.394920814805185","1","0.569767947063172","0.484577121480058","0.607988182832876","05_05"
"10.020147970934","1.21567887229304","0.249421873010254","3.1824834601799","0.0201479709340017","0.34804883502129","1","0.721562963323188","0.462345069120508","0.451757397957002","05_05"
"10.0144075707349","1.28700625651133","0.208984217044487","3.239705072624","0.0144075707348907","0.369510107331954","1","0.594490581152775","0.659831814703284","0.750320078592724","05_05"
"10.3441272876591","0.807342472858143","0.443875994425816","2.33162904694364","0.344127287659137","0.265772443646749","1","0.900650964305684","0.256910827914078","0.702794912969694","05_05"
"10.0146300444058","1.23808486518576","0.236828950225508","3.20913505005215","0.0146300444058127","0.342162085350626","1","0.599526502952263","0.439604364828897","0.684287103919421","05_05"
"10.6005967583033","0.671551963571969","0.508707176780787","1.78565283744366","0.600596758303302","0.282190059934645","0.9846","0.944372434093963","0.413572003767764","0.794827731393107","05_05"
"10.0158104596594","1.2465328413529","0.234926628654121","3.20762558105458","0.0158104596593506","0.350610833946683","1","0.57235824602462","0.492452222280445","0.794339594422474","05_05"
"10.02412287365","1.21583108327681","0.246229658419236","3.17532323006117","0.0241228736500026","0.330191562956673","1","0.600344127165083","0.519548285502203","0.825511928880587","05_05"
"10.0147721068938","1.31742122848128","0.190595533212722","3.24813315135182","0.0147721068937899","0.402226510770373","1","0.65684765995377","0.848389900908437","0.631278268597112","05_05"
"10.3574880601417","0.889430357834634","0.401794701023476","2.38893139414001","0.357488060141706","0.288490565553331","1","0.832768403510695","0.655389664981728","0.86447779678364","05_05"
"10.0238629359363","1.2851733782018","0.20551585187826","3.20754128009997","0.0238629359362532","0.368137276069193","1","0.645616602046126","0.856990182796288","0.765690104233972","05_05"
"10.3441272876591","0.807342472858143","0.443875994425816","2.33162904694364","0.344127287659137","0.265772443646749","1","0.900650964305684","0.256910827914078","0.702794912969694","05_05"
"10.0922833143176","1.15330614050173","0.271265387620859","2.99548646512864","0.0922833143176107","0.340646376984195","1","0.775184300073199","0.858668420249807","0.725722051642389","05_05"
"10.6350194529558","0.639488928913732","0.51977150508141","1.66558410979635","0.635019452955805","0.289056790994592","0.9684","0.918641293186327","0.449946961967673","0.869916848462315","05_05"
"10.3506970242003","0.88260095912367","0.412160783563206","2.38581522082113","0.350697024200336","0.292783982686601","1","0.903025125351656","0.59804093340329","0.728108656260276","05_05"
"10.0743026665885","1.17971969961777","0.258868178902877","3.04579133788336","0.074302666588482","0.342954074923011","1","0.724090764851775","0.861463637031221","0.796191282523481","05_05"
"10.0157144254843","1.31385035212855","0.191287491435986","3.24490172798548","0.015714425484328","0.402361214238907","1","0.691443188344843","0.858744211401498","0.557132091230754","05_05"
"10.6350194529558","0.639488928913732","0.51977150508141","1.66558410979635","0.635019452955805","0.289056790994592","0.9684","0.918641293186327","0.449946961967673","0.869916848462315","05_05"
"10.0315230482038","1.21325285001685","0.249690759088066","3.15628251321221","0.031523048203761","0.331419726300246","1","0.70699731697795","0.592695061603378","0.629990687111974","05_05"
"10.1702125901365","1.01397100955202","0.345215894280601","2.7650326550291","0.170212590136542","0.305566644456745","1","0.843692127157983","0.597664493344069","0.677065936700676","05_05"
"10.038704751315","1.20400129368705","0.252167281954751","3.14941699932422","0.0387047513150486","0.336709387806176","1","0.739647133819492","0.63550675826596","0.602437913407824","05_05"
"10.021651936264","1.25928199146268","0.225512815310184","3.20763626188023","0.0216519362640403","0.36289867252261","1","0.716231381132317","0.678193134989983","0.536135161026661","05_05"
"10.0162510175303","1.27851311268663","0.214885321740096","3.23411427786545","0.0162510175303248","0.374911369471701","1","0.68627188536768","0.670283858341902","0.537836287602695","05_05"
"10.1458413582392","1.01101978781317","0.343378526330726","2.79884816615846","0.14584135823921","0.292723363906147","1","0.733000797346267","0.513256809895575","0.86529100053293","05_05"
"10.6350194529558","0.639488928913732","0.51977150508141","1.66558410979635","0.635019452955805","0.289056790994592","0.9684","0.918641293186327","0.449946961967673","0.869916848462315","05_05"
"10.025750723296","1.24144580195758","0.233564346817671","3.18968371881106","0.0257507232959786","0.336740603175048","1","0.666343262854593","0.669544458120628","0.697964169759596","05_05"
"10.5637215643763","0.662354458577925","0.508934261296956","1.84822378471412","0.563721564376322","0.261531644593355","0.9904","0.913996908726986","0.2949463900993","0.818610544846777","05_05"
"10.007862766195","1.31434551637412","0.201742689367335","3.25553970265815","0.00786276619497842","0.416281637967618","1","0.574125971064443","0.537667754637913","0.548162700540511","05_05"
"10.0114635926556","1.29427714743909","0.206893834532164","3.24393497307976","0.0114635926555761","0.376823876403578","1","0.651302699897413","0.602673245707018","0.506092293530129","05_05"
"10.0367432771624","1.22720871011718","0.241080932751784","3.15947386423316","0.0367432771623738","0.350780788156086","1","0.728700193645635","0.720278459294102","0.628503969436993","05_05"
"10.0410113671836","1.18972718177793","0.261734127956904","3.1262466480524","0.0410113671835952","0.336628620423979","1","0.780131076992835","0.596521966775382","0.511992958607152","05_05"
"10.0072437836575","1.3311537287265","0.188240179251296","3.2827060630024","0.00724378365752232","0.42022871990276","1","0.591634007308228","0.620236669775413","0.500041003921184","05_05"
"10.2177678096671","0.984369639304429","0.359092655151253","2.67160159835025","0.217767809667061","0.302456421813175","1","0.823388245547849","0.635430967114269","0.77102787381946","05_05"
"10.4181473393433","0.797545777711696","0.455509812387556","2.20351031034073","0.418147339343312","0.274924155176594","1","0.905295348765025","0.411911399782451","0.754101216585231","05_05"
"10.0546486369921","1.19572717183047","0.250393949641597","3.09574974530094","0.0546486369920559","0.326705660994347","1","0.693424967712271","0.768561472606827","0.796509715316389","05_05"
"10.3441272876591","0.807342472858143","0.443875994425816","2.33162904694364","0.344127287659137","0.265772443646749","1","0.900650964305684","0.256910827914078","0.702794912969694","05_05"
"10.6371276877408","0.676305466496385","0.494727123187029","1.71148846870092","0.637127687740758","0.309010138209241","0.9708","0.918338458674938","0.596298297007905","0.881811817566002","05_05"
"10.0061207822993","1.2640903090884","0.227092328062728","3.25778305260112","0.00612078229930333","0.329523171834688","1","0.289980886038393","0.256910827914078","0.702794912969694","05_05"
"10.013905490984","1.28956189322695","0.208271295548031","3.24371421680854","0.0139054909840036","0.389546927298774","1","0.670813627027403","0.669721855188476","0.531780605751462","05_05"
"10.6371276877408","0.676305466496385","0.494727123187029","1.71148846870092","0.637127687740758","0.309010138209241","0.9708","0.918338458674938","0.596298297007905","0.881811817566002","05_05"
"10.3378212679362","0.902402458987723","0.396396642114727","2.43330636500897","0.337821267936176","0.29419499614723","1","0.824373962822041","0.653152157431238","0.865871569953148","05_05"
"10.0117941999112","1.25400260051409","0.227121293419036","3.2302605873686","0.0117941999111869","0.386852377289299","1","0.74908937862144","0.451542283981257","0.166742393514141","05_05"
"10.2899848257133","0.916200731084996","0.393788370180624","2.51321477348297","0.289984825713337","0.295461618722106","1","0.871073776158294","0.575582038853848","0.737475057580261","05_05"
"10.6371276877408","0.676305466496385","0.494727123187029","1.71148846870092","0.637127687740758","0.309010138209241","0.9708","0.918338458674938","0.596298297007905","0.881811817566002","05_05"
"10.0239030007309","1.24016273527676","0.236004839408273","3.18823852848039","0.0239030007308743","0.336618323820893","1","0.663871399813999","0.619300465076971","0.676106585461536","05_05"
"10.3782419974586","0.860346191671493","0.419299486915885","2.32649377772844","0.378241997458587","0.293994955002765","1","0.906807201222663","0.596439192828246","0.739456875656045","05_05"
"10.0360247689953","1.1573460685644","0.276438129546588","3.11813607795992","0.0360247689952518","0.289105140248195","1","0.631474073491417","0.398011889804381","0.82122825437151","05_05"
"10.363528449318","0.839436019757241","0.436064280699968","2.31509523592932","0.363528449318032","0.273274774725302","1","0.901543864460804","0.423813543658323","0.726440548897391","05_05"
"10.1826860211655","0.990987808140144","0.353596974789828","2.72329305576683","0.182686021165454","0.292519241261044","1","0.787692298076557","0.565356277143263","0.800554993825555","05_05"
"10.3705416027786","0.874727738882627","0.408294000854122","2.35630107822413","0.370541602778558","0.287202104123243","1","0.840793226317297","0.631740050539905","0.855885704670129","05_05"
"10.3337578643506","0.860131927274839","0.424144114108567","2.38306397095631","0.333757864350619","0.278637670328813","1","0.902132225196536","0.431138217659045","0.704463020332579","05_05"
"10.0902967357693","1.10596058308682","0.302004639239724","2.97959907371959","0.0902967357692677","0.31175704233848","1","0.79166233444511","0.596381070955041","0.654347900517109","05_05"
"10.2015633407841","1.04926410856642","0.323984063631668","2.75127366944638","0.201563340784064","0.3227180778701","1","0.826399574518656","0.846794578894854","0.769055077852245","05_05"
"10.0167926245381","1.28613721403455","0.211284512273189","3.22901884518175","0.0167926245381408","0.360159774489892","1","0.637890875162997","0.701273714506235","0.680978277612445","05_05"
"10.553405633736","0.680129438945753","0.503493881218735","1.87996499250163","0.553405633735994","0.258610186099477","0.992","0.905972085920384","0.318596004541123","0.827202636960288","05_05"
"10.3617628102152","0.843277622480668","0.431036190074917","2.33086026212216","0.3617628102152","0.271690919127123","1","0.822391928082022","0.46215471444","0.86986056973739","05_05"
"10.0172562505789","1.26405351234525","0.223736563281839","3.2218209091598","0.0172562505788757","0.359713944094657","1","0.696720454002327","0.611144525508525","0.510446848805328","05_05"
"10.4683445808335","0.760312864605368","0.470482527603026","2.09671986285025","0.468344580833499","0.270120520367956","0.9996","0.882866962400652","0.416482785797122","0.822894219355854","05_05"
"10.3574880601417","0.889430357834634","0.401794701023476","2.38893139414001","0.357488060141706","0.288490565553331","1","0.832768403510695","0.655389664981728","0.86447779678364","05_05"
"10.2978418117467","0.912925973545815","0.399635831103437","2.50321814622823","0.297841811746716","0.291962659498176","1","0.918440738465484","0.556631134669382","0.652272011915912","05_05"
"10.046022603672","1.17157228022498","0.272313414562073","3.09610750303464","0.0460226036720334","0.321548981613535","1","0.686472440088522","0.563599685640194","0.755481124149097","05_05"
"10.0118305305828","1.29975373166098","0.202785854337949","3.25703326182098","0.0118305305827814","0.394945112296683","1","0.653774562938007","0.652917238750675","0.527949877828188","05_05"
"10.6350194529558","0.639488928913732","0.51977150508141","1.66558410979635","0.635019452955805","0.289056790994592","0.9684","0.918641293186327","0.449946961967673","0.869916848462315","05_05"
"10.6350194529558","0.639488928913732","0.51977150508141","1.66558410979635","0.635019452955805","0.289056790994592","0.9684","0.918641293186327","0.449946961967673","0.869916848462315","05_05"
"10.3709610540615","0.844499032225452","0.427786767327042","2.32777152186268","0.370961054061504","0.277764899399571","1","0.829250162450572","0.501049057423249","0.865347279257854","05_05"
"10.3811989115579","0.796055174437486","0.449589588422966","2.26904564513395","0.381198911557949","0.265845281329417","1","0.886615259726675","0.317028844589522","0.758201423967192","05_05"
"10.0213562560845","1.25819126671408","0.225421399286982","3.21077120840896","0.0213562560844529","0.338910637724159","1","0.619300911955856","0.666664471904405","0.775811919865255","05_05"
"10.4888527152206","0.679514952296245","0.507091007364799","1.96699944742963","0.488852715220632","0.260651798451275","0.9998","0.915472666749874","0.10212059924379","0.767093997045677","05_05"
"10.3972793871049","0.821688565845639","0.439591930636015","2.25421154700603","0.39727938710493","0.277900011245384","1","0.89220152317277","0.478519417933546","0.768116207675616","05_05"
"10.429110641349","0.78931359134993","0.458173449402382","2.17848477627368","0.429110641349009","0.271480242400908","1","0.884844338905908","0.415658625461426","0.796561486864934","05_05"
"10.3969948471417","0.841015218831432","0.430088356686707","2.28878155870683","0.396994847141672","0.286327200218666","1","0.856772638610289","0.556495819192945","0.836848605003073","05_05"
"10.5246220825817","0.764748211615774","0.459627751469072","2.01480696196992","0.524622082581681","0.289464715327816","0.9954","0.913616128695516","0.596428053228596","0.81754967295686","05_05"
"10.4908930152895","0.763798288019546","0.46368041765587","2.07221428923106","0.490893015289535","0.281452452253932","0.9984","0.891999398141763","0.501236290940652","0.82703536920518","05_05"
"10.6167286074669","0.666437807337648","0.504672232605075","1.72188377150662","0.616728607466862","0.291282559329852","0.9718","0.909206022933827","0.511544791864376","0.877670667716676","05_05"
"10.3811989115579","0.796055174437486","0.449589588422966","2.26904564513395","0.381198911557949","0.265845281329417","1","0.886615259726675","0.317028844589522","0.758201423967192","05_05"
"10.3811989115579","0.796055174437486","0.449589588422966","2.26904564513395","0.381198911557949","0.265845281329417","1","0.886615259726675","0.317028844589522","0.758201423967192","05_05"
"10.6350194529558","0.639488928913732","0.51977150508141","1.66558410979635","0.635019452955805","0.289056790994592","0.9684","0.918641293186327","0.449946961967673","0.869916848462315","05_05"
"10.3430030986826","0.856445392106875","0.427403085357989","2.36775233852383","0.343003098682569","0.276440497000592","1","0.878195875421915","0.434871109509901","0.753827451872531","05_05"
"10.4958028229339","0.780742006276246","0.451430403167156","2.08520141139948","0.495802822933916","0.292626786547094","0.9984","0.911529531202085","0.596309436607556","0.803719020265187","05_05"
"10.327606497906","0.874069273759571","0.419211375956177","2.40843371370615","0.327606497905973","0.278575534907879","1","0.879493160463054","0.457739773933468","0.741849029674922","05_05"
"10.3811989115579","0.796055174437486","0.449589588422966","2.26904564513395","0.381198911557949","0.265845281329417","1","0.886615259726675","0.317028844589522","0.758201423967192","05_05"
"10.3782419974586","0.860346191671493","0.419299486915885","2.32649377772844","0.378241997458587","0.293994955002765","1","0.906807201222663","0.596439192828246","0.739456875656045","05_05"
"10.553405633736","0.680129438945753","0.503493881218735","1.87996499250163","0.553405633735994","0.258610186099477","0.992","0.905972085920384","0.318596004541123","0.827202636960288","05_05"
"10.2665602197163","0.920291291352158","0.390643441076481","2.54589844355473","0.266560219716306","0.284962033705464","1","0.843551299998577","0.520135277084151","0.765973731835042","05_05"
"10.2848709686122","0.934908506276121","0.382890080685965","2.53759913241884","0.284870968612251","0.29189687461561","1","0.820164869365517","0.64613035501377","0.837074334163815","05_05"
"10.6371276877408","0.676305466496385","0.494727123187029","1.71148846870092","0.637127687740758","0.309010138209241","0.9708","0.918338458674938","0.596298297007905","0.881811817566002","05_05"
"10.553405633736","0.680129438945753","0.503493881218735","1.87996499250163","0.553405633735994","0.258610186099477","0.992","0.905972085920384","0.318596004541123","0.827202636960288","05_05"
"10.3583323482625","0.853919521622879","0.424697455045701","2.34858134684007","0.358332348262468","0.276010807612912","1","0.822585424872691","0.490901051156058","0.869279030234212","05_05"
"10.040382597432","1.18312529493152","0.262511975976557","3.12314476780517","0.0403825974320506","0.337113852119964","1","0.791901391533081","0.572378079560731","0.47614038689062","05_05"
"10.6350194529558","0.639488928913732","0.51977150508141","1.66558410979635","0.635019452955805","0.289056790994592","0.9684","0.918641293186327","0.449946961967673","0.869916848462315","05_05"
"10.6350194529558","0.639488928913732","0.51977150508141","1.66558410979635","0.635019452955805","0.289056790994592","0.9684","0.918641293186327","0.449946961967673","0.869916848462315","05_05"
"10.3421623990961","0.896837152644544","0.401767574348028","2.41043590345259","0.342162399096123","0.289424524519251","1","0.824180466031372","0.624405820715179","0.866453109456327","05_05"
"10.6371276877408","0.676305466496385","0.494727123187029","1.71148846870092","0.637127687740758","0.309010138209241","0.9708","0.918338458674938","0.596298297007905","0.881811817566002","05_05"
"10.363528449318","0.839436019757241","0.436064280699968","2.31509523592932","0.363528449318032","0.273274774725302","1","0.901543864460804","0.423813543658323","0.726440548897391","05_05"
"10.4014841358721","0.849148605644153","0.422349318362346","2.28366231062871","0.40148413587208","0.283440038005696","1","0.863042882973043","0.611662447881526","0.834148177364392","05_05"
"10.066410625248","1.08494271722213","0.317261066057865","2.99518412603719","0.0664106252480288","0.274251197809206","1","0.66265130485408","0.31909003985127","0.861024275383829","05_05"
"10.337394130266","0.900583396925554","0.398102755707457","2.43314555621075","0.337394130266004","0.29239339677334","1","0.876532721760316","0.640166409928449","0.769786495075293","05_05"
"10.5050018781987","0.835764242027656","0.467865541174586","2.09959025642258","0.505001878198704","0.307145766413963","0.9996","0.95","0.4","0.75","10_05"
"10.5050018781987","0.835764242027656","0.467865541174586","2.09959025642258","0.505001878198704","0.307145766413963","0.9996","0.95","0.4","0.75","10_05"
"10.0029274649683","1.46502831172927","0.146949502367778","3.32646631102999","0.00292746496831823","0.827510164719282","1","0.2655086631421","0.380035179434344","0.79423986072652","10_05"
"10.0006878025103","1.61618880787889","0.0565400693066235","3.40283965665946","0.000687802510293305","0.815764135904398","1","0.37212389963679","0.777445221319795","0.107943625887856","10_05"
"10.0045578483858","1.52494450721223","0.118198487345104","3.35676816090102","0.00455784838579929","0.512165081790123","1","0.572853363351896","0.934705231105909","0.723710946040228","10_05"
"10.1001966537941","1.08747761046321","0.342466525752598","2.9504608255187","0.100196653794097","0.310131355326063","1","0.908207789994776","0.212142521282658","0.411274429643527","10_05"
"10.0008690182585","1.58910502652367","0.0651319363000803","3.40258100903176","0.000869018258528664","0.891416186504151","1","0.201681931037456","0.651673766085878","0.820946294115856","10_05"
"10.2632704927621","0.906792413841929","0.434091966088643","2.52667668302558","0.263270492762063","0.281200838365621","1","0.898389684967697","0.125555095961317","0.647060193819925","10_05"
"10.5681992638488","0.742737933575597","0.513460410525365","1.91218350111796","0.568199263848775","0.281189119342789","0.9942","0.944675268605351","0.267220668727532","0.78293276228942","10_05"
"10.0136883991742","1.34726613027481","0.217701846033047","3.24973699834565","0.013688399174219","0.417431646533483","1","0.660797792486846","0.386114092543721","0.553036311641335","10_05"
"10.0145410442196","1.22770033781581","0.276292350794626","3.19712944410965","0.0145410442196393","0.313733930127301","1","0.62911404389888","0.0133903331588954","0.529719580197707","10_05"
"10.0023644188708","1.51369481415345","0.119240997653117","3.35281759729087","0.00236441887083218","1.08141859753862","1","0.0617862704675645","0.382387957070023","0.789356231689453","10_05"
"10.0002525940684","1.70255490243732","0.0244178944738636","3.42026130565955","0.000252594068443618","0.806101416399794","1","0.205974574899301","0.86969084572047","0.023331202333793","10_05"
"10.0034294575607","1.4701582854871","0.146154948184234","3.33631765474524","0.00342945756065695","1.00618279947804","1","0.176556752528995","0.34034899668768","0.477230065036565","10_05"
"10.0344278941531","1.28938676616619","0.237825010324178","3.17538355671272","0.0344278941531481","0.370857776286997","1","0.687022846657783","0.482080115471035","0.7323137386702","10_05"
"10.0019238451987","1.51672501576607","0.10538303536973","3.3793944569024","0.00192384519871115","0.69090755589004","1","0.384103718213737","0.599565825425088","0.692731556482613","10_05"
"10.0267217071626","1.31430384185386","0.226448548802638","3.2124827325357","0.0267217071625748","0.408625971119501","1","0.769841419998556","0.493541307048872","0.477619622135535","10_05"
"10.010454998811","1.29597893270556","0.240041221909103","3.24503083135411","0.010454998810981","0.381650494005573","1","0.497699242085218","0.186217601411045","0.8612094768323","10_05"
"10.0087102580917","1.48177087382204","0.144292431394665","3.3171323081697","0.00871025809173539","0.479545690540842","1","0.717618508264422","0.827373318606988","0.438097107224166","10_05"
"10.0728001494096","1.26566355568583","0.253575521135477","3.07676624323792","0.0728001494095975","0.403152425784666","1","0.991906094830483","0.668466738192365","0.244797277031466","10_05"
"10.0055547789585","1.35565041105329","0.216749472500257","3.28553471629745","0.00555477895845057","0.448108756218405","1","0.1","0.1","0.1","10_05"
"10.0045495325528","1.40206115396377","0.193327436044852","3.31190868869539","0.00454953255275405","0.681182587499652","1","0.2","0.2","0.2","10_05"
"10.0040624175325","1.43654014267206","0.164921549851073","3.32626913399651","0.00406241753251834","0.864071577035533","1","0.3","0.3","0.3","10_05"
"10.0031095471428","1.462742986175","0.150190075970738","3.32104933506607","0.00310954714275521","0.715389489724767","1","0.4","0.4","0.4","10_05"
"10.0034214840785","1.4592369585549","0.146911403629077","3.33625764501001","0.00342148407853652","0.625169288110263","1","0.5","0.5","0.5","10_05"
"10.0065208808664","1.43878596392955","0.157003672305899","3.32013923703109","0.00652088086644079","0.504147426094592","1","0.6","0.6","0.6","10_05"
"10.0272834759967","1.35799421008289","0.199222522177515","3.21591789670853","0.0272834759966496","0.417134871326467","1","0.7","0.7","0.7","10_05"
"10.1445061080778","1.22659061780308","0.269510113080901","2.94256946051438","0.144506108077772","0.374788985593799","1","0.8","0.8","0.8","10_05"
"10.4824795955789","1.03334592269835","0.364275880417653","2.34340865168393","0.482479595578899","0.369614665061176","0.9978","0.9","0.9","0.9","10_05"
"5.77023658388891","0.832417574532176","0.460279093930963","1.69113627399792","0.770236583888908","0.383688813477824","0.9","1","1","1","10_05"
"10.1718149426427","1.08217333598095","0.348181769639408","2.78875561011861","0.171814942642687","0.306135413979315","1","0.815465206145402","0.424640373012409","0.749527478006008","10_05"
"10.0065808361137","1.49393203253576","0.13171832197014","3.33723697017778","0.00658083611367174","0.497385099004786","1","0.596166351290864","0.87417164662954","0.726512720098778","10_05"
"10.0396041134136","1.18055545221641","0.303264116297606","3.1126755206184","0.0396041134135807","0.328981506925192","1","0.837691077838486","0.129586055164052","0.324799635133367","10_05"
"10.5050018781987","0.835764242027656","0.467865541174586","2.09959025642258","0.505001878198704","0.307145766413963","0.9996","0.95","0.4","0.75","10_05"
"10.1445061080778","1.22659061780308","0.269510113080901","2.94256946051438","0.144506108077772","0.374788985593799","1","0.8","0.8","0.8","10_05"
"10.5050018781987","0.835764242027656","0.467865541174586","2.09959025642258","0.505001878198704","0.307145766413963","0.9996","0.95","0.4","0.75","10_05"
"10.0087102580917","1.48177087382204","0.144292431394665","3.3171323081697","0.00871025809173539","0.479545690540842","1","0.717618508264422","0.827373318606988","0.438097107224166","10_05"
"10.0045988605579","1.40427533275956","0.183014687311468","3.32272233702423","0.00459886055788056","0.715110583469792","1","0.231157974330129","0.248625123862181","0.855910272899692","10_05"
"10.0029274649683","1.46502831172927","0.146949502367778","3.32646631102999","0.00292746496831823","0.827510164719282","1","0.2655086631421","0.380035179434344","0.79423986072652","10_05"
"10.1656710259507","1.09853164556264","0.339029340704303","2.82025103233818","0.165671025950723","0.315022600145892","1","0.82155764051238","0.457439742458627","0.732786260664192","10_05"
"10.0062568869268","1.37239070764979","0.201345004208131","3.29350362506457","0.00625688692676288","0.471505878986666","1","0.567755134045864","0.303053323872417","0.442984775189429","10_05"
"10.0728001494096","1.26566355568583","0.253575521135477","3.07676624323792","0.0728001494095975","0.403152425784666","1","0.991906094830483","0.668466738192365","0.244797277031466","10_05"
"10.0439698473762","1.2881581980106","0.237316485281108","3.14183298165865","0.0439698473761716","0.371647034147709","1","0.70993908053442","0.563379473718791","0.738001129319664","10_05"
"10.0063240584792","1.46487176007645","0.144784196150156","3.32560806202029","0.00632405847915676","0.493118696348478","1","0.615285952982384","0.699028142410798","0.593743642765096","10_05"
"10.0056869789157","1.33823936779866","0.225872674579112","3.27992888234527","0.00568697891569315","0.488925560300329","1","0.329283476845717","0.138201499365059","0.776310762984518","10_05"
"10.0044113517086","1.43841421051236","0.155844439745926","3.32517891289023","0.00441135170860266","0.588210214600226","1","0.627466204830579","0.499323037420217","0.234661261551082","10_05"
"10.1159577601326","1.22655620138997","0.269202538643167","2.98138198710163","0.115957760132607","0.369567153143244","1","0.777083766123363","0.718700641752245","0.794312609350536","10_05"
"10.0044588179167","1.46969861644584","0.136478795476757","3.33907531251644","0.00445881791666421","0.562057510979894","1","0.65040409402413","0.645463678399949","0.327397356082364","10_05"
"10.5681992638488","0.742737933575597","0.513460410525365","1.91218350111796","0.568199263848775","0.281189119342789","0.9942","0.944675268605351","0.267220668727532","0.78293276228942","10_05"
"10.1419541335489","1.08931269479953","0.34605041927994","2.85510136439864","0.141954133548877","0.312525485633305","1","0.83461487126408","0.367388776030603","0.664989291561928","10_05"
"10.0087762419657","1.44623739478101","0.154006355273689","3.30739410499527","0.00877624196569105","0.479242524888986","1","0.702332555282039","0.72834517619619","0.444353464459071","10_05"
"10.0048725154412","1.379366615503","0.201344085760231","3.30454466525555","0.00487251544121113","0.644613340820965","1","0.260698607129211","0.195969040797266","0.522260558686558","10_05"
"10.0063696636063","1.41618584002428","0.17378058879217","3.30520909704636","0.00636966360632235","0.50776281102514","1","0.559556641827204","0.482757078050819","0.647309994923973","10_05"
"10.0237977738889","1.33929472312395","0.214068845201506","3.22589962917723","0.0237977738888558","0.388625326291912","1","0.663709858718816","0.542613699947404","0.72951196461165","10_05"
"10.0151136732053","1.42663653002749","0.165917933365997","3.27940638220174","0.0151136732053136","0.460023973388091","1","0.712624373967238","0.795333107866888","0.569901092253223","10_05"
"10.021284808848","1.32442892262839","0.2277699412396","3.22202129211093","0.0212848088480248","0.389618829769932","1","0.704994134297184","0.431016370421275","0.568196014970944","10_05"
"10.0031397821623","1.46066070928351","0.15090108664089","3.32202062388555","0.0031397821622899","0.768903244560471","1","0.393042658440983","0.383060768671304","0.325278303353116","10_05"
"10.0039471136606","1.46472772654015","0.138273817412239","3.34464373085021","0.00394711366057373","0.562691604893791","1","0.468223198792545","0.589266243634741","0.826245498048464","10_05"
"10.1001966537941","1.08747761046321","0.342466525752598","2.9504608255187","0.100196653794097","0.310131355326063","1","0.908207789994776","0.212142521282658","0.411274429643527","10_05"
"10.0126877304422","1.35998236113808","0.209423645093862","3.25824158352157","0.0126877304422149","0.428145797912994","1","0.741502000806354","0.423003059792416","0.317399920949102","10_05"
"10.0728001494096","1.26566355568583","0.253575521135477","3.07676624323792","0.0728001494095975","0.403152425784666","1","0.991906094830483","0.668466738192365","0.244797277031466","10_05"
"10.0033856363448","1.46078348826685","0.146097727688826","3.33738334371448","0.00338563634484479","0.618518603873655","1","0.495460451710465","0.498734795688604","0.498434490193378","10_05"
"10.003462961772","1.45844361152814","0.155084123176909","3.32679097033034","0.00346296177196272","0.8697393191956","1","0.273274210872754","0.34105475866315","0.505779122275577","10_05"
"10.0728001494096","1.26566355568583","0.253575521135477","3.07676624323792","0.0728001494095975","0.403152425784666","1","0.991906094830483","0.668466738192365","0.244797277031466","10_05"
"10.0262962837135","1.36696309830111","0.197328389119185","3.22094757909653","0.0262962837135256","0.427142225747874","1","0.731967075630503","0.710077473517791","0.617117346939441","10_05"
"10.0622888024906","1.22164957564265","0.272414505407739","3.062684864707","0.0622888024905855","0.33256580158221","1","0.725873386903137","0.444336102630924","0.749594597275653","10_05"
"10.0203257764105","1.38844518220785","0.185700077635017","3.25057845803496","0.0203257764105111","0.440021875750675","1","0.775403542098634","0.729488832278697","0.461944149554253","10_05"
"10.0176607233658","1.28970745221748","0.245609458607964","3.21915363715511","0.0176607233658244","0.363885220098087","1","0.694737440207245","0.266845403127799","0.49263243730363","10_05"
"10.0710259548828","1.27438865215107","0.24342064943523","3.07845474669765","0.0710259548827712","0.381949088385349","1","0.740440383428338","0.710326313436479","0.787481170298986","10_05"
"10.0044383185523","1.42945931582121","0.16745889118262","3.30597316546221","0.00443831855234311","0.559705526273234","1","0.498516180843017","0.422560915696337","0.59200766576816","10_05"
"10.3631259583628","0.957754109803064","0.41077465579465","2.44536345526676","0.363125958362843","0.317327856518519","1","0.930657298336735","0.485255634349097","0.702783745313782","10_05"
"10.0151937294402","1.38218288916134","0.18775334826798","3.26914269066726","0.0151937294402303","0.414653205778537","1","0.67466597285388","0.603026614734945","0.621156422510274","10_05"
"10.5549860426349","0.775956348882008","0.499700363061514","1.9640154131641","0.554986042634946","0.292967708916648","0.9958","0.946860982752892","0.330947954112327","0.777816154942313","10_05"
"10.0132258091905","1.29974971524803","0.238780070839252","3.24606347814165","0.0132258091904518","0.374154184900121","1","0.585082621797334","0.254346038513528","0.711403988279931","10_05"
"10.0042544244551","1.42742260550325","0.176005663284561","3.3121083229873","0.0042544244550749","0.611881031959577","1","0.462448754556253","0.349047219208916","0.468014544870365","10_05"
"10.0063531880556","1.38549657676683","0.193868728070959","3.29147752116979","0.00635318805559089","0.497587112543565","1","0.480690223796875","0.361667861379256","0.80949557618169","10_05"
"10.0176758182716","1.36539537359151","0.199512215622118","3.25315080984299","0.0176758182715951","0.42640756197616","1","0.758239590613625","0.561768794447051","0.425910840594833","10_05"
"10.5050018781987","0.835764242027656","0.467865541174586","2.09959025642258","0.505001878198704","0.307145766413963","0.9996","0.95","0.4","0.75","10_05"
"10.0046753106205","1.41566966939752","0.174794059172784","3.30506407842912","0.00467531062051363","0.560493471970687","1","0.508494483105437","0.380477323530423","0.519632115907463","10_05"
"10.5183389969448","0.797719384560967","0.485652103492463","2.03623897810486","0.518338996944772","0.294960871425852","0.999","0.947814285852459","0.336272714615205","0.755116607347107","10_05"
"10.0019363029581","1.50044050460751","0.123078741088099","3.34237836779431","0.00193630295813605","0.906258871652707","1","0.286069698635604","0.449071086561645","0.471137090230241","10_05"
"10.0055170111791","1.38842666842501","0.195272710987809","3.29840241804812","0.00551701117912084","0.505143705616063","1","0.490397487022896","0.321376330195649","0.647774935463575","10_05"
"10.0027393504202","1.49175551560043","0.123388483377657","3.36113144128129","0.00273935042020348","0.626174887868064","1","0.500582407854996","0.575266997784539","0.498599478275263","10_05"
"10.0067193892281","1.394835191019","0.188277123678674","3.28797832785799","0.00671938922811339","0.492446282175932","1","0.625033002517736","0.39236163263557","0.378520824538681","10_05"
"10.0094974375229","1.43348023145248","0.157817365151184","3.3034216668234","0.00949743752290718","0.451786091345922","1","0.651929335677408","0.707402470726564","0.600575081816645","10_05"
"10.0101662694995","1.35349546269691","0.212636754100275","3.26759494817625","0.0101662694994888","0.418226092750747","1","0.55998958631521","0.342033744643611","0.731445513640373","10_05"
"10.0543351723381","1.32158980964021","0.216266990409913","3.13295483305124","0.0543351723381138","0.398105539048166","1","0.726929013183405","0.798856343917493","0.782409314904818","10_05"
"10.5681992638488","0.742737933575597","0.513460410525365","1.91218350111796","0.568199263848775","0.281189119342789","0.9942","0.944675268605351","0.267220668727532","0.78293276228942","10_05"
"10.2926524383022","1.00572079691353","0.383767082491222","2.58812790791087","0.29265243830224","0.318682124098782","1","0.887836471815678","0.49827759731648","0.729917367335997","10_05"
"10.009897079908","1.31534607811768","0.228154670660971","3.25867747194609","0.00989707990802195","0.400429969654651","1","0.604915991370395","0.24198148663222","0.539474914784911","10_05"
"10.1953759382991","1.09530335644814","0.343114040289183","2.78692133624051","0.195375938299142","0.337738150870517","1","0.907125525138349","0.518290337574854","0.60642583202994","10_05"
"10.0080070004043","1.42870400084159","0.158629302097952","3.31035479611415","0.0080070004042971","0.476766848080933","1","0.695249752840787","0.646210821494281","0.40725319613923","10_05"
"10.0224803638636","1.37552950060023","0.191535655043704","3.2350949306437","0.0224803638635991","0.43032495401058","1","0.706205684904881","0.707500739032441","0.648180190699359","10_05"
"10.4616827149322","0.844593264377975","0.463074761149371","2.17500196112193","0.461682714932155","0.297725302162417","1","0.947435474179666","0.351180645903675","0.720744967833888","10_05"
"10.0137701481215","1.44765450914185","0.153678379522844","3.29437556685239","0.0137701481214913","0.463078469230975","1","0.662562237804093","0.894768048776314","0.704410374753389","10_05"
"10.5681992638488","0.742737933575597","0.513460410525365","1.91218350111796","0.568199263848775","0.281189119342789","0.9942","0.944675268605351","0.267220668727532","0.78293276228942","10_05"
"10.0277470770582","1.35797356001175","0.198580217237726","3.21455604643847","0.0277470770581519","0.411500361940201","1","0.686164034200865","0.710228045130601","0.739876061416272","10_05"
"10.0152888409003","1.3356436203232","0.224526084662946","3.23468455323397","0.0152888409002566","0.420149303646927","1","0.759105096545949","0.371303135907","0.305558625762601","10_05"
"10.0802493710601","1.2398317995535","0.267054381904011","3.04721616908019","0.0802493710600838","0.38157036643303","1","0.946368695894853","0.61046308507555","0.350356963132963","10_05"
"10.0249639150132","1.28860237473199","0.242823400178209","3.19288127677469","0.0249639150131835","0.378088751550669","1","0.727530958404436","0.372836865898631","0.532455989605661","10_05"
"10.0037246315852","1.4489777679288","0.158796404593042","3.31721046699345","0.00372463158516882","0.578092685536867","1","0.445392832016788","0.437663175290175","0.685105630856575","10_05"
"10.1063919803064","1.21259724273872","0.279950430148724","3.00079858945862","0.106391980306417","0.379105969318946","1","0.972617041507813","0.648453997933991","0.368288812337523","10_05"
"10.2229936594621","1.11574496486725","0.329691370296857","2.75579356962018","0.222993659462095","0.355296973209056","1","0.956735513193669","0.652761644610433","0.562797553134104","10_05"
"10.563435164545","0.759159573757466","0.507459147736026","1.94176813407347","0.563435164544959","0.285959971371619","0.9948","0.94470040109777","0.29556222856948","0.782317243804344","10_05"
"10.0467909044143","1.25028633729052","0.256537984558344","3.12426477889308","0.0467909044143209","0.354268479492278","1","0.715743779158488","0.462170644405178","0.721095107934823","10_05"
"10.0027066445921","1.50095720505296","0.120760126000422","3.36194673486677","0.00270664459210026","0.634200638423036","1","0.546119806790626","0.633270650901354","0.399409950012341","10_05"
"10.0090656674549","1.40500515586495","0.175121463761387","3.29943670803734","0.00906566745487497","0.451031659977462","1","0.585935811364439","0.565192749289827","0.72154428184666","10_05"
"10.2091438509162","1.0311092226803","0.374003734023301","2.70955899598007","0.20914385091618","0.301655893240651","1","0.853177682329976","0.386792785461585","0.709777358840323","10_05"
"10.0318925161354","1.3476437909986","0.20677320691407","3.20345800463808","0.0318925161354022","0.415960355895413","1","0.732345887303297","0.695169542229322","0.65148898645266","10_05"
"10.0317502982688","1.27921162884977","0.248131040063264","3.17509254977977","0.0317502982687877","0.357651544672452","1","0.703362433003797","0.392014113076125","0.653029729519663","10_05"
"10.5549860426349","0.775956348882008","0.499700363061514","1.9640154131641","0.554986042634946","0.292967708916648","0.9958","0.946860982752892","0.330947954112327","0.777816154942313","10_05"
"10.0922225323175","1.20067193095348","0.288909137463673","3.01048830224162","0.0922225323174722","0.356550168428333","1","0.923007053452493","0.513982690898412","0.411917091233359","10_05"
"10.1181580942355","1.09720244112623","0.34674981676498","2.90750801621625","0.11815809423545","0.310170218853279","1","0.859321865095909","0.277294917222244","0.559987958718023","10_05"
"10.0108879452752","1.40035159358884","0.172640807704249","3.29413939019618","0.0108879452751999","0.431880559253193","1","0.620780532921374","0.606706373837928","0.68740637558671","10_05"
"10.0065636521876","1.38159014747065","0.19797566117129","3.28967353376699","0.00656365218757933","0.482265293158442","1","0.553754765759103","0.3477276860039","0.570268088694655","10_05"
"10.0061814606189","1.38247099400038","0.197157133140512","3.29275828863494","0.00618146061886213","0.473921915921019","1","0.527382534237159","0.324277642213052","0.601040122999997","10_05"
"10.3853670737653","0.867397845766296","0.459496272226628","2.31640540855368","0.385367073765278","0.272810742670401","1","0.926653659519513","0.273574645170688","0.702794912969694","10_05"
"10.0088896943952","1.38594667574654","0.192606207249189","3.27928813202299","0.00888969439518161","0.452134262572858","1","0.591138389071245","0.442729841532247","0.644614219870307","10_05"
"10.5598979735895","0.761612503873431","0.505706765270822","1.94750821186977","0.559897973589476","0.286345559527664","0.9948","0.946835850260474","0.302606394270378","0.778431673427388","10_05"
"10.0203832894164","1.31160515112288","0.234847607572735","3.212533855581","0.0203832894163548","0.370220112469963","1","0.628262331850882","0.368406841461532","0.738627791264197","10_05"
"10.0106223200335","1.35080619566079","0.213044373407767","3.26601433957689","0.0106223200334853","0.414640923770048","1","0.533376017621107","0.351871076164356","0.825511928880587","10_05"
"10.0124677118327","1.37345226124694","0.191973826350478","3.28015672656056","0.0124677118327218","0.42233003995653","1","0.657287537189827","0.503695290458855","0.585206583938996","10_05"
"10.3043423925781","0.947658658575524","0.414375146504656","2.51648905313104","0.304342392578105","0.29640360249483","1","0.905498255619321","0.361561403420919","0.691454223594621","10_05"
"10.0107409494977","1.3878210995066","0.184554571333865","3.29132455567994","0.0107409494976829","0.42713736413885","1","0.628813115872572","0.539201937774367","0.63655049120832","10_05"
"10.3853670737653","0.867397845766295","0.459496272226628","2.31640540855368","0.385367073765278","0.272810742670401","1","0.926653659519513","0.273574645170688","0.702794912969694","10_05"
"10.1070118592005","1.15211993755562","0.313450667181167","2.95524551813896","0.107011859200454","0.3310102385458","1","0.855288970337707","0.418713402768518","0.567987213174704","10_05"
"10.563435164545","0.759159573757466","0.507459147736026","1.94176813407347","0.563435164544959","0.285959971371619","0.9948","0.94470040109777","0.29556222856948","0.782317243804344","10_05"
"10.2668038368177","1.01397439271825","0.381029040653811","2.62347092286228","0.266803836817746","0.319804337544943","1","0.944963531312743","0.459623019969478","0.59744400374234","10_05"
"10.106927337141","1.21957559981009","0.274343004051114","2.99783296893685","0.106927337141044","0.378152441100558","1","0.912918303327623","0.677483621256731","0.498084871853319","10_05"
"10.0121862377603","1.36027847845559","0.208411785012312","3.25909988332191","0.0121862377603473","0.42859710341741","1","0.711907260413643","0.418657347623417","0.386674668875783","10_05"
"10.563435164545","0.759159573757466","0.507459147736026","1.94176813407347","0.563435164544959","0.285959971371619","0.9948","0.94470040109777","0.29556222856948","0.782317243804344","10_05"
"10.0055638916008","1.4145962327763","0.17510746504059","3.30553038977951","0.00556389160084573","0.521615170562646","1","0.59515209951376","0.444723021337062","0.441773976120655","10_05"
"10.2109826233529","1.05017371690579","0.368461020488155","2.72022687514591","0.210982623352939","0.318884373321369","1","0.946080433187461","0.418060733833604","0.535845721680043","10_05"
"10.0265468541939","1.33847615127625","0.213289023485248","3.21785743375629","0.0265468541939115","0.425370325821686","1","0.794442158560943","0.583763795383157","0.435399479477922","10_05"
"10.0088411511464","1.41034755250214","0.171663064024164","3.30101806661497","0.0088411511464004","0.452519026276908","1","0.635466823729167","0.57460505541884","0.577644151422481","10_05"
"10.0131581034046","1.36796604550592","0.198223402179236","3.26789311547503","0.0131581034046112","0.421466654843724","1","0.655233738915793","0.492692042296894","0.600417165010141","10_05"
"10.1129436023538","1.12719108069446","0.321088764917615","2.9115202697611","0.11294360235379","0.304672873779774","1","0.759192109095349","0.389416016796","0.778646214530733","10_05"
"10.563435164545","0.759159573757466","0.507459147736026","1.94176813407347","0.563435164544959","0.285959971371619","0.9948","0.94470040109777","0.29556222856948","0.782317243804344","10_05"
"10.0245516475232","1.2861786031064","0.246804146687336","3.1948624447565","0.0245516475232348","0.393250481583366","1","0.801042315106294","0.360922378389755","0.334849370001868","10_05"
"10.5107999877266","0.786686910983967","0.490789800548543","2.03695202697269","0.510799987726562","0.276942677781134","0.999","0.940041453132789","0.277907046976017","0.757903950372867","10_05"
"10.0129466199464","1.33877127032923","0.222265949057739","3.25175658738695","0.0129466199463521","0.397880410218497","1","0.622268848466934","0.340813407510228","0.628016749370374","10_05"
"10.0076704600504","1.4180787801684","0.168553824141374","3.30594983849342","0.00767046005035512","0.477854371220158","1","0.604726711748191","0.562536382739447","0.618031114383874","10_05"
"10.0966136482656","1.21200953134292","0.280110694796693","3.00641624630936","0.0966136482655585","0.371380542514827","1","0.896837683530125","0.601050778946537","0.494257093557142","10_05"
"10.0452474802357","1.27331462048995","0.246576463804983","3.13921270160526","0.0452474802356736","0.374821621164058","1","0.806288824923795","0.512852585611408","0.511992958607152","10_05"
"10.0352819454665","1.29126910804243","0.23851826276352","3.17737060105743","0.0352819454664671","0.371560910285453","1","0.749888808396628","0.491772863859765","0.585328931488606","10_05"
"10.2587573345653","1.06567805499844","0.354330499114835","2.68534156401903","0.258757334565319","0.342535991468547","1","0.937823868485007","0.583819850528258","0.616712023776843","10_05"
"10.4358800577768","0.839117479460462","0.468751267354062","2.21436657436118","0.435880057776832","0.276156587457187","1","0.931312607484493","0.291229826764151","0.727208206401171","10_05"
"10.0251495817631","1.35005067429906","0.205352533335558","3.22448609917096","0.0251495817631431","0.427738095940342","1","0.765796279870527","0.628149006048142","0.503761077732304","10_05"
"10.3853670737653","0.867397845766295","0.459496272226628","2.31640540855368","0.385367073765278","0.272810742670401","1","0.926653659519513","0.273574645170688","0.702794912969694","10_05"
"10.5681992638488","0.742737933575597","0.513460410525365","1.91218350111796","0.568199263848775","0.281189119342789","0.9942","0.944675268605351","0.267220668727532","0.78293276228942","10_05"
"10.4950490634769","0.872483172563034","0.464680133792594","2.15588595394717","0.495049063476932","0.309295772106623","1","0.95","0.4","0.75","15_05"
"10.4950490634769","0.872483172563034","0.464680133792594","2.15588595394717","0.495049063476932","0.309295772106623","1","0.95","0.4","0.75","15_05"
"10.0024027162627","1.50767105958406","0.13941047279419","3.341806007889","0.00240271626267099","0.867108333250798","1","0.2655086631421","0.380035179434344","0.79423986072652","15_05"
"10.000570483866","1.68313911535644","0.051972590898409","3.41269473083878","0.000570483866004685","0.818669030202787","1","0.37212389963679","0.777445221319795","0.107943625887856","15_05"
"10.0042283422298","1.56147730880451","0.1144775100788","3.37182247876964","0.0042283422297903","0.526253406741503","1","0.572853363351896","0.934705231105909","0.723710946040228","15_05"
"10.0973648682331","1.12898017998345","0.345679996044747","2.96594464004563","0.0973648682330995","0.314169732744015","1","0.908207789994776","0.212142521282658","0.411274429643527","15_05"
"10.000732434977","1.64276537998871","0.0536664968526462","3.41528329718894","0.000732434976991954","0.896934235514673","1","0.201681931037456","0.651673766085878","0.820946294115856","15_05"
"10.2614008852407","0.931991804800221","0.436373348614277","2.55797183927358","0.261400885240658","0.280631225883762","1","0.898389684967697","0.125555095961317","0.647060193819925","15_05"
"10.5600147001113","0.77555583851604","0.511683741071541","1.97187473792467","0.560014700111289","0.286808913761857","0.9956","0.944675268605351","0.267220668727532","0.78293276228942","15_05"
"10.0129766071037","1.3749140694546","0.215861045989366","3.26918532286154","0.0129766071037432","0.41894253669795","1","0.660797792486846","0.386114092543721","0.553036311641335","15_05"
"10.0141677983769","1.24442412840319","0.276331743358609","3.21193637388913","0.0141677983768786","0.318768394501923","1","0.62911404389888","0.0133903331588954","0.529719580197707","15_05"
"10.0006234404954","1.55881315693346","0.109877715937224","3.36591562178958","0.000623440495386616","1.1738960082542","1","0.0617862704675645","0.382387957070023","0.789356231689453","15_05"
"10.0002361182322","1.74619764087708","0.0219500592555194","3.43971417461944","0.000236118232218755","0.775256795466444","1","0.205974574899301","0.86969084572047","0.023331202333793","15_05"
"10.0025053575557","1.51346082872359","0.136146765003951","3.35282508340786","0.00250535755568422","1.06040040491107","1","0.176556752528995","0.34034899668768","0.477230065036565","15_05"
"10.0326396905096","1.32767725713488","0.235280916215379","3.20734671389361","0.0326396905095699","0.382701713173982","1","0.687022846657783","0.482080115471035","0.7323137386702","15_05"
"10.0017207300213","1.56807181538259","0.0995591382273717","3.39029657865024","0.00172073002126201","0.70719351109889","1","0.384103718213737","0.599565825425088","0.692731556482613","15_05"
"10.0256523297084","1.35424389547987","0.222780991385272","3.23171236996544","0.0256523297083529","0.416473665510462","1","0.769841419998556","0.493541307048872","0.477619622135535","15_05"
"10.0101394297294","1.32776181386697","0.238318421903301","3.26641687848264","0.0101394297294419","0.397071197400857","1","0.497699242085218","0.186217601411045","0.8612094768323","15_05"
"10.0078614706668","1.51965437618163","0.139463674233364","3.33889117244542","0.00786147066679051","0.479692411645257","1","0.717618508264422","0.827373318606988","0.438097107224166","15_05"
"10.0689510543183","1.31301916147228","0.246288873234343","3.10292803357769","0.0689510543183197","0.41116132816371","1","0.991906094830483","0.668466738192365","0.244797277031466","15_05"
"10.0051569004626","1.39441018631699","0.210485777601072","3.31759423853735","0.00515690046257074","0.54828951402868","1","0.1","0.1","0.1","15_05"
"10.004380744097","1.43904830812522","0.182224489855325","3.33412620801903","0.00438074409696374","0.881616321061934","1","0.2","0.2","0.2","15_05"
"10.0036076783032","1.47197411894197","0.161333626048495","3.333035965598","0.00360767830323534","0.906849706040301","1","0.3","0.3","0.3","15_05"
"10.0027008809308","1.50140236914056","0.143191727985159","3.34457392843337","0.00270088093076534","0.771949987735683","1","0.4","0.4","0.4","15_05"
"10.0029572251655","1.50720651659705","0.137833147741808","3.36607250669146","0.00295722516547067","0.626910337352069","1","0.5","0.5","0.5","15_05"
"10.0057965618832","1.48059146811832","0.150073240732794","3.34363702902675","0.00579656188322919","0.512888290621045","1","0.6","0.6","0.6","15_05"
"10.0252854924133","1.39960668789377","0.192396746390595","3.24572402218173","0.0252854924132972","0.424428036662166","1","0.7","0.7","0.7","15_05"
"10.1383264376748","1.27066297796707","0.264444313848221","2.97671727674629","0.138326437674811","0.379978036289604","1","0.8","0.8","0.8","15_05"
"10.4650389845345","1.09028180562977","0.352375256121057","2.39320383986052","0.465038984534453","0.386062460393447","0.9988","0.9","0.9","0.9","15_05"
"5.77944224683866","0.888832419346027","0.442159590950721","1.72072477797001","0.779442246838655","0.379964482234212","0.9138","1","1","1","15_05"
"10.1691904011354","1.12234819946406","0.342806654538229","2.83954443526358","0.169190401135405","0.317775788805117","1","0.815465206145402","0.424640373012409","0.749527478006008","15_05"
"10.0044363232789","1.43899767255072","0.179156458221037","3.33138045327291","0.00443632327891241","0.864268818663876","1","0.299448271301311","0.237725083980413","0.373364962770335","15_05"
"10.2532413248102","0.955056167399886","0.432149063203934","2.57413748996735","0.253241324810243","0.267498208397655","1","0.87009659628475","0.169368050330365","0.702313411564937","15_05"
"10.4950490634769","0.872483172563034","0.464680133792594","2.15588595394717","0.495049063476932","0.309295772106623","1","0.95","0.4","0.75","15_05"
"10.1383264376748","1.27066297796707","0.264444313848221","2.97671727674629","0.138326437674811","0.379978036289604","1","0.8","0.8","0.8","15_05"
"10.0024027162627","1.50767105958406","0.13941047279419","3.341806007889","0.00240271626267099","0.867108333250798","1","0.2655086631421","0.380035179434344","0.79423986072652","15_05"
"10.0078614706668","1.51965437618163","0.139463674233364","3.33889117244542","0.00786147066679051","0.479692411645257","1","0.717618508264422","0.827373318606988","0.438097107224166","15_05"
"10.0043116906065","1.45605452976916","0.169524724124968","3.33850849030997","0.0043116906065138","0.931671007385851","1","0.105192480657639","0.21251976862713","0.851752574184709","15_05"
"10.4950490634769","0.872483172563034","0.464680133792594","2.15588595394717","0.495049063476932","0.309295772106623","1","0.95","0.4","0.75","15_05"
"10.1617294645509","1.13968442983433","0.333240910978971","2.86418563631507","0.161729464550947","0.326420841602998","1","0.82155764051238","0.457439742458627","0.732786260664192","15_05"
"10.0058972880481","1.40928093968926","0.197547114092945","3.30305973311951","0.00589728804812846","0.512461129148983","1","0.567755134045864","0.303053323872417","0.442984775189429","15_05"
"10.0689510543183","1.31301916147228","0.246288873234343","3.10292803357769","0.0689510543183197","0.41116132816371","1","0.991906094830483","0.668466738192365","0.244797277031466","15_05"
"10.0405933730957","1.32289258950324","0.233344798877995","3.17147275263768","0.0405933730956936","0.382221439809853","1","0.70993908053442","0.563379473718791","0.738001129319664","15_05"
"10.0057544612563","1.50849643207931","0.139295944354577","3.34990444923112","0.0057544612563415","0.516922166663478","1","0.615285952982384","0.699028142410798","0.593743642765096","15_05"
"10.0055906361171","1.36911689307339","0.22050589456305","3.30918585934532","0.00559063611705304","0.578921331653022","1","0.329283476845717","0.138201499365059","0.776310762984518","15_05"
"10.0042343823225","1.45784205733631","0.166463134313788","3.32310985376744","0.0042343823225051","0.608268658426109","1","0.595621623865463","0.403100754730221","0.234661261551082","15_05"
"10.1115434700116","1.27549007858749","0.262733624614104","3.0180835335762","0.111543470011596","0.372584016087749","1","0.777083766123363","0.718700641752245","0.794312609350536","15_05"
"10.0020631936499","1.55559522749937","0.106475963775883","3.38461935671593","0.00206319364987831","0.664055421863597","1","0.521487840678452","0.640352596091914","0.368499788791741","15_05"
"10.5600147001113","0.77555583851604","0.511683741071541","1.97187473792467","0.560014700111289","0.286808913761857","0.9956","0.944675268605351","0.267220668727532","0.78293276228942","15_05"
"10.1394037290405","1.13312754391234","0.34016862985414","2.88135204736334","0.139403729040545","0.318842203454693","1","0.83461487126408","0.367388776030603","0.664989291561928","15_05"
"10.0080200139397","1.49570309116019","0.146743348584401","3.33277050792264","0.00802001393969585","0.481760230766318","1","0.702332555282039","0.72834517619619","0.444353464459071","15_05"
"10.0050029229102","1.54608534613426","0.122084014590149","3.36566641340249","0.00500292291021811","0.504399887046025","1","0.601146452034843","0.890892276736861","0.668457728295216","15_05"
"10.0034765582362","1.482071690778","0.148640036428797","3.35447972906227","0.00347655823619472","0.607557063749316","1","0.49140122279232","0.478979360740815","0.610719931747855","15_05"
"10.0063196273587","1.43574717645247","0.175697365020068","3.31458621389893","0.0063196273587349","0.521146816810953","1","0.587574575356471","0.444355031490622","0.558948775899865","15_05"
"10.0113496150385","1.48165521766741","0.157110018683579","3.31149557760707","0.0113496150384576","0.465399145434769","1","0.732421590947473","0.743399311184631","0.457987017215147","15_05"
"10.0216713053382","1.35076584153905","0.224078740272865","3.23165837473191","0.0216713053382276","0.410912980936398","1","0.755038337315506","0.431016370421275","0.457729712144555","15_05"
"10.0026901505708","1.49950197374015","0.145570993496299","3.33796492922501","0.00269015057082066","0.791718610212711","1","0.393042658440983","0.383060768671304","0.325278303353116","15_05"
"10.0050025062844","1.42762516799158","0.18248007407124","3.31087820224708","0.00500250628437829","0.549551268004386","1","0.454293031895144","0.356085789853938","0.798813134337045","15_05"
"10.0973648682331","1.12898017998345","0.345679996044747","2.96594464004563","0.0973648682330995","0.314169732744015","1","0.908207789994776","0.212142521282658","0.411274429643527","15_05"
"10.0072133582326","1.40908700916774","0.194566573789085","3.29489342955132","0.00721335823259835","0.499892786525995","1","0.646975006681027","0.368463138788131","0.35352755327629","15_05"
"10.0973648682331","1.12898017998345","0.345679996044747","2.96594464004563","0.0973648682330995","0.314169732744015","1","0.908207789994776","0.212142521282658","0.411274429643527","15_05"
"10.0038754965328","1.46360867010276","0.16623441575685","3.32393279417606","0.00387549653281131","0.62303871993572","1","0.417280441750815","0.375676756832262","0.746523658697585","15_05"
"10.0022813321767","1.57643576411283","0.106530556136378","3.38095175087775","0.00228133217667968","0.604119016257303","1","0.523534490708131","0.767215505541587","0.61483384143924","15_05"
"10.0973648682331","1.12898017998345","0.345679996044747","2.96594464004563","0.0973648682330995","0.314169732744015","1","0.908207789994776","0.212142521282658","0.411274429643527","15_05"
"10.0212450163093","1.41661401718519","0.187995654051029","3.26188498571706","0.0212450163092732","0.430385835110764","1","0.75015110397713","0.669343469345181","0.534543613473009","15_05"
"10.136612346141","1.14076977561358","0.330009115135172","2.88996714132097","0.136612346141006","0.316132321569626","1","0.797371282344326","0.409642446572409","0.744216762676545","15_05"
"10.0213761515182","1.33279384987843","0.237723906083004","3.22911234521949","0.0213761515182351","0.396249916974749","1","0.777590949095984","0.369883261378443","0.372286123442366","15_05"
"10.0046322295606","1.4805899809312","0.148533250652769","3.35165865653327","0.00463222956055176","0.557295553603444","1","0.565997232887909","0.540650648445316","0.57648489678664","15_05"
"10.0441228498183","1.23749465035061","0.286795258085169","3.12937887741443","0.0441228498182641","0.331189832002429","1","0.72016924734611","0.269826719106299","0.668780934207842","15_05"
"10.002684950306","1.57631768896016","0.108897504058932","3.37766753905923","0.00268495030600613","0.57966264296743","1","0.617497419769379","0.825448855319172","0.39801665031214","15_05"
"10.3246425515397","1.01157163202304","0.393860446976334","2.55661726069342","0.324642551539727","0.329625913952458","1","0.932270486970343","0.47405584183945","0.673443403742138","15_05"
"10.0317054569421","1.29458653953017","0.25047373996335","3.19083831177502","0.0317054569420625","0.36342235204826","1","0.682843092655364","0.371747198632685","0.712705493590863","15_05"
"10.5480512724977","0.810968536280326","0.494752625161293","2.01606746094494","0.548051272497731","0.293093282522332","0.9972","0.946860982752892","0.330947954112327","0.777816154942313","15_05"
"10.0092792923438","1.34635521634055","0.227062199303468","3.28006600754843","0.00927929234377157","0.419344767966435","1","0.525337296215407","0.224317707147184","0.761708096928719","15_05"
"10.0044500147688","1.42619695124975","0.184302413671153","3.32158550752489","0.00445001476883201","0.652041558720703","1","0.458207738029249","0.275317195925949","0.359552351734564","15_05"
"10.0032737818196","1.4847836561274","0.149319306339823","3.34683551988388","0.00327378181962692","0.612099485840661","1","0.401412824954613","0.445641803938573","0.822830737920182","15_05"
"10.0252487182894","1.28312813456026","0.260394392982939","3.19647522609541","0.0252487182893582","0.36810998276349","1","0.755192338788292","0.266017589112107","0.444623143229344","15_05"
"10.4950490634769","0.872483172563034","0.464680133792594","2.15588595394717","0.495049063476932","0.309295772106623","1","0.95","0.4","0.75","15_05"
"10.0038722922725","1.51320315122567","0.13264144945054","3.36248649109299","0.00387229227248081","0.570974793504409","1","0.621608929173495","0.64227705937973","0.408580245703768","15_05"
"10.5095042924763","0.837676529385092","0.48180400429126","2.0819717713356","0.509504292476285","0.296546148588929","0.9994","0.947814285852459","0.336272714615205","0.755116607347107","15_05"
"10.003144484466","1.48821404240881","0.151478150699279","3.33939974528878","0.00314448446596228","0.89085794485811","1","0.318730117419343","0.330845039336656","0.336975258612284","15_05"
"10.0124574362206","1.37321257822527","0.21650342718331","3.26387301638994","0.0124574362206174","0.425056647570034","1","0.606509489175436","0.364354831085354","0.681129638621496","15_05"
"10.0042014653484","1.45772712719965","0.172765519921233","3.32308152130289","0.00420146534835438","0.637438870728151","1","0.48821553995309","0.330871026842596","0.367340164312061","15_05"
"10.0050294151151","1.42678322559306","0.187500591022446","3.31249827482453","0.00502941511512174","0.57070898539148","1","0.576339777747431","0.309980799373977","0.271050965709133","15_05"
"10.0058301095044","1.38156957503094","0.204222175935962","3.30455940441822","0.00583010950440877","0.510566034340342","1","0.443729100763687","0.235763556289363","0.772519120338604","15_05"
"10.002681460717","1.5652159374204","0.110585561973703","3.3770819655837","0.00268146071703393","0.594630954837899","1","0.599099802005163","0.764029367287188","0.422123675647716","15_05"
"10.0321320200717","1.32170027778713","0.237693532176329","3.2054423631662","0.0321320200717454","0.383442668311441","1","0.690941698097423","0.456019619868315","0.714027690498116","15_05"
"10.5600147001113","0.77555583851604","0.511683741071541","1.97187473792467","0.560014700111289","0.286808913761857","0.9956","0.944675268605351","0.267220668727532","0.78293276228942","15_05"
"10.104886013608","1.19230275961179","0.309519838877832","2.98990935951855","0.104886013608004","0.352416644160902","1","0.907667054971179","0.421373923848866","0.46351294946801","15_05"
"10.0458554511924","1.25439319363485","0.268896750029338","3.12915196039941","0.0458554511924494","0.333308195237136","1","0.682398413983787","0.359119734799186","0.782672787277477","15_05"
"10.1120835224446","1.16687068462874","0.321072306049991","2.96180192987134","0.112083522444607","0.326702825026491","1","0.817914561393814","0.386418199211325","0.659463398104862","15_05"
"10.0160066475708","1.36779164695603","0.21410850585881","3.25890606969888","0.0160066475707813","0.410012148449525","1","0.624011476760217","0.423064815875235","0.72502184678547","15_05"
"10.0190694114234","1.32521523809604","0.239522117060573","3.23260169485881","0.0190694114234382","0.401344183506881","1","0.779846397405256","0.306692523364681","0.306765978113016","15_05"
"10.4911974358425","0.854078076075698","0.477204125111124","2.12989723322739","0.491197435842465","0.29994137323424","0.9998","0.947363474676525","0.341048412604608","0.744882542079292","15_05"
"10.0133125639076","1.48557776716041","0.151664836088418","3.3111200444246","0.0133125639076442","0.477656598220961","1","0.679546776721736","0.894768048776314","0.674893786983492","15_05"
"10.5600147001113","0.77555583851604","0.511683741071541","1.97187473792467","0.560014700111289","0.286808913761857","0.9956","0.944675268605351","0.267220668727532","0.78293276228942","15_05"
"10.0138622241423","1.31234080882377","0.243260445551443","3.25080902195438","0.0138622241422654","0.385184906168341","1","0.704701170336951","0.215430797291955","0.375559417239643","15_05"
"10.0153368450176","1.37467953765153","0.207661247727966","3.26859463260376","0.0153368450175643","0.416672840725252","1","0.685068403165575","0.443950911912204","0.561321840602721","15_05"
"10.0572706055723","1.29683338783819","0.249699324838887","3.13215711520204","0.0572706055722973","0.390343072662974","1","0.879558705620435","0.555614005594773","0.415786774284463","15_05"
"10.0280802203186","1.33343988043765","0.234436742876854","3.21584810084208","0.0280802203185896","0.406668790782569","1","0.786959457439214","0.44636800758921","0.445347863382645","15_05"
"10.0050439061502","1.41561321822177","0.19414670358183","3.31204457134538","0.00504390615024648","0.585241982289946","1","0.471393120746634","0.273769065339504","0.581018641551337","15_05"
"10.114920286006","1.11971092879978","0.351401589158594","2.91979535710954","0.114920286005965","0.305309746127594","1","0.887664510945289","0.235366768643742","0.49602779421521","15_05"
"10.1749400457014","1.11925765957627","0.345877167260489","2.83286769636529","0.174940045701397","0.327072564017659","1","0.870392330964382","0.420291340391821","0.64751664646465","15_05"
"10.5576251762545","0.79214481934945","0.503035626424605","1.9845196568034","0.557625176254473","0.285102570524609","0.9962","0.94470040109777","0.29556222856948","0.782317243804344","15_05"
"10.0689237814209","1.32276258782737","0.237982663451753","3.10936359622436","0.0689237814208907","0.396240817159389","1","0.778352248182624","0.715353562345168","0.707785394276601","15_05"
"10.0062886869932","1.43093479066309","0.180387968235862","3.31070206614638","0.00628868699321205","0.527966127408001","1","0.627748886379504","0.420557882975073","0.399409950012341","15_05"
"10.0156930709299","1.45503486582899","0.169451133558116","3.29254468698324","0.0156930709299075","0.452477719138732","1","0.665518438399931","0.747781894710756","0.705032907421316","15_05"
"10.1837380337901","1.11215573625413","0.347581594232464","2.82221065238574","0.183738033790145","0.325412060088443","1","0.859233199424043","0.427277906926864","0.679679255380142","15_05"
"10.0341389886902","1.31092433547999","0.239890557306886","3.19308077097233","0.0341389886902304","0.376140144624879","1","0.691392509273357","0.451243921878913","0.72426175576593","15_05"
"10.0893612729149","1.26629701421965","0.267100168916835","3.04364857863641","0.0893612729148748","0.370944956103083","1","0.790369444397866","0.610338262768242","0.712897923513284","15_05"
"10.5480512724977","0.810968536280326","0.494752625161293","2.01606746094494","0.548051272497731","0.293093282522332","0.9972","0.946860982752892","0.330947954112327","0.777816154942313","15_05"
"10.080608901248","1.21673400295442","0.295042540413411","3.0492448109826","0.0806089012479562","0.348973745749757","1","0.834646006351124","0.410725030029455","0.560213065679905","15_05"
"10.1042706603666","1.14697439140113","0.33460620651862","2.96854110581475","0.104270660366587","0.321615627927856","1","0.878256632210584","0.283468141303964","0.50002353051582","15_05"
"10.0066260623894","1.43351983174989","0.175742124090135","3.3143373780933","0.00662606238943681","0.505090636096715","1","0.552221816310524","0.453468877724218","0.699378738278897","15_05"
"10.005656840972","1.41694066126998","0.190450058454573","3.30959245344475","0.00565684097196574","0.543695153209952","1","0.567506244018819","0.326902693103451","0.424737551268789","15_05"
"10.024873266348","1.33918258000282","0.232016198265701","3.22443843354919","0.0248732663479892","0.388638422474261","1","0.677840314915617","0.424097911500877","0.684868680215376","15_05"
"10.3520913184727","0.916089618644253","0.446081344778039","2.41423165247092","0.352091318472727","0.279039367174642","1","0.915748709029227","0.268599885991236","0.702794912969694","15_05"
"10.0068062739288","1.39635103437051","0.201258790443425","3.29414193861264","0.0068062739288496","0.47787594592468","1","0.539112712792791","0.311499477868282","0.638814255436462","15_05"
"10.555510726598","0.793872998849699","0.501086901581283","1.98718638422241","0.555510726598033","0.285835352243804","0.9964","0.946835850260474","0.302606394270378","0.778431673427388","15_05"
"10.0052184210474","1.42703736361559","0.183243150939581","3.30931570249237","0.00521842104736337","0.540413832306126","1","0.47798039173446","0.367163670298127","0.751216444761324","15_05"
"10.0139877029857","1.37042406233001","0.217183745515261","3.26427408345945","0.0139877029857267","0.401201642320919","1","0.570863340102997","0.387031660510713","0.825511928880587","15_05"
"10.0093393306392","1.40686777338598","0.19096312188306","3.29193515743175","0.00933933063921691","0.47568559942233","1","0.664644341232572","0.43433293020179","0.459158084905213","15_05"
"10.2862317195761","1.07042604827312","0.367761708067144","2.64931688779477","0.286231719576132","0.33955356683584","1","0.884602506239091","0.550873421894752","0.742071212951817","15_05"
"10.0169273731751","1.36672706949088","0.211828829959813","3.25417570986467","0.0169273731750598","0.412325244411559","1","0.654497054420289","0.437468874652196","0.664513620873058","15_05"
"10.3520913184727","0.916089618644253","0.446081344778039","2.41423165247092","0.352091318472727","0.279039367174642","1","0.915748709029227","0.268599885991236","0.702794912969694","15_05"
"10.0624575101636","1.26190521906088","0.267873670831154","3.10112085131229","0.0624575101636279","0.355842986104301","1","0.745759387981618","0.483523953855354","0.719632362583355","15_05"
"10.5576251762545","0.79214481934945","0.503035626424605","1.9845196568034","0.557625176254473","0.285102570524609","0.9962","0.94470040109777","0.29556222856948","0.782317243804344","15_05"
"10.3821491384081","0.998292396161223","0.405092573263879","2.4515423681787","0.382149138408067","0.330804488667812","1","0.916363026050962","0.518418709221072","0.750709526435819","15_05"
"10.0907133512617","1.20896151104516","0.296470560348905","3.02194155943741","0.0907133512616562","0.336835937426074","1","0.81225640336715","0.44278395385256","0.64069128798107","15_05"
"10.0317681329488","1.32995256223447","0.234125863007894","3.21183639035945","0.0317681329487571","0.387906719577298","1","0.694450273924131","0.483456181944673","0.709762392919146","15_05"
"10.5576251762545","0.79214481934945","0.503035626424605","1.9845196568034","0.557625176254473","0.285102570524609","0.9962","0.94470040109777","0.29556222856948","0.782317243804344","15_05"
"10.0164384893137","1.46194018980198","0.165531968464527","3.28783301413388","0.0164384893136955","0.4512868261645","1","0.678800170832046","0.803440918435719","0.695163791047043","15_05"
"10.1421227059913","1.16086646090848","0.323220558571169","2.89385508587721","0.142122705991282","0.329007754605843","1","0.806664490737013","0.464155521851628","0.740008630130202","15_05"
"10.0370821003254","1.36750211105416","0.212266576350579","3.19985625905889","0.0370821003254299","0.406650001799675","1","0.723985369474363","0.683073530368726","0.712414787459176","15_05"
"10.0158483486474","1.4636405909938","0.164947421400996","3.29284631963266","0.0158483486473976","0.450812963611949","1","0.700860652869696","0.794129054322604","0.630434911583565","15_05"
"10.0132908618632","1.3678890124149","0.218244826564712","3.26176753138379","0.0132908618631775","0.424463078997333","1","0.728992613377454","0.374677797123615","0.363560189742829","15_05"
"10.1845230840607","1.05446597779013","0.383259078631936","2.75020656424066","0.18452308406075","0.297270053187566","1","0.807253298420853","0.271391314554948","0.76658437867908","15_05"
"10.5576251762545","0.79214481934945","0.503035626424605","1.9845196568034","0.557625176254473","0.285102570524609","0.9962","0.94470040109777","0.29556222856948","0.782317243804344","15_05"
"10.0449575000769","1.30654325372029","0.240772436583116","3.15934238590141","0.044957500076868","0.376932179708151","1","0.728279406837365","0.537956885420612","0.707844236548791","15_05"
"10.4964890668854","0.825625735623208","0.488268817243557","2.09555443157996","0.496489066885425","0.284749802540073","0.9996","0.937226230413795","0.273912507189448","0.757903950372867","15_05"
"10.0080886965444","1.40024441070815","0.2001315839611","3.28900530970451","0.00808869654439447","0.494031887268165","1","0.620654380676039","0.362935848467973","0.483613883335775","15_05"
"10.0089177468936","1.39207863881836","0.205209593694923","3.2812019289418","0.00891774689357579","0.473549076018516","1","0.678602670407306","0.352572609216139","0.342615738382529","15_05"
"10.0729510380487","1.25601455648687","0.27039967292522","3.08048681425033","0.0729510380486885","0.363399932104861","1","0.813332130203164","0.511364024483164","0.604671941079832","15_05"
"10.0800347661137","1.16281917179226","0.325771494431074","3.01567730875351","0.0800347661137127","0.317600769787211","1","0.842148273013868","0.239601711306487","0.511992958607152","15_05"
"10.0127682118724","1.48552374427499","0.154226524349269","3.31219240740497","0.0127682118723506","0.470684410218448","1","0.666265044289621","0.83910902505135","0.684762903357764","15_05"
"10.07394658549","1.30964729129483","0.246719187447198","3.09356830357737","0.0739465854899862","0.386716617731975","1","0.77529448353185","0.683141302279408","0.722284757123385","15_05"
"10.4066047806606","0.889448841495294","0.457840837831973","2.28513740113523","0.406604780660645","0.281902720474475","1","0.923222879713201","0.290249607371268","0.727208206401171","15_05"
"10.0312718989734","1.31943108283445","0.243465090661031","3.20222073240353","0.0312718989734195","0.37918944683421","1","0.71378211225733","0.419184998055807","0.643783533464765","15_05"
"10.3520913184727","0.916089618644253","0.446081344778039","2.41423165247092","0.352091318472727","0.279039367174642","1","0.915748709029227","0.268599885991236","0.702794912969694","15_05"
"10.5600147001113","0.77555583851604","0.511683741071541","1.97187473792467","0.560014700111289","0.286808913761857","0.9956","0.944675268605351","0.267220668727532","0.78293276228942","15_05"
"10.6379895892234","1.19337192974609","0.774326227193111","1.89222082482563","0.637989589223446","0.232378624445747","1","0.95","0.4","0.75","05_10"
"10.6379895892234","1.19337192974609","0.774326227193111","1.89222082482563","0.637989589223446","0.232378624445747","1","0.95","0.4","0.75","05_10"
"10.0097048851222","1.97271141948361","0.344540278559098","3.45061145023719","0.00970488512218809","0.181746701285074","1","0.2655086631421","0.380035179434344","0.79423986072652","05_10"
"10.0091501193769","2.03916320633563","0.330406606844667","3.45796720091178","0.00915011937691986","0.222881806333977","1","0.37212389963679","0.777445221319795","0.107943625887856","05_10"
"10.0158905039691","1.97132574327502","0.351541398412528","3.42523210102689","0.0158905039691002","0.253275427124384","1","0.572853363351896","0.934705231105909","0.723710946040228","05_10"
"10.1173530440452","1.68362851527944","0.510781153571752","3.07166692475878","0.11735304404519","0.24890549571418","1","0.908207789994776","0.212142521282658","0.411274429643527","05_10"
"10.0094669756508","2.02720428271276","0.337114636576142","3.455643413183","0.00946697565080959","0.207750084026869","1","0.201681931037456","0.651673766085878","0.820946294115856","05_10"
"10.2944492807637","1.47273899856785","0.628390875912126","2.66092673510616","0.29444928076371","0.236365379468473","1","0.898389684967697","0.125555095961317","0.647060193819925","05_10"
"10.6925943260334","1.15023833084314","0.80515437104486","1.7588663557383","0.69259432603343","0.227326277725449","0.998","0.944675268605351","0.267220668727532","0.78293276228942","05_10"
"10.0212114378664","1.90620437143254","0.380976896344894","3.38990731173942","0.0212114378664216","0.230354832312678","1","0.660797792486846","0.386114092543721","0.553036311641335","05_10"
"10.0167368371895","1.92399313749793","0.37084529742543","3.40703375403783","0.0167368371895439","0.216758041321717","1","0.62911404389888","0.0133903331588954","0.529719580197707","05_10"
"10.0097048851222","1.97465792230962","0.344206157571547","3.45145360071906","0.00970488512218809","0.180913860835672","1","0.0617862704675645","0.382387957070023","0.789356231689453","05_10"
"10.0088256787521","2.06211430471563","0.324249825341818","3.46427377293135","0.00882567875211855","0.233902791991631","1","0.205974574899301","0.86969084572047","0.023331202333793","05_10"
"10.0097048851222","1.97251959496177","0.344455899148988","3.45061145023719","0.00970488512218809","0.179392560143547","1","0.176556752528995","0.34034899668768","0.477230065036565","05_10"
"10.0496095871426","1.81530198770509","0.432578837260955","3.2812576310627","0.0496095871426455","0.224064395256991","1","0.687022846657783","0.482080115471035","0.7323137386702","05_10"
"10.0095880525172","1.99038331825943","0.339575783739181","3.45330563047187","0.00958805251716538","0.203240898274183","1","0.384103718213737","0.599565825425088","0.692731556482613","05_10"
"10.0414287348638","1.84064674164305","0.419937316597387","3.30415111179903","0.0414287348638437","0.240284497577357","1","0.769841419998556","0.493541307048872","0.477619622135535","05_10"
"10.0142599008366","1.93810835173604","0.361229037004868","3.41892618543933","0.01425990083658","0.204587738639908","1","0.497699242085218","0.186217601411045","0.8612094768323","05_10"
"10.0227888442016","1.93787653695912","0.374848504141242","3.38810509010114","0.0227888442016402","0.258090154031128","1","0.717618508264422","0.827373318606988","0.438097107224166","05_10"
"10.1215104409504","1.69422982382214","0.515497945988156","3.08906671212587","0.121510440950431","0.275294102473639","1","0.991906094830483","0.668466738192365","0.244797277031466","05_10"
"10.0097808170377","1.97141812035599","0.346246260362019","3.44926923773792","0.00978081703768941","0.177671640054428","1","0.1","0.1","0.1","05_10"
"10.0097764930519","1.97251959496177","0.346246260362019","3.44926923773792","0.0097764930518623","0.177857114796023","1","0.2","0.2","0.2","05_10"
"10.0097206681511","1.97251959496177","0.345715469913094","3.45002042315295","0.00972066815106125","0.178854736276317","1","0.3","0.3","0.3","05_10"
"10.0096896065949","1.97271141948361","0.343987255700886","3.45031601295705","0.00968960659487147","0.184915088308517","1","0.4","0.4","0.4","05_10"
"10.0103022228638","1.97706196799669","0.345364628036036","3.44894369662162","0.0103022228638149","0.203305113842138","1","0.5","0.5","0.5","05_10"
"10.0155228792386","1.94943477414873","0.360135263134146","3.41992041378619","0.0155228792385629","0.227109147370684","1","0.6","0.6","0.6","05_10"
"10.0480448873692","1.82752449517673","0.427025086425679","3.2910930414016","0.0480448873691974","0.238981677719384","1","0.7","0.7","0.7","05_10"
"10.2354358453471","1.56184638594273","0.582177664023274","2.82776588408111","0.23543584534713","0.233087824451985","1","0.8","0.8","0.8","05_10"
"10.7489401019022","1.1327892476135","0.827079758112357","1.63203055166383","0.748940101902156","0.235701475219998","0.995","0.9","0.9","0.9","05_10"
"0.419351197880257","0.671491125906231","1.09067987478221","0.817981440369839","0.419351197880257","0.321263016997353","0.696","1","1","1","05_10"
"10.2501302062053","1.51536245649542","0.599572922819453","2.75984239024833","0.250130206205313","0.223894812874646","1","0.81286451990603","0.331721271371882","0.78158037913006","05_10"
"10.0116003714839","1.96634915712494","0.349594072143104","3.44140300134503","0.0116003714839418","0.207906686563691","1","0.538189376374443","0.497603414378764","0.575660385464049","05_10"
"10.0341086385996","1.85814960922897","0.410043505067099","3.31929389149204","0.0341086385995627","0.243228562124094","1","0.828999854523522","0.124171367275355","0.252715257427316","05_10"
"10.6925943260334","1.15023833084314","0.80515437104486","1.7588663557383","0.69259432603343","0.227326277725449","0.998","0.944675268605351","0.267220668727532","0.78293276228942","05_10"
"10.1215104409504","1.69422982382214","0.515497945988156","3.08906671212587","0.121510440950431","0.275294102473639","1","0.991906094830483","0.668466738192365","0.244797277031466","05_10"
"10.0097048851222","1.97465792230962","0.344206157571547","3.45145360071906","0.00970488512218809","0.180913860835672","1","0.0617862704675645","0.382387957070023","0.789356231689453","05_10"
"10.0155228792386","1.94943477414873","0.360135263134146","3.41992041378619","0.0155228792385629","0.227109147370684","1","0.6","0.6","0.6","05_10"
"10.0097808170377","1.97141812035599","0.346246260362019","3.44812364329061","0.00978081703768941","0.177671640054428","1","0.244243656291927","0.098970223798881","0.568049132000507","05_10"
"10.6925943260334","1.15023833084314","0.80515437104486","1.7588663557383","0.69259432603343","0.227326277725449","0.998","0.944675268605351","0.267220668727532","0.78293276228942","05_10"
"10.2090715851417","1.56161531274493","0.57226196969051","2.85464302145057","0.209071585141714","0.230332908199663","1","0.818833595357104","0.417579512826685","0.73366612182956","05_10"
"10.0104133924419","1.96000077694806","0.349608892379134","3.44326115651365","0.0104133924418992","0.192809306213911","1","0.518453967118705","0.193383431982396","0.38631665844445","05_10"
"10.1173530440452","1.68362851527944","0.510781153571752","3.07166692475878","0.11735304404519","0.24890549571418","1","0.908207789994776","0.212142521282658","0.411274429643527","05_10"
"10.0654350135173","1.77739051573359","0.450773455269937","3.22666375789086","0.0654350135173137","0.229715218048467","1","0.70993908053442","0.563379473718791","0.738001129319664","05_10"
"10.0148624750404","1.96611470850699","0.350612557719661","3.42568568152536","0.0148624750404097","0.238195007493979","1","0.596471965020166","0.745774524005986","0.604780519106396","05_10"
"10.0090952111059","2.04820373343247","0.330122517715491","3.45853357723704","0.00909521110590208","0.224496962388249","1","0.136175360123909","0.77924674383521","0.790652831732067","05_10"
"10.0102431858106","1.97251959496177","0.346524470765717","3.44814222295004","0.0102431858106012","0.199069899508335","1","0.552793421208681","0.383890148646985","0.234661261551082","05_10"
"10.1800704973951","1.62139789084637","0.550763727276074","2.94579355436682","0.180070497395049","0.227921272292423","1","0.777083766123363","0.718700641752245","0.794312609350536","05_10"
"10.0101451823615","1.96093445923487","0.347407908186635","3.44742872768357","0.0101451823614894","0.188412365999204","1","0.486079524432371","0.223127648302019","0.446376524459361","05_10"
"10.7489401019022","1.1327892476135","0.827079758112357","1.63203055166383","0.748940101902156","0.235701475219998","0.995","0.9","0.9","0.9","05_10"
"10.1048413572387","1.70137117573232","0.497657383114382","3.11236472663645","0.104841357238743","0.224139958203687","1","0.725610910343655","0.403141213234813","0.798703399957386","05_10"
"10.0166820735752","1.9591553798981","0.356680660865109","3.41858066889872","0.016682073575213","0.232828265500496","1","0.57638139833173","0.788930707099923","0.718930426933832","05_10"
"10.0097808170377","1.97141812035599","0.346246260362019","3.44812364329061","0.00978081703768941","0.177671640054428","1","0.169389830444174","0.101383728685962","0.494344936392609","05_10"
"10.0098330215949","1.97518213712892","0.34351258294965","3.45067510149964","0.00983302159487782","0.195926969836843","1","0.399738088591202","0.478225146258395","0.754972545853128","05_10"
"10.0257729799254","1.89027593366172","0.392383005547843","3.36937629821328","0.0257729799253935","0.228713678824029","1","0.64883347028334","0.484476701092271","0.656653353206151","05_10"
"10.0205060881008","1.94529669114596","0.369887328745125","3.40389438998318","0.0205060881008032","0.248980777639578","1","0.608894290842798","0.875666139177715","0.711778289841635","05_10"
"10.0359061512136","1.8546373269107","0.411708926045977","3.33234367691836","0.03590615121359","0.227345152761935","1","0.663959072509098","0.431016370421275","0.711932656198593","05_10"
"10.0098121872897","1.9658792368002","0.347407908186635","3.44812364329061","0.00981218728969751","0.177489257984214","1","0.310660076780176","0.0200069011764989","0.325278303353116","05_10"
"10.0221768184032","1.90808955645645","0.381461316399322","3.38770420363615","0.0221768184031755","0.226477071063129","1","0.586552318644409","0.566093875445892","0.782616742313057","05_10"
"10.1215104409504","1.69422982382214","0.515497945988156","3.08906671212587","0.121510440950431","0.275294102473639","1","0.991906094830483","0.668466738192365","0.244797277031466","05_10"
"10.0126481496192","1.95254180093692","0.35405395495291","3.43089692556744","0.0126481496191732","0.209227467609995","1","0.598685018091401","0.32936386966832","0.442127970220731","05_10"
"10.1048413572387","1.70137117573232","0.497657383114382","3.11236472663645","0.104841357238743","0.224139958203687","1","0.725610910343655","0.403141213234813","0.798703399957386","05_10"
"10.0096347851912","1.98026281296605","0.34301173477786","3.45281283006578","0.00963478519115783","0.190395549452966","1","0.309834768354499","0.480981382078981","0.588318160715569","05_10"
"10.0096197348984","1.98382797330047","0.342735686934498","3.45320014778116","0.00961973489836984","0.190395549452966","1","0.145997154767696","0.482589846651734","0.458600383436173","05_10"
"10.1048413572387","1.70137117573232","0.497657383114382","3.11236472663645","0.104841357238743","0.224139958203687","1","0.725610910343655","0.403141213234813","0.798703399957386","05_10"
"10.0289163046033","1.87325089048993","0.39948227441361","3.35623212127599","0.0289163046032702","0.224310653406527","1","0.61573419167676","0.501640318883911","0.782699592786036","05_10"
"10.3522597955505","1.41315730482961","0.65498549758663","2.54583876937289","0.352259795550515","0.230551753408641","1","0.854117002572453","0.222749145214681","0.772441194069579","05_10"
"10.0714886802488","1.7865368997718","0.453130126597067","3.21891200097664","0.0714886802488008","0.234471640318181","1","0.726539110692406","0.787809791059021","0.722658916037945","05_10"
"10.0150487008263","1.95022161864506","0.359677913911601","3.42069233264331","0.0150487008262761","0.219110197187347","1","0.583119048800753","0.447066631617508","0.626892809961152","05_10"
"10.0537340992681","1.81332064664497","0.437259558350641","3.25398009198176","0.053734099268083","0.25779441032115","1","0.889149975778189","0.595732433013178","0.256066573563942","05_10"
"10.0090864918167","2.03450520933514","0.328626437199178","3.46062335087057","0.0090864918166837","0.2319465446243","1","0.367579995234019","0.874673973261154","0.757201414595569","05_10"
"10.5855801968153","1.23447760145576","0.755415055286761","2.02931167864497","0.585580196815286","0.227216321781188","1","0.915493395573","0.331674225289514","0.78284991181644","05_10"
"10.0296324278297","1.88201868074452","0.399291397394985","3.35146671887203","0.0296324278297268","0.243464786308267","1","0.743857596943548","0.569873313183406","0.445835348005351","05_10"
"10.7872265201178","1.06142494999869","0.849857974883798","1.47101040384907","0.78722652011784","0.228630693472654","0.9894","0.918338458674938","0.596298297007905","0.881811817566002","05_10"
"10.0248880638704","1.89885482015607","0.390196471336502","3.37592901984341","0.0248880638703728","0.238881755762351","1","0.747041854468178","0.487389195112729","0.368825711253112","05_10"
"10.0118052931034","1.9599982946775","0.350066865904208","3.43743757734887","0.0118052931034143","0.205107743818921","1","0.527331825004675","0.385817325433437","0.636153372202078","05_10"
"10.0224735086184","1.9268391842135","0.381055048915696","3.38869438710774","0.0224735086183928","0.239135703637067","1","0.644602328953507","0.65930268933803","0.630944111631482","05_10"
"10.0203971734798","1.9215337374591","0.3777613987528","3.394506232227","0.0203971734797816","0.226661279258364","1","0.619029400082789","0.481553153182531","0.66070023170149","05_10"
"10.6925943260334","1.15023833084314","0.80515437104486","1.7588663557383","0.69259432603343","0.227326277725449","0.998","0.944675268605351","0.267220668727532","0.78293276228942","05_10"
"10.009323470758","2.03037849501044","0.33236317443051","3.45796720091178","0.00932347075797713","0.2242911081898","1","0.377489655732688","0.780238909751771","0.745229706978134","05_10"
"10.6528570720111","1.18025478196606","0.783682984489453","1.86214080784464","0.652857072011058","0.229109639910061","0.9992","0.926336809930413","0.570922371719627","0.801120944723418","05_10"
"10.0100571945948","1.96158157699262","0.348460124385865","3.44339156441483","0.0100571945947993","0.182577191542311","1","0.47465914928229","0.108754144518197","0.414605718046945","05_10"
"10.0146842978544","1.95335694087834","0.357019284752224","3.42857164209763","0.0146842978544317","0.234866241261828","1","0.688526821889699","0.548928922293427","0.269109529213315","05_10"
"10.0108972604507","1.98080786485883","0.342438624371931","3.4468579977521","0.0108972604506614","0.214395175837326","1","0.535129097759426","0.626241029968505","0.529153579191115","05_10"
"10.0097764930519","1.97141812035599","0.346246260362019","3.44812364329061","0.0097764930518623","0.177857114796023","1","0.322080451930256","0.134380404960321","0.357049109765532","05_10"
"10.0187391286677","1.93782709916792","0.373256348319568","3.40521119911097","0.0187391286677171","0.234262103253084","1","0.640945495426738","0.57033771955795","0.564391088931574","05_10"
"10.0119423423951","1.95967000820181","0.350114567316798","3.43886953297255","0.0119423423950788","0.206993648324985","1","0.508632172474919","0.490040329165872","0.718369106740344","05_10"
"10.0323251687143","1.87617482896407","0.402631731670073","3.34668927287459","0.0323251687143287","0.236319482233838","1","0.626926053762688","0.719821557793147","0.790584120246423","05_10"
"10.7489401019022","1.1327892476135","0.827079758112357","1.63203055166383","0.748940101902156","0.235701475219998","0.995","0.9","0.9","0.9","05_10"
"10.0739615752447","1.76183156157006","0.466048861513935","3.18962216715033","0.0739615752447104","0.249948528122823","1","0.91955812055642","0.168642890788206","0.263206825647157","05_10"
"10.041027038265","1.83451260490784","0.420520902563507","3.30411819608872","0.0410270382649843","0.238519454263875","1","0.789458797373155","0.342665464200956","0.422064272277512","05_10"
"10.2922185315909","1.47523917428048","0.6246069027895","2.67033727610457","0.292218531590916","0.225225596321961","1","0.830298708689168","0.243961659617057","0.779126466830749","05_10"
"10.0102531354633","1.97251959496177","0.346524470765717","3.44794180299034","0.0102531354632777","0.199242510333982","1","0.499511731867178","0.384414999571657","0.477270589961755","05_10"
"10.0624486440019","1.78797668454732","0.446875234503581","3.22685775525523","0.0624486440018758","0.238170163021007","1","0.789428713146417","0.437709004671814","0.534261740406558","05_10"
"10.5088166086514","1.28251287544306","0.723988115541022","2.19693480813403","0.508816608651446","0.236754669252904","1","0.944402863828602","0.27022952776478","0.693050819344746","05_10"
"10.0643095670168","1.81174639158536","0.443680806332367","3.24397276880754","0.0643095670167589","0.235635691032773","1","0.705337496331857","0.894768048776314","0.754185470733015","05_10"
"10.7872265201178","1.06142494999869","0.849857974883798","1.47101040384907","0.78722652011784","0.228630693472654","0.9894","0.918338458674938","0.596298297007905","0.881811817566002","05_10"
"10.0195507963328","1.90769264999247","0.377031159751674","3.39441710518176","0.0195507963328092","0.22488091021649","1","0.713248456210757","0.1780005177339","0.35583789520175","05_10"
"10.0137731678334","1.94632312598573","0.358942280801688","3.4252468194602","0.0137731678333879","0.204066958774404","1","0.548179630406734","0.153106618623477","0.678481919761163","05_10"
"10.0649511908041","1.78358523482404","0.44890164070449","3.23234928310265","0.0649511908041293","0.228522127896843","1","0.693345955753785","0.637831180011618","0.776462985107101","05_10"
"10.0111708232561","1.97146783201037","0.348838005201696","3.44587232981956","0.0111708232560731","0.211144549000164","1","0.546333806076293","0.5510420169409","0.50399919502362","05_10"
"10.0100849458799","1.98419285756706","0.342438624371931","3.44969277496058","0.0100849458798907","0.207505799838919","1","0.530142139622983","0.588318456822111","0.343946809412384","05_10"
"10.1333666713845","1.65715581531008","0.524331446905862","3.03452330991375","0.133366671384484","0.222396070554785","1","0.74942920422694","0.381928698832437","0.792018127196216","05_10"
"10.1567769020135","1.62049571025721","0.540537429103746","2.96895228490195","0.156776902013526","0.222839049207772","1","0.769039856049724","0.386494591158258","0.781488304375292","05_10"
"10.7872667707387","1.08814818025182","0.848336845023219","1.49265120689394","0.787266770738709","0.231559483845152","0.9916","0.918127593418777","0.731364147333702","0.883999822573731","05_10"
"10.0137064732085","1.951574319525","0.354443127469759","3.43010373225073","0.0137064732084749","0.212831227728543","1","0.526000158621816","0.502470201430461","0.755722133135971","05_10"
"10.0096197348984","1.98494563535963","0.342438624371931","3.4536000806125","0.00961973489836984","0.19764737102478","1","0.409754610322559","0.545548942974966","0.399409950012341","05_10"
"10.0121022485622","1.9903220492837","0.342571848848467","3.44217554346974","0.0121022485622415","0.226633882365758","1","0.48143928022593","0.774223374858939","0.852323295834453","05_10"
"10.2084258607749","1.56453538244176","0.571524173691113","2.86026250286683","0.208425860774939","0.23448718650907","1","0.854758228194651","0.471379255000919","0.659608552714907","05_10"
"10.057768443278","1.79686311182501","0.444326870245898","3.24175833619605","0.0577684432780166","0.238005503400671","1","0.789731202149904","0.339656605163708","0.511946215222186","05_10"
"10.1083477592434","1.7151420623542","0.494849341718303","3.10958979958409","0.108347759243376","0.229358727172659","1","0.716540762748091","0.787331454238271","0.829895544470818","05_10"
"10.7489401019022","1.1327892476135","0.827079758112357","1.63203055166383","0.748940101902156","0.235701475219998","0.995","0.9","0.9","0.9","05_10"
"10.2547087852361","1.50893303647621","0.603859160682275","2.74704624005652","0.25470878523606","0.221566497804024","1","0.810688056866384","0.239395767291236","0.789656289651674","05_10"
"10.2438808098684","1.53350122218484","0.588283673646903","2.79130290440123","0.24388080986837","0.232236036026325","1","0.814388834181696","0.602313831900737","0.774718228709683","05_10"
"10.020512971546","1.92929088843565","0.378191100865784","3.39669659162364","0.0205129715459863","0.233198873807306","1","0.664981385895652","0.530360072553407","0.528926256731839","05_10"
"10.0196886382604","1.92558654739851","0.375545602282543","3.39880722521316","0.0196886382603882","0.231372778909696","1","0.668842604509705","0.488395358270049","0.500437924867126","05_10"
"10.0201534911308","1.92262817910074","0.374163464927785","3.40144836972027","0.020153491130775","0.234632419567967","1","0.569377691160867","0.683640816030789","0.809117687690753","05_10"
"10.398815668505","1.38298506183566","0.670105392428304","2.46263699519638","0.398815668504967","0.243154744154518","1","0.907028923641981","0.570454610978076","0.702794912969694","05_10"
"10.0143493491836","1.95355630576013","0.355438446270982","3.42662978663768","0.0143493491836362","0.226660858067315","1","0.642574836076836","0.500122002922552","0.400883504182966","05_10"
"10.7570961653448","1.11921565354815","0.829536304882873","1.6015175246612","0.75709616534476","0.233102479216167","0.9938","0.900210865256161","0.764934149674203","0.897811994992271","05_10"
"10.0465923492166","1.82244045553412","0.429068957401593","3.29049902590301","0.0465923492165771","0.224793405910431","1","0.660253381715169","0.570805480299501","0.78833319863933","05_10"
"10.0136093744689","1.95213287331191","0.353992177512777","3.43277297622647","0.0136093744688817","0.216848713569372","1","0.503662617138912","0.571517143811778","0.825511928880587","05_10"
"10.0230109777661","1.91342946002585","0.384941769265439","3.38456515869385","0.0230109777660786","0.23526260338644","1","0.687260685486904","0.500166516155511","0.509565211932613","05_10"
"10.3091697448824","1.45355154204547","0.633149064406489","2.6331115376971","0.309169744882375","0.234505078557324","1","0.892929633459414","0.222650575605883","0.669260977256078","05_10"
"10.0184061168209","1.93168656385097","0.37088118079096","3.40703183396841","0.0184061168208684","0.229575030288687","1","0.648501833735806","0.488584505457203","0.528695723497565","05_10"
"10.398815668505","1.38298506183566","0.670105392428304","2.46263699519638","0.398815668504966","0.243154744154518","1","0.907028923641981","0.570454610978076","0.702794912969694","05_10"
"10.0424317196885","1.83614953248743","0.422893817080693","3.30472587592243","0.0424317196885104","0.232909234725317","1","0.729471534103394","0.3761001245811","0.586267971999317","05_10"
"10.7872265201178","1.06142494999869","0.849857974883798","1.47101040384907","0.78722652011784","0.228630693472654","0.9894","0.918338458674938","0.596298297007905","0.881811817566002","05_10"
"10.5537041828633","1.27130842653166","0.7411147338289","2.1095512880638","0.553704182863339","0.231120413752714","1","0.879864265641485","0.678934837975972","0.837887963059949","05_10"
"10.0453757279219","1.82895067443603","0.427600459142548","3.29866795118581","0.0453757279219483","0.230349430389042","1","0.708363074606099","0.479492654901663","0.657645056098293","05_10"
"10.1581651311766","1.62167858326209","0.540981252424905","2.9709599731049","0.15816513117664","0.226395570293672","1","0.786050155864746","0.462117002598702","0.747401257352114","05_10"
"10.7872265201178","1.06142494999869","0.849857974883798","1.47101040384907","0.78722652011784","0.228630693472654","0.9894","0.918338458674938","0.596298297007905","0.881811817566002","05_10"
"10.0121070009978","1.95537500535695","0.351020072943002","3.43472370705013","0.0121070009978292","0.204808374789166","1","0.554601466340984","0.361432080447444","0.55873879363251","05_10"
"10.1252697532893","1.67812450754643","0.51197070655222","3.05950167388383","0.125269753289276","0.224743767879071","1","0.731609283531077","0.690260489369348","0.822574844620882","05_10"
"10.0885566645302","1.73599764743754","0.476495742455953","3.15489963269473","0.0885566645302357","0.236193783788239","1","0.753605623800295","0.601387660594226","0.70214122832997","05_10"
"10.0176377331031","1.91658427643652","0.371499603248492","3.40580085763475","0.0176377331031365","0.217165410660925","1","0.571315969197252","0.284970414281735","0.737181232063163","05_10"
"10.0131636622551","1.96368501136132","0.351089489446002","3.43345834055727","0.0131636622551027","0.219668792635477","1","0.561672971028701","0.604470419633874","0.622068666697377","05_10"
"10.2189568302994","1.55615395595849","0.582362371162179","2.84571289825237","0.218956830299401","0.222596423940567","1","0.760409156861577","0.567287596743208","0.863210134217268","05_10"
"10.7872265201178","1.06142494999869","0.849857974883798","1.47101040384907","0.78722652011784","0.228630693472654","0.9894","0.918338458674938","0.596298297007905","0.881811817566002","05_10"
"10.0296153010402","1.87537204603678","0.40089960739693","3.34873847311895","0.0296153010401979","0.231288667437653","1","0.764721686579945","0.225579469892798","0.379627737290418","05_10"
"10.6682517616115","1.17171027559333","0.793476872906711","1.82479736137446","0.668251761611505","0.226282467051896","0.9988","0.915418788384422","0.575546813699096","0.826853767729765","05_10"
"10.0122490674796","1.95772155449785","0.350842827846258","3.43775239086561","0.0122490674796081","0.209356051272373","1","0.565226805889132","0.496538671790668","0.542335397589274","05_10"
"10.0140386653554","1.95626362182468","0.354415088621166","3.4277116151105","0.0140386653554195","0.222394845787907","1","0.554038526208459","0.630212413337814","0.691048216016995","05_10"
"10.0630252546366","1.78713506689444","0.446521990818224","3.24016859343486","0.0630252546366182","0.228360383158101","1","0.693404423957573","0.655467658580013","0.771196232168819","05_10"
"10.0632208705938","1.7955958999282","0.446123697293744","3.22662259644077","0.0632208705937622","0.244315915623528","1","0.800504137890197","0.529132703187249","0.511992958607152","05_10"
"10.0261900077809","1.87837744687264","0.394135308868435","3.36479951095631","0.0261900077808853","0.225324965169751","1","0.662420768575455","0.280069896446082","0.620181050995779","05_10"
"10.0286481819806","1.8905665707789","0.396135059635911","3.35640604364553","0.0286481819806222","0.240418610677727","1","0.696724513035455","0.61342318208473","0.563323468161545","05_10"
"10.5053993723816","1.30260909351135","0.714306116409884","2.23228288776019","0.505399372381644","0.238185218514737","1","0.909948593932498","0.591206094286885","0.757752962805931","05_10"
"10.0881922963401","1.73682787242239","0.475847446071244","3.16213077041532","0.0881922963401289","0.239785251381868","1","0.774411594294103","0.596047529781769","0.653079669415366","05_10"
"10.398815668505","1.38298506183566","0.670105392428304","2.46263699519638","0.398815668504966","0.243154744154518","1","0.907028923641981","0.570454610978076","0.702794912969694","05_10"
"10.7872667707387","1.08814818025182","0.848336845023219","1.49265120689394","0.787266770738709","0.231559483845152","0.9916","0.918127593418777","0.731364147333702","0.883999822573731","05_10"
"10.0095465219789","2.00123776530907","0.340495696203804","3.4536000806125","0.00954652197891843","0.198153885820018","1","0.289980886038393","0.570454610978076","0.702794912969694","05_10"
"10.0134783303828","1.95527876412756","0.353755610215287","3.43142618606809","0.0134783303827725","0.216255454844319","1","0.587764854936356","0.501583756559991","0.542229639406841","05_10"
"10.7872667707387","1.08814818025182","0.848336845023219","1.49265120689394","0.787266770738709","0.231559483845152","0.9916","0.918127593418777","0.731364147333702","0.883999822573731","05_10"
"10.5682697218058","1.25026165218713","0.747816622371221","2.07984499218829","0.568269721805824","0.224631942292844","1","0.869017314560339","0.553461586296351","0.86143205039192","05_10"
"10.0114189931728","1.97347902833356","0.348487357338648","3.44275205975927","0.0114189931728351","0.21756507844776","1","0.649771641414789","0.596199075976857","0.166742393514141","05_10"
"10.2772068720187","1.51083177579037","0.609941249655089","2.72447587357208","0.277206872018715","0.230741283631662","1","0.803197690926602","0.681892441686564","0.824401024979883","05_10"
"10.7872667707387","1.08814818025182","0.848336845023219","1.49265120689394","0.787266770738709","0.231559483845152","0.9916","0.918127593418777","0.731364147333702","0.883999822573731","05_10"
"10.024429626183","1.91299767737146","0.387304290578473","3.37535826762431","0.024429626183039","0.240923806037679","1","0.674529272324581","0.60669648283603","0.570015580389434","05_10"
"10.6351344622003","1.21228197001405","0.778223282964876","1.92306229071127","0.635134462200281","0.226427914363244","0.999","0.899377938436463","0.683554833788239","0.840578163103648","05_10"
"10.0564687172227","1.80026701854489","0.441168955649434","3.25700934902497","0.0564687172226677","0.230039713059725","1","0.709905310099347","0.5409562416992","0.706505549092739","05_10"
"10.398815668505","1.38298506183566","0.670105392428304","2.46263699519638","0.398815668504966","0.243154744154518","1","0.907028923641981","0.570454610978076","0.702794912969694","05_10"
"10.1104661078558","1.70416350750745","0.50046696410827","3.10670628321661","0.110466107855764","0.25352266028005","1","0.849825282004796","0.571969413898803","0.532372725781234","05_10"
"10.5323310230411","1.28493924668004","0.727654216841506","2.17037511590698","0.532331023041073","0.235923660911726","1","0.910489011869249","0.590178648433003","0.770697284864741","05_10"
"10.398815668505","1.38298506183566","0.670105392428304","2.46263699519638","0.398815668504966","0.243154744154518","1","0.907028923641981","0.570454610978076","0.702794912969694","05_10"
"10.0955590761984","1.72330506149552","0.484300689383034","3.14215421303295","0.0955590761983958","0.229757450999205","1","0.712154078939887","0.703276972125476","0.814617891638902","05_10"
"10.2422162663924","1.52899147106995","0.594673525855647","2.79627204557401","0.24221626639242","0.221703452791012","1","0.772229434399061","0.571616364842826","0.858016392445855","05_10"
"10.0172083757287","1.93996699682383","0.367760633093341","3.41334771143162","0.0172083757286719","0.219826207499349","1","0.556925554198417","0.441130338854343","0.772972392390838","05_10"
"10.6375415113028","1.19112079000465","0.77775734449427","1.90016635814684","0.637541511302849","0.225986454164985","0.9992","0.914878370447671","0.576574259552978","0.813909445670954","05_10"
"10.4319868454554","1.35419822246106","0.687065422189055","2.40289858799966","0.4319868454554","0.22995895793956","1","0.821524644034346","0.614416602826803","0.881091132114034","05_10"
"10.018297063539","1.93899182014735","0.370846060429001","3.40700461360678","0.0182970635390147","0.229582879674519","1","0.622409949828151","0.591471168531087","0.608534750788102","05_10"
"10.2574432888817","1.52285804752094","0.601146851523864","2.76002199234854","0.25744328888173","0.235918809201898","1","0.892774163771979","0.534757088155407","0.629913430569639","05_10"
"10.5053993723816","1.30260909351135","0.714306116409884","2.23228288776019","0.505399372381644","0.238185218514737","1","0.909948593932498","0.591206094286885","0.757752962805931","05_10"
"10.5972172041687","1.22321719093859","0.76072521008549","1.99862826362075","0.597217204168733","0.229668993643587","1","0.918038948514988","0.445557507997224","0.787021264153625","05_10"
"10.0227652217728","1.89712816343039","0.384416622108585","3.38295378757186","0.0227652217728344","0.223498008644301","1","0.571615479357202","0.435711203292416","0.83197178547554","05_10"
"10.0145762744397","1.95465238828552","0.356248301153229","3.42483210182403","0.0145762744396556","0.225734237480221","1","0.583868211739575","0.611197118882575","0.615376554469488","05_10"
"10.7872265201178","1.06142494999869","0.849857974883798","1.47101040384907","0.78722652011784","0.228630693472654","0.9894","0.918338458674938","0.596298297007905","0.881811817566002","05_10"
"10.7872265201178","1.06142494999869","0.849857974883798","1.47101040384907","0.78722652011784","0.228630693472654","0.9894","0.918338458674938","0.596298297007905","0.881811817566002","05_10"
"10.3476416479748","1.43267429389565","0.648565438805474","2.57167706158751","0.347641647974764","0.239345864526087","1","0.828423098171669","0.672142183550451","0.82329553007285","05_10"
"10.4057683765362","1.37560596616108","0.677485772961191","2.45289093176036","0.405768376536165","0.232658973780986","1","0.843830380988896","0.583914861381881","0.825027587370763","05_10"
"10.0196559069675","1.91900152778186","0.376120967943545","3.39953880788485","0.0196559069674911","0.226386913427348","1","0.60915783151595","0.410456701403516","0.672720587485528","05_10"
"10.7210375029304","1.12936145149422","0.823199098190665","1.6623237313264","0.721037502930423","0.223482028005721","0.9948","0.916462522157472","0.10212059924379","0.843860371332785","05_10"
"10.3795683994188","1.39973257490988","0.662019906962119","2.50108364437584","0.379568399418843","0.240169061730785","1","0.906156247024247","0.550551270380821","0.69274639179094","05_10"
"10.4652807193845","1.33107407041927","0.699745477816353","2.31333882499793","0.465280719384451","0.238542109619237","1","0.901496287195403","0.560780077327564","0.751076484449653","05_10"
"10.5198635513456","1.28620324389264","0.726226828420867","2.19094600874459","0.519863551345584","0.23149424893859","1","0.884650763181653","0.539546889305351","0.809833871806525","05_10"
"10.7063650140596","1.13856718944132","0.815284735141251","1.72022746130659","0.706365014059598","0.226405459525117","0.9958","0.898015741514436","0.567527037648183","0.873812234984597","05_10"
"10.6571620794545","1.19729185417942","0.79092460809938","1.86597585565112","0.657162079454458","0.230427577117424","0.9986","0.904205195171559","0.706089079439239","0.843630147638568","05_10"
"10.7690441527215","1.09987898853119","0.839694360436745","1.55346763657084","0.769044152721502","0.233456685743507","0.9924","0.913300336683681","0.708829901682701","0.880947838038811","05_10"
"10.5972172041687","1.22321719093859","0.76072521008549","1.99862826362075","0.597217204168733","0.229668993643587","1","0.918038948514988","0.445557507997224","0.787021264153625","05_10"
"10.5972172041687","1.22321719093859","0.76072521008549","1.99862826362075","0.597217204168733","0.229668993643587","1","0.918038948514988","0.445557507997224","0.787021264153625","05_10"
"10.7872265201178","1.06142494999869","0.849857974883798","1.47101040384907","0.78722652011784","0.228630693472654","0.9894","0.918338458674938","0.596298297007905","0.881811817566002","05_10"
"10.3920822871574","1.38479586390584","0.668555175181328","2.47289558210383","0.392082287157437","0.232833668738684","1","0.855825281626342","0.553273229495089","0.794909671977113","05_10"
"10.6621104722094","1.19552632007819","0.792195185248447","1.85198233924293","0.662110472209389","0.229528103241166","0.9974","0.88912916646468","0.71729869598187","0.871619637981053","05_10"
"10.4647713091852","1.33430331384864","0.702353871296336","2.32191103939819","0.464771309185226","0.232326320971726","1","0.865411357815248","0.574176720188699","0.816512617156395","05_10"
"10.5972172041687","1.22321719093859","0.76072521008549","1.99862826362075","0.597217204168733","0.229668993643587","1","0.918038948514988","0.445557507997224","0.787021264153625","05_10"
"10.5682697218058","1.25026165218713","0.747816622371221","2.07984499218829","0.568269721805824","0.224631942292844","1","0.869017314560339","0.553461586296351","0.86143205039192","05_10"
"10.6375415113028","1.19112079000465","0.77775734449427","1.90016635814684","0.637541511302849","0.225986454164985","0.9992","0.914878370447671","0.576574259552978","0.813909445670954","05_10"
"10.2827196183729","1.48957121229057","0.616964156523614","2.70483795603701","0.282719618372917","0.236248471289686","1","0.877140715150665","0.548671785146408","0.681511609155034","05_10"
"10.411957975147","1.37156995472512","0.675505134857424","2.44063978039462","0.411957975146993","0.236011928961949","1","0.884667712956261","0.581077573849903","0.75209622167749","05_10"
"10.7872667707387","1.08814818025182","0.848336845023219","1.49265120689394","0.787266770738709","0.231559483845152","0.9916","0.918127593418777","0.731364147333702","0.883999822573731","05_10"
"10.6375415113028","1.19112079000465","0.77775734449427","1.90016635814684","0.637541511302849","0.225986454164985","0.9992","0.914878370447671","0.576574259552978","0.813909445670954","05_10"
"10.3941211939736","1.38363993336416","0.670850355191523","2.4686524116231","0.394121193973615","0.23230750633718","1","0.850000159414783","0.581889007609545","0.807207799807928","05_10"
"10.0295824630941","1.89332296912701","0.396665454805316","3.35532520797604","0.0295824630940834","0.249090773873601","1","0.734515289625607","0.692654009253649","0.47614038689062","05_10"
"10.7872265201178","1.06142494999869","0.849857974883798","1.47101040384907","0.78722652011784","0.228630693472654","0.9894","0.918338458674938","0.596298297007905","0.881811817566002","05_10"
"10.5053993723816","1.30260909351135","0.714306116409884","2.23228288776019","0.505399372381644","0.238185218514737","1","0.909948593932498","0.591206094286885","0.757752962805931","05_10"
"10.4092943103707","1.37145234446343","0.675334882250009","2.44014272959438","0.409294310370689","0.238886850626026","1","0.900859145216094","0.572480464750411","0.720614700532529","05_10"
"10.7872667707387","1.08814818025182","0.848336845023219","1.49265120689394","0.787266770738709","0.231559483845152","0.9916","0.918127593418777","0.731364147333702","0.883999822573731","05_10"
"10.7872265201178","1.06142494999869","0.849857974883798","1.47101040384907","0.78722652011784","0.228630693472654","0.9894","0.918338458674938","0.596298297007905","0.881811817566002","05_10"
"10.4587731258088","1.33907263111918","0.698990644672224","2.3309460214025","0.458773125808787","0.230084489766539","1","0.854129323255552","0.561325780710735","0.833859177304955","05_10"
"10.074083586692","1.75282238811478","0.461897601390349","3.20316847027802","0.0740835866920192","0.224964771014066","1","0.66265130485408","0.682201724342244","0.878529609336865","05_10"
"10.509550693145","1.29424491969926","0.721783162887592","2.22119406704934","0.509550693145012","0.227540269881539","1","0.858718372293683","0.576050666967497","0.852600460457729","05_10"
"10.5972172041687","1.22321719093859","0.76072521008549","1.99862826362075","0.597217204168733","0.229668993643587","1","0.918038948514988","0.445557507997224","0.787021264153625","05_10"
"10.0267315955509","1.87696852832921","0.394449837940441","3.36275025579096","0.0267315955508786","0.215764065176239","1","0.577510603936389","0.367128909682425","0.862249271932575","05_10"
"10.5317687872145","1.28457197773177","0.732538521352137","2.16726568830988","0.531768787214473","0.225056907658222","1","0.840041788731459","0.599900737381236","0.896372553892434","05_10"
"10.6451073321402","1.20619827817617","0.784153797661973","1.89322323817523","0.645107332140225","0.229925351248013","0.9988","0.898377116333688","0.699627870212092","0.847727497116473","05_10"
"10.7513702762632","1.11170948333737","0.832075565739464","1.60238936308284","0.751370276263246","0.231967490113908","0.9928","0.913572896317939","0.690388214047152","0.87174687883514","05_10"
"10.557427250791","1.25395676306339","0.745474946705827","2.07236489794824","0.557427250790978","0.228120360662615","1","0.914503291033335","0.129306000424549","0.770005906544522","05_10"
"10.0096536600031","1.99038331825943","0.339637530560426","3.45314358781554","0.0096536600031132","0.203977689977761","1","0.357248281361535","0.596298297007905","0.881811817566002","05_10"
"10.570357332791","1.24720456456806","0.748267713787247","2.07194626332771","0.570357332791033","0.226847298578625","1","0.876842231293604","0.552768749768396","0.848563972500669","05_10"
"10.4532177323377","1.33703779194512","0.693492866162569","2.34316869340329","0.453217732337683","0.238352046359455","1","0.899056361496131","0.590996695634922","0.750418097710683","05_10"
"10.7733756599021","1.0863686009803","0.843981399411728","1.5320985063625","0.773375659902132","0.231467232005677","0.9914","0.914017036495663","0.664677367723745","0.881642225527878","05_10"
"10.4961120173292","1.30325637939395","0.710601478874178","2.24930137885047","0.496112017329245","0.236146702705476","1","0.899223288719708","0.557783718731744","0.771289812954077","05_10"
"10.5972172041687","1.22321719093859","0.76072521008549","1.99862826362075","0.597217204168733","0.229668993643587","1","0.918038948514988","0.445557507997224","0.787021264153625","05_10"
"10.1115241048913","1.69627391116645","0.501639004688752","3.09443588739401","0.111524104891267","0.228358960809991","1","0.724105803318024","0.643081064288572","0.815661337905782","05_10"
"10.7872265201178","1.06142494999869","0.849857974883798","1.47101040384907","0.78722652011784","0.228630693472654","0.9894","0.918338458674938","0.596298297007905","0.881811817566002","05_10"
"10.3488548740152","1.43301196416547","0.646999768683168","2.57454536715178","0.348854874015214","0.240238566241243","1","0.888826971920977","0.669012800615714","0.707803318279899","05_10"
"10.530546549879","1.27816054417383","0.732087601480313","2.16210676912509","0.530546549878981","0.231368731587788","1","0.876825846448387","0.540239725833306","0.829913498600945","05_10"
"10.3216241081406","1.45036591180825","0.634602957593219","2.62656754194646","0.321624108140608","0.237496898749532","1","0.888032947587032","0.548881183798371","0.688846474250282","05_10"
"10.7835408820774","1.07138114371415","0.848403055652682","1.50197742157302","0.78354088207741","0.231777519966846","0.9906","0.917621758862956","0.640450830966862","0.881117430076934","05_10"
"10.6688676151888","1.16648420368649","0.795230976325428","1.82849221618497","0.668867615188805","0.225599526013326","0.998","0.904401240266742","0.571283166426961","0.846106197263784","05_10"
"10.7872667707387","1.08814818025182","0.848336845023219","1.49265120689394","0.787266770738709","0.231559483845152","0.9916","0.918127593418777","0.731364147333702","0.883999822573731","05_10"
"10.6202117239592","1.20888790465517","0.772355646104262","1.9427584616046","0.620211723959193","0.229268011340908","1","0.918239379486445","0.470140807802615","0.798048229577658","05_10"
"10.7872265201178","1.06142494999869","0.849857974883798","1.47101040384907","0.78722652011784","0.228630693472654","0.9894","0.918338458674938","0.596298297007905","0.881811817566002","05_10"
"10.6375415113028","1.19112079000465","0.77775734449427","1.90016635814684","0.637541511302849","0.225986454164985","0.9992","0.914878370447671","0.576574259552978","0.813909445670954","05_10"
"10.7688918370193","1.08110897516082","0.84380437662321","1.53201298304738","0.768891837019343","0.228634106032852","0.991","0.918138027703481","0.571714997202514","0.870784852141969","05_10"
"10.7003355271565","1.14722647853545","0.811442968766807","1.73940917683045","0.700335527156508","0.227971287457477","0.9968","0.906441336648465","0.611023131864396","0.857708113448866","05_10"
"10.7872265201178","1.06142494999869","0.849857974883798","1.47101040384907","0.78722652011784","0.228630693472654","0.9894","0.918338458674938","0.596298297007905","0.881811817566002","05_10"
"10.6332655873336","1.19860197357598","0.780970218248405","1.89014576074699","0.633265587333557","0.221130504880838","0.9998","0.905630109754792","0.247838220461189","0.822255212886345","05_10"
"10.7614603708625","1.0905941616134","0.842593428382457","1.55341108291081","0.761460370862479","0.227066467609062","0.9898","0.917779257012616","0.466355836895067","0.865610921973941","05_10"
"10.4034743721258","1.3782535463829","0.671639582164533","2.45720934535965","0.403474372125806","0.234147037724307","1","0.866550586839132","0.58669560505023","0.781372821828967","05_10"
"10.6117472833305","1.21490777509311","0.769352842576833","1.96462459522564","0.611747283330507","0.22356899776808","1","0.895483175584333","0.393829268087951","0.831439030252966","05_10"
"10.5749531304446","1.37607117185774","0.744655174143655","2.138567839654","0.574953130444596","0.259053551541484","1","0.95","0.4","0.75","10_10"
"10.5749531304446","1.37607117185774","0.744655174143655","2.138567839654","0.574953130444596","0.259053551541484","1","0.95","0.4","0.75","10_10"
"10.0066414952497","2.16871154545068","0.276994578124849","3.50927974667936","0.00664149524972365","0.471752623564703","1","0.2655086631421","0.380035179434344","0.79423986072652","10_10"
"10.0017561667506","2.33777860357226","0.135225485650137","3.56767836536406","0.00175616675058759","0.780744071611802","1","0.37212389963679","0.777445221319795","0.107943625887856","10_10"
"10.0062684972193","2.23517237589599","0.209171351184491","3.52932578397459","0.00626849721928782","0.440806209621231","1","0.572853363351896","0.934705231105909","0.723710946040228","10_10"
"10.1091931444084","1.76620893428192","0.509639582894333","3.14904317804029","0.109193144408435","0.261576959507324","1","0.908207789994776","0.212142521282658","0.411274429643527","10_10"
"10.0019276012417","2.30182164563102","0.165221891457534","3.55390513828235","0.00192760124168557","0.867362447618482","1","0.201681931037456","0.651673766085878","0.820946294115856","10_10"
"10.2844919833599","1.52501233144447","0.635152947802214","2.72128733312539","0.284491983359944","0.232315149123516","1","0.898389684967697","0.125555095961317","0.647060193819925","10_10"
"10.6450700843077","1.26200249990805","0.797890299348659","1.94892188878033","0.64507008430774","0.242038065313993","1","0.944675268605351","0.267220668727532","0.78293276228942","10_10"
"10.0172417242403","2.05418756107757","0.352531714353354","3.4435786700137","0.0172417242403183","0.330005998852074","1","0.660797792486846","0.386114092543721","0.553036311641335","10_10"
"10.0167760185172","1.97478443416546","0.386703169666789","3.41768137605402","0.0167760185172464","0.22818471682426","1","0.62911404389888","0.0133903331588954","0.529719580197707","10_10"
"10.0058652500916","2.21081606147051","0.249607407392438","3.51945054377463","0.00586525009157555","0.453751811944336","1","0.0617862704675645","0.382387957070023","0.789356231689453","10_10"
"10.0005819680088","2.41201080634264","0.0836749156667809","3.58282284781081","0.000581968008756022","0.807322175425391","1","0.205974574899301","0.86969084572047","0.023331202333793","10_10"
"10.0065653241007","2.17933760740428","0.281491278029523","3.50958252793603","0.00656532410072191","0.467893487458746","1","0.176556752528995","0.34034899668768","0.477230065036565","10_10"
"10.0396565795756","1.9717824066578","0.387167998521865","3.36467707727821","0.0396565795756382","0.291726564569443","1","0.687022846657783","0.482080115471035","0.7323137386702","10_10"
"10.0041795700407","2.23748681679453","0.21592192739752","3.53241147247028","0.00417957004066653","0.597456313490689","1","0.384103718213737","0.599565825425088","0.692731556482613","10_10"
"10.0324101110057","2.00855202746908","0.373175958219942","3.39229476236845","0.0324101110057292","0.30888855531926","1","0.769841419998556","0.493541307048872","0.477619622135535","10_10"
"10.0132607567668","2.01991669872183","0.360626661711435","3.44237562436317","0.0132607567668094","0.255396123347926","1","0.497699242085218","0.186217601411045","0.8612094768323","10_10"
"10.0117193126415","2.17287848849943","0.256666658049327","3.49469651591801","0.0117193126414995","0.416034783144067","1","0.717618508264422","0.827373318606988","0.438097107224166","10_10"
"10.0914732044929","1.91282470488735","0.418464860474589","3.2331830334034","0.0914732044928704","0.333624231449147","1","0.991906094830483","0.668466738192365","0.244797277031466","10_10"
"10.0094731208576","2.06604465526012","0.346993009331523","3.46850792650475","0.00947312085757626","0.225406872960748","1","0.1","0.1","0.1","10_10"
"10.0086853680468","2.10208498514011","0.329317215600209","3.49197475855534","0.00868536804684501","0.273877974057442","1","0.2","0.2","0.2","10_10"
"10.0074992517702","2.15110764029614","0.300544653819552","3.49817002172218","0.00749925177016307","0.388076199001275","1","0.3","0.3","0.3","10_10"
"10.0068811230097","2.16385191744781","0.281034933664252","3.50555401293519","0.00688112300965116","0.504934993983422","1","0.4","0.4","0.4","10_10"
"10.0064975509428","2.17573368537249","0.265858348560679","3.5129870146072","0.0064975509427603","0.479308822702971","1","0.5","0.5","0.5","10_10"
"10.0097675090553","2.14171909914411","0.278276251443608","3.49393680396546","0.00976750905528556","0.391770603634542","1","0.6","0.6","0.6","10_10"
"10.0323771467303","2.03995907915059","0.33964129977991","3.39753074745928","0.0323771467303121","0.332643130221433","1","0.7","0.7","0.7","10_10"
"10.1642079424609","1.84112293098251","0.454027164702388","3.06772727743673","0.164207942460925","0.300955679612838","1","0.8","0.8","0.8","10_10"
"10.52335118814","1.53594902621589","0.619380703140931","2.37534139943647","0.523351188140018","0.316389070777446","1","0.9","0.9","0.9","10_10"
"10.7480185930227","1.23177272024115","0.788226440817072","1.67295745245257","0.748018593022732","0.39489976387001","0.9768","1","1","1","10_10"
"10.7522953618729","1.16691645284724","0.8386050502828","1.62221117115896","0.752295361872876","0.327069285114981","0.9842","0.948017831158958","0.737492467077286","0.990570544115269","10_10"
"10.0242522401737","2.08884599340035","0.313841514484886","3.43310133787479","0.0242522401737102","0.361824623083178","1","0.754531316662663","0.7335129224423","0.506152607385684","10_10"
"10.3020307392392","1.60287091934096","0.609949106866463","2.71798759603793","0.302030739239174","0.266241501107102","1","0.919580718397628","0.410829375777394","0.641873433440924","10_10"
"10.7480185930227","1.23177272024115","0.788226440817072","1.67295745245257","0.748018593022732","0.39489976387001","0.9768","1","1","1","10_10"
"10.5749531304446","1.37607117185774","0.744655174143655","2.138567839654","0.574953130444596","0.259053551541484","1","0.95","0.4","0.75","10_10"
"10.0065653241007","2.17933760740428","0.281491278029523","3.50958252793603","0.00656532410072191","0.467893487458746","1","0.176556752528995","0.34034899668768","0.477230065036565","10_10"
"10.0172417242403","2.05418756107757","0.352531714353354","3.4435786700137","0.0172417242403183","0.330005998852074","1","0.660797792486846","0.386114092543721","0.553036311641335","10_10"
"10.0056192520296","2.20312393801043","0.24869150578267","3.52170555997389","0.00561925202955897","0.557557808118861","1","0.422513705647179","0.507756883107591","0.505931393126688","10_10"
"10.6450700843077","1.26200249990805","0.797890299348659","1.94892188878033","0.64507008430774","0.242038065313993","1","0.944675268605351","0.267220668727532","0.78293276228942","10_10"
"10.4111465034912","1.49820986137968","0.670353582486195","2.48936393191529","0.411146503491198","0.261055456868708","1","0.950371853808738","0.388062628884031","0.656489649704656","10_10"
"10.0105699026171","2.03634881917281","0.357686931222851","3.45453775779027","0.0105699026170972","0.237452968928941","1","0.535641193676565","0.113547310356331","0.457305389042735","10_10"
"10.52335118814","1.53594902621589","0.619380703140931","2.37534139943647","0.523351188140018","0.316389070777446","1","0.9","0.9","0.9","10_10"
"10.3170174273758","1.5068735091946","0.647139793151832","2.65365311670456","0.317017427375818","0.239225334081743","1","0.908858297556515","0.195736911124499","0.655709790940877","10_10"
"10.015135143191","2.03656930670453","0.351067884107515","3.4510256667487","0.0151351431910209","0.305113872875499","1","0.638326534416419","0.312430168989843","0.536299667298854","10_10"
"10.0063424756301","2.18277902960122","0.266720803589446","3.5113637852312","0.00634247563014423","0.612589180350093","1","0.25449588692664","0.39703563972068","0.510458288253994","10_10"
"10.0143736089518","2.0681631305092","0.339476469857129","3.45377644429778","0.0143736089517727","0.342512696124824","1","0.739679578216369","0.389632247353707","0.234661261551082","10_10"
"10.5344106497151","1.37071700200729","0.737743606949911","2.21277252984772","0.534410649715098","0.258755017179141","1","0.939531387411182","0.329818184836819","0.741350402879049","10_10"
"10.0071442239094","2.21429870996809","0.225052180874133","3.5145955854243","0.00714422390937145","0.427024909247648","1","0.533928315785756","0.855447807285332","0.84371364305126","10_10"
"10.7480185930227","1.23177272024115","0.788226440817072","1.67295745245257","0.748018593022732","0.39489976387001","0.9768","1","1","1","10_10"
"10.2896708929123","1.58087185519111","0.614425905974632","2.7184786899243","0.289670892912289","0.250773168985727","1","0.872060865602355","0.343313356967","0.716771776782571","10_10"
"10.0366916580805","1.9661253723","0.396388312751962","3.36531850387026","0.0366916580804611","0.295026570698743","1","0.690787509482461","0.400960164169052","0.693419912898853","10_10"
"10.0176068798973","2.08279471869084","0.316285294367621","3.45180896679349","0.0176068798973356","0.329933447601576","1","0.630419281602371","0.589170624222606","0.708126566559076","10_10"
"10.011780541742","2.03442913562894","0.361025498195247","3.44773495218753","0.0117805417420393","0.250393184824912","1","0.558710106751328","0.13592284860761","0.556660712818175","10_10"
"10.1453345392392","1.71248040390914","0.537239926329453","3.05369671659178","0.145334539239229","0.249001392213151","1","0.861476876569456","0.219415492126005","0.579004693658407","10_10"
"10.0627222009933","1.92194295041014","0.410730390321214","3.30689430849655","0.0627222009933317","0.305605972013934","1","0.756235449394172","0.555500853826651","0.673357768800316","10_10"
"10.1697952926845","1.73121010295409","0.533059690168944","3.00284733894531","0.169795292684493","0.268277961447379","1","0.842154235573525","0.431016370421275","0.673702425019609","10_10"
"10.005406944988","2.21463079589955","0.235257125866305","3.5369188393445","0.00540694498797304","0.758451379269439","1","0.251381652981218","0.468532805114705","0.325278303353116","10_10"
"10.0442731300412","1.98017334478948","0.377503084992047","3.35402113711532","0.0442731300411715","0.316752615444507","1","0.731431432565115","0.585350249366369","0.66441978549146","10_10"
"10.52335118814","1.53594902621589","0.619380703140931","2.37534139943647","0.523351188140018","0.316389070777446","1","0.9","0.9","0.9","10_10"
"10.0377941655442","1.97043149080374","0.392145485718139","3.3656977234538","0.0377941655441756","0.282123188680221","1","0.631580347356344","0.424587372149012","0.850526217675261","10_10"
"10.52335118814","1.53594902621589","0.619380703140931","2.37534139943647","0.523351188140018","0.316389070777446","1","0.9","0.9","0.9","10_10"
"10.0076239656748","2.14459693992864","0.297620160786647","3.49842069026651","0.00762396567481605","0.418771517881557","1","0.437184205618054","0.373869996077397","0.595698104678379","10_10"
"10.0060989031663","2.20048024769233","0.261389461534346","3.51962747009069","0.00609890316626198","0.698058039734792","1","0.262671204656002","0.43431682061478","0.627606739058764","10_10"
"10.52335118814","1.53594902621589","0.619380703140931","2.37534139943647","0.523351188140018","0.316389070777446","1","0.9","0.9","0.9","10_10"
"10.4433661268004","1.52110868893087","0.661781138908433","2.47650540555721","0.443366126800394","0.271862548641853","1","0.926133733962057","0.537887075495436","0.735762926653894","10_10"
"10.7435616085699","1.21716348133484","0.807626237738782","1.69019857340018","0.743561608569934","0.321725104857246","0.9904","0.928648325125253","0.749968685590524","0.993187429342405","10_10"
"10.3598098596842","1.55446251978838","0.637956594038751","2.61940335459767","0.359809859684236","0.262019016916534","1","0.922840245670228","0.43052132962979","0.677476190488643","10_10"
"10.1032033874147","1.80513969529101","0.486420159265192","3.17198344449551","0.103203387414725","0.258802354965777","1","0.745464680366585","0.396866618889993","0.777576939258995","10_10"
"10.3218119759569","1.56739376485376","0.628129404838643","2.66035962083168","0.321811975956946","0.251952746263743","1","0.869787751245792","0.370160201120362","0.745068963817866","10_10"
"10.0095021177803","2.10068728581803","0.318097710799454","3.48625859714709","0.00950211778032818","0.350793491516314","1","0.555215574966533","0.344601878514988","0.491314278612378","10_10"
"10.7098163531882","1.2964426693902","0.760266371994828","1.80178654001198","0.709816353188225","0.335130794507839","0.9936","0.993446984435571","0.872942300281957","0.90611050678703","10_10"
"10.0664878850449","1.87626785927454","0.45073665691346","3.27347531067831","0.0664878850448997","0.278959480829602","1","0.756843068719768","0.352983828480102","0.656110586454663","10_10"
"10.7470716708621","1.21862599714633","0.809860640781499","1.67889150326719","0.747071670862089","0.361474639507178","0.9832","0.969355651498575","0.863482651738601","0.992035554029561","10_10"
"10.1639775206311","1.71129043190821","0.540526280434283","3.00222114388667","0.163977520631074","0.251528712426239","1","0.821121564172495","0.316648459014568","0.698047427467847","10_10"
"10.0511824121716","1.9251529625161","0.421730059166214","3.32117032004893","0.0511824121716311","0.286084870737851","1","0.743646244881905","0.399025187626673","0.637055048553161","10_10"
"10.0526038922105","1.91984515715301","0.424879360579311","3.31527278848989","0.0526038922104633","0.288506296594546","1","0.767204970243924","0.395781709975275","0.588252239831006","10_10"
"10.2131303791553","1.68304606661141","0.566026403727545","2.89510879969859","0.213130379155286","0.259042921942776","1","0.836487520798497","0.41578338214305","0.729438928120922","10_10"
"10.7480185930227","1.23177272024115","0.788226440817072","1.67295745245257","0.748018593022732","0.39489976387001","0.9768","1","1","1","10_10"
"10.0089295260873","2.13332340627453","0.293561365247849","3.49381009589723","0.00892952608728451","0.396219321272346","1","0.56822694361704","0.467244283566717","0.550735801523309","10_10"
"10.7488877857731","1.18856189333845","0.819764799807204","1.63724966887305","0.748887785773088","0.376385528392257","0.9768","0.978662179660383","0.874009815338685","0.998534990085708","10_10"
"10.0158751127065","2.01515375508011","0.368896684741322","3.43722043379978","0.0158751127064913","0.26854241053476","1","0.633143246678292","0.213042189370339","0.541641503286529","10_10"
"10.0922250055893","1.82287840410509","0.474521076347972","3.20408253831601","0.0922250055893007","0.269800820346656","1","0.75413542087731","0.399433506860026","0.737343312380566","10_10"
"10.0483546483017","1.93671393311107","0.412469100345211","3.32987246141247","0.0483546483016726","0.29341378729421","1","0.759305783178466","0.418105275338324","0.589683688107783","10_10"
"10.0113467041956","2.05004781284123","0.3454646695756","3.46363764101658","0.0113467041955519","0.279246295878987","1","0.563893394489455","0.235310828227114","0.5513188768305","10_10"
"10.0895695136642","1.82751987341379","0.475453767840669","3.20657157919272","0.0895695136641539","0.263646823769641","1","0.701323983521734","0.384245355865469","0.846807656736443","10_10"
"10.0130646370231","2.09136910170647","0.325707142506152","3.46465910791575","0.013064637023054","0.350698089194063","1","0.679497957807677","0.435176148668977","0.391091477193206","10_10"
"10.3169470560964","1.58386382002717","0.624136528902779","2.68403607422768","0.316947056096388","0.254971573861895","1","0.869313989903297","0.400495040791485","0.746226234530965","10_10"
"10.7522953618729","1.16691645284724","0.8386050502828","1.62221117115896","0.752295361872876","0.327069285114981","0.9842","0.948017831158958","0.737492467077286","0.990570544115269","10_10"
"10.4994415373514","1.4496912031079","0.700631146999723","2.31823588537174","0.499441537351443","0.268920543251841","1","0.980209972431262","0.445768225533975","0.662522361598472","10_10"
"10.149855312551","1.7773073283837","0.503872059274959","3.06339039543248","0.149855312550976","0.278834659091542","1","0.815815248136243","0.519555302199399","0.712133657057559","10_10"
"10.7098163531882","1.2964426693902","0.760266371994828","1.80178654001198","0.709816353188225","0.335130794507839","0.9936","0.993446984435571","0.872942300281957","0.90611050678703","10_10"
"10.1710775446629","1.84239625971488","0.452561358507524","3.06378700166358","0.171077544662923","0.316605859076134","1","0.853482972256745","0.839921588790626","0.710293883003739","10_10"
"10.3294214656706","1.54688163338133","0.63924940232665","2.63576277519222","0.329421465670551","0.253451663193897","1","0.869491046155556","0.336254495778811","0.749484886154195","10_10"
"10.6862660065435","1.33747925976643","0.722333981352267","1.864787556725","0.68626600654345","0.352812343190989","0.9938","0.999965268518225","0.977896350929606","0.915944044217026","10_10"
"10.5541416784262","1.50741989431254","0.635098433233024","2.28829432590807","0.554141678426216","0.318403176196547","1","0.8829845939884","0.894768048776314","0.946367774476835","10_10"
"10.7522953618729","1.16691645284724","0.8386050502828","1.62221117115896","0.752295361872876","0.327069285114981","0.9842","0.948017831158958","0.737492467077286","0.990570544115269","10_10"
"10.3194529839302","1.70284555032176","0.524845313385821","2.798378419213","0.319452983930233","0.312158560100515","1","0.851630518016939","0.880393963235757","0.848562541313652","10_10"
"10.5054105021966","1.43349065721513","0.710186816199062","2.29700159707468","0.505410502196629","0.25430384803268","1","0.883610257060732","0.432045899118004","0.832871672336452","10_10"
"10.2688056277965","1.66826976722631","0.570472944508114","2.82372945367249","0.268805627796537","0.273764203829922","1","0.868044313095932","0.554343243453475","0.730022213154877","10_10"
"10.047182851585","2.04434374605872","0.329958804529513","3.3724221201719","0.0471828515850167","0.361121636077002","1","0.843924708979366","0.872879230574276","0.471798233006657","10_10"
"10.083347779693","1.96229240621101","0.373678913765302","3.27983704396608","0.0833477796929505","0.324852483561773","1","0.763352523771444","0.869968092328979","0.765394168940016","10_10"
"10.7098163531882","1.2964426693902","0.760266371994828","1.80178654001198","0.709816353188225","0.335130794507839","0.9936","0.993446984435571","0.872942300281957","0.90611050678703","10_10"
"10.7181099536661","1.25553499217176","0.786464837209653","1.73229052069469","0.718109953666127","0.34225733439761","0.989","0.971548120278972","0.861594266459718","0.963190157719224","10_10"
"10.7424094489169","1.21371017880007","0.808155736098233","1.69439137549783","0.742409448916919","0.340112881160037","0.9868","0.948370196017488","0.798206093459647","0.991528652366621","10_10"
"10.478032333968","1.49626010212525","0.678829951281351","2.40663976413219","0.47803233396798","0.263573628098458","1","0.835573248828312","0.562296918094701","0.919293244186548","10_10"
"10.0054286322285","2.21957887107326","0.22999684217086","3.52264490690667","0.0054286322284655","0.510155816804805","1","0.587171261870601","0.690258635061513","0.399409950012341","10_10"
"10.0460827597726","1.9318075415747","0.420383657895681","3.32989227764899","0.0460827597725666","0.269904603108263","1","0.630711067993742","0.35745084650148","0.882779493211698","10_10"
"10.4944518752182","1.50140195700449","0.672894624975976","2.38076101791303","0.494451875218194","0.27425129427993","1","0.915451482382645","0.588013417870896","0.791888618683436","10_10"
"10.6417912310108","1.33990128824705","0.769387064563409","2.01464877374914","0.641791231010784","0.266571006204005","1","0.980244703913036","0.467871874604369","0.746578317381446","10_10"
"10.1528981017228","1.75635434574989","0.512423385737103","3.06388205543258","0.15289810172279","0.269071517697692","1","0.760848580972446","0.487959355528338","0.826055343819903","10_10"
"10.7488877857731","1.18856189333845","0.819764799807204","1.63724966887305","0.748887785773088","0.376385528392257","0.9768","0.978662179660383","0.874009815338685","0.998534990085708","10_10"
"10.7103864218413","1.26369460799989","0.778984832225973","1.76424837393158","0.710386421841266","0.320545426782232","0.9958","0.950547189281852","0.761316719412763","0.936107778410211","10_10"
"10.1343661497615","1.85490113977943","0.446875591419862","3.13963670974031","0.134366149761535","0.317604818428992","1","0.87252233813175","0.724643499090794","0.599105329515949","10_10"
"10.2247199319999","1.64466715893129","0.577820064923779","2.86505728065903","0.224719931999884","0.251641364814535","1","0.837448956555412","0.339756686182518","0.730013610289217","10_10"
"10.06416005217","1.90217109412155","0.425613345078762","3.29154194526828","0.0641600521699787","0.289831858091857","1","0.816145434036234","0.465208056339998","0.52569730825319","10_10"
"10.0194161960358","2.08382557404302","0.319490636105539","3.44660172222565","0.0194161960358128","0.329786419808204","1","0.624353455804567","0.623403107626345","0.760213304973745","10_10"
"10.4971582212641","1.47306866635816","0.690432404293406","2.34698386003024","0.497158221264113","0.269638241996301","1","0.960366580603495","0.505293362337386","0.702794912969694","10_10"
"10.2374060485698","1.64673819394163","0.58204855368296","2.83768645413238","0.237406048569758","0.252058651299083","1","0.852986597520381","0.377386813623535","0.714260051709595","10_10"
"10.763442807013","1.14976725744634","0.849358927371872","1.59792937216642","0.76344280701301","0.365474617852966","0.9718","0.978309814801854","0.813296188956324","0.997576881834356","10_10"
"10.5489531822099","1.49119275439818","0.659868187669115","2.28340257634782","0.548953182209913","0.309443215126557","0.9998","0.845476591693577","0.773972671544264","0.977850528809884","10_10"
"10.3551633028324","1.64550345200191","0.583215000526195","2.70339747942241","0.355163302832356","0.294053783692715","1","0.857164653272698","0.682406573915144","0.825511928880587","10_10"
"10.2627687447181","1.67157876790593","0.570136474866864","2.84378079541471","0.262768744718144","0.277626522630775","1","0.848632900035383","0.555415295547364","0.762740740760192","10_10"
"10.7259945604317","1.24356888908855","0.794901459946069","1.75167568523413","0.725994560431723","0.312388475379938","0.9952","0.942732112663547","0.671913293199268","0.925933343237597","10_10"
"10.5346895890375","1.4725130659446","0.693701050922849","2.27415628231419","0.53468958903752","0.273696231317558","1","0.849830289178575","0.595944189620435","0.929369839759288","10_10"
"10.7103864218413","1.26369460799989","0.778984832225973","1.76424837393158","0.710386421841266","0.320545426782232","0.9958","0.950547189281852","0.761316719412763","0.936107778410211","10_10"
"10.5503682236553","1.42477881577385","0.728111731451205","2.21630006650396","0.550368223655274","0.257851456993262","1","0.883219095026526","0.48860076686463","0.864760878083596","10_10"
"10.7540965090987","1.11626750246146","0.869656423715898","1.55592094359151","0.754096509098686","0.347571514223138","0.9718","0.970466249515888","0.741038677459039","0.99095965949689","10_10"
"10.7224861072076","1.25894280238112","0.786473239320227","1.73429833444715","0.722486107207599","0.339387420325902","0.9886","0.962083132732458","0.858964721290413","0.97561838630924","10_10"
"10.6002948078154","1.446516807296","0.682455327647969","2.15784619938086","0.60029480781538","0.310096746667023","0.9996","0.877122333748797","0.799193623610553","0.961812433623699","10_10"
"10.4947200196469","1.54309600779751","0.631990591895044","2.38151532726066","0.494720019646859","0.311922127475292","1","0.846795485298558","0.788705538164624","0.95014539022169","10_10"
"10.7522953618729","1.16691645284724","0.8386050502828","1.62221117115896","0.752295361872876","0.327069285114981","0.9842","0.948017831158958","0.737492467077286","0.990570544115269","10_10"
"10.358985107464","1.57294371244407","0.631263382161417","2.63152859863632","0.358985107463993","0.268190358956354","1","0.871937118640601","0.492680249200841","0.778003430099451","10_10"
"10.6429871329551","1.4004728897001","0.697488608724832","2.03865055659272","0.642987132955123","0.323663284079332","0.9986","0.899211276057795","0.849099516442225","0.968326270001951","10_10"
"10.5214161375828","1.51930166013238","0.633224238923687","2.351467255916","0.521416137582798","0.310997809773551","1","0.883375756022605","0.838213181029688","0.914478568729691","10_10"
"10.4483980345197","1.48401460261262","0.682462571798775","2.43897254108285","0.448398034519688","0.25171337664059","1","0.871345341679738","0.452376906774336","0.825811505840709","10_10"
"10.419241746885","1.49214136856564","0.672520548526578","2.48017449964467","0.419241746884959","0.261321735746399","1","0.919269088183034","0.406456839236417","0.719480990046923","10_10"
"10.6981546428933","1.30816695760634","0.759844622734886","1.8783697567255","0.698154642893261","0.30476504677688","0.9976","0.883621032868942","0.684646330640253","0.987813630607931","10_10"
"10.7308393851873","1.24182474828856","0.793307181000686","1.70784477142657","0.730839385187346","0.354891489532544","0.9862","0.956213761303454","0.870463604956933","0.998145874704087","10_10"
"10.5087048907711","1.52318687544542","0.65744648607596","2.36458113194916","0.508704890771081","0.299939545339979","1","0.92326655900095","0.677416844084391","0.802063053856049","10_10"
"10.7456654154959","1.20868298248681","0.814605596045684","1.68085742046797","0.745665415495857","0.327379392976813","0.9894","0.948670810414425","0.756622423002067","0.973850517598289","10_10"
"10.3410628051093","1.67115346775801","0.564599074886808","2.74512821525528","0.341062805109319","0.305650487646932","1","0.911769801366692","0.745528432746378","0.726292051487808","10_10"
"10.2899922182728","1.62404368910083","0.59956344534046","2.74636888411672","0.289992218272848","0.259615456166999","1","0.878546448975873","0.438593209283487","0.713327533211988","10_10"
"10.4649493385778","1.56546529679139","0.621346259425625","2.46750294661519","0.464949338577765","0.309883078515855","1","0.881130298464218","0.778645637780789","0.870041154790322","10_10"
"10.1264507090621","1.84287079676804","0.461013837596371","3.15737273395143","0.126450709062116","0.312458513996607","1","0.899970047118328","0.615143054531734","0.511992958607152","10_10"
"10.4733643337771","1.45919257558011","0.69485339274369","2.37640743327854","0.473364333777142","0.261017539952941","1","0.9130054098976","0.431587664448866","0.76337007473818","10_10"
"10.5952261557333","1.46133475324062","0.659805588118737","2.16244024424585","0.595226155733314","0.313776628594531","0.9992","0.881665700383419","0.880035182155954","0.97407291306503","10_10"
"10.7371700642759","1.22493016534921","0.804270701925708","1.69372728447005","0.737170064275901","0.325658844365155","0.9926","0.949894210026386","0.742186763487982","0.95282780492719","10_10"
"10.5013882274076","1.54248420292138","0.616155714142881","2.39924775384767","0.501388227407614","0.318124826396901","1","0.85133885193318","0.869547096710025","0.962405869663021","10_10"
"10.7103864218413","1.26369460799989","0.778984832225973","1.76424837393158","0.710386421841266","0.320545426782232","0.9958","0.950547189281852","0.761316719412763","0.936107778410211","10_10"
"10.763442807013","1.14976725744634","0.849358927371872","1.59792937216642","0.76344280701301","0.365474617852966","0.9718","0.978309814801854","0.813296188956324","0.997576881834356","10_10"
"10.002946256385","2.28037201150859","0.182902490780841","3.53929621709375","0.00294625638496465","0.650243300905976","1","0.289980886038393","0.684646330640253","0.987813630607931","10_10"
"10.4102530835444","1.6095452914464","0.596044329045059","2.59755349536321","0.410253083544425","0.301841454019569","1","0.864366277394143","0.767850229503822","0.863586878226737","10_10"
"10.763442807013","1.14976725744634","0.849358927371872","1.59792937216642","0.76344280701301","0.365474617852966","0.9718","0.978309814801854","0.813296188956324","0.997576881834356","10_10"
"10.7012308077861","1.3027273706427","0.757492575968376","1.81813975004248","0.701230807786107","0.330897641441641","0.9946","0.925726431877256","0.849895007234337","0.993535184430905","10_10"
"10.0271345450139","2.07629610508945","0.318629248607534","3.42188284164841","0.0271345450138706","0.381429865628671","1","0.898743789198247","0.73651226569284","0.166742393514141","10_10"
"10.6272031948618","1.4234008112675","0.68532494331009","2.07140068799904","0.627203194861771","0.321074489331352","0.999","0.905449275688629","0.864853261775101","0.953527664956427","10_10"
"10.763442807013","1.14976725744634","0.849358927371872","1.59792937216642","0.76344280701301","0.365474617852966","0.9718","0.978309814801854","0.813296188956324","0.997576881834356","10_10"
"10.503021979271","1.52300337616717","0.651789954077713","2.36888772240503","0.503021979270985","0.299305732091733","1","0.848499621184293","0.708837322417846","0.935947445003475","10_10"
"10.7347894510187","1.23268224099867","0.803543883200486","1.69748100824812","0.734789451018721","0.344769477004439","0.9874","0.970389043425901","0.828992096714473","0.965589720422054","10_10"
"10.6320009952182","1.37922435531399","0.744574699024303","2.04073370812144","0.632000995218168","0.275611430594116","1","0.915955776404649","0.561632473998409","0.864272752515802","10_10"
"10.6769324401569","1.34876969122386","0.73533279776163","1.94441513061841","0.676932440156904","0.302565491369227","0.9984","0.908791345364817","0.722158399781578","0.939515054519681","10_10"
"10.6020658314324","1.45055709734307","0.670603569978502","2.15921344788137","0.602065831432435","0.322025378752992","0.9992","0.913863085448803","0.858781778752284","0.919089259002873","10_10"
"10.7202466418998","1.24916535569966","0.789155511340309","1.74210787482614","0.720246641899847","0.317998158575951","0.9942","0.951107007984327","0.768478128545691","0.94772907716684","10_10"
"10.7342652238868","1.21835328326187","0.805560412255831","1.69100024345084","0.734265223886797","0.318646946580279","0.9924","0.925376876785978","0.723804650271437","0.984406354498461","10_10"
"10.6036071171689","1.44414622022626","0.680341561857499","2.15950210432056","0.603607117168898","0.31580019174782","0.9992","0.891296527398557","0.822517273271539","0.946465730141993","10_10"
"10.729389259927","1.26374895899604","0.809817406640749","1.77351441990738","0.729389259926954","0.269312096458029","0.997","0.921211160601313","0.493660450585287","0.900728006897614","10_10"
"10.3994523855418","1.5376427527268","0.655979653915432","2.53956160421508","0.39945238554181","0.264779645576679","1","0.885715420999062","0.46534882986372","0.774259084797415","10_10"
"10.7218897745583","1.25603554804422","0.785202863184292","1.73650503213832","0.721889774558313","0.341011941775886","0.9886","0.955653942600978","0.863302195824005","0.986524575947457","10_10"
"10.6961976123943","1.32828415844231","0.737650152849585","1.87606889889043","0.696197612394257","0.330834225455411","0.9968","0.917562692737615","0.872309249024006","0.997852999623263","10_10"
"10.4100283604315","1.60750013524633","0.604536978982111","2.59216961265126","0.410028360431543","0.293245400745798","1","0.873928674342772","0.693201982192111","0.831966205444172","10_10"
"10.6396147653506","1.36981121360293","0.752582790868827","2.02430856827069","0.639614765350599","0.273014500560198","1","0.939781746156499","0.541868483649726","0.825030665459974","10_10"
"10.7103864218413","1.26369460799989","0.778984832225973","1.76424837393158","0.710386421841266","0.320545426782232","0.9958","0.950547189281852","0.761316719412763","0.936107778410211","10_10"
"10.7102101489033","1.28271959911334","0.779689754332545","1.81862254769219","0.710210148903338","0.298347095763771","0.9986","0.949826415618716","0.601864714330208","0.869581614358715","10_10"
"10.5647596892227","1.440454224243","0.707343032686299","2.20677580319535","0.564759689222668","0.276755218020047","1","0.871413136087408","0.592698955932111","0.909057696409185","10_10"
"10.3474763720426","1.65936617099696","0.567838723730753","2.71445327054185","0.347476372042594","0.304840819272816","1","0.855460517386963","0.762274789661922","0.839709874098802","10_10"
"10.7540965090987","1.11626750246146","0.869656423715898","1.55592094359151","0.754096509098686","0.347571514223138","0.9718","0.970466249515888","0.741038677459039","0.99095965949689","10_10"
"10.7522953618729","1.16691645284724","0.8386050502828","1.62221117115896","0.752295361872876","0.327069285114981","0.9842","0.948017831158958","0.737492467077286","0.990570544115269","10_10"
"10.6726501429827","1.35901212806007","0.719170239569056","1.95551049028353","0.672650142982721","0.331081680221009","0.998","0.920316768949257","0.878189538088882","0.974365788145853","10_10"
"10.7185284056736","1.28491171436945","0.774214256204614","1.82246363206143","0.718528405673631","0.309615517100041","0.9974","0.918948537358337","0.687095213580121","0.9464785913462","10_10"
"10.4303835146626","1.50113082479592","0.671667058352824","2.47263001764799","0.430383514662574","0.262158184418783","1","0.89922710753914","0.458919083785986","0.767114420040216","10_10"
"0.765723224290285","0.844379919888031","1.03936951370968","0.941301186341155","0.765723224290285","0.268539375109412","0.8438","0.965299566840062","0.10212059924379","0.947999841546765","10_10"
"10.6766757400135","1.35145425364807","0.727629599798375","1.93539724808414","0.67667574001353","0.324236440954432","0.9984","0.939163641935594","0.86048912261557","0.942117804768889","10_10"
"10.6834789694925","1.33925481290498","0.733331338749672","1.90690003160782","0.683478969492508","0.325896625985551","0.9976","0.930353386114187","0.861594851960719","0.963496030181441","10_10"
"10.6029311894638","1.44059956367698","0.686788842290138","2.15357057791202","0.602931189463791","0.308971500555968","0.9998","0.926160361696581","0.792991098813364","0.880615302671354","10_10"
"10.7500567526878","1.17921835855149","0.831593080804504","1.64037247932433","0.750056752687793","0.337954032877799","0.9846","0.966940345397222","0.765426355023942","0.969828379673221","10_10"
"10.7342223267918","1.24925194170263","0.791201746688559","1.73843972837359","0.734222326791786","0.325794742508604","0.9926","0.958110599919608","0.789602489219354","0.951232737109864","10_10"
"10.7576217648313","1.15746285168997","0.847973966881106","1.61471722973402","0.757621764831289","0.362395996879463","0.9762","0.971306222866574","0.792171828282661","0.994073221891332","10_10"
"10.7185284056736","1.28491171436945","0.774214256204614","1.82246363206143","0.718528405673631","0.309615517100041","0.9974","0.918948537358337","0.687095213580121","0.9464785913462","10_10"
"10.7185284056736","1.28491171436945","0.774214256204614","1.82246363206143","0.718528405673631","0.309615517100041","0.9974","0.918948537358337","0.687095213580121","0.9464785913462","10_10"
"10.7464378829902","1.20868725737873","0.811459763656102","1.68884950736308","0.746437882990235","0.325544919043449","0.9896","0.942143364519667","0.762412006912662","0.984037906177727","10_10"
"10.6668213708992","1.36531588763547","0.724345512017895","1.97702066842858","0.666821370899156","0.307644460691254","0.9986","0.903968442464172","0.748817298583274","0.946475877192293","10_10"
"10.7377359710798","1.2314572165777","0.797439131002171","1.70324275930848","0.737735971079767","0.335190795958493","0.9902","0.961916658686484","0.809186553345146","0.963856280571346","10_10"
"10.6625150663051","1.36530073388063","0.723965511482116","1.98098780592003","0.662515066305129","0.30925325710915","0.9986","0.906276622292722","0.760795188268386","0.9464684442959","10_10"
"10.7185284056736","1.28491171436945","0.774214256204614","1.82246363206143","0.718528405673631","0.309615517100041","0.9974","0.918948537358337","0.687095213580121","0.9464785913462","10_10"
"10.7102101489033","1.28271959911334","0.779689754332545","1.81862254769219","0.710210148903338","0.298347095763771","0.9986","0.949826415618716","0.601864714330208","0.869581614358715","10_10"
"10.7218897745583","1.25603554804422","0.785202863184292","1.73650503213832","0.721889774558313","0.341011941775886","0.9886","0.955653942600978","0.863302195824005","0.986524575947457","10_10"
"10.7133380690673","1.2874167924842","0.774906505135906","1.82965101403828","0.713338069067321","0.308239535508569","0.9978","0.937529139370937","0.667655394269127","0.908055570690233","10_10"
"10.6639120356848","1.35481059338646","0.756529118045839","1.96913791618623","0.663912035684797","0.280413441350018","0.9994","0.908215417194937","0.573405729840302","0.895873199784554","10_10"
"10.763442807013","1.14976725744634","0.849358927371872","1.59792937216642","0.76344280701301","0.365474617852966","0.9718","0.978309814801854","0.813296188956324","0.997576881834356","10_10"
"10.729389259927","1.26374895899604","0.809817406640749","1.77351441990738","0.729389259926954","0.269312096458029","0.997","0.921211160601313","0.493660450585287","0.900728006897614","10_10"
"10.6744395797286","1.35226472320721","0.726479736218607","1.950270679838","0.674439579728626","0.322332201321729","0.9984","0.922217043724466","0.82757106841622","0.95259484862439","10_10"
"10.0653841489269","1.95700591655308","0.387191678035923","3.31390209010517","0.0653841489268945","0.341131595678157","1","0.856239980394005","0.697064066575952","0.47614038689062","10_10"
"10.7329536581803","1.23182989481446","0.796971024769272","1.7201278389088","0.732953658180263","0.328535675898505","0.9906","0.953622555692212","0.790384740073248","0.965958168742788","10_10"
"10.6961976123943","1.32828415844231","0.737650152849585","1.87606889889043","0.696197612394257","0.330834225455411","0.9968","0.917562692737615","0.872309249024006","0.997852999623263","10_10"
"10.6583990879969","1.36239253032068","0.750352505091665","1.99804470003119","0.658399087996913","0.282129688678278","1","0.93788147138129","0.592486953322387","0.846801604981437","10_10"
"10.7540965090987","1.11626750246146","0.869656423715898","1.55592094359151","0.754096509098686","0.347571514223138","0.9718","0.970466249515888","0.741038677459039","0.99095965949689","10_10"
"10.7540965090987","1.11626750246146","0.869656423715898","1.55592094359151","0.754096509098686","0.347571514223138","0.9718","0.970466249515888","0.741038677459039","0.99095965949689","10_10"
"10.7301606117113","1.23571532386503","0.799604273538192","1.73329344634322","0.730160611711342","0.312118761755582","0.9946","0.932383269482007","0.67322229834885","0.948945529812604","10_10"
"10.0902020977403","1.90086097322628","0.423076704496765","3.24623904535417","0.0902020977402971","0.298518971953793","1","0.66265130485408","0.68929564486024","0.964068470221489","10_10"
"10.641060758441","1.39474138911586","0.705331459233816","2.03966169647234","0.641060758440972","0.319032168147077","0.9992","0.937759915085965","0.806831954070239","0.895001872691964","10_10"
"10.7483250991433","1.19675037696785","0.815894786539963","1.67137232305611","0.748325099143282","0.316176663445066","0.9916","0.920635323582775","0.68448813460946","0.98871677256722","10_10"
"10.0268541314453","2.07670814981906","0.319369777285237","3.41995417860176","0.0268541314452697","0.319803318278065","1","0.577510603936389","0.732214949444176","0.971224785525227","10_10"
"10.5643089719274","1.47556096598093","0.6713989405789","2.25363988071876","0.564308971927445","0.305776909185286","1","0.893402260426031","0.740261752856598","0.896372553892434","10_10"
"10.7306557859512","1.25353521716338","0.784258732657215","1.75779728610365","0.730655785951173","0.328297648878235","0.993","0.942344857620683","0.798028653191539","0.973787402873133","10_10"
"10.7459837972558","1.19912043018181","0.8208832735755","1.65729056846969","0.745983797255766","0.324346860618108","0.9876","0.93927585348412","0.743162969814542","0.987705986855615","10_10"
"10.8596653172613","0.978503784236583","0.953656006331064","1.20813671915817","0.859665317261272","0.237335182528159","0.9734","0.94724937851267","0.129306000424549","0.905744094763295","10_10"
"10.0032883019229","2.27189455312999","0.190390112934265","3.54420240391844","0.00328830192291304","0.583321570131077","1","0.357248281361535","0.745649830969008","0.986134976231065","10_10"
"10.6766757400135","1.35145425364807","0.727629599798375","1.93539724808414","0.67667574001353","0.324236440954432","0.9984","0.939163641935594","0.86048912261557","0.942117804768889","10_10"
"10.5520102817363","1.48784311442147","0.663901126719848","2.27497738705671","0.552010281736334","0.306242398718427","1","0.888122568789875","0.74856251468679","0.90122684624425","10_10"
"10.7343917094929","1.2345906237243","0.795968526958024","1.71768036271399","0.734391709492878","0.331454745286912","0.9904","0.958652032145216","0.797286428845624","0.961378383356656","10_10"
"10.5231166500011","1.5087445889476","0.667772775262707","2.32084807358106","0.523116650001136","0.294927149724261","1","0.859553390760461","0.675515504151031","0.920717949960468","10_10"
"10.6450449410376","1.39092974327086","0.711651299465379","2.03054952807178","0.645044941037553","0.311837723221321","0.9992","0.946753784773556","0.789685828744753","0.878717841414757","10_10"
"10.2198268560195","1.757232959335","0.50925351379335","2.96791408014603","0.219826856019472","0.301969465614505","1","0.869114342260696","0.717597501987741","0.708137146489692","10_10"
"10.7576217648313","1.15746285168997","0.847973966881106","1.61471722973402","0.757621764831289","0.362395996879463","0.9762","0.971306222866574","0.792171828282661","0.994073221891332","10_10"
"10.1207167656459","1.87253500937133","0.435816183991837","3.17659590441297","0.120716765645936","0.329616830089899","1","0.888808391731436","0.726030517418123","0.542986147138653","10_10"
"10.5287695654156","1.52763968145062","0.636695616013635","2.33423770184039","0.528769565415563","0.319915354838446","1","0.939163641935594","0.86048912261557","0.829913498600945","10_10"
"10.0949248919799","1.89883800021217","0.420241522575831","3.23079897929388","0.0949248919798533","0.329598688206966","1","0.872085854068302","0.697318850472437","0.521389417838663","10_10"
"10.7324007315285","1.2441663797484","0.790847192664983","1.7332049557823","0.732400731528512","0.332094506142266","0.9914","0.961375226460876","0.801502613718876","0.953710634324554","10_10"
"10.7271331189554","1.25408319373397","0.786324918393991","1.73967567497766","0.727133118955435","0.330098189635455","0.9914","0.951178408970357","0.821714243507343","0.972880667642589","10_10"
"10.763442807013","1.14976725744634","0.849358927371872","1.59792937216642","0.76344280701301","0.365474617852966","0.9718","0.978309814801854","0.813296188956324","0.997576881834356","10_10"
"10.7219081667535","1.26729292480429","0.782012479593418","1.74995745949587","0.721908166753466","0.331194821244291","0.9922","0.957196749894807","0.841934157595136","0.966690868485238","10_10"
"10.7464378829902","1.20868725737873","0.811459763656102","1.68884950736308","0.746437882990235","0.325544919043449","0.9896","0.942143364519667","0.762412006912662","0.984037906177727","10_10"
"10.7185284056736","1.28491171436945","0.774214256204614","1.82246363206143","0.718528405673631","0.309615517100041","0.9974","0.918948537358337","0.687095213580121","0.9464785913462","10_10"
"10.7442306773494","1.20012333750422","0.818021970211778","1.66887453827812","0.74423067734941","0.328196070484081","0.9862","0.943622885735268","0.760699371824622","0.987764821193094","10_10"
"10.7086250767958","1.28912659584646","0.766602075438752","1.83012321342987","0.708625076795813","0.308480290212369","0.9972","0.937897838178456","0.712072226616868","0.924113899248857","10_10"
"10.7525477405298","1.17341663667402","0.834412448111066","1.63379739184338","0.752547740529777","0.334767956266828","0.9846","0.953218306737971","0.757800853402693","0.988862589443551","10_10"
"10.7114421005192","1.27531689064989","0.773066187857844","1.81859023694069","0.71144210051917","0.319710158137192","0.9964","0.934692094678277","0.735605554191207","0.944610259260182","10_10"
"10.7527070952057","1.1588364361963","0.845603201936911","1.60720741395981","0.752707095205668","0.337349258305189","0.9808","0.968701885029799","0.754303537860999","0.975297626121733","10_10"
"10.1546230040103","1.7804249403496","0.49151692979222","3.06864299390282","0.154623004010266","0.278137453792562","1","0.711313331288556","0.587185870549511","0.939223720045576","10_10"
"10.6906614551783","1.30902805619709","0.753261619174411","1.84894893148258","0.690661455178349","0.315818218607283","0.9976","0.936854816739324","0.798105866773214","0.946453075321311","10_10"
"10.6906346774196","1.32084032253445","0.751948958713219","1.88946328707","0.690634677419609","0.305116935461693","0.998","0.922613644513603","0.710528116839","0.928327792725001","10_10"
"10.7497064931583","1.195260051547","0.822521847950679","1.65372803429154","0.749706493158341","0.320914994631957","0.9878","0.937133930238483","0.734686487627057","0.988799801156046","10_10"
"10.7487239294183","1.1885962454682","0.826364392284432","1.6511252442172","0.748723929418283","0.324718888640968","0.986","0.943019022192115","0.744213270671732","0.988808925056991","10_10"
"10.7217964086483","1.24904376000178","0.787125182651083","1.74581196408591","0.721796408648325","0.315179300901987","0.9952","0.922116583434763","0.734111829236076","0.976835525222201","10_10"
"10.763442807013","1.14976725744634","0.849358927371872","1.59792937216642","0.76344280701301","0.365474617852966","0.9718","0.978309814801854","0.813296188956324","0.997576881834356","10_10"
"10.6442579442083","1.39222631218261","0.706615094462352","2.02893963447286","0.644257944208284","0.321792751061947","0.9992","0.941543091535334","0.810029797146411","0.892713368991089","10_10"
"10.7335337342864","1.22499946624227","0.801964627503643","1.71089763868434","0.733533734286434","0.314384686559758","0.9942","0.936107807407694","0.696146354158587","0.957349052979613","10_10"
"10.7525477405298","1.17341663667402","0.834412448111066","1.63379739184338","0.752547740529777","0.334767956266828","0.9846","0.953218306737971","0.757800853402693","0.988862589443551","10_10"
"10.6885819671561","1.32888443051538","0.745128668729406","1.90551510601804","0.688581967156064","0.315131449029486","0.9984","0.946286369264873","0.754374961729779","0.901849249753516","10_10"
"10.6703147065515","1.37126634068878","0.711891652524798","1.97614330187915","0.670314706551467","0.329608830151563","0.999","0.956272582545476","0.847745754314783","0.898578512966512","10_10"
"10.7570380173557","1.17120181458189","0.827014858692303","1.64205728384832","0.757038017355652","0.323968422584505","0.989","0.951662101102184","0.689188045024617","0.955646892204077","10_10"
"10.8596653172613","0.978503784236583","0.953656006331064","1.20813671915817","0.859665317261272","0.237335182528159","0.9734","0.94724937851267","0.129306000424549","0.905744094763295","10_10"
"10.7254084326513","1.23776206197627","0.830416267966365","1.75935650061105","0.725408432651258","0.250045478805479","0.9982","0.907298893114305","0.390846139653163","0.904147959128108","10_10"
"10.7256840299932","1.25153011267531","0.788393561309302","1.75709556315641","0.725684029993178","0.313280358811915","0.9956","0.93423273102319","0.68863932335799","0.942264697870056","10_10"
"10.7361268565332","1.21992169509055","0.806840930760826","1.70187623008029","0.73612685653322","0.343745447611453","0.987","0.967758863316578","0.809275994106375","0.965559448253583","10_10"
"10.7583252281197","1.170693046201","0.834428766847234","1.62073170033937","0.758325228119693","0.321932452411977","0.9862","0.936719700082264","0.707602500385097","0.988779560854726","10_10"
"10.8596653172613","0.978503784236583","0.953656006331064","1.20813671915817","0.859665317261272","0.237335182528159","0.9734","0.94724937851267","0.129306000424549","0.905744094763295","10_10"
"10.7205036119056","1.25369360012056","0.785670491741785","1.74958695559017","0.720503611905561","0.317352989410085","0.9958","0.94142147145335","0.745102827146006","0.949831424007462","10_10"
"10.7344007017735","1.22913653201444","0.801195652050564","1.72787751644903","0.734400701773527","0.311675793559792","0.9946","0.934692094678277","0.664201692910865","0.944610259260182","10_10"
"10.7503912355106","1.17873805458895","0.833760847048329","1.62261408852994","0.750391235510625","0.345953874402886","0.981","0.960100215167797","0.785819738850296","0.993776035565742","10_10"
"10.8400651882086","1.0191112148818","0.929301247680836","1.31438393612439","0.840065188208642","0.232320343759177","0.9888","0.933352745824397","0.0715024236124009","0.897968689527621","10_10"
"10.7512321670574","1.17378087441165","0.835349707606164","1.63163378453692","0.751232167057377","0.326694449265897","0.985","0.961972508254726","0.7448062649062","0.970076461374453","10_10"
"10.7542418931826","1.1806830351913","0.835684405779537","1.63138419984804","0.754241893182622","0.352877585090207","0.9812","0.971926177946151","0.805522808568825","0.985728067905327","10_10"
"10.8596653172613","0.978503784236583","0.953656006331064","1.20813671915817","0.859665317261272","0.237335182528159","0.9734","0.94724937851267","0.129306000424549","0.905744094763295","10_10"
"10.7150596815309","1.2663321626374","0.777849117342384","1.77548119964394","0.715059681530902","0.31809292542882","0.996","0.920504742994124","0.755708021958197","0.979694288585674","10_10"
"10.7457675961977","1.18095790272806","0.828557271911495","1.65111999230875","0.745767596197664","0.332690446764801","0.9852","0.949475138029976","0.756750552545503","0.987759651242176","10_10"
"10.7301019745872","1.17897892549917","0.846768084188624","1.7164544534749","0.730101974587242","0.237007731687958","0.9988","0.940126651183391","0.235420161310341","0.833808343610725","10_10"
"10.7527070952057","1.1588364361963","0.845603201936911","1.60720741395981","0.752707095205668","0.337349258305189","0.9808","0.968701885029799","0.754303537860999","0.975297626121733","10_10"
"10.757262106439","1.15703533286218","0.84611438954608","1.59564583653525","0.757262106438959","0.351197930897022","0.9792","0.964424314436748","0.764152942835058","0.989159775769141","10_10"
"10.7527070952057","1.1588364361963","0.845603201936911","1.60720741395981","0.752707095205668","0.337349258305189","0.9808","0.968701885029799","0.754303537860999","0.975297626121733","10_10"
"10.7482312895092","1.19493336152691","0.823321676865746","1.65026380424706","0.748231289509191","0.322663362203488","0.9872","0.939044171270237","0.738560738351909","0.988800503858953","10_10"
"10.8512007596471","0.99632771754515","0.942608336760937","1.25962839316864","0.851200759647128","0.233550573031318","0.9826","0.939414531267208","0.0981888437426446","0.903255183118237","10_10"
"10.7945514917675","1.02909387989177","0.930196479971236","1.3455553804159","0.794551491767528","0.294417406303741","0.9624","0.940585977010331","0.423494051781628","0.966066655712182","10_10"
"10.8596653172613","0.978503784236583","0.953656006331064","1.20813671915817","0.859665317261272","0.237335182528159","0.9734","0.94724937851267","0.129306000424549","0.905744094763295","10_10"
"5.79429495423454","0.876155781344323","1.02416070604582","1.03655267152122","0.794294954234539","0.282707608432096","0.8824","0.958885564650594","0.198728457640394","0.958758532889557","10_10"
"10.0087385485935","2.08194671701818","0.331006981786088","3.48933760484452","0.00873854859346989","0.287788393374385","1","0.27056393912062","0.214597681693994","0.86120515688034","10_10"
"10.7503539585148","1.19731081271228","0.82119980967702","1.65084513149306","0.750353958514767","0.32548072240459","0.9888","0.936912739832557","0.72627444150935","0.983100517824752","10_10"
"10.7535609942665","1.17603271471788","0.838910943547821","1.62820017279883","0.753560994266509","0.3501727630398","0.9806","0.977511194381346","0.796514910980566","0.976195195027967","10_10"
"10.7570713440633","1.13566640035372","0.858685484280244","1.58295949767355","0.757071344063272","0.35846027914252","0.9728","0.969500505450307","0.771084815836757","0.996679312928122","10_10"
"10.7282150241107","1.24110578265912","0.795732364100152","1.74762625557385","0.728215024110655","0.313542297199747","0.9954","0.950336322116803","0.675383807690355","0.917062023248191","10_10"
"10.8596653172613","0.978503784236583","0.953656006331064","1.20813671915817","0.859665317261272","0.237335182528159","0.9734","0.94724937851267","0.129306000424549","0.905744094763295","10_10"
"10.0096447952638","2.04511934343245","0.358216979105009","3.45925341686496","0.0096447952638221","0.213464907447676","1","0.249787741340697","0.0715024236124009","0.897968689527621","10_10"
"10.7501441224792","1.13140312613384","0.85893681480181","1.57673913490913","0.75014412247924","0.337112980035117","0.9768","0.968508845279506","0.735631596736746","0.980976669151707","10_10"
"10.8596653172613","0.978503784236583","0.953656006331064","1.20813671915817","0.859665317261272","0.237335182528159","0.9734","0.94724937851267","0.129306000424549","0.905744094763295","10_10"
"10.7476106543032","1.18759493749544","0.825796787849259","1.646154019333","0.747610654303225","0.342312644030884","0.9842","0.958833866348392","0.78715554717424","0.987665759968035","10_10"
"10.8554092307379","0.979822029273127","0.955868755731423","1.1976115766614","0.855409230737865","0.242591579679837","0.9694","0.93478903972358","0.160669258888652","0.933461611079854","10_10"
"0.73910807933921","0.837653751024843","1.04602064559992","0.975631121109064","0.73910807933921","0.290463672455536","0.857","0.956998657424957","0.1959155979677","0.978955595110665","10_10"
"10.7708546457062","1.06186332310178","0.892540275574692","1.46998237773134","0.770854645706216","0.315787654018337","0.969","0.949391337187962","0.581570349683852","0.979224868388089","10_10"
"5.79740174418623","0.945568132096004","0.978592496788217","1.19064841712573","0.797401744186233","0.279773053726723","0.9328","0.950931357214625","0.321176477082368","0.961194947488671","10_10"
"10.746484527743","1.18960661530217","0.825129910502424","1.64849235375301","0.746484527742998","0.324539633574861","0.9862","0.941108781160361","0.740339019946879","0.988808222354083","10_10"
"10.8507598781736","1.00096864328729","0.942096006166962","1.26411754874742","0.850759878173568","0.233922553443672","0.9826","0.941187593069859","0.102619580294305","0.900457601172679","10_10"
"10.8135992839497","1.06346306386813","0.905825454530068","1.40398196884241","0.813599283949708","0.230528327583016","0.9936","0.94023799058107","0.150128480040896","0.87834728149368","10_10"
"10.7227769421722","1.26209706617396","0.783128953490886","1.78841925431057","0.722776942172229","0.311565313706873","0.9968","0.939985177554166","0.655935991869755","0.914338502455229","10_10"
"10.8243594749047","1.05118603880824","0.928639089552575","1.35689028405451","0.82435947490469","0.256185525318976","0.981","0.947333179354684","0.3044862032862","0.914278877617382","10_10"
"10.0082025509664","2.19475202282844","0.241668607471075","3.51053984661852","0.00820255096636589","0.413552329838633","1","0.48998980014585","0.805522808568825","0.985728067905327","10_10"
"10.8400651882086","1.0191112148818","0.929301247680836","1.31438393612439","0.840065188208642","0.232320343759177","0.9888","0.933352745824397","0.0715024236124009","0.897968689527621","10_10"
"10.7999975964022","1.10446191614858","0.899744928020098","1.47686124484972","0.799997596402222","0.275847148977949","0.9866","0.942241906844041","0.404758924376276","0.919661685057615","10_10"
"10.7738142806372","1.17227258572393","0.850424254742407","1.6031885419403","0.77381428063719","0.288229750112687","0.9926","0.935639695347743","0.508126799932726","0.925636331482501","10_10"
"10.7511494701446","1.16733514802335","0.840946334334025","1.6139051963663","0.751149470144581","0.352427562733253","0.9802","0.96631061833573","0.776168114797277","0.986924897380843","10_10"
"10.0035254336058","2.25232580355364","0.201523874343377","3.53422732782891","0.00352543360575018","0.603288077268151","1","0.33364394819364","0.661406564494997","0.912789129982698","10_10"
"10.0094405073079","2.07053606795497","0.343438644483754","3.47486834052426","0.00944050730794324","0.223143946119916","1","0.00586823979392648","0.106806749467496","0.908419416913266","10_10"
"10.096816123042","1.88570544234493","0.432545124555193","3.22241764408617","0.0968161230420354","0.296594366780653","1","0.690205555409193","0.661406564494997","0.912789129982698","10_10"
"10.8295131983201","0.994401540371537","0.95735238219155","1.25372548214708","0.829513198320144","0.266517330681776","0.9558","0.950442713384246","0.304803435690701","0.936961745477126","10_10"
"10.7092679662796","1.28606785422856","0.780416154310828","1.8193803605076","0.709267966279587","0.298445067207148","0.998","0.939602176537998","0.594844496161015","0.884251521313531","10_10"
"10.7577501807411","1.16784295678973","0.834922905106532","1.62017255184326","0.757750180741131","0.324282483220447","0.9866","0.958051309449425","0.708021101778833","0.95835342612981","10_10"
"10.5440177741203","1.33300291202788","0.757852465512965","2.1474882820556","0.544017774120306","0.22972823528708","1","0.847825538934086","0.217046734919224","0.898247985526114","10_10"
"10.0100119355865","2.1265541556646","0.298872378829136","3.48992828594593","0.0100119355865139","0.379003824867394","1","0.47132907086052","0.479466832740167","0.931729729256266","10_10"
"10.8167334747456","1.06125836645739","0.920566235517064","1.39779972485817","0.816733474745613","0.260199683493834","0.9826","0.944409239201135","0.336273933166094","0.919143259171973","10_10"
"10.7497122979572","1.23218092186316","0.817458420134999","1.71099149072659","0.749712297957241","0.28976954615918","0.9966","0.936655955596467","0.539342578034848","0.903828150231737","10_10"
"10.7424023640408","1.20126345297909","0.815993929224174","1.67797124308301","0.742402364040792","0.332649864718406","0.9864","0.94975471995284","0.771211186604926","0.981082920327055","10_10"
"10.0210803180445","2.11047869026075","0.301137779030018","3.44449769358447","0.0210803180445352","0.33866168834874","1","0.557183366433291","0.762566584084436","0.984605498692026","10_10"
"5.79671692457378","0.916636914741336","0.992848199883667","1.1410143235001","0.796716924573783","0.279003329645513","0.9202","0.939679985313308","0.29384472223179","0.982896264039101","10_10"
"10.0155856067633","2.03651933233343","0.35285127393878","3.45002931689991","0.0155856067632925","0.295060210462246","1","0.517443897270347","0.322288752812075","0.909774777596701","10_10"
"10.7407687973344","1.0372199596026","0.907869212803707","1.43376564374198","0.740768797334447","0.322057541363421","0.9632","0.958470483583514","0.597514710253166","0.985807708029069","10_10"
"10.8554092307379","0.979822029273127","0.955868755731423","1.1976115766614","0.855409230737865","0.242591579679837","0.9694","0.93478903972358","0.160669258888652","0.933461611079854","10_10"
"5.7428270948187","0.993722507372417","0.942585954735401","1.34521947003072","0.742827094818704","0.316997496050586","0.9496","0.966839464256723","0.515733906571188","0.970641202166463","10_10"
"10.7736224181376","1.08010976944189","0.882073401879055","1.49762586507363","0.773622418137626","0.313022074800249","0.9752","0.953816754699534","0.60118748534331","0.969474045741959","10_10"
"10.8243594749047","1.05118603880824","0.928639089552575","1.35689028405451","0.82435947490469","0.256185525318976","0.981","0.947333179354684","0.3044862032862","0.914278877617382","10_10"
"10.8596653172613","0.978503784236583","0.953656006331064","1.20813671915817","0.859665317261272","0.237335182528159","0.9734","0.94724937851267","0.129306000424549","0.905744094763295","10_10"
"10.0927031945538","1.8095412521549","0.491940757020821","3.18252820101706","0.0927031945538148","0.236691069415732","1","0.667983539418093","0.257340470733051","0.913830243413421","10_10"
"10.0535744550877","1.9695353799062","0.386770985521138","3.33539754873342","0.0535744550876526","0.297324053430917","1","0.619026587557775","0.637576574217283","0.971535111128097","10_10"
"10.0072045349626","2.14921515125437","0.291547351420624","3.49982900100887","0.00720453496257288","0.443697392808727","1","0.364980307030576","0.402309871151046","0.882618856411841","10_10"
"10.6334806056027","1.41331654484161","0.703076367715275","2.06927220159155","0.633480605602745","0.30807700844499","0.9988","0.869719173545116","0.769230665993738","0.984223087038053","10_10"
"10.8519986551834","0.992726445423184","0.944508703882114","1.2516820701666","0.851998655183418","0.232938826685415","0.982","0.939861639230353","0.0956235229392676","0.9041661288339","10_10"
"10.8043481522294","1.08909302484771","0.910974701441493","1.45433052706123","0.804348152229422","0.265650928334164","0.9854","0.945165846997591","0.372971194496382","0.914797303503024","10_10"
"10.7935220897678","1.07368727808615","0.906209084198431","1.43017830660656","0.793522089767842","0.283875475695227","0.9768","0.945460769848203","0.44145026329803","0.939015603941358","10_10"
"10.7945514917675","1.02909387989177","0.930196479971236","1.3455553804159","0.794551491767528","0.294417406303741","0.9624","0.940585977010331","0.423494051781628","0.966066655712182","10_10"
"10.7924220083071","1.12702895457854","0.89197405318138","1.52240746704678","0.792422008307141","0.265155146560478","0.9912","0.935733013438085","0.380637825049409","0.913464245751335","10_10"
"10.7945514917675","1.02909387989177","0.930196479971236","1.3455553804159","0.794551491767528","0.294417406303741","0.9624","0.940585977010331","0.423494051781628","0.966066655712182","10_10"
"10.0277258625689","1.94932426658382","0.406570741423308","3.38258138403826","0.0277258625688755","0.242669416538239","1","0.567673893615479","0.160200290904467","0.909534096224277","10_10"
"10.7400500995437","1.20146578204867","0.812050395998076","1.68353894585187","0.740050099543742","0.319896670335764","0.9922","0.942952597534155","0.693754014342186","0.955466891881931","10_10"
"10.3205369324733","1.55612961157566","0.633262697461692","2.66244222767803","0.320536932473306","0.242370614415224","1","0.782080049565901","0.364520116838284","0.911494710743104","10_10"
"10.6757579039248","1.34475290573722","0.732500389341477","1.93845190550959","0.675757903924772","0.305199821833314","0.9982","0.896771129921002","0.742571169505476","0.966292223616107","10_10"
"10.7329524793934","1.22944119413003","0.802065258326815","1.70498702427523","0.732952479393353","0.318072562735181","0.9926","0.930999353073539","0.734680598267095","0.976284289551757","10_10"
"10.7317614797822","1.21745093952874","0.80703162172882","1.69494483968888","0.731761479782242","0.319692375030596","0.994","0.949545168539677","0.70467787326155","0.94231421028634","10_10"
"10.4912313357924","1.54191330284786","0.6397472551695","2.39735166161112","0.491231335792371","0.304903278999068","1","0.840630828005955","0.752415890988345","0.950597442989196","10_10"
"10.7927629977678","1.04695531614436","0.916928845033332","1.38226041460583","0.79276299776782","0.292441907972814","0.9702","0.948200256741033","0.44668721877297","0.950067990126236","10_10"
"10.7683265765628","1.13183440615514","0.855673594062856","1.55068050469567","0.768326576562836","0.300168541034534","0.987","0.957184232063076","0.565820086292063","0.926671815570444","10_10"
"10.4234034239737","1.46987510187923","0.68265166624738","2.45195625868671","0.423403423973743","0.247672780518026","1","0.80227368190894","0.368185867575093","0.931171610560362","10_10"
"10.5863871130707","1.39944130826336","0.743217119096105","2.13596217761874","0.586387113070656","0.258744408995086","1","0.844740498663906","0.487096554141097","0.94873792440695","10_10"
"10.8554092307379","0.979822029273127","0.955868755731423","1.1976115766614","0.855409230737865","0.242591579679837","0.9694","0.93478903972358","0.160669258888652","0.933461611079854","10_10"
"10.0509292931676","1.92417243098975","0.424321006606795","3.31269156580766","0.0509292931675605","0.270766118556842","1","0.639669989187117","0.388842898860347","0.885432238504473","10_10"
"10.8028357367031","1.05772745077369","0.923119781456086","1.37774501054062","0.802835736703068","0.271834157637554","0.9744","0.942299997486578","0.377825303625467","0.934870715803877","10_10"
"10.8263649721408","1.04201757287265","0.93176607673171","1.3399017777248","0.82636497214079","0.258395864731235","0.9746","0.941934112958729","0.321607544267206","0.930324619713751","10_10"
"10.8062699732094","1.02251448711429","0.935889578004925","1.33712104164329","0.806269973209423","0.281567313679537","0.9662","0.942695218724887","0.381942681322255","0.950339199080277","10_10"
"10.5357112039394","1.39003480766504","0.730500757404738","2.22725977176415","0.535711203939428","0.253464788034338","1","0.847987145073645","0.392509970595981","0.905460548073495","10_10"
"10.1915050499384","1.75199469977363","0.51113861862179","2.98433133165885","0.191505049938435","0.282615817437481","1","0.713809852940307","0.6183540905794","0.972309653999248","10_10"
"10.5500796619256","1.44702742654256","0.709071981373933","2.24370152516647","0.550079661925635","0.273989229903551","1","0.948321583149928","0.559593475142363","0.763408156577498","10_10"
"5.83959208436672","0.936849737366437","0.987690889957305","1.13240081537004","0.839592084366722","0.262013874308524","0.9362","0.947458929925833","0.195839313767925","0.94451280480401","10_10"
"10.8596653172613","0.978503784236583","0.953656006331064","1.20813671915817","0.859665317261272","0.237335182528159","0.9734","0.94724937851267","0.129306000424549","0.905744094763295","10_10"
"10.7264002876417","1.24701309083497","0.794127889203951","1.75898546955451","0.726400287641691","0.308609810703995","0.9966","0.934866186052401","0.640567184168764","0.926287184012519","10_10"
"10.7376804368293","1.19069940599894","0.847124137364299","1.67443155018925","0.737680436829321","0.240398329434823","0.9978","0.898260930406351","0.298234796465392","0.914350229080616","10_10"
"10.087168949796","1.91696293260909","0.407244699198911","3.2609879853841","0.0871689497959531","0.302714178646349","1","0.664924935314248","0.725314071841908","0.959686087363394","10_10"
"10.1594868182031","1.72381161184309","0.540239903457473","3.01514637364256","0.159486818203127","0.248766018053984","1","0.714888456009332","0.332076868764042","0.914277317835829","10_10"
"10.8023521005972","1.07382562293742","0.912105713176085","1.4222597868627","0.802352100597183","0.275365759898857","0.9808","0.950831725353355","0.394904912486056","0.916350779999214","10_10"
"10.1828604939752","1.72113083629402","0.532464189655563","2.97207208369323","0.182860493975223","0.262225002820994","1","0.718695328095003","0.48675395324228","0.94194044589312","10_10"
"10.809185401851","1.07855701020146","0.916846985728219","1.42229690462693","0.809185401851021","0.264850850499144","0.9842","0.944241613863602","0.363833716472905","0.92010137151471","10_10"
"10.1111760155432","1.78057920550781","0.502291646228104","3.1377662121151","0.111176015543178","0.240618489913838","1","0.675753031227705","0.318270407981399","0.934148363384493","10_10"
"10.0101214584158","2.04420511292008","0.351395757595788","3.4600079038584","0.0101214584157593","0.231651035065288","1","0.376303579425439","0.123621524472889","0.942045060962124","10_10"
"10.7865553595458","1.05656848315374","0.908228361088629","1.40911038416497","0.786555359545822","0.296730483455194","0.9718","0.95095594139781","0.483044273498977","0.951017383670301","10_10"
"10.5223964281114","1.47659586323073","0.704210603409229","2.30127326508589","0.522396428111388","0.270594210765014","1","0.95","0.4","0.75","15_10"
"10.5223964281114","1.47659586323073","0.704210603409229","2.30127326508589","0.522396428111388","0.270594210765014","1","0.95","0.4","0.75","15_10"
"10.0035717664606","2.26486478462674","0.211381208595947","3.54135588723822","0.00357176646062375","0.773336302440644","1","0.2655086631421","0.380035179434344","0.79423986072652","15_10"
"10.0006728425497","2.43447680955626","0.076143029900474","3.6001078279444","0.000672842549736508","0.783953102607877","1","0.37212389963679","0.777445221319795","0.107943625887856","15_10"
"10.0038016384728","2.335620990118","0.168005858515749","3.563352576672","0.00380163847277434","0.491463675830599","1","0.572853363351896","0.934705231105909","0.723710946040228","15_10"
"10.1015276805894","1.80805329920435","0.493774111743864","3.17248953325353","0.101527680589353","0.290232743743511","1","0.908207789994776","0.212142521282658","0.411274429643527","15_10"
"10.0006866359088","2.41880281400021","0.0923722349970802","3.6005584328574","0.000686635908790477","0.826101361003017","1","0.201681931037456","0.651673766085878","0.820946294115856","15_10"
"10.2737141243122","1.57381706220045","0.629595135872279","2.75503563953434","0.273714124312243","0.24698675209085","1","0.898389684967697","0.125555095961317","0.647060193819925","15_10"
"10.6033885073212","1.34591189984808","0.772511984674855","2.08521923334818","0.603388507321175","0.253035554341862","1","0.944675268605351","0.267220668727532","0.78293276228942","15_10"
"10.0142467298677","2.10646955411122","0.303615741326514","3.46598303516002","0.0142467298677093","0.361504039036282","1","0.660797792486846","0.386114092543721","0.553036311641335","15_10"
"10.0159702078263","2.02176865747894","0.379669259101619","3.42487998337847","0.01597020782634","0.250481564027009","1","0.62911404389888","0.0133903331588954","0.529719580197707","15_10"
"10.0008742281522","2.32201770836249","0.171678638723374","3.56157126466088","0.000874228152186583","0.804945132631373","1","0.0617862704675645","0.382387957070023","0.789356231689453","15_10"
"10.0002427452062","2.51227833469677","0.0324674711825384","3.61819242812644","0.000242745206242984","0.681581946074856","1","0.205974574899301","0.86969084572047","0.023331202333793","15_10"
"10.0041727903589","2.26571123357104","0.203333586374278","3.54676731253092","0.00417279035894497","0.896197158028459","1","0.176556752528995","0.34034899668768","0.477230065036565","15_10"
"10.0327797128016","2.05017416111265","0.342479990006543","3.4119517222688","0.0327797128015906","0.324823537319377","1","0.687022846657783","0.482080115471035","0.7323137386702","15_10"
"10.002115545727","2.31827885849931","0.151821486032761","3.56735879108279","0.00211554572701429","0.693015202277052","1","0.384103718213737","0.599565825425088","0.692731556482613","15_10"
"10.0261610124043","2.08150211235413","0.326392064087835","3.43162793723375","0.0261610124043447","0.355206548023219","1","0.769841419998556","0.493541307048872","0.477619622135535","15_10"
"10.0119616073418","2.0673311234769","0.335332198135722","3.46455242514695","0.0119616073418291","0.312966654164864","1","0.497699242085218","0.186217601411045","0.8612094768323","15_10"
"10.007616922536","2.26854589801926","0.209199510043268","3.53096119388832","0.00761692253600585","0.465563871597302","1","0.717618508264422","0.827373318606988","0.438097107224166","15_10"
"10.0688186734543","2.0098056366162","0.370080948064514","3.30824459845098","0.0688186734542651","0.37533456904367","1","0.991906094830483","0.668466738192365","0.244797277031466","15_10"
"10.0074544716429","2.1324692792526","0.312258434347587","3.48671556339538","0.00745447164286813","0.356859734209119","1","0.1","0.1","0.1","15_10"
"10.0063985870292","2.16984700036534","0.268864518542182","3.51637520337678","0.00639858702919299","0.736327074643045","1","0.2","0.2","0.2","15_10"
"10.0055989606155","2.203422810688","0.236596184709037","3.53109251695091","0.00559896061552522","0.779785584744285","1","0.3","0.3","0.3","15_10"
"10.0038980944412","2.25966357435169","0.216175796063445","3.53963581784582","0.00389809444115291","0.721146699865038","1","0.4","0.4","0.4","15_10"
"10.0039779282657","2.26629853813778","0.203232371722983","3.5460092416564","0.00397792826567956","0.565465944450891","1","0.5","0.5","0.5","15_10"
"10.0064823083041","2.23050182552121","0.223852386218798","3.52527190460996","0.00648230830408414","0.465553604643092","1","0.6","0.6","0.6","15_10"
"10.0237093253573","2.14432392304897","0.283900327023333","3.44847671490318","0.0237093253573186","0.380608671520561","1","0.7","0.7","0.7","15_10"
"10.1217495244248","1.95648690981163","0.387840425461061","3.19905378052805","0.121749524424846","0.345424866012038","1","0.8","0.8","0.8","15_10"
"10.4047274064314","1.72994562170063","0.518270281500901","2.63179980893808","0.404727406431366","0.350263373785203","1","0.9","0.9","0.9","15_10"
"10.6874991914623","1.46203160842253","0.666842842966303","2.03056551187322","0.687499191462258","0.391340226172352","0.9914","1","1","1","15_10"
"10.7043964576041","1.37037769312805","0.737684962946266","1.92889525252089","0.704396457604114","0.36150074958785","0.9942","0.948017831158958","0.737492467077286","0.990570544115269","15_10"
"10.0168452484313","2.17940580557332","0.263927756735141","3.46980913181772","0.0168452484312671","0.405794709215713","1","0.754531316662663","0.7335129224423","0.506152607385684","15_10"
"10.0397155357141","1.9968647145519","0.379706818682203","3.35479891967147","0.0397155357140639","0.327970624571861","1","0.876124601822812","0.38375593633391","0.281451544910669","15_10"
"10.6874991914623","1.46203160842253","0.666842842966303","2.03056551187322","0.687499191462258","0.391340226172352","0.9914","1","1","1","15_10"
"10.5223964281114","1.47659586323073","0.704210603409229","2.30127326508589","0.522396428111388","0.270594210765014","1","0.95","0.4","0.75","15_10"
"10.0038980944412","2.25966357435169","0.216175796063445","3.53963581784582","0.00389809444115291","0.721146699865038","1","0.4","0.4","0.4","15_10"
"10.0159702078263","2.02176865747894","0.379669259101619","3.42487998337847","0.01597020782634","0.250481564027009","1","0.62911404389888","0.0133903331588954","0.529719580197707","15_10"
"10.000975369711","2.36556013684043","0.133382427707555","3.57012991020762","0.000975369711002573","1.02391597016204","1","0.132291147926601","0.478638066505973","0.518648566094585","15_10"
"10.6033885073212","1.34591189984808","0.772511984674855","2.08521923334818","0.603388507321175","0.253035554341862","1","0.944675268605351","0.267220668727532","0.78293276228942","15_10"
"10.3740713632243","1.59322677632324","0.62847736800705","2.59100225111557","0.374071363224343","0.269886551624139","1","0.950371853808738","0.388062628884031","0.656489649704656","15_10"
"10.0164834857262","2.15126586846864","0.278463035929675","3.47194141689122","0.016483485726184","0.375519708214045","1","0.664581365122285","0.595818946843315","0.674767333018385","15_10"
"10.4047274064314","1.72994562170063","0.518270281500901","2.63179980893808","0.404727406431366","0.350263373785203","1","0.9","0.9","0.9","15_10"
"10.2999923628714","1.57731594651351","0.633208008136063","2.71295388408121","0.299992362871376","0.249430972848089","1","0.908858297556515","0.195736911124499","0.655709790940877","15_10"
"10.0121323463858","2.1685381884338","0.27134958562912","3.49026402236017","0.0121323463858252","0.398095073309691","1","0.665892595249559","0.522821154457395","0.55871537839034","15_10"
"10.004573864234","2.23557048829331","0.226558321612475","3.53445017022379","0.00457386423397291","0.624906219420348","1","0.455422972608358","0.4","0.442636216955725","15_10"
"10.009039409033","2.15013001861983","0.287381620091369","3.49055447245348","0.00903940903295078","0.425214652625002","1","0.668525012364379","0.332234690319108","0.234661261551082","15_10"
"10.4958132039229","1.46338788492088","0.707455390745567","2.33800772346887","0.495813203922854","0.265482070806562","1","0.939531387411182","0.329818184836819","0.741350402879049","15_10"
"10.0114832289056","2.2371161549813","0.224428032946984","3.51177092313246","0.0114832289055542","0.434128515110166","1","0.669218797516078","0.865726763848215","0.687116933334619","15_10"
"10.6874991914623","1.46203160842253","0.666842842966303","2.03056551187322","0.687499191462258","0.391340226172352","0.9914","1","1","1","15_10"
"10.29957468117","1.66421618012148","0.593019142619508","2.76257672609831","0.299574681169974","0.273960837854838","1","0.894577027391642","0.4","0.707363783044275","15_10"
"10.0268010690335","2.09074472450517","0.314283921483626","3.43485475803195","0.0268010690334862","0.353473211443895","1","0.694905197237287","0.563292938086327","0.694320933250995","15_10"
"10.0076368060453","2.14031861711752","0.30708292381376","3.48907237694392","0.00763680604528175","0.384288208164775","1","0.173875398177188","0.11624406366609","0.568548455089331","15_10"
"10.0082469841079","2.08771885435292","0.318931296635599","3.48995547055005","0.00824698410785884","0.39191709926657","1","0.406421425132313","0.13366940232989","0.584919242406011","15_10"
"10.1358743105199","1.75797148815657","0.525420951334631","3.08533301445929","0.135874310519865","0.269547718910278","1","0.861476876569456","0.219415492126005","0.579004693658407","15_10"
"10.0501452849197","2.01395561398892","0.362064376182977","3.34584093007829","0.050145284919696","0.325892849341784","1","0.756235449394172","0.555500853826651","0.673357768800316","15_10"
"10.152124404137","1.81148726583117","0.490908108868055","3.06706827372488","0.152124404136956","0.282851861519893","1","0.842154235573525","0.431016370421275","0.673702425019609","15_10"
"10.0056569158568","2.22993336172492","0.230729148625828","3.52796539568041","0.00565691585684562","0.490173767920599","1","0.622441481535498","0.48626116862772","0.325278303353116","15_10"
"10.0452205757745","1.98245727708573","0.385461521948933","3.34761444078112","0.0452205757745024","0.297911547661334","1","0.69933654253952","0.397291197612921","0.748327287730403","15_10"
"10.4047274064314","1.72994562170063","0.518270281500901","2.63179980893808","0.404727406431366","0.350263373785203","1","0.9","0.9","0.9","15_10"
"10.0466128305607","2.01853370978652","0.360591648038131","3.35915387633917","0.0466128305606817","0.330913869445119","1","0.730781202483922","0.534273236151785","0.712883066665381","15_10"
"10.4047274064314","1.72994562170063","0.518270281500901","2.63179980893808","0.404727406431366","0.350263373785203","1","0.9","0.9","0.9","15_10"
"10.0086650247967","2.1560442592441","0.276949755804905","3.49706619203476","0.00866502479667542","0.424291881558726","1","0.584527161080542","0.375812727168589","0.552914311176535","15_10"
"10.0005988695151","2.41007458020275","0.0855927378839886","3.60143319699809","0.000598869515079681","0.843119110311183","1","0.14827821872945","0.607696129030892","0.508386526838099","15_10"
"10.4047274064314","1.72994562170063","0.518270281500901","2.63179980893808","0.404727406431366","0.350263373785203","1","0.9","0.9","0.9","15_10"
"10.397191985192","1.61625589793222","0.602286093316026","2.58994038003924","0.397191985192022","0.288657127692737","1","0.903167484388843","0.529393110750243","0.78408377164976","15_10"
"10.6792535159914","1.41092753936965","0.713137202946946","2.03269916404885","0.679253515991379","0.344913781380487","0.9966","0.928648325125253","0.749968685590524","0.993187429342405","15_10"
"10.2571523328856","1.62883932325105","0.607879481468351","2.80421417675773","0.257152332885609","0.261201809434196","1","0.927706437543805","0.222297734519093","0.587462317411256","15_10"
"10.0851228792401","1.8999309452137","0.43147059540014","3.24070834507863","0.0851228792401156","0.293745471475678","1","0.786167508814401","0.430300458723558","0.68009802225473","15_10"
"10.4196046690239","1.53330630213488","0.665371222285654","2.48607216664392","0.419604669023899","0.266712064085021","1","0.925171248267944","0.352778787443077","0.72568611008453","15_10"
"10.0049510904221","2.22333652990989","0.225741588404644","3.53016342826318","0.00495109042207295","0.551323713988726","1","0.479782221586936","0.431506402780182","0.584408330769097","15_10"
"10.6681275988407","1.48771482006905","0.659809631298371","2.12260946920809","0.6681275988407","0.36667613607306","0.9976","0.991409543002799","0.870606889249757","0.923280011394515","15_10"
"10.0942250390535","1.85623270252112","0.455462854370385","3.21165775381258","0.0942250390535273","0.296170429057024","1","0.810427198938997","0.35400545766823","0.631072308658239","15_10"
"10.6855954299636","1.43034790761163","0.699478026723866","1.99377502101712","0.685595429963609","0.37933499600223","0.9944","0.969355651498575","0.863482651738601","0.992035554029561","15_10"
"10.1161708992828","1.98178348809992","0.377607646649111","3.22009337991025","0.116170899282835","0.34871482169918","1","0.833895659458409","0.84329243298876","0.7347125316059","15_10"
"10.0364885571461","2.02811041592347","0.360495358563699","3.38461362532701","0.0364885571460689","0.326045671677642","1","0.755240703011072","0.435580605865435","0.572842647379977","15_10"
"10.0957049829773","1.88031333766297","0.444076037560762","3.21136508238292","0.0957049829773434","0.286683980418236","1","0.785323138057668","0.422434330859455","0.702404401728719","15_10"
"10.1612838473036","1.82964431394467","0.479794231591426","3.06805494036295","0.161283847303599","0.301231742050921","1","0.859109542231624","0.5210551082468","0.670712560700921","15_10"
"10.6874991914623","1.46203160842253","0.666842842966303","2.03056551187322","0.687499191462258","0.391340226172352","0.9914","1","1","1","15_10"
"10.0047944662717","2.24443579037962","0.217847440294821","3.53483742693701","0.00479446627166376","0.523128345097374","1","0.49466316191319","0.478148034147067","0.607942660345097","15_10"
"10.6933443174394","1.41123911924144","0.710636035698878","1.9597633741654","0.693344317439425","0.378552428899105","0.9906","0.978662179660383","0.874009815338685","0.998534990085708","15_10"
"10.0150488706148","2.07688531312749","0.326497373022992","3.45283920196448","0.0150488706147959","0.346419615540363","1","0.649000180280584","0.303697061895193","0.565590111010638","15_10"
"10.0824901563103","1.84501934362915","0.46454608723611","3.22041987109749","0.0824901563102979","0.272435282641952","1","0.753352579309323","0.244882693796755","0.715825841218398","15_10"
"10.0480030139463","1.94769675471142","0.40324672619947","3.32736334226452","0.0480030139463296","0.308180298235231","1","0.772128768807943","0.306656040717964","0.564877424668771","15_10"
"10.0053437265041","2.20959996916606","0.245041021962803","3.52277526325051","0.00534372650414956","0.578800743901159","1","0.423313840101289","0.352793494892092","0.578044509785714","15_10"
"10.0494185725661","1.96048981377107","0.399122209570477","3.32468009182087","0.0494185725660844","0.329976846230482","1","0.890484740966049","0.360795333727651","0.297115837705188","15_10"
"10.018599326762","2.14037520466768","0.28522941407411","3.46015882107065","0.0185993267619604","0.387401814062502","1","0.738544245859814","0.604454859917382","0.51641464664217","15_10"
"10.3200678167899","1.64348083069997","0.60368273273209","2.72206004598169","0.320067816789908","0.272452369495082","1","0.883770439025651","0.397117757606911","0.741542376247152","15_10"
"10.7043964576041","1.37037769312805","0.737684962946266","1.92889525252089","0.704396457604114","0.36150074958785","0.9942","0.948017831158958","0.737492467077286","0.990570544115269","15_10"
"10.4482393928778","1.54561468443082","0.653166710522928","2.47024250063769","0.4482393928778","0.278531565997025","1","0.980209972431262","0.445768225533975","0.662522361598472","15_10"
"10.0826558923885","1.82299646182626","0.488091897390039","3.20003478645875","0.0826558923884738","0.253261975722148","1","0.815292852000739","0.0983258241989597","0.555244141858358","15_10"
"10.6681275988407","1.48771482006905","0.659809631298371","2.12260946920809","0.6681275988407","0.36667613607306","0.9976","0.991409543002799","0.870606889249757","0.923280011394515","15_10"
"10.1067798147052","1.99129989498647","0.374163062741844","3.23530409996623","0.106779814705163","0.352170659394166","1","0.85908352004577","0.840295940328129","0.668234222993539","15_10"
"10.25091501605","1.84188427849169","0.458217365849098","2.92610933389938","0.250915016050047","0.333753758412733","1","0.923617868715715","0.829931922767309","0.716325645810096","15_10"
"10.680864709619","1.50052058576244","0.645312231698839","2.08592211510339","0.680864709618975","0.394988833560847","0.9946","0.999824500083923","0.99601184015628","0.97509288135916","15_10"
"10.4986034670855","1.64691689982933","0.565654316429679","2.45793306650049","0.498603467085474","0.357599378358099","1","0.927917613573435","0.894768048776314","0.916627590594601","15_10"
"10.7043964576041","1.37037769312805","0.737684962946266","1.92889525252089","0.704396457604114","0.36150074958785","0.9942","0.948017831158958","0.737492467077286","0.990570544115269","15_10"
"10.2429792254384","1.73111628802669","0.545435803315801","2.88133544583335","0.242979225438425","0.285851988326345","1","0.890487763173956","0.459128735755426","0.680909247394276","15_10"
"10.4468621407667","1.55213618213103","0.645116769945027","2.47470628214972","0.446862140766744","0.273943227252126","1","0.887566725968102","0.465891554787063","0.827888435780953","15_10"
"10.2819432830156","1.68048063327671","0.583753869309","2.78876808337487","0.281943283015568","0.282142007966674","1","0.928595116449598","0.387904609163556","0.627386907783721","15_10"
"10.0382289999867","2.12452670752513","0.292299030202771","3.40611695488047","0.0382289999866956","0.383696252023661","1","0.7976766581518","0.859518739867147","0.612172531687621","15_10"
"10.0651017988989","1.91407741405107","0.422607286522184","3.28550753273058","0.0651017988989318","0.288616042984042","1","0.754025080764867","0.349607655312556","0.683340867199099","15_10"
"10.6681275988407","1.48771482006905","0.659809631298371","2.12260946920809","0.6681275988407","0.36667613607306","0.9976","0.991409543002799","0.870606889249757","0.923280011394515","15_10"
"10.6730042512272","1.45621836849157","0.683982529038594","2.06561172955056","0.673004251227224","0.376585734796983","0.9962","0.970199237122532","0.859474367701827","0.969104908473291","15_10"
"10.6854059322615","1.41408276406518","0.708833144887258","2.00438128990005","0.685405932261538","0.37279402328127","0.995","0.948370196017488","0.798206093459647","0.991528652366621","15_10"
"10.3154960723102","1.67022964897971","0.566592219888312","2.75099569419035","0.315496072310213","0.286342678831819","1","0.786850502928742","0.516293987301442","0.940741779488915","15_10"
"10.0044109777997","2.23518692992619","0.219869002099175","3.53394335519347","0.00441097779970305","0.62905770988538","1","0.474928696082952","0.410657111262511","0.399409950012341","15_10"
"10.0128855797281","2.11420425628119","0.308158994614638","3.47131424115646","0.0128855797281137","0.360969222796829","1","0.524160476987298","0.365374566879925","0.901504832099266","15_10"
"10.2886600992742","1.7116519245473","0.553477137634244","2.79465946810478","0.288660099274172","0.302961295976222","1","0.928437149095624","0.524962942846623","0.664022156159059","15_10"
"10.4453989809362","1.69671862509095","0.533107304789504","2.57034151353899","0.445398980936201","0.351074491060179","1","0.900175499916077","0.903988159843721","0.92490711864084","15_10"
"10.1593441362255","1.83474532882268","0.464914382566872","3.07731486109884","0.159344136225514","0.302516696149898","1","0.781908849156382","0.559519353550991","0.831156777414283","15_10"
"10.6933443174394","1.41123911924144","0.710636035698878","1.9597633741654","0.693344317439425","0.378552428899105","0.9906","0.978662179660383","0.874009815338685","0.998534990085708","15_10"
"10.6481946824466","1.44418900997544","0.695327645941344","2.09108102023728","0.648194682446592","0.348820510502432","0.9982","0.949858631005521","0.761101207138453","0.947362532263629","15_10"
"10.108503223916","1.95256615242201","0.397094902134972","3.21114265758036","0.108503223916019","0.342942460239557","1","0.847171194272949","0.724911395089454","0.667110221801716","15_10"
"10.1154978612611","1.83122840764533","0.478213359919142","3.15003111236378","0.115497861261123","0.290765683973949","1","0.833562004730831","0.367276424182255","0.626141415882104","15_10"
"10.0965745377124","1.84050794862749","0.467707671025324","3.19516674578996","0.0965745377123793","0.281720570824527","1","0.820146347783661","0.306868194025714","0.60793535389607","15_10"
"10.0215321657751","2.13856862034639","0.285556494091666","3.45028374044212","0.0215321657751078","0.357930991513094","1","0.660772143915766","0.656121147673362","0.767356427046083","15_10"
"10.4066722598988","1.62580723633237","0.594548837720233","2.58296359016516","0.406672259898805","0.30837199570191","1","0.961897052608941","0.589517767709336","0.702794912969694","15_10"
"10.2317531495189","1.67417293587019","0.58056549322049","2.8658211593256","0.231753149518908","0.263157154210513","1","0.879467570870643","0.277455641196293","0.66372530325787","15_10"
"10.7218143598283","1.35422572347856","0.743842491937168","1.89717611006999","0.721814359828255","0.389248639426394","0.9886","0.978309814801854","0.813296188956324","0.997576881834356","15_10"
"10.489157173189","1.62134715887205","0.58177377233941","2.46018498303474","0.489157173189007","0.326759099543327","1","0.866568141121258","0.795019992276065","0.974678229851243","15_10"
"10.296344720421","1.68945634956193","0.561195443582011","2.78962598254698","0.296344720421012","0.289090072408138","1","0.841186662940207","0.506241144555577","0.825511928880587","15_10"
"10.2371804915598","1.75338519303992","0.52848883476393","2.90217529675684","0.237180491559827","0.299850311849325","1","0.871989518768824","0.509791701296149","0.720917096790724","15_10"
"10.689400382124","1.39442774439139","0.724901661216428","1.98590013862959","0.689400382123992","0.35708663586056","0.9956","0.952399665181622","0.74853577201777","0.97266946508251","15_10"
"10.5278241000096","1.52360129073695","0.656368004729172","2.32986595029143","0.527824100009609","0.289304162583394","1","0.874046193223077","0.562683932176209","0.917486436318389","15_10"
"10.6730042512272","1.45621836849157","0.683982529038594","2.06561172955056","0.673004251227224","0.376585734796983","0.9962","0.970199237122532","0.859474367701827","0.969104908473291","15_10"
"10.5444828977406","1.48849271665606","0.676557947672638","2.29158601033964","0.544482897740647","0.285981199398665","1","0.912793938465816","0.51830973579506","0.852821637118386","15_10"
"10.7043964576041","1.37037769312805","0.737684962946265","1.92889525252089","0.704396457604114","0.361500749587851","0.9942","0.948017831158958","0.737492467077286","0.990570544115269","15_10"
"10.671666257557","1.46480600624018","0.679586562739654","2.07971490176586","0.671666257557012","0.372500423767914","0.997","0.969731830705591","0.858964721290413","0.962865777869205","15_10"
"10.5612874483322","1.56092238095705","0.617151692276395","2.31483496584003","0.561287448332181","0.338798303247497","0.9996","0.918329084431038","0.815846459392149","0.945105795744371","15_10"
"10.5694628996011","1.46704331015984","0.689023728283515","2.23211970152049","0.569462899601118","0.28370498899008","1","0.888985583928056","0.518199683850752","0.905979779260723","15_10"
"10.7043964576041","1.37037769312805","0.737684962946266","1.92889525252089","0.704396457604114","0.36150074958785","0.9942","0.948017831158958","0.737492467077286","0.990570544115269","15_10"
"10.5591486882921","1.46200464950173","0.703367706469032","2.2418996843296","0.55914868829208","0.276439626395613","1","0.921051289029782","0.467676976473179","0.838133088512559","15_10"
"10.5997173719013","1.54523726753979","0.627481923172615","2.24709112224767","0.599717371901287","0.358370692916124","0.9992","0.936495597669698","0.849099516442225","0.951338694559752","15_10"
"10.4249786634686","1.69070363898319","0.54193191566811","2.57302908250112","0.424978663468592","0.336189960356794","1","0.902690401075721","0.842349867768317","0.891694389257168","15_10"
"10.4089482289526","1.59526720101003","0.617452089992677","2.55479895609742","0.408948228952634","0.285748613461961","1","0.928502013392756","0.493288273243739","0.739518357006446","15_10"
"10.3700944425672","1.64681299704563","0.579688066061602","2.65642977132124","0.370094442567231","0.30401666589543","1","0.901718019012666","0.571606697952325","0.78148552548343","15_10"
"10.7035454618878","1.35593508373283","0.744727506470131","1.94856246974254","0.703545461887753","0.343763419566198","0.9958","0.936804011808323","0.673384878159557","0.977940076035584","15_10"
"10.7043964576041","1.37037769312805","0.737684962946265","1.92889525252089","0.704396457604114","0.361500749587851","0.9942","0.948017831158958","0.737492467077286","0.990570544115269","15_10"
"10.3667048904181","1.72435705455028","0.526016196611053","2.69139256332981","0.366704890418143","0.321021901585262","1","0.834275337831043","0.763770055439951","0.943165195765565","15_10"
"10.676559066566","1.44499467785473","0.691375073666806","2.06416322355122","0.676559066565976","0.372415423248415","0.9966","0.95374418434722","0.835439229465023","0.983980610745353","15_10"
"10.3463648703445","1.63496231553377","0.597952793543587","2.66850335695853","0.346364870344463","0.280155272154355","1","0.954272394399565","0.450553047336015","0.641170762458019","15_10"
"10.1933393638115","1.81348380720488","0.4865963981369","3.00510675703014","0.19333936381153","0.307370439611923","1","0.842087882752657","0.577430423308003","0.752466164900546","15_10"
"10.3818138938406","1.71320908168793","0.53515628860628","2.64887570282945","0.381813893840555","0.331071436371735","1","0.928010716630277","0.789384384696131","0.804496141371876","15_10"
"10.1521215802775","1.86568994916711","0.454938334577052","3.10555872323455","0.152121580277538","0.327011233946856","1","0.939650968446259","0.589070531764352","0.511992958607152","15_10"
"10.1207598144382","1.84980612559681","0.464259603432859","3.14679676254009","0.12075981443822","0.29042058794948","1","0.794394330348559","0.436521619991818","0.729995598760077","15_10"
"10.4025935005121","1.71102681986769","0.532572689865941","2.62469735120129","0.402593500512051","0.33826738863676","1","0.926498755613481","0.842459919712625","0.838536247114831","15_10"
"10.7086914140041","1.37622323007255","0.736769883637793","1.93091962791292","0.708691414004062","0.370653385620521","0.994","0.96447288393427","0.76152760531409","0.975694841843207","15_10"
"10.4289631513991","1.69951844396361","0.532941800446479","2.58737515156178","0.428963151399106","0.341149332688156","1","0.876156670263655","0.87394158166023","0.946200024701473","15_10"
"10.6730042512272","1.45621836849157","0.683982529038594","2.06561172955056","0.673004251227224","0.376585734796983","0.9962","0.970199237122532","0.859474367701827","0.969104908473291","15_10"
"10.7218143598283","1.35422572347856","0.743842491937168","1.89717611006999","0.721814359828255","0.389248639426394","0.9886","0.978309814801854","0.813296188956324","0.997576881834356","15_10"
"10.000761645309","2.43789378962216","0.087670657679029","3.60180261726072","0.000761645308970245","0.718055993363886","1","0.289980886038393","0.858964721290413","0.962865777869205","15_10"
"10.4294530699224","1.67156127917324","0.557479481760431","2.57413494419305","0.429453069922439","0.339575521910659","1","0.945926476506524","0.79849861622612","0.809929160509211","15_10"
"10.7218143598283","1.35422572347856","0.743842491937168","1.89717611006999","0.721814359828255","0.389248639426394","0.9886","0.978309814801854","0.813296188956324","0.997576881834356","15_10"
"10.7071661136231","1.31784034901117","0.772996684616093","1.88104001527306","0.707166113623089","0.325171055985283","0.9966","0.926754271803531","0.574481427238558","0.971045120322683","15_10"
"10.0153024529608","2.19294571594208","0.255804467466631","3.47704506480373","0.015302452960781","0.424078628085417","1","0.874351954441474","0.737597679671316","0.166742393514141","15_10"
"10.6608329985849","1.38314363861273","0.736004946702708","2.0045175496973","0.660832998584919","0.303041614277382","0.9986","0.907609458133241","0.529520017699796","0.936691357210173","15_10"
"10.7218143598283","1.35422572347856","0.743842491937168","1.89717611006999","0.721814359828255","0.389248639426394","0.9886","0.978309814801854","0.813296188956324","0.997576881834356","15_10"
"10.5411938029491","1.50000752766341","0.667292745095658","2.29350357316308","0.541193802949071","0.290450443500469","1","0.911167718262608","0.547971524534912","0.863155338099565","15_10"
"10.715905721405","1.29538184109897","0.7798255597707","1.83320851877021","0.715905721405006","0.337827058361327","0.9926","0.972843533420589","0.62747600066513","0.941856022950314","15_10"
"10.6089219741289","1.45628434641764","0.693976643286341","2.14527795035313","0.60892197412889","0.307042720857701","1","0.929325984293925","0.59074200220546","0.88750621497985","15_10"
"10.6738393700437","1.45711186219736","0.683574449654594","2.06921446568382","0.673839370043749","0.376580596704796","0.9962","0.969907617964378","0.85921407298575","0.968693766605444","15_10"
"10.53444403972","1.52789584982029","0.649392631972078","2.31577177096958","0.534444039719992","0.311857532194129","1","0.922843678470608","0.617213186716059","0.859716592831288","15_10"
"10.6809041214005","1.43974030183848","0.695160760836223","2.05596887013316","0.680904121400489","0.372808295466188","0.9962","0.952070610734411","0.82480642482123","0.982849066376559","15_10"
"10.6715979714535","1.46406518040069","0.680088185829908","2.07830501110804","0.671597971453543","0.373157800037022","0.9968","0.970023449863745","0.85922501600649","0.963276919737052","15_10"
"10.5578336732902","1.52747309971517","0.645315083453552","2.29820867218287","0.557833673290157","0.324395289986261","1","0.918260219847081","0.704129924086255","0.908542496002428","15_10"
"10.6053668532944","1.50424586758128","0.654520548605334","2.21559326014237","0.605366853294407","0.333029304481781","0.9992","0.907941214548527","0.763664842845921","0.970534440256291","15_10"
"10.3912989968513","1.72040459703454","0.52890800093812","2.63569720735075","0.391298996851305","0.327393549854176","1","0.857228409371309","0.79892485877489","0.929994978287501","15_10"
"10.6989256772229","1.35944561396369","0.743395787992716","1.95150588914194","0.698925677222855","0.347412022280659","0.9958","0.938477585421132","0.684017682803351","0.979071620404378","15_10"
"10.6811414461943","1.4093377217256","0.713856316003637","2.02365698105528","0.681141446194302","0.347655515820364","0.9964","0.932625052711702","0.752601114068315","0.990017413509513","15_10"
"10.320690345896","1.67114976145547","0.57693145692475","2.72278106392268","0.320690345895988","0.294919415528893","1","0.934844673506522","0.49451435082252","0.66977784906364","15_10"
"10.5416040252614","1.51057440389221","0.660794300620787","2.29760314639565","0.54160402526139","0.30248780188923","1","0.935980040907153","0.575931149197836","0.829952218062181","15_10"
"10.7086914140041","1.37622323007255","0.736769883637793","1.93091962791292","0.708691414004062","0.370653385620521","0.994","0.96447288393427","0.76152760531409","0.975694841843207","15_10"
"10.5420522677217","1.55908648490502","0.623037547046272","2.35107455728788","0.542052267721685","0.335657495874596","1","0.948000563303836","0.762617838234684","0.868617808111324","15_10"
"10.5832396751421","1.52109192388038","0.641208658030042","2.2579297513588","0.583239675142081","0.336572904813282","0.9996","0.9280279844854","0.764259013538733","0.926448877375821","15_10"
"10.263782225786","1.79128833887226","0.487140836919288","2.8759416519376","0.263782225786038","0.332115186094434","1","0.945795077212678","0.74493139056942","0.669709813615622","15_10"
"10.6730042512272","1.45621836849157","0.683982529038594","2.06561172955056","0.673004251227224","0.376585734796983","0.9962","0.970199237122532","0.859474367701827","0.969104908473291","15_10"
"10.7043964576041","1.37037769312805","0.737684962946265","1.92889525252089","0.704396457604114","0.361500749587851","0.9942","0.948017831158958","0.737492467077286","0.990570544115269","15_10"
"10.6106921399756","1.51394890106869","0.646494206400738","2.21223329048935","0.610692139975564","0.342526155236894","0.9992","0.933721862878294","0.80073781240112","0.945658926350127","15_10"
"10.6493590183026","1.43886146187825","0.698172787977236","2.11158665120741","0.649359018302566","0.325190527203253","0.9986","0.918180137603138","0.662064544310513","0.947228498086134","15_10"
"10.4056657678894","1.70245878072345","0.53949646453814","2.60368985661654","0.405665767889409","0.331160701357887","1","0.879737329535455","0.807195064433377","0.904864606735232","15_10"
"5.81851240910889","0.931313025699883","1.00504239930784","1.16043120226857","0.818512409108889","0.264772658727701","0.9482","0.92925904720482","0.10212059924379","0.981909469598648","15_10"
"10.5895372159389","1.48420720822065","0.670701422403716","2.20840142488794","0.589537215938923","0.317500803544691","1","0.933948901224078","0.642658704545685","0.884613022606694","15_10"
"10.6553328216509","1.43656852395069","0.702429357653776","2.11066801721567","0.655332821650916","0.32975766098852","0.9988","0.934656192394778","0.685873558720467","0.935356608965","15_10"
"10.6922610622627","1.38347412473602","0.731740736260878","2.01742736314555","0.692261062262659","0.331029461016682","0.9982","0.947620820622975","0.648476334788341","0.933563060125478","15_10"
"10.6877151115648","1.42119197949138","0.70411181611771","1.97779554397541","0.687715111564787","0.378435618348363","0.994","0.974988336265448","0.855823397626558","0.984724008271359","15_10"
"10.6791593530126","1.42076685607159","0.706486771841277","2.00779652717872","0.679159353012624","0.375314490012981","0.9948","0.958826115018495","0.819381237483326","0.983884242497392","15_10"
"10.7090807715654","1.37482028701971","0.729969458664425","1.92535459639952","0.709080771565352","0.385225195883957","0.9906","0.97155431051777","0.818721376294228","0.996541705713524","15_10"
"10.6738393700437","1.45711186219736","0.683574449654594","2.06921446568382","0.673839370043749","0.376580596704796","0.9962","0.969907617964378","0.85921407298575","0.968693766605444","15_10"
"10.6738393700437","1.45711186219736","0.683574449654594","2.06921446568382","0.673839370043749","0.376580596704796","0.9962","0.969907617964378","0.85921407298575","0.968693766605444","15_10"
"10.6981523312549","1.33070805280827","0.758748448643617","1.89297478735068","0.698152331254917","0.347239421309044","0.994","0.940097412442852","0.677661892571241","0.990188216990302","15_10"
"10.6450336987829","1.46645762408902","0.67672812038752","2.11778325187139","0.645033698782852","0.36090696408301","0.9982","0.958039773343176","0.815187855795763","0.947574317029577","15_10"
"10.7010546359346","1.39158703033274","0.722819908544761","1.9587131597176","0.70105463593462","0.380096474989925","0.9936","0.973520715658937","0.816947159031593","0.981957782036287","15_10"
"10.5755419744252","1.5436103976828","0.630052683034597","2.26061390050779","0.575541974425154","0.34453566758919","0.9998","0.959868407925037","0.806644055424672","0.889737257687191","15_10"
"10.6738393700437","1.45711186219736","0.683574449654594","2.06921446568382","0.673839370043749","0.376580596704796","0.9962","0.969907617964378","0.85921407298575","0.968693766605444","15_10"
"10.6730042512272","1.45621836849157","0.683982529038594","2.06561172955056","0.673004251227224","0.376585734796983","0.9962","0.970199237122532","0.859474367701827","0.969104908473291","15_10"
"10.6989256772229","1.35944561396369","0.743395787992716","1.95150588914194","0.698925677222855","0.347412022280659","0.9958","0.938477585421132","0.684017682803351","0.979071620404378","15_10"
"10.5387232462162","1.56964885254155","0.615886350007333","2.35990508466936","0.538723246216189","0.342282482991628","1","0.958382670147923","0.786679830415985","0.859666077673754","15_10"
"10.5455104630882","1.55891523177872","0.622479234155913","2.35207894760725","0.545510463088215","0.329380514655945","1","0.927433103400398","0.752498476041128","0.897027474008997","15_10"
"10.7218143598283","1.35422572347856","0.743842491937168","1.89717611006999","0.721814359828255","0.389248639426394","0.9886","0.978309814801854","0.813296188956324","0.997576881834356","15_10"
"10.6989256772229","1.35944561396369","0.743395787992716","1.95150588914194","0.698925677222855","0.347412022280659","0.9958","0.938477585421132","0.684017682803351","0.979071620404378","15_10"
"10.6112288008181","1.46260660243434","0.690594530190924","2.15830751156953","0.611228800818148","0.311560162042766","0.9998","0.92723828914339","0.616767995669551","0.899610550775455","15_10"
"10.1043160773912","1.93678801298547","0.41139682079029","3.20902908265947","0.104316077391216","0.343658350490889","1","0.92343855955561","0.628973724213664","0.47614038689062","15_10"
"10.7036363408556","1.34395931334227","0.752956245806241","1.92566211786562","0.703636340855572","0.330879697625669","0.9962","0.934674690519637","0.634312001744603","0.97142744744765","15_10"
"10.6493590183026","1.43886146187825","0.698172787977236","2.11158665120741","0.649359018302566","0.325190527203253","0.9986","0.918180137603138","0.662064544310513","0.947228498086134","15_10"
"10.6039818631477","1.49692427269976","0.660515070654059","2.20701170624371","0.603981863147733","0.331655100378226","0.9992","0.910028909699062","0.73763884938183","0.958430104460685","15_10"
"10.715905721405","1.29538184109897","0.7798255597707","1.83320851877021","0.715905721405006","0.337827058361327","0.9926","0.972843533420589","0.62747600066513","0.941856022950314","15_10"
"10.715905721405","1.29538184109897","0.7798255597707","1.83320851877021","0.715905721405006","0.337827058361327","0.9926","0.972843533420589","0.62747600066513","0.941856022950314","15_10"
"10.5773293647808","1.53510782521463","0.635934948313352","2.26558304693975","0.577329364780844","0.341608490261065","0.9996","0.946039065699338","0.790077445309567","0.907301760368914","15_10"
"10.0591237041741","2.05388048044633","0.323745799511981","3.34635995294464","0.0591237041741352","0.362830411096809","1","0.66265130485408","0.820924571022121","0.971984717100594","15_10"
"10.6993137615188","1.35737962014388","0.747259587757825","1.94623660899219","0.699313761518812","0.337008400125181","0.9966","0.953486155717119","0.66013892459772","0.949309363084226","15_10"
"10.6730042512272","1.45621836849157","0.683982529038594","2.06561172955056","0.673004251227224","0.376585734796983","0.9962","0.970199237122532","0.859474367701827","0.969104908473291","15_10"
"10.0216615116022","2.15217816026139","0.275018287850661","3.45515815752549","0.0216615116022349","0.36858731689306","1","0.577510603936389","0.734784791696157","0.993573151741076","15_10"
"10.3957640870443","1.67258277846924","0.558897617447063","2.61132156628949","0.395764087044278","0.314287220362301","1","0.864144388037504","0.700093919213419","0.896372553892434","15_10"
"10.6867089830231","1.38693892549396","0.728506785750098","2.01852409405228","0.686708983023076","0.327471854965871","0.9984","0.945937600998772","0.62570435499856","0.921195039035582","15_10"
"10.704293307598","1.3816339513158","0.731116398113891","1.94825930421101","0.704293307598036","0.368289635567931","0.9946","0.953606240140655","0.76340943592716","0.986613125475137","15_10"
"10.8236359566531","1.03348914453902","0.945555502000177","1.33713614119779","0.82363595665307","0.254411878257481","0.9838","0.958652475885277","0.129306000424549","0.895576778965913","15_10"
"10.0022652698214","2.34102662490915","0.149423659900114","3.56939565168792","0.0022652698214434","0.638382368093205","1","0.357248281361535","0.668353141441684","0.96980823058773","15_10"
"10.6777645895977","1.39815345906712","0.721716007857495","2.03043067705155","0.67776458959773","0.329451250203874","0.9984","0.938130843185709","0.669688815507152","0.947314741926953","15_10"
"10.3835108308669","1.69859900472091","0.541489847247716","2.64162230810275","0.383510830866855","0.322541086094588","1","0.827899419114157","0.738048869391363","0.9597341376444","15_10"
"10.6869264603048","1.38447280630245","0.728000499275455","2.01029220646294","0.686926460304834","0.335665512291456","0.9982","0.940612634855806","0.674648690993284","0.95515144813281","15_10"
"10.3751549329486","1.66915504003942","0.562546069779184","2.65636863492268","0.375154932948596","0.31320642509656","1","0.912686222812025","0.641894785677412","0.782723380685447","15_10"
"10.6730042512272","1.45621836849157","0.683982529038594","2.06561172955056","0.673004251227224","0.376585734796983","0.9962","0.970199237122532","0.859474367701827","0.969104908473291","15_10"
"10.1220189548748","1.93851602729063","0.396020175631429","3.1837205685252","0.122018954874771","0.327222987268511","1","0.732455818040654","0.763489356354388","0.928887245699269","15_10"
"10.715905721405","1.29538184109897","0.7798255597707","1.83320851877021","0.715905721405006","0.337827058361327","0.9926","0.972843533420589","0.62747600066513","0.941856022950314","15_10"
"10.2121884038953","1.82600755859226","0.467582099877077","2.98196416756502","0.212188403895295","0.326910946701211","1","0.75109390366512","0.693498349591038","0.968072712300229","15_10"
"10.4370996306654","1.66875904662995","0.557779257141491","2.55928292400612","0.437099630665442","0.336499984759969","1","0.938089067760605","0.807563584599123","0.829913498600945","15_10"
"10.1714654641165","1.90252637076575","0.415549607022331","3.0874922394841","0.171465464116515","0.341484387563133","1","0.744780795438986","0.820514551012588","0.97068068391688","15_10"
"10.7018471877846","1.32382521968909","0.76383938327745","1.88839606033892","0.701847187784611","0.347179206333195","0.9938","0.951351106282445","0.669507916407787","0.973229535355794","15_10"
"10.6976274234818","1.36739302884711","0.740566175363671","1.98175325306318","0.697627423481788","0.32699854706508","0.9984","0.954144221565208","0.618539641336121","0.920271534690187","15_10"
"10.7218143598283","1.35422572347856","0.743842491937168","1.89717611006999","0.721814359828255","0.389248639426394","0.9886","0.978309814801854","0.813296188956324","0.997576881834356","15_10"
"10.6992819302259","1.36527094985603","0.740340090801538","1.96910978626397","0.699281930225853","0.343250844759126","0.9968","0.953897915356606","0.687612651710598","0.952965093304539","15_10"
"10.7010546359346","1.39158703033274","0.722819908544761","1.9587131597176","0.70105463593462","0.380096474989925","0.9936","0.973520715658937","0.816947159031593","0.981957782036287","15_10"
"10.6738393700437","1.45711186219736","0.683574449654594","2.06921446568382","0.673839370043749","0.376580596704796","0.9962","0.969907617964378","0.85921407298575","0.968693766605444","15_10"
"10.6667173869337","1.43351504564854","0.696554989032589","2.0609130024316","0.666717386933664","0.362759853299934","0.9966","0.935836532764301","0.793173268894143","0.990805110495119","15_10"
"10.5044883613681","1.59667207622955","0.600999081041917","2.41078802387454","0.504488361368079","0.324910928743704","1","0.884400934609548","0.754902222096214","0.945768027750679","15_10"
"10.6895352052572","1.39867440936009","0.7221835798957","1.97801860988081","0.689535205257243","0.366142730488708","0.9956","0.973255920806224","0.776070018255039","0.954005574398871","15_10"
"10.6832496041788","1.40045901819197","0.720257712060372","2.01739847871282","0.683249604178774","0.348215346038462","0.9968","0.946207073115742","0.723475225404731","0.963130480417614","15_10"
"10.7171374731092","1.32836191375369","0.762834539093558","1.86540876564016","0.717137473109196","0.377378163063697","0.9882","0.970315699944533","0.756173289831409","0.994191947083582","15_10"
"10.2096346340501","1.84441181995442","0.458438524241488","2.97974257585013","0.209634634050069","0.335961358233994","1","0.920781246442647","0.724717787918082","0.651847110665858","15_10"
"10.6827306888979","1.4065962322148","0.717273616555073","2.00680833628155","0.682730688897893","0.363710656052254","0.9956","0.951930112670286","0.769374522962273","0.974632053602265","15_10"
"10.6631571921171","1.47796222079133","0.671321244516126","2.10711863636401","0.663157192117094","0.370024979396095","0.9978","0.95546366250339","0.853904284079654","0.970146317883235","15_10"
"10.6947187886292","1.37175906324892","0.737359000409701","1.94049381485888","0.694718788629217","0.357020898119417","0.9948","0.952493008063057","0.733803739878971","0.980850193738996","15_10"
"10.6993128286814","1.36861424641649","0.738523041030787","1.97498728761008","0.699312828681382","0.339072466097102","0.997","0.958984297458776","0.683297712617032","0.942371464859261","15_10"
"10.6757114528286","1.42338196989083","0.704769540378681","2.02998132235663","0.675711452828625","0.372671827997647","0.9956","0.955295044108486","0.809267404290716","0.980026201132501","15_10"
"10.7218143598283","1.35422572347856","0.743842491937168","1.89717611006999","0.721814359828255","0.389248639426394","0.9886","0.978309814801854","0.813296188956324","0.997576881834356","15_10"
"10.4161893268222","1.67353626153928","0.54882441925416","2.58518679600213","0.416189326822164","0.32784866934311","1","0.845646830062448","0.768403928816628","0.956997642419767","15_10"
"10.7056288193331","1.37382954897875","0.735263142790903","1.93138714271185","0.705628819333136","0.372745539593656","0.9936","0.970155784220737","0.77705427770315","0.976563634506051","15_10"
"10.715905721405","1.29538184109897","0.7798255597707","1.83320851877021","0.715905721405006","0.337827058361327","0.9926","0.972843533420589","0.62747600066513","0.941856022950314","15_10"
"10.6405292265518","1.44491640112245","0.696258480036104","2.12850563457611","0.640529226551754","0.323773521366328","0.9994","0.943079818818351","0.649704052921779","0.898872057928966","15_10"
"10.6768404889826","1.40428772994844","0.717480351573113","2.01586193583649","0.676840488982591","0.351568851564071","0.9966","0.955508509857933","0.745714958829774","0.956742069623504","15_10"
"10.6888830731724","1.40260994437609","0.721031676873064","1.98958877096854","0.688883073172358","0.366615621937988","0.9956","0.953530126438611","0.769197961067811","0.977223740947994","15_10"
"10.8236359566531","1.03348914453902","0.945555502000177","1.33713614119779","0.82363595665307","0.254411878257481","0.9838","0.958652475885277","0.129306000424549","0.895576778965913","15_10"
"10.6560270175409","1.35412146844616","0.768673707854908","2.0035920521551","0.656027017540871","0.269887522515193","0.9992","0.903563453093579","0.397113484461783","0.904125217463258","15_10"
"10.7045908688555","1.38652699229903","0.729815818535562","1.95179856629369","0.704590868855541","0.372127866178029","0.994","0.966665687289427","0.774944606584446","0.97359064419232","15_10"
"10.6771421018478","1.40780572052266","0.715911950024192","2.01095342547663","0.67714210184783","0.355712285460084","0.996","0.954822906898696","0.766034018999633","0.966611080499943","15_10"
"10.6978184726612","1.3397934670727","0.753094313787916","1.90091485943871","0.697818472661203","0.350074951012319","0.9936","0.952464338360043","0.699113612455976","0.978992467091935","15_10"
"10.8236359566531","1.03348914453902","0.945555502000177","1.33713614119779","0.82363595665307","0.254411878257481","0.9838","0.958652475885277","0.129306000424549","0.895576778965913","15_10"
"10.7030437224659","1.3614044333487","0.743308039791395","1.91022325515258","0.703043722465882","0.35988567261691","0.9944","0.970488535431978","0.741507278193564","0.964127578776398","15_10"
"10.6825695339458","1.39618287436822","0.724404549084252","2.02526997142051","0.682569533945759","0.327899721469319","0.9984","0.938130843185709","0.664201692910865","0.947314741926953","15_10"
"10.7125295015249","1.35408471362877","0.747804211020573","1.90836914550062","0.712529501524876","0.374845853723693","0.9922","0.959963687370317","0.757510599794434","0.993759692041861","15_10"
"10.8307876227354","0.976407577151516","0.979005538318535","1.20813667390709","0.830787622735444","0.254894327588885","0.9704","0.939489957401246","0.0715024236124009","0.937219589253334","15_10"
"10.6938259050956","1.3870988463482","0.728758535767115","1.96875174637306","0.69382590509558","0.35474616866086","0.9954","0.972262615952989","0.745182795457316","0.946422210779361","15_10"
"10.7200971046242","1.31971246060316","0.761304383471464","1.85683391587925","0.720097104624184","0.366516882720748","0.99","0.964099542758964","0.721910860949975","0.986117249467224","15_10"
"10.8236359566531","1.03348914453902","0.945555502000177","1.33713614119779","0.82363595665307","0.254411878257481","0.9838","0.958652475885277","0.129306000424549","0.895576778965913","15_10"
"10.6936316455847","1.38932340689603","0.72734325135086","1.97120380118457","0.693631645584691","0.368056077900572","0.995","0.95200622637233","0.763585997821622","0.984021438129407","15_10"
"10.7193342141748","1.29287248373501","0.7809933177868","1.8299832908471","0.719334214174795","0.339363881354153","0.9922","0.967757151318419","0.631790939758696","0.952449651395591","15_10"
"10.6196965658731","1.30763098118644","0.789723726984931","2.03636182582324","0.619696565873098","0.243972233278053","0.9992","0.843472076181082","0.217650816894133","0.956438858681347","15_10"
"10.715905721405","1.29538184109897","0.7798255597707","1.83320851877021","0.715905721405006","0.337827058361327","0.9926","0.972843533420589","0.62747600066513","0.941856022950314","15_10"
"10.7097919380958","1.35842072004604","0.746496942646812","1.90998395030353","0.709791938095779","0.374290547149623","0.9926","0.963958252714871","0.762072125964135","0.987045380516858","15_10"
"10.715905721405","1.29538184109897","0.7798255597707","1.83320851877021","0.715905721405006","0.337827058361327","0.9926","0.972843533420589","0.62747600066513","0.941856022950314","15_10"
"10.6986922698089","1.34988382531196","0.745159416089013","1.91934693396611","0.698692269808906","0.350363241429588","0.9942","0.952473644254241","0.713221024232177","0.979135545137586","15_10"
"10.7602195549534","1.20164416945352","0.855789834720551","1.67719754104984","0.760219554953364","0.303145934469667","0.9932","0.961723503079308","0.448320485555032","0.924558835148123","15_10"
"10.6933892874447","1.37359622114835","0.736071227413267","1.94693671159403","0.693389287444689","0.355187830474812","0.995","0.967761865002908","0.733864963080309","0.956012310722339","15_10"
"10.8272486928077","0.983342470694273","0.977397543099358","1.23478293311752","0.827248692807731","0.258242105348119","0.9676","0.946923303470492","0.100600532359792","0.931164563260374","15_10"
"5.76896135652328","0.932148909443674","0.99579083612008","1.23225028063527","0.768961356523279","0.2939803382202","0.9394","0.96800691304897","0.198356363951521","0.952067505586071","15_10"
"10.0013837461173","2.3748243362469","0.120232678436785","3.58686524639668","0.00138374611732031","0.7665745135355","1","0.27056393912062","0.641090693082877","0.93955758535067","15_10"
"10.7147299622618","1.30618345263878","0.774182995764626","1.8436331490463","0.714729962261831","0.356824142434566","0.9916","0.972789903177016","0.681290028424843","0.960891295795038","15_10"
"10.7297113194293","1.26042175701564","0.793218238258586","1.77919881801969","0.729711319429264","0.363608182772163","0.9852","0.967441383190194","0.668851230492065","0.985651615341383","15_10"
"10.698919976465","1.37657695061522","0.733431884045028","1.95729517397201","0.698919976465039","0.353525105907651","0.9956","0.964274020843095","0.725011835230766","0.953843416571066","15_10"
"10.6737488663439","1.40685027234833","0.717758707219149","2.0479929678432","0.673748866343869","0.330180877851549","0.9988","0.961134098268285","0.672456914666593","0.907636852156239","15_10"
"10.8248517182919","1.02841417843778","0.94987340156469","1.32300557029701","0.824851718291919","0.252965227009637","0.9854","0.951219129816031","0.100207891677158","0.901631804958873","15_10"
"10.0007039644779","2.43449895842831","0.0837214439229959","3.60151804420262","0.000703964477911531","0.788530427741335","1","0.249787741340697","0.813296188956324","0.997576881834356","15_10"
"10.7009483253809","1.33782450224945","0.75257370866286","1.89323251450321","0.700948325380913","0.35493316310704","0.9934","0.964011882958444","0.708258098204422","0.968010107672134","15_10"
"10.8236359566531","1.03348914453902","0.945555502000177","1.33713614119779","0.82363595665307","0.254411878257481","0.9838","0.958652475885277","0.129306000424549","0.895576778965913","15_10"
"10.7079000280512","1.35890994259173","0.744473916272207","1.91179897735246","0.70790002805118","0.370953233114786","0.9932","0.967329281713412","0.751351229542283","0.975441773349785","15_10"
"10.6771134251483","1.3979704580956","0.722322833507936","2.02240308383881","0.677113425148297","0.336708924237948","0.9982","0.953323663113876","0.678916299165933","0.930004960190304","15_10"
"10.6924911868782","1.38243905045691","0.729091517730215","1.98285596712381","0.692491186878153","0.348934394908932","0.9964","0.959577446233475","0.715185580387017","0.949138501237505","15_10"
"10.7368789131335","1.25159288740637","0.811053969894113","1.77691009647529","0.736878913133464","0.330287912450059","0.991","0.971750188087927","0.573232267674543","0.941131083848316","15_10"
"10.708872080411","1.35286914485945","0.748444026718467","1.89312692243057","0.708872080410987","0.365586850225641","0.993","0.966370269353014","0.741204435972869","0.977403679280227","15_10"
"10.6973590794852","1.35571994377182","0.742554584904043","1.9207230924141","0.697359079485196","0.351684291447472","0.9942","0.952483702168859","0.71969632810277","0.980707115693344","15_10"
"10.7542996764036","1.09997780353618","0.903052023642587","1.53284193635139","0.7542996764036","0.307975912877432","0.975","0.961028515564932","0.402896375819491","0.957135193285013","15_10"
"10.800125549476","1.07768797662052","0.929602717272514","1.41997704953463","0.80012554947596","0.273308745769745","0.9814","0.954882769067304","0.254249326341305","0.922630274115186","15_10"
"10.7216614322994","1.24748844893566","0.823181121492456","1.77754366550762","0.721661432299447","0.293631413930165","0.9962","0.914339332738667","0.440108046245825","0.960237506740178","15_10"
"10.7955637181988","1.13070666312746","0.888485940626439","1.53630777834552","0.795563718198798","0.271760212362296","0.9906","0.959164903750339","0.301256528207322","0.900867905896958","15_10"
"10.005972407044","2.25985382828279","0.199777229940348","3.5420886664078","0.00597240704397953","0.468681391273421","1","0.48998980014585","0.757510599794434","0.993759692041861","15_10"
"10.8307876227354","0.976407577151516","0.979005538318535","1.20813667390709","0.830787622735444","0.254894327588885","0.9704","0.939489957401246","0.0715024236124009","0.937219589253334","15_10"
"10.7111856282265","1.34004853906902","0.755720378965336","1.88664575742071","0.711185628226489","0.36413025636255","0.9914","0.968600293709045","0.733228693326982","0.976527149524245","15_10"
"10.7102846002029","1.35784063767713","0.743628373801628","1.91470208569608","0.710284600202891","0.370232670721761","0.9932","0.964394960695377","0.755651031561552","0.982304214379317","15_10"
"10.712049175623","1.35464941541723","0.74664529472848","1.89987964353399","0.712049175622955","0.36947959393955","0.993","0.963122941088882","0.747666648445716","0.982445497468473","15_10"
"10.0017746585093","2.35593709651325","0.135779341751705","3.57588640054691","0.00177465850928869","0.677597789807027","1","0.33364394819364","0.690022993179989","0.97935021308898","15_10"
"10.0002449330449","2.34306230003769","0.158665206418347","3.56585338457886","0.000244933044853139","0.584114932872491","1","0.00586823979392648","0.402896375819491","0.957135193285013","15_10"
"10.109364990164","1.92908159561065","0.399779585099648","3.2058110885766","0.109364990164015","0.316088864499614","1","0.690205555409193","0.690022993179989","0.97935021308898","15_10"
"10.7938818199864","1.05953411221438","0.928439308500145","1.44900579281587","0.79388181998641","0.291551638709479","0.9754","0.957242249007549","0.304803435690701","0.94290747132151","15_10"
"10.6904411030588","1.34673217803511","0.748524280432043","1.93346563977615","0.690441103058823","0.349317143255716","0.9954","0.967768469850098","0.687941826266353","0.941810617314679","15_10"
"10.6919462386818","1.35800879914802","0.745230686991604","1.93697131690668","0.691946238681773","0.345591202398224","0.9954","0.96009329706477","0.698092649359904","0.955107596540928","15_10"
"10.625141502799","1.48991083050941","0.664902598977778","2.18447081894706","0.62514150279895","0.334507226366198","0.999","0.900327012181872","0.756368771358344","0.988621752700822","15_10"
"10.0070270987217","2.21845604920206","0.235146982839337","3.5136639589514","0.00702709872168989","0.445616827826016","1","0.47132907086052","0.528399084043651","0.962004040101383","15_10"
"10.7630549991059","1.18014370563368","0.862397333449383","1.64194442198396","0.763054999105946","0.301869445873602","0.9906","0.934214712902287","0.414692949354474","0.959938718492894","15_10"
"10.7514495014603","1.21651421439751","0.830400398668093","1.72340199935244","0.751449501460339","0.332233449055494","0.989","0.961028515564932","0.539342578034848","0.957135193285013","15_10"
"10.7141022179186","1.32614273377593","0.758176034007775","1.87467591823007","0.714102217918599","0.361586446226472","0.9912","0.962713117527628","0.715892488224722","0.981716893945014","15_10"
"10.0159129316266","2.18412319752282","0.254205265071845","3.48232079784169","0.0159129316265627","0.385555025634158","1","0.561756405186994","0.754171940575938","0.985933720720705","15_10"
"10.7291621986828","1.27395553936711","0.795126622479637","1.79985052747631","0.729162198682763","0.338419247725113","0.9912","0.968255739080924","0.610302276638957","0.953163883104703","15_10"
"10.6930525006311","1.35766126798217","0.74314480772045","1.95153662940641","0.693052500631067","0.34666117385303","0.9966","0.960920432293089","0.680279711012914","0.943184500350441","15_10"
"10.6965365974075","1.37756232584732","0.733665014962009","1.95551860926118","0.696536597407497","0.361056036241116","0.9946","0.952883467815496","0.744995184453171","0.979864148661046","15_10"
"10.8272486928077","0.983342470694273","0.977397543099358","1.23478293311752","0.827248692807731","0.258242105348119","0.9676","0.946923303470492","0.100600532359792","0.931164563260374","15_10"
"10.7369401001116","1.14511087831669","0.884009249010485","1.58421589864873","0.736940100111552","0.322320219242568","0.9748","0.964442412256268","0.470998204689324","0.966768811379221","15_10"
"10.7283630232609","1.25478991948671","0.801277974012538","1.7716353588439","0.728363023260925","0.340838068191761","0.9878","0.962853506976748","0.61570172774871","0.972534832463857","15_10"
"10.7542996764036","1.09997780353618","0.903052023642587","1.53284193635139","0.7542996764036","0.307975912877432","0.975","0.961028515564932","0.402896375819491","0.957135193285013","15_10"
"10.8307876227354","0.976407577151516","0.979005538318535","1.20813667390709","0.830787622735444","0.254894327588885","0.9704","0.939489957401246","0.0715024236124009","0.937219589253334","15_10"
"10.6974179436003","1.33909393112318","0.75373498741458","1.91733520859442","0.697417943600253","0.347339192107817","0.9952","0.965193133997803","0.679926616577862","0.9477117556349","15_10"
"10.7016376996864","1.37403376997217","0.738805514546341","1.93760086231543","0.701637699686404","0.357183379028482","0.9948","0.964463190343821","0.740663910475994","0.966230277422539","15_10"
"10.0175775912464","2.15808294112425","0.270875868944323","3.47296089786022","0.0175775912464442","0.368922323307808","1","0.557104171154172","0.669993058928155","0.990789554682422","15_10"
"10.6024946383193","1.50441944765086","0.653863954625489","2.22031385681058","0.602494638319321","0.332590753981877","0.9992","0.895562676672268","0.754689888760779","0.983267744670941","15_10"
"10.7542352372618","1.17344101202128","0.868074802241216","1.62964919029147","0.754235237261796","0.310651866480175","0.9854","0.965910295518724","0.464282496771801","0.942012339749464","15_10"
"10.7668730135721","1.17979306045644","0.863890921476681","1.63604597336771","0.766873013572067","0.305427556412729","0.9904","0.941153135401312","0.428311472710842","0.957433981532297","15_10"
"10.7579380799553","1.19356343626607","0.856936154057937","1.67441404922078","0.757938079955337","0.28494856614816","0.9932","0.960580332982023","0.399512231708095","0.906211646866919","15_10"
"10.7216614322994","1.24748844893566","0.823181121492456","1.77754366550762","0.721661432299447","0.293631413930165","0.9962","0.914339332738667","0.440108046245825","0.960237506740178","15_10"
"10.7149040625645","1.29196234476356","0.781583982557877","1.82860619597791","0.714904062564499","0.348388976766013","0.9912","0.963254590750779","0.652889219275296","0.968198110740043","15_10"
"10.7216614322994","1.24748844893566","0.823181121492456","1.77754366550762","0.721661432299447","0.293631413930165","0.9962","0.914339332738667","0.440108046245825","0.960237506740178","15_10"
"10.6760396147821","1.39648103753734","0.722518289962969","2.02504858401914","0.676039614782138","0.340209893846496","0.9984","0.964000189637876","0.683144233732882","0.916848348083486","15_10"
"10.727634686844","1.24778583433151","0.807165072976945","1.76307304671158","0.727634686843969","0.340659289433758","0.9858","0.963928428783678","0.609395670101222","0.972164056762575","15_10"
"10.7715804384888","1.10780995903893","0.900330990096691","1.53252877453714","0.771580438488824","0.301294979243574","0.9806","0.958469759136136","0.375933653647326","0.945227817177598","15_10"
"10.7140030088905","1.30104140750886","0.778249858650052","1.83442082409999","0.714003008890491","0.358179358114933","0.9912","0.962756112177472","0.672254941358865","0.97535259365772","15_10"
"10.7208678162688","1.2808591836585","0.786666213468086","1.81409898072653","0.720867816268787","0.355696395100691","0.9878","0.962810512326903","0.659339274614566","0.978899132751151","15_10"
"10.7328832747384","1.23316477492177","0.829173695316436","1.75257616062703","0.732883274738359","0.282299329340325","0.9964","0.91644297771714","0.401902164880803","0.948392684868972","15_10"
"10.7105569488287","1.3320324724992","0.754863146621587","1.88187510375772","0.710556948828703","0.359232335955587","0.992","0.960451969046575","0.71687731009563","0.982404833650269","15_10"
"10.7568833584323","1.23407899879806","0.828650027245038","1.73766851965222","0.756883358432319","0.313740111606471","0.9934","0.943345687138794","0.492442920138316","0.953966605502206","15_10"
"10.7299469108074","1.25924120567066","0.806556856146519","1.79273297716176","0.729946910807419","0.324483674860417","0.9952","0.966063187343442","0.546170829211482","0.926671815570444","15_10"
"10.6607919597661","1.43618236569465","0.704106994782624","2.09902371233346","0.66079195976609","0.325731571390371","0.9986","0.931280927400117","0.65829660093713","0.929867766969792","15_10"
"10.7274245748099","1.27164299184061","0.802163226998372","1.81049069274792","0.727424574809897","0.321295481477105","0.9958","0.96068450961781","0.540055596895867","0.927096558943381","15_10"
"10.8272486928077","0.983342470694273","0.977397543099358","1.23478293311752","0.827248692807731","0.258242105348119","0.9676","0.946923303470492","0.100600532359792","0.931164563260374","15_10"
"10.6614863477448","1.4327929307982","0.702629407757353","2.07842459454619","0.661486347744817","0.339614848105031","0.9978","0.916952997351692","0.709612565766913","0.981930306639034","15_10"
"10.7664974798988","1.13614346520609","0.883847056454625","1.58075970825478","0.766497479898753","0.309819829235142","0.9844","0.949007522884811","0.409073101492722","0.958999052476057","15_10"
"10.7540107801282","1.14808396903237","0.879880488178572","1.59526799270977","0.754010780128236","0.308699379232148","0.9806","0.954624460559768","0.437770406645809","0.960070706307135","15_10"
"10.7698376238396","1.1450741665508","0.879966276181551","1.59045881122562","0.769837623839552","0.309583213685369","0.9862","0.946235705582408","0.408516223681244","0.95807485930185","15_10"
"10.7650871090028","1.16844406358487","0.872182072681735","1.6159709847707","0.765087109002822","0.297826936229873","0.9904","0.953646678332159","0.404593495290328","0.933648501717676","15_10"
"10.7555532045907","1.20392070235662","0.838823171250344","1.69318729088309","0.75555320459069","0.32745809202547","0.9862","0.960718571244938","0.518328821894731","0.957922023890379","15_10"
"10.4977599906739","1.55208741277279","0.636456475974531","2.40151821151456","0.497759990673929","0.308326783394802","1","0.963502878256697","0.59182506519253","0.763408156577498","15_10"
"10.8247568024186","0.9799368355927","0.979320304722395","1.23103248212897","0.824756802418578","0.257163504455612","0.968","0.937386312422773","0.109708304977423","0.949064411124539","15_10"
"10.8307876227354","0.976407577151516","0.979005538318535","1.20813667390709","0.830787622735444","0.254894327588885","0.9704","0.939489957401246","0.0715024236124009","0.937219589253334","15_10"
"10.681676578922","1.39772798322316","0.730585595748373","2.01337749475317","0.681676578921991","0.31978947052178","0.9984","0.918813895491531","0.601705840928956","0.9500272384847","15_10"
"10.7239404593703","1.28137009484004","0.788667108752092","1.81051792371377","0.72394045937029","0.341993083296447","0.9908","0.959650206867472","0.624007442981057","0.967642849123484","15_10"
"10.7599591638209","1.21448082127425","0.846508798711535","1.69690196288579","0.759959163820871","0.307960887823082","0.9928","0.947058594976426","0.464955679041576","0.947218087853871","15_10"
"10.7543102705112","1.20883062647481","0.8387565540527","1.69226945944591","0.754310270511207","0.330079782882397","0.985","0.954261776512956","0.523884117291605","0.969356492822575","15_10"
"10.736326371366","1.15456014451578","0.878946079431683","1.59368621086435","0.736326371366016","0.325303607948722","0.9762","0.963367490449337","0.477304262336811","0.967139587080503","15_10"
"10.7236982864238","1.27556752689959","0.79752263092213","1.82458971473563","0.723698286423762","0.319359175068593","0.9958","0.960816255657302","0.539736345825141","0.922299588273979","15_10"
"10.752286926647","1.17161936000755","0.86858431447732","1.62306467052545","0.752286926646972","0.312544547247211","0.9842","0.950971087097811","0.461539270754357","0.964132086604383","15_10"
"10.7242655002484","1.26443321915542","0.810769213418548","1.8025540724526","0.724265500248389","0.305170668388626","0.9958","0.919762814721888","0.473388795704708","0.958771419564203","15_10"
"10.0019526956738","2.34445992659024","0.14010305590541","3.57188219958352","0.00195269567382785","0.599571269627815","1","0.376303579425439","0.75370506688987","0.982579804965685","15_10"
"10.7503485987347","1.22173907253635","0.825509744753488","1.72809369801401","0.750348598734719","0.33284389885494","0.9872","0.965781376389159","0.557819789481274","0.955570346654597","15_10"
"10.7350101165981","1.2581856709707","0.805799060031765","1.78147040305488","0.73501011659813","0.333964865582231","0.9902","0.956927543546141","0.59263297253206","0.968127811485919","15_10"
"10.7185345615289","1.28617137509457","0.784319949206938","1.82032686290489","0.718534561528948","0.358554204212287","0.9892","0.962808233281469","0.661411938879819","0.976981737098246","15_10"
"10.7316581289416","1.26307494945657","0.804511280801063","1.80897588504259","0.731658128941612","0.315176477414838","0.9954","0.934142442298643","0.516076166174477","0.958421505199418","15_10"
"10.1395164972478","1.88866477443748","0.44064232999813","3.13352654637041","0.139516497247819","0.335614056573298","1","0.958381832352963","0.617658803104448","0.461835301248357","15_10"
"10.7274245748099","1.27164299184061","0.802163226998372","1.81049069274792","0.727424574809897","0.321295481477105","0.9958","0.96068450961781","0.540055596895867","0.927096558943381","15_10"
"10.748984950945","1.15538546722948","0.876792833787068","1.60434443442608","0.748984950944975","0.314537092806514","0.9794","0.954006873605937","0.462443425466359","0.969246326318234","15_10"
"10.7679526540603","1.14968401033359","0.876964039328443","1.59470953927976","0.767952654060295","0.310900164424004","0.9858","0.953035672515136","0.422863865651832","0.952201487132091","15_10"
"10.8031099551987","0.977515148457007","0.973002095416882","1.25579968139721","0.803109955198649","0.281161700301683","0.9562","0.959202377318324","0.188749246850083","0.942453409594261","15_10"
"10.7373206453601","1.16441554441122","0.870387498963423","1.614774007258","0.737320645360077","0.326516687549753","0.9774","0.963525643783937","0.490892584733377","0.966175210318164","15_10"
"10.7271813364464","1.26323369112797","0.796626636299075","1.78787437932754","0.727181336446443","0.344820641692975","0.9872","0.961455439792673","0.628417312825196","0.976127286244185","15_10"
"10.7705679674592","1.14883147188111","0.878568515071443","1.59156981632921","0.770567967459217","0.308234098447649","0.9866","0.946004722051661","0.408943340428195","0.956652198366397","15_10"
"10.6999918944127","1.34506994552963","0.748097667964236","1.90348633142422","0.699991894412652","0.351200830809051","0.9938","0.955762038949165","0.711682484535294","0.977422167436129","15_10"
"10.7482617713046","1.20936943920029","0.834038425676675","1.70711650436483","0.748261771304615","0.335326534405163","0.9866","0.965623223054559","0.544231467084709","0.956534723416937","15_10"
"10.8272486928077","0.983342470694273","0.977397543099358","1.23478293311752","0.827248692807731","0.258242105348119","0.9676","0.946923303470492","0.100600532359792","0.931164563260374","15_10"
"10.8307876227354","0.976407577151516","0.979005538318535","1.20813667390709","0.830787622735444","0.254894327588885","0.9704","0.939489957401246","0.0715024236124009","0.937219589253334","15_10"
"10.7412374505239","1.21947892281837","0.836776545094323","1.73376853187394","0.741237450523875","0.281384454424343","0.996","0.91944577855029","0.40203192594533","0.950739538978633","15_10"
"10.7165322861219","1.29546315111158","0.780936483547316","1.82829862329949","0.716532286121935","0.359242818788277","0.9904","0.962758391222907","0.670182277093612","0.977269989310625","15_10"
"10.7498712081927","1.17639288903363","0.865495355707199","1.62266546826045","0.749871208192727","0.322088589276375","0.9806","0.956345943428603","0.48241102327153","0.967674083104618","15_10"
"10.767345703452","1.18848652467581","0.862171248998246","1.64753690072239","0.767345703451964","0.304742494778831","0.9902","0.951582092914834","0.443268900392852","0.945579101189968","15_10"
"10.6812073645105","1.38135574979776","0.733443588793673","1.99125725941584","0.681207364510461","0.313208031409374","0.9986","0.933715350704457","0.580374143657824","0.922417989063447","15_10"
"10.7433718518006","1.15736010232959","0.87745621337156","1.60341821409814","0.743371851800634","0.317295010243563","0.9788","0.955661017195221","0.466734096314694","0.969114752818523","15_10"
"10.7131088581775","1.29517079272277","0.779875458169553","1.83055026479155","0.713108858177544","0.347567899352599","0.9912","0.961005279401702","0.654929404770428","0.97041469563045","15_10"
"10.7757124876133","1.1634981068615","0.874517887547392","1.60340485917889","0.775712487613286","0.304474340410139","0.989","0.940513369656706","0.408473171516592","0.959310484634256","15_10"
"10.7601541381775","1.20756359660195","0.848456796527972","1.69030466120536","0.760154138177495","0.312829234206415","0.9906","0.946338943668183","0.475641451424962","0.958271938255164","15_10"
"10.7638103084716","1.19358908469871","0.85994704467267","1.65401426116625","0.76381030847161","0.308383198399848","0.991","0.946068956472081","0.440572966243592","0.95033652631367","15_10"
"10.7302990421781","1.25429687786925","0.817692059535992","1.78739539630597","0.730299042178146","0.306204640380722","0.9958","0.922325946497903","0.468608466963309","0.959164006134205","15_10"
"10.7271769877826","1.28939382962232","0.787334004700911","1.82427221786449","0.727176987782612","0.335166337156502","0.9918","0.957756761456346","0.618884617385228","0.965105319815543","15_10"
"10.3236073297761","1.62470048105712","0.608887085784545","2.71204990914198","0.323607329776056","0.266347074127115","1","0.775213026674464","0.401902164880803","0.948392684868972","15_10"
"5.75336293162085","0.859449771202923","1.03967119057122","1.09331310917813","0.753362931620852","0.292327774496303","0.9062","0.95873048617774","0.112850269768387","0.974801456852787","15_10"
"10.8124409250277","0.97296015039654","0.97588807319966","1.24114720028706","0.812440925027699","0.274077307241628","0.9584","0.947844029863878","0.162774404215188","0.953886013094667","15_10"
"10.6149949472375","1.94695988752421","0.708812003401947","2.24306112630396","0.614994947237533","0.214809516196205","1","0.95","0.4","0.75","05_15"
"10.6149949472375","1.94695988752421","0.708812003401947","2.24306112630396","0.614994947237533","0.214809516196205","1","0.95","0.4","0.75","05_15"
"10.0078790476273","2.63452256349948","0.279064570831938","3.59918291391455","0.0078790476273413","0.179607029123743","1","0.2655086631421","0.380035179434344","0.79423986072652","05_15"
"10.0078349198057","2.64501887273522","0.277837606237109","3.60118813480732","0.00783491980565178","0.184776288352578","1","0.37212389963679","0.777445221319795","0.107943625887856","05_15"
"10.012865603663","2.6065776953961","0.30150315319606","3.57497406547148","0.0128656036630091","0.21506606326965","1","0.572853363351896","0.934705231105909","0.723710946040228","05_15"
"10.0913483909881","2.38439553033706","0.436072585278619","3.31065173630566","0.0913483909880984","0.245556830750971","1","0.908207789994776","0.212142521282658","0.411274429643527","05_15"
"10.0078394296787","2.6407205720959","0.277837606237109","3.60111190194655","0.00783942967873545","0.182186042542748","1","0.201681931037456","0.651673766085878","0.820946294115856","05_15"
"10.2464415276897","2.18835325028374","0.548686249204673","2.96664123697378","0.246441527689671","0.232182395918623","1","0.898389684967697","0.125555095961317","0.647060193819925","05_15"
"10.6747519762316","1.90809698654283","0.728974578802343","2.12122215942297","0.674751976231582","0.211351636041833","1","0.944675268605351","0.267220668727532","0.78293276228942","05_15"
"10.0161715275831","2.5791306311729","0.316657643646226","3.55863503072512","0.0161715275830707","0.218313199919486","1","0.660797792486846","0.386114092543721","0.553036311641335","05_15"
"10.0126596509472","2.60528632041799","0.301577626222875","3.57340063241463","0.0126596509471887","0.213317991769874","1","0.62911404389888","0.0133903331588954","0.529719580197707","05_15"
"10.0078790476273","2.63452256349948","0.279064570831938","3.59918291391455","0.0078790476273413","0.179607029123743","1","0.0617862704675645","0.382387957070023","0.789356231689453","05_15"
"10.0078190250282","2.65412363170881","0.277369225418002","3.60400799967685","0.00781902502818753","0.185774410280357","1","0.205974574899301","0.86969084572047","0.023331202333793","05_15"
"10.0078790476273","2.63452256349948","0.279064570831938","3.59918291391455","0.0078790476273413","0.179607029123743","1","0.176556752528995","0.34034899668768","0.477230065036565","05_15"
"10.0382833636784","2.48944251309281","0.365429737273685","3.47729060436996","0.0382833636784083","0.219702932903559","1","0.687022846657783","0.482080115471035","0.7323137386702","05_15"
"10.0078796250744","2.63089013603767","0.2782517467013","3.59918291391455","0.00787962507441493","0.183728212028906","1","0.384103718213737","0.599565825425088","0.692731556482613","05_15"
"10.0318805776761","2.51671219778763","0.355336831409593","3.49431273008855","0.0318805776761162","0.228756334941826","1","0.769841419998556","0.493541307048872","0.477619622135535","05_15"
"10.0109363698996","2.6125658996932","0.294292919729681","3.58269018245889","0.0109363698995653","0.199775186456702","1","0.497699242085218","0.186217601411045","0.8612094768323","05_15"
"10.0182053072783","2.5663615292796","0.31967708424326","3.55235971605326","0.0182053072783175","0.228599715293833","1","0.717618508264422","0.827373318606988","0.438097107224166","05_15"
"10.0992152037629","2.36954003404795","0.444529789126363","3.29369231212192","0.0992152037628516","0.260515795291049","1","0.991906094830483","0.668466738192365","0.244797277031466","05_15"
"10.0078790476273","2.63452256349948","0.279064570831938","3.59918291391455","0.0078790476273413","0.179566746590441","1","0.1","0.1","0.1","05_15"
"10.0078790476273","2.63452256349948","0.279064570831938","3.59918291391455","0.0078790476273413","0.179566746590441","1","0.2","0.2","0.2","05_15"
"10.0078790476273","2.63452256349948","0.279064570831938","3.59918291391455","0.0078790476273413","0.179566746590441","1","0.3","0.3","0.3","05_15"
"10.0078824189243","2.63452256349948","0.279064570831938","3.59918291391455","0.00788241892433168","0.179967765506856","1","0.4","0.4","0.4","05_15"
"10.0083381353583","2.62914762085208","0.28009039429536","3.59772647943488","0.00833813535825066","0.191727620963464","1","0.5","0.5","0.5","05_15"
"10.0121623185317","2.60618307689731","0.299659071518114","3.57591691525122","0.0121623185316872","0.212188736057656","1","0.6","0.6","0.6","05_15"
"10.0380738647714","2.49353274687202","0.364948890036918","3.47607614357484","0.0380738647713642","0.222766581214845","1","0.7","0.7","0.7","05_15"
"10.198722142062","2.24255234764039","0.518882912438999","3.07661045621795","0.198722142061962","0.221313305286157","1","0.8","0.8","0.8","05_15"
"10.7754468331501","1.84311746144033","0.770786471264189","1.89805298928634","0.775446833150053","0.208752612260156","0.9978","0.9","0.9","0.9","05_15"
"0.683981225057218","1.4154369316958","1.03679286506886","0.520667692164065","0.683981225057218","0.254339064329239","0.513","1","1","1","05_15"
"10.2078950852974","2.23253210556449","0.525136082763866","3.05813990239293","0.207895085297383","0.219946787228544","1","0.81286451990603","0.331721271371882","0.78158037913006","05_15"
"10.0091945653258","2.62801788746846","0.285843403495607","3.5915373975296","0.00919456532575449","0.198302103366914","1","0.538189376374443","0.497603414378764","0.575660385464049","05_15"
"10.0704045713862","2.42083468208068","0.414871358543967","3.36848782424408","0.0704045713861808","0.239101047419898","1","0.855073524468412","0.140415430941445","0.468968390545469","05_15"
"10.6747519762316","1.90809698654283","0.728974578802343","2.12122215942297","0.674751976231582","0.211351636041833","1","0.944675268605351","0.267220668727532","0.78293276228942","05_15"
"10.0992152037629","2.36954003404795","0.444529789126363","3.29369231212192","0.0992152037628516","0.260515795291049","1","0.991906094830483","0.668466738192365","0.244797277031466","05_15"
"10.6747519762316","1.90809698654283","0.728974578802343","2.12122215942297","0.674751976231582","0.211351636041833","1","0.944675268605351","0.267220668727532","0.78293276228942","05_15"
"10.0121623185317","2.60618307689731","0.299659071518114","3.57591691525122","0.0121623185316872","0.212188736057656","1","0.6","0.6","0.6","05_15"
"10.0078190250282","2.65412363170881","0.277369225418002","3.60178180139244","0.00781902502818753","0.185774410280357","1","0.23864147630587","0.896756883123548","0.736508492189018","05_15"
"10.0078790476273","2.63452256349948","0.279064570831938","3.59918291391455","0.0078790476273413","0.179566746590441","1","0.2","0.2","0.2","05_15"
"10.1719062756351","2.26527438808061","0.498783280149955","3.13104223796701","0.171906275635118","0.222925513736137","1","0.818833595357104","0.417579512826685","0.73366612182956","05_15"
"10.0099231561882","2.6193763278686","0.28999913472068","3.58734032550754","0.00992315618824226","0.199920558172027","1","0.52417854014303","0.611448771847979","0.710237269487472","05_15"
"10.0913483909881","2.38439553033706","0.436072585278619","3.31065173630566","0.0913483909880984","0.245556830750971","1","0.908207789994776","0.212142521282658","0.411274429643527","05_15"
"10.0506364743984","2.45438663621553","0.387617958418144","3.43154925927352","0.0506364743984293","0.220841916238795","1","0.70993908053442","0.563379473718791","0.738001129319664","05_15"
"10.0123752061812","2.60535611750586","0.300581557088927","3.57501321070818","0.0123752061812417","0.212132606806869","1","0.603783723435472","0.344513270143622","0.597284178155414","05_15"
"10.0078394296787","2.64501887273522","0.277837606237109","3.60118813480732","0.00783942967873545","0.184776288352578","1","0.350384520553052","0.775152469240129","0.360908881365322","05_15"
"10.008094713118","2.62914762085208","0.279612007373962","3.59918291391455","0.00809471311804287","0.188248358185945","1","0.524467058013473","0.345703197695622","0.234661261551082","05_15"
"10.1478203357139","2.2936299706273","0.482540312721253","3.18835631926983","0.147820335713908","0.216547937516016","1","0.777083766123363","0.718700641752245","0.794312609350536","05_15"
"10.0079823948049","2.62914762085208","0.279297498126769","3.59918291391455","0.00798239480492086","0.182338413844545","1","0.41986234978288","0.226729676343918","0.612492463318303","05_15"
"10.7754468331501","1.84311746144033","0.770786471264189","1.89805298928634","0.775446833150053","0.208752612260156","0.9978","0.9","0.9","0.9","05_15"
"10.0801567619215","2.3967704327647","0.423304110925145","3.34806106396355","0.0801567619214895","0.221826617091578","1","0.749615479446948","0.324847530759871","0.739091118634678","05_15"
"10.012484599182","2.60536789840807","0.30085119570145","3.574323119415","0.0124845991819523","0.211756369952929","1","0.625330320463409","0.268877063015273","0.532435402042292","05_15"
"10.0080739862452","2.62914762085208","0.27958713053864","3.59918291391455","0.00807398624517113","0.185172824474515","1","0.443316160499285","0.385139665019872","0.578091803274456","05_15"
"10.0078790476273","2.63452256349948","0.278911655921588","3.60014679028929","0.0078790476273413","0.179724113453894","1","0.339112541173305","0.476725914463094","0.638978461335691","05_15"
"10.0195953869427","2.56210451784755","0.325813762217967","3.54467282234579","0.0195953869427449","0.219488698247604","1","0.64883347028334","0.484476701092271","0.656653353206151","05_15"
"10.0175222009124","2.57220737252503","0.31938529793785","3.55333589542455","0.0175222009123708","0.219668521818725","1","0.64920734460517","0.186104043238611","0.615414081944095","05_15"
"10.0224179759593","2.54521818298865","0.33253832962584","3.53041195538955","0.0224179759592723","0.218028611236223","1","0.67990669929371","0.431016370421275","0.614305498253611","05_15"
"10.0078221084569","2.65175600498425","0.277369225418002","3.60172056786635","0.00782210845685443","0.189024432093648","1","0.432778541422603","0.922822284683018","0.325278303353116","05_15"
"10.0122360098355","2.61047636278231","0.29970638693518","3.57582512752861","0.0122360098355211","0.206781323238854","1","0.535893818083482","0.689622114068239","0.808148747967066","05_15"
"10.0992152037629","2.36954003404795","0.444529789126363","3.29369231212192","0.0992152037628516","0.260515795291049","1","0.991906094830483","0.668466738192365","0.244797277031466","05_15"
"10.009665277142","2.62428834372063","0.288255774810612","3.58910526150446","0.00966527714195198","0.197106171885772","1","0.550131710679461","0.367800802008763","0.588138198014677","05_15"
"10.0801567619215","2.3967704327647","0.423304110925145","3.34806106396355","0.0801567619214895","0.221826617091578","1","0.749615479446948","0.324847530759871","0.739091118634678","05_15"
"10.0086697082141","2.64302385203767","0.28274594142972","3.59709618188156","0.00866970821410835","0.200341042381183","1","0.581889167943242","0.835161870302916","0.295566643773733","05_15"
"10.0078349198057","2.6407205720959","0.277837606237109","3.60103804481843","0.00783491980565178","0.182186042542748","1","0.246337690288598","0.694642111397412","0.604415419220766","05_15"
"10.0801567619215","2.3967704327647","0.423304110925145","3.34806106396355","0.0801567619214895","0.221826617091578","1","0.749615479446948","0.324847530759871","0.739091118634678","05_15"
"10.0245868980223","2.53899430448567","0.338347074588357","3.52075873762825","0.0245868980222588","0.217890203899246","1","0.673283733577857","0.203597264081235","0.659332197688613","05_15"
"10.0644993936963","2.42303163830731","0.407607045646005","3.38920586590275","0.064499393696285","0.218667806070968","1","0.713070994795328","0.334761765772646","0.780434034836989","05_15"
"10.3861151444083","2.08541905590191","0.620701294989668","2.68006798680582","0.386115144408301","0.221378441850174","1","0.877064483074349","0.689284460955527","0.780284738809594","05_15"
"10.0138354474493","2.60150339764113","0.306186408848715","3.56798532154867","0.0138354474493283","0.213044853684841","1","0.607220922147429","0.51623683787266","0.644480117552759","05_15"
"10.0438676818262","2.47473480926942","0.377718284296448","3.45198209036474","0.0438676818262213","0.25040411776122","1","0.891854632396937","0.540477141178432","0.25649157159523","05_15"
"10.0080673187586","2.62914762085208","0.279615364356277","3.59918291391455","0.00806731875861144","0.184446941162631","1","0.427932797360743","0.275338013688059","0.649959221648526","05_15"
"10.4657626576581","2.03666816216869","0.652785930987537","2.52266952073757","0.465762657658052","0.21912573015861","1","0.920598879632665","0.249727447884909","0.739014646544903","05_15"
"10.0305077531802","2.51887204411675","0.348374988468053","3.49982586802582","0.030507753180162","0.235982999255278","1","0.842795468309844","0.756127152572466","0.27450893661085","05_15"
"10.8138069992683","1.8179629153904","0.782982783217958","1.79278329829143","0.813806999268317","0.20854669545661","0.9968","0.918338458674938","0.596298297007905","0.881811817566002","05_15"
"10.0186102606868","2.56002321512049","0.323088980178308","3.54677621921228","0.0186102606868333","0.230110363639737","1","0.755363330599331","0.248008409214038","0.334187455295741","05_15"
"10.0088716169373","2.62883199008269","0.285293548081414","3.59382928999154","0.00887161693730916","0.193875863638596","1","0.516622016208617","0.373458047250832","0.591455282470818","05_15"
"10.0145566240366","2.59171720061126","0.308075501400651","3.56705463873201","0.0145566240366234","0.219678479224564","1","0.656405114014031","0.647188005322245","0.523102285054028","05_15"
"10.0219419246808","2.55075148073803","0.331449520486087","3.53322195095512","0.0219419246807544","0.214794621726426","1","0.652849869066452","0.414943437854894","0.681659209781583","05_15"
"10.7754468331501","1.84311746144033","0.770786471264189","1.89805298928634","0.775446833150053","0.208752612260156","0.9978","0.9","0.9","0.9","05_15"
"10.0080096799641","2.65035123114138","0.277712557753058","3.60118813480732","0.00800967996406251","0.19307627713006","1","0.436038999408536","0.890295932450762","0.618984672582785","05_15"
"10.6373388311518","1.9323654647095","0.715913505014562","2.19231510059958","0.637338831151773","0.214248020729888","1","0.926336809930413","0.570922371719627","0.801120944723418","05_15"
"10.0079436413132","2.62914762085208","0.279297498126769","3.59918291391455","0.00794364131317447","0.182908536084039","1","0.414605275268274","0.367497894712057","0.619441215397095","05_15"
"10.0106406205636","2.61480090875975","0.293676057310432","3.58507391135622","0.0106406205635625","0.207775593975239","1","0.662878666933523","0.592416150492063","0.28499556468381","05_15"
"10.0090724329893","2.62883199008269","0.285553317481637","3.59215050274012","0.00907243298930219","0.196008431272644","1","0.530477867726139","0.356194887912662","0.583920698959053","05_15"
"10.0078796250744","2.63452256349948","0.279064570831938","3.59918291391455","0.00787962507441493","0.179566746590441","1","0.344369615687911","0.335957696094954","0.632029709256898","05_15"
"10.0158831592746","2.58234276604275","0.315653999455875","3.55969030519268","0.0158831592745843","0.218080424344268","1","0.650183173113008","0.495790399022696","0.576443903450914","05_15"
"10.0101533150634","2.62285052986926","0.290784182367885","3.58624635949648","0.0101533150633934","0.199872880537848","1","0.530493162391716","0.699718186104899","0.707753458432302","05_15"
"10.0101158270037","2.62308831930842","0.289574040011459","3.58776184501782","0.0101158270036637","0.20386545465434","1","0.650735429839616","0.668804391305076","0.272661286188939","05_15"
"10.6747519762316","1.90809698654283","0.728974578802343","2.12122215942297","0.674751976231582","0.211351636041833","1","0.944675268605351","0.267220668727532","0.78293276228942","05_15"
"10.2198665562684","2.21392286198445","0.531940472795613","3.0276117812219","0.219866556268448","0.230034894020624","1","0.880437744093363","0.416935604047157","0.659152080658582","05_15"
"10.0411868005419","2.48093914582084","0.373218431589399","3.46032921466058","0.0411868005419137","0.22876068082325","1","0.772343588396245","0.461190252720173","0.537893515622113","05_15"
"10.2949066340198","2.15991555212619","0.574898442724894","2.8754283434751","0.29490663401976","0.221154629531388","1","0.853442118010718","0.646429895810953","0.7697985447684","05_15"
"10.0162512311986","2.58079424362134","0.316930795014778","3.55806935444304","0.0162512311985793","0.215284940920071","1","0.626898030845808","0.407069631592779","0.652461584111583","05_15"
"10.0165660296759","2.57328943625557","0.317037309318811","3.55762858158294","0.0165660296758694","0.224261511540801","1","0.716067027556076","0.583423356564468","0.400654013611384","05_15"
"10.5215984614088","2.00501493577503","0.676207024423304","2.42155277523529","0.521598461408764","0.218471339301874","1","0.944372826651211","0.274956485785358","0.721900546405373","05_15"
"10.0440383960417","2.47409180610854","0.3747965946093","3.45271192939569","0.0440383960417077","0.222296356645175","1","0.710811762317375","0.894768048776314","0.708337743611425","05_15"
"10.8138069992683","1.8179629153904","0.782982783217958","1.79278329829143","0.813806999268317","0.20854669545661","0.9968","0.918338458674938","0.596298297007905","0.881811817566002","05_15"
"10.0269349086736","2.53083961460968","0.344024273002362","3.51105112013154","0.0269349086736091","0.219216316669838","1","0.696427118824395","0.333840324687466","0.623432669707104","05_15"
"10.0263415164695","2.5323563543075","0.343212417463904","3.51366212631825","0.026341516469517","0.218137574951484","1","0.681472510608298","0.285203986142437","0.656649718195525","05_15"
"10.0425986969487","2.47702865760641","0.372875637713653","3.45941900240719","0.0425986969487205","0.222461133469325","1","0.712056039399169","0.33176203688775","0.694562865088735","05_15"
"10.0241136696616","2.5399398287918","0.337057034509205","3.52278232075406","0.0241136696615892","0.218476676370288","1","0.677138247417346","0.525139113848542","0.643521649488253","05_15"
"10.0095183282529","2.62873614378988","0.28787022630031","3.58964721852632","0.00951832825293714","0.201225350777055","1","0.609380804698504","0.563078661326324","0.352370659732382","05_15"
"10.1114728072635","2.34114174420906","0.453927636147239","3.27156788188441","0.111472807263495","0.21910974499297","1","0.773237844510579","0.367702095904445","0.749577312675872","05_15"
"10.3222270845628","2.13735638487528","0.591009285934545","2.81132181215613","0.322227084562798","0.224849779680971","1","0.879297742346315","0.442068020032484","0.738555551071212","05_15"
"10.8167280326916","1.81411097061385","0.784098296703471","1.78720738785986","0.816728032691568","0.21051652793231","0.9972","0.918127593418777","0.731364147333702","0.883999822573731","05_15"
"10.0361202232857","2.49461102451399","0.362409813390578","3.4838772609965","0.0361202232857298","0.217671573793158","1","0.663803837781341","0.413281152583143","0.77704051063226","05_15"
"10.0078796250744","2.63452256349948","0.279064570831938","3.59918291391455","0.00787962507441493","0.179566746590441","1","0.38192905573569","0.329043189967075","0.399409950012341","05_15"
"10.008883125397","2.62677296055053","0.2847106997789","3.59334738980696","0.00888312539699678","0.190942452710269","1","0.454684819077004","0.344471791734037","0.827883048290713","05_15"
"10.1386369223623","2.30910207705336","0.476077577232943","3.20349139799614","0.138636922362348","0.231849083925171","1","0.859970290428298","0.354651884164933","0.607120806384392","05_15"
"10.0535849684376","2.45373773109287","0.390964395822733","3.42385728477557","0.0535849684376441","0.228115958250906","1","0.772646030350385","0.453454435662347","0.59892573150616","05_15"
"10.0376138496829","2.49418247098682","0.36421337281247","3.48105465095503","0.0376138496829024","0.218699139184783","1","0.672117627361319","0.663785979875044","0.76624051028495","05_15"
"10.7754468331501","1.84311746144033","0.770786471264189","1.89805298928634","0.775446833150053","0.208752612260156","0.9978","0.9","0.9","0.9","05_15"
"10.262952935015","2.17799595655923","0.558717809433351","2.93176374929033","0.262952935015032","0.231413141080298","1","0.878204484821397","0.6641520449702","0.700881268396964","05_15"
"10.1180420033905","2.3342573459674","0.459326331901084","3.25319557395718","0.118042003390506","0.224542591119541","1","0.808023255285845","0.587784201368823","0.685958478532188","05_15"
"10.0104694473324","2.61926205966903","0.29233138885144","3.585373844507","0.0104694473324408","0.203820561223139","1","0.573151605262384","0.685240799848072","0.58523915128772","05_15"
"10.0232175201118","2.54756370490876","0.334244249915031","3.52651993627991","0.0232175201117844","0.226747831512688","1","0.718512827106969","0.86769441230287","0.523105584445632","05_15"
"10.0090311976729","2.62677296055053","0.285166322297756","3.59211841602476","0.00903119767290178","0.195322759419753","1","0.492558521602217","0.627154428530274","0.719986726501818","05_15"
"10.3416126762195","2.12333203490495","0.601729660577192","2.76748307954053","0.341612676219499","0.227835525004149","1","0.904747318726516","0.527170295628757","0.702794912969694","05_15"
"10.0144111028588","2.59769547036344","0.307255638421382","3.56600246971997","0.0144111028587621","0.214214775416462","1","0.613746671143364","0.661665391579072","0.645616592198609","05_15"
"10.7718481969719","1.84633046460731","0.771344361457309","1.89716086706348","0.771848196971935","0.209794295056094","0.9974","0.900210865256161","0.764934149674203","0.897811994992271","05_15"
"10.0259920780207","2.52962888864763","0.34316972835418","3.51836541875892","0.0259920780207157","0.210800748743753","1","0.628810413351327","0.559988913963529","0.792659472394295","05_15"
"10.0105672993418","2.61405433904288","0.293028407611729","3.58483517625003","0.0105672993418124","0.200905376649696","1","0.503524795780549","0.563365533747895","0.825511928880587","05_15"
"10.01175683516","2.60636067912443","0.298750642829748","3.57730579132027","0.0117568351599692","0.214693548991535","1","0.64575056969509","0.608286453489785","0.428491374535071","05_15"
"10.3177407646978","2.14124672256487","0.589266074079839","2.82049914398484","0.317740764697763","0.229344820498084","1","0.894078549732444","0.58073716627947","0.707875874115412","05_15"
"10.0193999246644","2.56410803447735","0.325269865799002","3.54493237914472","0.0193999246643616","0.217449958925996","1","0.635747862364732","0.618578187711583","0.69011979548226","05_15"
"10.3416126762195","2.12333203490495","0.601729660577192","2.76748307954053","0.341612676219499","0.227835525004149","1","0.904747318726516","0.527170295628757","0.702794912969694","05_15"
"10.0459966174525","2.46878762536796","0.378992728409387","3.44834892585202","0.0459966174525291","0.216663584792285","1","0.693193002970121","0.472129486850361","0.757736969527248","05_15"
"10.8138069992683","1.8179629153904","0.782982783217958","1.79278329829143","0.813806999268317","0.20854669545661","0.9968","0.918338458674938","0.596298297007905","0.881811817566002","05_15"
"10.4676151277672","2.03559349783081","0.650681885089","2.52309545248066","0.467615127767169","0.216201061865139","1","0.882837372735017","0.822959163981612","0.808675819210491","05_15"
"10.0472949458813","2.46736328413328","0.380725184342602","3.44395082479553","0.0472949458813446","0.219522282163717","1","0.704764117148866","0.712012889061644","0.736743406136135","05_15"
"10.0281896888931","2.52458694892914","0.347902090894285","3.50902310561965","0.0281896888930855","0.213518292183107","1","0.665456777081245","0.472005934802563","0.716581388740674","05_15"
"10.8138069992683","1.8179629153904","0.782982783217958","1.79278329829143","0.813806999268317","0.20854669545661","0.9968","0.918338458674938","0.596298297007905","0.881811817566002","05_15"
"10.0163087974532","2.58004148722137","0.317369034657108","3.55782509904355","0.0163087974532222","0.21618774842575","1","0.629571878648103","0.480429922320633","0.646449049289387","05_15"
"10.0964784969562","2.36575863858736","0.442051423530083","3.30746262942394","0.0964784969561676","0.221629876442367","1","0.746101983001135","0.803173032128404","0.783661746974665","05_15"
"10.0349052641444","2.50387839676513","0.360274980099307","3.48817858222967","0.0349052641444362","0.220935179699971","1","0.681422597128595","0.835919714509095","0.727641284716436","05_15"
"10.0189599951374","2.56527046157128","0.32422326068468","3.54688573239311","0.0189599951374457","0.218743411942343","1","0.638429531575836","0.508468632097081","0.674123387288192","05_15"
"10.0149869126356","2.59129411670621","0.309930605959916","3.56308577135408","0.0149869126356026","0.213722306773508","1","0.583254610171776","0.600091241050573","0.74810836749972","05_15"
"10.2896666151586","2.16239098540616","0.569228856819705","2.88879027889218","0.28966661515865","0.217071181159424","1","0.802497995047336","0.592414688872631","0.863201257819632","05_15"
"10.8138069992683","1.8179629153904","0.782982783217958","1.79278329829143","0.813806999268317","0.20854669545661","0.9968","0.918338458674938","0.596298297007905","0.881811817566002","05_15"
"10.0396183071485","2.48607295879576","0.370635443178867","3.46584022740938","0.0396183071485184","0.229725764881121","1","0.768807104025736","0.561913731808758","0.537130256735593","05_15"
"10.6494959276064","1.92639167559862","0.725149694126534","2.15793929315015","0.649495927606435","0.21222235249355","1","0.908259704839966","0.472457331958478","0.837832255685362","05_15"
"10.027165963321","2.52834297975469","0.344914669872428","3.51215186926509","0.027165963320984","0.215480124947646","1","0.666171973239014","0.58892800863092","0.704994323192707","05_15"
"10.0114536780661","2.61155593248949","0.296824247297823","3.57993457419126","0.0114536780660582","0.205666965686238","1","0.538114324781768","0.58705210144323","0.764537831396394","05_15"
"10.0354879208403","2.50085697854014","0.3616268389488","3.48505584195948","0.0354879208403381","0.22189322766094","1","0.699280261587346","0.793369048272012","0.686675940434815","05_15"
"10.067264863093","2.42569555750018","0.410179154398717","3.3779082100712","0.0672648630930075","0.238620238852045","1","0.831907491183678","0.587306964699742","0.511992958607152","05_15"
"10.0240097428552","2.54036298699455","0.336740545330144","3.52313393257865","0.0240097428551512","0.217336206799402","1","0.674464399615051","0.451778823120687","0.649534184310449","05_15"
"10.057369392037","2.43700817844955","0.39778523413227","3.40955663490061","0.05736939203701","0.217964139827742","1","0.70915882301747","0.836043266556894","0.76879686550301","05_15"
"10.4375816806946","2.05281566452737","0.641482029755288","2.5798983498091","0.437581680694586","0.2193505814053","1","0.889376496181287","0.565908985081911","0.782535112951852","05_15"
"10.0351029743699","2.50222265356376","0.360925828614298","3.48740668142778","0.0351029743698923","0.221300754755459","1","0.678165272529828","0.846541139589714","0.737834847760239","05_15"
"10.3416126762195","2.12333203490495","0.601729660577192","2.76748307954053","0.341612676219499","0.227835525004149","1","0.904747318726516","0.527170295628757","0.702794912969694","05_15"
"10.8167280326916","1.81411097061385","0.784098296703471","1.78720738785986","0.816728032691568","0.21051652793231","0.9972","0.918127593418777","0.731364147333702","0.883999822573731","05_15"
"10.0078602173036","2.63452256349948","0.2782517467013","3.60045162035126","0.00786021730360125","0.182072583607211","1","0.289980886038393","0.58073716627947","0.707875874115412","05_15"
"10.0183850363345","2.56700604538764","0.321787944629448","3.54916179444365","0.0183850363345281","0.220087495361454","1","0.642744777953854","0.617423734744777","0.652198135017958","05_15"
"10.8167280326916","1.81411097061385","0.784098296703471","1.78720738785986","0.816728032691568","0.21051652793231","0.9972","0.918127593418777","0.731364147333702","0.883999822573731","05_15"
"10.4839622759002","2.02578641594434","0.658106009618572","2.49981995354025","0.4839622759002","0.210713584439905","1","0.855750093560353","0.574368591803312","0.862817302308724","05_15"
"10.0126830685324","2.60538575107213","0.302370576463919","3.57416989769668","0.0126830685324445","0.223613404653271","1","0.741795592093161","0.596346296277233","0.166742393514141","05_15"
"10.175177387818","2.26284494079766","0.501721984765017","3.12310352078897","0.175177387818036","0.229820846398963","1","0.861644437491964","0.57892899932191","0.651056295192883","05_15"
"10.8167280326916","1.81411097061385","0.784098296703471","1.78720738785986","0.816728032691568","0.21051652793231","0.9972","0.918127593418777","0.731364147333702","0.883999822573731","05_15"
"10.0234218279603","2.5433545305405","0.335106269223988","3.52546743310211","0.0234218279603478","0.216261412373455","1","0.662815788181249","0.603473065221323","0.673495769951281","05_15"
"10.5362523957179","1.99828896222995","0.680298601924874","2.39232131467192","0.536252395717924","0.214617576565707","1","0.899868185741868","0.770422762547584","0.808043637271515","05_15"
"10.0505788624941","2.45675193251452","0.387248823315281","3.43376931880451","0.0505788624941487","0.216166171040967","1","0.697668514900616","0.462968361072014","0.766410399936975","05_15"
"10.3227949440964","2.13828302623524","0.592073075433775","2.80967560361131","0.322794944096364","0.228739771333742","1","0.898090975724313","0.554528819253917","0.703129734596049","05_15"
"10.0806552297662","2.40287439008134","0.425524629734663","3.3410440290894","0.0806552297661577","0.239925310386884","1","0.831395469140322","0.583843437013352","0.556124771992871","05_15"
"10.4685279333677","2.03386441887497","0.651664267237525","2.52327573864709","0.468527933367688","0.217877931207827","1","0.891242028522458","0.559777380695504","0.792893661238859","05_15"
"10.3369023762866","2.12692499227872","0.599188879101682","2.7784412608944","0.33690237628657","0.227400190707972","1","0.900734892734646","0.55337864265431","0.707541052489056","05_15"
"10.0616330950674","2.42841647089477","0.403101629796301","3.39712509150134","0.061633095067403","0.218341925443565","1","0.717539669264256","0.75431043305813","0.762632125737031","05_15"
"10.1410550308726","2.30040012581699","0.477486668206376","3.20106027325221","0.141055030872599","0.224290019848013","1","0.822293436276867","0.608238454220458","0.690213700599049","05_15"
"10.0178452940416","2.57220163078687","0.320382114756576","3.55123198702827","0.0178452940415698","0.214120991161828","1","0.613855251652977","0.533739671481192","0.722885459245632","05_15"
"10.6168692957917","1.94964952078112","0.708723107618073","2.23753547994237","0.616869295791706","0.213693181484208","1","0.906394172498795","0.478588936344886","0.827473707398355","05_15"
"10.3433979530378","2.12382105432614","0.597854784440243","2.77009075702613","0.343397953037833","0.216498550413876","1","0.809884712989368","0.642527238326364","0.880436861558677","05_15"
"10.0120053771932","2.60558467235619","0.299773484099968","3.57597058044875","0.0120053771932462","0.217067401247704","1","0.638753654105969","0.609440906456591","0.466413034999373","05_15"
"10.3121190490837","2.14635090743107","0.586140906866162","2.83305791761951","0.312119049083669","0.229907973116905","1","0.885055589554401","0.461267794007151","0.720956040058837","05_15"
"10.4375816806946","2.05281566452737","0.641482029755288","2.5798983498091","0.437581680694586","0.2193505814053","1","0.889376496181287","0.565908985081911","0.782535112951852","05_15"
"10.4701451090835","2.03306512014252","0.654116186185087","2.51462272799736","0.470145109083453","0.22248968737996","1","0.918096873273216","0.553772350178895","0.74569329757982","05_15"
"10.0312683947566","2.5102631720936","0.353863632329939","3.50052012623723","0.0312683947565737","0.213389195245632","1","0.638671116977558","0.550994578926091","0.810241907274375","05_15"
"10.01251008693","2.60539392957714","0.301340515826577","3.57350668743146","0.012510086929976","0.217536369713494","1","0.649106754752856","0.593741396899381","0.459989927776498","05_15"
"10.8138069992683","1.8179629153904","0.782982783217958","1.79278329829143","0.813806999268317","0.20854669545661","0.9968","0.918338458674938","0.596298297007905","0.881811817566002","05_15"
"10.8138069992683","1.8179629153904","0.782982783217958","1.79278329829143","0.813806999268317","0.20854669545661","0.9968","0.918338458674938","0.596298297007905","0.881811817566002","05_15"
"10.2044462083386","2.23408563762589","0.522340493861563","3.06585933465557","0.204446208338576","0.220553631449556","1","0.817612568703041","0.789814325238436","0.770171821510335","05_15"
"10.2612214236847","2.17932114973398","0.557756030780626","2.93246148925383","0.261221423684712","0.231342751143233","1","0.87852275853168","0.48083529733631","0.698768919099632","05_15"
"10.0198292498374","2.56185061207936","0.326336867867769","3.54356140678428","0.0198292498373752","0.218529793950426","1","0.64386375813385","0.518130392690068","0.674757092564537","05_15"
"10.7411216334831","1.86640590065773","0.758856883671908","1.97005320164205","0.741121633483068","0.209469016781997","0.9988","0.912146023118836","0.10212059924379","0.864329270022933","05_15"
"10.2011092316794","2.23321236330023","0.519889359566918","3.06911767149483","0.201109231679362","0.22977330526933","1","0.876800350974825","0.544089223420146","0.64878795889062","05_15"
"10.2649954389787","2.17915840534524","0.560079363998623","2.92930125664401","0.264995438978654","0.225140793565702","1","0.860989290664292","0.518343149938092","0.734810520500607","05_15"
"10.2483913348593","2.19125968517922","0.549579039332482","2.96416085255615","0.248391334859307","0.223748877069004","1","0.851859360268428","0.577680661441549","0.740125363638614","05_15"
"10.6535560736877","1.92397176572474","0.724720845463001","2.15576392477672","0.653556073687672","0.214009851850049","1","0.918115012773088","0.56781323170865","0.821565222198786","05_15"
"10.5541326610697","1.98668848017199","0.685842952251288","2.36205388466803","0.554132661069651","0.212112352125242","1","0.871809706742252","0.648366232682907","0.864306161211134","05_15"
"10.7409438963276","1.86723840049693","0.76031217344636","1.96792043086838","0.740943896327624","0.211523116675357","0.9988","0.902067980236878","0.657366506454108","0.882510963671321","05_15"
"10.4839622759002","2.02578641594434","0.658106009618572","2.49981995354025","0.4839622759002","0.210713584439905","1","0.855750093560353","0.574368591803312","0.862817302308724","05_15"
"10.4839622759002","2.02578641594434","0.658106009618572","2.49981995354025","0.4839622759002","0.210713584439905","1","0.855750093560353","0.574368591803312","0.862817302308724","05_15"
"10.8138069992683","1.8179629153904","0.782982783217958","1.79278329829143","0.813806999268317","0.20854669545661","0.9968","0.918338458674938","0.596298297007905","0.881811817566002","05_15"
"10.3390322334658","2.1254764366906","0.595311554307183","2.7847113924458","0.339032233465804","0.218101653787478","1","0.837625411062511","0.589805652293455","0.82639203976043","05_15"
"10.6154770282481","1.94882319332748","0.708715667077647","2.239580138562","0.615477028248088","0.216186634940336","1","0.918109453918905","0.717323265803948","0.808127897954764","05_15"
"10.2069879460142","2.22786248055084","0.523348386356681","3.05704512649037","0.206987946014222","0.226458113893711","1","0.840418118774709","0.592801393730315","0.726638963147343","05_15"
"10.4839622759002","2.02578641594434","0.658106009618572","2.49981995354025","0.4839622759002","0.210713584439905","1","0.855750093560353","0.574368591803312","0.862817302308724","05_15"
"10.4701451090835","2.03306512014252","0.654116186185087","2.51462272799736","0.470145109083453","0.22248968737996","1","0.918096873273216","0.553772350178895","0.74569329757982","05_15"
"10.6168692957917","1.94964952078112","0.708723107618073","2.23753547994237","0.616869295791706","0.213693181484208","1","0.906394172498795","0.478588936344886","0.827473707398355","05_15"
"10.1557637867402","2.28689688985079","0.488083829133551","3.16314208139556","0.155763786740178","0.236138236197103","1","0.870778137394353","0.565940156267306","0.608893069593116","05_15"
"10.2564180449701","2.18542808963222","0.55427393759709","2.94789803857346","0.25641804497008","0.224995389152483","1","0.851000616829365","0.486446547106334","0.747915921513518","05_15"
"10.8167280326916","1.81411097061385","0.784098296703471","1.78720738785986","0.816728032691568","0.21051652793231","0.9972","0.918127593418777","0.731364147333702","0.883999822573731","05_15"
"10.6168692957917","1.94964952078112","0.708723107618073","2.23753547994237","0.616869295791706","0.213693181484208","1","0.906394172498795","0.478588936344886","0.827473707398355","05_15"
"10.3231227705131","2.13803894894171","0.592244522165773","2.80934961757025","0.323122770513053","0.22849646344224","1","0.896818391880004","0.540492438492781","0.705728556702606","05_15"
"10.0141642416017","2.59672672301263","0.307785149805306","3.56652655792961","0.0141642416016569","0.216576398828058","1","0.666193258679873","0.545383329156068","0.47614038689062","05_15"
"10.8138069992683","1.8179629153904","0.782982783217958","1.79278329829143","0.813806999268317","0.20854669545661","0.9968","0.918338458674938","0.596298297007905","0.881811817566002","05_15"
"10.3433979530378","2.12382105432614","0.597854784440243","2.77009075702613","0.343397953037833","0.216498550413876","1","0.809884712989368","0.642527238326364","0.880436861558677","05_15"
"10.3118811880944","2.14675745602991","0.586096578702474","2.83336878097172","0.311881188094396","0.230163338905797","1","0.886328173398711","0.475304174768287","0.71835721795228","05_15"
"10.8167280326916","1.81411097061385","0.784098296703471","1.78720738785986","0.816728032691568","0.21051652793231","0.9972","0.918127593418777","0.731364147333702","0.883999822573731","05_15"
"10.8138069992683","1.8179629153904","0.782982783217958","1.79278329829143","0.813806999268317","0.20854669545661","0.9968","0.918338458674938","0.596298297007905","0.881811817566002","05_15"
"10.362727013225","2.10509340835331","0.612206600539419","2.72382510416516","0.362727013225045","0.224715103829992","1","0.90627139130624","0.553967699278712","0.713455499714253","05_15"
"10.0589096773904","2.43633088525369","0.403038064949283","3.40904643760624","0.0589096773903727","0.216911729878311","1","0.66265130485408","0.574708661354032","0.880299849851793","05_15"
"10.4168580028634","2.06816351392491","0.636135413551021","2.61653384973141","0.416858002863423","0.220758445570233","1","0.90991645769129","0.5543334701541","0.735367532461616","05_15"
"10.5541326610697","1.98668848017199","0.685842952251288","2.36205388466803","0.554132661069651","0.212112352125242","1","0.871809706742252","0.648366232682907","0.864306161211134","05_15"
"10.0210990541764","2.55125030519923","0.329625096349317","3.53695623316895","0.0210990541764486","0.208383619120874","1","0.577510603936389","0.367128909682425","0.873340849016085","05_15"
"10.5115494886653","2.00690055261347","0.669681909394645","2.44962725702762","0.511549488665318","0.209713678720924","1","0.843588264862055","0.560650199034597","0.896372553892434","05_15"
"10.618532319258","1.94699738935732","0.713415680777248","2.22550954523169","0.618532319257998","0.211641790515643","1","0.881326457443461","0.705389141182602","0.873640091981603","05_15"
"10.7576802173594","1.85592335621708","0.764981903448181","1.9292090822919","0.757680217359429","0.212285973044566","0.9988","0.913555000382757","0.679608311260829","0.869574251182638","05_15"
"10.4654074518476","2.03561329791769","0.651873107690034","2.52326064086024","0.465407451847641","0.218684491313449","1","0.91448905072731","0.129306000424549","0.749793103852709","05_15"
"10.0078885464142","2.64419398826396","0.2782517467013","3.59974950322995","0.00788854641415372","0.18639641732507","1","0.357248281361535","0.702224589495596","0.882474713160036","05_15"
"10.4839622759002","2.02578641594434","0.658106009618572","2.49981995354025","0.4839622759002","0.210713584439905","1","0.855750093560353","0.574368591803312","0.862817302308724","05_15"
"10.3843987920263","2.08841042678574","0.62200656383405","2.68294542092557","0.384398792026318","0.222111368312103","1","0.902387028902752","0.553832252931373","0.732532313819272","05_15"
"10.8138069992683","1.8179629153904","0.782982783217958","1.79278329829143","0.813806999268317","0.20854669545661","0.9968","0.918338458674938","0.596298297007905","0.881811817566002","05_15"
"10.3789872929706","2.09219063098711","0.619007477615409","2.69228973772194","0.378987292970596","0.222115021577613","1","0.898411616928651","0.574904513223212","0.737100894998554","05_15"
"10.5541326610697","1.98668848017199","0.685842952251288","2.36205388466803","0.554132661069651","0.212112352125242","1","0.871809706742252","0.648366232682907","0.864306161211134","05_15"
"10.0817980347417","2.39337378808542","0.426803268767243","3.34380588408423","0.0817980347417154","0.218423700547154","1","0.725334431298265","0.568026161598147","0.798001233003663","05_15"
"10.8138069992683","1.8179629153904","0.782982783217958","1.79278329829143","0.813806999268317","0.20854669545661","0.9968","0.918338458674938","0.596298297007905","0.881811817566002","05_15"
"10.2111148247902","2.22077872225568","0.527050269456148","3.05093071837973","0.211114824790164","0.23217229295496","1","0.884278504448814","0.674906348556762","0.644613799237247","05_15"
"10.4094108764368","2.07457876736561","0.629463074757219","2.63982839916312","0.409410876436833","0.216681289080234","1","0.855750093560353","0.574368591803312","0.829913498600945","05_15"
"10.1938361872796","2.24208790073047","0.515463761138581","3.08467596351572","0.19383618727959","0.234005937583779","1","0.886487981764816","0.565880253514828","0.622054053353664","05_15"
"10.8138069992683","1.8179629153904","0.782982783217958","1.79278329829143","0.813806999268317","0.20854669545661","0.9968","0.918338458674938","0.596298297007905","0.881811817566002","05_15"
"10.6716126759858","1.91303496282269","0.73316879874671","2.10858578083471","0.671612675985805","0.20965476910337","0.9996","0.892551229535669","0.600343597954413","0.873177032900852","05_15"
"10.8167280326916","1.81411097061385","0.784098296703471","1.78720738785986","0.816728032691568","0.21051652793231","0.9972","0.918127593418777","0.731364147333702","0.883999822573731","05_15"
"10.67206478488","1.91200112174425","0.734552373168432","2.1079557414354","0.672064784879979","0.209353169153586","0.9998","0.897633970968462","0.577944959694356","0.865026930330169","05_15"
"10.8138069992683","1.8179629153904","0.782982783217958","1.79278329829143","0.813806999268317","0.20854669545661","0.9968","0.918338458674938","0.596298297007905","0.881811817566002","05_15"
"10.6168692957917","1.94964952078112","0.708723107618073","2.23753547994237","0.616869295791706","0.213693181484208","1","0.906394172498795","0.478588936344886","0.827473707398355","05_15"
"10.6136398112661","1.94886687481767","0.710812732693546","2.23263363580458","0.613639811266058","0.209710093322771","1","0.876454581266829","0.592721929116862","0.879602189544557","05_15"
"10.6580117852993","1.91928461956063","0.728553459734252","2.13494433240293","0.658011785299312","0.212863040927958","1","0.904627226364316","0.622397955044247","0.848279092929599","05_15"
"10.8177373658971","1.81505791939146","0.784289560756211","1.78567260389101","0.817737365897148","0.208539868732089","0.9968","0.91825600519154","0.625437854846012","0.883336926979697","05_15"
"10.6487084397392","1.92912903159338","0.724540023653012","2.16659949321695","0.6487084397392","0.209251064948138","1","0.89294230768536","0.259438199177669","0.863369244675449","05_15"
"10.7886941786332","1.83471169456126","0.776206834379046","1.85139231027987","0.788694178633235","0.208076033401133","0.9976","0.916876236344819","0.466355836895067","0.874988243580579","05_15"
"10.2760440997367","2.17147296934076","0.566640015367138","2.90482886116758","0.276044099736712","0.224955459555623","1","0.863364201031066","0.557109618372438","0.738392001101677","05_15"
"10.5673667326479","1.98010069113739","0.691188156032442","2.3313380717303","0.567366732647908","0.211524082732083","1","0.87495380899383","0.417050991869433","0.863777327656209","05_15"
"10.6600281893489","1.91956140122196","0.729763116787712","2.13258565842111","0.660028189348905","0.212013037505559","1","0.89970496670125","0.637870390648075","0.857366292056821","05_15"
"10.8138069992683","1.8179629153904","0.782982783217958","1.79278329829143","0.813806999268317","0.20854669545661","0.9968","0.918338458674938","0.596298297007905","0.881811817566002","05_15"
"10.8083296945636","1.82185403226703","0.781518819253562","1.80524782540695","0.808329694563642","0.206973494921115","0.9968","0.917268803188729","0.475679498776922","0.881495215376193","05_15"
"10.715705347376","1.88232763925758","0.749813110304482","2.01823568217076","0.715705347376","0.208344947089511","0.9994","0.908027819608662","0.468330652908174","0.862460046341431","05_15"
"10.8177373658971","1.81505791939146","0.784289560756211","1.78567260389101","0.817737365897148","0.208539868732089","0.9968","0.91825600519154","0.625437854846012","0.883336926979697","05_15"
"10.5161236963345","2.00773026009211","0.673221452903202","2.43016940861442","0.51612369633447","0.217210279039215","1","0.901806700734154","0.573083187439394","0.795824079979777","05_15"
"10.6868833054082","1.89982103926718","0.739008155502284","2.08194343211279","0.686883305408245","0.210440236230841","1","0.915242589234951","0.47661412033178","0.840001904637503","05_15"
"10.8167280326916","1.81411097061385","0.784098296703471","1.78720738785986","0.816728032691568","0.21051652793231","0.9972","0.918127593418777","0.731364147333702","0.883999822573731","05_15"
"10.7878537725998","1.83647381187338","0.776032099217176","1.85664443991315","0.787853772599824","0.209137406982716","0.9976","0.916366013998592","0.56422413443313","0.875591232962441","05_15"
"10.5163062425243","2.00863921697508","0.672923613851076","2.42966457838084","0.516306242524301","0.216302179463629","1","0.898214299137061","0.558694025186335","0.801735164169664","05_15"
"10.6960625826714","1.89247327628767","0.74235288291379","2.06135768104468","0.696062582671355","0.210152669461277","0.9998","0.91779606326933","0.48207304103477","0.839227863788255","05_15"
"10.8177373658971","1.81505791939146","0.784289560756211","1.78567260389101","0.817737365897148","0.208539868732089","0.9968","0.91825600519154","0.625437854846012","0.883336926979697","05_15"
"10.7444620584784","1.86368568381455","0.760518174661825","1.96020499186888","0.744462058478398","0.210966828661331","0.9988","0.91546121013719","0.413051943485644","0.860592102207617","05_15"
"10.5113454754581","2.00997783160999","0.670553841549985","2.44112816151905","0.511345475458069","0.212307375414668","1","0.878498912539797","0.489084778379718","0.834413576552668","05_15"
"10.7243197660262","1.87796221292727","0.753806794047302","2.00575006314215","0.72431976602617","0.21098605704837","0.9988","0.902192457053671","0.686701852207153","0.876100401739235","05_15"
"10.8138069992683","1.8179629153904","0.782982783217958","1.79278329829143","0.813806999268317","0.20854669545661","0.9968","0.918338458674938","0.596298297007905","0.881811817566002","05_15"
"10.8138069992683","1.8179629153904","0.782982783217958","1.79278329829143","0.813806999268317","0.20854669545661","0.9968","0.918338458674938","0.596298297007905","0.881811817566002","05_15"
"10.6543026185648","1.92338719083767","0.725824165510256","2.14845332772418","0.654302618564814","0.208984053728835","1","0.884741971132127","0.594538474828306","0.879978136818959","05_15"
"10.6122793843893","1.9503916738531","0.710812732693546","2.23594419526511","0.612279384389261","0.210556565936274","1","0.876454581266829","0.664201692910865","0.879602189544557","05_15"
"10.8138069992683","1.8179629153904","0.782982783217958","1.79278329829143","0.813806999268317","0.20854669545661","0.9968","0.918338458674938","0.596298297007905","0.881811817566002","05_15"
"10.5272591725262","2.00203484076801","0.678157609500236","2.4123859215563","0.527259172526226","0.215708571023275","1","0.917283845781659","0.0715024236124009","0.77253792862479","05_15"
"10.7737979970528","1.84573556141969","0.771783575309048","1.88556082303414","0.773797997052756","0.208965579317493","0.9982","0.91005106880964","0.594481751296461","0.8814358702916","05_15"
"10.7651822190314","1.85019380499233","0.768580269457769","1.90596944684205","0.765182219031409","0.210401338414229","0.9986","0.908486365900775","0.645005893080962","0.881076453735348","05_15"
"10.8177373658971","1.81505791939146","0.784289560756211","1.78567260389101","0.817737365897148","0.208539868732089","0.9968","0.91825600519154","0.625437854846012","0.883336926979697","05_15"
"10.7296956099844","1.87277792397687","0.755759579280232","1.98733507517846","0.72969560998442","0.21004190080567","0.9988","0.906936567904403","0.592814192318021","0.870057661176102","05_15"
"10.7946170014992","1.83169690923152","0.777457566182554","1.84206321055379","0.794617001499163","0.20977420633358","0.9974","0.917945891831028","0.586974635126051","0.875304845770388","05_15"
"10.4056519259902","2.07441021432868","0.630755914156259","2.63620989968022","0.405651925990232","0.220473298373102","1","0.904277020095701","0.615045973344255","0.740278007836528","05_15"
"10.8138069992683","1.8179629153904","0.782982783217958","1.79278329829143","0.813806999268317","0.20854669545661","0.9968","0.918338458674938","0.596298297007905","0.881811817566002","05_15"
"10.8138069992683","1.8179629153904","0.782982783217958","1.79278329829143","0.813806999268317","0.20854669545661","0.9968","0.918338458674938","0.596298297007905","0.881811817566002","05_15"
"10.8138069992683","1.8179629153904","0.782982783217958","1.79278329829143","0.813806999268317","0.20854669545661","0.9968","0.918338458674938","0.596298297007905","0.881811817566002","05_15"
"10.7711965868416","1.84705894120889","0.77085783099762","1.89118835209558","0.7711965868416","0.20908226682733","0.9982","0.909543182149148","0.615028371494825","0.881408188814067","05_15"
"10.8167715198054","1.81516241511396","0.784241737517132","1.78818771578773","0.81677151980537","0.210554058019666","0.997","0.918246478123328","0.658654715517379","0.883299440924399","05_15"
"10.764017041091","1.8512697626775","0.766318505042132","1.90834639901407","0.76401704109103","0.210249483406688","0.9988","0.917047595409267","0.502170083286549","0.865718667082604","05_15"
"10.8177373658971","1.81505791939146","0.784289560756211","1.78567260389101","0.817737365897148","0.208539868732089","0.9968","0.91825600519154","0.625437854846012","0.883336926979697","05_15"
"10.798594346774","1.82873033455992","0.778638547735541","1.83203016517835","0.798594346773975","0.209450998919754","0.9974","0.918010912140674","0.621099576896381","0.876717921730445","05_15"
"10.00787060184","2.63452256349948","0.278648843617475","3.60045162035126","0.00787060184004844","0.181891830116326","1","0.27056393912062","0.51020511019846","0.856026851056638","05_15"
"10.8138069992683","1.8179629153904","0.782982783217958","1.79278329829143","0.813806999268317","0.20854669545661","0.9968","0.918338458674938","0.596298297007905","0.881811817566002","05_15"
"10.8138069992683","1.8179629153904","0.782982783217958","1.79278329829143","0.813806999268317","0.20854669545661","0.9968","0.918338458674938","0.596298297007905","0.881811817566002","05_15"
"10.8138069992683","1.8179629153904","0.782982783217958","1.79278329829143","0.813806999268317","0.20854669545661","0.9968","0.918338458674938","0.596298297007905","0.881811817566002","05_15"
"10.8134236347027","1.81827603441494","0.782867742105145","1.79366601167174","0.813423634702679","0.208493374820732","0.9968","0.918190984881894","0.591312913075682","0.881923851019639","05_15"
"10.8177373658971","1.81505791939146","0.784289560756211","1.78567260389101","0.817737365897148","0.208539868732089","0.9968","0.91825600519154","0.625437854846012","0.883336926979697","05_15"
"10.0078602173036","2.63452256349948","0.2782517467013","3.60045162035126","0.00786021730360125","0.182016235772036","1","0.249787741340697","0.596298297007905","0.881811817566002","05_15"
"10.8138069992683","1.8179629153904","0.782982783217958","1.79278329829143","0.813806999268317","0.20854669545661","0.9968","0.918338458674938","0.596298297007905","0.881811817566002","05_15"
"10.8177373658971","1.81505791939146","0.784289560756211","1.78567260389101","0.817737365897148","0.208539868732089","0.9968","0.91825600519154","0.625437854846012","0.883336926979697","05_15"
"10.8017697455342","1.82651819459176","0.779798308308894","1.82327618614741","0.801769745534216","0.20911456524918","0.9974","0.918063728996386","0.592709799127997","0.87778935115546","05_15"
"10.7823031730199","1.84032786009472","0.774647288663667","1.86664134742935","0.78230317301995","0.208965800013571","0.9976","0.912358030995183","0.596065343206838","0.880556914839422","05_15"
"10.7785371083134","1.84300920774279","0.773371521984794","1.87489330963994","0.778537108313365","0.20885991931411","0.9976","0.911012050122475","0.59598190789973","0.881494025583704","05_15"
"10.7503646638065","1.85988697602678","0.762701423879716","1.94392329960703","0.750364663806452","0.210020665342082","0.9988","0.915566435421857","0.47234930595584","0.862958996353289","05_15"
"10.8090229844436","1.82185528130029","0.781721775816517","1.80522359892584","0.809022984443562","0.208074870932522","0.9974","0.917391943336394","0.552417409376838","0.881591587476388","05_15"
"10.7678284577861","1.84893499838841","0.769527865632579","1.8990450564611","0.767828457786078","0.209263165306496","0.9984","0.908994252561267","0.624459272882599","0.881104135212881","05_15"
"10.8146567767538","1.81692517254645","0.783455630817624","1.79373979843608","0.814656776753836","0.21053485498147","0.9972","0.918219573970387","0.669007728824228","0.882512199215334","05_15"
"10.7688382876635","1.84882627938514","0.768899605481341","1.9010260743208","0.768838287663492","0.21085840418693","0.9988","0.917803252882833","0.597305785682323","0.866537939711314","05_15"
"10.6855783994215","1.90403376933502","0.737314092465352","2.08021945244225","0.685578399421521","0.207298999339225","0.9994","0.890722398811883","0.594771428629374","0.881233039545539","05_15"
"10.8107171731502","1.82041414394428","0.782103602042702","1.80099013822839","0.810717173150228","0.207557150015741","0.9974","0.918150779906872","0.566140492375816","0.880970032834024","05_15"
"10.0108127960235","2.61295058901655","0.29359685119404","3.58279468475064","0.0108127960234733","0.20088659541691","1","0.48998980014585","0.596298297007905","0.881811817566002","05_15"
"10.8167280326916","1.81411097061385","0.784098296703471","1.78720738785986","0.816728032691568","0.21051652793231","0.9972","0.918127593418777","0.731364147333702","0.883999822573731","05_15"
"10.7931741669717","1.8319817956347","0.777039813113489","1.84393002763516","0.793174166971708","0.207319546741093","0.9974","0.916752073402861","0.507180157207","0.876685252691014","05_15"
"10.8129601223027","1.81819839498256","0.782705524042037","1.7949018318941","0.812960122302674","0.206661140044853","0.9968","0.918215318527274","0.519560386407989","0.881715445465808","05_15"
"10.806723602394","1.82347912704317","0.781030973989027","1.81198012473602","0.806723602393991","0.208567295603206","0.9974","0.91822062150958","0.590563133005959","0.87932731218093","05_15"
"10.0078790476273","2.63309835442421","0.2782517467013","3.59918291391455","0.0078790476273413","0.183277857107151","1","0.33364394819364","0.594798140404636","0.881753662273899","05_15"
"10.0078602173036","2.63452256349948","0.2782517467013","3.60045162035126","0.00786021730360125","0.182016235772036","1","0.00586823979392648","0.596298297007905","0.881811817566002","05_15"
"10.0760105520355","2.40151905233679","0.423314885413312","3.35646251331934","0.0760105520354603","0.215153741524799","1","0.690205555409193","0.47234930595584","0.862958996353289","05_15"
"10.7829330478475","1.8391636119298","0.774420120987366","1.86493976006835","0.782933047847463","0.207829537799833","0.9976","0.912647677357776","0.304803435690701","0.879815872318422","05_15"
"10.8122240799593","1.81917112089682","0.782515452808122","1.79817081637955","0.812224079959305","0.208492720108916","0.9972","0.918164011265389","0.615042215667874","0.881539525078862","05_15"
"10.7886484396069","1.83609246142845","0.776098331023598","1.85432584504572","0.78864843960694","0.209049707144865","0.9976","0.914906416932045","0.618996211391999","0.878310238226091","05_15"
"10.8071882229565","1.82327836490174","0.781298924440633","1.81165450439955","0.80718822295647","0.208578030339554","0.9974","0.917024963153796","0.624096592623369","0.881552580527026","05_15"
"10.0099012765422","2.61984292004395","0.288911470090271","3.58794944768466","0.00990127654222747","0.198097299845534","1","0.47132907086052","0.580019730560265","0.88175891442509","05_15"
"10.8138069992683","1.8179629153904","0.782982783217958","1.79278329829143","0.813806999268317","0.20854669545661","0.9968","0.918338458674938","0.596298297007905","0.881811817566002","05_15"
"10.8138069992683","1.81759532062158","0.782982783217958","1.79278329829143","0.813806999268317","0.207671077166521","0.9968","0.918338458674938","0.539342578034848","0.881811817566002","05_15"
"10.8098460728294","1.82058300180731","0.781857193384462","1.80350421473225","0.809846072829387","0.207109526676695","0.997","0.918159007548513","0.508140317961378","0.880608173876064","05_15"
"10.7790683016053","1.84144098642756","0.773674127382677","1.87423175086106","0.779068301605258","0.209418569157504","0.9984","0.917223956477427","0.550083142286959","0.871532693667696","05_15"
"10.8001538363841","1.82758565995101","0.779182812590002","1.82709572500674","0.80015383638415","0.209399030722281","0.9974","0.918185359550223","0.602355658236413","0.876990214217585","05_15"
"10.7884017977326","1.8359610985931","0.776220704517204","1.85630720826077","0.788401797732551","0.209775652950723","0.9976","0.917954566669712","0.593863626691918","0.873103277813685","05_15"
"10.7959486595012","1.82996360485575","0.777911840287945","1.83595385851558","0.79594865950123","0.207752004210712","0.9974","0.916808384381622","0.518600225653611","0.877792524280758","05_15"
"10.8167715198054","1.81516241511396","0.784241737517132","1.78818771578773","0.81677151980537","0.210554058019666","0.997","0.918246478123328","0.658654715517379","0.883299440924399","05_15"
"10.8105082502138","1.82060537836851","0.782113735569032","1.80112333029797","0.810508250213811","0.208260487366731","0.9972","0.917607780646168","0.584662269357875","0.881818425533174","05_15"
"10.8118170786904","1.81948628483761","0.782427580734704","1.79769322468376","0.811817078690383","0.207630219750532","0.9968","0.918015085035395","0.568695975824478","0.8816444906173","05_15"
"10.8138069992683","1.8179629153904","0.782982783217958","1.79278329829143","0.813806999268317","0.20854669545661","0.9968","0.918338458674938","0.596298297007905","0.881811817566002","05_15"
"10.8177373658971","1.81505791939146","0.784289560756211","1.78567260389101","0.817737365897148","0.208539868732089","0.9968","0.91825600519154","0.625437854846012","0.883336926979697","05_15"
"10.7951790298087","1.8312832937732","0.777580772631598","1.84073373741095","0.795179029808706","0.209755615885688","0.9974","0.918039671095014","0.594755072066086","0.875358512917268","05_15"
"10.7971255755727","1.82985435992505","0.778064436709155","1.83542543749742","0.797125575572697","0.209539331909822","0.9974","0.91794322435796","0.593332388661956","0.87626081415742","05_15"
"10.7748179148531","1.84519410442165","0.772131574204316","1.88331310344361","0.774817914853109","0.208950448112054","0.9978","0.910307748082409","0.596660977267136","0.881363372251857","05_15"
"10.7899767586435","1.83373124689412","0.776551267367","1.85272450170574","0.789976758643455","0.209155307997641","0.9976","0.91804426044142","0.54265007400555","0.873513285595838","05_15"
"10.8138069992683","1.8179629153904","0.782982783217958","1.79278329829143","0.813806999268317","0.20854669545661","0.9968","0.918338458674938","0.596298297007905","0.881811817566002","05_15"
"10.8138069992683","1.8179629153904","0.782982783217958","1.79278329829143","0.813806999268317","0.20854669545661","0.9968","0.918338458674938","0.596298297007905","0.881811817566002","05_15"
"10.8160923386005","1.81631522903234","0.783756978098797","1.78684213276589","0.81609233860055","0.208437259196672","0.9968","0.918040167881765","0.593192994864975","0.883110088922911","05_15"
"10.8138069992683","1.8179629153904","0.782982783217958","1.79278329829143","0.813806999268317","0.20854669545661","0.9968","0.918338458674938","0.596298297007905","0.881811817566002","05_15"
"10.8138069992683","1.8179629153904","0.782982783217958","1.79278329829143","0.813806999268317","0.20854669545661","0.9968","0.918338458674938","0.596298297007905","0.881811817566002","05_15"
"10.8138069992683","1.8179629153904","0.782982783217958","1.79278329829143","0.813806999268317","0.20854669545661","0.9968","0.918338458674938","0.596298297007905","0.881811817566002","05_15"
"10.7728339227335","1.84578643805172","0.771047633995469","1.88967677878988","0.772833922733536","0.210474366800237","0.9988","0.917923757521259","0.596683196148364","0.868066476709354","05_15"
"10.8128770034795","1.81867554610372","0.782673532256588","1.79511837789954","0.812877003479486","0.208019602128815","0.9968","0.918233852876003","0.569898861731518","0.881655250336323","05_15"
"10.7982307014993","1.82900604733316","0.778474018696754","1.83233063860725","0.79823070149935","0.209482850547615","0.9974","0.918039853914638","0.593935394703668","0.876522120453176","05_15"
"10.8073428229664","1.82314266842499","0.781222939357458","1.81013463176963","0.807342822966391","0.208334611291672","0.9974","0.917965231885472","0.582602131553473","0.879992365477418","05_15"
"10.8017767044078","1.82651377570918","0.779806759117443","1.82324074821375","0.801776704407801","0.208666041132831","0.9974","0.917993077507883","0.579426232932961","0.877912939297302","05_15"
"10.8135693785876","1.81777668505746","0.782912995602165","1.7933071788995","0.813569378587632","0.206568769500023","0.9968","0.918167120611604","0.520298178567537","0.88201236669505","05_15"
"10.7866885069057","1.83691794789678","0.775948212660307","1.85952711516494","0.786688506905652","0.209878419042497","0.998","0.917942568853578","0.59341744457942","0.87262589946541","05_15"
"10.813297224749","1.81835421392192","0.782820481689877","1.79406319046469","0.813297224749007","0.208548124109855","0.9968","0.91831229833095","0.586571559328619","0.881675945885067","05_15"
"10.9383026365911","1.74483243759384","0.828305270931546","1.50437145652843","0.938302636591085","0.202227029294427","0.9892","0.918041245379383","0.578422713503765","0.926671815570444","05_15"
"10.7910398731442","1.83410547740345","0.776761775374914","1.85000133620632","0.791039873144192","0.209305198577349","0.9976","0.917840018766941","0.545794974718027","0.874255896469622","05_15"
"10.803705518256","1.82546711129859","0.780382520502825","1.81882814022544","0.803705518255965","0.208477029377349","0.9974","0.917287181736055","0.607660158709919","0.879833875109508","05_15"
"10.8167715198054","1.81516241511396","0.784241737517132","1.78818771578773","0.81677151980537","0.210554058019666","0.997","0.918246478123328","0.658654715517379","0.883299440924399","05_15"
"10.7756103235943","1.84375225075274","0.772191989434853","1.88286971049189","0.775610323594351","0.210473704726037","0.9988","0.91811832873003","0.596630036312966","0.868778085835927","05_15"
"10.8138069992683","1.8179629153904","0.782982783217958","1.79278329829143","0.813806999268317","0.208056148585176","0.9968","0.918338458674938","0.569164784506491","0.881811817566002","05_15"
"10.8131157027748","1.81850311361254","0.782759338224596","1.79451190541557","0.813115702774811","0.208513545819288","0.9972","0.918237552245265","0.60045175359897","0.881734905575252","05_15"
"10.8138069992683","1.8179629153904","0.782982783217958","1.79278329829143","0.813806999268317","0.207809347246332","0.9968","0.918338458674938","0.566476090536262","0.881811817566002","05_15"
"10.8127890681439","1.8187681812598","0.782662884655823","1.79524872150708","0.812789068143884","0.20843784748891","0.9972","0.918039985062141","0.594012672227394","0.881946481387003","05_15"
"10.8084089372274","1.82232109255506","0.781497536315523","1.80823532504738","0.808408937227403","0.208184245652381","0.9974","0.917950388204721","0.614526372546036","0.880407558787384","05_15"
"10.5080165515089","2.013280350977","0.671331199543772","2.44709110783399","0.508016551508918","0.220120971580609","1","0.918278733642094","0.610161482586592","0.763408156577498","05_15"
"10.8137172830138","1.81802743097281","0.78295716181425","1.79445665521108","0.813717283013788","0.208520837079769","0.9972","0.918247892128448","0.613279994239853","0.881932734160711","05_15"
"10.8177373658971","1.81505791939146","0.784289560756211","1.78567260389101","0.817737365897148","0.208539868732089","0.9968","0.91825600519154","0.625437854846012","0.883336926979697","05_15"
"10.7940179699976","1.83216543745883","0.777294253206883","1.84291241631001","0.794017969997589","0.209445296074786","0.9974","0.917114246044089","0.604325292143419","0.876503534656911","05_15"
"10.8033410679038","1.82532840300001","0.78016421067438","1.81993258560936","0.803341067903814","0.207556502922451","0.9974","0.918288674315594","0.541480334569679","0.87797538441435","05_15"
"10.7998363219368","1.82769178850938","0.779123842524584","1.82784906521336","0.799836321936837","0.207267371399726","0.9974","0.917542945258999","0.51242848553031","0.877884971074138","05_15"
"10.8006937607949","1.82699241216565","0.779408985939808","1.82559500675374","0.80069376079487","0.207761470315122","0.9974","0.918094044800765","0.540512317470719","0.87734971874749","05_15"
"10.8127513164528","1.81878655993571","0.782647639330116","1.79537705595066","0.812751316452772","0.208468165346739","0.9972","0.91811969083433","0.595095411100866","0.88180105784698","05_15"
"10.7986803727349","1.82877188819559","0.779198798757515","1.82973157184997","0.798680372734871","0.208499788956566","0.9974","0.915957693870929","0.607634349689985","0.880288180682585","05_15"
"10.812912237554","1.8186414368476","0.78268466982234","1.795977709835","0.812912237553992","0.208524609304744","0.9972","0.918264917695061","0.610888759076809","0.881616437069613","05_15"
"10.8110020095749","1.82017162370821","0.78219196965738","1.80013510678344","0.81100200957489","0.208430038142404","0.9972","0.918143887466167","0.596351456843303","0.881100208439429","05_15"
"10.0080375589607","2.62914762085208","0.279064570831938","3.59918291391455","0.00803755896071444","0.186495427801728","1","0.376303579425439","0.5965981402309","0.871701391401364","05_15"
"10.8129702175637","1.81860410502865","0.782708157893569","1.7948828872181","0.812970217563708","0.208518250361431","0.9972","0.918223736298233","0.601179030089187","0.88170452401258","05_15"
"10.7999759042025","1.82793770958364","0.779586656885461","1.82655897932574","0.799975904202471","0.208397006135174","0.9974","0.916210520738994","0.609420189187137","0.880330331113333","05_15"
"10.7936821961462","1.83235893491292","0.777236320950446","1.84262926010372","0.793682196146238","0.208975156059117","0.9974","0.916044924097157","0.605435985870789","0.878252103447225","05_15"
"10.8058394940173","1.82400934035335","0.780824632250664","1.81421269502825","0.805839494017267","0.208641076903549","0.9974","0.918139579680151","0.598138061295997","0.879143710599647","05_15"
"10.1244408082972","2.33645776357996","0.466335019660895","3.23429154405436","0.12444080829725","0.245865183565841","1","0.917590370732608","0.567769052548451","0.461835301248357","05_15"
"10.8033410679038","1.82532840300001","0.78016421067438","1.81993258560936","0.803341067903814","0.207556502922451","0.9974","0.918288674315594","0.541480334569679","0.87797538441435","05_15"
"10.8041702262379","1.82472016814446","0.780398248984687","1.81805197850798","0.804170226237858","0.207462452464789","0.9974","0.918120843074345","0.535230979720158","0.878572129741078","05_15"
"10.8133092506338","1.81836591972468","0.782831434911389","1.79392670719534","0.813309250633822","0.208481622856516","0.9968","0.918138087566767","0.543948591424362","0.88197226743626","05_15"
"10.9009119659682","1.766931384071","0.814717925197542","1.5928781615909","0.900911965968208","0.203786168815239","0.9924","0.918100061137833","0.582442353691958","0.91387422474895","05_15"
"10.8110020095749","1.82017162370821","0.78219196965738","1.80013510678344","0.81100200957489","0.208430038142404","0.9972","0.918143887466167","0.596351456843303","0.881100208439429","05_15"
"10.8002654342814","1.82726206766704","0.779598170634083","1.82609165837716","0.800265434281372","0.207572973591609","0.9974","0.916637416335544","0.524311409509397","0.879696393163807","05_15"
"10.8126427768672","1.8188638249714","0.782620812363795","1.79695044320462","0.812642776867156","0.208502682373413","0.9972","0.918220459071256","0.613302547970916","0.881595261028962","05_15"
"10.7999805309813","1.82772606588929","0.779279182226806","1.82697395143002","0.799980530981329","0.209133449451757","0.9974","0.917572183534142","0.604115482975651","0.87798773332224","05_15"
"10.8110020095749","1.82017162370821","0.78219196965738","1.80013510678344","0.81100200957489","0.208430038142404","0.9972","0.918143887466167","0.596351456843303","0.881100208439429","05_15"
"10.8177373658971","1.81505791939146","0.784289560756211","1.78567260389101","0.817737365897148","0.208539868732089","0.9968","0.91825600519154","0.625437854846012","0.883336926979697","05_15"
"10.9383026365911","1.74483243759384","0.828305270931546","1.50437145652843","0.938302636591085","0.202227029294427","0.9892","0.918041245379383","0.578422713503765","0.926671815570444","05_15"
"10.8094098295626","1.82152135332865","0.781764103440874","1.80559217449346","0.809409829562576","0.208212328251637","0.9974","0.917977821261913","0.614503818814973","0.880745031919133","05_15"
"10.8033435994972","1.82557483569176","0.780205000825023","1.81981290514904","0.803343599497246","0.208878235621246","0.9974","0.91795262368841","0.596133758522863","0.878558197688536","05_15"
"10.8067936901629","1.82347242033163","0.781089740955693","1.81149845286462","0.806793690162869","0.208365963458604","0.9974","0.917903113935797","0.575405056894785","0.879901412594544","05_15"
"10.8130351629708","1.81858186226177","0.782739267245804","1.79463488499892","0.813035162970817","0.20802499215795","0.9968","0.918069018106978","0.570362259370568","0.881986580645793","05_15"
"10.8016726375434","1.82641226784772","0.779772626787249","1.82348010270969","0.801672637543375","0.207715312099842","0.9974","0.91807090325642","0.541289469294825","0.877742497905211","05_15"
"10.8068236686387","1.82351258192717","0.781135484410023","1.81114579562919","0.806823668638722","0.208208756051304","0.9974","0.917582047572088","0.594222481395162","0.880462282721674","05_15"
"10.7979838390081","1.82915023746974","0.778702523897585","1.83162520383192","0.797983839008148","0.208968938892564","0.9974","0.916863222794383","0.595751425710897","0.878476758592916","05_15"
"10.8145698457892","1.81741528123989","0.783234631271382","1.79113762525973","0.814569845789227","0.208517930200309","0.9968","0.918217293163053","0.604681958857405","0.882280535043562","05_15"
"10.8081158119861","1.82254692857111","0.781391056151417","1.80829127777177","0.808115811986149","0.208080518547402","0.9974","0.918178201418846","0.543553286263909","0.879910532160422","05_15"
"10.8481684753623","1.79446556487894","0.79444868527294","1.70695258154209","0.848168475362258","0.209474181052197","0.9958","0.91806087507588","0.591075770912673","0.894598648668474","05_15"
"10.8070986730905","1.82332435162921","0.781198391250722","1.81108312753331","0.807098673090541","0.208229792530782","0.9974","0.917697561336655","0.612740533048883","0.880365408356636","05_15"
"10.8078289077199","1.82276266160061","0.781329306047752","1.80897654655071","0.807828907719854","0.208336598901079","0.9974","0.918086131451898","0.579002593551047","0.879962357407148","05_15"
"10.2374816707466","2.20675628864253","0.543391214040467","2.99287790883528","0.237481670746602","0.217420183223033","1","0.775213026674464","0.614526372546036","0.880407558787384","05_15"
"10.801560018527","1.82735029263368","0.779368124860787","1.82555711162219","0.801560018527014","0.207214909727545","0.997","0.917444984984295","0.112850269768387","0.878257372398689","05_15"
"10.8151462897765","1.81652786467739","0.783640414852423","1.79246390265279","0.815146289776493","0.209957218679789","0.997","0.918148875794605","0.64906816776084","0.882819963727817","05_15"
"10.8005405199588","1.82728221821244","0.779407162232598","1.82519418813205","0.800540519958786","0.207378791495131","0.997","0.917494638136954","0.289157525535879","0.878225381930166","05_15"
"10.8081158119861","1.82254692857111","0.781391056151417","1.80829127777177","0.808115811986149","0.208080518547402","0.9974","0.918178201418846","0.543553286263909","0.879910532160422","05_15"
"10.8111450175736","1.82004651397388","0.782227431062515","1.8010720597655","0.811145017573619","0.208436730908788","0.9972","0.918147673393452","0.615443957028288","0.881148933742918","05_15"
"10.8286363015837","1.80653864197562","0.787911408955169","1.7565192820913","0.82863630158369","0.208203266305376","0.9968","0.918055682458522","0.563111991516592","0.887581930549446","05_15"
"10.8001014440509","1.82753259251455","0.779231243088675","1.82641249903591","0.800101444050869","0.207718419434237","0.997","0.917522530381483","0.427808227208158","0.878019723790763","05_15"
"10.8057897851845","1.82403969134708","0.780812682078022","1.81432832654264","0.80578978518448","0.207996245184648","0.9974","0.918133431321776","0.567804578126573","0.879138230586125","05_15"
"10.8003121569974","1.8275705065426","0.779479293229099","1.82617941836678","0.800312156997408","0.208933626872971","0.9974","0.917214139643935","0.604435573449399","0.878721372945963","05_15"
"10.8094098295626","1.82152135332865","0.781764103440874","1.80559217449346","0.809409829562576","0.208212328251637","0.9974","0.917977821261913","0.614503818814973","0.880745031919133","05_15"
"10.9383026365911","1.74483243759384","0.828305270931546","1.50437145652843","0.938302636591085","0.202227029294427","0.9892","0.918041245379383","0.578422713503765","0.926671815570444","05_15"
"10.8165094836365","1.81544856494314","0.784112558921995","1.789108451869","0.816509483636457","0.21003100703535","0.997","0.918243689202651","0.646814065287062","0.883165913615736","05_15"
"10.8725413964359","1.78274783913482","0.804433761219918","1.65218804752401","0.872541396435854","0.205608679764067","0.994","0.917604850935563","0.588960471090186","0.904450671743083","05_15"
"10.8127481123836","1.8187771864046","0.782641435002061","1.79540551292245","0.812748112383599","0.208491092668592","0.9968","0.918186588962247","0.58725376926464","0.881689593272501","05_15"
"10.816246657558","1.81613227495564","0.783826060746189","1.78902503140641","0.816246657558043","0.208524607728476","0.997","0.918161191783494","0.62769195731979","0.882990977091778","05_15"
"10.9009119659682","1.766931384071","0.814717925197542","1.5928781615909","0.900911965968208","0.203786168815239","0.9924","0.918100061137833","0.582442353691958","0.91387422474895","05_15"
"10.8130351629708","1.81858186226177","0.782739267245804","1.79463488499892","0.813035162970817","0.20802499215795","0.9968","0.918069018106978","0.570362259370568","0.881986580645793","05_15"
"10.7968480516498","1.82998348427844","0.778331502981252","1.83456603757063","0.796848051649796","0.208834250565531","0.9974","0.916654178823755","0.584159338001822","0.878417305006395","05_15"
"10.8130351629708","1.81858186226177","0.782739267245804","1.79463488499892","0.813035162970817","0.20802499215795","0.9968","0.918069018106978","0.570362259370568","0.881986580645793","05_15"
"10.8111520997338","1.82004168833256","0.782226647676459","1.79972674233891","0.811152099733785","0.208436690562105","0.9972","0.918144851465554","0.60267156153855","0.881155999272946","05_15"
"10.0078602173036","2.63452256349948","0.2782517467013","3.60045162035126","0.00786021730360125","0.182016235772036","1","0.118509838357568","0.565564462889583","0.8785776097546","05_15"
"10.8151462897765","1.81652786467739","0.783640414852423","1.79246390265279","0.815146289776493","0.209957218679789","0.997","0.918148875794605","0.64906816776084","0.882819963727817","05_15"
"10.8070986730905","1.82332435162921","0.781198391250722","1.81108312753331","0.807098673090541","0.208229792530782","0.9974","0.917697561336655","0.612740533048883","0.880365408356636","05_15"
"10.7990267908856","1.82842786242513","0.779074842367534","1.82904826232332","0.799026790885632","0.208935847761402","0.9974","0.916970364133374","0.599138473717387","0.87867444110091","05_15"
"10.8154828195271","1.81664312978743","0.783584284923941","1.79065925478456","0.815482819527068","0.208805575109977","0.997","0.91814508986732","0.629975667575855","0.882771238424328","05_15"
"10.0078602173036","2.63452256349948","0.2782517467013","3.60045162035126","0.00786021730360125","0.182016235772036","1","0.0971668865531683","0.569997370130638","0.881877935192722","05_15"
"10.8282359420054","1.80684607042279","0.787819047025999","1.75793524612889","0.828235942005445","0.208061532002809","0.9968","0.918067393736412","0.597597365577422","0.887411286328107","05_15"
"10.8101245638633","1.82092820363709","0.781996766934212","1.80224987692983","0.810124563863259","0.208237791508506","0.9974","0.917654489269587","0.596232878714017","0.881586818492291","05_15"
"10.9091130211301","1.76206704123971","0.817922615252106","1.57167736279926","0.909113021130086","0.202715832663159","0.992","0.918056466177281","0.556600191281997","0.916832382926209","05_15"
"10.8481684753623","1.79446556487894","0.79444868527294","1.70695258154209","0.848168475362258","0.209474181052197","0.9958","0.91806087507588","0.591075770912673","0.894598648668474","05_15"
"10.8034654512398","1.82560907117181","0.780324455793715","1.81935066135613","0.803465451239762","0.208518000102804","0.9974","0.917293859209198","0.596681704763752","0.879736211035375","05_15"
"10.8133092506338","1.81836591972468","0.782831434911389","1.79392670719534","0.813309250633822","0.208481622856516","0.9968","0.918138087566767","0.543948591424362","0.88197226743626","05_15"
"10.8608412243425","1.78864044824567","0.799215309041139","1.68059986659349","0.860841224342539","0.207260574373732","0.995","0.917606019925789","0.591793303293676","0.899829710661806","05_15"
"10.8114810451993","1.81956593658254","0.782381911635593","1.80152388854823","0.811481045199268","0.210079000772265","0.9972","0.918170812833389","0.642761308260443","0.881343940799617","05_15"
"10.8111520997338","1.82004168833256","0.782226647676459","1.79972674233891","0.811152099733785","0.208436690562105","0.9972","0.918144851465554","0.60267156153855","0.881155999272946","05_15"
"10.9383026365911","1.74483243759384","0.828305270931546","1.50437145652843","0.938302636591085","0.202227029294427","0.9892","0.918041245379383","0.578422713503765","0.926671815570444","05_15"
"10.9009119659682","1.766931384071","0.814717925197542","1.5928781615909","0.900911965968208","0.203786168815239","0.9924","0.918100061137833","0.582442353691958","0.91387422474895","05_15"
"10.8346687524819","1.80194954799834","0.789474701467586","1.74019438695809","0.83466875248188","0.208775235636605","0.9966","0.918067695029238","0.585093183834094","0.88977602587928","05_15"
"10.815484421176","1.8162400861733","0.783772669751809","1.79158021835326","0.815484421176019","0.209985550659584","0.997","0.918211777688136","0.64726388323327","0.882851652382068","05_15"
"10.813288679688","1.81838280006089","0.782825050724544","1.79397478030969","0.813288679687956","0.208472596050524","0.9968","0.918128455710815","0.560261786176844","0.881981100512633","05_15"
"10.8050267359792","1.82460944323521","0.780689250018476","1.81578188503639","0.805026735979191","0.207970494821526","0.9974","0.917534208102806","0.565977355860047","0.879891340225624","05_15"
"10.9383026365911","1.74483243759384","0.828305270931546","1.50437145652843","0.938302636591085","0.202227029294427","0.9892","0.918041245379383","0.578422713503765","0.926671815570444","05_15"
"10.8036178527439","1.82553257001003","0.780367609584859","1.81899161700507","0.803617852743869","0.208469194707092","0.9974","0.917251310043184","0.585057355967381","0.879864979884542","05_15"
"10.8142907452309","1.81765998920678","0.78315256106112","1.79359872074475","0.814290745230868","0.208416646232163","0.997","0.917993903291197","0.616854097643992","0.882554538779287","05_15"
"10.8019646553234","1.82656551663668","0.779954194363864","1.82254429867669","0.801964655323428","0.208615931287858","0.9974","0.917117286810345","0.598202371930056","0.87949083769893","05_15"
"10.0829267671847","2.38816632071889","0.430019389137986","3.33771490708892","0.0829267671847334","0.215185976437392","1","0.688372065778822","0.618556575841592","0.882567004735252","05_15"
"10.9383026365911","1.74483243759384","0.828305270931546","1.50437145652843","0.938302636591085","0.202227029294427","0.9892","0.918041245379383","0.578422713503765","0.926671815570444","05_15"
"10.8197807364172","1.81353649640135","0.784995235580561","1.7796303378806","0.819780736417241","0.208337230516124","0.9968","0.91769639234643","0.609907700845394","0.884986369437913","05_15"
"10.8099323942152","1.82108212272444","0.781886278510964","1.80324444102468","0.809932394215165","0.208301428302828","0.9974","0.918150314767568","0.557529964613847","0.88065657717362","05_15"
"10.8265613967278","1.80816862529581","0.78728033395234","1.76227287970049","0.826561396727842","0.208051774478168","0.9968","0.91806219815362","0.576344846449147","0.886809203434986","05_15"
"10.8780925230637","1.78078376983128","0.805909778275411","1.64112690737874","0.878092523063734","0.2059150552211","0.9934","0.918125140931873","0.559429119354743","0.905070958988283","05_15"
"10.8022953749227","1.82631660799509","0.780011552817396","1.82242715675612","0.802295374922696","0.208708989952038","0.9974","0.917381428136231","0.615273433125197","0.879157811258453","05_15"
"10.8282359420054","1.80684607042279","0.787819047025999","1.75793524612889","0.828235942005445","0.208061532002809","0.9968","0.918067393736412","0.597597365577422","0.887411286328107","05_15"
"10.8160743463601","1.81574888038733","0.783986884011719","1.7900160375662","0.816074346360124","0.210014227488853","0.997","0.918180787309119","0.648618349814632","0.883134224961485","05_15"
"10.8130592828601","1.81856417651944","0.782745712025496","1.79458912813909","0.813059282860144","0.208467320447996","0.9968","0.91807864996293","0.554049064618086","0.88197774756942","05_15"
"10.8021206850942","1.82638550375278","0.779936881510196","1.82235621138995","0.802120685094168","0.208102434072919","0.9974","0.917614357449414","0.576714404121249","0.878693633035708","05_15"
"10.8111522910456","1.82004461760798","0.782234809649152","1.7996630970125","0.811152291045588","0.208430157564862","0.9968","0.918096904758257","0.556385581020631","0.881240535632595","05_15"
"10.8005351031712","1.8274408727561","0.779595790123513","1.82565988220231","0.800535103171157","0.208890871744224","0.9974","0.917146936532226","0.597617806551084","0.878919814437355","05_15"
"10.8062540733338","1.82385474284307","0.780993579884796","1.81263906013836","0.806254073333835","0.208295206772122","0.9974","0.917589457742818","0.586355751299081","0.880241918394353","05_15"
"10.8101245638633","1.82092820363709","0.781996766934212","1.80224987692983","0.810124563863259","0.208237791508506","0.9974","0.917654489269587","0.596232878714017","0.881586818492291","05_15"
"10.845105571543","1.79604984419812","0.793327759619654","1.71403052816926","0.845105571542987","0.209479815981825","0.9964","0.918117914207655","0.584424841191895","0.893451017210426","05_15"
"10.9091130211301","1.76206704123971","0.817922615252106","1.57167736279926","0.909113021130086","0.202715832663159","0.992","0.918056466177281","0.556600191281997","0.916832382926209","05_15"
"10.8153111618631","1.81644143908171","0.783683696691603","1.79218748920185","0.815311161863084","0.209664928904684","0.997","0.91817137647092","0.644207607095858","0.882826359319175","05_15"
"10.8154676041206","1.81689801111265","0.783577961701173","1.78797072859975","0.815467604120597","0.208104441393365","0.9968","0.917126000052474","0.597895536356467","0.884409579331868","05_15"
"10.8146508691321","1.81737137616137","0.783267565551661","1.79245420573615","0.8146508691321","0.208475401242769","0.997","0.918109562980786","0.614441752979642","0.882488169018342","05_15"
"10.8183398031202","1.81468758049531","0.784506812496384","1.78090143442803","0.818339803120236","0.208315860304168","0.9968","0.917653165887317","0.589221682608013","0.884546465162998","05_15"
"10.0106608600793","2.6138448057004","0.29269194528089","3.58329561008852","0.0106608600793004","0.202284604644368","1","0.477129588834941","0.601785638943774","0.912416846358049","05_15"
"10.8124898809353","1.81897146394523","0.782583995498487","1.79667201857949","0.812489880935344","0.208482289031531","0.9972","0.918146008541972","0.609655368705861","0.881666588799514","05_15"
"10.8038210275613","1.82539168883343","0.780416948587678","1.8185298322091","0.803821027561282","0.207958663448915","0.9974","0.917282459045292","0.567419895858995","0.879890158264562","05_15"
"10.8066777815299","1.82363826589812","0.781134574026452","1.81128355837584","0.80667778152988","0.208081699389866","0.9974","0.917314784947951","0.58687564694345","0.880870303658681","05_15"
"10.8116792390106","1.81938461850826","0.782438622224626","1.80138723145264","0.811679239010629","0.210301508694417","0.9972","0.918171413533508","0.645563720004197","0.881423597630468","05_15"
"10.0125776365634","2.60371800739676","0.30079665629086","3.57202188165017","0.0125776365633563","0.207481159952462","1","0.515961537370458","0.597617806551084","0.878919814437355","05_15"
"10.8048151066169","1.8247462267521","0.780633465324088","1.81632496668925","0.804815106616935","0.208433781191119","0.9974","0.917503059100697","0.583614815968433","0.879866161845604","05_15"
"10.8245431333632","1.80977874013342","0.786578286759417","1.76695258176003","0.824543133363247","0.208490769993649","0.9968","0.918091114514859","0.57849134650309","0.886023265132573","05_15"
"10.0078602173036","2.63452256349948","0.2782517467013","3.60045162035126","0.00786021730360125","0.182016235772036","1","0.0869782534427941","0.594414587737948","0.880581494718152","05_15"
"10.8125016343683","1.81896221033294","0.782586026979621","1.79600665218381","0.812501634368308","0.208474489421078","0.9972","0.918153260002233","0.593367725731426","0.881658452512735","05_15"
"10.9383026365911","1.74483243759384","0.828305270931546","1.50437145652843","0.938302636591085","0.202227029294427","0.9892","0.918041245379383","0.578422713503765","0.926671815570444","05_15"
"10.9383026365911","1.74483243759384","0.828305270931546","1.50437145652843","0.938302636591085","0.202227029294427","0.9892","0.918041245379383","0.578422713503765","0.926671815570444","05_15"
"10.8144206986069","1.81754387356216","0.78319128962202","1.79108514549178","0.814420698606924","0.208459324368803","0.9968","0.918058680494283","0.597904201151011","0.882492544695169","05_15"
"10.8108250500329","1.82032927257953","0.782150462299265","1.80058422921761","0.810825050032916","0.208384820519916","0.9972","0.918029191775965","0.6050839062029","0.881222369033891","05_15"
"10.0608433564979","2.43590371908097","0.401909322819172","3.3933778082461","0.0608433564979071","0.247376240744514","1","0.917654489269587","0.596232878714017","0.284426815342158","05_15"
"10.8513323849952","1.79325028019456","0.795509139892799","1.70038500435667","0.85133238499521","0.209472968863133","0.9954","0.918121886452154","0.579308636098541","0.89541096848534","05_15"
"10.9234218179309","1.75453356871205","0.822753678786155","1.53907722468488","0.923421817930866","0.201733918751279","0.9908","0.918044948795441","0.571413809355225","0.921205804803188","05_15"
"10.8038035285213","1.82537820161681","0.780393115138141","1.82000294822082","0.803803528521282","0.208816001112173","0.9974","0.917446852853651","0.625155293272979","0.87960147813488","05_15"
"10.9091130211301","1.76206704123971","0.817922615252106","1.57167736279926","0.909113021130086","0.202715832663159","0.992","0.918056466177281","0.556600191281997","0.916832382926209","05_15"
"10.8142443289161","1.81741071815504","0.783246333949862","1.79403566599577","0.814244328916115","0.20966950187651","0.9972","0.918146352970716","0.637382023085487","0.882407985505641","05_15"
"10.0425107281605","2.47382656192301","0.375848325710222","3.46489597503875","0.0425107281604871","0.210124920038058","1","0.635625987313688","0.647172050979217","0.881651806441927","05_15"
"11.0227251306068","1.67208711579911","0.872038044210734","1.26368598381212","1.02272513060681","0.205546978673702","0.9746","0.970006826100871","0.644461471489515","0.882771995551217","05_15"
"10.8166208541096","1.81058320081578","0.784665647234252","1.79189620360457","0.816620854109614","0.210263668641016","0.9974","0.918105036225194","0.87117528077215","0.88573386125934","05_15"
"10.806438571464","1.82374232732307","0.78104206643856","1.81214736814005","0.806438571463999","0.208264788444586","0.9974","0.917577434561919","0.586663374097428","0.880331244500539","05_15"
"10.9259571326936","1.75313479524542","0.824091855896229","1.53079588702029","0.925957132693632","0.201743522644589","0.9906","0.918052762761223","0.563609095430538","0.922298393693465","05_15"
"10.0735050101251","2.41301607657255","0.418365527186172","3.35479806575273","0.0735050101250794","0.246085221645351","1","0.918150314767568","0.557529964613847","0.33379363338463","05_15"
"10.8086440029434","1.82213608480901","0.78158993870344","1.80647442762957","0.808644002943416","0.208093839187449","0.9974","0.917676811618067","0.59305959444982","0.880963600930406","05_15"
"10.8291747146989","1.80610700545062","0.788031273528374","1.7551030656892","0.82917471469886","0.208105593466782","0.9968","0.91813233052468","0.586662200363333","0.887653453336708","05_15"
"10.9170422570777","1.75726073049261","0.82055332454893","1.55709852614337","0.917042257077659","0.201616724078211","0.9916","0.918084383293781","0.592317159905491","0.919208453970547","05_15"
"10.847826396374","1.79466126784555","0.79428258708773","1.70673090029299","0.847826396373972","0.209469722519002","0.9958","0.917900132721917","0.580576092937118","0.894730329475442","05_15"
"10.8084442165055","1.81958817948445","0.781940256583956","1.8111883724106","0.808444216505486","0.210855106159601","0.9974","0.917716652114929","0.821026677265763","0.882305734288173","05_15"
"10.8038035285213","1.82537820161681","0.780393115138141","1.82000294822082","0.803803528521282","0.208816001112173","0.9974","0.917446852853651","0.625155293272979","0.87960147813488","05_15"
"10.8513323849952","1.79325028019456","0.795509139892799","1.70038500435667","0.85133238499521","0.209472968863133","0.9954","0.918121886452154","0.579308636098541","0.89541096848534","05_15"
"10.8066777815299","1.82363826589812","0.781134574026452","1.81128355837584","0.80667778152988","0.208081699389866","0.9974","0.917314784947951","0.58687564694345","0.880870303658681","05_15"
"10.8059533644456","1.82401567822631","0.780892649392168","1.81359682302396","0.805953364445602","0.208432981621204","0.9974","0.917788881233005","0.60080703626735","0.879788288541876","05_15"
"10.9260508767643","1.75308224653642","0.824077827863293","1.5315259033306","0.926050876764308","0.201599896287878","0.9906","0.918052535170308","0.572198497726306","0.922345042451031","05_15"
"10.8066777815299","1.82363826589812","0.781134574026452","1.81128355837584","0.80667778152988","0.208081699389866","0.9974","0.917314784947951","0.58687564694345","0.880870303658681","05_15"
"10.8104348250444","1.82066387014236","0.782032018590909","1.80170639551701","0.810434825044352","0.208340120593196","0.9974","0.918053882946084","0.586971505379034","0.881026096082868","05_15"
"10.8117845654793","1.81933896101446","0.782490331421134","1.80120652755961","0.811784565479293","0.210988819092109","0.9972","0.917917460487681","0.679843431945957","0.881885425050833","05_15"
"10.8947243708726","1.77020266147865","0.812233655076455","1.60712455816286","0.894724370872594","0.203555004666032","0.9932","0.917718547219385","0.584509994664075","0.912272730595541","05_15"
"11.0227251306068","1.67208711579911","0.872038044210734","1.26368598381212","1.02272513060681","0.205546978673702","0.9746","0.970006826100871","0.644461471489515","0.882771995551217","05_15"
"10.8150313469","1.81661758595635","0.783594466146674","1.79276864414479","0.815031346899973","0.209840670180625","0.997","0.918171389553842","0.645206587016321","0.882737905259028","05_15"
"10.0092431865271","2.62677296055053","0.286765490322588","3.59122102904899","0.00924318652713023","0.193833671160532","1","0.444226187188178","0.556600191281997","0.916832382926209","05_15"
"10.8340245987718","1.80236971230497","0.789289861118889","1.74172057227545","0.834024598771783","0.208595578281568","0.9966","0.918142815929707","0.586014161466634","0.889415967661368","05_15"
"10.8472223208076","1.7949190509856","0.794078512808233","1.70791814731302","0.847222320807565","0.209485400101887","0.9958","0.918058591993881","0.579103300801853","0.894278460359274","05_15"
"10.889846791363","1.77189115416352","0.810920577386687","1.61391810470213","0.889846791362999","0.203694053205691","0.9932","0.918052851261625","0.582409995779696","0.91051247802936","05_15"
"10.8066674432067","1.82359564926071","0.78109052413342","1.81277693392864","0.806667443206738","0.208264476132613","0.9974","0.917643982581647","0.616904408767911","0.880300131572973","05_15"
"10.9383026365911","1.74483243759384","0.828305270931546","1.50437145652843","0.938302636591085","0.202227029294427","0.9892","0.918041245379383","0.578422713503765","0.926671815570444","05_15"
"10.8038035285213","1.82537820161681","0.780393115138141","1.82000294822082","0.803803528521282","0.208816001112173","0.9974","0.917446852853651","0.625155293272979","0.87960147813488","05_15"
"10.923726678439","1.75446288204928","0.82287216196751","1.5385237755334","0.923726678439044","0.201680983736118","0.9908","0.917855633033228","0.571859979935606","0.921599740255372","05_15"
"10.8119094879759","1.81920074778635","0.782504231823887","1.80082705291642","0.811909487975872","0.210351923162035","0.9972","0.918171400450586","0.644564740083734","0.881512051690615","05_15"
"10.8828239619983","1.77613171011595","0.808077026965104","1.62716159192221","0.882823961998306","0.205270699065229","0.993","0.917586647796474","0.561967763346723","0.908618349542389","05_15"
"10.8351442536294","1.80165007802299","0.789614302754466","1.74048657494743","0.835144253629395","0.208879064304708","0.9966","0.918066425066388","0.600547306577916","0.889951530618239","05_15"
"10.9381594062703","1.744951104616","0.828452916874747","1.5019922092758","0.938159406270312","0.202243522325724","0.989","0.918041472970298","0.569833311207996","0.926625166812879","05_15"
"10.8296171775026","1.80573925554769","0.788142038891973","1.75372730845136","0.829617177502636","0.208119635412982","0.9968","0.917972877481504","0.578247243903708","0.888080195229424","05_15"
"10.8125882065866","1.81707571871551","0.782856387226338","1.7993791826365","0.812588206586599","0.210263058686582","0.9972","0.917470034782806","0.758751744685188","0.883738594473069","05_15"
"10.8457574559638","1.79585523777303","0.793543524953918","1.71534319348994","0.845757455963759","0.209433902773116","0.9964","0.917664207770678","0.60778375385249","0.894379398270533","05_15"
"10.8059013184842","1.82406325239139","0.780892509033352","1.81362959421702","0.805901318484184","0.208384613351558","0.9974","0.917682777804891","0.597947632357607","0.879952409339789","05_15"
"10.8299320246624","1.80550706700513","0.788214356137323","1.75288948215207","0.829932024662359","0.208155509486807","0.9968","0.917994154133768","0.578291708933749","0.888160808293082","05_15"
"10.843080114903","1.79656782638126","0.792802381651324","1.73585836179361","0.843080114903002","0.211465181664458","0.997","0.917929183563599","0.755033236546739","0.893440684957389","05_15"
"10.9250980841018","1.75369904399016","0.823588579289278","1.53465821346997","0.925098084101832","0.201650953186199","0.9908","0.91794281557838","0.572129278298091","0.922049279103796","05_15"
"10.8105294034077","1.81977754445354","0.782382180855106","1.80503271765206","0.810529403407651","0.210329353479752","0.9972","0.917679594190964","0.712137873183023","0.882092032535453","05_15"
"10.923726678439","1.75446288204928","0.82287216196751","1.5385237755334","0.923726678439044","0.201680983736118","0.9908","0.917855633033228","0.571859979935606","0.921599740255372","05_15"
"10.8224502026224","1.81135517773238","0.785885053156006","1.7713020300988","0.822450202622373","0.208432428992957","0.9968","0.917773312448325","0.589494550423277","0.885805607734462","05_15"
"10.8901500269695","1.77254640371477","0.81041124309995","1.61654037517841","0.890150026969531","0.204921734266188","0.9932","0.918057852433537","0.597861483714539","0.910039317929872","05_15"
"10.8064377585523","1.82308550244668","0.780279247721143","1.81575197924551","0.806437758552311","0.210313117016146","0.9974","0.917681040505612","0.725793212850651","0.880513833325693","05_15"
"10.8220145999613","1.81172177208728","0.78573713123689","1.77228450061297","0.822014599961251","0.208406097527636","0.9968","0.917823369341587","0.590201947913519","0.885566194744296","05_15"
"10.8506202197488","1.7936017501111","0.795221970843134","1.70147702047765","0.850620219748808","0.209439297467739","0.9954","0.917827375922505","0.56530346401756","0.895662864031891","05_15"
"11.0227251306068","1.67208711579911","0.872038044210734","1.26368598381212","1.02272513060681","0.205546978673702","0.9746","0.970006826100871","0.644461471489515","0.882771995551217","05_15"
"11.0051308084109","1.68755834852898","0.860384432420547","1.31403777546693","1.0051308084109","0.20225392774153","0.98","0.951065196922839","0.590955306635577","0.90251069361009","05_15"
"10.8067036405766","1.82352589552977","0.781062033298946","1.81177051197893","0.806703640576587","0.208420500256119","0.9974","0.91793536976662","0.582336932661594","0.879811323025911","05_15"
"10.8346832911099","1.80195871780042","0.78948126291161","1.74165577852486","0.834683291109907","0.208793544821188","0.9966","0.917992556585475","0.606718494443175","0.889905492323851","05_15"
"10.8287639903334","1.80585608934107","0.788120069929303","1.75706472733444","0.828763990333371","0.209794872810277","0.9968","0.917913378711662","0.658945361850783","0.888125681519972","05_15"
"10.8801889894067","1.77795883966458","0.807444410717957","1.63326660065739","0.8801889894067","0.204888633234477","0.9934","0.91781786386785","0.575767600131016","0.907233945869772","05_15"
"10.8288877866402","1.80632352530221","0.788000302877343","1.75584286435229","0.828887786640214","0.208098830231363","0.9968","0.917826388947889","0.596717347509464","0.888057160745389","05_15"
"10.9671947709381","1.7215437989966","0.840124877397784","1.43539310296297","0.967194770938087","0.20218105529474","0.988","0.93756097718142","0.581108536367142","0.906584028258811","05_15"
"10.9383026365911","1.74483243759384","0.828305270931546","1.50437145652843","0.938302636591085","0.202227029294427","0.9892","0.918041245379383","0.578422713503765","0.926671815570444","05_15"
"10.8691659851224","1.78495449242193","0.80263102305935","1.66400769502879","0.869165985122371","0.207085062819644","0.9944","0.917928353782969","0.583509814662236","0.902175085051264","05_15"
"10.8066777815299","1.82363826589812","0.781134574026452","1.81128355837584","0.80667778152988","0.208081699389866","0.9974","0.917314784947951","0.58687564694345","0.880870303658681","05_15"
"10.9379335867834","1.74513467496507","0.828193643137004","1.50503834560386","0.937933586783398","0.202232472298366","0.9892","0.91801996872712","0.578378248473724","0.926591202506786","05_15"
"10.8104348250444","1.82066387014236","0.782032018590909","1.80170639551701","0.810434825044352","0.208340120593196","0.9974","0.918053882946084","0.586971505379034","0.881026096082868","05_15"
"10.9248627827438","1.75384054903705","0.823440738490588","1.53540077125346","0.924862782743831","0.201662255694886","0.9908","0.917965352625156","0.571929199363821","0.921895503602606","05_15"
"10.8128587561072","1.81870557755339","0.782676362283156","1.79508950518209","0.812858756107248","0.208462121778023","0.9972","0.918097842416098","0.597267288717164","0.881875547134287","05_15"
"10.0932983894082","2.38174298414597","0.437410688736999","3.30536035355414","0.0932983894082428","0.247952661371316","1","0.917593702480832","0.586128503918145","0.39589960873127","05_15"
"10.953525381028","1.73136639070921","0.834859899242187","1.46899021284357","0.953525381028044","0.204002265855352","0.9898","0.93699416434834","0.625704662580244","0.902606344392157","05_15"
"10.8947243708726","1.77020266147865","0.812233655076455","1.60712455816286","0.894724370872594","0.203555004666032","0.9932","0.917718547219385","0.584509994664075","0.912272730595541","05_15"
"10.8170288260455","1.81569927589625","0.784076971257291","1.78422511411465","0.817028826045465","0.208263628534046","0.9968","0.917560422727964","0.596496761508191","0.884235961984215","05_15"
"10.9339614964115","1.7450262499572","0.825211211608057","1.51544635437564","0.933961496411534","0.205141394031956","0.9912","0.934831987912407","0.617038763647155","0.898713813956738","05_15"
"10.0130413524581","2.60283059884916","0.303110181042263","3.57003299917109","0.0130413524581229","0.208654660811031","1","0.518901185132563","0.587096232944723","0.884691502419856","05_15"
"10.8959666997596","1.76955890781263","0.812725212000019","1.60459803380653","0.895966699759558","0.203528991123082","0.993","0.917841433671789","0.573462514678844","0.912504097592759","05_15"
"11.0051308084109","1.68755834852898","0.860384432420547","1.31403777546693","1.0051308084109","0.20225392774153","0.98","0.951065196922839","0.590955306635577","0.90251069361009","05_15"
"10.9617126388862","1.72598808069241","0.837952530292892","1.44904019303779","0.9617126388862","0.201994106048993","0.9882","0.934081973503724","0.590087926360729","0.910016356504399","05_15"
"10.9248627827438","1.75384054903705","0.823440738490588","1.53540077125346","0.924862782743831","0.201662255694886","0.9908","0.917965352625156","0.571929199363821","0.921895503602606","05_15"
"10.953525381028","1.73136639070921","0.834859899242187","1.46899021284357","0.953525381028044","0.204002265855352","0.9898","0.93699416434834","0.625704662580244","0.902606344392157","05_15"
"10.8129759746548","1.81866331097137","0.782731705470687","1.79465168545603","0.81297597465478","0.208357601442899","0.9972","0.917816725233519","0.595555828851555","0.882385972333108","05_15"
"10.807533896","1.82300646131166","0.781287082310192","1.80954066533675","0.807533896000002","0.208245157273371","0.9974","0.917848142466236","0.582913887705747","0.880262690533756","05_15"
"10.8845482180689","1.77505603998075","0.808719010761423","1.62466737166881","0.884548218068873","0.204222836061059","0.9932","0.917942668274663","0.580728472465703","0.908692200825664","05_15"
"10.8346832911099","1.80195871780042","0.78948126291161","1.74165577852486","0.834683291109907","0.208793544821188","0.9966","0.917992556585475","0.606718494443175","0.889905492323851","05_15"
"10.9057346403066","1.76411297198845","0.816812903246461","1.58052257667031","0.905734640306612","0.203169471902454","0.9922","0.917915772627125","0.595654841835602","0.916065973274559","05_15"
"10.8614085460234","1.7883362068454","0.799448535269882","1.6786410398232","0.861408546023433","0.207620364026634","0.995","0.917794406354341","0.585901618168288","0.899741522057945","05_15"
"10.8392185255749","1.79927246773456","0.791057253082745","1.72940145486337","0.839218525574856","0.209471135672217","0.9966","0.91782683550034","0.592056200563921","0.891849026616538","05_15"
"11.0227251306068","1.67208711579911","0.872038044210734","1.26368598381212","1.02272513060681","0.205546978673702","0.9746","0.970006826100871","0.644461471489515","0.882771995551217","05_15"
"10.8280632371579","1.80699888319759","0.787798975153884","1.75802286483634","0.828063237157866","0.208049328438031","0.9968","0.917913616248274","0.596140392465311","0.887605793237544","05_15"
"10.8281315732082","1.80690888493495","0.78782785249825","1.76013550313118","0.828131573208163","0.208887512661569","0.9968","0.91768057580493","0.624248548583573","0.888017124319355","05_15"
"10.8220648517688","1.81165191769299","0.78573713123689","1.76953129240823","0.822064851768763","0.206907866716213","0.9964","0.917823369341587","0.425765514839441","0.885566194744296","05_15"
"10.8691659851224","1.78495449242193","0.80263102305935","1.66400769502879","0.869165985122371","0.207085062819644","0.9944","0.917928353782969","0.583509814662236","0.902175085051264","05_15"
"10.9199345442587","1.75589533543237","0.821459463761723","1.54870028603512","0.919934544258727","0.201206830942715","0.9912","0.918026930887689","0.581204055700298","0.920154699796044","05_15"
"10.8392840298491","1.79924454012757","0.79108271002322","1.72908415444642","0.839284029849106","0.209480184471743","0.9966","0.917826929370054","0.569964610963103","0.891870998160743","05_15"
"10.8849313958213","1.77476957675185","0.808874505663827","1.62396303652168","0.884931395821308","0.204169480644525","0.9932","0.917836791048124","0.575670533138217","0.909016169553187","05_15"
"10.9050970735771","1.7647154859393","0.816407934337815","1.58209984966282","0.905097073577116","0.203684899061115","0.9922","0.917997712839639","0.574066621814543","0.915573084910685","05_15"
"10.0078349198057","2.64501887273522","0.277837606237109","3.60411281565286","0.00783491980565178","0.183277857107151","1","0.0297856996767223","0.725793212850651","0.880513833325693","05_15"
"10.8223718629609","1.8094055162399","0.786735782885314","1.77192790964135","0.822371862960942","0.210268256941843","0.9968","0.91766467247136","0.709328418119568","0.886876107276871","05_15"
"10.9178349700414","1.7568598198079","0.820784610368297","1.55115415399076","0.917834970041351","0.201488056204375","0.9914","0.917836705852954","0.571957046928404","0.919817516571957","05_15"
"10.8493898499521","1.79405898816086","0.794820197722048","1.70404794585679","0.84938984995213","0.209440846794522","0.9958","0.917897231401692","0.587961235108255","0.895197013744309","05_15"
"10.9510106881497","1.73397819255768","0.832947318720483","1.47742297942701","0.951010688149728","0.203000465012075","0.9898","0.934701770638499","0.585377374938924","0.904767067701232","05_15"
"10.840628185555","1.79749408991934","0.791901985889527","1.7327481555876","0.840628185554979","0.211390639713486","0.9964","0.920410029774624","0.689862985570638","0.888384047627766","05_15"
"10.8821878876569","1.77664483506324","0.807907632478774","1.62925200587517","0.882187887656875","0.204446743484536","0.9932","0.917933695949955","0.589212835307506","0.907809320249555","05_15"
"10.8477169088915","1.79473987404153","0.794232697120266","1.70922878361164","0.847716908891525","0.209463479924292","0.9958","0.917830247956131","0.59411851723784","0.894800440262788","05_15"
"11.0051308084109","1.68755834852898","0.860384432420547","1.31403777546693","1.0051308084109","0.20225392774153","0.98","0.951065196922839","0.590955306635577","0.90251069361009","05_15"
"10.9328106061344","1.74752286547054","0.825977287461177","1.51437591265464","0.932810606134444","0.201254462250579","0.9906","0.923123487225573","0.57231319005518","0.916618032854398","05_15"
"10.884834821622","1.7748437032256","0.808838235340356","1.62412725850838","0.88483482162202","0.204184115124633","0.9932","0.917868610678586","0.594314413170079","0.908928130023877","05_15"
"10.8637858930909","1.78723343709975","0.800641762598283","1.67216647706719","0.863785893090922","0.206756252654691","0.9948","0.917833327200892","0.571587147980846","0.900541341889715","05_15"
"10.0353472728623","2.49989112046784","0.356879695117476","3.48096544081673","0.0353472728622692","0.25132363270087","1","0.921142348546453","0.675261446074712","0.115895134862512","05_15"
"10.9995913473528","1.69278538069758","0.857080330555811","1.33418843084919","0.999591347352809","0.202788149895099","0.9814","0.945907062322422","0.590571315944219","0.907788164358298","05_15"
"11.0227251306068","1.67208711579911","0.872038044210734","1.26368598381212","1.02272513060681","0.205546978673702","0.9746","0.970006826100871","0.644461471489515","0.882771995551217","05_15"
"10.952255505878","1.73255616845214","0.834022967382155","1.4715098146943","0.952255505878044","0.203735111793469","0.9898","0.936767964786497","0.587624859074725","0.902320230813186","05_15"
"10.8171657927775","1.81554846047557","0.784114569517275","1.78399836481736","0.817165792777466","0.208364164717229","0.9968","0.917802792131619","0.594933675837104","0.883881588225837","05_15"
"10.8959666997596","1.76955890781263","0.812725212000019","1.60459803380653","0.895966699759558","0.203528991123082","0.993","0.917841433671789","0.573462514678844","0.912504097592759","05_15"
"10.9192921120347","1.75055644185032","0.821150705961128","1.56449228857908","0.919292112034649","0.20920527665942","0.994","0.932091638490682","0.922004960710183","0.899931984854849","05_15"
"10.8897148094999","1.77191632766265","0.810750637356331","1.61190379860364","0.889714809499908","0.205694031033406","0.9942","0.931224094563406","0.619444346983779","0.889149331985124","05_15"
"10.9199345442587","1.75589533543237","0.821459463761723","1.54870028603512","0.919934544258727","0.201206830942715","0.9912","0.918026930887689","0.581204055700298","0.920154699796044","05_15"
"10.8598017364696","1.78912598544792","0.79882769104243","1.68325152834219","0.859801736469574","0.207546427683064","0.995","0.917873997448879","0.593396629229444","0.898986869867219","05_15"
"10.471969286268","2.03118703722346","0.655516057609839","2.5094551825261","0.471969286267978","0.22185042050405","1","0.917913616248274","0.596140392465311","0.747487868880853","05_15"
"10.8576120701928","1.79023057114017","0.798011744044492","1.68777991825218","0.85761207019281","0.208187852151838","0.995","0.917808339456241","0.586523771182739","0.898245906165216","05_15"
"10.8221056966381","1.8116204940128","0.785753856073343","1.77094038541197","0.822105696638126","0.206328648295938","0.9968","0.917824276464058","0.481667477321243","0.885581339273392","05_15"
"10.8777449368998","1.78013689074436","0.806367907465411","1.64085852147002","0.877744936899766","0.205727181022679","0.9934","0.917858492175541","0.574772564620236","0.905935209969589","05_15"
"10.9033720025714","1.76432942029954","0.816011239232562","1.58390864766946","0.903372002571396","0.203831142275698","0.9926","0.922508069592456","0.581930305601669","0.907946112539427","05_15"
"10.953525381028","1.73136639070921","0.834859899242187","1.46899021284357","0.953525381028044","0.204002265855352","0.9898","0.93699416434834","0.625704662580244","0.902606344392157","05_15"
"10.8295073375998","1.80582010592137","0.788139848011608","1.75647986199731","0.829507337599751","0.208614601975691","0.9968","0.917747559250491","0.618091266453988","0.888413697800876","05_15"
"10.0078602173036","2.63452256349948","0.2782517467013","3.60045162035126","0.00786021730360125","0.182016235772036","1","0.239646551199257","0.585901618168288","0.899741522057945","05_15"
"10.8631834175461","1.78749193846838","0.800369260603255","1.67345485511801","0.863183417546079","0.206846352302406","0.995","0.917830393217286","0.574047996120473","0.900345825824215","05_15"
"10.8845482180689","1.77505603998075","0.808719010761423","1.62466737166881","0.884548218068873","0.204222836061059","0.9932","0.917942668274663","0.580728472465703","0.908692200825664","05_15"
"10.839243199896","1.79906624671226","0.791063531649264","1.72921098850008","0.839243199896048","0.205906009575729","0.9964","0.917826022247583","0.5140626484813","0.891855853631647","05_15"
"10.8925151401782","1.77116899801013","0.811437773393008","1.61128095147763","0.89251514017816","0.204816287840359","0.9932","0.918424091748393","0.597709100515974","0.910355758129379","05_15"
"10.9333208046663","1.74591950446033","0.82541326324921","1.51470241896075","0.933320804666267","0.20177978117652","0.991","0.930030492094168","0.579117602475472","0.905837124714992","05_15"
"10.9489973146101","1.73559053601202","0.83166930518465","1.48414348234704","0.948997314610074","0.20361164136147","0.9898","0.93432366879114","0.614984504966783","0.904424029101918","05_15"
"10.5787848305383","2.00241101174693","0.729881873188917","2.35108983864464","0.578784830538274","0.22714315951279","1","0.95","0.4","0.75","10_15"
"10.5787848305383","2.00241101174693","0.729881873188917","2.35108983864464","0.578784830538274","0.22714315951279","1","0.95","0.4","0.75","10_15"
"10.0079774728393","2.7253968472047","0.292869970243079","3.62025253289696","0.00797747283930796","0.21523537678039","1","0.2655086631421","0.380035179434344","0.79423986072652","10_15"
"10.0048496428021","2.80849720266784","0.227320226186515","3.64650428776592","0.00484964280205551","0.527537774655117","1","0.37212389963679","0.777445221319795","0.107943625887856","10_15"
"10.0083238111048","2.74771513265483","0.261115162510359","3.61746497064307","0.00832381110478507","0.351718788367173","1","0.572853363351896","0.934705231105909","0.723710946040228","10_15"
"10.0920952871199","2.42679054478561","0.457720982169145","3.33533749435854","0.0920952871198849","0.250228266769514","1","0.908207789994776","0.212142521282658","0.411274429643527","10_15"
"10.0057549418716","2.77916522415844","0.255408114544525","3.64222141635249","0.00575494187162606","0.387060724438936","1","0.201681931037456","0.651673766085878","0.820946294115856","10_15"
"10.2471209485814","2.23200857494049","0.571564046652995","2.98215248500339","0.247120948581357","0.230282666355298","1","0.898389684967697","0.125555095961317","0.647060193819925","10_15"
"10.6519864621034","1.94651019694663","0.757822671859286","2.17414466970467","0.651986462103386","0.222477415833332","1","0.944675268605351","0.267220668727532","0.78293276228942","10_15"
"10.0157764514831","2.64369556864966","0.32600505067513","3.57157202782944","0.0157764514831285","0.252546068876712","1","0.660797792486846","0.386114092543721","0.553036311641335","10_15"
"10.0133217525491","2.63727946551498","0.322820111985638","3.58018000200613","0.0133217525491257","0.211771947309468","1","0.62911404389888","0.0133903331588954","0.529719580197707","10_15"
"10.0078670551568","2.73687645456954","0.291274870819141","3.62202762075896","0.00786705515682715","0.216583647065235","1","0.0617862704675645","0.382387957070023","0.789356231689453","10_15"
"10.0034288229879","2.86848165812363","0.187511454698795","3.66460356969141","0.00342882298789673","0.584199379271607","1","0.205974574899301","0.86969084572047","0.023331202333793","10_15"
"10.0080680504476","2.72991410740164","0.294402692867567","3.62025253289696","0.00806805044756961","0.203712065118708","1","0.176556752528995","0.34034899668768","0.477230065036565","10_15"
"10.0354843437939","2.56447066171015","0.378541277748353","3.50051598802474","0.0354843437938646","0.245581907431615","1","0.687022846657783","0.482080115471035","0.7323137386702","10_15"
"10.0070414132868","2.74767222943025","0.274177698695469","3.62688199343029","0.00704141328682289","0.308133151994961","1","0.384103718213737","0.599565825425088","0.692731556482613","10_15"
"10.0297630887986","2.58805450756888","0.366155473028562","3.51899869638866","0.0297630887985552","0.262575809213785","1","0.769841419998556","0.493541307048872","0.477619622135535","10_15"
"10.0112956990124","2.66612106705574","0.310258504455184","3.59218729385136","0.011295699012408","0.203048005220159","1","0.497699242085218","0.186217601411045","0.8612094768323","10_15"
"10.0135222920519","2.69598675358102","0.294600990903828","3.5888721846831","0.0135222920519278","0.325026590086437","1","0.717618508264422","0.827373318606988","0.438097107224166","10_15"
"10.0861648108599","2.4683589687842","0.441590904674801","3.37867943703045","0.0861648108599101","0.284715324582884","1","0.991906094830483","0.668466738192365","0.244797277031466","10_15"
"10.0084710506659","2.70575354863467","0.301812717833345","3.61006627985141","0.0084710506659509","0.177865703506072","1","0.1","0.1","0.1","10_15"
"10.0083540783705","2.71307619059308","0.297872308856344","3.61078662335346","0.00835407837053871","0.18185287475703","1","0.2","0.2","0.2","10_15"
"10.0082213569795","2.71870570691607","0.297162433346071","3.61545320271106","0.00822135697946428","0.191454133766534","1","0.3","0.3","0.3","10_15"
"10.0079028943575","2.72193006636155","0.289357649786038","3.6199168387469","0.00790289435754376","0.221152868903012","1","0.4","0.4","0.4","10_15"
"10.007861656302","2.72314613733146","0.2868481893661","3.61854250024286","0.00786165630200669","0.250414130690744","1","0.5","0.5","0.5","10_15"
"10.0106925895448","2.70259422266376","0.29972749070806","3.60489429656321","0.0106925895448137","0.274124532491834","1","0.6","0.6","0.6","10_15"
"10.0317635420948","2.5989505613195","0.361661988310323","3.52309933671896","0.031763542094799","0.270063767476585","1","0.7","0.7","0.7","10_15"
"10.1677972352695","2.37733142776986","0.50047860133148","3.21956335803019","0.167797235269542","0.2408622743051","1","0.8","0.8","0.8","10_15"
"10.5786312210085","2.0371714294264","0.713181708370311","2.35886948989645","0.578631221008528","0.268347618603385","1","0.9","0.9","0.9","10_15"
"10.6525507265309","1.65839458498345","0.956023537566941","1.68537743880786","0.652550726530945","0.307763431623333","0.9786","1","1","1","10_15"
"10.6947998999396","1.76364270144419","0.88462438578346","1.77764241966657","0.694799899939572","0.305428072683528","0.99","0.948841641889885","0.969980094605126","0.997328310459852","10_15"
"10.0214133013298","2.60335624797327","0.350390505780525","3.54468443459734","0.0214133013298266","0.219056335773815","1","0.579847574945555","0.281678073289907","0.873842849064266","10_15"
"10.2839617450401","2.21481687849668","0.588032746127656","2.93663296558904","0.283961745040116","0.236250543496585","1","0.919580718397628","0.410829375777394","0.641873433440924","10_15"
"10.6525507265309","1.65839458498345","0.956023537566941","1.68537743880786","0.652550726530945","0.307763431623333","0.9786","1","1","1","10_15"
"10.5787848305383","2.00241101174693","0.729881873188917","2.35108983864464","0.578784830538274","0.22714315951279","1","0.95","0.4","0.75","10_15"
"10.0079774728393","2.7253968472047","0.292869970243079","3.62025253289696","0.00797747283930796","0.21523537678039","1","0.2655086631421","0.380035179434344","0.79423986072652","10_15"
"10.0297630887986","2.58805450756888","0.366155473028562","3.51899869638866","0.0297630887985552","0.262575809213785","1","0.769841419998556","0.493541307048872","0.477619622135535","10_15"
"10.0063032248117","2.76951528908518","0.260786941645891","3.63510495191462","0.00630322481173314","0.3488851943764","1","0.415559218045718","0.686533967148069","0.699043370099614","10_15"
"10.6519864621034","1.94651019694663","0.757822671859286","2.17414466970467","0.651986462103386","0.222477415833332","1","0.944675268605351","0.267220668727532","0.78293276228942","10_15"
"10.6744801877563","1.9108893032818","0.793187017586739","2.04635973795366","0.674480187756261","0.289832292454174","0.9984","0.951158358110115","0.930019905394875","0.902671689540148","10_15"
"10.0148172241337","2.63667042939809","0.328227596091252","3.57804309802724","0.0148172241336891","0.227520138300987","1","0.761901045268633","0.120155969959465","0.18182148234018","10_15"
"10.5786312210085","2.0371714294264","0.713181708370311","2.35886948989645","0.578631221008528","0.268347618603385","1","0.9","0.9","0.9","10_15"
"10.6465867964359","1.98045284900163","0.749999395040654","2.21580571721273","0.646586796435902","0.2572516772758","1","0.910141977027524","0.77213860754855","0.887396133563016","10_15"
"10.0158283261115","2.65174152864998","0.320795083797984","3.57874452576258","0.0158283261114756","0.269823771573963","1","0.665892595249559","0.522821154457395","0.55871537839034","10_15"
"10.0079028943575","2.71870570691607","0.290640865893118","3.61897444773703","0.00790289435754376","0.219713980323368","1","0.334484198802706","0.399007847013759","0.7888506598693","10_15"
"10.0120802441149","2.67142787637854","0.312894920515321","3.58974004035607","0.0120802441149098","0.234112999523859","1","0.7089325142093","0.322666303860024","0.234661261551082","10_15"
"10.5486025712632","2.02551363801683","0.716391511132887","2.4223179818049","0.548602571263162","0.225438598215786","1","0.939858022972476","0.52786139245145","0.762603866436984","10_15"
"10.0066265195234","2.76660121063293","0.253771255404892","3.626729660726","0.00662651952336613","0.376854824253624","1","0.553828196274117","0.848590145772323","0.580675400001928","10_15"
"10.6525507265309","1.65839458498345","0.956023537566941","1.68537743880786","0.652550726530945","0.307763431623333","0.9786","1","1","1","10_15"
"10.345339665919","2.15158532919633","0.621259470002182","2.80477826150885","0.345339665919014","0.226456488593726","1","0.881024464339394","0.381027332420585","0.75538920085722","10_15"
"10.0314910673534","2.5839050807553","0.37006941416199","3.51560653055407","0.0314910673534299","0.249341913406072","1","0.694905197237287","0.563292938086327","0.694320933250995","10_15"
"10.0173286831859","2.6422119440402","0.327848337567995","3.57680016843153","0.0173286831858539","0.261788454092044","1","0.630419281602371","0.589170624222606","0.708126566559076","10_15"
"10.0053148746874","2.78094195341884","0.242876238854152","3.63499769153965","0.00531487468738759","0.399889175029672","1","0.4910674857907","0.877333696139976","0.680459620943293","10_15"
"10.3209326603646","2.23339951969333","0.59148432177757","2.92260057076663","0.320932660364583","0.234945078511092","1","0.817851667139663","0.804539528121138","0.887366627768034","10_15"
"10.0572505200347","2.50911820935378","0.412900753483603","3.43250721177082","0.0572505200347447","0.245884076958559","1","0.756235449394172","0.555500853826651","0.673357768800316","10_15"
"10.1529155070844","2.34349488853245","0.506734449681202","3.1992271676017","0.152915507084439","0.23135745645333","1","0.842154235573525","0.431016370421275","0.673702425019609","10_15"
"10.0059763409066","2.77168322429108","0.260726163673949","3.63750462904685","0.00597634090656583","0.389961327275798","1","0.33000504956185","0.6483107682329","0.325278303353116","10_15"
"10.0233471266906","2.62187563417987","0.347487535727552","3.55101143415586","0.0233471266906089","0.25670002020771","1","0.668544500168019","0.61303185827702","0.693688186383","10_15"
"10.5787848305383","2.00241101174693","0.729881873188917","2.35108983864464","0.578784830538274","0.22714315951279","1","0.95","0.4","0.75","10_15"
"10.0169104718929","2.63427518612406","0.331168743130287","3.56499259859605","0.01691047189291","0.237790638497873","1","0.646171803725883","0.351409854227677","0.619324599998072","10_15"
"10.5787848305383","2.00241101174693","0.729881873188917","2.35108983864464","0.578784830538274","0.22714315951279","1","0.95","0.4","0.75","10_15"
"10.0166153891053","2.67254703347258","0.308633512442333","3.57987625727568","0.0166153891053199","0.295074897589283","1","0.648851542489573","0.822242092375585","0.693909319076022","10_15"
"10.0068564013093","2.75598974804814","0.271676526058322","3.63124473271781","0.00685640130932739","0.318460437118778","1","0.340956087316754","0.601315674533401","0.611131131616029","10_15"
"10.5787848305383","2.00241101174693","0.729881873188917","2.35108983864464","0.578784830538274","0.22714315951279","1","0.95","0.4","0.75","10_15"
"10.6160424476185","1.98363883394293","0.743291135178147","2.2893148687429","0.61604244761847","0.227245502599694","1","0.94077883786369","0.614588960792186","0.799325233000084","10_15"
"10.6113985396628","2.01050483125784","0.73281981227634","2.30106074784729","0.611398539662753","0.270021630480826","1","0.911108255499159","0.920687242354447","0.90261882404096","10_15"
"10.5136928654292","2.04191118569917","0.701514452893799","2.47472679723634","0.51369286542923","0.230088548867667","1","0.928645522644077","0.379210906445988","0.756751536961005","10_15"
"10.2643565517583","2.22636721873886","0.579186061317703","2.96761850346757","0.264356551758268","0.232239920577459","1","0.880680804509962","0.407476241878802","0.702386982255097","10_15"
"10.6238915166984","1.98462291898569","0.744078806995043","2.28189596287214","0.623891516698402","0.22265949512053","1","0.894744359591876","0.626927286916106","0.880117661870876","10_15"
"10.0421160102054","2.54958010553346","0.390027447041716","3.48175713168629","0.042116010205447","0.241754729165093","1","0.710758730944528","0.531457499928271","0.715297749387697","10_15"
"10.6790261661876","1.92760791641355","0.77878778055303","2.11823155764731","0.679026166187556","0.268702952214419","0.9998","0.950237543218901","0.843292337054139","0.865950322977049","10_15"
"10.1724362644881","2.37046824368361","0.503337577255001","3.2076695130297","0.172436264488103","0.241800361563795","1","0.815118630812068","0.798486660945288","0.774162214488921","10_15"
"10.7043605448896","1.78480365602162","0.878294970616225","1.79129015037661","0.704360544889611","0.303708196361255","0.9914","0.949792615571578","0.950801248338711","0.982621959447029","10_15"
"10.176236951746","2.3316260234395","0.52539571333028","3.16782049227012","0.176236951746015","0.233238561299856","1","0.814728948091545","0.573662106391071","0.764746668424184","10_15"
"10.0706193320006","2.45905791360673","0.434882102777707","3.38858365960167","0.0706193320005502","0.22144444484311","1","0.717433197814833","0.310244724954102","0.791364631888625","10_15"
"10.083674116587","2.43354028578552","0.448864367555101","3.34925206904995","0.0836741165869859","0.22463125939193","1","0.760365602116177","0.282729186559067","0.726312660424312","10_15"
"10.3810360042092","2.12347647316487","0.638358371099447","2.73975081266991","0.381036004209238","0.230082719401022","1","0.911473431063563","0.423540128542474","0.721315442764512","10_15"
"10.6744801877563","1.9108893032818","0.793187017586739","2.04635973795366","0.674480187756261","0.289832292454174","0.9984","0.951158358110115","0.930019905394875","0.902671689540148","10_15"
"10.040602189577","2.59274221050752","0.369357800449623","3.49930511589605","0.0406021895769991","0.267621570031506","1","0.720166777818647","0.873737588663156","0.72776573799258","10_15"
"10.6756885320518","1.90469042687773","0.807501781527318","2.00309084518587","0.675688532051836","0.293923266517597","0.9974","0.950207384428422","0.94919875166129","0.917378040552971","10_15"
"10.0140943554921","2.63646890518708","0.323822959238178","3.57886289321023","0.0140943554920827","0.214501944377376","1","0.591699846494066","0.190727989864804","0.69228711129536","10_15"
"10.1311812858365","2.36162045827551","0.492005990161159","3.23715919067912","0.131181285836478","0.222303351716651","1","0.779060497322845","0.360043228548943","0.772169071765795","10_15"
"10.1247802333726","2.37011742799581","0.487539751456747","3.25268358785082","0.12478023337257","0.219684308306471","1","0.743438841470116","0.35246068075639","0.837867418032861","10_15"
"10.0194257467266","2.61455320515966","0.342598751725778","3.55233963803953","0.0194257467266136","0.233265919416502","1","0.750048773720122","0.211106053384567","0.363377220109086","10_15"
"10.1789481012939","2.32998584514593","0.524122474138776","3.1655790473602","0.178948101293894","0.243371147918325","1","0.857551853009173","0.57622769105372","0.680980896711749","10_15"
"10.0175399427016","2.64929511720646","0.327288830860363","3.57222606113856","0.0175399427015629","0.280888628323458","1","0.745284411639268","0.60249594752615","0.387504940537403","10_15"
"10.4565193779751","2.06752727349401","0.675462031131576","2.56639318432279","0.45651937797506","0.222350054660985","1","0.897054210300668","0.269037094702129","0.781570426185634","10_15"
"10.6947998999396","1.76364270144419","0.88462438578346","1.77764241966657","0.694799899939572","0.305428072683528","0.99","0.948841641889885","0.969980094605126","0.997328310459852","10_15"
"10.6727118007647","1.92693181060457","0.781970314785789","2.10660654840944","0.67271180076474","0.282537397198726","0.9992","0.940050102610956","0.909332663040428","0.900052865499188","10_15"
"10.1600845687499","2.34086534758901","0.512099771538203","3.19025224688927","0.160084568749892","0.231180858423977","1","0.834159271450525","0.520209298455609","0.704451876906624","10_15"
"10.6727118007647","1.92693181060457","0.781970314785789","2.10660654840944","0.67271180076474","0.282537397198726","0.9992","0.940050102610956","0.909332663040428","0.900052865499188","10_15"
"10.328633925069","2.24435499748549","0.585649085539018","2.90617618824525","0.328633925069004","0.251888378821322","1","0.870050669976683","0.901609342321656","0.808430556817818","10_15"
"10.5051092025473","2.03710511612027","0.697732845395285","2.47148228559834","0.505109202547338","0.218048747468302","1","0.895637773969618","0.281065533427526","0.806670474680468","10_15"
"10.6910435833712","1.91453053792623","0.787980653897103","2.07676241728085","0.691043583371223","0.269088622175664","0.9998","0.950168871351791","0.846378969588411","0.875083390040855","10_15"
"10.6681609826982","1.940001592726","0.773609052797329","2.13222964340413","0.668160982698243","0.277087437928506","1","0.950259709833107","0.894768048776314","0.873862726060135","10_15"
"10.7043605448896","1.78480365602162","0.878294970616225","1.79129015037661","0.704360544889611","0.303708196361255","0.9914","0.949792615571578","0.950801248338711","0.982621959447029","10_15"
"10.5736024316659","2.01460008395416","0.726113395127698","2.37304632362243","0.573602431665943","0.218273860961845","1","0.896160795922926","0.614898848190709","0.855017613376042","10_15"
"10.5077615608432","2.08992194846886","0.678217640053982","2.53674921193943","0.507761560843168","0.248646614608951","1","0.88511806344634","0.80620998166406","0.865784523170291","10_15"
"10.5036049141085","2.04766769435706","0.699863848324631","2.51952612609784","0.503604914108492","0.222284924683155","1","0.878310612708461","0.429837194263381","0.843204105016088","10_15"
"10.3547116993213","2.18976142274136","0.616467557972777","2.83601303448462","0.35471169932132","0.232361433434279","1","0.849532513892557","0.732824449304645","0.841589619425963","10_15"
"10.2687454482093","2.24157590141804","0.579583897064699","2.99444855769996","0.268745448209307","0.234537388776809","1","0.840560250883428","0.598142958920958","0.792142453605508","10_15"
"10.6727118007647","1.92693181060457","0.781970314785789","2.10660654840944","0.67271180076474","0.282537397198726","0.9992","0.940050102610956","0.909332663040428","0.900052865499188","10_15"
"10.6707850211405","1.91536916922746","0.788860154718732","2.07754792832771","0.670785021140476","0.284666430186689","0.999","0.943804164512575","0.911241686585976","0.901769526558446","10_15"
"10.7014656255522","1.78362093670459","0.878181962874096","1.79724816834457","0.701465625552201","0.302104953908595","0.9916","0.949781680775336","0.959330694020839","0.984391106517015","10_15"
"10.4114224636612","2.11342038233998","0.657273327966557","2.68565266766827","0.411422463661189","0.223165777583722","1","0.84414387079646","0.462928568505884","0.862228121583947","10_15"
"10.0174759053971","2.64237738854502","0.328775506711436","3.56966581646598","0.0174759053971458","0.270915465263456","1","0.733866944698248","0.507334817606826","0.399409950012341","10_15"
"10.2863189389078","2.20748736123554","0.595989027316497","2.9106363243987","0.286318938907797","0.216506281135156","1","0.762092026847798","0.331193280358866","0.941328880611528","10_15"
"10.5888131997172","2.01981650184175","0.716394021996576","2.36449220458507","0.588813199717202","0.240311723134541","1","0.950898648277008","0.70401253803786","0.778808963480012","10_15"
"10.5931538045868","2.02299338115134","0.721984514391049","2.32927749384306","0.593153804586773","0.268512908766138","1","0.911176927366269","0.917600609820174","0.893485756977154","10_15"
"10.2818874963187","2.21023023923338","0.588368027148707","2.9314398707544","0.28188749631872","0.232844900762657","1","0.876606546292909","0.44319113533563","0.724626814307721","10_15"
"10.6947998999396","1.76364270144419","0.88462438578346","1.77764241966657","0.694799899939572","0.305428072683528","0.99","0.948841641889885","0.969980094605126","0.997328310459852","10_15"
"10.6694240289696","1.91922142358142","0.788321579889599","2.07253092102665","0.669424028969571","0.290037418792501","0.9986","0.947404296208496","0.928110881849326","0.90095502848089","10_15"
"10.4675998387423","2.13455910217889","0.655631586825889","2.61076563745242","0.467599838742288","0.266282515920645","1","0.905133786538612","0.929852692933946","0.832657710724126","10_15"
"10.4773314196937","2.05355572395425","0.686105757115116","2.52806057088253","0.477331419693718","0.225685790765062","1","0.914992022526041","0.305130642012737","0.760623746997907","10_15"
"10.3822772977492","2.12476543580613","0.63794801079845","2.7350283097851","0.382277297749227","0.228704672640293","1","0.879279084303107","0.376489230420171","0.77935185116037","10_15"
"10.0856321215055","2.47458399722913","0.43583517160072","3.37699524069345","0.0856321215054964","0.255800180619615","1","0.823234842998791","0.718716166387648","0.621372365248394","10_15"
"10.4629593214321","2.07510497462428","0.678388496313348","2.6077472231213","0.462959321432098","0.226719971429002","1","0.948748636546683","0.493170441788373","0.702794912969694","10_15"
"10.5603450881869","2.01091043843381","0.722346881248169","2.37402490538768","0.560345088186935","0.22715567392671","1","0.932062187774627","0.363906452689392","0.770946679187727","10_15"
"10.6949783441709","1.76342897286737","0.885531859912239","1.77265262550102","0.694978344170861","0.306422444312212","0.99","0.948852576686126","0.961450648922997","0.995559163389867","10_15"
"10.6937226077365","1.907432821211","0.79494954186926","2.05804820979701","0.693722607736454","0.266476873832781","0.9998","0.930104270525816","0.835239216318905","0.908701268730345","10_15"
"10.1619032221485","2.32206423239355","0.517309830620824","3.16901420325018","0.161903222148468","0.223824966160611","1","0.771176140864485","0.314896639992671","0.825511928880587","10_15"
"10.4248840135523","2.14090514341231","0.643401836161718","2.68850370888003","0.424884013552333","0.234890918552433","1","0.870162154024342","0.765767416534026","0.846039649707564","10_15"
"10.6451027598962","1.96758354220742","0.75999467894868","2.18492441953889","0.645102759896183","0.28008613909548","1","0.932274972561061","0.919918502791673","0.895298243197226","10_15"
"10.4339987475057","2.13843775997526","0.646004074235131","2.66908118279599","0.433998747505699","0.234507357874704","1","0.864488423314556","0.773267014434678","0.86133449288869","10_15"
"10.6727118007647","1.92693181060457","0.781970314785789","2.10660654840944","0.67271180076474","0.282537397198726","0.9992","0.940050102610956","0.909332663040428","0.900052865499188","10_15"
"10.5327040884783","2.06864117882585","0.689801474120605","2.48012164190255","0.532704088478293","0.248623724246983","1","0.892021935338006","0.782827535286612","0.862759324989784","10_15"
"10.7032911718315","1.78470526186615","0.877858389983788","1.79848067353585","0.703291171831464","0.301937299993111","0.9916","0.949101068580538","0.95938576252443","0.984936739286472","10_15"
"10.7646103195923","1.81035524129392","0.852262315582319","1.82703588122448","0.764610319592258","0.270290100635257","0.9972","0.940654095826098","0.76626161565516","0.928915676133683","10_15"
"10.5411545761387","2.05783535301136","0.697689698214085","2.46168743321624","0.541154576138695","0.24717877027353","1","0.894434887648067","0.766265995084095","0.860299592521769","10_15"
"10.497559634934","2.09555736742748","0.673141175350777","2.55110764031664","0.497559634934003","0.245851035416247","1","0.885506358966064","0.782876626720864","0.856309534900186","10_15"
"10.7014656255522","1.78362093670459","0.878181962874096","1.79724816834457","0.701465625552201","0.302104953908595","0.9916","0.949781680775336","0.959330694020839","0.984391106517015","10_15"
"10.3081306284019","2.18408736857074","0.603935564032689","2.87753706784797","0.30813062840188","0.225990708763361","1","0.847914498945108","0.364883743182489","0.793894306402368","10_15"
"10.6568963599884","1.96388433006127","0.758927481720085","2.18499870618598","0.65689635998836","0.257918187819877","1","0.905288380872165","0.807967926556388","0.910493043759374","10_15"
"10.5497537204204","2.03485664950903","0.715105097550015","2.42401928937206","0.549753720420392","0.216763920771045","1","0.88925692403126","0.638281294568156","0.858042811556549","10_15"
"10.5539591814093","2.0227766084855","0.719064268640324","2.41377026596793","0.55395918140927","0.226043247281389","1","0.941521968015694","0.518479399757645","0.761807883881262","10_15"
"10.4098311052564","2.14377263080702","0.641809068602","2.72045154853502","0.409831105256389","0.229486299504153","1","0.875548901876173","0.711516879352214","0.821886622453508","10_15"
"10.7506406886947","1.72413316845859","0.923724809611802","1.64123875200302","0.7506406886947","0.29666720913862","0.9872","0.948793050366092","0.820198203522923","0.984235421928614","10_15"
"10.6963972208637","1.7627330614365","0.885855412406687","1.7714348157406","0.696397220863677","0.306514564887685","0.99","0.949533188880925","0.961395580419406","0.995013530620409","10_15"
"10.5000785892718","2.10574689378026","0.670143321669273","2.5394863869542","0.500078589271846","0.267714818929354","1","0.912908916588507","0.919266853182701","0.837412333026088","10_15"
"10.7113483794104","1.82750471480162","0.849358969425526","1.83589845672747","0.71134837941042","0.295078609026882","0.995","0.947269375931363","0.91918420314621","0.958499332422213","10_15"
"10.7925107079381","1.84987898875507","0.8201170196185","1.88667189897089","0.792510707938142","0.216625634499903","1","0.905907908509355","0.321427282378932","0.905898271646319","10_15"
"10.4279492065879","2.10521175719581","0.658097818498068","2.68271278223269","0.427949206587867","0.222346055010008","1","0.872812380808971","0.619929657232822","0.829748039380398","10_15"
"10.4758785016425","2.07468389032294","0.680978770036133","2.58140109085791","0.475878501642548","0.226907431881948","1","0.903387464453915","0.589589890221437","0.796004642464474","10_15"
"10.1883956256638","2.33366930796713","0.528755749520819","3.15622200229153","0.18839562566376","0.26014206579158","1","0.948808162866718","0.634422887188447","0.511992958607152","10_15"
"10.6071680791222","1.98201188488176","0.744339379091256","2.29121937145362","0.607168079122153","0.220711926522392","1","0.911221394377393","0.403175467336132","0.828957562179486","10_15"
"10.589993533359","2.00449047977833","0.732067214219251","2.35121511543556","0.589993533358961","0.222274281839301","1","0.895772500403202","0.638232203133904","0.864492601646148","10_15"
"10.6736188495613","1.90867468355929","0.806391603226792","2.01104561008608","0.673618849561344","0.294688606426245","0.9974","0.942562407454929","0.949479153915057","0.92594463959399","10_15"
"10.5424694544217","2.04201705272532","0.711450990487116","2.44045201410137","0.542469454421738","0.220884343989419","1","0.886843971721199","0.654842834770673","0.860502544024564","10_15"
"10.6727118007647","1.92693181060457","0.781970314785789","2.10660654840944","0.67271180076474","0.282537397198726","0.9992","0.940050102610956","0.909332663040428","0.900052865499188","10_15"
"10.7043605448896","1.78480365602162","0.878294970616225","1.79129015037661","0.704360544889611","0.303708196361255","0.9914","0.949792615571578","0.950801248338711","0.982621959447029","10_15"
"10.0046532635122","2.80913104723323","0.223212213402815","3.64560964789911","0.00465326351223832","0.493791616610725","1","0.289980886038393","0.807967926556388","0.910493043759374","10_15"
"10.45658560739","2.12640809652743","0.653293967647401","2.62338726837208","0.45658560739","0.238330669950545","1","0.87477305415032","0.780957438172633","0.854820969178342","10_15"
"10.7925107079381","1.84987898875507","0.8201170196185","1.88667189897089","0.792510707938142","0.216625634499903","1","0.905907908509355","0.321427282378932","0.905898271646319","10_15"
"10.7682783897727","1.76522373247178","0.881371441397364","1.72783450372299","0.76827838977273","0.27251208839619","0.9942","0.924052494802769","0.754592528078252","0.977943940946709","10_15"
"10.0263737905551","2.63495288201895","0.335399918785625","3.53915982454438","0.0263737905551158","0.308792937340378","1","0.899583801713785","0.819396350134897","0.166742393514141","10_15"
"10.8123449621107","1.83088067010684","0.836034654733669","1.80385784390063","0.812344962110685","0.223732828141318","0.9996","0.926239494198437","0.443745464145452","0.895294273210798","10_15"
"10.7925107079381","1.84987898875507","0.8201170196185","1.88667189897089","0.792510707938142","0.216625634499903","1","0.905907908509355","0.321427282378932","0.905898271646319","10_15"
"10.5208956449387","2.07570261009096","0.68605567686851","2.50444568020274","0.520895644938681","0.246263060898509","1","0.888429358008385","0.770009336588087","0.86085465965217","10_15"
"10.7044356501679","1.92520826743006","0.7819147615784","2.094387963372","0.704435650167877","0.224601707528671","1","0.904317319349191","0.531455031316867","0.888424024424995","10_15"
"10.6494849675563","1.96183689917561","0.767552405099094","2.16141529514432","0.649484967556296","0.284083930256531","0.9994","0.916568527589958","0.940946166282637","0.92864174763249","10_15"
"10.6558627005166","1.96399018022654","0.759491876448563","2.19502942193363","0.655862700516617","0.266679879019655","1","0.918361945020415","0.857562053628884","0.900740845069247","10_15"
"10.58367070786","2.02753782796864","0.718600082136456","2.34413604360053","0.583670707859966","0.264983284420292","1","0.914305497809029","0.843074529014333","0.865035609896313","10_15"
"10.6855479640868","1.88944096146005","0.8179523106356","1.97494842649197","0.685547964086835","0.295939885805493","0.997","0.943208382618275","0.950129152098861","0.93699534642999","10_15"
"10.6796517901075","1.92727551261601","0.78303180542949","2.10219884765344","0.679651790107533","0.268708657457425","1","0.926976538462706","0.859738535967931","0.909805064189315","10_15"
"10.6273961587761","1.96655980665531","0.751344854947241","2.24449804259328","0.627396158776115","0.216658562133136","1","0.888434560881363","0.444815085832738","0.877976791245889","10_15"
"10.7835498699019","1.84006353337774","0.836761952081718","1.86486581837617","0.783549869901919","0.238658312523766","0.9986","0.922021629461278","0.620731510620849","0.918940569145256","10_15"
"10.4571247265374","2.1204454111486","0.658934682022111","2.62792183386698","0.45712472653737","0.234676193005059","1","0.886264661792372","0.753846243982566","0.831709159109754","10_15"
"10.7039953037445","1.80630591658623","0.865509630212597","1.83057432311369","0.703995303744473","0.298521383188437","0.994","0.948455093417192","0.958735764340626","0.973886032450472","10_15"
"10.7201179530549","1.84141084748273","0.842210270194057","1.85934824621712","0.720117953054881","0.295143667263859","0.9962","0.921451708963375","0.89745916994896","0.983471398749025","10_15"
"10.4660348569979","2.11726931657945","0.662135130618335","2.60432859710967","0.46603485699787","0.237814343451125","1","0.880895458840087","0.767686605082256","0.847528215429407","10_15"
"10.6604003530822","1.93940044552598","0.777575174368288","2.11767464616926","0.660400353082153","0.28968814550346","0.9994","0.946122069773886","0.937651380920903","0.893161691910613","10_15"
"10.6736188495613","1.90867468355929","0.806391603226792","2.01104561008608","0.673618849561344","0.294688606426245","0.9974","0.942562407454929","0.949479153915057","0.92594463959399","10_15"
"10.7005537665776","1.92364027458427","0.790585437821261","2.06894088379881","0.700553766577627","0.261015029700993","1","0.949752563947677","0.775907548984102","0.860313398698223","10_15"
"10.6809948777004","1.94469531325446","0.777126479873306","2.1295508887595","0.680994877700418","0.256078018848136","1","0.903427516077816","0.764483589576046","0.91831320321328","10_15"
"10.4384026038213","2.1378816891021","0.64664160095937","2.65915745752765","0.438402603821347","0.235319202006425","1","0.873754731353963","0.778585615232551","0.847944315045178","10_15"
"10.7646103195923","1.81035524129392","0.852262315582319","1.82703588122448","0.764610319592258","0.270290100635257","0.9972","0.940654095826098","0.76626161565516","0.928915676133683","10_15"
"10.7506406886947","1.72413316845859","0.923724809611802","1.64123875200302","0.7506406886947","0.29666720913862","0.9872","0.948793050366092","0.820198203522923","0.984235421928614","10_15"
"10.6753371005742","1.95589040055511","0.764799763215747","2.17087297496145","0.675337100574202","0.243589806031042","1","0.923421860020365","0.700158795709374","0.865957942183595","10_15"
"10.6696112677848","1.91550004273999","0.788224931657294","2.07332467817735","0.669611267784818","0.287628067160285","0.9984","0.934763580954293","0.918760697211519","0.918054395485704","10_15"
"10.5017891446099","2.09111485469029","0.67515608018506","2.54069539756897","0.50178914460988","0.249200824766518","1","0.899456635605107","0.785350266432957","0.835451213296732","10_15"
"11.0088418999805","1.63283406616354","0.943861415330729","1.16735218627625","1.00884189998047","0.218726405501974","0.9712","0.926466865573512","0.10212059924379","0.974209042885349","10_15"
"10.7416360095743","1.88455330507687","0.804854283458351","2.00529253958107","0.741636009574273","0.23202588488973","0.9998","0.908423435889116","0.615776987579221","0.914002237659231","10_15"
"10.7333729667055","1.8811268799089","0.813671168183606","1.96778342387106","0.733372966705518","0.255354046151266","0.9984","0.901462833955622","0.726497268202477","0.947445952335683","10_15"
"10.7712101159683","1.86437317355109","0.820163238886772","1.92346380235127","0.771210115968289","0.232384869876021","0.9994","0.907163883607123","0.574214649373337","0.923841976940405","10_15"
"10.704021087726","1.91366483439319","0.793741112903289","2.06142381676943","0.704021087725954","0.257232219722975","1","0.935868667308536","0.749645927914801","0.879503138836951","10_15"
"10.7259539859452","1.90245069900222","0.794427441949077","2.03771707674088","0.725953985945209","0.219418864693993","1","0.904726829937168","0.432461414025258","0.889652239397193","10_15"
"10.7697023979702","1.87026170905117","0.811899894873536","1.93830668983123","0.769702397970179","0.221352654219479","1","0.905498397921378","0.420420899670541","0.904670056674121","10_15"
"10.7039953037445","1.80630591658623","0.865509630212597","1.83057432311369","0.703995303744473","0.298521383188437","0.994","0.948455093417192","0.958735764340626","0.973886032450472","10_15"
"10.7039953037445","1.80630591658623","0.865509630212597","1.83057432311369","0.703995303744473","0.298521383188437","0.994","0.948455093417192","0.958735764340626","0.973886032450472","10_15"
"10.7593574387319","1.82620150183253","0.843244057758671","1.85451810124626","0.759357438731859","0.269276093335399","0.998","0.934470200210854","0.761978665160651","0.929875698089018","10_15"
"10.7615026204955","1.82508861800468","0.847704936237913","1.84550217990468","0.761502620495498","0.262183890088538","0.9974","0.915939797990465","0.72450320373697","0.95364590271343","10_15"
"10.8133600586357","1.83167894865361","0.841915141189854","1.81323571298306","0.81336005863568","0.224338626625789","0.9998","0.940123390837577","0.470007085214753","0.87610453307207","10_15"
"10.7225796325577","1.90106283101916","0.79994358909117","2.01578345217224","0.722579632557748","0.243720992769702","1","0.92094985630809","0.679047646436395","0.898216920982931","10_15"
"10.7039953037445","1.80630591658623","0.865509630212597","1.83057432311369","0.703995303744473","0.298521383188437","0.994","0.948455093417192","0.958735764340626","0.973886032450472","10_15"
"10.6855479640868","1.88944096146005","0.8179523106356","1.97494842649197","0.685547964086835","0.295939885805493","0.997","0.943208382618275","0.950129152098861","0.93699534642999","10_15"
"10.7506406886947","1.72413316845859","0.923724809611802","1.64123875200302","0.7506406886947","0.29666720913862","0.9872","0.948793050366092","0.820198203522923","0.984235421928614","10_15"
"10.6692046172932","1.95050773133405","0.767687846779356","2.15723518930327","0.66920461729315","0.267257377920553","1","0.924479059892514","0.820729588558262","0.891130160735474","10_15"
"10.614623388961","2.00550469996754","0.736664520938713","2.28266784776782","0.614623388960997","0.266457297308306","1","0.914927284761581","0.850559699097482","0.883155540475987","10_15"
"10.8123449621107","1.83088067010684","0.836034654733669","1.80385784390063","0.812344962110685","0.223732828141318","0.9996","0.926239494198437","0.443745464145452","0.895294273210798","10_15"
"10.7506406886947","1.72413316845859","0.923724809611802","1.64123875200302","0.7506406886947","0.29666720913862","0.9872","0.948793050366092","0.820198203522923","0.984235421928614","10_15"
"10.6699502207361","1.9119488538462","0.803072595084115","2.03929499901712","0.669950220736132","0.29294222198952","0.9974","0.942909920654711","0.947698998433569","0.921165351516855","10_15"
"10.0842933489989","2.48600376570284","0.4321122509001","3.38097013767111","0.0842933489989299","0.27031663503023","1","0.891864018267219","0.777011691119489","0.47614038689062","10_15"
"10.7714267548783","1.75530262792716","0.889090487501915","1.70160861663852","0.771426754878307","0.274989964327856","0.9932","0.930236390418013","0.758875478572761","0.976983918991374","10_15"
"10.6796517901075","1.92727551261601","0.78303180542949","2.10219884765344","0.679651790107533","0.268708657457425","1","0.926976538462706","0.859738535967931","0.909805064189315","10_15"
"10.6622539431351","1.93421235088153","0.782654419190239","2.10569633069442","0.662253943135101","0.291173680666062","0.9992","0.945774556574104","0.939431536402392","0.897940979987748","10_15"
"10.7925107079381","1.84987898875507","0.8201170196185","1.88667189897089","0.792510707938142","0.216625634499903","1","0.905907908509355","0.321427282378932","0.905898271646319","10_15"
"10.7925107079381","1.84987898875507","0.8201170196185","1.88667189897089","0.792510707938142","0.216625634499903","1","0.905907908509355","0.321427282378932","0.905898271646319","10_15"
"10.6687987534084","1.9183281624879","0.793969633471525","2.06111707476079","0.668798753408445","0.290276338204511","0.9982","0.93821666207447","0.94202862343585","0.922649401092746","10_15"
"10.0778388384327","2.51175497788049","0.415549257727119","3.40399669904897","0.0778388384326526","0.260813730165813","1","0.66265130485408","0.955570062932857","0.977620930511832","10_15"
"10.6882724214732","1.89453922155522","0.804713773788087","1.9901790890583","0.68827242147318","0.294276440079016","0.9974","0.939755301498098","0.926861225874529","0.932400340822948","10_15"
"10.7225796325577","1.90106283101916","0.79994358909117","2.01578345217224","0.722579632557748","0.243720992769702","1","0.92094985630809","0.679047646436395","0.898216920982931","10_15"
"10.0293977759924","2.57639485419654","0.366458573864076","3.52369384243545","0.0293977759923934","0.239246915788335","1","0.577510603936389","0.462384405755164","0.963066398732948","10_15"
"10.6558795294022","1.94963648899146","0.76823115342292","2.15782851720469","0.655879529402176","0.281254151355507","1","0.935931693496503","0.918049017968197","0.896372553892434","10_15"
"10.9724620726861","1.60589240050174","0.962331931887728","1.1581784256956","0.972462072686113","0.227202870671513","0.9588","0.939439359895473","0.243848077498479","0.974051068242015","10_15"
"10.9358619138941","1.65659798548063","0.944411284236171","1.29003103858653","0.935861913894055","0.229104338399705","0.9796","0.933866890562132","0.343237796300174","0.97015128117075","10_15"
"10.9726536800797","1.6873578312056","0.907988760690569","1.35874792729896","0.97265368007973","0.21394271356755","0.9888","0.932355276509478","0.129306000424549","0.936458102537547","10_15"
"10.0079833734065","2.72003715309571","0.28918449154923","3.61643302493728","0.00798337340648982","0.225945956735584","1","0.357248281361535","0.417356130915476","0.902685598998304","10_15"
"10.7039953037445","1.80630591658623","0.865509630212597","1.83057432311369","0.703995303744473","0.298521383188437","0.994","0.948455093417192","0.958735764340626","0.973886032450472","10_15"
"10.673313907974","1.91634210035037","0.791016629408461","2.0653463868415","0.673313907974007","0.289345728756213","0.9984","0.931512387318047","0.926485589425443","0.927662702390644","10_15"
"10.7978844438107","1.79202765905379","0.868623867044982","1.76052870166696","0.797884443810694","0.246939328969915","0.9972","0.910446071160742","0.646667570983036","0.966552595124737","10_15"
"10.6690508232087","1.91407996136621","0.795451927986649","2.05023651539374","0.669050823208742","0.291037158779728","0.9982","0.940948102623768","0.937936836472699","0.919846182657919","10_15"
"10.7225796325577","1.90106283101916","0.79994358909117","2.01578345217224","0.722579632557748","0.243720992769702","1","0.92094985630809","0.679047646436395","0.898216920982931","10_15"
"10.6619671072796","1.94908122594468","0.765896193245542","2.15645852397198","0.661967107279555","0.271916484817748","1","0.922203973883353","0.882639833228145","0.90971287704587","10_15"
"10.8133600586357","1.83167894865361","0.841915141189854","1.81323571298306","0.81336005863568","0.224338626625789","0.9998","0.940123390837577","0.470007085214753","0.87610453307207","10_15"
"10.7293197113821","1.89196203413731","0.796414183704407","2.03988395090714","0.729319711382088","0.229501129459369","1","0.922111246499043","0.599886450112958","0.882240015406299","10_15"
"10.5655636107026","2.05200218693171","0.710854677731488","2.37841756680759","0.565563610702629","0.273026274500589","1","0.948455093417192","0.958735764340626","0.829913498600945","10_15"
"10.6492551980079","1.97382313611431","0.756932777483441","2.21079040509392","0.649255198007907","0.268893973655647","1","0.923170198941632","0.850935335546568","0.887893178908291","10_15"
"10.7779135978489","1.81820938022275","0.851627058747598","1.81735948502445","0.777913597848872","0.258981118453062","0.998","0.926954202864394","0.686422556963062","0.934273300807042","10_15"
"10.7439664725377","1.77629863520219","0.885851310897585","1.74065446481111","0.743966472537696","0.288563285243607","0.993","0.935482599095232","0.817008286085937","0.974044007093805","10_15"
"11.0088418999805","1.63283406616354","0.943861415330729","1.16735218627625","1.00884189998047","0.218726405501974","0.9712","0.926466865573512","0.10212059924379","0.974209042885349","10_15"
"10.6913509924085","1.94096959339237","0.77393595228247","2.13696574486547","0.691350992408514","0.238995893390479","1","0.915819050318198","0.67981063373493","0.882573679163743","10_15"
"10.7925107079381","1.84987898875507","0.8201170196185","1.88667189897089","0.792510707938142","0.216625634499903","1","0.905907908509355","0.321427282378932","0.905898271646319","10_15"
"10.7416360095743","1.88455330507687","0.804854283458351","2.00529253958107","0.741636009574273","0.23202588488973","0.9998","0.908423435889116","0.615776987579221","0.914002237659231","10_15"
"10.8448946289291","1.80500176315999","0.849888893306276","1.7340005059651","0.844894628929123","0.217616233427637","0.9992","0.925957525499692","0.391262576558803","0.902827731319527","10_15"
"10.7062574812218","1.91269448458384","0.790253363376233","2.06313401243988","0.706257481221774","0.251787388808359","1","0.932939429100116","0.720680334199277","0.877020058141758","10_15"
"10.8028376711261","1.84014803919931","0.824033434578863","1.86575032786252","0.802837671126123","0.220896817521612","1","0.913858056834397","0.347816615608908","0.898506945858813","10_15"
"10.817238583279","1.79056303237681","0.870573333278788","1.72932527148291","0.817238583278964","0.241874238398905","0.9964","0.920125839347069","0.599747024615275","0.948618806751071","10_15"
"10.9160548200583","1.69840309905323","0.917116767586366","1.39413697643873","0.916054820058317","0.226739489682797","0.9892","0.924264580917891","0.364239397225596","0.964788546865831","10_15"
"10.6748189905199","1.91350911847598","0.791985389713852","2.0538061053306","0.67481899051991","0.289887607897428","0.9984","0.944581755448433","0.928355925804222","0.910495138152777","10_15"
"10.7504794755392","1.8343920374695","0.836637497013158","1.87462645464964","0.750479475539224","0.270481944687301","0.998","0.933827651991501","0.779409639395892","0.929937282373522","10_15"
"10.6893536456923","1.93487511192374","0.779261451951201","2.10627183092767","0.689353645692267","0.248287465999544","1","0.924205595515213","0.713212707175581","0.878003588063254","10_15"
"10.8985445541316","1.74430096046012","0.884861186018052","1.5229611300311","0.898544554131558","0.218953027723397","0.995","0.925100291936639","0.372759387505728","0.938108414918807","10_15"
"10.8852992805534","1.69146404185903","0.928397930331585","1.44347255800554","0.885299280553362","0.233314133461677","0.987","0.935865732593608","0.462418017253595","0.960673759947988","10_15"
"10.7605035984308","1.87720423466811","0.81289020149488","1.94895596612046","0.760503598430753","0.225331164408149","1","0.924918469196157","0.490973795297113","0.877722280797645","10_15"
"10.9726536800797","1.6873578312056","0.907988760690569","1.35874792729896","0.97265368007973","0.21394271356755","0.9888","0.932355276509478","0.129306000424549","0.936458102537547","10_15"
"10.7712755235871","1.8310926435503","0.84282748272732","1.85383321509418","0.771275523587093","0.25662158686392","0.9976","0.920768383943591","0.694245945688156","0.936864819064441","10_15"
"10.784813578006","1.85038205754086","0.824278694391564","1.91661819400177","0.784813578005987","0.234098385320409","0.9998","0.937316168140463","0.578919740030598","0.880622267680724","10_15"
"10.9160548200583","1.69840309905323","0.917116767586366","1.39413697643873","0.916054820058317","0.226739489682797","0.9892","0.924264580917891","0.364239397225596","0.964788546865831","10_15"
"10.7549322964052","1.79256169375093","0.870135729698111","1.77969831656745","0.754932296405159","0.283949106901746","0.995","0.927594124263152","0.799636055649858","0.970211170310487","10_15"
"10.6931483163845","1.90739007723682","0.798805645382725","2.04960563406343","0.693148316384455","0.2695350739604","0.9988","0.911881661100505","0.835061458523026","0.939400653106166","10_15"
"10.7760550273497","1.85529518898464","0.820885877836165","1.93072832466102","0.776055027349709","0.233551514013861","0.9996","0.924166797033756","0.592911482298182","0.900096513277467","10_15"
"11.0088418999805","1.63283406616354","0.943861415330729","1.16735218627625","1.00884189998047","0.218726405501974","0.9712","0.926466865573512","0.10212059924379","0.974209042885349","10_15"
"10.8825910188085","1.68011784948905","0.936419991121668","1.4093165657306","0.882591018808534","0.231063605321724","0.9836","0.93721084723648","0.45991982477559","0.964950106747163","10_15"
"10.7485534760009","1.87480455949539","0.809982124308274","1.97586852663984","0.748553476000872","0.233186138100311","1","0.930845080083946","0.607354077136653","0.881256485484802","10_15"
"10.9248098163616","1.72966042276891","0.893089639248599","1.4846403604349","0.924809816361552","0.216554199072088","0.9942","0.928990183431911","0.319215935819334","0.934863442673423","10_15"
"10.8852276452638","1.75914310322669","0.875995632607252","1.57771309440488","0.885227645263834","0.21662786509065","0.9956","0.925121814480945","0.382742586278671","0.929507863266551","10_15"
"11.0088418999805","1.63283406616354","0.943861415330729","1.16735218627625","1.00884189998047","0.218726405501974","0.9712","0.926466865573512","0.10212059924379","0.974209042885349","10_15"
"10.815100123754","1.83286589120534","0.840701458897138","1.82377946214679","0.815100123753975","0.224888215065422","0.9992","0.923505696535669","0.508479639533795","0.91045587088128","10_15"
"10.7340866244541","1.89717250561862","0.801575528033283","2.00293602318926","0.734086624454105","0.241275694351376","1","0.92094985630809","0.664201692910865","0.898216920982931","10_15"
"10.9602229125604","1.64918903719857","0.942700858859604","1.24065232558341","0.96022291256038","0.222364498772163","0.978","0.930038128220083","0.266097560745835","0.973522784061339","10_15"
"10.9604680197216","1.7053543927204","0.894062754105749","1.39997106121472","0.96046801972159","0.208093919756383","0.9894","0.9302041209608","0.0715024236124009","0.929105118796105","10_15"
"10.8587962865913","1.7179191990075","0.91253035714594","1.52418754066066","0.858796286591296","0.238247755194801","0.992","0.931311050334552","0.513805803202774","0.957912331272401","10_15"
"10.8575267329026","1.76416603389272","0.886187467476895","1.61846612517995","0.857526732902618","0.230429830566739","0.9956","0.930319295941961","0.496512621568277","0.935867960671166","10_15"
"11.0088418999805","1.63283406616354","0.943861415330729","1.16735218627625","1.00884189998047","0.218726405501974","0.9712","0.926466865573512","0.10212059924379","0.974209042885349","10_15"
"10.9026196129878","1.73905386416703","0.88988582466386","1.50001144000041","0.902619612987841","0.218859898977479","0.994","0.922209030383178","0.371214365040372","0.946932048994662","10_15"
"10.8105760000158","1.83180759874821","0.830529938138848","1.83873079430769","0.810576000015752","0.220731251435985","1","0.92852223916186","0.371828465186754","0.880219319989913","10_15"
"10.9022257814054","1.75853363475903","0.865951886700352","1.60336358247955","0.902225781405411","0.217340950625795","0.9982","0.934804434806864","0.220533561562129","0.900370426467295","10_15"
"10.9358619138941","1.65659798548063","0.944411284236171","1.29003103858653","0.935861913894055","0.229104338399705","0.9796","0.933866890562132","0.343237796300174","0.97015128117075","10_15"
"10.938218591228","1.66499508617041","0.938115488104326","1.31455140726187","0.938218591227951","0.227531006309255","0.9826","0.933665812593281","0.34198991397824","0.965316831046506","10_15"
"10.9358619138941","1.65659798548063","0.944411284236171","1.29003103858653","0.935861913894055","0.229104338399705","0.9796","0.933866890562132","0.343237796300174","0.97015128117075","10_15"
"10.8849300624309","1.76602635245698","0.862285491730416","1.62766877017648","0.88493006243094","0.217081837330998","0.999","0.931654568664625","0.282439140154357","0.903276923848392","10_15"
"11.0030496605627","1.65444452172413","0.931938842703663","1.23167504856204","1.00304966056275","0.214758290744867","0.9792","0.928573910188816","0.0856380453780961","0.959771251091748","10_15"
"10.9538941341461","1.68128293257095","0.921524184357291","1.32310461726236","0.953894134146066","0.216691504726569","0.9868","0.932744174899626","0.272304163117679","0.95304695232371","10_15"
"11.0088418999805","1.63283406616354","0.943861415330729","1.16735218627625","1.00884189998047","0.218726405501973","0.9712","0.926466865573512","0.10212059924379","0.974209042885349","10_15"
"10.9975147401628","1.65358788976284","0.929977502966818","1.2517526035265","0.997514740162791","0.216672958144261","0.9808","0.92472632571341","0.131685056139167","0.966445885245524","10_15"
"10.0078369290155","2.72991410740164","0.288972391456143","3.62090908551091","0.00783692901547259","0.226321498378099","1","0.27056393912062","0.4191221981116","0.95047020577387","10_15"
"10.9502696953478","1.65917839968612","0.940869221879033","1.26626462531571","0.950269695347774","0.223027236844499","0.9798","0.930061238064756","0.29693965793318","0.972102593979534","10_15"
"10.9959287034273","1.63407214456966","0.943233333365423","1.18689153253242","0.995928703427338","0.21984327220912","0.9736","0.930508573914624","0.148801320004616","0.968497646078854","10_15"
"10.945500314778","1.71657538299344","0.895497282714059","1.43920579974949","0.94550031477795","0.210765615601863","0.9928","0.933562437608308","0.265938899907959","0.930758753888001","10_15"
"10.9345750628429","1.6738835556999","0.933553036340023","1.32369171035992","0.934575062842855","0.22631785835508","0.984","0.926005120777993","0.334674940330219","0.972551704505656","10_15"
"11.0088418999805","1.63283406616354","0.943861415330729","1.16735218627625","1.00884189998047","0.218726405501973","0.9712","0.926466865573512","0.10212059924379","0.974209042885349","10_15"
"10.0084319610139","2.70575354863467","0.301291784229861","3.60689508660686","0.00843196101388582","0.178311997805314","1","0.249787741340697","0.129306000424549","0.936458102537547","10_15"
"10.9462359167446","1.65447959759491","0.948732902201718","1.25591366130058","0.94623591674462","0.227653407884249","0.9764","0.933843780717459","0.312395699112829","0.971571471252555","10_15"
"11.0088418999805","1.63283406616354","0.943861415330729","1.16735218627625","1.00884189998047","0.218726405501974","0.9712","0.926466865573512","0.10212059924379","0.974209042885349","10_15"
"10.9280470124126","1.6823473099754","0.926621900760769","1.35672942874864","0.928047012412641","0.22690227890587","0.9862","0.927146915396513","0.351320907994972","0.966836157133369","10_15"
"10.9124166413865","1.75082233708562","0.867491378135089","1.55671361772262","0.91241664138648","0.212046462245498","0.996","0.929129431855907","0.140523159650396","0.909252710890138","10_15"
"10.9239577767734","1.74142937989614","0.871240459619721","1.52278881561185","0.923957776773356","0.212047807975972","0.9952","0.934270995966517","0.0974592869763152","0.904815396652406","10_15"
"10.9303539679497","1.66705130449575","0.935669196992876","1.33587547698142","0.930353967949718","0.228770424514468","0.9834","0.935511861043635","0.361824308113669","0.962082281766269","10_15"
"10.9520469543678","1.70758655617741","0.896359351012868","1.42515299555328","0.952046954367836","0.210436345761088","0.9918","0.929129933518261","0.161620124611492","0.933110638101882","10_15"
"10.9265588888021","1.73042773543202","0.890796700143886","1.48278614546443","0.926558888802128","0.216640642966659","0.9944","0.928250158078877","0.3108538089135","0.93520191753771","10_15"
"10.9781698819684","1.68435899757829","0.908788015634944","1.33780729857014","0.978169881968418","0.210706912147716","0.9876","0.928097076345496","0.0879849774780947","0.943542910589706","10_15"
"10.987742450906","1.65496287194755","0.930480940563757","1.25363064701965","0.987742450905967","0.217014600984484","0.9822","0.930259076414104","0.179511022700467","0.959606797782645","10_15"
"10.8260994139049","1.81190766195503","0.854089371039644","1.76640721040713","0.826099413904934","0.232474532586013","0.9978","0.92524148613865","0.523890746260187","0.919948921183435","10_15"
"10.9799217234547","1.64680716814708","0.93857253766019","1.22249913653405","0.979921723454707","0.220399565607158","0.9776","0.926820737123485","0.202714308383717","0.972800521067067","10_15"
"10.012887323012","2.65529383286278","0.31662253583577","3.58074590323581","0.0128873230120187","0.227389134971375","1","0.48998980014585","0.343237796300174","0.97015128117075","10_15"
"10.9726536800797","1.6873578312056","0.907988760690569","1.35874792729896","0.97265368007973","0.21394271356755","0.9888","0.932355276509478","0.129306000424549","0.936458102537547","10_15"
"10.9524860563461","1.70660980504391","0.902251749990425","1.39725392659337","0.952486056346115","0.212938831195308","0.9914","0.933325678654782","0.261616277748317","0.936731926420383","10_15"
"10.9417047708033","1.71109178110855","0.890097765723977","1.46127732111945","0.941704770803263","0.213231192950151","0.9928","0.93006437087445","0.229098234820243","0.930857923367647","10_15"
"10.9322578272473","1.66779037065097","0.934933105018611","1.33438466513144","0.932257827247337","0.228706177435925","0.9834","0.93098455608351","0.356156285530798","0.968103670903211","10_15"
"10.0084104998931","2.70897333970592","0.298032295426291","3.60675086234529","0.00841049989310304","0.185927017366014","1","0.33364394819364","0.194576698198215","0.924660148610994","10_15"
"10.0083890396419","2.71366674213447","0.298032295426291","3.61349425676908","0.00838903964193732","0.179678348998589","1","0.00586823979392648","0.179511022700467","0.959606797782645","10_15"
"10.0948273516412","2.41171209735755","0.461142410316709","3.32250219214364","0.0948273516411682","0.216792139723149","1","0.690205555409193","0.282439140154357","0.903276923848392","10_15"
"10.951344754829","1.70122160845551","0.915389077830945","1.36796936772803","0.951344754828972","0.217966392348093","0.989","0.928216532231451","0.304803435690701","0.954621770598879","10_15"
"10.9699533557167","1.64874747245645","0.937749855334052","1.23310865232964","0.969953355716715","0.218476557785304","0.978","0.928548258089791","0.222654334595292","0.970558493626111","10_15"
"10.95029718511","1.70748870292451","0.901220099011104","1.40572250879207","0.950297185109963","0.212468683124986","0.9916","0.928994754039512","0.271442207327455","0.943072309902137","10_15"
"10.953379578056","1.71262064438172","0.891463690339694","1.42446170650127","0.953379578056037","0.208762761635633","0.9906","0.928964931321238","0.0973372690093196","0.929356311198439","10_15"
"10.0116346339706","2.66200356871234","0.312371185830102","3.58840119751374","0.011634633970586","0.208401414004076","1","0.47132907086052","0.223073720373384","0.962608507804084","10_15"
"10.9716764428114","1.68388391027141","0.910442113645305","1.35346381179557","0.97167644281142","0.213411372369037","0.9886","0.929017430283522","0.150496100487574","0.945090046547534","10_15"
"10.8511108249617","1.71826302647246","0.909123580970218","1.54708428297992","0.85111082496173","0.237225939668828","0.9926","0.930259076414104","0.539342578034848","0.959606797782645","10_15"
"10.9379983328716","1.70650867663873","0.912606869488506","1.39912158120214","0.937998332871635","0.219266428483388","0.9904","0.933043957040104","0.32900880447444","0.944616757956756","10_15"
"10.9463318881951","1.70461149360058","0.89539518876054","1.43142430126652","0.946331888195131","0.214470444758732","0.9922","0.929838220518563","0.233685904345304","0.935877178416419","10_15"
"10.9440203391944","1.70982728645132","0.892020978484878","1.45160651217719","0.944020339194355","0.213119306279743","0.9928","0.928336849908144","0.209158208608667","0.933099950808603","10_15"
"10.9467720542626","1.71000339887338","0.902780408049473","1.40760179086969","0.946772054262558","0.214046357359114","0.991","0.930003964071405","0.288711838182143","0.942816590758611","10_15"
"10.9557664801396","1.67857637804894","0.924073228610428","1.31132665470158","0.955766480139649","0.216337579059101","0.9852","0.926286842392671","0.267282413604096","0.964666872969282","10_15"
"11.0088418999805","1.63283406616354","0.943861415330729","1.16735218627625","1.00884189998047","0.218726405501974","0.9712","0.926466865573512","0.10212059924379","0.974209042885349","10_15"
"10.9766581244699","1.63927979479947","0.941717191324108","1.21253337284624","0.976658124469868","0.220754526316372","0.976","0.929163386036898","0.210910146216099","0.972376364656017","10_15"
"10.9638172067996","1.65472757639009","0.937963645172262","1.25278470859455","0.963817206799611","0.219511324008323","0.979","0.930191485637215","0.253376960260264","0.969100883958095","10_15"
"10.987742450906","1.65496287194755","0.930480940563757","1.25363064701965","0.987742450905967","0.217014600984484","0.9822","0.930259076414104","0.179511022700467","0.959606797782645","10_15"
"11.0088418999805","1.63283406616354","0.943861415330729","1.16735218627625","1.00884189998047","0.218726405501973","0.9712","0.926466865573512","0.10212059924379","0.974209042885349","10_15"
"10.9490801831894","1.70803654014389","0.909028941884853","1.38627417627309","0.949080183189419","0.215416394767295","0.9908","0.930990368907097","0.294446133849036","0.945432279102809","10_15"
"10.9373830365606","1.72090624819702","0.891710518445745","1.46052911443842","0.937383036560612","0.212393170407923","0.9936","0.931104806022897","0.272023241525373","0.931362370604059","10_15"
"10.9470602687067","1.71751400166515","0.887276417482071","1.43829979747331","0.947060268706696","0.209566248675597","0.9918","0.933403140990775","0.0881069954450903","0.919001996043674","10_15"
"10.9686592350595","1.68047429913724","0.913878058737106","1.33558826513244","0.968659235059461","0.214552276727953","0.9868","0.933134992054803","0.219232954417921","0.944947003726273","10_15"
"10.9952642441617","1.65168971493185","0.930816680847696","1.24963916164159","0.995264244161745","0.216359821793935","0.98","0.928742807652601","0.144399434263704","0.961368365183349","10_15"
"10.9988102716216","1.65527987252676","0.930680974642447","1.25076960785086","0.998810271621554","0.217800727610191","0.981","0.929338722476078","0.116999899690988","0.958059661824817","10_15"
"10.9829349241492","1.63913696051602","0.943718764352652","1.20275916781911","0.982934924149166","0.220065627603178","0.9756","0.92736471760137","0.188150110960871","0.973935272208866","10_15"
"10.9726536800797","1.6873578312056","0.907988760690569","1.35874792729896","0.97265368007973","0.21394271356755","0.9888","0.932355276509478","0.129306000424549","0.936458102537547","10_15"
"10.9950315803204","1.66596782500045","0.92146535270213","1.28320842175715","0.995031580320443","0.212391981540534","0.9834","0.929862842607519","0.0923868632190074","0.950672191485211","10_15"
"10.9726536800797","1.6873578312056","0.907988760690569","1.35874792729896","0.97265368007973","0.21394271356755","0.9888","0.932355276509478","0.129306000424549","0.936458102537547","10_15"
"10.9313734510851","1.72460713120684","0.893966174909167","1.45943242401681","0.931373451085137","0.215462487301561","0.9934","0.930707789664287","0.304769467296086","0.934598300821652","10_15"
"10.4735287091535","2.12013052748605","0.678909134913122","2.59729575642447","0.473528709153527","0.255403461863318","1","0.95","0.4","0.75","15_15"
"10.4735287091535","2.12013052748605","0.678909134913122","2.59729575642447","0.473528709153527","0.255403461863318","1","0.95","0.4","0.75","15_15"
"10.0043457099518","2.84051181600401","0.218780751301484","3.65338597401362","0.00434570995178597","0.665896262198265","1","0.2655086631421","0.380035179434344","0.79423986072652","15_15"
"10.0003881724272","2.98507769883497","0.092967836501513","3.69063608163083","0.000388172427217798","0.618743024525297","1","0.37212389963679","0.777445221319795","0.107943625887856","15_15"
"10.0022575800444","2.89553107220618","0.168520132616878","3.66640635077443","0.00225758004439348","0.462506235500277","1","0.572853363351896","0.934705231105909","0.723710946040228","15_15"
"10.082780269543","2.48593390488808","0.447473809545096","3.36442045564929","0.0827802695429795","0.262835809841798","1","0.908207789994776","0.212142521282658","0.411274429643527","15_15"
"10.0006228604746","2.96446083925995","0.108940852496455","3.6850452818458","0.000622860474564942","0.694453299946689","1","0.201681931037456","0.651673766085878","0.820946294115856","15_15"
"10.2340660252546","2.27680308875277","0.57188798994576","3.02137961412974","0.234066025254556","0.238537405100566","1","0.898389684967697","0.125555095961317","0.647060193819925","15_15"
"10.5738549352633","2.01552641242845","0.739404649746131","2.3722857431076","0.57385493526328","0.24080133433605","1","0.944675268605351","0.267220668727532","0.78293276228942","15_15"
"10.0118516587283","2.72910964759577","0.292637757658014","3.60737723998904","0.0118516587282968","0.330894123073414","1","0.660797792486846","0.386114092543721","0.553036311641335","15_15"
"10.0128611710172","2.67787172022237","0.325325575107681","3.58800573178531","0.0128611710172087","0.224121342460119","1","0.62911404389888","0.0133903331588954","0.529719580197707","15_15"
"10.0037964527153","2.88399119981371","0.190935221629862","3.66584602445095","0.00379645271527683","0.669751110424948","1","0.0617862704675645","0.382387957070023","0.789356231689453","15_15"
"10.0002266901073","3.03699869353978","0.0433702889360981","3.70651855103697","0.000226690107318423","0.487656551611088","1","0.205974574899301","0.86969084572047","0.023331202333793","15_15"
"10.00442646851","2.84752600043664","0.218515801097381","3.65470065389033","0.00442646851001168","0.719862684882552","1","0.176556752528995","0.34034899668768","0.477230065036565","15_15"
"10.0256902204455","2.66258120830799","0.32960089152042","3.55137883526074","0.0256902204454531","0.300425297518406","1","0.687022846657783","0.482080115471035","0.7323137386702","15_15"
"10.0019017068598","2.89911004955235","0.165280955143125","3.66765342634271","0.00190170685976783","0.581757800203221","1","0.384103718213737","0.599565825425088","0.692731556482613","15_15"
"10.0210400696769","2.68899207643055","0.312728944640251","3.56803732631723","0.0210400696769058","0.32123288351293","1","0.769841419998556","0.493541307048872","0.477619622135535","15_15"
"10.0098781843554","2.71887563973192","0.30267239675288","3.60239114063296","0.00987818435544019","0.272671801435054","1","0.497699242085218","0.186217601411045","0.8612094768323","15_15"
"10.0051063626067","2.83814713862062","0.206392762183312","3.64265167495835","0.00510636260672237","0.424142558958094","1","0.717618508264422","0.827373318606988","0.438097107224166","15_15"
"10.0552886902678","2.60484587326788","0.358875623226195","3.47715920700527","0.0552886902677783","0.342937588213298","1","0.991906094830483","0.668466738192365","0.244797277031466","15_15"
"10.0076707634204","2.76200628573901","0.28840840523155","3.62434094159107","0.00767076342038879","0.240152482297673","1","0.1","0.1","0.1","15_15"
"10.0060615749706","2.78453481279576","0.272762782086971","3.63787207293788","0.00606157497055388","0.345850743807148","1","0.2","0.2","0.2","15_15"
"10.0053028305806","2.81894966806241","0.244423209612782","3.64945683614435","0.00530283058062726","0.623398740692481","1","0.3","0.3","0.3","15_15"
"10.0041772841696","2.84321340466332","0.224127454219949","3.65165916885648","0.00417728416961239","0.631285614186142","1","0.4","0.4","0.4","15_15"
"10.0034748103198","2.84682414887903","0.211579499841659","3.64821057815414","0.00347481031983826","0.497159111984476","1","0.5","0.5","0.5","15_15"
"10.0052632464671","2.81265341384356","0.225698920414385","3.64085929950145","0.00526324646705429","0.413732705959259","1","0.6","0.6","0.6","15_15"
"10.0177048577979","2.72242747022492","0.285775743573716","3.58404903221694","0.0177048577978568","0.340488495223143","1","0.7","0.7","0.7","15_15"
"10.0909931619018","2.55387007045549","0.392980380902021","3.38010475864758","0.0909931619017903","0.302383768266475","1","0.8","0.8","0.8","15_15"
"10.2979508832017","2.32784456560307","0.535273523569782","2.93118610106545","0.29795088320174","0.332479976534098","1","0.9","0.9","0.9","15_15"
"10.5086469740688","2.01996413286947","0.708271775628936","2.38317663252294","0.508646974068764","0.383045999284464","0.999","1","1","1","15_15"
"10.498797503549","2.06692611907332","0.703369892400352","2.50742821400504","0.498797503548985","0.236103340046291","1","0.920996323974643","0.224692797806007","0.77930266908969","15_15"
"10.0076919626091","2.75925627325448","0.291740196731652","3.62106802078428","0.00769196260913196","0.240915778874231","1","0.263028232740439","0.103417710389328","0.278167616660901","15_15"
"10.0450299324875","2.5868511720134","0.381229531987952","3.47241881952682","0.045029932487464","0.296791418510921","1","0.884815825137775","0.389170624222606","0.35353592261672","15_15"
"10.5738549352633","2.01552641242845","0.739404649746131","2.3722857431076","0.57385493526328","0.24080133433605","1","0.944675268605351","0.267220668727532","0.78293276228942","15_15"
"10.4735287091535","2.12013052748605","0.678909134913122","2.59729575642447","0.473528709153527","0.255403461863318","1","0.95","0.4","0.75","15_15"
"10.0041772841696","2.84321340466332","0.224127454219949","3.65165916885648","0.00417728416961239","0.631285614186142","1","0.4","0.4","0.4","15_15"
"10.0128611710172","2.67787172022237","0.325325575107681","3.58800573178531","0.0128611710172087","0.224121342460119","1","0.62911404389888","0.0133903331588954","0.529719580197707","15_15"
"10.0027369877458","2.86719907340038","0.19341856966034","3.65352246532082","0.00273698774584162","0.580079145524731","1","0.422513705647179","0.507756883107591","0.505931393126688","15_15"
"10.5086469740688","2.01996413286947","0.708271775628936","2.38317663252294","0.508646974068764","0.383045999284464","0.999","1","1","1","15_15"
"10.2932213281056","2.21522058669362","0.604384321770893","2.90727293189172","0.293221328105621","0.243033186975174","1","0.922068629598405","0.168082966882842","0.650690287019655","15_15"
"10.0083315715598","2.7495918931555","0.278946268848256","3.62045855393387","0.00833157155976504","0.348144241433164","1","0.587217262254853","0.306455964951125","0.544290166632995","15_15"
"10.2979508832017","2.32784456560307","0.535273523569782","2.93118610106545","0.29795088320174","0.332479976534098","1","0.9","0.9","0.9","15_15"
"10.2633869744087","2.24948989926387","0.586361128122553","2.97290697645507","0.263386974408726","0.244315974367406","1","0.908858297556515","0.195736911124499","0.655709790940877","15_15"
"10.0097731416286","2.76183052224582","0.265818258907054","3.61718216860825","0.00977314162863074","0.351342761156774","1","0.665892595249559","0.522821154457395","0.55871537839034","15_15"
"10.004488155814","2.83033312777745","0.2320382071705","3.64793901037827","0.00448815581402837","0.55650976125686","1","0.455422972608358","0.4","0.442636216955725","15_15"
"10.0077686861149","2.76248347208691","0.270509324872506","3.62276491357089","0.00776868611484985","0.3748945789957","1","0.668525012364379","0.332234690319108","0.234661261551082","15_15"
"10.4559243835077","2.11645891896428","0.675742224381433","2.60414397757615","0.455924383507667","0.251924222979234","1","0.939531387411182","0.329818184836819","0.741350402879049","15_15"
"10.0030011080886","2.87784636552767","0.181003123041725","3.65770559622756","0.00300110808864456","0.437599034913765","1","0.533928315785756","0.855447807285332","0.84371364305126","15_15"
"10.5738549352633","2.01552641242845","0.739404649746131","2.3722857431076","0.57385493526328","0.24080133433605","1","0.944675268605351","0.267220668727532","0.78293276228942","15_15"
"10.2592984904782","2.29717350290253","0.560703018459468","2.99351510272147","0.259298490478239","0.254581477869185","1","0.894577027391642","0.4","0.707363783044275","15_15"
"10.0210388052843","2.6913403526204","0.30822531312908","3.57148482359473","0.0210388052842511","0.317708057679996","1","0.694905197237287","0.563292938086327","0.694320933250995","15_15"
"10.0063996511297","2.77896496788114","0.273810002668348","3.63499560194074","0.00639965112970513","0.412961176369332","1","0.265184174862225","0.210829375777394","0.59646407738328","15_15"
"10.0076138883954","2.74712454127944","0.28840840523155","3.62340370147042","0.00761388839539963","0.253668658634879","1","0.406421425132313","0.13366940232989","0.584919242406011","15_15"
"10.0216704149902","2.6386291464554","0.351034048292814","3.54813938096799","0.021670414990241","0.249922444169114","1","0.735361452227258","0.122137385571989","0.468892577159024","15_15"
"10.040286072435","2.62854057616226","0.352030220117464","3.50313313768323","0.0402860724350328","0.30044539772078","1","0.756235449394172","0.555500853826651","0.673357768800316","15_15"
"10.1258294880023","2.44389608897008","0.469967225881892","3.27724107646285","0.125829488002308","0.268477548464469","1","0.842154235573525","0.431016370421275","0.673702425019609","15_15"
"10.0026840576668","2.87056946308775","0.198801354839163","3.65395140929865","0.00268405766684144","0.649227919627891","1","0.39980558440293","0.475624150519911","0.325278303353116","15_15"
"10.0269635793872","2.67391441037665","0.31980309593068","3.54524127971873","0.0269635793871605","0.315968890990006","1","0.731431432565115","0.585350249366369","0.66441978549146","15_15"
"10.4735287091535","2.12013052748605","0.678909134913122","2.59729575642447","0.473528709153527","0.255403461863318","1","0.95","0.4","0.75","15_15"
"10.0256907958041","2.64980198335756","0.335223447956414","3.55543789284301","0.0256907958041361","0.295824183683786","1","0.631580347356344","0.424587372149012","0.850526217675261","15_15"
"10.4559243835077","2.11645891896428","0.675742224381433","2.60414397757615","0.455924383507667","0.251924222979234","1","0.939531387411182","0.329818184836819","0.741350402879049","15_15"
"10.0152400393371","2.73395458796336","0.27671426199518","3.58936513978235","0.015240039337068","0.332032771062695","1","0.644888165881759","0.69848349466867","0.809116819581902","15_15"
"10.0027507957339","2.871674021747","0.190796698976618","3.65274870132676","0.00275079573393408","0.56513539829016","1","0.407387509584423","0.520015990686588","0.628346682782968","15_15"
"10.4559243835077","2.11645891896428","0.675742224381433","2.60414397757615","0.455924383507667","0.251924222979234","1","0.939531387411182","0.329818184836819","0.741350402879049","15_15"
"10.3038147454349","2.24921996579519","0.591433339921534","2.91163421784542","0.303814745434875","0.249115593813225","1","0.898659313976185","0.371365448805531","0.727175586541902","15_15"
"10.4807450637539","2.08058921819297","0.692258466701419","2.54697109460222","0.480745063753866","0.234822792967621","1","0.916635405351102","0.244997619927164","0.780415364295589","15_15"
"10.0781135031944","2.52042626205476","0.428079008534987","3.39714974830346","0.0781135031944316","0.279923517412694","1","0.933584091736362","0.389343467875275","0.373145490094142","15_15"
"10.0699651190109","2.51384090971323","0.431586405440153","3.40430200533007","0.0699651190109178","0.252300858684788","1","0.77605653111897","0.263345091286822","0.677917715070524","15_15"
"10.3490842502604","2.19232866881657","0.628770768810051","2.81891140592315","0.34908425026038","0.240383323084611","1","0.90138943911258","0.281717481876091","0.740425397015454","15_15"
"10.0068858751027","2.77880277628178","0.259255518299868","3.63052874795444","0.00688587510272124","0.401337786283284","1","0.616343407544293","0.431475389261521","0.473048171233614","15_15"
"10.5133078391071","2.06517719213673","0.706832628717312","2.50146354411193","0.513307839107089","0.244771221954268","1","0.940592982020808","0.295855219922001","0.763120958791793","15_15"
"10.1913820098652","2.39488280126413","0.505041440368313","3.14208312872037","0.191382009865174","0.27247237644119","1","0.839040149903997","0.556964312616662","0.784596823469358","15_15"
"10.5738549352633","2.01552641242845","0.739404649746131","2.3722857431076","0.57385493526328","0.24080133433605","1","0.944675268605351","0.267220668727532","0.78293276228942","15_15"
"10.0202068644985","2.64530553077645","0.345613294526285","3.55384728391423","0.0202068644984686","0.244352470546329","1","0.665933961024583","0.117704252904521","0.635293083971359","15_15"
"10.0148717730551","2.69919993558956","0.309674265779812","3.5930972639189","0.014871773055097","0.329371720232079","1","0.767332415071218","0.34860591447547","0.317432626219522","15_15"
"10.0056037707745","2.8019762294878","0.247777105763148","3.63914018886556","0.00560377077454661","0.465827034924766","1","0.547094271715856","0.385713457484808","0.392874532689542","15_15"
"10.1160767473773","2.46495489595259","0.458308003035319","3.30410867687468","0.116076747377252","0.277444517790442","1","0.840917295716722","0.468030813682347","0.667093505200126","15_15"
"10.5086469740688","2.01996413286947","0.708271775628936","2.38317663252294","0.508646974068764","0.383045999284464","0.999","1","1","1","15_15"
"10.0072175879542","2.77856819385153","0.253641135285244","3.62646718721336","0.00721758795415273","0.382094185096719","1","0.625616412432163","0.475165131679665","0.52593255713911","15_15"
"10.5738549352633","2.01552641242845","0.739404649746131","2.3722857431076","0.57385493526328","0.24080133433605","1","0.944675268605351","0.267220668727532","0.78293276228942","15_15"
"10.00862380475","2.7402380406551","0.286599861612852","3.61967837761802","0.0086238047499916","0.337328841023075","1","0.642266215296705","0.263873622340502","0.32958228612325","15_15"
"10.0486503546145","2.57691893240874","0.388893418902064","3.47168023738076","0.0486503546145145","0.270008830833277","1","0.732414033477984","0.37489093166542","0.725189562373509","15_15"
"10.0147038083897","2.70741588061603","0.306217154638081","3.59368869800793","0.0147038083897217","0.344526951028689","1","0.786008422430937","0.372799400066244","0.270764557948281","15_15"
"10.0055955455993","2.79785593329295","0.256473105064053","3.64788136006424","0.00559554559927859","0.566023634004983","1","0.291442971929898","0.279190443755999","0.501543052811112","15_15"
"10.0322133523631","2.60639344629191","0.367607116340933","3.51943759606736","0.0322133523630536","0.273083687288463","1","0.783972013114677","0.240419903695898","0.47846718014357","15_15"
"10.0073906724073","2.78239573998756","0.250641482365076","3.625930453797","0.00739067240731521","0.380778755137019","1","0.687323272055794","0.518901097919649","0.391252553821143","15_15"
"10.3083450854399","2.2510398637303","0.589561724576334","2.91387300363759","0.308345085439886","0.252259291549796","1","0.901231733401413","0.399827156347331","0.730390432522578","15_15"
"10.5738549352633","2.01552641242845","0.739404649746131","2.3722857431076","0.57385493526328","0.24080133433605","1","0.944675268605351","0.267220668727532","0.78293276228942","15_15"
"10.3353261117166","2.18827483312875","0.624262360824286","2.82348028242867","0.335326111716615","0.24572670161974","1","0.936898160810764","0.217959959924866","0.658227188934708","15_15"
"10.0535235202327","2.55387749115198","0.400931179854766","3.45443029342079","0.0535235202327491","0.278059448359439","1","0.804803228776869","0.331565033285704","0.569100604259485","15_15"
"10.4734883949579","2.08592658775","0.688949038679731","2.56318134371938","0.473488394957858","0.237242770531159","1","0.920879120337645","0.254971769425594","0.770471038842128","15_15"
"10.0432763586757","2.58088123820212","0.390221311486532","3.48176408524039","0.0432763586757068","0.281151368039284","1","0.843444762837438","0.25390235368199","0.409495179801078","15_15"
"10.1234538908308","2.43665213292579","0.473132604401791","3.29039117534964","0.123453890830757","0.275014611539764","1","0.937231065817088","0.387342864798642","0.466927533828538","15_15"
"10.5550853371363","2.03104676198196","0.728787093156918","2.41469895530159","0.555085337136258","0.24127209677589","1","0.944599302010919","0.267798824808142","0.772345402389538","15_15"
"10.3971128379685","2.1885661300815","0.601291110346986","2.70142625310544","0.397112837968507","0.351061611178135","1","0.921380415874089","0.894768048776314","0.948518362589396","15_15"
"10.5738549352633","2.01552641242845","0.739404649746131","2.3722857431076","0.57385493526328","0.24080133433605","1","0.944675268605351","0.267220668727532","0.78293276228942","15_15"
"10.2983358701439","2.24932196746506","0.596402951554742","2.91867274672425","0.298335870143861","0.253566000485581","1","0.935884413330456","0.331818787913452","0.647568359144653","15_15"
"10.1351483561279","2.419850961481","0.483962274383016","3.25903825937582","0.135148356127917","0.255722726697848","1","0.859199064944601","0.363894666311418","0.641684742442791","15_15"
"10.2069678216837","2.34489693766725","0.530292593333821","3.10755910218682","0.206967821683725","0.259317272817204","1","0.909577325841312","0.393085412797686","0.629759962709392","15_15"
"10.0445467041114","2.57668248081792","0.386323839834993","3.48404518786838","0.0445467041114068","0.275031960180178","1","0.789302767733549","0.3140212067466","0.559996216989794","15_15"
"10.0611443891096","2.54078587639563","0.409984051341993","3.43107553547584","0.0611443891095669","0.261600842861338","1","0.783235318200108","0.342034684854214","0.648749847351227","15_15"
"10.462901990377","2.10803214864649","0.681007071099555","2.59009001748375","0.462901990376967","0.251855523528694","1","0.935287672424639","0.319844035338389","0.751294728332509","15_15"
"10.7517371927178","1.80122830116461","0.882069100126134","1.82343402623346","0.751737192717771","0.268115369901772","0.9988","0.944808672408118","0.3146694155106","0.924354929317656","15_15"
"10.5738549352633","2.01552641242845","0.739404649746131","2.3722857431076","0.57385493526328","0.24080133433605","1","0.944675268605351","0.267220668727532","0.78293276228942","15_15"
"10.0951137696572","2.48917767720669","0.441335126977522","3.35246874953236","0.095113769657219","0.26445478449794","1","0.780988913303965","0.428364593660597","0.748869102438736","15_15"
"10.0083035239147","2.7624086229101","0.271197496962604","3.6238470463671","0.00830352391474233","0.378483717745443","1","0.646297469114162","0.368208161300654","0.399409950012341","15_15"
"10.0132896878297","2.71709899806846","0.297008151392165","3.60149177516662","0.0132896878296579","0.328205733920495","1","0.623508225315241","0.381838307268194","0.69871792236186","15_15"
"10.4019805198299","2.19468914564487","0.607670378052816","2.7331421560535","0.40198051982992","0.312985994681181","1","0.977278898102097","0.731942067648816","0.778657223952505","15_15"
"10.3666057694902","2.1715440709199","0.637898531949484","2.78376846778902","0.366605769490245","0.237902245917087","1","0.901465405707013","0.281139325795481","0.751012756915336","15_15"
"10.0301169684548","2.61413826183685","0.362257781115529","3.53236341819952","0.0301169684548042","0.269303453930165","1","0.705331198338059","0.275434834368014","0.665697726889393","15_15"
"10.5133078391071","2.06517719213673","0.706832628717312","2.50146354411193","0.513307839107089","0.244771221954268","1","0.940592982020808","0.295855219922001","0.763120958791793","15_15"
"10.3665899783987","2.24421292709631","0.574623442785851","2.78163962669174","0.366589978398665","0.34815530547311","1","0.971826732942984","0.930328204416564","0.856060434977933","15_15"
"10.0717935370871","2.51093553246653","0.433272460302487","3.40434760324855","0.0717935370871486","0.267002437481547","1","0.868261315005967","0.271095818944145","0.477089372617102","15_15"
"10.2105742552324","2.34110200150076","0.534368494066518","3.09917348400201","0.21057425523235","0.262667686882427","1","0.921751723024278","0.384388702398983","0.608041110745151","15_15"
"10.0460423881467","2.60938837027102","0.366467795319113","3.48771183674173","0.0460423881466726","0.306880582697624","1","0.843619341266868","0.506684597902254","0.483853109348965","15_15"
"10.0078545980159","2.75049653012167","0.279881043983361","3.62759069654535","0.0078545980159155","0.35521349325221","1","0.530787042197191","0.270976278115518","0.618778088211138","15_15"
"10.3413022464582","2.2317311063217","0.603693140525463","2.85044084097331","0.341302246458228","0.254999886141425","1","0.933849515352148","0.433607183727892","0.702794912969694","15_15"
"10.1085200150009","2.46118068650596","0.45955139073281","3.31910458202753","0.108520015000926","0.26773762679807","1","0.910491682688269","0.376320214281823","0.492279965890893","15_15"
"10.5738549352633","2.01552641242845","0.739404649746131","2.3722857431076","0.57385493526328","0.24080133433605","1","0.944675268605351","0.267220668727532","0.78293276228942","15_15"
"10.2247859656628","2.3101443182628","0.554217873742071","3.07550578504809","0.224785965662847","0.241183334730379","1","0.847660762385382","0.330278849876456","0.757933718299781","15_15"
"10.0692357934004","2.51926671755775","0.424450709576277","3.40588430029136","0.0692357934004488","0.251303423278675","1","0.714472815625606","0.330747656074333","0.825511928880587","15_15"
"10.1178052786226","2.44009956548588","0.476946445757887","3.29779084296405","0.117805278622583","0.256493032126493","1","0.874279018950878","0.322010589861931","0.576102860295004","15_15"
"10.4528172848407","2.12414813755402","0.675055044601211","2.610319230332","0.452817284840657","0.25458381330164","1","0.939844353911055","0.343051717827145","0.742224977934934","15_15"
"10.1215349299495","2.43385560841739","0.478991214228744","3.28954141505357","0.121534929949465","0.25171958354512","1","0.850908162113126","0.323829404798121","0.631461715839444","15_15"
"10.5035970701568","2.06426022388197","0.703126845631581","2.5044320740815","0.503597070156787","0.241057091542771","1","0.933556706801464","0.268263532574585","0.767811707865172","15_15"
"10.339968832731","2.21206602663306","0.616337898981751","2.84299595730136","0.339968832731037","0.245103420864363","1","0.901545623786008","0.34290785469017","0.742441268121642","15_15"
"10.5738549352633","2.01552641242845","0.739404649746131","2.3722857431076","0.57385493526328","0.24080133433605","1","0.944675268605351","0.267220668727532","0.78293276228942","15_15"
"10.5939282606162","2.01059409865622","0.747954373274745","2.31941731397886","0.593928260616249","0.262210282292198","1","0.942943156065451","0.381339224271282","0.829349863254794","15_15"
"10.3278152256405","2.22234196844105","0.609937094721394","2.8689143516382","0.327815225640455","0.252098311959202","1","0.934167556857428","0.35307125891496","0.675702134153062","15_15"
"10.1788236248402","2.36407894635622","0.519958158328621","3.16931801995467","0.178823624840229","0.246964085310878","1","0.85069141686321","0.342881340101001","0.70941101831308","15_15"
"10.5738549352633","2.01552641242845","0.739404649746131","2.3722857431076","0.57385493526328","0.24080133433605","1","0.944675268605351","0.267220668727532","0.78293276228942","15_15"
"10.0680491671266","2.52954139156916","0.419652661069149","3.42206049808195","0.0680491671265958","0.271235562946878","1","0.871931972284455","0.343323772494978","0.470255048637333","15_15"
"10.5305209530627","2.06594480510595","0.713077897258959","2.46233233877233","0.530520953062717","0.254990594649898","1","0.935715031694815","0.366937374967211","0.797799979032555","15_15"
"10.2358453201372","2.32596105066746","0.544840344033333","3.04442976172573","0.23584532013716","0.260793471193866","1","0.879964653951523","0.420978178914178","0.718287363147833","15_15"
"10.116005462402","2.43499969787298","0.477171801096444","3.29826531652501","0.116005462401989","0.258184102350527","1","0.87727450470579","0.304884097476656","0.564589820657056","15_15"
"10.0920257164484","2.47431921490338","0.45215791467413","3.36431587281057","0.0920257164483498","0.272024494189488","1","0.887465911568171","0.309983770568974","0.494729431973041","15_15"
"10.2640971519527","2.26818092777292","0.581136248965226","2.9846673486522","0.264097151952748","0.237976990126948","1","0.850932404461168","0.315828261171894","0.781615224110426","15_15"
"10.5738549352633","2.01552641242845","0.739404649746131","2.3722857431076","0.57385493526328","0.24080133433605","1","0.944675268605351","0.267220668727532","0.78293276228942","15_15"
"10.1410567632824","2.40736722649807","0.494193012959404","3.24615101791199","0.141056763282391","0.268725404230939","1","0.937979693926841","0.340146366893499","0.487823514685397","15_15"
"10.5479980595078","2.03002156487646","0.728464973458215","2.41938224250264","0.547998059507799","0.23797529515136","1","0.93853205344014","0.257385274924881","0.779107022928067","15_15"
"10.1402855378824","2.3981463170132","0.496377537611472","3.24277833938479","0.140285537882388","0.248595096109544","1","0.850057447657054","0.308581844605099","0.660989533796029","15_15"
"10.0913506697658","2.47864318186459","0.448709189816535","3.36776831372311","0.0913506697658094","0.265092475205367","1","0.865556177110579","0.337003995910702","0.544525710537429","15_15"
"10.2213343475128","2.33492580416114","0.537721133098318","3.07618042723595","0.221334347512828","0.261215623567444","1","0.924836325652325","0.399818905195381","0.615294464929739","15_15"
"10.0833100515126","2.51137947368912","0.434685541140475","3.38290392068288","0.0833100515125628","0.271226752707758","1","0.874731777448148","0.379757001216235","0.511992958607152","15_15"
"10.1293588250283","2.41631929409404","0.488264701313706","3.26366099435872","0.1293588250283","0.263916318710077","1","0.9335604085386","0.315114911247809","0.473761857808306","15_15"
"10.4116068307002","2.17342916121758","0.642798212991777","2.70694802689955","0.411606830700186","0.257378916647177","1","0.930818860874321","0.421004693503347","0.751317612956394","15_15"
"10.4988804864129","2.06879475968642","0.698868540537402","2.51668295072888","0.498880486412909","0.239230795288243","1","0.927022335502857","0.264807163228245","0.774296778203481","15_15"
"10.3151923919962","2.24556658775161","0.589682893193575","2.9045430583591","0.315192391996246","0.258480947647178","1","0.935566371825176","0.412354712726384","0.674661137961285","15_15"
"10.4799841516403","2.08748661996959","0.687724602668193","2.5527288982193","0.47998415164032","0.242008213144352","1","0.927915395556989","0.282563456773011","0.76578028976875","15_15"
"10.7517371927178","1.80122830116461","0.882069100126134","1.82343402623346","0.751737192717771","0.268115369901772","0.9988","0.944808672408118","0.3146694155106","0.924354929317656","15_15"
"10.0057185990703","2.79881692868423","0.257558788115535","3.64378883298254","0.00571859907031558","0.546416659593334","1","0.289980886038393","0.282563456773011","0.76578028976875","15_15"
"10.0859931749537","2.48802571358472","0.445009093908198","3.38130554833414","0.0859931749536552","0.270458603874637","1","0.885991300367169","0.317570271849352","0.484018705235755","15_15"
"10.7517371927178","1.80122830116461","0.882069100126134","1.82343402623346","0.751737192717771","0.268115369901772","0.9988","0.944808672408118","0.3146694155106","0.924354929317656","15_15"
"10.431137963835","2.12685391743554","0.665917326826591","2.65257232512129","0.431137963835017","0.237619600896912","1","0.905437928572503","0.29822150200363","0.782860156145411","15_15"
"10.032133894405","2.61221812834071","0.364931642518341","3.51916898649701","0.0321338944049566","0.300612394027403","1","0.907623351425748","0.267391887517149","0.166742393514141","15_15"
"10.4084417920143","2.15475248504056","0.652079901202497","2.70194470105488","0.40844179201427","0.248868644557969","1","0.915950752597483","0.336669217306709","0.75808966365753","15_15"
"10.7517371927178","1.80122830116461","0.882069100126134","1.82343402623346","0.751737192717771","0.268115369901772","0.9988","0.944808672408118","0.3146694155106","0.924354929317656","15_15"
"10.129819064373","2.41700223235932","0.487126432355606","3.26448090720718","0.129819064373004","0.26932738594523","1","0.926077146462521","0.33778533200118","0.494282892943827","15_15"
"10.6801463782529","1.92724798529202","0.801173013592601","2.10934425054252","0.680146378252906","0.247948306363043","1","0.936976157232879","0.315399404690355","0.869409915155247","15_15"
"10.2292727615816","2.29138225961736","0.56248387260357","3.06523970170852","0.229272761581585","0.241773073758117","1","0.858838526261094","0.280878398292394","0.734304810093113","15_15"
"10.4947064716986","2.07477821851584","0.698809169775183","2.5237086608265","0.49470647169859","0.240855587503743","1","0.927579523876246","0.273875939704052","0.773735564601019","15_15"
"10.3837145318189","2.16451977001862","0.643701023995388","2.75014636848745","0.383714531818923","0.237741643718446","1","0.890169744494016","0.284827427895796","0.781687830254435","15_15"
"10.5101274439241","2.05923650052183","0.706731512353608","2.49117725327667","0.510127443924062","0.240864561324521","1","0.934048237146267","0.267549781987067","0.769927605011247","15_15"
"10.4811667691856","2.08222886760205","0.691517279498841","2.54905544092236","0.481166769185646","0.238091438908195","1","0.9273582071836","0.273494680297204","0.766341503371212","15_15"
"10.3747022843712","2.18389136640864","0.636264168443957","2.77162287701695","0.374702284371213","0.235674310115858","1","0.858764919636407","0.315098271992139","0.836560238272834","15_15"
"10.2903266531738","2.24899123913335","0.594341845319819","2.92707834292326","0.290326653173814","0.252259748027667","1","0.924517828747774","0.309812551779357","0.661122205891337","15_15"
"10.1061912678291","2.45409001016628","0.465879831510442","3.321922220749","0.106191267829067","0.265854838575519","1","0.904413151039417","0.323477823436253","0.492962363634041","15_15"
"10.541687324333","2.03458063656616","0.724710185107647","2.43632113338769","0.541687324333031","0.238609493512804","1","0.938040523095337","0.258099025512399","0.776991125781991","15_15"
"10.4918231925997","2.07908200585865","0.695859244162895","2.52987204797941","0.491823192599729","0.240971291122157","1","0.922313763308509","0.281815087475956","0.782440137002807","15_15"
"10.139398628134","2.40711864565557","0.494202063794388","3.24727687312003","0.139398628133955","0.26333540812139","1","0.91312528528201","0.33454863530916","0.534268863109981","15_15"
"10.3747063190125","2.16480066532852","0.642742289694758","2.76341702955673","0.374706319012537","0.244030040563999","1","0.929750974836099","0.285088721237586","0.705791746630982","15_15"
"10.5035970701568","2.06426022388197","0.703126845631581","2.5044320740815","0.503597070156787","0.241057091542771","1","0.933556706801464","0.268263532574585","0.767811707865172","15_15"
"10.3261068101534","2.21219863366005","0.616007809160246","2.85348835357475","0.326106810153414","0.249181136625589","1","0.944614510606567","0.293749214353805","0.647376919767483","15_15"
"10.2353005234401","2.29053361875623","0.565374576815114","3.05448011415371","0.23530052344013","0.242806445120146","1","0.874339776949663","0.295482044235657","0.711658702816941","15_15"
"10.0994137623219","2.47498113495089","0.455447003450792","3.34227409679909","0.0994137623218591","0.262760122029168","1","0.877458724574898","0.339365030803021","0.538066332278999","15_15"
"10.5939282606162","2.01059409865622","0.747954373274745","2.31941731397886","0.593928260616249","0.262210282292198","1","0.942943156065451","0.381339224271282","0.829349863254794","15_15"
"10.5939282606162","2.01059409865622","0.747954373274745","2.31941731397886","0.593928260616249","0.262210282292198","1","0.942943156065451","0.381339224271282","0.829349863254794","15_15"
"10.408680483964","2.15236888242322","0.652221328221206","2.6983790147102","0.408680483963994","0.24677337226155","1","0.92390712908285","0.328313435941747","0.742933893408254","15_15"
"10.4677784546042","2.0941207736923","0.685172806897011","2.57496980290748","0.467778454604203","0.239240043705231","1","0.924126924628664","0.263623912308342","0.763458627392178","15_15"
"10.1222616006178","2.4298411841241","0.482201582852888","3.278279323977","0.122261600617809","0.265139954325675","1","0.921032454455596","0.32665231402622","0.489590583024397","15_15"
"10.5818112445154","2.00235177908884","0.748947984133713","2.34325479980243","0.581811244515444","0.227132851403173","1","0.936686471499491","0.10212059924379","0.777846419418211","15_15"
"10.5033179189728","2.07453104150616","0.702943877295696","2.5204402845763","0.503317918972782","0.239144949964249","1","0.906759074818091","0.293569879336087","0.816217929592597","15_15"
"10.4141815695732","2.1413287935976","0.657690872361101","2.69511586826135","0.414181569573188","0.235390179333353","1","0.890046367913653","0.279627418168451","0.797333434462228","15_15"
"10.3656802845765","2.18434148950527","0.634700677356442","2.7880410919814","0.365680284576514","0.239271699005497","1","0.882295337821284","0.304542160135568","0.787737197533074","15_15"
"10.6881230351076","1.92424071712427","0.80293113105871","2.11629888972305","0.68812303510759","0.251286112386704","1","0.937752917650346","0.277101180791552","0.856362042899425","15_15"
"10.5361465063785","2.04784421181665","0.717290180002548","2.45398276417921","0.536146506378498","0.242218106004821","1","0.936818601915077","0.289758956686777","0.780781860958719","15_15"
"10.7488540775649","1.82014507259193","0.870898835731992","1.85418890707343","0.748854077564865","0.259804184098166","0.9988","0.942038307639308","0.29246024081089","0.913500673370183","15_15"
"10.5101274439241","2.05923650052183","0.706731512353608","2.49117725327667","0.510127443924062","0.240864561324521","1","0.934048237146267","0.267549781987067","0.769927605011247","15_15"
"10.5101274439241","2.05923650052183","0.706731512353608","2.49117725327667","0.510127443924062","0.240864561324521","1","0.934048237146267","0.267549781987067","0.769927605011247","15_15"
"10.5939282606162","2.01059409865622","0.747954373274745","2.31941731397886","0.593928260616249","0.262210282292198","1","0.942943156065451","0.381339224271282","0.829349863254794","15_15"
"10.4727614879182","2.09193015452591","0.687484297351097","2.56734931298636","0.472761487918218","0.240459005014157","1","0.93149500401509","0.275932044833357","0.754723375125799","15_15"
"10.6247300368942","1.9737412229292","0.771735743817107","2.23830314596694","0.624730036894245","0.251560289912482","1","0.934635278634017","0.3114441744231","0.84172845101925","15_15"
"10.405182904167","2.1388218305391","0.658434531795305","2.69569417102545","0.405182904167008","0.244532569612988","1","0.931812677622474","0.277420208978814","0.718880079370355","15_15"
"10.5101274439241","2.05923650052183","0.706731512353608","2.49117725327667","0.510127443924062","0.240864561324521","1","0.934048237146267","0.267549781987067","0.769927605011247","15_15"
"10.4947064716986","2.07477821851584","0.698809169775183","2.5237086608265","0.49470647169859","0.240855587503743","1","0.927579523876246","0.273875939704052","0.773735564601019","15_15"
"10.5939282606162","2.01059409865622","0.747954373274745","2.31941731397886","0.593928260616249","0.262210282292198","1","0.942943156065451","0.381339224271282","0.829349863254794","15_15"
"10.5085970754388","2.06943584771879","0.707316383811499","2.50380614857156","0.508597075438838","0.23620830474678","1","0.904049105691369","0.284432051560623","0.822558605340779","15_15"
"10.3426960334104","2.20709407581065","0.618832339382263","2.83665267975922","0.342696033410407","0.246644650079044","1","0.916933794790795","0.334521255485419","0.715337962470217","15_15"
"10.7517371927178","1.80122830116461","0.882069100126134","1.82343402623346","0.751737192717771","0.268115369901772","0.9988","0.944808672408118","0.3146694155106","0.924354929317656","15_15"
"10.5939282606162","2.01059409865622","0.747954373274745","2.31941731397886","0.593928260616249","0.262210282292198","1","0.942943156065451","0.381339224271282","0.829349863254794","15_15"
"10.424677544156","2.13262947660156","0.663115648719491","2.66570360540109","0.424677544156027","0.239908165246192","1","0.907240990321532","0.302750530517704","0.77703947420713","15_15"
"10.1190674646287","2.43129248229408","0.479626873448145","3.28900502894059","0.119067464628705","0.266646748266175","1","0.923534786554462","0.311960513600647","0.47614038689062","15_15"
"10.5939282606162","2.01059409865622","0.747954373274745","2.31941731397886","0.593928260616249","0.262210282292198","1","0.942943156065451","0.381339224271282","0.829349863254794","15_15"
"10.4811667691856","2.08222886760205","0.691517279498841","2.54905544092236","0.481166769185646","0.238091438908195","1","0.9273582071836","0.273494680297204","0.766341503371212","15_15"
"10.4141938423786","2.14572174685245","0.65564603462469","2.68789133201727","0.414193842378635","0.246621353153746","1","0.922104067333822","0.323784407427673","0.748754575346535","15_15"
"10.7517371927178","1.80122830116461","0.882069100126134","1.82343402623346","0.751737192717771","0.268115369901772","0.9988","0.944808672408118","0.3146694155106","0.924354929317656","15_15"
"10.6801463782529","1.92724798529202","0.801173013592601","2.10934425054252","0.680146378252906","0.247948306363043","1","0.936976157232879","0.315399404690355","0.869409915155247","15_15"
"10.4636811791542","2.09935003766943","0.678687318293774","2.5897042767878","0.46368117915418","0.238554902349707","1","0.914491631401316","0.280162890270572","0.780646563521061","15_15"
"10.046216020835","2.5606666179992","0.39875277277224","3.47375873518412","0.0462160208350245","0.253329610968308","1","0.66265130485408","0.2682917983317","0.861491100748284","15_15"
"10.4642038113375","2.10066618997369","0.680909281555949","2.58545448989245","0.464203811337506","0.241357900824779","1","0.918525821047433","0.291934551437109","0.775949157225369","15_15"
"10.5101274439241","2.05923650052183","0.706731512353608","2.49117725327667","0.510127443924062","0.240864561324521","1","0.934048237146267","0.267549781987067","0.769927605011247","15_15"
"10.0162887425027","2.69058442953955","0.312341665443957","3.58771983882112","0.0162887425026526","0.3015092856242","1","0.577510603936389","0.353260981068682","0.872874093464606","15_15"
"10.6902037807529","1.91753910259259","0.808177007132888","2.09090294696344","0.690203780752884","0.251225284140974","1","0.919814621256004","0.298386686433703","0.896372553892434","15_15"
"10.6432690408259","1.95899480917923","0.782088335080627","2.19741822282419","0.643269040825918","0.251168006179448","1","0.934643913652165","0.307920111166155","0.850691549280693","15_15"
"10.7306452848652","1.8515081154203","0.850898829114873","1.9139400915263","0.730645284865155","0.254860018841089","0.999","0.937394596036923","0.303344344406503","0.907891265242165","15_15"
"10.5696717022567","2.01224009228039","0.743004242337548","2.37176233150712","0.569671702256664","0.230411076603894","1","0.938909080386285","0.129306000424549","0.77118703920129","15_15"
"10.0056774625572","2.79038946410925","0.254290567475516","3.63992260689811","0.00567746255717835","0.461284513750906","1","0.357248281361535","0.314826905815317","0.886056498537705","15_15"
"10.5186116304931","2.06269039171454","0.707159018251054","2.49233896159903","0.518611630493146","0.237624257404675","1","0.917180209922417","0.292589284446724","0.805623245890507","15_15"
"10.4589419651183","2.10068542666493","0.680687400655527","2.59025934360688","0.458941965118337","0.238503905938056","1","0.923897296969013","0.273795117352292","0.76143466378909","15_15"
"10.6737532332894","1.93625557967311","0.793473111426985","2.14182991969096","0.673753233289358","0.250588066821028","1","0.934968281140623","0.312996035690832","0.863976272605482","15_15"
"10.452364855754","2.1087011983448","0.677362546771923","2.60838067130558","0.452364855753956","0.241025882035109","1","0.921745389407044","0.301140212567453","0.766750897926214","15_15"
"10.5101274439241","2.05923650052183","0.706731512353608","2.49117725327667","0.510127443924062","0.240864561324521","1","0.934048237146267","0.267549781987067","0.769927605011247","15_15"
"10.2381351902421","2.28901554900992","0.566417921778556","3.03708861782965","0.238135190242113","0.254701074808238","1","0.922245986345891","0.305508378604053","0.624025808825185","15_15"
"10.7488540775649","1.82014507259193","0.870898835731992","1.85418890707343","0.748854077564865","0.259804184098166","0.9988","0.942038307639308","0.29246024081089","0.913500673370183","15_15"
"10.4121868448295","2.14562473243823","0.655577245907446","2.68950477467485","0.412186844829483","0.244935894002697","1","0.924881532970467","0.321444679360936","0.74247738555926","15_15"
"10.5734111966337","2.01890078266699","0.736871136348048","2.37838754317929","0.573411196633677","0.240824270888448","1","0.917158388771919","0.274856534593415","0.829913498600945","15_15"
"10.3597728404856","2.19412996593601","0.627080206826224","2.8037396590977","0.359772840485585","0.245033200308547","1","0.920394705005382","0.334220818430332","0.720244802052339","15_15"
"10.64116533058","1.96201119655495","0.778734071259199","2.2027100952417","0.641165330579972","0.252654317294969","1","0.936643154726273","0.313847543422624","0.847162093569015","15_15"
"10.6658709423379","1.94217696349815","0.790266615668897","2.1547176564214","0.665870942337891","0.24993155506846","1","0.937744282632198","0.280625244048497","0.847398944637982","15_15"
"10.7517371927178","1.80122830116461","0.882069100126134","1.82343402623346","0.751737192717771","0.268115369901772","0.9988","0.944808672408118","0.3146694155106","0.924354929317656","15_15"
"10.6145119092663","1.98925003765297","0.760129634869971","2.27410950193901","0.614511909266342","0.246904014753788","1","0.929471323931235","0.285741314863071","0.833137877258179","15_15"
"10.6881230351076","1.92424071712427","0.80293113105871","2.11629888972305","0.68812303510759","0.251286112386704","1","0.937752917650346","0.277101180791552","0.856362042899425","15_15"
"10.5818112445154","2.00235177908884","0.748947984133713","2.34325479980243","0.581811244515444","0.227132851403173","1","0.936686471499491","0.10212059924379","0.777846419418211","15_15"
"10.696988926864","1.91102968385626","0.811670877757474","2.075194272918","0.696988926863988","0.251059553594752","1","0.916616089399442","0.291150977508442","0.902921401452784","15_15"
"10.7005692100184","1.88891154426067","0.829267001089103","1.99634186783179","0.700569210018392","0.255267740862535","1","0.936860934228445","0.327745991635084","0.897215506228613","15_15"
"10.728665988791","1.85586844930432","0.853477841007191","1.92163513134873","0.72866598879102","0.259732870423231","0.9994","0.94003886263882","0.315241914385638","0.907708345935198","15_15"
"10.5386756413474","2.05415377528392","0.718935264847082","2.44483189919289","0.53867564134741","0.254221054276065","1","0.937711593736469","0.345540520464198","0.794037511087179","15_15"
"10.6852795449687","1.90814355632908","0.818064440369004","2.03708562255723","0.685279544968724","0.258099476356337","1","0.944418402469803","0.3427476587132","0.880830699107844","15_15"
"10.3807040429098","2.16285308376212","0.643982122227703","2.75617711444818","0.380704042909834","0.237462132106799","1","0.89204495242933","0.279333992401473","0.775709674732658","15_15"
"10.56844693248","2.02619793841841","0.734443082274973","2.37886393592923","0.568446932479975","0.249940267959304","1","0.932811086205228","0.309674643511135","0.809047916768634","15_15"
