"fitness","RSB_short","RC_short","RSB_long","RC_long","AAV","Blim_risk","Btarget","Blimit","delta1","delta2","delta3","scenario"
"10.1513449733444","1.34346539260126","0.18033988017739","3.00280613339609","0.151344973344361","0.261120343723709","1","0.8","0.7","0.5","0.4","0.4","one_way"
"10.1513449733444","1.34346539260126","0.18033988017739","3.00280613339609","0.151344973344361","0.261120343723709","1","0.8","0.7","0.5","0.4","0.4","one_way"
"0.0142731276173552","0.0296319390904311","0.673216061131587","0.00148781372612404","0.0142731276173552","0.301078816788856","0.0372","0.2655086631421","0.380035179434344","0.79423986072652","0.0706790471449494","0.34668348915875","one_way"
"0.0142524977920889","0.027880435595282","0.671134987242085","0.0014787987496141","0.0142524977920889","0.304459411394804","0.0414","0.37212389963679","0.777445221319795","0.107943625887856","0.0994661601725966","0.333774930797517","one_way"
"10.4510356841458","1.09920280347846","0.303771700523697","2.50468323212192","0.451035684145824","0.230633524914834","1","0.572853363351896","0.934705231105909","0.723710946040228","0.31627170718275","0.476351245073602","one_way"
"10.2251063987536","0.945971085468784","0.373869775422596","2.64033646609055","0.225106398753588","0.157217872611741","0.998","0.908207789994776","0.212142521282658","0.411274429643527","0.518634263193235","0.892198335845023","one_way"
"0.016517224364262","0.0349106920966774","0.678343471101167","0.00173485287870739","0.016517224364262","0.298640678679982","0.0356","0.201681931037456","0.651673766085878","0.820946294115856","0.662005076417699","0.864339470630512","one_way"
"10.1965973763165","0.860476779479312","0.412637401835781","2.63831488581278","0.196597376316452","0.134973361322769","0.994","0.898389684967697","0.125555095961317","0.647060193819925","0.406830187188461","0.389989543473348","one_way"
"10.0830586251091","1.39954720468606","0.150676533632319","3.15618452793706","0.0830586251090931","0.294159788772045","1","0.944675268605351","0.267220668727532","0.78293276228942","0.912875924259424","0.777320698834956","one_way"
"10.3836357518769","0.789300753256092","0.442153493157182","2.28072558230598","0.383635751876917","0.14685474673837","0.9894","0.660797792486846","0.386114092543721","0.553036311641335","0.293603372760117","0.960617997217923","one_way"
"0.201930201117531","0.133177649340845","0.630790844267847","0.626713137594398","0.201930201117531","0.123509218060141","0.4942","0.62911404389888","0.0133903331588954","0.529719580197707","0.459065726259723","0.434659484773874","one_way"
"0.0104058317360684","0.0210045206405318","0.635800109190862","0.00107635618738591","0.0104058317360684","0.327767435110447","0","0.0617862704675645","0.382387957070023","0.789356231689453","0.332394674187526","0.712514678714797","one_way"
"0.0155514128137036","0.0316449560599565","0.66886558672839","0.00161628362704857","0.0155514128137036","0.303333231692764","0.0608","0.205974574899301","0.86969084572047","0.023331202333793","0.65087046707049","0.399994368897751","one_way"
"0.0116843925458122","0.0230222937201217","0.652541372277756","0.00122124969244596","0.0116843925458122","0.317133832922284","0.0018","0.176556752528995","0.34034899668768","0.477230065036565","0.258016780717298","0.325352151878178","one_way"
"10.3059645537271","1.16109246202199","0.272680852718594","2.69616238456525","0.30596455372705","0.230143856783626","1","0.687022846657783","0.482080115471035","0.7323137386702","0.478545248275623","0.757087148027495","one_way"
"5.78089757408006","0.647241440717144","0.502359135719006","1.52273185511527","0.780897574080064","0.192257554268357","0.9268","0.384103718213737","0.599565825425088","0.692731556482613","0.766310670645908","0.202692255144939","one_way"
"10.3020629610313","0.659080775330273","0.489016955263","2.24482061680238","0.302062961031323","0.113648492608963","0.9698","0.769841419998556","0.493541307048872","0.477619622135535","0.0842469143681228","0.711121222469956","one_way"
"5.61877514957703","0.512373529500657","0.553299029045969","1.58115836909004","0.618775149577028","0.162787126164534","0.8748","0.497699242085218","0.186217601411045","0.8612094768323","0.875321330036968","0.121691921027377","one_way"
"10.2206192097955","1.23682461369874","0.234561161621056","2.85272426246639","0.220619209795465","0.230153689300709","1","0.717618508264422","0.827373318606988","0.438097107224166","0.339072937844321","0.245488513959572","one_way"
"10.0367944503059","1.60939198629721","0.0514682649739608","3.3072748847589","0.0367944503058733","0.395760738780165","1","0.991906094830483","0.668466738192365","0.244797277031466","0.839440350187942","0.14330437942408","one_way"
"0.0112099459904319","0.0222716537999637","0.644702965624722","0.00116671149274846","0.0112099459904319","0.32238685112972","0.0024","0.1","0.1","0.1","0.1","0.1","one_way"
"0.0115670615145343","0.0229490242642981","0.648691214155437","0.00121398548421002","0.0115670615145343","0.31974933409778","0.0024","0.2","0.2","0.2","0.2","0.2","one_way"
"0.0126747497802652","0.0259756011537003","0.663194566766433","0.0013411507918215","0.0126747497802652","0.310365651573489","0.0202","0.3","0.3","0.3","0.3","0.3","one_way"
"0.069186365453234","0.115176380835849","0.656787092558651","0.00726585607817855","0.069186365453234","0.23468137297345","0.3684","0.4","0.4","0.4","0.4","0.4","one_way"
"10.5266642449659","0.683173520507066","0.48330850139713","1.9157590281113","0.526664244965862","0.158229369199046","0.9626","0.5","0.5","0.5","0.5","0.5","one_way"
"10.3786858756201","1.12559938066649","0.287818485268428","2.59016817164705","0.378685875620064","0.233181287535732","1","0.6","0.6","0.6","0.6","0.6","one_way"
"10.1815409726079","1.41382339517306","0.141702302451792","2.99763279742669","0.181540972607863","0.324054177619361","1","0.7","0.7","0.7","0.7","0.7","one_way"
"10.0639527980224","1.59581107926533","0.060613248049192","3.2476061834514","0.0639527980223785","0.409013438945623","1","0.8","0.8","0.8","0.8","0.8","one_way"
"10.0159923514619","1.69297006685549","0.0220280759171378","3.37027357755745","0.0159923514619117","0.482479073821876","1","0.9","0.9","0.9","0.9","0.9","one_way"
"10.002855087683","1.74221916582777","0.00729504551406498","3.41890462055291","0.00285508768300191","0.525248503746029","1","1","1","1","1","1","one_way"
"10.5148170642107","0.685580725233629","0.482814796935422","1.93660346186521","0.514817064210722","0.156173663052217","0.9628","0.507209324993088","0.498000082317713","0.483391081653263","0.485258756332521","0.619299559564291","one_way"
"10.2745833654924","0.820636882347858","0.42643312303723","2.47580682038747","0.274583365492376","0.127875300685499","0.9936","0.798834592471132","0.552732691636035","0.497744750783006","0.0999382833836473","0.437900091259313","one_way"
"10.2802663209789","1.05467173639108","0.320658973932047","2.66291106414738","0.28026632097887","0.183244722808452","1","0.729945769286408","0.544009321758249","0.516889191201537","0.297622736564618","0.755487517859199","one_way"
"10.5266642449659","0.683173520507066","0.48330850139713","1.9157590281113","0.526664244965862","0.158229369199046","0.9626","0.5","0.5","0.5","0.5","0.5","one_way"
"10.3786858756201","1.12559938066649","0.287818485268428","2.59016817164705","0.378685875620064","0.233181287535732","1","0.6","0.6","0.6","0.6","0.6","one_way"
"10.0845878653563","1.46852451556009","0.116885236905213","3.15228283732329","0.0845878653562971","0.313004000002747","1","0.952014658049098","0.57578595697326","0.252775427989171","0.595614576696241","0.461627499389575","one_way"
"10.3506262023601","1.238445024479","0.237794401232218","2.69847256172502","0.350626202360141","0.271751027675887","1","0.624638453144814","0.567238726091541","0.769970262308099","0.703368535225916","0.455267386036299","one_way"
"10.1012083295195","1.26043030059097","0.227496114289575","3.06102632673675","0.101208329519504","0.210408015534972","1","0.989882111845847","0.242799090396755","0.693512060828428","0.469283555349517","0.7020608773324","one_way"
"10.5266642449659","0.683173520507066","0.48330850139713","1.9157590281113","0.526664244965862","0.158229369199046","0.9626","0.5","0.5","0.5","0.5","0.5","one_way"
"10.3043713297469","0.70807385317153","0.467273209032233","2.30257322914609","0.304371329746857","0.119866811735976","0.9794","0.762632095005469","0.495541224731159","0.494228540482272","0.0989881580356021","0.591821662905664","one_way"
"10.1028277601333","1.33606739253154","0.186083354183254","3.08480031660245","0.102827760133303","0.264154848898097","1","0.935223922923059","0.248274471046017","0.738681522723315","0.834407475595137","0.726982313177493","one_way"
"10.1839930524094","1.38433098317642","0.157665303496262","2.97827268004487","0.183993052409374","0.304460683949209","1","0.726914283439168","0.57476089669014","0.724335587712496","0.722371021767324","0.438764028062","one_way"
"10.3760754737254","0.67644973672664","0.481560974962758","2.17261796239857","0.37607547372539","0.127870332025999","0.9712","0.671850902151447","0.502663016858683","0.542751397484174","0.131608960951775","0.666421964410662","one_way"
"10.1815409726079","1.41382339517306","0.141702302451792","2.99763279742669","0.181540972607863","0.324054177619361","1","0.7","0.7","0.7","0.7","0.7","one_way"
"10.3003497600218","1.22467595667365","0.237052901782685","2.75125419045027","0.300349760021809","0.259567529966027","1","0.63293021383389","0.600369840544312","0.579526369021334","0.723039917957322","0.0222068231087178","one_way"
"10.1586105493577","1.33255671948415","0.18627140300001","2.99816986793594","0.15861054935774","0.260247389166617","1","0.799962024560557","0.60864700108246","0.656581555178651","0.391622755899758","0.762304535633573","one_way"
"10.2422981266854","1.25076652496956","0.228219550818766","2.82867101807726","0.242298126685414","0.248335265990293","1","0.697990517847109","0.590878290190189","0.534868224651361","0.552637953416348","0.644699258059293","one_way"
"10.095571581776","1.52716402245098","0.0907335626098366","3.16383127453526","0.0955715817760418","0.368356182337221","1","0.774597565642859","0.772981662009661","0.756863663452216","0.661447739657087","0.796879545038374","one_way"
"10.5426302066419","0.916976830158714","0.387541994406814","2.22342363848642","0.542630206641896","0.209281117322436","0.9972","0.573060788940404","0.318978875319504","0.791239214524201","0.871952794811052","0.366424534991078","one_way"
"10.0504562437748","1.56727783980536","0.0704472708197539","3.26695711265113","0.0504562437747767","0.367590809923322","1","0.958975880996593","0.668096897648052","0.265270908010132","0.71640043223062","0.470545268199711","one_way"
"10.1815409726079","1.41382339517306","0.141702302451792","2.99763279742669","0.181540972607863","0.324054177619361","1","0.7","0.7","0.7","0.7","0.7","one_way"
"10.2513145242967","1.15136568647189","0.274925967456584","2.75941612912151","0.251314524296712","0.209858393121062","1","0.730852023200438","0.542104770785472","0.536147120439799","0.395980636195499","0.605130479358725","one_way"
"10.1504080530789","1.39091813750222","0.155625734424046","3.02782255950243","0.150408053078867","0.289775664739367","1","0.769879395438","0.684894305966413","0.621038066956884","0.492624158468364","0.748816686836383","one_way"
"10.1920482110216","1.26068425237752","0.223109261814917","2.89750866539159","0.192048211021621","0.234879497828151","1","0.771006827527424","0.640808615412837","0.479874871352529","0.384308630984476","0.673221131210643","one_way"
"10.1950767228583","1.33239352210324","0.186622922878681","2.93525050223193","0.195076722858325","0.274249727145291","1","0.715965727311654","0.683037753153843","0.510917765408685","0.555506604121652","0.710989630013488","one_way"
"10.2650059697024","1.0699834355221","0.316661132273727","2.69553037257685","0.26500596970239","0.18121105666597","1","0.753875692686903","0.510503553895029","0.66670185672685","0.228740310246471","0.700131592456467","one_way"
"10.1770905707219","0.994697218285316","0.359959602096673","2.77119692676421","0.177090570721868","0.15297808726591","1","0.90784103064999","0.144501293642832","0.69131143338603","0.485298635852748","0.440327929130811","one_way"
"10.0139260502278","1.69624974778061","0.0203060585289584","3.37691493019994","0.0139260502277631","0.488162072070314","1","0.90850757312185","0.882756005564562","0.953548132991497","0.937546631838944","0.687928666140948","one_way"
"10.4510356841458","1.09920280347846","0.303771700523697","2.50468323212192","0.451035684145824","0.230633524914834","1","0.572853363351896","0.934705231105909","0.723710946040228","0.31627170718275","0.476351245073602","one_way"
"10.2401889320923","1.29891451217994","0.205301744559152","2.85849203884841","0.240188932092252","0.27378032984173","1","0.712425281014924","0.509098453461375","0.775450075217984","0.617097508618536","0.760207602989121","one_way"
"10.1897481523483","1.25557949325663","0.227068882306953","2.89940828051592","0.189748152348265","0.244246024723517","1","0.797128107078072","0.349515143206479","0.627863210832152","0.743001851242397","0.26524616188709","one_way"
"10.3786858756201","1.12559938066649","0.287818485268428","2.59016817164705","0.378685875620064","0.233181287535732","1","0.6","0.6","0.6","0.6","0.6","one_way"
"10.1911908381188","1.30436354773983","0.200746015323978","2.92263656939514","0.191190838118831","0.255518645721246","1","0.736285577930231","0.743514884263277","0.482404421030935","0.421228361481735","0.68312284067075","one_way"
"10.2100464438207","1.34909570825603","0.175433811126483","2.93109168191784","0.210046443820745","0.293447231824255","1","0.708493363918431","0.577335113434681","0.705458748129626","0.697503368493866","0.482751528982117","one_way"
"10.3387701194787","1.16300350293874","0.267503200745646","2.67125255982194","0.338770119478731","0.242629202155119","1","0.636862130930383","0.532133180571006","0.649517696109692","0.642634058081992","0.299662897115722","one_way"
"10.467023425258","1.01677031201591","0.33996964975213","2.42327457062479","0.467023425258005","0.209352198295169","1","0.580653964171095","0.737629722630611","0.724216514891792","0.319679225773901","0.45937894199428","one_way"
"10.5266642449659","0.683173520507066","0.48330850139713","1.9157590281113","0.526664244965862","0.158229369199046","0.9626","0.5","0.5","0.5","0.5","0.5","one_way"
"10.4821905191938","0.894875487740229","0.395490615105014","2.24592436400456","0.482190519193753","0.186075225497214","0.9978","0.552004348691919","0.500212476618422","0.556890092618808","0.564380825335204","0.600660230841024","one_way"
"10.1321083449367","1.45171252888551","0.126549727619972","3.06956789480805","0.132108344936683","0.325530154409681","1","0.749777583024449","0.686970313574107","0.548618067733966","0.713686863428776","0.654476179582798","one_way"
"10.2793857992669","1.05692586621368","0.319174542177855","2.66555636210637","0.279385799266876","0.184179850428161","1","0.730017896783734","0.543502509436491","0.519155478342455","0.302211473772214","0.634435296968741","one_way"
"10.4927597086872","1.0713556475349","0.314922365738867","2.40897097066646","0.492759708687164","0.237879796514124","0.9998","0.573029000187606","0.527884596447557","0.766444155213887","0.634466321202059","0.386907937847576","one_way"
"10.5124871558816","0.665680265624412","0.492093345667311","1.90406411601789","0.512487155881631","0.153589779726559","0.9564","0.5","0.5","0.460255289217457","0.5","0.5","one_way"
"10.1742983859583","1.3394335034566","0.181350308740337","2.96611132892162","0.174298385958318","0.271982909567002","1","0.750686976908847","0.658935560818072","0.508388215730279","0.518586873624392","0.701087920553381","one_way"
"10.2904372534396","1.05032855229387","0.325177899241135","2.64169331344701","0.290437253439585","0.18333613469345","1","0.719216424370849","0.509185363683308","0.503780879356171","0.343039759525676","0.713768701296241","one_way"
"10.150288586776","1.40499623322524","0.146486444840628","3.03071069203365","0.150288586776006","0.309724806232248","1","0.771026029678877","0.49912916838385","0.690344680912498","0.814445542310063","0.483942974399121","one_way"
"10.2519160954797","1.15027460205607","0.275806150432256","2.75769954958636","0.251916095479676","0.209314454391639","1","0.730779895703113","0.54261158310723","0.53388083329888","0.391391898987904","0.726182700249182","one_way"
"10.3305883800936","1.15969762150562","0.270197983048734","2.66523245120885","0.330588380093601","0.237106051941616","1","0.626523070549558","0.579208821495017","0.576897734147869","0.621257059552805","0.505785921472739","one_way"
"10.220939546968","1.22515019452745","0.243752171644851","2.84102178062446","0.220939546967953","0.228306093337858","1","0.751402723094905","0.52886498354021","0.544788707189135","0.468681226189763","0.105417748322844","one_way"
"10.0557379840492","1.56093809460384","0.0749885853627677","3.25392146805075","0.0557379840491922","0.366886717158101","1","0.909198297972144","0.681126584073945","0.416652840276166","0.702713568801844","0.516069088616913","one_way"
"10.2366144331157","1.31981151346406","0.194463709784612","2.87367077739751","0.236614433115686","0.283153686440808","1","0.696105900442365","0.578908194786713","0.727940752811591","0.634749429089459","0.594180722622853","one_way"
"10.4394173388449","1.16669537785864","0.267459240909591","2.54896685422137","0.439417338844884","0.261258096966138","1","0.572885152104695","0.725799509977855","0.748506005350542","0.553758180791743","0.455867842217104","one_way"
"10.5063591467154","0.728306795686058","0.466312465000641","2.00617175996423","0.506359146715377","0.15930962125325","0.972","0.517938669908647","0.532824040392654","0.496499393498629","0.439841733371463","0.661018376127249","one_way"
"10.3786858756201","1.12559938066649","0.287818485268428","2.59016817164705","0.378685875620064","0.233181287535732","1","0.6","0.6","0.6","0.6","0.6","one_way"
"10.5266642449659","0.683173520507066","0.48330850139713","1.9157590281113","0.526664244965862","0.158229369199046","0.9626","0.5","0.5","0.5","0.5","0.5","one_way"
"10.5426302066419","0.916976830158714","0.387541994406814","2.22342363848642","0.542630206641896","0.209281117322436","0.9972","0.573060788940404","0.318978875319504","0.791239214524201","0.871952794811052","0.366424534991078","one_way"
"10.1397822500323","1.47574878271899","0.11232295123115","3.08176919147169","0.139782250032271","0.351750452151942","1","0.719113682619969","0.771836405165437","0.723830018860932","0.718963503176173","0.455736331141321","one_way"
"10.4536072682081","0.962989097385398","0.363762314778709","2.34504220657855","0.45360726820815","0.194927784741745","1","0.555204976301169","0.59778760569929","0.526500989034455","0.520877930997317","0.618639328723267","one_way"
"10.3611163288182","0.987084839118855","0.355335973899011","2.49312911603742","0.361116328818177","0.182166186787361","1","0.644159585744454","0.567046081735262","0.528966202314471","0.353346849803162","0.508610737691538","one_way"
"10.2629207203084","1.29878775601354","0.205080369980637","2.83625357154762","0.262920720308403","0.280727100513854","1","0.667148717303765","0.582674709999533","0.673218150426149","0.723027181047605","0.214288530263173","one_way"
"10.222967475738","1.33373201083306","0.185700720411023","2.90242322168645","0.222967475738036","0.286662073181314","1","0.692695779969293","0.592456027234919","0.630643806307681","0.722383758677041","0.246682320907545","one_way"
"5.47251128761036","0.396801668424832","0.591091290647656","1.50712930780298","0.472511287610359","0.126648459073405","0.7998","0.5","0.5","0.460255289217457","0.239086773013696","0.5","one_way"
"10.3547897329168","1.05368989509713","0.327125082319604","2.55127595647526","0.354789732916816","0.21328515825807","1","0.666075561996907","0.333311194098285","0.665625098577424","0.769801364859904","0.700247030407997","one_way"
"10.5231388594714","0.804184701246821","0.434704483226154","2.09047732719566","0.52313885947142","0.174299543367204","0.989","0.504463628283702","0.560059004998766","0.50229464545846","0.548822580114938","0.553283881139941","one_way"
"10.5178733655492","0.672370164011023","0.489215187174615","1.91319769594131","0.517873365549153","0.154789909090663","0.9594","0.5","0.5","0.473877300944268","0.5","0.5","one_way"
"10.5266642449659","0.683173520507066","0.48330850139713","1.9157590281113","0.526664244965862","0.158229369199046","0.9626","0.5","0.5","0.5","0.5","0.5","one_way"
"10.3200079719367","1.12071984934757","0.290891062627657","2.66245979994652","0.320007971936679","0.218703586093187","1","0.663174009710787","0.51485086882306","0.592179436778603","0.514998067882513","0.693231161930368","one_way"
"10.387326522941","0.894044047575893","0.39497692020248","2.37525534290559","0.387326522941041","0.16373063491851","0.998","0.633037879744571","0.503442697301941","0.478875328947879","0.365111362646946","0.651931472243257","one_way"
"10.2072191439198","1.38592373319899","0.156989572220635","2.95150032297006","0.207219143919776","0.309938038063258","1","0.686346053052451","0.768848553663101","0.724097466055956","0.58203529902375","0.458148451186498","one_way"
"10.245201436096","1.20149635064301","0.250584138010869","2.8005348861241","0.245201436096026","0.23852185152939","1","0.732949914599212","0.388116538318795","0.620797053688822","0.718629245493275","0.55718494195165","one_way"
"10.3717998133832","1.10453151201314","0.301512676058943","2.60589657710798","0.371799813383201","0.220600546863175","1","0.630947235867597","0.657121983625923","0.685601313803829","0.376286773471277","0.428616759133261","one_way"
"10.5426302066419","0.916976830158714","0.387541994406814","2.22342363848642","0.542630206641896","0.209281117322436","0.9972","0.573060788940404","0.318978875319504","0.791239214524201","0.871952794811052","0.366424534991078","one_way"
"10.3983861544816","1.00126966278255","0.349566051451","2.47110944847385","0.398386154481556","0.1956116420806","1","0.626201651314346","0.494853044904527","0.629394995302948","0.445191189476824","0.379946205879322","one_way"
"10.5266642449659","0.683173520507066","0.48330850139713","1.9157590281113","0.526664244965862","0.158229369199046","0.9626","0.5","0.5","0.5","0.5","0.5","one_way"
"10.5266642449659","0.683173520507066","0.48330850139713","1.9157590281113","0.526664244965862","0.158229369199046","0.9626","0.5","0.5","0.5","0.5","0.5","one_way"
"10.230303585016","1.21201049204645","0.24696631940134","2.82887285051465","0.230303585016015","0.22417172746134","1","0.730908368513635","0.648224544480549","0.49855940963751","0.380803419338243","0.652559999597816","one_way"
"10.4666781898394","1.00173194083739","0.346106408401776","2.37901419772213","0.46667818983941","0.209981149445482","1","0.555550311854888","0.57620189109469","0.587187516224904","0.591590144090865","0.600556537455524","one_way"
"10.3232040368003","1.24204816726151","0.235299284718096","2.736144007307","0.323204036800279","0.263931224126678","1","0.631490942471513","0.649430530924404","0.708505921077604","0.583183281849879","0.42478982119123","one_way"
"10.5426302066419","0.916976830158714","0.387541994406814","2.22342363848642","0.542630206641896","0.209281117322436","0.9972","0.573060788940404","0.318978875319504","0.791239214524201","0.871952794811052","0.366424534991078","one_way"
"10.4079235986204","1.02760789522826","0.33614975384604","2.46369054769151","0.407923598620379","0.207846078998166","1","0.59645403683703","0.524010585523732","0.569702576393904","0.572790681244338","0.600103693385501","one_way"
"10.4378592977618","1.11135638132964","0.293741260898006","2.50394623447025","0.437859297761797","0.241898442584352","1","0.578256340563566","0.608502159624457","0.68951778038263","0.613208957023856","0.330740918141595","one_way"
"10.423239103004","1.11645995785565","0.290766475690441","2.5240850135958","0.423239103003984","0.240556654101303","1","0.586568859233882","0.612640919575694","0.688132897197655","0.586026510384616","0.330425079976741","one_way"
"10.4287945608078","0.890921369484449","0.396952019668124","2.30882211262356","0.428794560807829","0.172315034214796","0.9978","0.586178544626277","0.505742666381366","0.485160839625749","0.47792839687873","0.561837229052984","one_way"
"10.4444082980546","0.846287530914156","0.413947857783697","2.25022137806423","0.4444082980546","0.167793662645954","0.997","0.581772722462979","0.541243931850566","0.515041777571805","0.382821265765416","0.514854329216857","one_way"
"10.2849049313757","1.21880116544814","0.243211358887586","2.76466750811935","0.284904931375651","0.249553630281632","1","0.66417819247886","0.561398604887684","0.60706615714333","0.624372605749122","0.30806121993544","one_way"
"10.3566159457224","0.972534472267182","0.365123219380375","2.46626395924379","0.356615945722449","0.17644886912273","1","0.648245174320755","0.502258577585926","0.464368989988107","0.419390208006798","0.619580967751884","one_way"
"10.2862981228265","1.13342558814739","0.282412160393607","2.70817174591377","0.286298122826526","0.213453524697448","1","0.692904545590445","0.526467675431254","0.56111913868726","0.470675749725155","0.320200436481595","one_way"
"10.5216700900525","0.677651427777239","0.486286693850367","1.91247734220776","0.521670090052501","0.156349942560931","0.9604","0.5","0.5","0.486377988273189","0.5","0.5","one_way"
"10.4127245591667","1.03985724537402","0.330559219760987","2.46759088891589","0.412724559166679","0.210821804238012","1","0.595536371716298","0.539940995001234","0.59770535454154","0.551177419885062","0.546716118860058","one_way"
"10.2804892315058","1.35550226112352","0.169015950720873","2.84184311319655","0.280489231505756","0.323049917157209","1","0.613421593738614","0.740617574132948","0.723949067696768","0.830385908484459","0.456966821949103","one_way"
"10.2373686987961","1.18066147697556","0.262608911579688","2.79853503882217","0.237368698796077","0.212055234789512","1","0.735395106200329","0.63879284921922","0.503000489735881","0.342636415915705","0.664998138041676","one_way"
"10.2586728595142","1.35227153728379","0.173145221731307","2.87939427541597","0.258672859514206","0.310930906500679","1","0.639403626091865","0.742223738126679","0.713102679699659","0.703232145174781","0.457917693025303","one_way"
"10.2918574081","1.22982077578791","0.239481188452882","2.75773163901502","0.291857408099988","0.2561870443947","1","0.665870069282452","0.514243652818066","0.662708787655467","0.693954224850583","0.351310301268328","one_way"
"10.2177602333492","1.39982579256312","0.148620992515605","2.94406426915823","0.217760233349167","0.323999720500903","1","0.6603640206992","0.76724238966937","0.723966173344266","0.709189062333428","0.457197580110298","one_way"
"10.3743663728561","1.01949756577142","0.341455183321569","2.48930171755283","0.374366372856117","0.195784020275405","1","0.627444735250046","0.511727639139571","0.547077066669879","0.485620822447586","0.486887808136324","one_way"
"10.5426302066419","0.916976830158714","0.387541994406814","2.22342363848642","0.542630206641896","0.209281117322436","0.9972","0.573060788940404","0.318978875319504","0.791239214524201","0.871952794811052","0.366424534991078","one_way"
"10.4560739609228","0.860965610522139","0.410897787840681","2.24317662208727","0.456073960922779","0.170680810979324","0.9958","0.565459810340399","0.514740036291683","0.50042006029057","0.48505492727757","0.333312628345271","one_way"
"10.376021531904","1.11296342922654","0.298290156399707","2.60377680377979","0.376021531904033","0.223516702237932","1","0.630947235867597","0.657121983625923","0.707990671508014","0.376286773471277","0.428616759133261","one_way"
"10.3037355728715","1.16477306421495","0.266970535482773","2.70468424442396","0.303735572871525","0.234232817676688","1","0.650044913922343","0.560971839996744","0.549933578827406","0.60148263513837","0.489497508465214","one_way"
"10.5055560894315","0.892922948499528","0.399728577937726","2.22529371719331","0.505556089431486","0.199847242690508","0.9968","0.560689574100683","0.362631364768586","0.654109624390085","0.836537347683682","0.594086706629036","one_way"
"10.2545304533595","1.21062715562414","0.249761511797938","2.78523977567678","0.254530453359463","0.229024516681486","1","0.705102874277166","0.656562212634687","0.613596985591281","0.376514778325898","0.469913126568173","one_way"
"10.3414660109379","1.07058357879603","0.31768839128639","2.57619669069502","0.341466010937946","0.214562491925799","1","0.664383685193316","0.380466146167903","0.609982468065287","0.700219745758443","0.656997949075109","one_way"
"10.4933251961402","0.970713254304821","0.359299910763434","2.3116542504684","0.493325196140161","0.206269653758258","0.9996","0.54291404842499","0.565973695434437","0.598372157371779","0.598892248407684","0.444047533849172","one_way"
"10.5266642449659","0.683173520507066","0.48330850139713","1.9157590281113","0.526664244965862","0.158229369199046","0.9626","0.5","0.5","0.5","0.5","0.5","one_way"
"10.2916561698463","1.10264139060703","0.299153369262661","2.67737540994466","0.291656169846271","0.203055252206689","1","0.687204273413949","0.575267751844063","0.48904159308152","0.4084503445543","0.610378556581563","one_way"
"10.493670277399","0.976037651192629","0.35775576970396","2.31515448256539","0.493670277399002","0.206196998628024","0.9994","0.539805920422277","0.602587469188786","0.593440268469311","0.56313928873111","0.439977265432365","one_way"
"10.4524073113196","1.01120058146017","0.346819630312554","2.40125787138512","0.452407311319646","0.219361310741441","1","0.608249637063952","0.346682498653224","0.75043107155721","0.84074122254838","0.10102623119019","one_way"
"10.4508824373518","0.816464908632291","0.428036804620893","2.2030331888164","0.450882437351756","0.166075994813503","0.9922","0.578839926687181","0.423577734227596","0.503700850413151","0.543134863515236","0.422545109749993","one_way"
"10.4635949459078","1.1154454203746","0.289899628718059","2.53486806289389","0.463594945907834","0.24379516920258","1","0.626201651314346","0.494853044904527","0.985662204911932","0.445191189476824","0.379946205879322","one_way"
"10.5248773323504","0.878449994994051","0.40352753730419","2.17254200343693","0.524877332350399","0.188529689693076","0.9954","0.518596906840219","0.560485769889705","0.559427223774384","0.57171255072569","0.371847592610167","one_way"
"10.3705650286219","1.30129929640738","0.19948413269132","2.71358390734866","0.370565028621922","0.311535629980631","1","0.578232745615067","0.712913950799228","0.764757210663759","0.86159748074713","0.452200792382747","one_way"
"10.5426302066419","0.916976830158714","0.387541994406814","2.22342363848642","0.542630206641896","0.209281117322436","0.9972","0.573060788940404","0.318978875319504","0.791239214524201","0.871952794811052","0.366424534991078","one_way"
"10.387326522941","0.894044047575893","0.39497692020248","2.37525534290559","0.387326522941041","0.16373063491851","0.998","0.633037879744571","0.503442697301941","0.478875328947879","0.365111362646946","0.651931472243257","one_way"
"10.4897251256808","1.0486601032398","0.325179184982018","2.39340444573467","0.489725125680845","0.229756694692121","0.9998","0.567921526694609","0.532549401645608","0.72431710635902","0.627005591218235","0.372894365817566","one_way"
"10.5839239145198","0.936156679653186","0.377293446610639","2.18343949032914","0.583923914519781","0.219562962018119","0.9962","0.541119189932942","0.401143807473274","0.772699203736799","0.806746328174546","0.50571665429407","one_way"
"10.4378592977618","1.11135638132964","0.293741260898006","2.50394623447025","0.437859297761797","0.241898442584352","1","0.578256340563566","0.608502159624457","0.68951778038263","0.613208957023856","0.330740918141595","one_way"
"10.5178733655492","0.672370164011023","0.489215187174615","1.91319769594131","0.517873365549153","0.154789909090663","0.9594","0.5","0.5","0.473877300944268","0.5","0.5","one_way"
"10.272534526522","1.25471956517192","0.224696544588517","2.79456260656744","0.272534526521963","0.257548021860466","1","0.668997101161992","0.753263750809024","0.702930469717158","0.411341123658874","0.443639422341664","one_way"
"10.3584415106269","1.03891301560997","0.331131781650046","2.53579070259711","0.358441510626906","0.197500024369919","1","0.629882639725964","0.578699459017852","0.494678656181739","0.450281471662674","0.604018672069238","one_way"
"10.2943264293537","1.26653881055983","0.223733281628055","2.7829406287403","0.294326429353735","0.26847636284307","1","0.648296187758056","0.67270678648","0.706768310142627","0.546980948836153","0.443125787978095","one_way"
"10.3208454279476","1.1106344548325","0.293956504660042","2.65520503182153","0.320845427947648","0.210989729140439","1","0.656752730104067","0.648784315471785","0.570563737850058","0.380575414483622","0.611263632162903","one_way"
"10.5220639374483","1.13002399677037","0.288924456958106","2.4244917292956","0.5220639374483","0.258770622187851","0.998","0.539775915355464","0.696921005971409","0.756912018575928","0.638120733818654","0.375277778982268","one_way"
"0.00961309952908192","0.0202036782699166","0.630084608591612","0.00100760944142331","0.00961309952908192","0.331201406516709","0","0.0155072559136897","0.355401889904745","0.784259147881802","0.813793157992661","0.42425302787055","one_way"
"10.5426302066419","0.916976830158714","0.387541994406814","2.22342363848642","0.542630206641896","0.209281117322436","0.9972","0.573060788940404","0.318978875319504","0.791239214524201","0.871952794811052","0.366424534991078","one_way"
"10.5266642449659","0.683173520507066","0.48330850139713","1.9157590281113","0.526664244965862","0.158229369199046","0.9626","0.5","0.5","0.5","0.5","0.5","one_way"
"10.5426302066419","0.916976830158714","0.387541994406814","2.22342363848642","0.542630206641896","0.209281117322436","0.9972","0.573060788940404","0.318978875319504","0.791239214524201","0.871952794811052","0.366424534991078","one_way"
"10.5879096612942","0.878362371633289","0.403163346938106","2.11728219819311","0.587909661294218","0.202541796337093","0.9946","0.536687649838213","0.421635979136264","0.76087873506086","0.635853012100184","0.462268005491324","one_way"
"10.4561710039256","1.07540247986286","0.312756636916706","2.45003204834887","0.456171003925622","0.23110380853468","1","0.564039992658645","0.607332674969143","0.651748058684372","0.610216931451045","0.434764965354456","one_way"
"10.4375643242953","0.969818025551889","0.361672991948117","2.37670031664891","0.437564324295265","0.20141846122713","1","0.599041862406087","0.404233407578867","0.6136202807263","0.704208659580888","0.239864133361391","one_way"
"10.5245597709079","0.692547200990613","0.479905344023676","1.9380465893125","0.524559770907921","0.158624324149689","0.9652","0.504693139375746","0.50481152818463","0.500365016843093","0.490687524705893","0.383702732172377","one_way"
"10.4755022628126","0.880172404613156","0.404808620591007","2.23919186096319","0.475502262812606","0.190058312115501","0.997","0.585028151363066","0.347902919910416","0.652044915013763","0.725190319530285","0.24821119456405","one_way"
"10.4569511055311","0.986142474915134","0.35687289136237","2.39136632170128","0.456951105531094","0.202445499424425","1","0.592274052802982","0.513157099022023","0.68167514488331","0.469590398214739","0.351513462499927","one_way"
"10.4825667363726","1.02095037765","0.338850236220113","2.37369931227559","0.482566736372633","0.216169253859575","1","0.557130396329911","0.567143180089751","0.636141879070037","0.601884273980495","0.340023486636311","one_way"
"10.3759331622416","1.12579868132482","0.28786174373486","2.59461786631729","0.375933162241625","0.235662011363962","1","0.617698111111736","0.522316840210766","0.658555482659392","0.636763703441037","0.584527721649244","one_way"
"10.4271471394807","1.09807706344179","0.301481104631972","2.49864986678989","0.427147139480686","0.236835931360333","1","0.557053737099821","0.576478714717524","0.567272415862216","0.795189297654166","0.448770606010646","one_way"
"10.5156523209868","0.810044028035682","0.432655017973763","2.10189083316682","0.515652320986758","0.174842229780362","0.9894","0.518260876213282","0.516437467920766","0.519350227257357","0.567836231768961","0.384033090231903","one_way"
"10.3184503732536","1.10896412174396","0.295233376325631","2.65512122044539","0.318450373253601","0.210815230874004","1","0.662598869951219","0.597967589313964","0.574559258523564","0.408060489641571","0.634553069846026","one_way"
"10.4663597821079","0.892853272592884","0.398542817841035","2.26358014334051","0.466359782107932","0.189141967173525","0.9976","0.588047701345046","0.366026825301954","0.640511641244061","0.679667426482728","0.283707207578792","one_way"
"10.3865320796769","0.825996127869027","0.422524256970498","2.30686090121658","0.386532079676904","0.16698244525561","0.9908","0.658537545346164","0.256077501457185","0.605986947391781","0.672734670600494","0.633708511391986","one_way"
"10.514083928101","0.905690514949113","0.392326384116784","2.23505050679514","0.514083928101008","0.20379667708024","0.997","0.555146598343911","0.380140415153567","0.656868459032374","0.834855195140812","0.521316331151973","one_way"
"10.4620598403718","0.851969305006452","0.413647974081447","2.22762961410602","0.462059840371751","0.171424645039156","0.9952","0.560766670964652","0.509928508107053","0.500055043447478","0.494367402571676","0.449609896172895","one_way"
"10.5398038247987","0.967137602240361","0.363791176158618","2.26924164511738","0.539803824798706","0.222809921940684","0.9988","0.566619536606858","0.364720792888033","0.779679270379198","0.864905964992937","0.447888161414599","one_way"
"10.4279273947665","0.974958554787514","0.35948255793387","2.39047004393421","0.427927394766488","0.200291237054904","1","0.602061412388067","0.422357312970405","0.602087006956598","0.658685766533331","0.275360146376133","one_way"
"5.45827061467134","0.397121105506142","0.579266050420116","1.55706963418642","0.458270614671341","0.139029676902625","0.7978","0.546662165689714","0.114746522158384","0.76994036909451","0.808428480717416","0.578487029771132","one_way"
"10.4629364012357","1.11409687866472","0.290413067890886","2.53459263791702","0.462936401235713","0.243353717754887","1","0.626201651314346","0.494853044904527","0.982425559079275","0.445191189476824","0.379946205879322","one_way"
"10.5133925984935","0.960201865500705","0.364738783810417","2.27096205301904","0.513392598493517","0.208697943847037","0.9988","0.523028446934948","0.539993598226716","0.571247692450323","0.742605866800052","0.415296241412913","one_way"
"10.4769003116518","1.01912984075465","0.339783193412228","2.41525746109325","0.476900311651815","0.216043654024659","1","0.599387408851762","0.496435982174187","0.804407120319193","0.460655718539654","0.361745371724667","one_way"
"10.5839239145198","0.936156679653186","0.377293446610639","2.18343949032914","0.583923914519781","0.219562962018119","0.9962","0.541119189932942","0.401143807473274","0.772699203736799","0.806746328174546","0.50571665429407","one_way"
"10.4635949459078","1.1154454203746","0.289899628718059","2.53486806289389","0.463594945907834","0.24379516920258","1","0.626201651314346","0.494853044904527","0.985662204911932","0.445191189476824","0.379946205879322","one_way"
"10.4887756182516","1.00444029742055","0.350770012495564","2.35926590454872","0.488775618251623","0.213040902748615","1","0.573938698856544","0.497436508183743","0.703544813238707","0.576060417713922","0.438175744113052","one_way"
"10.5347627836251","0.750719321389073","0.458025108740826","1.98963772222186","0.53476278362508","0.168212826034638","0.9762","0.500336030626936","0.54404830196894","0.513954297461296","0.503876318956729","0.487814502378264","one_way"
"10.4966767358571","0.887074611869506","0.400842837520033","2.23074066377175","0.496676735857053","0.196492018724024","0.9972","0.566706829202682","0.369399083601772","0.650494782185814","0.76400980554752","0.495810356614839","one_way"
"10.5021485925538","0.79686823588748","0.439701447939085","2.09806060328128","0.502148592553754","0.172493562466058","0.986","0.534597731846931","0.434443307469361","0.520546073274286","0.652197604000996","0.325837457056064","one_way"
"10.4638812234212","0.680696507913883","0.481075373057974","2.06308955799663","0.463881223421235","0.141591120205028","0.9716","0.589895335777686","0.599566085755507","0.611790656251882","0.163083263440058","0.353064615839619","one_way"
"10.4755022628126","0.880172404613156","0.404808620591007","2.23919186096319","0.475502262812606","0.190058312115501","0.997","0.585028151363066","0.347902919910416","0.652044915013763","0.725190319530285","0.24821119456405","one_way"
"10.5426302066419","0.916976830158714","0.387541994406814","2.22342363848642","0.542630206641896","0.209281117322436","0.9972","0.573060788940404","0.318978875319504","0.791239214524201","0.871952794811052","0.366424534991078","one_way"
"10.5398038247987","0.967137602240361","0.363791176158618","2.26924164511738","0.539803824798706","0.222809921940684","0.9988","0.566619536606858","0.364720792888033","0.779679270379198","0.864905964992937","0.447888161414599","one_way"
"10.5343672434401","0.956967864820169","0.368259434359613","2.2602244728471","0.534367243440133","0.219291300530168","0.9986","0.570206522200705","0.351347906193746","0.780801225772707","0.86833690356482","0.407199037725224","one_way"
"10.5221356483357","1.03542494207306","0.329940073607154","2.34163380296464","0.522135648335688","0.235136181507354","0.9992","0.568280858455513","0.433285238586408","0.787550473772583","0.795694310383105","0.487369472133909","one_way"
"10.5879096612942","0.878362371633289","0.403163346938106","2.11728219819311","0.587909661294218","0.202541796337093","0.9946","0.536687649838213","0.421635979136264","0.76087873506086","0.635853012100184","0.462268005491324","one_way"
"10.4754786211195","1.03145284726042","0.334663965149451","2.43992400992947","0.475478621119494","0.221309831790805","1","0.616789774388416","0.387409433608956","0.881783079097669","0.566539658769714","0.476929227016996","one_way"
"10.5469829953821","0.931032302018157","0.381434026549498","2.22707311932549","0.546982995382073","0.212384774806552","0.997","0.569473803346557","0.332351762013791","0.790117259130693","0.868521856239169","0.407113658680453","one_way"
"10.5839239145198","0.936156679653186","0.377293446610639","2.18343949032914","0.583923914519781","0.219562962018119","0.9962","0.541119189932942","0.401143807473274","0.772699203736799","0.806746328174546","0.50571665429407","one_way"
"10.556781909032","0.722379654037766","0.46933689646356","1.95401416036349","0.556781909031978","0.167006974600861","0.9692","0.502485085255657","0.482589874757453","0.569084179831478","0.527037265930764","0.42288863428978","one_way"
"5.48255460924582","0.555571027890958","0.534540781812638","1.85046514288278","0.482554609245821","0.143941420090468","0.9176","0.577768716085964","0.177897265746164","0.78679701564112","0.473389888873965","0.45286292936189","one_way"
"10.4831547080435","0.914873769829819","0.389587502148489","2.26974040831479","0.483154708043469","0.198476576793554","0.998","0.576487470486275","0.376768156853749","0.646885318090621","0.750512816076021","0.309213182115926","one_way"
"10.5304099294282","1.02083498726032","0.338436600716931","2.36835429293527","0.530409929428174","0.227255470722494","0.9996","0.601932494373389","0.367704262474161","0.951307751628159","0.607843320196823","0.379820257693864","one_way"
"10.5025075066186","1.06223950756737","0.318421954204288","2.38510906035506","0.502507506618616","0.236794896672305","0.999","0.559208944038629","0.559248929256475","0.73742127009013","0.63692506406976","0.451511255535351","one_way"
"10.5059493612949","0.826703477201086","0.424794432262358","2.15681736752503","0.505949361294917","0.176643310440589","0.9944","0.558143108873861","0.436395046017223","0.620330584812868","0.518157347187625","0.341572482695105","one_way"
"10.4720005711202","0.941828846962709","0.373994976986531","2.31228779835234","0.47200057112022","0.200085338459233","0.9998","0.576206069269026","0.430123902184041","0.642044409389089","0.65081607154841","0.357060495890971","one_way"
"10.3794742809411","1.06193093165137","0.320603993912618","2.55487136193057","0.379474280941132","0.209943350234439","1","0.62577682963052","0.599763385564189","0.634958825930142","0.408752555438506","0.448545970431059","one_way"
"10.3690084590393","1.15984675241151","0.271210243423601","2.63080785700661","0.369008459039306","0.243150319530283","1","0.612316858286002","0.65870851976797","0.674866094527834","0.517015295762729","0.28383315576425","one_way"
"10.4755022628126","0.880172404613156","0.404808620591007","2.23919186096319","0.475502262812606","0.190058312115501","0.997","0.585028151363066","0.347902919910416","0.652044915013763","0.725190319530285","0.24821119456405","one_way"
"10.3681677695951","1.20400888749997","0.250401633716033","2.64945334837352","0.368167769595089","0.260072140932539","1","0.598265082428571","0.659988916925699","0.67804623114519","0.637959373189931","0.508294245096161","one_way"
"10.4452737794864","1.20919852650218","0.250082889554999","2.5564251619644","0.445273779486418","0.283881385454292","0.9996","0.573060788940404","0.577510603936389","0.791239214524201","0.871952794811052","0.366424534991078","one_way"
"10.433909845322","1.18265897742436","0.261630819755322","2.54305856068762","0.433909845322034","0.270183552136325","0.9998","0.549821490747107","0.626597693452909","0.664816130158831","0.896372553892434","0.361445519640529","one_way"
"10.5148211427138","1.04422361030647","0.325356476144788","2.36748555336093","0.514821142713783","0.235092235011802","0.9992","0.564558475269841","0.487584026449138","0.760747584846638","0.713506725847922","0.424333310014299","one_way"
"10.5879096612942","0.878362371633289","0.403163346938106","2.11728219819311","0.587909661294218","0.202541796337093","0.9946","0.536687649838213","0.421635979136264","0.76087873506086","0.635853012100184","0.462268005491324","one_way"
"10.3004278701384","0.992341900918299","0.356087241244657","2.52468570463456","0.300427870138379","0.182134171912709","0.9994","0.600862032979345","0.605536878718918","0.129306000424549","0.609524865654111","0.620772064769424","one_way"
"5.76495086941209","0.495875866419376","0.554828344859269","1.25272193151618","0.764950869412087","0.17868910541873","0.8488","0.357248281361535","0.637466492608251","0.728237767487133","0.607039104291863","0.35385574597805","one_way"
"10.4056812298228","1.00975255478526","0.34285895977345","2.457619343734","0.405681229822842","0.204818260678484","1","0.599912357759346","0.483815740181892","0.546957124586416","0.635524819559295","0.340286014464617","one_way"
"10.5286704732719","0.945682039139419","0.373614059105837","2.25013478151676","0.528670473271901","0.216718334670311","0.998","0.569023737012189","0.350215709798826","0.765228278714464","0.865796309840403","0.431440838381201","one_way"
"10.4831547080435","0.914873769829819","0.389587502148489","2.26974040831479","0.483154708043469","0.198476576793554","0.998","0.576487470486275","0.376768156853749","0.646885318090621","0.750512816076021","0.309213182115926","one_way"
"10.5159091574227","0.981847644201304","0.359665910488536","2.29937457505773","0.515909157422729","0.215397639171501","0.9994","0.566225784839437","0.439005306415103","0.738905055174565","0.671269257221047","0.45658383918264","one_way"
"10.4638812234212","0.680696507913883","0.481075373057974","2.06308955799663","0.463881223421235","0.141591120205028","0.9716","0.589895335777686","0.599566085755507","0.611790656251882","0.163083263440058","0.353064615839619","one_way"
"10.3407030161459","0.994884319581799","0.35685898427076","2.47226791923096","0.340703016145898","0.192179605904297","0.9994","0.576689267874597","0.531798776142292","0.241416428693888","0.770718409585931","0.591026076005307","one_way"
"10.5057969806684","0.859811871823321","0.412335904512606","2.19006412982027","0.50579698066835","0.192274660276477","0.9954","0.570743881130897","0.33816224912245","0.676505717995551","0.770166290518168","0.430794053224716","one_way"
"10.4352606709139","1.0660096595142","0.315723044303864","2.47779759059374","0.435260670913871","0.227044081386774","1","0.592453623560261","0.507023341163033","0.675440045503244","0.634500766451285","0.517115460898025","one_way"
"10.5879096612942","0.878362371633289","0.403163346938106","2.11728219819311","0.587909661294218","0.202541796337093","0.9946","0.536687649838213","0.421635979136264","0.76087873506086","0.635853012100184","0.462268005491324","one_way"
"10.5879096612942","0.878362371633289","0.403163346938106","2.11728219819311","0.587909661294218","0.202541796337093","0.9946","0.536687649838213","0.421635979136264","0.76087873506086","0.635853012100184","0.462268005491324","one_way"
"10.5839239145198","0.936156679653186","0.377293446610639","2.18343949032914","0.583923914519781","0.219562962018119","0.9962","0.541119189932942","0.401143807473274","0.772699203736799","0.806746328174546","0.50571665429407","one_way"
"10.5042213974843","1.13038188256044","0.289093256484826","2.44725339350919","0.504221397484318","0.260465562143066","0.9986","0.561264017654705","0.55352886142778","0.786066688688148","0.761350117231818","0.48229688848662","one_way"
"10.5025626958176","0.759267336302421","0.450696876772847","2.13693570915394","0.502562695817598","0.158691873054634","0.9882","0.588719748682594","0.521882710328435","0.731936859321639","0.197111121335709","0.366492866232195","one_way"
"10.6152202865724","0.933285899050351","0.377842460088848","2.13748581314171","0.615220286572419","0.221894484787693","0.9942","0.518446363263725","0.457090827976154","0.755376241145869","0.78100863069073","0.421205825973859","one_way"
"10.5258823212436","0.997036009288523","0.349466198427025","2.29789808876188","0.525882321243603","0.224184513140215","0.9988","0.562961346060463","0.426052504106579","0.761483108601967","0.762992472036661","0.450538553508527","one_way"
"10.4720005711202","0.941828846962709","0.373994976986531","2.31228779835234","0.47200057112022","0.200085338459233","0.9998","0.576206069269026","0.430123902184041","0.642044409389089","0.65081607154841","0.357060495890971","one_way"
"10.5034296673267","0.955594579942737","0.37159769915692","2.27952508209348","0.503429667326674","0.200813749359377","0.9994","0.541519895882507","0.591445781259914","0.612138431881534","0.524979977048359","0.325588954249786","one_way"
"10.4892875723222","0.977029802499703","0.358390825573584","2.32608672126374","0.489287572322248","0.215524686582271","1","0.562943010684485","0.419274285685387","0.651771324091307","0.841389487322406","0.327018145419202","one_way"
"10.4592622554635","1.07937945999853","0.311084692868213","2.45401504604733","0.459262255463481","0.234665614366414","1","0.565734062364933","0.56526740187621","0.664201692910865","0.67947886795227","0.410905059621723","one_way"
"10.5081629137845","1.0612918144145","0.318139903960074","2.38110867517427","0.508162913784501","0.240268372995482","0.9992","0.562867134585025","0.497917218037929","0.755617431867361","0.738838557026037","0.448860863441423","one_way"
"10.3040183421315","0.973245730263076","0.361419564472323","2.49353970568291","0.304018342131483","0.184567798445363","0.998","0.563365950548897","0.584091564621272","0.0715024236124009","0.805495882646048","0.343640556337252","one_way"
"10.5839239145198","0.936156679653186","0.377293446610639","2.18343949032914","0.583923914519781","0.219562962018119","0.9962","0.541119189932942","0.401143807473274","0.772699203736799","0.806746328174546","0.50571665429407","one_way"
"10.5128586557255","1.04888144450771","0.323713388295171","2.36464124093281","0.512858655725465","0.239716451752009","0.9992","0.573060788940404","0.415823278050387","0.791239214524201","0.871952794811052","0.366424534991078","one_way"
"10.4907025450996","1.0171619124713","0.341958623050112","2.3701645529296","0.4907025450996","0.223347746861687","1","0.579916096758641","0.418181586737297","0.735039842593089","0.761739483653519","0.390874675412794","one_way"
"10.4649618937466","0.993960923983094","0.353486166258776","2.38026728723704","0.464961893746614","0.204647612852388","1","0.573282047659151","0.549852613265509","0.631811842477777","0.519072584645135","0.381132835804244","one_way"
"10.4222687406371","1.04140233231127","0.329857844065358","2.47754260697822","0.42226874063714","0.211896767034707","1","0.592632908362395","0.646783809381904","0.64192135887937","0.426431701226943","0.29207860571869","one_way"
"10.5063408649698","0.734190469763167","0.463854654759399","2.03300340517354","0.506340864969801","0.166014414184032","0.973","0.557099510932336","0.344477922100803","0.60494715320981","0.617981430051086","0.368107343306999","one_way"
"10.5469829953821","0.931032302018157","0.381434026549498","2.22707311932549","0.546982995382073","0.212384774806552","0.997","0.569473803346557","0.332351762013791","0.790117259130693","0.868521856239169","0.407113658680453","one_way"
"10.5037619637092","0.915375048443098","0.388251727539705","2.25430319704936","0.503761963709186","0.203111079313777","0.998","0.573392913059937","0.363006571759527","0.704555546193257","0.759145146259871","0.344705991285165","one_way"
"10.4901467141749","1.12361300118606","0.29094616261428","2.45288600865252","0.490146714174857","0.260197198158221","0.9994","0.573060788940404","0.480666201205506","0.791239214524201","0.871952794811052","0.366424534991078","one_way"
"10.4351785215699","0.883610127803656","0.394571182158822","2.32507571095083","0.43517852156986","0.172465936995686","1","0.609579285701293","0.611490796141573","0.644735391900346","0.253666857975844","0.344819165885179","one_way"
"10.5448402597455","0.948724166906429","0.373729884929847","2.23749647363937","0.544840259745547","0.211448427606969","0.9986","0.561284224114459","0.418101107141224","0.768251165780102","0.652972747209019","0.443760055144422","one_way"
"10.4960433708707","0.858804062791641","0.41381329720458","2.1970245248275","0.496043370870665","0.187613157518493","0.9954","0.575425415546963","0.34938080787703","0.664949801755723","0.700305962484937","0.365970335642049","one_way"
"10.6786683857872","0.857963439645605","0.412083735971518","1.99233837883708","0.678668385787234","0.212356330451701","0.987","0.48998980014585","0.457090827976154","0.755376241145869","0.78100863069073","0.421205825973859","one_way"
"10.5479159586235","0.918386311655862","0.38712753533195","2.2023141694607","0.547915958623531","0.210263309853104","0.9966","0.557452910565588","0.370514006584463","0.749459394112829","0.782169795972455","0.431965210969491","one_way"
"10.5879096612942","0.878362371633289","0.403163346938106","2.11728219819311","0.587909661294218","0.202541796337093","0.9946","0.536687649838213","0.421635979136264","0.76087873506086","0.635853012100184","0.462268005491324","one_way"
"10.5446026988422","0.939743588465668","0.378071275496413","2.23676578355922","0.544602698842231","0.214791387630146","0.9972","0.569295408329255","0.338768454742316","0.789233616172174","0.867725680254244","0.413695716247983","one_way"
"10.5879096612942","0.878362371633289","0.403163346938106","2.11728219819311","0.587909661294218","0.202541796337093","0.9946","0.536687649838213","0.421635979136264","0.76087873506086","0.635853012100184","0.462268005491324","one_way"
"0.533177569352661","0.250962796167459","0.633331857003669","0.77892104587033","0.533177569352661","0.192917192902183","0.5678","0.33364394819364","0.451588171740795","0.756720549650544","0.647468782229034","0.451219568443289","one_way"
"10.5388695994371","1.00990821452766","0.344213613056849","2.29037892969798","0.538869599437051","0.227999433259727","0.9982","0.55289664781577","0.467965025433398","0.759775617277677","0.727222786897186","0.459909300489458","one_way"
"10.5879096612942","0.878362371633289","0.403163346938106","2.11728219819311","0.587909661294218","0.202541796337093","0.9946","0.536687649838213","0.421635979136264","0.76087873506086","0.635853012100184","0.462268005491324","one_way"
"10.5294040884519","0.886911460219408","0.399649454048336","2.19529115612684","0.529404088451873","0.203100996482761","0.9966","0.554410160498252","0.368792050011261","0.699745527619521","0.794742822720259","0.504545496549295","one_way"
"10.4958622326893","1.08406421884037","0.309796058798345","2.41142444730163","0.495862232689348","0.244547191076939","0.9992","0.563797710202773","0.525306473921136","0.748576791473677","0.727070667963556","0.426741267212322","one_way"
"10.6152202865724","0.933285899050351","0.377842460088848","2.13748581314171","0.615220286572419","0.221894484787693","0.9942","0.518446363263725","0.457090827976154","0.755376241145869","0.78100863069073","0.421205825973859","one_way"
"10.5040939256209","0.933703067393529","0.378304864614773","2.27799682688865","0.504093925620865","0.207767239517733","0.9988","0.573410299096082","0.373715113700891","0.711427760021049","0.764725372994698","0.412900067848387","one_way"
"10.5085620392363","0.887322821086805","0.400200513605648","2.22114637615528","0.508562039236271","0.196433339460943","0.9974","0.56865838052596","0.366077010561271","0.686952979738799","0.722365280888586","0.389714700138089","one_way"
"10.5829773140518","0.892780808466157","0.398092313270524","2.13809625457085","0.582977314051848","0.204597244466321","0.995","0.541092441810677","0.409336957850219","0.767720025927783","0.664129899368139","0.488862458272754","one_way"
"10.4939746725196","1.02023924873268","0.339663897983794","2.37063236833969","0.49397467251958","0.226264492892519","1","0.577752305981483","0.416476743161758","0.737155774099541","0.792510633297526","0.388330321046253","one_way"
"10.5000142244229","0.907186611325625","0.392859559933427","2.25083842166877","0.500014224422877","0.202266736690804","0.9978","0.571080768505045","0.357465337370829","0.686042477257732","0.7991208736909","0.369017802864163","one_way"
"10.5158495337696","0.982667582491754","0.356865788658581","2.29545554967913","0.51584953376955","0.211995329068457","0.999","0.543792865172037","0.56732296419511","0.665081310772336","0.573237717561438","0.372628124893003","one_way"
"10.5868592665577","0.862045898808667","0.409334191612157","2.10958682720592","0.586859266557738","0.205504781694237","0.9924","0.544877229070312","0.33588663400883","0.78274482841145","0.851402121130333","0.425621609027356","one_way"
"10.5130608785877","1.018462845552","0.339920741859894","2.34057254957272","0.513060878587711","0.229295228476497","0.9992","0.57025445706862","0.413094856320802","0.767211866764059","0.819031965302643","0.398203818929375","one_way"
"10.5318110213057","0.937088436356663","0.378476694467727","2.24017676739965","0.531811021305729","0.214950527518982","0.9972","0.569202132029492","0.3437990170703","0.766111921672984","0.866592485825329","0.424858780813671","one_way"
"10.5907656547077","0.927346651365793","0.380458258844345","2.16627423644134","0.59076565470768","0.217960405095549","0.9956","0.536714397960479","0.413442828759318","0.765857912869875","0.778469440906591","0.47912220151264","one_way"
"10.5172017098837","1.01717247567105","0.341303955628477","2.33511211733902","0.517201709883695","0.229972399955002","0.9992","0.572723901566257","0.396520189802007","0.78170245526202","0.84299821163832","0.428200785351632","one_way"
"10.4735911657838","1.0566248284969","0.318595563238895","2.4304284477011","0.473591165783847","0.23185059375321","1","0.564803486747185","0.537878145993003","0.671242333304549","0.691246757014751","0.433024655850823","one_way"
"10.4950818670525","0.952558297961197","0.368579407039505","2.30618840987226","0.495081867052472","0.209643232570094","0.9998","0.577249678793456","0.382628722158856","0.700117800567591","0.767180401176989","0.408768660789123","one_way"
"10.5839239145198","0.936156679653186","0.377293446610639","2.18343949032914","0.583923914519781","0.219562962018119","0.9962","0.541119189932942","0.401143807473274","0.772699203736799","0.806746328174546","0.50571665429407","one_way"
"10.5092655787715","1.04583559368177","0.325919640606971","2.37139237738585","0.509265578771499","0.237341497179987","0.9992","0.575224579717563","0.417528121625926","0.789123283017749","0.841181645167045","0.368968889357619","one_way"
"10.450910269091","1.10539856497977","0.29772188450062","2.48237204604283","0.450910269090956","0.242658247150128","1","0.57046859489891","0.562196963074465","0.681804259365324","0.716258733323556","0.365896350768798","one_way"
"10.4903978991532","1.10847644472704","0.297307164631977","2.4464430934736","0.490397899153217","0.249788888250602","0.9992","0.558991048365176","0.577651678492584","0.733123809797345","0.713092376718738","0.435257717843403","one_way"
"10.6786683857872","0.857963439645605","0.412083735971518","1.99233837883708","0.678668385787234","0.212356330451701","0.987","0.48998980014585","0.457090827976154","0.755376241145869","0.78100863069073","0.421205825973859","one_way"
"10.6152202865724","0.933285899050351","0.377842460088848","2.13748581314171","0.615220286572419","0.221894484787693","0.9942","0.518446363263725","0.457090827976154","0.755376241145869","0.78100863069073","0.421205825973859","one_way"
"10.5391229326472","0.967180638906841","0.36594489809354","2.25673225362921","0.539122932647237","0.217188975290337","0.9988","0.561979919282972","0.414196857685911","0.767684590232097","0.709706295570963","0.415103892249815","one_way"
"10.5122620692125","0.940651107239983","0.375796286786701","2.26407623360123","0.512262069212532","0.210478199190591","0.9992","0.56926961980964","0.382578600310144","0.727432833951713","0.750248517083419","0.422790876800884","one_way"
"10.5717509199481","0.914014217425257","0.390333895719077","2.17448983510565","0.571750919948107","0.205457264614212","0.9958","0.548011092311074","0.419653112665246","0.766640220059615","0.639405052047227","0.459767558128343","one_way"
"10.5578146114447","0.957081513404424","0.368272637009212","2.23321961428919","0.557814611444719","0.221353417836215","0.9976","0.554173373611263","0.384404420014847","0.773824180347649","0.841140369395319","0.400844465519786","one_way"
"10.5175506097457","1.01970469336541","0.339281130347192","2.33068968286141","0.517550609745682","0.230569786224601","0.9992","0.56764095653154","0.417655491254474","0.770833546608572","0.821499746594248","0.390945025839946","one_way"
"10.5463092817417","0.940152190351879","0.375455855795736","2.22437450631466","0.546309281741729","0.216696683398715","0.9974","0.560958312527669","0.364577070314785","0.77613251482786","0.829293717037657","0.422980962436945","one_way"
"10.4758958140829","1.09562351963125","0.303374918377222","2.44759705493691","0.475895814082869","0.244392455458321","0.9998","0.562546728518859","0.563501862685041","0.705176723728697","0.715293616951785","0.394961635316627","one_way"
"10.524318702326","0.96465233337386","0.362699586911383","2.27668202331161","0.524318702326047","0.21721785736817","0.9988","0.558084566373511","0.409604554713947","0.723885024233749","0.793573604199178","0.445536379228231","one_way"
"10.5260671493241","0.946256287373417","0.371758414010868","2.25219995983532","0.526067149324101","0.215550271301013","0.9984","0.566186409728107","0.368822329766756","0.749532040370269","0.822494771417641","0.426668767954163","one_way"
"10.5899959481988","0.936453835971825","0.377184404417551","2.17644830555832","0.589995948198784","0.221497859805958","0.9958","0.538613955543512","0.397790049230514","0.774995921410482","0.841782633935269","0.430159892650363","one_way"
"10.526166118113","0.96791945971617","0.366256378525461","2.27606403174328","0.526166118113026","0.213209096671518","0.9992","0.570797595860957","0.420366119707757","0.767585268912398","0.637068589803234","0.460308898192593","one_way"
"10.5271507971692","1.01381823468631","0.342369601863778","2.30967050840355","0.5271507971692","0.22676502569207","0.9988","0.5571505128679","0.469655732261291","0.748848341466742","0.714172167404431","0.477583722142554","one_way"
"10.5341960293286","0.983608686175862","0.360437362634818","2.2785362996443","0.534196029328644","0.218378203865712","0.9992","0.568867847300481","0.417973737512676","0.786540902189279","0.672654645781816","0.421783918662095","one_way"
"10.5095265829453","0.972190273143086","0.362294678897835","2.2918279243367","0.509526582945288","0.217526487559617","1","0.572112662282577","0.380018600053134","0.741222601049105","0.815114975443487","0.395124608688837","one_way"
"10.5055142661919","0.902499109903135","0.395212453305551","2.23749488599502","0.505514266191926","0.204147434342987","0.9976","0.570448032062845","0.343186037735859","0.70167916062983","0.843079295677984","0.369170032086912","one_way"
"10.4958622326893","1.08406421884037","0.309796058798345","2.41142444730163","0.495862232689348","0.244547191076939","0.9992","0.563797710202773","0.525306473921136","0.748576791473677","0.727070667963556","0.426741267212322","one_way"
"10.5324478936543","0.942328670414971","0.375739968342691","2.24292124869407","0.532447893654263","0.214482923752887","0.9982","0.569928144771454","0.353047754377287","0.773596932800076","0.823767258267159","0.413543487025234","one_way"
"10.5164176357169","1.00533610601442","0.346862785123723","2.31800378685133","0.516417635716926","0.224633777923775","0.9992","0.569558761900107","0.416999105776115","0.767778442312063","0.7622984169407","0.426859981823982","one_way"
"10.4616214878708","1.11989979715471","0.29183451894591","2.47871306605208","0.461621487870751","0.249507673512782","1","0.566912914745227","0.576346778882007","0.709751345433972","0.714057493090508","0.406192433295575","one_way"
"10.5176189539281","0.895664001831476","0.396593161045977","2.21829168441008","0.517618953928066","0.202916639257078","0.997","0.559970578864308","0.367232597964553","0.694286806303334","0.792314826186205","0.450872223954987","one_way"
"10.5879096612942","0.878362371633289","0.403163346938106","2.11728219819311","0.587909661294218","0.202541796337093","0.9946","0.536687649838213","0.421635979136264","0.76087873506086","0.635853012100184","0.462268005491324","one_way"
"10.5629895192846","0.921464078724311","0.386438744897631","2.18505619824667","0.562989519284647","0.207121008574992","0.9968","0.549960781641598","0.420083973612242","0.762489680781347","0.649420707261976","0.446260502507403","one_way"
"10.5318167971056","1.01657236834973","0.339254768559289","2.3124196771345","0.531816797105642","0.230145282555765","0.9986","0.552471787253799","0.470764881197604","0.740075830042331","0.765266873366364","0.451327396257042","one_way"
"10.4958622326893","1.08406421884037","0.309796058798345","2.41142444730163","0.495862232689348","0.244547191076939","0.9992","0.563797710202773","0.525306473921136","0.748576791473677","0.727070667963556","0.426741267212322","one_way"
"10.50177092893","0.9519612862898","0.36966402328079","2.29443549484118","0.501770928929993","0.211784980073806","0.9994","0.574077900106223","0.375664238459072","0.713016277485312","0.793679851818607","0.447339438367317","one_way"
"10.5879096612942","0.878362371633289","0.403163346938106","2.11728219819311","0.587909661294218","0.202541796337093","0.9946","0.536687649838213","0.421635979136264","0.76087873506086","0.635853012100184","0.462268005491324","one_way"
"10.5266803683136","0.981142447072633","0.355262038418809","2.28600093926643","0.526680368313558","0.218147277090953","0.9988","0.549046097453865","0.480556093554718","0.697024416132094","0.704449324554978","0.460819461106421","one_way"
"10.5155294349145","0.88050704101354","0.403214098496389","2.20513943967717","0.515529434914486","0.196710046171015","0.9972","0.563097962159904","0.367636462607979","0.692411701054985","0.72479327742264","0.443387972732397","one_way"
"10.5931974799432","0.916790031675723","0.387941316910078","2.14957176129032","0.593197479943233","0.213725422470595","0.9948","0.537700621400943","0.403942948474603","0.769350379827161","0.758532410638284","0.432810206120914","one_way"
"10.5651631983151","0.933816912076734","0.378169453484864","2.19723596194622","0.56516319831514","0.217834613677099","0.9956","0.54927379692933","0.378121043327215","0.769977112550559","0.841985717678002","0.38612524502875","one_way"
"10.5327705531789","0.902650325942157","0.393639320969243","2.20152177340889","0.532770553178902","0.206343301921771","0.9966","0.555161737005764","0.370732441955931","0.716784474530489","0.80033142689325","0.434661111719954","one_way"
"10.540992051834","0.972254255421836","0.364290790467272","2.25843673183066","0.540992051833992","0.217423680313559","0.9986","0.561744539233831","0.427079902592584","0.773156073189839","0.676039614060424","0.431729273535306","one_way"
"10.5454717703193","0.948473873192181","0.373963963222371","2.2369829095839","0.545471770319263","0.211908864640232","0.9986","0.559916834555841","0.417717951349234","0.765099316068132","0.662038950794594","0.433699003631107","one_way"
"10.5382315288183","1.01712041138395","0.340934113133593","2.29791888259588","0.538231528818281","0.22914210480091","0.9982","0.548628184218596","0.492346120316798","0.749517164584842","0.713066731133272","0.439169178699167","one_way"
"10.5151122688492","1.04778039514328","0.324062233482832","2.37176893723495","0.515112268849156","0.236563384987912","0.9992","0.567687247592625","0.475841520736815","0.776906550327128","0.722753247288132","0.424999004292109","one_way"
"10.5674583270644","0.953383521998464","0.369158619293325","2.21586340338879","0.56745832706442","0.221661960795017","0.997","0.546921980613547","0.400403838753044","0.769195196270374","0.825885679409357","0.429686194600427","one_way"
"10.5311870446121","0.992504542650146","0.354805449888444","2.28357737372449","0.531187044612105","0.219759192059661","0.9988","0.56318061829525","0.452613466269583","0.76569984694845","0.653408988877511","0.447339646641499","one_way"
"10.6786683857872","0.857963439645605","0.412083735971518","1.99233837883708","0.678668385787234","0.212356330451701","0.987","0.48998980014585","0.457090827976154","0.755376241145869","0.78100863069073","0.421205825973859","one_way"
"10.5228341858308","1.01650925981039","0.341577288702979","2.32120359286226","0.52283418583077","0.224867327800684","0.9992","0.564978309910629","0.467438690696997","0.758211143335829","0.67697206645724","0.423526181582308","one_way"
"10.509773924629","1.05043136671931","0.32056045362717","2.37721879921015","0.50977392462899","0.238921680074555","0.9992","0.566712663693914","0.466676378514812","0.762486329572346","0.779207262979271","0.420462038586137","one_way"
"10.5879096612942","0.878362371633289","0.403163346938106","2.11728219819311","0.587909661294218","0.202541796337093","0.9946","0.536687649838213","0.421635979136264","0.76087873506086","0.635853012100184","0.462268005491324","one_way"
"10.5517408097281","0.945893749507673","0.376073410202608","2.21995698033327","0.55174080972815","0.21406664487196","0.9984","0.551521941849111","0.422876427529673","0.754046099562085","0.696482877754687","0.471104902232322","one_way"
"10.5576841891876","0.934528348598314","0.380342808771298","2.21836479008249","0.557684189187576","0.209416836743721","0.998","0.555895871824392","0.417978714865129","0.766860019072228","0.651301460560946","0.430899784910449","one_way"
"10.5473394317428","0.984425560624073","0.357908678964372","2.26261433022822","0.54733943174283","0.220424891828653","0.9984","0.553639663329863","0.466432417396863","0.761442461964272","0.65709434169697","0.466246378038575","one_way"
"10.5256500898537","1.02619576643745","0.334855083916362","2.32825789689182","0.525650089853701","0.23155586729906","0.9988","0.559595095320449","0.461658716117696","0.753460659041772","0.761881905087756","0.441382041383831","one_way"
"10.5403387657501","0.992931247145805","0.349460929441309","2.28652008479612","0.540338765750065","0.226821420507277","0.9986","0.557684903617297","0.420021513517482","0.768223911321787","0.808881503061631","0.403506524716241","one_way"
"10.5205495715093","0.912020926324076","0.390285848119231","2.22666469087995","0.52054957150928","0.207895135762417","0.9972","0.559788190677028","0.362855043639157","0.706697969489753","0.842876211935251","0.413204679708524","one_way"
"10.5392424006251","0.98904042897735","0.351758475173406","2.28341420020777","0.539242400625088","0.224890632784125","0.9986","0.561250736830072","0.414385316253586","0.773579167452172","0.778195371466613","0.427333679873917","one_way"
"10.5673394328592","0.932623901529407","0.377603685060966","2.19083482778404","0.567339432859193","0.21865352850482","0.9956","0.543422797402056","0.394290205239137","0.752498253183327","0.833766033228224","0.446371004885395","one_way"
"10.5461862884962","0.951417751965177","0.37353180172261","2.23768491113058","0.546186288496209","0.214956361804414","0.9986","0.5562367037966","0.411972158886942","0.762695927049896","0.713217178616812","0.400671822363407","one_way"
"10.6152202865724","0.933285899050351","0.377842460088848","2.13748581314171","0.615220286572419","0.221894484787693","0.9942","0.518446363263725","0.457090827976154","0.755376241145869","0.78100863069073","0.421205825973859","one_way"
"10.509753241808","1.03476324629626","0.330741290807705","2.36248513320248","0.509753241807964","0.231419774493485","0.9994","0.561158563578982","0.47424747068198","0.723397530689487","0.764143947148895","0.408711357146383","one_way"
"10.5278688932258","0.942904887127472","0.377059824538858","2.2360746344125","0.527868893225817","0.211785653405582","0.9986","0.56388705079705","0.387699553831438","0.745166894058824","0.741302848873903","0.454220344453773","one_way"
"10.5400971263503","0.93235989902552","0.381355658788453","2.21345754263544","0.540097126350258","0.207461092019863","0.9978","0.550403777249","0.434115488727713","0.717117109657792","0.673606609742179","0.421863015307179","one_way"
"10.5908014278859","0.91792092922813","0.387925915209892","2.15048769203009","0.590801427885939","0.21251046015801","0.9948","0.537600983980782","0.415483079892175","0.76652427664418","0.719103235397168","0.459617692020773","one_way"
"10.5678218001738","0.76496995670279","0.450861446397095","2.05347440440004","0.567821800173809","0.172885991222719","0.9856","0.554095139769653","0.415871255486028","0.767464791219484","0.363596866838634","0.443971665467709","one_way"
"10.5879096612942","0.878362371633289","0.403163346938106","2.11728219819311","0.587909661294218","0.202541796337093","0.9946","0.536687649838213","0.421635979136264","0.76087873506086","0.635853012100184","0.462268005491324","one_way"
"10.5164005645122","1.0299415359159","0.333680387846265","2.34386487802884","0.516400564512239","0.229336934828533","0.9992","0.567510167505346","0.464414342339681","0.766448208663581","0.703497360594615","0.460740364461337","one_way"
"10.6280016668826","0.825659604491717","0.424699788256985","2.02052108376997","0.62800166688256","0.198828494444091","0.989","0.505391359828955","0.437820139560857","0.719154977673114","0.701075883863893","0.421771574810773","one_way"
"10.6120695492253","0.733972467420982","0.464439748705053","1.96949797084166","0.612069549225339","0.17375869329168","0.9756","0.527005109978149","0.437948848438067","0.762914621354282","0.384075068677689","0.442809672959463","one_way"
"10.5566281452698","0.977939074069822","0.357502325410538","2.25369654655928","0.55662814526984","0.223740172951925","0.9974","0.546815020026498","0.444817934110321","0.756582939795368","0.759597575727845","0.422819966942735","one_way"
"10.5675482875137","0.955068833101904","0.367925746409776","2.21699581582643","0.567548287513695","0.222464916228451","0.9972","0.546921980613547","0.400403838753044","0.769195196270374","0.825885679409357","0.53873871685937","one_way"
"10.5511989136813","0.893285700180504","0.397317574741815","2.17393931535464","0.551198913681273","0.204186721753394","0.9962","0.553133848497167","0.378871036757547","0.737333731153647","0.731856771677269","0.451524069657129","one_way"
"10.5402130056852","0.980758987851276","0.356263802891766","2.27339334003088","0.540213005685175","0.222334267528639","0.9986","0.559556416846202","0.417725033090135","0.767563164811586","0.759376323272909","0.414410869415495","one_way"
"5.77445559439408","0.635701669269269","0.503771478349544","1.54117595601004","0.774455594394084","0.190965632905195","0.9274","0.414369291160256","0.45652998599488","0.765941558961207","0.806946472231584","0.407614496052151","one_way"
"10.5476506713752","0.88205119568999","0.399632458086429","2.18297821650378","0.547650671375211","0.193792194261296","0.9966","0.563605858293444","0.419047886183332","0.765921790441007","0.505288323620334","0.437450780676394","one_way"
"10.5969206132955","0.936961871527901","0.376061499987773","2.16593699120293","0.596920613295482","0.220599885961336","0.9952","0.526731081585139","0.444655149542328","0.75302089278252","0.776633768336655","0.435788797275551","one_way"
"10.6031532844991","0.934957419105841","0.37737343668165","2.16041932792616","0.603153284499143","0.220034032593982","0.9952","0.526090959268896","0.453327070720292","0.758673834794626","0.744688324942983","0.443872920598821","one_way"
"10.5743819243845","0.897646227161189","0.394869029999654","2.14731314862452","0.574381924384508","0.2071424413527","0.995","0.53871553834681","0.413497384334648","0.740329478437701","0.704327667316164","0.445405047554149","one_way"
"10.5392424006251","0.98904042897735","0.351758475173406","2.28341420020777","0.539242400625088","0.224890632784125","0.9986","0.561250736830072","0.414385316253586","0.773579167452172","0.778195371466613","0.427333679873917","one_way"
"10.5473394317428","0.984425560624073","0.357908678964372","2.26261433022822","0.54733943174283","0.220424891828653","0.9984","0.553639663329863","0.466432417396863","0.761442461964272","0.65709434169697","0.466246378038575","one_way"
"10.5435155835113","0.964139669579248","0.366702611061918","2.24968212887413","0.543515583511291","0.217703664800925","0.9986","0.558045321326936","0.420014431776581","0.765760062578334","0.711544130583316","0.422794658931853","one_way"
"10.5931974799432","0.916790031675723","0.387941316910078","2.14957176129032","0.593197479943233","0.213725422470595","0.9948","0.537700621400943","0.403942948474603","0.769350379827161","0.758532410638284","0.432810206120914","one_way"
"10.5792588740079","0.87296100461253","0.406738231702414","2.12055221986276","0.579258874007876","0.201568339151073","0.9946","0.541128314745898","0.382174894010262","0.756826840936452","0.719038302330007","0.459152560081758","one_way"
"10.5752030698059","0.958610419445183","0.366148578274866","2.21131954659165","0.575203069805946","0.221529744243075","0.997","0.535002217565895","0.45338617714301","0.753338373130547","0.753539356569016","0.421297266470265","one_way"
"10.5633895899915","0.967294755947054","0.362658169309682","2.23820585203982","0.563389589991501","0.22190318059325","0.9972","0.54553639305523","0.435013235024114","0.759926411011072","0.760530428851675","0.422367818482105","one_way"
"10.6644219704896","0.827117638452299","0.424357025533138","1.98823080409676","0.664421970489553","0.203269903757857","0.987","0.500586490715166","0.425399736392126","0.757581141412103","0.737406677799299","0.439600910866363","one_way"
"10.5504974594654","0.725893380630193","0.468684878652058","2.01360443989539","0.550497459465395","0.164507237423896","0.9776","0.550721072098079","0.410193527081933","0.720836368654897","0.362171688117087","0.437776557129521","one_way"
"10.5363617134793","0.976508821781501","0.356182574409163","2.27178132310554","0.536361713479279","0.222031370958376","0.9986","0.552044164953428","0.433372485046262","0.73616497072128","0.763078782059333","0.826114465016872","one_way"
"10.6551173271623","0.812190218008999","0.430962575331654","1.99030994341077","0.655117327162346","0.20040301136578","0.984","0.50731913647806","0.378681885308489","0.759411794735221","0.816047876137148","0.399716574950459","one_way"
"10.5210926118485","1.03460562746605","0.32950709497277","2.34201119143314","0.52109261184845","0.233864888786395","0.999","0.564229607376181","0.463612601694664","0.773188004584435","0.742999372266874","0.425495548564875","one_way"
"10.5421747648022","0.939577231453868","0.377399237665851","2.21875623688663","0.542174764802205","0.213172900853417","0.998","0.555602332475637","0.400135232265264","0.747522242422173","0.745677711227977","0.439637373152081","one_way"
"10.5247973870727","1.01279782481929","0.343946302483662","2.31147243068907","0.524797387072697","0.224580190275379","0.999","0.563821143767744","0.463084407505583","0.765625734290706","0.675741152861521","0.456988587416049","one_way"
"10.5678218001738","0.76496995670279","0.450861446397095","2.05347440440004","0.567821800173809","0.172885991222719","0.9856","0.554095139769653","0.415871255486028","0.767464791219484","0.363596866838634","0.443971665467709","one_way"
"10.6152202865724","0.933285899050351","0.377842460088848","2.13748581314171","0.615220286572419","0.221894484787693","0.9942","0.518446363263725","0.457090827976154","0.755376241145869","0.78100863069073","0.421205825973859","one_way"
"10.5863646057825","0.933596432373794","0.380217863789825","2.17762514628046","0.586364605782494","0.216375457824","0.9962","0.541158261617388","0.416171867516753","0.773068925569854","0.738286285659543","0.432313661848148","one_way"
"10.5678218001738","0.76496995670279","0.450861446397095","2.05347440440004","0.567821800173809","0.172885991222719","0.9856","0.554095139769653","0.415871255486028","0.767464791219484","0.363596866838634","0.443971665467709","one_way"
"10.6786683857872","0.857963439645605","0.412083735971518","1.99233837883708","0.678668385787234","0.212356330451701","0.987","0.48998980014585","0.457090827976154","0.755376241145869","0.78100863069073","0.421205825973859","one_way"
"10.5645774866602","0.946843412534808","0.374347312794956","2.20996633222313","0.564577486660152","0.215734410983507","0.997","0.540437591045729","0.458621695140641","0.743969592817619","0.678330865366115","0.4279432995399","one_way"
"0.0135015687133712","0.0266136400452417","0.669396494280175","0.00140957369459294","0.0135015687133712","0.309376553679786","0.0076","0.191858440870419","0.439404836799031","0.757830706738332","0.802384438476986","0.465289077089542","one_way"
"10.5879806355965","0.85345654238314","0.414237994118748","2.09156579132812","0.587980635596479","0.199491528821461","0.992","0.529948976588208","0.399960661712482","0.734829341503966","0.707853537281022","0.43154133184636","one_way"
"10.5456438354198","0.970961402808141","0.359947957942271","2.25441110322258","0.54564383541976","0.220785737484425","0.9984","0.549012487034402","0.434699313583245","0.742579851813468","0.762633676188385","0.566782603651061","one_way"
"10.5748382444736","0.907105398788944","0.391409070463857","2.15426051573578","0.574838244473573","0.20906824095016","0.995","0.539736406666854","0.413615543802965","0.745861892544296","0.711114484965262","0.435902107511085","one_way"
"10.5828979334091","0.897360638670736","0.395219952161102","2.13958543285371","0.58289793340914","0.207933080719813","0.9948","0.540650316964446","0.395618937926564","0.764555462195143","0.729639086894174","0.4430749789439","one_way"
"10.5535439689311","0.973049744934574","0.359108004464648","2.25109752664243","0.553543968931115","0.222370820103605","0.9978","0.548568070974256","0.43368640648713","0.753511529918884","0.760975534722624","0.681699679847916","one_way"
"10.5896739276781","0.910252159299122","0.39019754048073","2.13761642652371","0.589673927678056","0.210477678946605","0.9946","0.528774912550969","0.442282851925799","0.740811119146201","0.698486171359299","0.450816862686922","one_way"
"10.5692581397189","0.969059713361528","0.361914478061426","2.2382553698006","0.569258139718942","0.22397084499505","0.997","0.545568659913266","0.423448951341651","0.768204943285189","0.79568969964459","0.433845620040995","one_way"
"10.6644219704896","0.827117638452299","0.424357025533138","1.98823080409676","0.664421970489553","0.203269903757857","0.987","0.500586490715166","0.425399736392126","0.757581141412103","0.737406677799299","0.439600910866363","one_way"
"10.5827851600488","0.937525263290623","0.37659036555681","2.18629568186588","0.582785160048832","0.218107413346899","0.9966","0.538434800358053","0.42916121996834","0.766428179039081","0.741330115791347","0.422306356966931","one_way"
"10.6388056595292","0.817416665595542","0.427510325324026","2.01574943643183","0.638805659529187","0.193375988979726","0.9876","0.516639999518871","0.419400734762695","0.760802836669864","0.619532492008513","0.439389752369991","one_way"
"10.6145292636728","0.833880727028585","0.418376851120896","2.06085885854482","0.614529263672781","0.193442901211316","0.9916","0.527444940396632","0.453561348699487","0.76203819569549","0.525073005520851","0.425787739071578","one_way"
"10.5862832687023","0.928369879148875","0.383213869574072","2.16946496072123","0.586283268702298","0.214731884108221","0.9958","0.540137393297343","0.416053708048436","0.767536511463259","0.731499468010445","0.441816601891212","one_way"
"10.5743442660934","0.95135499812057","0.370146604302915","2.20316749484595","0.574344266093363","0.220925813577378","0.997","0.53772567882523","0.440396824691423","0.75997911966132","0.750495526437212","0.431304571351482","one_way"
"10.6180654019368","0.849449440600277","0.415794005263233","2.05850994521084","0.618065401936764","0.202210919941246","0.9902","0.516570697986645","0.420034371858637","0.7411524771056","0.712260648912878","0.449382803046171","one_way"
"10.5677992195584","0.772658611294725","0.446938422948891","2.05223052669377","0.56779921955841","0.175754892292887","0.9866","0.545263094013319","0.416797324202374","0.725325021067751","0.442038566242353","0.435148793309563","one_way"
"10.5666048606324","0.933795763525584","0.380327616856579","2.20624987530704","0.566604860632404","0.209208903143699","0.9974","0.549150283311536","0.443862564555047","0.761841381866897","0.621338996919178","0.433328349790663","one_way"
"10.641418615396","0.834038930198846","0.421813488894935","2.02762016252054","0.641418615396019","0.197161193478214","0.989","0.514223405585289","0.436894070844511","0.761294747824848","0.622634184460174","0.430594446968919","one_way"
"10.5699592453931","0.948729847775116","0.372824421466454","2.20842172168149","0.569959245393063","0.218861512262656","0.997","0.543678620284018","0.427458071337896","0.765580205429107","0.740378448934904","0.425211917357194","one_way"
"10.6120695492253","0.733972467420982","0.464439748705053","1.96949797084166","0.612069549225339","0.17375869329168","0.9756","0.527005109978149","0.437948848438067","0.762914621354282","0.384075068677689","0.442809672959463","one_way"
"10.6786683857872","0.857963439645605","0.412083735971518","1.99233837883708","0.678668385787234","0.212356330451701","0.987","0.48998980014585","0.457090827976154","0.755376241145869","0.78100863069073","0.421205825973859","one_way"
"10.5714164993934","0.845825275469366","0.414471402154262","2.12534819675434","0.571416499393433","0.188645434045296","0.9952","0.551759876484615","0.416826625041302","0.762206349147955","0.501855445647301","0.433463282619782","one_way"
"10.5641399770226","0.922556301021951","0.386097950807272","2.18399583386054","0.56413997702264","0.210539335687276","0.9958","0.54996182405605","0.394775468496968","0.76100566696176","0.731530245460226","0.447057637550688","one_way"
"10.6031532844991","0.934957419105841","0.37737343668165","2.16041932792616","0.603153284499143","0.220034032593982","0.9952","0.526090959268896","0.453327070720292","0.758673834794626","0.744688324942983","0.443872920598821","one_way"
"10.5422301078946","1.00216640138422","0.348886693657375","2.28272988760493","0.542230107894586","0.226171490839859","0.9984","0.555396098066028","0.451012027207957","0.769009178559128","0.730507429136655","0.437590471095946","one_way"
"10.5709319260416","0.948991012144376","0.371911163263963","2.20807656195801","0.570931926041648","0.219927816795102","0.997","0.5430160343886","0.423727031202972","0.767415131151818","0.758438265576313","0.429469562973059","one_way"
"10.5705133173785","0.961281683525005","0.365757069539593","2.22153438308861","0.570513317378542","0.222944370188552","0.997","0.543212143162374","0.418089829930166","0.76674073067791","0.8045098716231","0.494655465743687","one_way"
"10.585364821923","0.888758543114837","0.399038674575197","2.12812133540356","0.585364821923037","0.207501464788316","0.9946","0.538178619182395","0.3904989045583","0.76162175856847","0.747931626074118","0.448887787258772","one_way"
"10.5646084871536","0.955785349771488","0.368578599690155","2.22247732642696","0.564608487153597","0.220672704496578","0.9974","0.546889713755512","0.411968122435507","0.760916663996256","0.790726408616441","0.527260915300481","one_way"
"10.2971891605144","1.46499123060883","0.267314379058602","2.84608845513906","0.297189160514441","0.106320715613232","1","0.8","0.7","0.5","0.4","0.4","roller_coaster"
"10.2971891605144","1.46499123060883","0.267314379058602","2.84608845513906","0.297189160514441","0.106320715613232","1","0.8","0.7","0.5","0.4","0.4","roller_coaster"
"0.897086492307073","0.871008562285624","0.579519660021808","0.177256812981706","0.897086492307073","0.182376011360641","0.2246","0.2655086631421","0.380035179434344","0.79423986072652","0.0706790471449494","0.34668348915875","roller_coaster"
"10.5785165732939","1.09235224895702","0.471055569815352","2.04043924807005","0.578516573293871","0.02972549509663","0.9794","0.37212389963679","0.777445221319795","0.107943625887856","0.0994661601725966","0.333774930797517","roller_coaster"
"10.7721776547001","1.2982179528877","0.349765389843187","2.07242934133694","0.772177654700127","0.128162180646009","0.9916","0.572853363351896","0.934705231105909","0.723710946040228","0.31627170718275","0.476351245073602","roller_coaster"
"10.2783616689599","1.37646207750278","0.325628661189443","2.7720156984682","0.278361668959861","0.0632065800627645","1","0.908207789994776","0.212142521282658","0.411274429643527","0.518634263193235","0.892198335845023","roller_coaster"
"0.46968843084739","0.773024752407812","0.639595288025284","0.0514928330954349","0.46968843084739","0.208872653474275","0.0742","0.201681931037456","0.651673766085878","0.820946294115856","0.662005076417699","0.864339470630512","roller_coaster"
"10.2307052878487","1.46786854576683","0.277941925369011","2.89188592641628","0.230705287848737","0.0883926546267792","1","0.898389684967697","0.125555095961317","0.647060193819925","0.406830187188461","0.389989543473348","roller_coaster"
"10.1587241418821","1.5566295677912","0.222012854832742","3.06645581211114","0.158724141882072","0.119671309046798","1","0.944675268605351","0.267220668727532","0.78293276228942","0.912875924259424","0.777320698834956","roller_coaster"
"10.5425129030636","1.28601520373431","0.364601604419423","2.37341593239897","0.542512903063591","0.0857771746599664","0.9978","0.660797792486846","0.386114092543721","0.553036311641335","0.293603372760117","0.960617997217923","roller_coaster"
"10.5977396603733","1.25282602153201","0.387025527114075","2.25915983843955","0.597739660373304","0.0802110333643689","0.9948","0.62911404389888","0.0133903331588954","0.529719580197707","0.459065726259723","0.434659484773874","roller_coaster"
"0.146208331541876","0.543402868595062","0.769182046050621","0.0153086826989935","0.146208331541876","0.241314487596841","0.0024","0.0617862704675645","0.382387957070023","0.789356231689453","0.332394674187526","0.712514678714797","roller_coaster"
"10.5022574840122","1.08796242076944","0.473186173176695","2.12994787564026","0.50225748401218","0.0183989687453052","0.9784","0.205974574899301","0.86969084572047","0.023331202333793","0.65087046707049","0.399994368897751","roller_coaster"
"1.10993153978172","0.881335489415456","0.578936952719803","0.434242897535887","1.10993153978172","0.120326949254079","0.433","0.176556752528995","0.34034899668768","0.477230065036565","0.258016780717298","0.325352151878178","roller_coaster"
"10.5120976686132","1.37706732474286","0.314612780696585","2.47218543818928","0.512097668613238","0.117480077580252","0.9988","0.687022846657783","0.482080115471035","0.7323137386702","0.478545248275623","0.757087148027495","roller_coaster"
"1.19943340274212","1.05900212650993","0.477983538734432","0.951655464907078","1.19943340274212","0.128013334560396","0.7374","0.384103718213737","0.599565825425088","0.692731556482613","0.766310670645908","0.202692255144939","roller_coaster"
"10.3864551033169","1.33652722093358","0.344031138840169","2.61182774993117","0.3864551033169","0.0725593258869171","1","0.769841419998556","0.493541307048872","0.477619622135535","0.0842469143681228","0.711121222469956","roller_coaster"
"6.1251162159389","1.17065841904292","0.417314193103829","1.35471362734946","1.1251162159389","0.136974986546208","0.8738","0.497699242085218","0.186217601411045","0.8612094768323","0.875321330036968","0.121691921027377","roller_coaster"
"10.388280233602","1.39638765168954","0.305359124476978","2.67331544563579","0.388280233601954","0.0930840312691583","1","0.717618508264422","0.827373318606988","0.438097107224166","0.339072937844321","0.245488513959572","roller_coaster"
"10.1415740576946","1.64292736977665","0.1711376866074","3.13180330908497","0.141574057694609","0.154056465851368","1","0.991906094830483","0.668466738192365","0.244797277031466","0.839440350187942","0.14330437942408","roller_coaster"
"5.6731431474224","1.04288453371246","0.497908903109161","1.84073282363045","0.673143147422395","0.0318097726465632","0.9398","0.1","0.1","0.1","0.1","0.1","roller_coaster"
"5.83300289585293","1.03050051990941","0.506196211053803","1.62928919339051","0.833002895852933","0.0470251575382601","0.9238","0.2","0.2","0.2","0.2","0.2","roller_coaster"
"5.9082969780641","1.04043603628365","0.498357172321591","1.55430985414926","0.908296978064102","0.0603081344852355","0.9206","0.3","0.3","0.3","0.3","0.3","roller_coaster"
"5.89733687259238","1.08494007249981","0.473924018347168","1.64197139054699","0.897336872592383","0.0722070858705533","0.9478","0.4","0.4","0.4","0.4","0.4","roller_coaster"
"10.8129524120414","1.16230020810992","0.428152435981952","1.86505087778508","0.812952412041408","0.0854532140457604","0.9794","0.5","0.5","0.5","0.5","0.5","roller_coaster"
"10.6461837148896","1.2997745490487","0.355305398601474","2.23533474891466","0.646183714889649","0.107161354211978","0.9964","0.6","0.6","0.6","0.6","0.6","roller_coaster"
"10.4250455851966","1.47058719247217","0.267262135041916","2.66027037468644","0.425045585196641","0.142011016582713","0.9996","0.7","0.7","0.7","0.7","0.7","roller_coaster"
"10.2175242601633","1.62600435870497","0.176301783944065","3.02918911563283","0.217524260163333","0.187240128439308","1","0.8","0.8","0.8","0.8","0.8","roller_coaster"
"10.0885200005757","1.76659277694574","0.0969012200586231","3.26994436241053","0.0885200005756615","0.255219733857818","1","0.9","0.9","0.9","0.9","0.9","roller_coaster"
"10.0262740162318","1.86688773000141","0.0480865303273369","3.40142752433895","0.0262740162317656","0.342977753500809","1","1","1","1","1","1","roller_coaster"
"10.4926599978469","1.22459066996222","0.391502500503942","2.364227194853","0.492659997846851","0.0520319056631877","0.9998","0.563051501135788","0.91457369366958","0.203945370795027","0.328135484075338","0.433203798355968","roller_coaster"
"10.2216461683721","1.49495783304782","0.25310979558145","2.95263462190976","0.221646168372083","0.106902486025364","1","0.890221909670994","0.379864949603735","0.655651111785384","0.474981363903004","0.434708552363912","roller_coaster"
"10.3951047129374","1.3677844885212","0.327980085784459","2.61989044497388","0.395104712937423","0.0857543608347454","1","0.762875326237411","0.069813003026444","0.609693567110033","0.457092415258254","0.418314725031277","roller_coaster"
"10.8129524120414","1.16230020810992","0.428152435981952","1.86505087778508","0.812952412041408","0.0854532140457604","0.9794","0.5","0.5","0.5","0.5","0.5","roller_coaster"
"10.5785165732939","1.09235224895702","0.471055569815352","2.04043924807005","0.578516573293871","0.02972549509663","0.9794","0.37212389963679","0.777445221319795","0.107943625887856","0.0994661601725966","0.333774930797517","roller_coaster"
"10.1776966148573","1.62187610844251","0.184117573481765","3.07741299466516","0.177696614857339","0.165498966266844","1","0.868702381005946","0.644470141337637","0.894321979050179","0.490309965704536","0.93143801192786","roller_coaster"
"10.6677924410484","1.22991222010049","0.38902447994696","2.15231704733823","0.667792441048364","0.0861708445004969","0.9944","0.567753477593855","0.607066249265579","0.490117092658347","0.397272006346621","0.368409981354447","roller_coaster"
"6.05807944245286","1.04301691493004","0.496638995142892","1.26780264299245","1.05807944245286","0.0874164401727926","0.857","0.349787701922469","0.6463687219657","0.473677173163742","0.389471249748021","0.348841641889885","roller_coaster"
"10.8129524120414","1.16230020810992","0.428152435981952","1.86505087778508","0.812952412041408","0.0854532140457604","0.9794","0.5","0.5","0.5","0.5","0.5","roller_coaster"
"1.1306503612428","0.898384127412783","0.570979281585614","0.429137179080446","1.1306503612428","0.12915278353781","0.4316","0.21577643711541","0.889822383156799","0.543096777578994","0.639006690177902","0.443141815615385","roller_coaster"
"10.2490818049486","1.58199046186139","0.203897473110376","2.96390315095149","0.249081804948555","0.158634446937616","1","0.79384172905516","0.759014551916205","0.695006538163039","0.689013916842196","0.788449123913375","roller_coaster"
"10.4312814066716","1.41658737090233","0.295409481371389","2.63088828266974","0.431281406671583","0.116863980151145","0.9994","0.6920954114809","0.641643951206084","0.558714332591156","0.703293407055581","0.929179985290063","roller_coaster"
"10.7247700804267","1.16179186732104","0.432310200209081","1.99871731987707","0.724770080426748","0.0706088394940236","0.9868","0.505340952521719","0.507387910530414","0.400019177811912","0.443734091678028","0.586806965565226","roller_coaster"
"10.2971891605144","1.46499123060883","0.267314379058602","2.84608845513906","0.297189160514441","0.106320715613232","1","0.8","0.7","0.5","0.4","0.4","roller_coaster"
"10.5872213678386","1.1298482611129","0.451757659049578","2.12363510150493","0.587221367838647","0.039042569767775","0.9922","0.416479098731817","0.778107232206421","0.153597188964028","0.51083215549089","0.0222068231087178","roller_coaster"
"10.1392426666509","1.65707989555673","0.1641850311534","3.1462087692633","0.139242666650866","0.160256832751211","1","0.9909164562321","0.794111196371102","0.14627291824688","0.731850664954764","0.252172307407815","roller_coaster"
"10.6749901347677","1.20166828914659","0.412512485544527","2.12087205778612","0.674990134767708","0.0749679320761092","0.9912","0.553805793772854","0.752137426260416","0.440238186746144","0.134277316770191","0.504055113259786","roller_coaster"
"10.1814771894342","1.57486759306646","0.209503174918561","3.05006306338817","0.181477189434223","0.126336938875164","1","0.917457795625146","0.644471072668315","0.441237477344929","0.604175677335281","0.202736232974234","roller_coaster"
"5.98965624874169","1.08443189723516","0.473572745369894","1.49313004901904","0.989656248741694","0.08536570430372","0.9244","0.40880327493514","0.433282747422102","0.487112972378218","0.260744774370677","0.356942170523731","roller_coaster"
"10.1630627967187","1.66080734742773","0.160289559543421","3.1144035879444","0.163062796718684","0.18500518978937","1","0.855644800904973","0.899337989113374","0.854346436923828","0.488634004681706","0.494276830026967","roller_coaster"
"10.2971891605144","1.46499123060883","0.267314379058602","2.84608845513906","0.297189160514441","0.106320715613232","1","0.8","0.7","0.5","0.4","0.4","roller_coaster"
"10.3937823164977","1.35615647453892","0.335436489444049","2.60067180683666","0.393782316497675","0.0804862954968637","1","0.764628402629166","0.0691324260937687","0.567086206907599","0.40880349818993","0.406334303215945","roller_coaster"
"10.6700069038471","1.05163287756942","0.491250842127735","1.8678051194363","0.670006903847133","0.0340270792474464","0.9562","0.206964213497684","0.744046387541732","0.121855561118379","0.758460152303668","0.291126440914017","roller_coaster"
"10.5152165654788","1.34488963892375","0.33229979303636","2.45310570304416","0.515216565478812","0.103091118765594","0.9988","0.695190621954485","0.227770261828617","0.723722820704742","0.41039407156108","0.71236813913693","roller_coaster"
"10.3983166836889","1.25679170794419","0.375473413756473","2.51455384161453","0.39831668368885","0.0438942357629184","1","0.664205968985984","0.713941471640166","0.0947052420352781","0.45886958028867","0.399994435528068","roller_coaster"
"6.01392454112074","1.05240086365955","0.48845507731055","1.37427541770943","1.01392454112073","0.08275770297951","0.898","0.341768605913317","0.855749374080304","0.428625960298515","0.59200088678182","0.399999933369683","roller_coaster"
"10.3576805692403","1.38773770970284","0.30578883110756","2.70712260314632","0.357680569240262","0.0916324391256105","1","0.775999690943396","0.534526755132667","0.582613083972495","0.195232997525926","0.722672098556581","roller_coaster"
"10.4152719629607","1.27173919064125","0.378211564160219","2.50795478168261","0.415271962960724","0.0555476827830408","1","0.750212298077531","0.3536312780343","0.326322826836258","0.310528750251979","0.351158358110115","roller_coaster"
"10.7721776547001","1.2982179528877","0.349765389843187","2.07242934133694","0.772177654700127","0.128162180646009","0.9916","0.572853363351896","0.934705231105909","0.723710946040228","0.31627170718275","0.476351245073602","roller_coaster"
"10.4137746260437","1.29782156199414","0.355344788198666","2.54384503884668","0.413774626043675","0.0658395402940033","1","0.735246091692184","0.410109758067771","0.356596111327873","0.528868045612778","0.90118614366777","roller_coaster"
"10.2718857785679","1.43574746334906","0.280394149285135","2.84272504573714","0.271885778567852","0.0806696150300164","1","0.841666405950514","0.771059382795012","0.110366805921919","0.50779972041003","0.349018496691642","roller_coaster"
"10.5785165732939","1.09235224895702","0.471055569815352","2.04043924807005","0.578516573293871","0.02972549509663","0.9794","0.37212389963679","0.777445221319795","0.107943625887856","0.0994661601725966","0.333774930797517","roller_coaster"
"10.2276086030706","1.56730458093147","0.21097550817271","2.99205096823402","0.227608603070567","0.143899769276849","1","0.829422974070755","0.743514884263277","0.658858013369915","0.521138593614034","0.527448175985682","roller_coaster"
"10.2933304718879","1.48367102837924","0.256528581078399","2.85218742038934","0.293330471887883","0.113751879200354","1","0.787429795844611","0.725316844989161","0.480556305547126","0.51434398634394","0.642407120019466","roller_coaster"
"10.4104282356956","1.3640996803947","0.320013797571438","2.61643124167122","0.410428235695601","0.0845552140769938","1","0.670617902196532","0.74763917856721","0.309155474651191","0.633539510786927","0.546036439421976","roller_coaster"
"6.07352820479819","1.06753975897275","0.478174057288526","1.31746312002413","1.07352820479819","0.0960907885730491","0.8706","0.39835687136777","0.559763411338355","0.551243932178491","0.102617052065335","0.37935095776407","roller_coaster"
"10.7721776547001","1.2982179528877","0.349765389843187","2.07242934133694","0.772177654700127","0.128162180646009","0.9916","0.572853363351896","0.934705231105909","0.723710946040228","0.31627170718275","0.476351245073602","roller_coaster"
"10.9214727897117","1.14071174420139","0.440445885182248","1.67731531395216","0.921472789711665","0.0924034463159997","0.9618","0.44265722398164","0.732848276954253","0.501214609631313","0.518444377872822","0.697957615427009","roller_coaster"
"10.3354761793257","1.45424490238606","0.268129155664378","2.78398291609876","0.335476179325651","0.121057322236755","1","0.780305477606241","0.558218168427142","0.752523126840926","0.298727977034682","0.817458032917125","roller_coaster"
"10.3906122267245","1.36737074460739","0.327956518747025","2.63193005174095","0.39061222672446","0.0861226119190544","1","0.763919876297355","0.193476091609583","0.606506716128022","0.444875765067299","0.663352379251292","roller_coaster"
"10.722730942867","1.15634092755562","0.435651840901196","2.00201299012784","0.722730942866957","0.0694574447098107","0.9882","0.487200107262351","0.594357162640547","0.372807663550046","0.504629436679401","0.410969498523126","roller_coaster"
"10.7429582642821","1.17141474509639","0.426822266235323","1.9881601578568","0.742958264282056","0.0772843647681594","0.9852","0.524050836278309","0.598964822885447","0.460255289217457","0.15613882509408","0.552834907578948","roller_coaster"
"10.2213790953502","1.5487228325817","0.220196140855005","2.98735061707447","0.221379095350245","0.137548166732851","1","0.8546406646554","0.542615706763077","0.691799636578508","0.642856687131166","0.695709500291605","roller_coaster"
"10.3812817818667","1.38666803124435","0.307868733580308","2.67540993319058","0.381281781866727","0.0952201772600053","1","0.753476192560385","0.476454902570078","0.562901502195943","0.442612973153054","0.403027273239345","roller_coaster"
"10.2691152774171","1.46045063221725","0.269332648307551","2.86498302711775","0.269115277417117","0.0909292778577756","1","0.81345601926757","0.736993285216256","0.13061135436024","0.682920524833404","0.303148246244241","roller_coaster"
"10.3678086064306","1.3755534462272","0.316620190258555","2.68212843622539","0.36780860643063","0.0880530589707006","1","0.774955140883452","0.410863666549527","0.585799934954507","0.207449647716881","0.477634444336566","roller_coaster"
"10.4281964490846","1.39375115871367","0.306872384912204","2.61737171492412","0.428196449084551","0.104261392244343","0.9994","0.694867778780992","0.671193035466612","0.510496440710668","0.538072329048182","0.788055909633534","roller_coaster"
"10.4074129536182","1.28791812976875","0.366944984130071","2.53185371190937","0.407412953618171","0.0600324380680286","1","0.748916548963692","0.371585108979581","0.344267273217556","0.439874630168537","0.820836549991374","roller_coaster"
"10.9375367016254","1.16714634665944","0.420297550225082","1.70119768051172","0.937536701625404","0.104748793488077","0.9592","0.497200178334845","0.519534720332597","0.62891182458747","0.452326763040531","0.470922149534466","roller_coaster"
"10.2830631002732","1.5019212742181","0.248599303901221","2.87616072959933","0.283063100273208","0.121686274711214","1","0.797227632699909","0.670450915739472","0.548217891880489","0.565221078007399","0.541124075656529","roller_coaster"
"10.7111280625182","1.12525531607892","0.455271497085981","1.97388492592168","0.7111280625182","0.0572048401925192","0.9868","0.429278991469466","0.683750069565874","0.280789525413982","0.506202718811489","0.111237324585592","roller_coaster"
"10.6919444466956","1.21619572102255","0.405153701386963","2.08709104936755","0.691944446695633","0.0836225767490853","0.9892","0.577152611270881","0.200424349721944","0.536909157572437","0.411751448451821","0.38369743314638","roller_coaster"
"10.5785165732939","1.09235224895702","0.471055569815352","2.04043924807005","0.578516573293871","0.02972549509663","0.9794","0.37212389963679","0.777445221319795","0.107943625887856","0.0994661601725966","0.333774930797517","roller_coaster"
"10.6941422320162","1.20565814148186","0.401476841823247","2.10437168656027","0.694142232016163","0.0802523853151961","0.9926","0.535095910016264","0.660560513905383","0.439117859845469","0.421872583354139","0.538027171246064","roller_coaster"
"10.8129524120414","1.16230020810992","0.428152435981952","1.86505087778508","0.812952412041408","0.0854532140457604","0.9794","0.5","0.5","0.5","0.5","0.5","roller_coaster"
"10.2910631070182","1.41035914512453","0.299457223041457","2.78786012454076","0.291063107018206","0.0733609323514051","1","0.863988937940015","0.597546759585175","0.212350805494748","0.471830472010266","0.38913252539736","roller_coaster"
"10.7516643023451","1.11985680304028","0.455970424514937","1.87810572306794","0.751664302345102","0.0618736589710399","0.9782","0.459497611470529","0.238968372416097","0.344363772191808","0.650409845991926","0.305536964623938","roller_coaster"
"10.4181165361969","1.27980304711856","0.371699517969478","2.51606104292248","0.418116536196916","0.0593131447167473","1","0.736541840806023","0.39215592712249","0.338651664946575","0.39952216569622","0.43150795178651","roller_coaster"
"10.3423809420441","1.39133223095702","0.303612403819035","2.73312612398496","0.342380942044075","0.0906161243161974","1","0.791670979309062","0.389211362682139","0.550085144582301","0.52784195246091","0.686085285918851","roller_coaster"
"10.3088817924486","1.39321805720112","0.303044795057868","2.75889814775864","0.308881792448615","0.0813127753443038","1","0.833797022054117","0.400763344989368","0.462162078530956","0.476007457054872","0.649809410112831","roller_coaster"
"10.7414333153847","1.17753149623352","0.422944812985272","1.99585542896998","0.741433315384736","0.0784188060523959","0.9866","0.524050836278309","0.598964822885447","0.460255289217457","0.239086773013696","0.552834907578948","roller_coaster"
"10.5206517086675","1.36296049610759","0.322663783286409","2.4524809935312","0.520651708667529","0.111610386354277","0.9988","0.677370960564821","0.52244957100001","0.68292773769196","0.422661516426233","0.803967827464961","roller_coaster"
"10.7929349474666","1.17066190321426","0.424041273000078","1.9015921143023","0.792934947466593","0.0848717041860803","0.9816","0.511314235023576","0.485859048757599","0.501443366463442","0.471982172842069","0.448329167534692","roller_coaster"
"10.7660935226949","1.17080856057591","0.425591836876734","1.94808163352718","0.76609352269489","0.0806736790911529","0.9852","0.514474345019287","0.508736062341229","0.473877300944268","0.385810258842527","0.544139287346694","roller_coaster"
"10.7721776547001","1.2982179528877","0.349765389843187","2.07242934133694","0.772177654700127","0.128162180646009","0.9916","0.572853363351896","0.934705231105909","0.723710946040228","0.31627170718275","0.476351245073602","roller_coaster"
"10.3294858438624","1.39206595894669","0.303913614736312","2.74053055979897","0.329485843862403","0.087512708987054","1","0.805130087315462","0.397911317040207","0.515492955218355","0.505758931590617","0.651608508845272","roller_coaster"
"10.4317114102043","1.33604284960476","0.332974404415701","2.56282671191714","0.431711410204299","0.0828166336859592","1","0.712029341688423","0.524678412818348","0.461071004585399","0.4310278273458","0.621757433892155","roller_coaster"
"10.3885368871695","1.32756142684176","0.340970995855989","2.6012017056004","0.388536887169495","0.0660873566427159","1","0.740449109209725","0.56312736313744","0.287783450410362","0.456509532432376","0.456038103768382","roller_coaster"
"10.2695261101462","1.51815856548611","0.237574836614055","2.90368354024006","0.269526110146199","0.130392537505456","1","0.808097398133489","0.658750220107038","0.645581636314994","0.508140692976149","0.645970214539952","roller_coaster"
"10.3979857223516","1.30284312055147","0.35799728191459","2.57531243265656","0.397985722351636","0.0618943593932035","1","0.747521221484949","0.625346164806632","0.33650659290782","0.174551901794907","0.401631830060918","roller_coaster"
"10.9375367016254","1.16714634665944","0.420297550225082","1.70119768051172","0.937536701625404","0.104748793488077","0.9592","0.497200178334845","0.519534720332597","0.62891182458747","0.452326763040531","0.470922149534466","roller_coaster"
"10.7133705530313","1.28695786613074","0.359075249275981","2.12570823989976","0.713370553031264","0.112604523887881","0.992","0.600134695376266","0.555303317759729","0.698507213736436","0.32839322364898","0.48441235498663","roller_coaster"
"10.9214727897117","1.14071174420139","0.440445885182248","1.67731531395216","0.921472789711665","0.0924034463159997","0.9618","0.44265722398164","0.732848276954253","0.501214609631313","0.518444377872822","0.697957615427009","roller_coaster"
"10.7516643023451","1.11985680304028","0.455970424514937","1.87810572306794","0.751664302345102","0.0618736589710399","0.9782","0.459497611470529","0.238968372416097","0.344363772191808","0.650409845991926","0.305536964623938","roller_coaster"
"10.2826470580945","1.46932427053946","0.267299349936664","2.85166631590033","0.282647058094487","0.0991186058920858","1","0.791127433878928","0.731430369633376","0.284439764014736","0.625662290759774","0.516112677254284","roller_coaster"
"10.7459500174212","1.09310958154666","0.471482905742166","1.85624859307575","0.745950017421217","0.0532123763312551","0.9726","0.399961689481845","0.46837780235929","0.274030683045613","0.359502577479054","0.410271006266171","roller_coaster"
"10.3232830600214","1.43223005727472","0.283849413779685","2.78216845402215","0.323283060021429","0.0975734346627843","1","0.781507965946566","0.606299347077983","0.406512497667385","0.598545073261611","0.573900096319998","roller_coaster"
"10.9375367016254","1.16714634665944","0.420297550225082","1.70119768051172","0.937536701625404","0.104748793488077","0.9592","0.497200178334845","0.519534720332597","0.62891182458747","0.452326763040531","0.470922149534466","roller_coaster"
"10.4134871727805","1.23823595454496","0.390685103043285","2.48996695098768","0.413487172780472","0.0430691131360968","1","0.721078759118637","0.680652527940085","0.178180216059799","0.179838212862079","0.744340474522721","roller_coaster"
"10.4687688164397","1.3297719992592","0.340798946296127","2.50922902701162","0.468768816439651","0.0845868007676567","0.9994","0.680780915559028","0.530551194171366","0.452728121566107","0.562836389986226","0.65822162902083","roller_coaster"
"10.7849138034639","1.10830647916676","0.465809549162797","1.84276151690232","0.78491380346389","0.0609827682087378","0.9744","0.416273657460903","0.541310419195301","0.321522177562337","0.4527562108386","0.618228386655451","roller_coaster"
"10.5422310132489","1.25690329715138","0.382952304850069","2.35090670836143","0.542231013248856","0.0741993892404568","0.9982","0.645818516644002","0.475049755056467","0.461346363163014","0.201118454803152","0.580886883799624","roller_coaster"
"10.5577000287456","1.29438088813156","0.355532951616042","2.35985217589746","0.557700028745572","0.0890667791195422","0.9984","0.617683613833235","0.718756859168654","0.479138444114745","0.368355520329543","0.562732123282523","roller_coaster"
"10.3552448269332","1.38828356322595","0.311927948399729","2.70037179091844","0.355244826933225","0.0900123220737884","1","0.785245452234621","0.278240755765822","0.619783093182943","0.457873665705185","0.544830340697022","roller_coaster"
"10.4527887487578","1.32076681889473","0.339576947242685","2.52510504546541","0.452788748757806","0.0818232029812231","0.9996","0.693797018289685","0.605524808705954","0.461673150649839","0.302127291108476","0.632509904315892","roller_coaster"
"10.3164487011014","1.39573256186398","0.302995504284669","2.75394741045678","0.316448701101385","0.0850431913602359","1","0.820337914047716","0.392063390631299","0.496754267894902","0.498090477925165","0.68428618718641","roller_coaster"
"10.7849994563088","1.16911737747842","0.426541083334783","1.91622158626227","0.784999456308778","0.08279234337099","0.9816","0.509576491259021","0.590228760544218","0.486377988273189","0.270328566251553","0.508695620232254","roller_coaster"
"10.3944026975698","1.38661560356089","0.309866956959352","2.65955817155775","0.39440269756984","0.0966345729273752","1","0.742161957536809","0.490595853812479","0.561458135732501","0.470630800310986","0.454698105704653","roller_coaster"
"10.8164560038836","1.2064284180876","0.401600241822075","1.91982655627637","0.816456003883596","0.102324413137948","0.9842","0.486315455082465","0.756933564945431","0.511959812056002","0.830385908484459","0.573446327320741","roller_coaster"
"10.2719811710735","1.48077049847552","0.258919413984189","2.87552016867521","0.271981171073501","0.103430017736998","1","0.809758381233253","0.73087976057204","0.32672789589263","0.57160222041757","0.429442689009424","roller_coaster"
"10.3853855403542","1.43814131003792","0.278868741439657","2.71178361014489","0.385385540354221","0.122040914038507","1","0.746848921993822","0.53640996396297","0.713102679699659","0.50300092675902","0.466999475432261","roller_coaster"
"10.6805134215693","1.30025236832962","0.354777612854801","2.18203669641865","0.680513421569316","0.11314215324527","0.9952","0.608869003869328","0.535668465648082","0.686267097482087","0.450665075311168","0.639054460733793","roller_coaster"
"10.3128993834541","1.46098075514","0.270085075799257","2.81616935806757","0.312899383454128","0.105514623325238","1","0.774938800927855","0.719148209427418","0.445585483898422","0.49962912100435","0.584200647469317","roller_coaster"
"10.6275830516457","1.33441260170831","0.336022501683897","2.28318539809397","0.627583051645705","0.119535363926989","0.997","0.612538599486526","0.653035371387036","0.650806959363795","0.630457815833966","0.590257503496283","roller_coaster"
"10.9375367016254","1.16714634665944","0.420297550225082","1.70119768051172","0.937536701625404","0.104748793488077","0.9592","0.497200178334845","0.519534720332597","0.62891182458747","0.452326763040531","0.470922149534466","roller_coaster"
"10.7226088291117","1.24851035623942","0.38154508449613","2.09165302903164","0.722608829111691","0.0996542278510023","0.9938","0.551147816160759","0.626347764558405","0.544080590384168","0.622589609076726","0.787156651289419","roller_coaster"
"1.19943942375257","1.06086183576585","0.476820867853389","0.989041125650091","1.19943942375257","0.125262416448068","0.7484","0.399961689481845","0.46837780235929","0.707990671508014","0.359502577479054","0.410271006266171","roller_coaster"
"10.4809413866647","1.35021529991982","0.329654217437818","2.50762241081038","0.480941386664741","0.0966180720776149","0.9992","0.663572500431788","0.602671271646177","0.485027542861822","0.643897919270133","0.59549775177431","roller_coaster"
"10.8345935317895","1.17397559976956","0.422442263840008","1.86374469291527","0.834593531789504","0.0915003767292757","0.9768","0.507171809987344","0.513819730584544","0.543248742323205","0.454809637006821","0.448953485312125","roller_coaster"
"10.4268673630074","1.32595376927618","0.338364483542731","2.55795994806","0.426867363007396","0.0773503746634639","1","0.715044048422563","0.599426265083637","0.43956626972165","0.257232591814736","0.556719444448789","roller_coaster"
"10.4846613848173","1.3129831218508","0.345622354435817","2.47114027444255","0.484661384817302","0.0836808686488198","0.9994","0.672046607065965","0.550186046283014","0.464968237820456","0.440564538324038","0.503579523273666","roller_coaster"
"10.8185049697811","1.14492403229345","0.435984670154982","1.85727569510549","0.81850496978112","0.0793145721420857","0.98","0.449819485998333","0.730606952491477","0.414232711694073","0.536724506704304","0.59542782931916","roller_coaster"
"10.9214727897117","1.14071174420139","0.440445885182248","1.67731531395216","0.921472789711665","0.0924034463159997","0.9618","0.44265722398164","0.732848276954253","0.501214609631313","0.518444377872822","0.697957615427009","roller_coaster"
"10.459628940494","1.28659977892242","0.360167904939927","2.48365933297778","0.45962894049398","0.0693261353687022","1","0.687707030104289","0.471337767475573","0.377703752539848","0.490671543217552","0.63608846119274","roller_coaster"
"10.8192350673767","1.13536411345297","0.445412429027287","1.83286229609202","0.819235067376746","0.0770758515986322","0.9782","0.452769626545035","0.567637031649256","0.419249277924266","0.746417612618754","0.596246884657032","roller_coaster"
"10.5090672330528","1.30459418796177","0.347743963606309","2.44669571765042","0.509067233052768","0.0878500506675894","0.999","0.668604499366796","0.525184669033778","0.527489847709355","0.339545602691187","0.10102623119019","roller_coaster"
"10.9086528922938","1.22537980658745","0.383173330372477","1.79870767218845","0.908652892293833","0.122631061894951","0.97","0.530529826154613","0.752054961179464","0.717968701966456","0.3387872405027","0.472481331569901","roller_coaster"
"1.22849912895449","1.12560676795724","0.439815927805391","0.905236329068697","1.22849912895449","0.166988921848008","0.697","0.459497611470529","0.238968372416097","0.985662204911932","0.650409845991926","0.305536964623938","roller_coaster"
"10.7628914826032","1.21141368408693","0.400939050482181","1.98010384977305","0.762891482603221","0.0930100321150871","0.9894","0.503523870209705","0.684813487470621","0.479660390760287","0.749324379200552","0.63617020456726","roller_coaster"
"10.8096588876343","1.19738298591467","0.406418638671713","1.92249219041359","0.809658887634283","0.0969415645059803","0.9816","0.522392697257734","0.599874860004773","0.563095127527954","0.41490845145782","0.62400413267345","roller_coaster"
"10.9375367016254","1.16714634665944","0.420297550225082","1.70119768051172","0.937536701625404","0.104748793488077","0.9592","0.497200178334845","0.519534720332597","0.62891182458747","0.452326763040531","0.470922149534466","roller_coaster"
"10.7459500174212","1.09310958154666","0.471482905742166","1.85624859307575","0.745950017421217","0.0532123763312551","0.9726","0.399961689481845","0.46837780235929","0.274030683045613","0.359502577479054","0.410271006266171","roller_coaster"
"10.8940100727663","1.16861481889791","0.423216729639874","1.76900019083892","0.894010072766261","0.0975960498293968","0.9694","0.501342603371077","0.491574038505652","0.587106448727707","0.469499298875779","0.470297831757033","roller_coaster"
"10.8110662798206","1.2365332513349","0.383123917649363","1.95490264555175","0.811066279820595","0.111213665842846","0.9846","0.541119189932942","0.702184990259041","0.634654068661242","0.429811229720582","0.474792063038166","roller_coaster"
"10.7849994563088","1.16911737747842","0.426541083334783","1.91622158626227","0.784999456308778","0.08279234337099","0.9816","0.509576491259021","0.590228760544218","0.486377988273189","0.270328566251553","0.508695620232254","roller_coaster"
"10.7929349474666","1.17066190321426","0.424041273000078","1.9015921143023","0.792934947466593","0.0848717041860803","0.9816","0.511314235023576","0.485859048757599","0.501443366463442","0.471982172842069","0.448329167534692","roller_coaster"
"10.4280565166264","1.31767991294533","0.349223216704031","2.5590483280326","0.428056516626374","0.0761414543075264","1","0.727551271314279","0.420924189193665","0.476685411584914","0.283214460186531","0.619703690386809","roller_coaster"
"10.7233028990126","1.18572822588297","0.419654695266735","2.03620855635561","0.723302899012648","0.0779391312152079","0.9888","0.533696714672075","0.467883968759935","0.459311380240844","0.467843599211665","0.633748434307983","roller_coaster"
"10.5742847990061","1.27445776427112","0.365392255178236","2.32450865432143","0.574284799006098","0.0855514740588812","0.998","0.616837479011746","0.570104024323081","0.480324145527445","0.45396279075233","0.617417404378549","roller_coaster"
"10.5839949028834","1.2621812205715","0.372765740479409","2.28207182691589","0.583994902883387","0.0817172042314699","0.9982","0.590514753802312","0.605837904879793","0.427201517163193","0.580399254460571","0.570015559450157","roller_coaster"
"10.6608313622146","1.18046599159434","0.422476786814998","2.11726020651335","0.660831362214595","0.0680693887531043","0.9928","0.534302616038853","0.4985405966819","0.379099441039491","0.526174480419821","0.597163585278207","roller_coaster"
"0.284330742418867","0.665674232823596","0.695970954370549","0.0303065607980849","0.284330742418867","0.202254363938085","0.0344","0.0155072559136897","0.638288194198757","0.549290906924972","0.459472060182609","0.603701609498952","roller_coaster"
"10.9375367016254","1.16714634665944","0.420297550225082","1.70119768051172","0.937536701625404","0.104748793488077","0.9592","0.497200178334845","0.519534720332597","0.62891182458747","0.452326763040531","0.470922149534466","roller_coaster"
"10.8345935317895","1.17397559976956","0.422442263840008","1.86374469291527","0.834593531789504","0.0915003767292757","0.9768","0.507171809987344","0.513819730584544","0.543248742323205","0.454809637006821","0.448953485312125","roller_coaster"
"10.9214727897117","1.14071174420139","0.440445885182248","1.67731531395216","0.921472789711665","0.0924034463159997","0.9618","0.44265722398164","0.732848276954253","0.501214609631313","0.518444377872822","0.697957615427009","roller_coaster"
"10.9465516132564","1.16130574574154","0.422856964084805","1.67776368799665","0.946551613256444","0.104681997801914","0.9584","0.487877436189173","0.546679662876898","0.617013366431917","0.513692454561337","0.51133181168393","roller_coaster"
"10.6498156324629","1.20052986046432","0.411160611330121","2.14576855565031","0.649815632462929","0.0730262698044185","0.9934","0.560543606414372","0.523622544462446","0.422459218755481","0.343716378287876","0.384936335485039","roller_coaster"
"10.5923187941743","1.26065979167679","0.372028695867536","2.28571579837003","0.592318794174342","0.0834980340946508","0.9978","0.598756035984431","0.579093500104674","0.456657774138241","0.522394128163152","0.590484568108006","roller_coaster"
"10.9251041580314","1.18750788263248","0.40809241028252","1.73952193485835","0.925104158031412","0.110390424339851","0.9632","0.514462987620285","0.520951721474964","0.667526398831848","0.452227105017014","0.581586352657952","roller_coaster"
"10.6303319672841","1.30076369692407","0.354092869158124","2.2687940609476","0.630331967284148","0.105291257612477","0.9966","0.595148886664382","0.652286289978016","0.561642040942755","0.611021698980568","0.580991143130789","roller_coaster"
"10.7159253654982","1.26781641849782","0.369348210660469","2.12430814752405","0.715925365498172","0.107230572825705","0.993","0.583388216694806","0.542886231223447","0.633155413640014","0.517360575926799","0.696857948065981","roller_coaster"
"10.7101700793209","1.15377646294445","0.437283522901802","2.01357389599011","0.710170079320933","0.0669699848201534","0.9872","0.508022582434269","0.469939926930623","0.379061311999487","0.355331801882365","0.126360901971322","roller_coaster"
"10.5473118028219","1.29979802335082","0.354374507475513","2.37537466292192","0.547311802821899","0.0897506971444079","0.9988","0.634859777822303","0.549199658457824","0.50008885631543","0.546602905744792","0.456830906415582","roller_coaster"
"10.5474621429734","1.28391992135925","0.36106900868373","2.36470475086709","0.547462142973364","0.082984990817188","0.9988","0.603223900063769","0.70340412328515","0.412837023194429","0.501221569502035","0.634352705233693","roller_coaster"
"10.9142010348082","1.15189013798376","0.430316325986487","1.70092368388183","0.914201034808236","0.097066477949907","0.9654","0.454366029615172","0.665620559360902","0.520158510364599","0.729303909209376","0.584698233561598","roller_coaster"
"10.4188528100301","1.32795839814769","0.338095050327451","2.57357008816297","0.418852810030059","0.0771671784000272","1","0.724625938666878","0.565619791475694","0.443328701892541","0.259466679940418","0.588793120625212","roller_coaster"
"10.5695695808552","1.27340945414288","0.366580282186451","2.32262451094261","0.569569580855198","0.083898737290785","0.9984","0.608596196829627","0.5968484290982","0.450867888552397","0.511967917049749","0.5969483957207","roller_coaster"
"10.4535675345364","1.29614100495864","0.36607690103359","2.48939087789878","0.453567534536381","0.0711991044011297","1","0.717969381069964","0.256077501457185","0.472922979414022","0.280980372060849","0.587630014210386","roller_coaster"
"10.8009211016903","1.16873317307444","0.424855457646491","1.88757132967585","0.800921101690343","0.085780534591099","0.9808","0.507316670469667","0.501169140482395","0.504408756846046","0.470872328394863","0.466933884176005","roller_coaster"
"10.6408252177202","1.26667699663922","0.368979762023733","2.22302696340559","0.640825217720241","0.0950967927928269","0.9954","0.601577826236388","0.528536474757663","0.561989440973444","0.453247607300975","0.506421593387966","roller_coaster"
"5.98226790079575","1.13038891000888","0.44095328030053","1.57163729399408","0.982267900795749","0.101436666182638","0.9408","0.453656201582104","0.614094803088093","0.580835527293811","0.511299080730745","0.565178155462523","roller_coaster"
"10.5913787034418","1.29257878709634","0.357501444738136","2.30911451564018","0.591378703441788","0.0962279088715605","0.9976","0.607904466624457","0.606586986288814","0.516366435584233","0.599835371313969","0.579281919815652","roller_coaster"
"10.9369938782264","1.15954398915528","0.430226080957455","1.68888289140354","0.936993878226385","0.100316371947011","0.9548","0.501197742888754","0.114746522158384","0.625946434204867","0.453436607487737","0.452317432893153","roller_coaster"
"6.01499322857622","1.28497013424291","0.357285525763225","1.65006631846246","1.01499322857622","0.168299060963403","0.9496","0.551147816160759","0.626347764558405","0.982425559079275","0.622589609076726","0.787156651289419","roller_coaster"
"10.814502093363","1.14664820817893","0.436797614739461","1.8521614810565","0.814502093362951","0.0796022871921638","0.98","0.459142228144005","0.703462009947176","0.426131169849626","0.475358815183499","0.555018167169696","roller_coaster"
"10.7021998479656","1.27379955832245","0.367521229785907","2.14769850727306","0.702199847965552","0.106273414563744","0.995","0.576628603335282","0.61912999898304","0.597192274226241","0.555894108461095","0.72935316395723","roller_coaster"
"10.9375367016254","1.16714634665944","0.420297550225082","1.70119768051172","0.937536701625404","0.104748793488077","0.9592","0.497200178334845","0.519534720332597","0.62891182458747","0.452326763040531","0.470922149534466","roller_coaster"
"10.7226088291117","1.24851035623942","0.38154508449613","2.09165302903164","0.722608829111691","0.0996542278510023","0.9938","0.551147816160759","0.626347764558405","0.544080590384168","0.622589609076726","0.787156651289419","roller_coaster"
"10.7190087346275","1.20655233140595","0.401629857811061","2.05970241719952","0.719008734627517","0.0853802923365395","0.9908","0.54002695763306","0.539330661945951","0.486382053009834","0.56927718636741","0.58699601289342","roller_coaster"
"10.751101815466","1.21510758823135","0.397555891844218","2.01633377529146","0.751101815466014","0.0931688968218025","0.9888","0.539522786862806","0.604201462547395","0.533744836220909","0.44692493312996","0.4863407141336","roller_coaster"
"10.7218539143927","1.19542361738361","0.410577977805358","2.04918220519372","0.721853914392737","0.082207229982923","0.9902","0.537688611885601","0.523786883107045","0.473484962481946","0.483103461253606","0.498236912760316","roller_coaster"
"10.7909741077082","1.17874998639742","0.417343101974636","1.91823511981513","0.790974107708156","0.0887176764698616","0.9828","0.516905358808391","0.50607272789284","0.519611310265836","0.515800998575669","0.534719505785643","roller_coaster"
"10.5957462932428","1.23740511366935","0.391887764714369","2.256490773541","0.59574629324284","0.076584466598853","0.9956","0.608374857312857","0.606178091977616","0.463666146092966","0.163083263440058","0.588336584946787","roller_coaster"
"10.7467024381057","1.19458259941695","0.408304485421051","2.01413840655876","0.746702438105725","0.0855414187373995","0.9892","0.525362903249517","0.569216113087039","0.483068185797792","0.536793587053778","0.310580868344861","roller_coaster"
"10.9375367016254","1.16714634665944","0.420297550225082","1.70119768051172","0.937536701625404","0.104748793488077","0.9592","0.497200178334845","0.519534720332597","0.62891182458747","0.452326763040531","0.470922149534466","roller_coaster"
"10.9251041580314","1.18750788263248","0.40809241028252","1.73952193485835","0.925104158031412","0.110390424339851","0.9632","0.514462987620285","0.520951721474964","0.667526398831848","0.452227105017014","0.581586352657952","roller_coaster"
"10.9474905562604","1.17814825710847","0.413356396924709","1.69238852168535","0.947490556260363","0.110180801435475","0.9588","0.50484972532132","0.52053745384628","0.663778644578188","0.452275626205365","0.526312242646351","roller_coaster"
"10.8416086748218","1.14335517879707","0.441596091868381","1.80755186559632","0.841608674821751","0.082497213820116","0.9724","0.475947802605527","0.493790435196614","0.477742983714466","0.505588127742371","0.380700668542953","roller_coaster"
"10.9465516132564","1.16130574574154","0.422856964084805","1.67776368799665","0.946551613256444","0.104681997801914","0.9584","0.487877436189173","0.546679662876898","0.617013366431917","0.513692454561337","0.51133181168393","roller_coaster"
"10.6899606167988","1.19994877839482","0.40561802514619","2.10116338993488","0.689960616798757","0.0784799561830936","0.9926","0.53499407432751","0.597506029048432","0.427958121181575","0.501494727822729","0.521136653604868","roller_coaster"
"10.915512706015","1.17932434625849","0.4148018966265","1.74246654545613","0.915512706015033","0.105111623270895","0.965","0.506813440633811","0.51994898796128","0.632659578841131","0.45227824185218","0.526196259546066","roller_coaster"
"10.9375367016254","1.16714634665944","0.420297550225082","1.70119768051172","0.937536701625404","0.104748793488077","0.9592","0.497200178334845","0.519534720332597","0.62891182458747","0.452326763040531","0.470922149534466","roller_coaster"
"10.8859187298285","1.13466134803439","0.443476712834005","1.73438635780829","0.885918729828492","0.0855689914681845","0.9676","0.446162857595495","0.664163349507939","0.469721094604943","0.51747543852157","0.667089284940498","roller_coaster"
"10.8253169998283","1.1522459387665","0.43396072831056","1.84466926687693","0.825316999828305","0.0835267477797391","0.9756","0.485730981410846","0.590244294822102","0.482153855578833","0.36104275487074","0.310838388890891","roller_coaster"
"10.6962402298545","1.19905408320436","0.407461872851948","2.09244094304853","0.696240229854515","0.0790361797758809","0.9922","0.536136791016058","0.57895517612225","0.439359314778454","0.489995952296176","0.585267386651491","roller_coaster"
"10.6608313622146","1.18046599159434","0.422476786814998","2.11726020651335","0.660831362214595","0.0680693887531043","0.9928","0.534302616038853","0.4985405966819","0.379099441039491","0.526174480419821","0.597163585278207","roller_coaster"
"10.721477907196","1.20249554270614","0.412293189071299","2.03021118188752","0.721477907196013","0.0839860042369523","0.987","0.559742649469371","0.310594866008615","0.529312690751626","0.301649916342781","0.499475811767687","roller_coaster"
"10.6950800880582","1.17510677157423","0.425063243280087","2.05769784633263","0.695080088058231","0.0708870586812149","0.9902","0.524569067217807","0.506287599373604","0.40273687309686","0.465183118850973","0.511397564804688","roller_coaster"
"10.5923551054619","1.28337552435561","0.361494552780774","2.30312231584014","0.592355105461928","0.0914538334690842","0.9976","0.608125806141227","0.597257323409398","0.503568178043664","0.526234611575972","0.587893730589565","roller_coaster"
"10.4858511709645","1.30808319304791","0.347444754188435","2.47962368436195","0.485851170964466","0.0837699753762382","0.9994","0.681018271170027","0.573475430765758","0.500480095749482","0.26063190390033","0.579937984434587","roller_coaster"
"10.6452026671221","1.20820838057256","0.399847994252701","2.1481687683042","0.645202667122129","0.0736105576874125","0.995","0.534302616038853","0.65870851976797","0.379099441039491","0.526174480419821","0.597163585278207","roller_coaster"
"10.6939561576439","1.20842672286629","0.403240891208036","2.09370408678331","0.693956157643951","0.0833156905244331","0.9914","0.559288282520035","0.519853812826624","0.493185400427937","0.374432323289683","0.545133197583691","roller_coaster"
"10.5132827426489","1.28974881090605","0.358296414326276","2.41882844696563","0.513282742648874","0.0816406112367395","0.999","0.665398541587937","0.459302366033114","0.486859030985602","0.434140092724889","0.537107687754824","roller_coaster"
"10.9182169695425","1.1789587889104","0.414168097818464","1.73334328928167","0.918216969542464","0.106126660170105","0.9638","0.501197742888754","0.577510603936389","0.625946434204867","0.453436607487737","0.452317432893153","roller_coaster"
"10.7838174323151","1.24014953969718","0.386211678321165","2.00601721654876","0.783817432315093","0.109335435975863","0.9898","0.531061546672405","0.616450067857874","0.584001995649437","0.896372553892434","0.610669961710904","roller_coaster"
"10.7286832819329","1.19397042989556","0.411618171654437","2.02744298797567","0.728683281932864","0.0832826731222559","0.9898","0.538831328574149","0.505236030180862","0.484886156078825","0.471604685727052","0.562367645806938","roller_coaster"
"10.9465516132564","1.16130574574154","0.422856964084805","1.67776368799665","0.946551613256444","0.104681997801914","0.9584","0.487877436189173","0.546679662876898","0.617013366431917","0.513692454561337","0.51133181168393","roller_coaster"
"10.4205442917907","1.24329298080563","0.384434944676015","2.47821559318832","0.4205442917907","0.0449010303945612","1","0.651512134121307","0.59873134699875","0.129306000424549","0.598670147354057","0.588137056006277","roller_coaster"
"6.04455111150554","1.04898961541458","0.492446061038105","1.29979285982525","1.04455111150554","0.0874612556212418","0.8702","0.357248281361535","0.629898173312748","0.475284587840203","0.511385600711853","0.641206153524773","roller_coaster"
"10.5765357416666","1.28895198918848","0.357889429786791","2.33119252081026","0.576535741666584","0.0919949717795168","0.9976","0.605090563215772","0.665533356544514","0.482361403578767","0.512936856401001","0.627816726207211","roller_coaster"
"10.8563563006701","1.20074633373656","0.402530720057662","1.86021734346045","0.856356300670082","0.10511314617391","0.9764","0.529945656994337","0.511215378361629","0.633772711019162","0.453332297537833","0.571928963156459","roller_coaster"
"10.721477907196","1.20249554270614","0.412293189071299","2.03021118188752","0.721477907196013","0.0839860042369523","0.987","0.559742649469371","0.310594866008615","0.529312690751626","0.301649916342781","0.499475811767687","roller_coaster"
"10.9085986835529","1.16519245374002","0.420225271173024","1.7303066225514","0.908598683552866","0.099761303681249","0.9664","0.488432797074191","0.49936046426557","0.580856812294945","0.811839962576073","0.578137990337035","roller_coaster"
"10.6899606167988","1.19994877839482","0.40561802514619","2.10116338993488","0.689960616798757","0.0784799561830936","0.9926","0.53499407432751","0.597506029048432","0.427958121181575","0.501494727822729","0.521136653604868","roller_coaster"
"10.5493389305498","1.16070811095569","0.437813960136603","2.21262538241863","0.549338930549754","0.042832428321732","0.9956","0.521256690340458","0.553807863466183","0.188650850253398","0.518075715548234","0.541883079011903","roller_coaster"
"10.7785536126353","1.18220100524215","0.414700553909737","1.94688084200457","0.77855361263526","0.0881700327141859","0.9848","0.523348659200097","0.514972373294197","0.518639843891511","0.470499493206233","0.572025035308431","roller_coaster"
"10.565965511862","1.25525220125281","0.374844964827533","2.3122480035182","0.565965511862033","0.0774350934344292","0.9984","0.606203246386377","0.538713918729181","0.418398133885616","0.586182559548194","0.426954645537327","roller_coaster"
"10.9474905562604","1.17814825710847","0.413356396924709","1.69238852168535","0.947490556260363","0.110180801435475","0.9588","0.50484972532132","0.52053745384628","0.663778644578188","0.452275626205365","0.526312242646351","roller_coaster"
"10.9474905562604","1.17814825710847","0.413356396924709","1.69238852168535","0.947490556260363","0.110180801435475","0.9588","0.50484972532132","0.52053745384628","0.663778644578188","0.452275626205365","0.526312242646351","roller_coaster"
"10.9465516132564","1.16130574574154","0.422856964084805","1.67776368799665","0.946551613256444","0.104681997801914","0.9584","0.487877436189173","0.546679662876898","0.617013366431917","0.513692454561337","0.51133181168393","roller_coaster"
"10.7512304050093","1.20016936019848","0.40470869918898","2.01098570633148","0.751230405009326","0.0873441624214678","0.9896","0.518576552203741","0.610880038788918","0.480888167068957","0.590120719058731","0.413232639916822","roller_coaster"
"10.7229735675887","1.20055163701235","0.404594753035156","2.05405781771207","0.722973567588746","0.0841899535891285","0.9906","0.532708350874156","0.59246847187499","0.471671507137069","0.492811813479167","0.481512835764427","roller_coaster"
"10.9570499289354","1.17486743348692","0.4155504924552","1.67284211669157","0.957049928935373","0.109879209752283","0.9568","0.501104305163477","0.519755562320865","0.661292763613735","0.452253381930889","0.474220291957774","roller_coaster"
"10.8639936218398","1.19816181626805","0.400185403042928","1.85706736542485","0.863993621839827","0.10747684767164","0.9772","0.515939814278448","0.589787614351552","0.607885291122165","0.651440691475492","0.568156623497716","roller_coaster"
"10.6899606167988","1.19994877839482","0.40561802514619","2.10116338993488","0.689960616798757","0.0784799561830936","0.9926","0.53499407432751","0.597506029048432","0.427958121181575","0.501494727822729","0.521136653604868","roller_coaster"
"10.7469402793055","1.21741151627724","0.398044548285179","2.02682156790548","0.746940279305453","0.0943865029796142","0.9886","0.55697879317626","0.482306137704925","0.571094977561159","0.448593441745315","0.517233389914206","roller_coaster"
"10.6580589994131","1.21558746518109","0.401441007414431","2.15229088222596","0.658058999413126","0.0793021330067345","0.9924","0.573592299621575","0.537804966743272","0.47080941183685","0.283717594089154","0.528950096066763","roller_coaster"
"5.98580024479314","1.16297650699764","0.421010226796816","1.60333179015735","0.985800244793141","0.111747554137129","0.9442","0.4880167048642","0.595281851995544","0.664201692910865","0.369725669214301","0.350462206731332","roller_coaster"
"10.8531054027952","1.20178842482978","0.398975858342763","1.88008928992239","0.853105402795173","0.107973747676237","0.9798","0.516319475282711","0.604173057442712","0.602063138732139","0.698368469904679","0.49483077110634","roller_coaster"
"10.466009849275","1.15822131212639","0.437315592683426","2.29992522566947","0.466009849274964","0.0279424049750772","0.9992","0.572471169576883","0.592160008341389","0.0715024236124009","0.362469130604509","0.55762340164034","roller_coaster"
"10.9465516132564","1.16130574574154","0.422856964084805","1.67776368799665","0.946551613256444","0.104681997801914","0.9584","0.487877436189173","0.546679662876898","0.617013366431917","0.513692454561337","0.51133181168393","roller_coaster"
"10.7738436878568","1.17882156632163","0.417234067290204","1.94602116998425","0.773843687856846","0.0862975713111108","0.986","0.521556102644722","0.512556651335129","0.505262682331712","0.475023073079245","0.5937076466578","roller_coaster"
"10.7460825601596","1.18341307824848","0.415783476480818","1.99961147599528","0.746082560159644","0.0821656552706408","0.9882","0.520750587854479","0.588247313231887","0.465570267650428","0.423146806312981","0.421564100007259","roller_coaster"
"10.6271140477061","1.25812883516705","0.374432269135167","2.22930040738661","0.627114047706093","0.0910113020661709","0.9954","0.605619926746523","0.496530948660786","0.544675878011913","0.437873414020106","0.490796447375084","roller_coaster"
"10.6874766528484","1.19931677903468","0.411259609113341","2.09098578294853","0.687476652848372","0.0782380252790833","0.992","0.550915905432573","0.48716795329325","0.456094680297174","0.451378501228831","0.535205541495584","roller_coaster"
"10.906863292396","1.18302558035062","0.412150150301796","1.75905238477427","0.906863292395986","0.105448428767553","0.9672","0.510558860791653","0.520730879486696","0.635145459805584","0.452300486126656","0.578288210234643","roller_coaster"
"10.9251041580314","1.18750788263248","0.40809241028252","1.73952193485835","0.925104158031412","0.110390424339851","0.9632","0.514462987620285","0.520951721474964","0.667526398831848","0.452227105017014","0.581586352657952","roller_coaster"
"10.7750151084255","1.16547915094065","0.427032293530434","1.93953624358372","0.775015108425535","0.0804357821672003","0.9848","0.501117184572424","0.580952157712465","0.455942902706859","0.427891900853935","0.474541675535123","roller_coaster"
"10.7854904093986","1.1922583376954","0.411858906280228","1.93565194726391","0.785490409398606","0.0917570218298438","0.9836","0.527209501014416","0.506935666821735","0.541363157539628","0.50337851235759","0.585042291278358","roller_coaster"
"10.5128235442939","1.30173173133368","0.351646947162132","2.4289637752211","0.512823544293874","0.0844608843937117","0.999","0.649476710482875","0.569640441788296","0.458722471870003","0.484256319318787","0.523038799864109","roller_coaster"
"10.9057938345937","1.17953594378364","0.412973370012923","1.7523848214904","0.905793834593664","0.105068114509815","0.9678","0.504893318969811","0.545652318619788","0.621585334629522","0.509175243667454","0.533800135060752","roller_coaster"
"10.682753214463","1.21315715812086","0.401211546690911","2.11691352989564","0.682753214462957","0.0833048741184826","0.9926","0.566283127761209","0.523704685874271","0.496230558693108","0.322040640730065","0.537732651780676","roller_coaster"
"5.98020520525055","1.16178361123942","0.422296270646835","1.60875181744666","0.980205205250546","0.110426901934723","0.9466","0.48998980014585","0.519755562320865","0.661292763613735","0.452253381930889","0.474220291957774","roller_coaster"
"10.8491429412229","1.18426978863166","0.412628570780134","1.85503061386815","0.84914294122289","0.0975292241586283","0.9774","0.505052706183621","0.553595742850264","0.556704945195883","0.662876471086143","0.415810369140621","roller_coaster"
"10.9631048177484","1.17609030447848","0.415331369722153","1.67054146990958","0.963104817748362","0.111102671998356","0.9558","0.499527992802148","0.542096081689508","0.663633560017803","0.467506729395709","0.511832931403155","roller_coaster"
"10.8963441063058","1.1875443783075","0.408211355807912","1.77467488271329","0.896344106305805","0.106911181772541","0.9698","0.512691735919335","0.545535914398085","0.634177631646201","0.51047254630646","0.575546968217558","roller_coaster"
"10.9474905562604","1.17814825710847","0.413356396924709","1.69238852168535","0.947490556260363","0.110180801435475","0.9588","0.50484972532132","0.52053745384628","0.663778644578188","0.452275626205365","0.526312242646351","roller_coaster"
"6.12217296261201","1.01989009529112","0.505994099145753","1.12099357225305","1.12217296261201","0.0925276736248549","0.8032","0.33364394819364","0.544259575725795","0.4995190461845","0.449525378597595","0.483649619281836","roller_coaster"
"10.9131152247361","1.17574500176556","0.41552956299229","1.74043823916596","0.913115224736129","0.104158821542893","0.9652","0.502538726994381","0.55723003583295","0.620202501100547","0.430642148461705","0.517204298899638","roller_coaster"
"10.936229240034","1.16486333030424","0.421788463625046","1.69955185189696","0.936229240033991","0.103741561311218","0.9596","0.493199168708345","0.525121035033671","0.617158450992303","0.498461351370993","0.525811122927126","roller_coaster"
"10.8027505675914","1.18390322528249","0.41580798939356","1.90443217297041","0.802750567591377","0.0909467899304316","0.9832","0.501956643094311","0.556644760204224","0.505040034168019","0.739084210548661","0.575560261113236","roller_coaster"
"10.717438163707","1.21179207131122","0.399763784082134","2.06287161952372","0.717438163706991","0.0876403930495283","0.991","0.550242416062225","0.524627332284999","0.510919446499818","0.493433331175432","0.487482010958897","roller_coaster"
"10.9570499289354","1.17486743348692","0.4155504924552","1.67284211669157","0.957049928935373","0.109879209752283","0.9568","0.501104305163477","0.519755562320865","0.661292763613735","0.452253381930889","0.474220291957774","roller_coaster"
"10.7586498422449","1.18524224163027","0.416481850223231","1.96189485384727","0.758649842244908","0.084612347903554","0.9862","0.530543782997315","0.477462312511826","0.509778720446807","0.403864421659645","0.451891410180689","roller_coaster"
"10.6474254239919","1.17794603968226","0.423495311623623","2.12678436117383","0.6474254239919","0.0653126848480444","0.9932","0.521063449245935","0.587724502053814","0.344776537912899","0.466973034620453","0.503368905294987","roller_coaster"
"10.925717654806","1.16159686019232","0.425481218206159","1.70212217211534","0.925717654806051","0.100777472518762","0.9612","0.488429444997816","0.518279557679147","0.596087165417554","0.563025475108998","0.552223158426697","roller_coaster"
"10.7376834306237","1.20028531199839","0.409023653446935","2.01202570687272","0.737683430623709","0.0865165914492331","0.9882","0.549473974678212","0.45253148132126","0.529766396219641","0.35797179570792","0.508380114238649","roller_coaster"
"10.7741623322875","1.17969942256293","0.416410379481752","1.94798915885817","0.774162332287468","0.0867452752197841","0.9858","0.522378128676125","0.511159523823394","0.508263388766404","0.483089171140946","0.585391394212962","roller_coaster"
"10.7417047566454","1.19824133602999","0.409699061856997","2.00357979554848","0.741704756645446","0.0862207823357626","0.9892","0.535502396141525","0.522382983750395","0.501935507077105","0.483784113502398","0.492235108700412","roller_coaster"
"10.9477019731178","1.16396833242495","0.422010823303172","1.6772657064866","0.947701973117768","0.105317580655687","0.9578","0.493542978011016","0.521758223743806","0.630573491607978","0.456817697020539","0.555819886857822","roller_coaster"
"10.8689852204117","1.18776418027323","0.410717276728167","1.82492706627023","0.868985220411725","0.101706265273209","0.9738","0.51786803265202","0.534831160355697","0.609724312949326","0.413977439485745","0.56950565452073","roller_coaster"
"10.8724671295052","1.1918193160214","0.404368005811593","1.83125377878837","0.872467129505164","0.104910784715702","0.9752","0.513806939150767","0.564982579440163","0.608853119281547","0.593268631295687","0.570897865514801","roller_coaster"
"10.9251687981156","1.16696596713722","0.419121934684692","1.70688695851161","0.925168798115604","0.103666205636312","0.962","0.487880788265548","0.527760569463321","0.601783013309309","0.762506942028412","0.537246643594268","roller_coaster"
"10.7850104768069","1.19122649806186","0.412231706634824","1.93531902549514","0.785010476806865","0.0913032366233393","0.9838","0.526387474983013","0.508332794333469","0.538362451104936","0.495312414295889","0.593358543723197","roller_coaster"
"10.6149810214224","1.22801222283225","0.38952460558931","2.22302847158594","0.61498102142242","0.076947467108984","0.996","0.579309489524248","0.52905895973838","0.42611853127731","0.563248721578995","0.511497669886861","roller_coaster"
"10.7215837239732","1.19874107086925","0.410775670543261","2.03076819787926","0.721583723973206","0.0832742325867381","0.9898","0.547775418675798","0.444012592285707","0.500422137373776","0.487906213741867","0.46081704150382","roller_coaster"
"10.9085986835529","1.16519245374002","0.420225271173024","1.7303066225514","0.908598683552866","0.099761303681249","0.9664","0.488432797074191","0.49936046426557","0.580856812294945","0.811839962576073","0.578137990337035","roller_coaster"
"10.7741337864419","1.18801314240449","0.416973424707548","1.95378197206263","0.774133786441884","0.0874319597293496","0.9832","0.537478175805575","0.36499905150909","0.540909452071612","0.447056632992451","0.576137988807396","roller_coaster"
"10.6338047225128","1.17219771817814","0.427768070378751","2.14438640578762","0.633804722512846","0.0594168628796021","0.9932","0.520943828949002","0.554330674644256","0.309444579990927","0.474249487240761","0.460078273724175","roller_coaster"
"10.7257017498765","1.22287333248535","0.39421294542841","2.05974770176398","0.725701749876452","0.0926185213787222","0.9918","0.554184747908891","0.552391625829521","0.540830977621124","0.457621141722084","0.506511116978221","roller_coaster"
"10.9631048177484","1.17609030447848","0.415331369722153","1.67054146990958","0.963104817748362","0.111102671998356","0.9558","0.499527992802148","0.542096081689508","0.663633560017803","0.467506729395709","0.511832931403155","roller_coaster"
"10.9570499289354","1.17486743348692","0.4155504924552","1.67284211669157","0.957049928935373","0.109879209752283","0.9568","0.501104305163477","0.519755562320865","0.661292763613735","0.452253381930889","0.474220291957774","roller_coaster"
"10.8548968902596","1.17788189069103","0.420139726374162","1.844370946306","0.854896890259555","0.094427956613189","0.9748","0.506249370445532","0.518752253056412","0.559807691634353","0.50026302865015","0.566252498316242","roller_coaster"
"10.7657992660832","1.18520085949076","0.413238061181739","1.96444470166178","0.765799266083175","0.0869686713179074","0.9866","0.526245789519094","0.520382805696819","0.507754209718206","0.481347514316705","0.55817638924347","roller_coaster"
"10.9227656674062","1.17472449891334","0.416108970277529","1.72089566581679","0.922765667406193","0.10565953579662","0.962","0.499598994562893","0.533568856962382","0.625854505136209","0.552121678919746","0.555374234455815","roller_coaster"
"10.8550857849418","1.17627381825527","0.418343535388806","1.84635989102211","0.855085784941827","0.0941876984489079","0.9758","0.500517797428113","0.517328442473276","0.54807428238315","0.673927949376622","0.580754504401161","roller_coaster"
"10.8740377251886","1.18400056538162","0.415889380735909","1.81648209266607","0.874037725188561","0.0986324440554649","0.9718","0.519751850678122","0.405156680128863","0.611603795619112","0.453552671214093","0.563697716717544","roller_coaster"
"10.8472254270786","1.18433246056529","0.416469452816008","1.86068721920202","0.847225427078571","0.0955911334729927","0.9774","0.50974111951356","0.521591650813439","0.561972119692563","0.571668163792736","0.541883533406069","roller_coaster"
"10.6597792992658","1.19146430963493","0.414509330625992","2.1343298174469","0.659779299265785","0.0711396416553512","0.9934","0.539107748943569","0.534012311595762","0.389072944845806","0.533903561420549","0.508091380970569","roller_coaster"
"10.7888193099806","1.17700983680429","0.419202975579505","1.92231246462183","0.788819309980631","0.0863686006191075","0.9844","0.512082602311069","0.528451919909434","0.499355594117261","0.520637218118803","0.556353011910037","roller_coaster"
"10.8932618765485","1.18532094398024","0.409611898821595","1.78019123714125","0.89326187654845","0.105052460665786","0.9706","0.510644425641462","0.545646115598832","0.621608334029724","0.509786700114922","0.545902808191889","roller_coaster"
"10.8574547334443","1.17499970543473","0.418290587884292","1.83427887570532","0.857454733444304","0.0961636592758231","0.9756","0.493667296553633","0.555050914233598","0.54114914198109","0.737672177911106","0.572699332063953","roller_coaster"
"10.8804959201361","1.17611081089349","0.42036494082447","1.78951117658993","0.88049592013611","0.098043320596076","0.9716","0.501488515249023","0.526714881004297","0.581049343179233","0.499873384008547","0.52867205197641","roller_coaster"
"10.7603127820194","1.18072728563763","0.417390804650758","1.96187379516904","0.760312782019371","0.0839076725575147","0.9872","0.51878966017579","0.5443401737608","0.482065262135395","0.466805305477417","0.553980249266652","roller_coaster"
"10.8039840321595","1.19018317735136","0.413757834286843","1.91215925335781","0.80398403215947","0.0930040002091772","0.9816","0.522619644097263","0.505494690000014","0.550890991082023","0.502679205445812","0.546240407150604","roller_coaster"
"10.8012327231071","1.17623210798098","0.418123890443499","1.89661463699879","0.801232723107133","0.0883278661478473","0.9828","0.506254636572532","0.513724267019231","0.50706454489662","0.661601117891601","0.469275282050455","roller_coaster"
"10.7708348588585","1.2010379649045","0.4073832212766","1.97479000090349","0.770834858858525","0.0921408913095535","0.9864","0.536438250456276","0.523561406131253","0.545587962354388","0.455686411985836","0.508608969106777","roller_coaster"
"10.7215837239732","1.19874107086925","0.410775670543261","2.03076819787926","0.721583723973206","0.0832742325867381","0.9898","0.547775418675798","0.444012592285707","0.500422137373776","0.487906213741867","0.46081704150382","roller_coaster"
"10.8626999489773","1.19169575584275","0.409173459181232","1.83956812787397","0.862699948977347","0.100752555312705","0.9746","0.52572746014127","0.474505989588091","0.618356065511454","0.412757930028545","0.57531811334943","roller_coaster"
"10.8239756343457","1.19373359214238","0.410327278086026","1.90205767708991","0.823975634345715","0.096840315109913","0.9802","0.521022077200404","0.53805958938677","0.570041031761573","0.492001386158251","0.552939030957472","roller_coaster"
"10.6164679466599","1.21529997777491","0.398511117209622","2.19856951529819","0.616467946659933","0.0714418107300375","0.9964","0.561265189826615","0.582771150196431","0.381822124344404","0.496318194778899","0.50677519421128","roller_coaster"
"10.8068578770057","1.18663891972113","0.413345100385799","1.90589224334702","0.806857877005658","0.0923463349469866","0.9814","0.515000689258684","0.50986656839403","0.536681007375649","0.654187583036471","0.432675074531108","roller_coaster"
"10.9452151893658","1.17829727565552","0.413483131085142","1.6961601568728","0.945215189365758","0.109802192045304","0.9594","0.503617146145382","0.523720422820614","0.659104021363519","0.496031150294733","0.52623560464945","roller_coaster"
"10.9014266890679","1.17397720658154","0.417353875393465","1.75739522465207","0.901426689067909","0.101862659930154","0.9684","0.501522186354258","0.53024661511485","0.604410291927546","0.521376342495712","0.57239589218844","roller_coaster"
"10.8278038999222","1.1773520311237","0.419195301724255","1.87475550184817","0.827803899922164","0.0923984632279949","0.9782","0.508914280315504","0.536762965002694","0.543068112095785","0.459456281130321","0.498091878702482","roller_coaster"
"10.7215837239732","1.19874107086925","0.410775670543261","2.03076819787926","0.721583723973206","0.0832742325867381","0.9898","0.547775418675798","0.444012592285707","0.500422137373776","0.487906213741867","0.46081704150382","roller_coaster"
"10.6963451837008","1.22540047634182","0.392353964017344","2.10655777082006","0.696345183700767","0.0880869910559556","0.993","0.55615716854445","0.551897526169061","0.501914998743866","0.540487633159923","0.556939900983875","roller_coaster"
"10.9392881495531","1.16495766065941","0.421672301235561","1.69689641285116","0.939288149553091","0.103805948445826","0.959","0.494431747884283","0.521938066059337","0.621833074206972","0.454705827281624","0.525887760924028","roller_coaster"
"10.7188525148831","1.16420941631024","0.43073374200755","2.01093845929645","0.718852514883134","0.0710581124690038","0.9886","0.505572526644514","0.539325933385368","0.39694995950312","0.471610903130979","0.517806281879515","roller_coaster"
"10.7946975361655","1.18136360157838","0.416773905448332","1.91831914427439","0.794697536165458","0.0892175474181151","0.982","0.520595799922252","0.52119148696806","0.529802658267041","0.412553309709317","0.435026704790202","roller_coaster"
"10.9373559384254","1.17677423173586","0.41502017726493","1.70406637881848","0.937355938425354","0.108274585866328","0.9602","0.501711989025093","0.526261587003594","0.645807354319693","0.518706610926705","0.528640806832205","roller_coaster"
"10.9108532591015","1.18868120747132","0.408079664931037","1.76108031628034","0.910853259101489","0.10861168912422","0.9674","0.514607500015049","0.523663143142507","0.651333418889645","0.489712339316166","0.513509182950737","roller_coaster"
"10.8486481239187","1.18662533736151","0.411563577861751","1.86166862790706","0.848648123918729","0.0970226765906005","0.9776","0.512437472321272","0.511453295269589","0.570806426151595","0.628557238207512","0.505902961445941","roller_coaster"
"10.8760477130752","1.17809576404545","0.418214452545665","1.8034379555159","0.87604771307516","0.0980864038010212","0.9722","0.511798844287722","0.488399520377047","0.596115672431709","0.42463351547806","0.574436541126401","roller_coaster"
"10.8651057699183","1.18522296406466","0.41318249968933","1.82277919319628","0.86510576991835","0.10004503132758","0.9744","0.513097523043011","0.510786811401661","0.595046383845238","0.520375354689584","0.520190111947834","roller_coaster"
"10.8133264880432","1.16381463094473","0.428049071499699","1.86626016229274","0.813326488043203","0.0854642835289409","0.979","0.503330204737816","0.470914754709949","0.505835708997612","0.493252820434481","0.502804562404619","roller_coaster"
"10.8199523190804","1.19836095749248","0.409390675015949","1.90799781871207","0.819952319080423","0.0963240357970266","0.9806","0.530861406798542","0.458065662397078","0.588427352873465","0.481943875062592","0.501058507234961","roller_coaster"
"10.8581014825513","1.18193930701327","0.417877702839419","1.84024613223865","0.858101482551309","0.0966903785326075","0.9744","0.508718914356767","0.521240434832979","0.572132651348921","0.497360770619605","0.529107268895155","roller_coaster"
"10.7877198175214","1.21790590627731","0.395121361625709","1.96926357762985","0.787719817521387","0.100111307407125","0.9852","0.54596740029224","0.503344452690608","0.598996720303709","0.516029735803099","0.530408371287641","roller_coaster"
"10.9631048177484","1.17609030447848","0.415331369722153","1.67054146990958","0.963104817748362","0.111102671998356","0.9558","0.499527992802148","0.542096081689508","0.663633560017803","0.467506729395709","0.511832931403155","roller_coaster"
"10.7489063833977","1.19615513814617","0.409786877725055","1.98987782818702","0.748906383397691","0.0874649104283357","0.987","0.542641472018526","0.460452919476721","0.530350850011766","0.41872026870782","0.535076647618289","roller_coaster"
"10.7625921856855","1.22049178459379","0.395781901939246","1.99555461927304","0.762592185685508","0.0974788877118539","0.9872","0.55493287128499","0.475903997895677","0.589054725509601","0.491338220136317","0.562683784937841","roller_coaster"
"10.9227656674062","1.17472449891334","0.416108970277529","1.72089566581679","0.922765667406193","0.10565953579662","0.962","0.499598994562893","0.533568856962382","0.625854505136209","0.552121678919746","0.555374234455815","roller_coaster"
"10.8667080428255","1.17744147745654","0.416153121665401","1.82191679058876","0.866708042825518","0.09682131372936","0.9744","0.501136356817753","0.529413871985926","0.564532406697578","0.637835483487603","0.577714908269104","roller_coaster"
"10.8845334720494","1.17968322301424","0.414599382505128","1.7952970435271","0.884533472049405","0.100712847684889","0.9722","0.511812018427104","0.491859422296589","0.605924242680158","0.509899189887537","0.56677394083348","roller_coaster"
"10.8877621831524","1.17420692980962","0.419054105941995","1.77646299975007","0.887762183152411","0.0992986412242173","0.971","0.500903626964618","0.518161185602201","0.587952167613118","0.557468808384732","0.575435488320497","roller_coaster"
"10.8486596634678","1.18874764888147","0.410099997290132","1.86109686621948","0.848659663467762","0.0989556239345561","0.9782","0.507595912407182","0.541157383444643","0.563389535060834","0.725796592461591","0.573580904286982","roller_coaster"
"10.8358438136494","1.19101427576455","0.409216349112194","1.87615527333196","0.835843813649406","0.0979581202105514","0.9796","0.512547591857135","0.5447258725912","0.563242957560134","0.643598928461809","0.458387770775163","roller_coaster"
"10.798964373325","1.19291483939604","0.412243176190196","1.92388485564155","0.798964373324951","0.0937849449049473","0.9826","0.52544789658661","0.52361868580936","0.553358564828262","0.462005222964403","0.52133539080549","roller_coaster"
"10.8942220994358","1.18984974129404","0.408493074527733","1.7881093783509","0.894222099435774","0.106201953491688","0.9706","0.517517875885879","0.50797467798765","0.63786236109662","0.501349585120941","0.543368742904898","roller_coaster"
"10.9071840859378","1.17866297628227","0.413924059221158","1.75276617517866","0.907184085937765","0.104856614481997","0.9672","0.506180363082794","0.522133695945055","0.624978602587573","0.521661495123693","0.453007717734617","roller_coaster"
"10.884691303358","1.18564628675598","0.410923674789754","1.80265377222946","0.884691303358021","0.103269954860593","0.9728","0.512171843831765","0.531629467218277","0.613398784422252","0.511611205799541","0.512622042793674","roller_coaster"
"10.9570499289354","1.17486743348692","0.4155504924552","1.67284211669157","0.957049928935373","0.109879209752283","0.9568","0.501104305163477","0.519755562320865","0.661292763613735","0.452253381930889","0.474220291957774","roller_coaster"
"10.790869023761","1.17986103896205","0.418174766214362","1.91910563685149","0.790869023761025","0.0882633884825491","0.9828","0.520976147937582","0.481150208402247","0.524464068853376","0.502702084237699","0.557953832763578","roller_coaster"
"10.8056783633851","1.1941116891273","0.410673045301931","1.91869318933502","0.805678363385137","0.0947450269803345","0.9818","0.523865401187405","0.525500795875359","0.558043683068345","0.496196885106041","0.551361160768918","roller_coaster"
"10.8656954008865","1.17421873839706","0.423255048290529","1.82422504394828","0.865695400886534","0.0947948199331871","0.9728","0.507583511428663","0.485918346397107","0.572949343910439","0.415377918764084","0.575299743943247","roller_coaster"
"10.9314317183885","1.17754861224777","0.414769198150925","1.71321484615468","0.931431718388524","0.107533518921408","0.9612","0.501504151683183","0.531027692779402","0.639151172180035","0.529446218287775","0.55296903227306","roller_coaster"
"10.8989317932655","1.17270294003024","0.42032472287829","1.76805301393516","0.898931793265483","0.0991607912322886","0.9674","0.509462018605276","0.443543872947124","0.610089844866499","0.363596866838634","0.569319668072504","roller_coaster"
"10.9227656674062","1.17472449891334","0.416108970277529","1.72089566581679","0.922765667406193","0.10565953579662","0.962","0.499598994562893","0.533568856962382","0.625854505136209","0.552121678919746","0.555374234455815","roller_coaster"
"10.8446008021349","1.19587675761376","0.407204505002193","1.86358628240272","0.844600802134938","0.101003638799453","0.9772","0.52439331915814","0.507339896247397","0.605214413235369","0.497643039914611","0.566270867722425","roller_coaster"
"10.8744424393747","1.17448799266755","0.419051370917509","1.80787816829629","0.874442439374653","0.0972958472085073","0.9726","0.499938019017376","0.531458810614968","0.56981101765339","0.594271990029677","0.568548172956478","roller_coaster"
"10.9334208144872","1.17641432531736","0.41521451361775","1.70941579560871","0.933420814487172","0.107598623867062","0.9608","0.500742902236934","0.526170325682247","0.639193581768041","0.547222144886045","0.551232051461735","roller_coaster"
"10.8854697428405","1.19136122175255","0.407311353539343","1.80515531043714","0.885469742840518","0.105699935832137","0.9728","0.518907080417392","0.512937585837751","0.632801589195996","0.518198494490968","0.529373555175967","roller_coaster"
"10.910824949558","1.18868120747132","0.40804628735533","1.76110781294359","0.910824949558048","0.108627399912384","0.9674","0.514607500015049","0.523663143142507","0.651333418889645","0.489712339316166","0.53873871685937","roller_coaster"
"10.8826954500561","1.18315128893223","0.412502770044423","1.80068070702705","0.882695450056083","0.10243150024451","0.9728","0.511615798368902","0.514429266284783","0.609403898471195","0.533591791683885","0.541681424328794","roller_coaster"
"10.8738314941808","1.18349488962362","0.413703234665202","1.81208698074048","0.873831494180758","0.10061022065099","0.9728","0.512111610945953","0.531496567274484","0.599770467695133","0.453956393148712","0.552111557506071","roller_coaster"
"6.11476795753086","1.08486385157191","0.467641166834453","1.24849352680524","1.11476795753086","0.108971978668485","0.854","0.414369291160256","0.541396165686752","0.624888861026361","0.423306560402725","0.534105116844384","roller_coaster"
"10.8458974392971","1.19178484338231","0.411137057815753","1.86114857844057","0.84589743929714","0.0988682751718227","0.9766","0.521066669363177","0.490896960369399","0.595255681284258","0.505288323620334","0.557656439061143","roller_coaster"
"10.9324585785534","1.17618362127299","0.415481561431615","1.71544655170001","0.932458578553401","0.106609737547893","0.9612","0.503170561258809","0.518267704883544","0.640417104766038","0.471678892987718","0.488214967063759","roller_coaster"
"10.9385145657457","1.17486299904359","0.41640197773804","1.70177942356955","0.938514565745691","0.107709175245516","0.9602","0.499582882821272","0.541190862657718","0.640992922270949","0.488678771286917","0.535868548800643","roller_coaster"
"10.9072570845022","1.17412468674034","0.416930773822516","1.74591373595224","0.907257084502207","0.103022059352506","0.967","0.501080719237002","0.52992640207926","0.611496990510252","0.538905241925445","0.533882922074855","roller_coaster"
"10.8656954008865","1.17421873839706","0.423255048290529","1.82422504394828","0.865695400886534","0.0947948199331871","0.9728","0.507583511428663","0.485918346397107","0.572949343910439","0.415377918764084","0.575299743943247","roller_coaster"
"10.8877621831524","1.17420692980962","0.419054105941995","1.77646299975007","0.887762183152411","0.0992986412242173","0.971","0.500903626964618","0.518161185602201","0.587952167613118","0.557468808384732","0.575435488320497","roller_coaster"
"10.888099290983","1.17889901072416","0.414587598064631","1.78519816609674","0.88809929098304","0.100682033544672","0.9716","0.511859077173533","0.48853242032084","0.609743989158829","0.482288328128889","0.534947026414003","roller_coaster"
"10.9373559384254","1.17677423173586","0.41502017726493","1.70406637881848","0.937355938425354","0.108274585866328","0.9602","0.501711989025093","0.526261587003594","0.645807354319693","0.518706610926705","0.528640806832205","roller_coaster"
"10.9232771978744","1.17804903352242","0.414916671933449","1.72925854740864","0.923277197874396","0.106281745103019","0.9632","0.504290880840214","0.515336697864005","0.635098310638363","0.524858610716289","0.549269922271642","roller_coaster"
"10.9506818626415","1.17712754686396","0.413963939746187","1.68725087910409","0.950681862641464","0.110510414835429","0.9584","0.500726330602524","0.540051143060465","0.65835494906199","0.511070222853636","0.520999666715782","roller_coaster"
"10.9449322985815","1.17266928390206","0.416354492982849","1.68990354186027","0.944932298581455","0.107821148889216","0.9586","0.499960397489437","0.527154093601","0.647953686981903","0.45715291596459","0.478362474951854","roller_coaster"
"10.9391547574449","1.18041477475595","0.410816109005312","1.70365332624239","0.939154757444897","0.111072749853133","0.9618","0.499544104543769","0.534474075994171","0.648495142883063","0.737406677799299","0.531338617058327","roller_coaster"
"10.882252537057","1.17855800137194","0.417906792212177","1.79310603292158","0.882252537056994","0.0987868128308007","0.9718","0.51031079388598","0.526477806317059","0.59909924538691","0.362171688117087","0.523889221949253","roller_coaster"
"10.8386532912686","1.20182539265589","0.401779212828329","1.87895666871966","0.838653291268615","0.102585466483699","0.9788","0.528772308899941","0.516668453856451","0.612002485427407","0.516537852238836","0.826114465016872","roller_coaster"
"10.9463659395371","1.16949986887479","0.421577279542031","1.69079787303076","0.946365939537122","0.105988758767041","0.9556","0.502431813118177","0.44424378894988","0.648834543857941","0.407797035831618","0.547047482631275","roller_coaster"
"10.8760662774081","1.1716044354349","0.423558940519025","1.80304178034091","0.876066277408129","0.0958699685101427","0.9722","0.503143614632899","0.480328459461833","0.574718612819384","0.50765619310267","0.504446926727226","roller_coaster"
"10.8690094794917","1.18481710121436","0.412175091144496","1.8154706783789","0.869009479491748","0.100193783443332","0.9742","0.51037121622594","0.51294115270691","0.591682084999292","0.609131727150683","0.491908286339956","roller_coaster"
"10.8510841285183","1.18753017474014","0.412741321465671","1.84952553333696","0.851084128518267","0.0982110205571907","0.9756","0.52160675586247","0.459028124324268","0.599095914269365","0.500659825077752","0.510176009007298","roller_coaster"
"10.9227656674062","1.17472449891334","0.416108970277529","1.72089566581679","0.922765667406193","0.10565953579662","0.962","0.499598994562893","0.533568856962382","0.625854505136209","0.552121678919746","0.555374234455815","roller_coaster"
"10.9631048177484","1.17609030447848","0.415331369722153","1.67054146990958","0.963104817748362","0.111102671998356","0.9558","0.499527992802148","0.542096081689508","0.663633560017803","0.467506729395709","0.511832931403155","roller_coaster"
"10.8763900103911","1.17451706770037","0.420841227970993","1.79686139910219","0.876390010391126","0.097051468550944","0.9718","0.501898579130009","0.51684788225171","0.576924450497921","0.504303238258515","0.526998442509598","roller_coaster"
"10.9227656674062","1.17472449891334","0.416108970277529","1.72089566581679","0.922765667406193","0.10565953579662","0.962","0.499598994562893","0.533568856962382","0.625854505136209","0.552121678919746","0.555374234455815","roller_coaster"
"10.9570499289354","1.17486743348692","0.4155504924552","1.67284211669157","0.957049928935373","0.109879209752283","0.9568","0.501104305163477","0.519755562320865","0.661292763613735","0.452253381930889","0.474220291957774","roller_coaster"
"10.8914171496646","1.18233021712427","0.41301555684416","1.78465959374634","0.891417149664584","0.102321548947018","0.9712","0.513609014823009","0.482656084939596","0.62022431774118","0.495322778414754","0.548906685155985","roller_coaster"
"0.813433816206473","0.824666475126469","0.607091471155765","0.123913936326236","0.813433816206473","0.173625833732125","0.1832","0.191858440870419","0.510014134499375","0.652136883730396","0.466559608724554","0.496997166280359","roller_coaster"
"10.935651131655","1.17259785024142","0.417737231988583","1.71234860063128","0.935651131654966","0.106205774071807","0.9598","0.503709321869367","0.492613427426245","0.643119224824103","0.451967189451432","0.547628331294178","roller_coaster"
"10.8696466784868","1.18368171833678","0.414346869000693","1.81336678359729","0.869646678486819","0.0997154673330129","0.9732","0.511962100254343","0.506847374205021","0.596087434612852","0.510582316165945","0.552093043829278","roller_coaster"
"10.9227481485721","1.1761155643998","0.415553323842192","1.72424070244864","0.922748148572101","0.105871628291495","0.9632","0.501091631627723","0.532892847478991","0.628315338738425","0.536044743345229","0.506623819053245","roller_coaster"
"10.9240334990585","1.17870268365265","0.41451929735004","1.72451968448628","0.924033499058546","0.106901945723928","0.9624","0.503796109070883","0.522027592927682","0.637625615403345","0.530861303724989","0.550467472471733","roller_coaster"
"10.8708989638317","1.17827184503607","0.417161918328262","1.80662822708653","0.870898963831656","0.0977827830545344","0.973","0.510548282572745","0.470341935721448","0.590960647269631","0.547546317296538","0.533518453498517","roller_coaster"
"10.9071505861761","1.17476146907493","0.418510945488443","1.75650172690592","0.907150586176106","0.101933428249526","0.966","0.509889467658344","0.452484664379683","0.623865907401018","0.417762581037199","0.555797236536433","roller_coaster"
"10.9056720237969","1.17178017226461","0.419018345305962","1.74719276525186","0.905672023796947","0.101633027379293","0.967","0.50115875191467","0.508261115569451","0.607415807446281","0.51702384273773","0.571442062664532","roller_coaster"
"10.9570499289354","1.17486743348692","0.4155504924552","1.67284211669157","0.957049928935373","0.109879209752283","0.9568","0.501104305163477","0.519755562320865","0.661292763613735","0.452253381930889","0.474220291957774","roller_coaster"
"10.931228574613","1.17540806951164","0.416272733711196","1.71595704003766","0.931228574612964","0.106312078947662","0.9612","0.501590484272665","0.523608447712402","0.635515745147837","0.487731671943469","0.54922251457252","roller_coaster"
"10.9391325920055","1.17896067013026","0.412552663839998","1.70713931267624","0.939132592005544","0.109438137116817","0.9606","0.505796922598465","0.525241487377526","0.658111980474839","0.476096990757652","0.533323587282464","roller_coaster"
"10.9289766354779","1.18354376804615","0.410370477625471","1.72625183001874","0.92897663547786","0.109836794816701","0.9618","0.508338570218731","0.540517737454489","0.656854998432609","0.481122077954224","0.517248060980061","roller_coaster"
"10.9328628098261","1.17501285826495","0.416213593016137","1.71224509892872","0.932862809826114","0.106469103701235","0.9608","0.50167792419398","0.518943714366934","0.637956271163823","0.487755828562235","0.536965382466328","roller_coaster"
"10.9246551983697","1.17599562090317","0.415913369788023","1.72063627531044","0.924655198369693","0.106090312099954","0.9622","0.501179071549038","0.528228114133523","0.63075586475441","0.536068899963995","0.494366686947054","roller_coaster"
"10.9352343314616","1.17023410206209","0.41934890496581","1.70800945004308","0.935234331461566","0.105322143416948","0.9596","0.503013372089024","0.46696705938764","0.640813629672201","0.480688457096475","0.548689073608739","roller_coaster"
"10.9370594527098","1.17575108117474","0.415470540910036","1.70501531753084","0.937059452709752","0.107899631810495","0.9602","0.501325729439376","0.526311275802981","0.644065858005248","0.50843119769471","0.539114848223372","roller_coaster"
"10.8931524825412","1.19019896713117","0.407793764578526","1.78640156554234","0.893152482541175","0.10698510222968","0.9702","0.517527892628056","0.513291577086464","0.641756733787249","0.508252918026626","0.534026264474265","roller_coaster"
"10.9180732925411","1.16643710154871","0.422834216259772","1.73095391436419","0.91807329254113","0.101024801038264","0.9622","0.502186802915803","0.447858915226159","0.616265676362945","0.438271080062354","0.541815556482759","roller_coaster"
"10.9075042537887","1.17186626950902","0.418342642330649","1.74764072261132","0.907504253788655","0.102129982739416","0.967","0.501865555327361","0.518203898563772","0.610522123118287","0.479747826407168","0.550494035166524","roller_coaster"
"10.9391547574449","1.18041477475595","0.410816109005312","1.70365332624239","0.939154757444897","0.111072749853133","0.9618","0.499544104543769","0.534474075994171","0.648495142883063","0.737406677799299","0.531338617058327","roller_coaster"
"10.9631048177484","1.17609030447848","0.415331369722153","1.67054146990958","0.963104817748362","0.111102671998356","0.9558","0.499527992802148","0.542096081689508","0.663633560017803","0.467506729395709","0.511832931403155","roller_coaster"
"10.8967519320626","1.18903250665102","0.407733695015149","1.77925774798567","0.896751932062596","0.107358046280478","0.9696","0.515986687804384","0.523309151893794","0.642378274298392","0.499657915780508","0.534086007561072","roller_coaster"
"10.8956328767892","1.18587098036318","0.410187657203728","1.78267255809407","0.895632876789214","0.105408314095774","0.9702","0.513652128548402","0.515542755856771","0.62919937596941","0.520520639082531","0.648756274349381","roller_coaster"
"10.9385145657457","1.17486299904359","0.41640197773804","1.70177942356955","0.938514565745691","0.107709175245516","0.9602","0.499582882821272","0.541190862657718","0.640992922270949","0.488678771286917","0.535868548800643","roller_coaster"
"10.8715044883944","1.19178689087187","0.407253199876511","1.83191628143868","0.871504488394368","0.103547973951573","0.9742","0.519411061191753","0.516462395863685","0.61790142009636","0.520875823872594","0.726628112939132","roller_coaster"
"10.9104696603929","1.17460553134076","0.416302015896127","1.74232180165857","0.910469660392908","0.103870410594931","0.9662","0.502208632896067","0.518224991921973","0.617847149260869","0.549399874965282","0.513156420217732","roller_coaster"
"10.8946742964799","1.17933176490827","0.413897248570662","1.77743789277296","0.894674296479901","0.102366281473334","0.9696","0.511158270430247","0.498273848142329","0.618899869042168","0.467982101335225","0.512170152091419","roller_coaster"
"10.9305496019184","1.17585717982963","0.416074376201185","1.71292842671792","0.930549601918436","0.106749293924341","0.9612","0.501237674006264","0.519479430618569","0.636666277003058","0.541219451877345","0.550034501261644","roller_coaster"
"10.8645691882833","1.18357889354366","0.415663882183236","1.81929922299768","0.864569188283319","0.0985990666048263","0.9736","0.511603952223481","0.498432490353589","0.590280349325666","0.52273329377589","0.538940452069968","roller_coaster"
"10.5136028942544","0.768677532439417","0.467814210189119","1.96235063953797","0.513602894254435","0.149454574792145","0.9782","0.8","0.7","0.5","0.4","0.4","05_05"
"10.5136028942544","0.768677532439417","0.467814210189119","1.96235063953797","0.513602894254435","0.149454574792145","0.9782","0.8","0.7","0.5","0.4","0.4","05_05"
"0.0212353766653636","0.044909503153974","0.708342557340996","0.00220140577582393","0.0212353766653636","0.305968866331502","0.0028","0.2655086631421","0.380035179434344","0.79423986072652","0.0706790471449494","0.34668348915875","05_05"
"0.33831744343724","0.260356966701761","0.650856937508587","0.104574438744273","0.33831744343724","0.135445373197428","0.3896","0.37212389963679","0.777445221319795","0.107943625887856","0.0994661601725966","0.333774930797517","05_05"
"0.763779153018604","0.500807131223757","0.561840964090421","0.983647290457301","0.763779153018604","0.232805524332928","0.7554","0.572853363351896","0.934705231105909","0.723710946040228","0.31627170718275","0.476351245073602","05_05"
"10.4380963905436","0.676524461147086","0.500781522774588","2.01241118941939","0.438096390543582","0.0877607347486475","0.9782","0.908207789994776","0.212142521282658","0.411274429643527","0.518634263193235","0.892198335845023","05_05"
"0.0229468560372953","0.0446743386306177","0.696691724880643","0.00239809462087566","0.0229468560372953","0.319236769883336","0.037","0.201681931037456","0.651673766085878","0.820946294115856","0.662005076417699","0.864339470630512","05_05"
"10.442125287992","0.735582760150905","0.472996566937791","2.07856194837931","0.442125287992013","0.0995782579406442","0.9898","0.898389684967697","0.125555095961317","0.647060193819925","0.406830187188461","0.389989543473348","05_05"
"10.3484077491014","0.916190069448335","0.404791119944614","2.41177142045916","0.348407749101399","0.137988311172127","1","0.944675268605351","0.267220668727532","0.78293276228942","0.912875924259424","0.777320698834956","05_05"
"5.6954181246878","0.512822000793843","0.57331374237171","1.21904541675626","0.695418124687801","0.139174252810615","0.818","0.660797792486846","0.386114092543721","0.553036311641335","0.293603372760117","0.960617997217923","05_05"
"0.671081774043027","0.400093047937586","0.614953098791299","0.76941788554347","0.671081774043027","0.112936068128123","0.5996","0.62911404389888","0.0133903331588954","0.529719580197707","0.459065726259723","0.434659484773874","05_05"
"0.0126371308721009","0.0263209779126732","0.683291409474063","0.0013164158943329","0.0126371308721009","0.332834571172922","0","0.0617862704675645","0.382387957070023","0.789356231689453","0.332394674187526","0.712514678714797","05_05"
"0.413168546195693","0.301093530444075","0.638446656517529","0.434273874852013","0.413168546195693","0.0992820742559768","0.4852","0.205974574899301","0.86969084572047","0.023331202333793","0.65087046707049","0.399994368897751","05_05"
"0.0224755580913169","0.0503800553247562","0.713463136533967","0.00239179265847006","0.0224755580913169","0.291052559812599","0.0014","0.176556752528995","0.34034899668768","0.477230065036565","0.258016780717298","0.325352151878178","05_05"
"5.74653335426935","0.613324191558895","0.529930595521647","1.36772913155493","0.746533354269347","0.186728635712909","0.8726","0.687022846657783","0.482080115471035","0.7323137386702","0.478545248275623","0.757087148027495","05_05"
"0.350948795046221","0.2322909812382","0.65370755577771","0.541290893149264","0.350948795046221","0.285952384467631","0.508","0.384103718213737","0.599565825425088","0.692731556482613","0.766310670645908","0.202692255144939","05_05"
"5.5832494430993","0.568570125570972","0.541087125300717","1.56955638458003","0.583249443099304","0.099787348884664","0.9162","0.769841419998556","0.493541307048872","0.477619622135535","0.0842469143681228","0.711121222469956","05_05"
"0.440294503044726","0.276109989080596","0.648124721859445","0.403656870260595","0.440294503044726","0.246137328707656","0.4084","0.497699242085218","0.186217601411045","0.8612094768323","0.875321330036968","0.121691921027377","05_05"
"5.55964693989454","0.679899855228965","0.504485228113418","1.72540580325205","0.559646939894538","0.152280510668107","0.9488","0.717618508264422","0.827373318606988","0.438097107224166","0.339072937844321","0.245488513959572","05_05"
"10.3071696247545","0.972502285390231","0.375828691271014","2.5071649118833","0.307169624754543","0.186523562612897","0.999","0.991906094830483","0.668466738192365","0.244797277031466","0.839440350187942","0.14330437942408","05_05"
"0.063466520153831","0.165574970878934","0.671526798566248","0.00664805345357762","0.063466520153831","0.218369846125467","0.2374","0.1","0.1","0.1","0.1","0.1","05_05"
"0.0448437958032308","0.116798973374028","0.683274893488703","0.00473926969508757","0.0448437958032308","0.235629886881407","0.1258","0.2","0.2","0.2","0.2","0.2","05_05"
"0.0523308175759387","0.129697315869464","0.685198519610582","0.00563456542457652","0.0523308175759387","0.238063103511851","0.111","0.3","0.3","0.3","0.3","0.3","05_05"
"0.294770290436591","0.227842970147608","0.668611151348861","0.232465387348701","0.294770290436591","0.192368968882022","0.3394","0.4","0.4","0.4","0.4","0.4","05_05"
"0.604035519479292","0.373413469368566","0.621804200934158","0.800991620454914","0.604035519479292","0.193871797425636","0.662","0.5","0.5","0.5","0.5","0.5","05_05"
"5.72798840314508","0.540971392065731","0.553524679865894","1.20598006708748","0.727988403145078","0.207263304408567","0.8228","0.6","0.6","0.6","0.6","0.6","05_05"
"5.66955937258155","0.722860397421817","0.481308079315964","1.61816765255082","0.669559372581548","0.215241039832629","0.927","0.7","0.7","0.7","0.7","0.7","05_05"
"10.5236381558268","0.909510716980425","0.410831217736754","2.08666410921542","0.523638155826847","0.232377216944109","0.988","0.8","0.8","0.8","0.8","0.8","05_05"
"10.337206996523","1.09778950039443","0.309882883764652","2.55837559004011","0.337206996522965","0.254229159580703","1","0.9","0.9","0.9","0.9","0.9","05_05"
"10.1617328789874","1.26180139785334","0.229366807963368","2.94041617097359","0.161732878987421","0.29407924846651","1","1","1","1","1","1","05_05"
"10.4912975671488","0.826705433529036","0.443771019791056","2.04901549876475","0.491297567148847","0.180098469062457","0.9824","0.802890976206916","0.617971441706891","0.511519113017725","0.790023691875565","0.852099077156666","05_05"
"5.74085135255858","0.573003412391222","0.549282337314711","1.3076301328223","0.740851352558577","0.158201222009544","0.8558","0.695570019575899","0.289533207641018","0.699962915342216","0.516642037130638","0.773546090647306","05_05"
"5.63682482938721","0.652947522680464","0.514337867692467","1.55355763526759","0.63682482938721","0.168751013809771","0.9196","0.700651034153998","0.649696617317386","0.568155419034883","0.407555434620008","0.473180126352236","05_05"
"10.5236381558268","0.909510716980425","0.410831217736754","2.08666410921542","0.523638155826847","0.232377216944109","0.988","0.8","0.8","0.8","0.8","0.8","05_05"
"10.5136028942544","0.768677532439417","0.467814210189119","1.96235063953797","0.513602894254435","0.149454574792145","0.9782","0.8","0.7","0.5","0.4","0.4","05_05"
"5.56694854645812","0.625792534255951","0.533261455821608","1.6455724220377","0.56694854645812","0.12765473777041","0.936","0.741270912949086","0.478394082871521","0.441516764160149","0.384850682245571","0.320430367830305","05_05"
"5.63529131466972","0.629183244010586","0.525742017027497","1.50977840557618","0.63529131466972","0.190544016559547","0.9066","0.645415703755474","0.594544035654696","0.481153933279911","0.829698231414398","0.384186928891407","05_05"
"5.54876214075551","0.431205998250895","0.606501131181075","1.12505278975043","0.548762140755505","0.169732249453906","0.789","0.433838962019104","0.683078376513273","0.226785402226652","0.761530315792125","0.240745986190014","05_05"
"10.5236381558268","0.909510716980425","0.410831217736754","2.08666410921542","0.523638155826847","0.232377216944109","0.988","0.8","0.8","0.8","0.8","0.8","05_05"
"10.4013048783287","0.868387431736011","0.42904157927786","2.26319634859491","0.401304878328704","0.140937683069734","0.999","0.905316813787861","0.394171079575767","0.699755316625802","0.52861057131767","0.840099258688357","05_05"
"5.68806339942121","0.61926425309912","0.52908809645488","1.45633536910919","0.688063399421215","0.162326926309754","0.8976","0.709642002141257","0.454840627850069","0.666036113347046","0.387632428098443","0.952739952605452","05_05"
"10.446282744288","0.816535386524126","0.453003384890768","2.12589617911951","0.44628274428802","0.13363601639587","0.9942","0.874737280283034","0.474534331696784","0.643640536883942","0.361052442787212","0.315047689602614","05_05"
"10.4343467043513","0.722188730361153","0.481811476418048","2.06829380018433","0.434346704351301","0.0985475042794675","0.9892","0.902543204784119","0.204723443093125","0.536761421028307","0.508367199353001","0.690181476140865","05_05"
"10.229296251642","1.13312306140211","0.2994308662515","2.75545321261174","0.229296251641954","0.224776553823553","1","0.992609554203667","0.686418229566464","0.789180460302485","0.980175525384752","0.317076125493313","05_05"
"10.5217083166519","0.751678961331798","0.475798958691608","1.92128636043732","0.521708316651923","0.145179647473659","0.976","0.793077831208568","0.700688039458694","0.496431961521543","0.368691740038255","0.0222068231087178","05_05"
"5.56633854427656","0.586534282332752","0.542514244962471","1.63011632055404","0.566338544276556","0.105356149809849","0.9308","0.770015649809925","0.317835729799325","0.44810441283028","0.332089238692305","0.787920049642144","05_05"
"10.4428152623099","0.689054372974007","0.490740438117284","2.00863863684025","0.442815262309932","0.0888821727479462","0.9828","0.904054270178354","0.132974174150851","0.521573202435145","0.417097251028696","0.592006403177507","05_05"
"10.5645911106475","0.678519483980868","0.510171831543528","1.77030704170522","0.564591110647501","0.12232063821098","0.9616","0.798744952845695","0.462268095429288","0.585603803584316","0.223285585777761","0.687769781235001","05_05"
"0.298989498648604","0.208667456781377","0.667296297044629","0.230981993562027","0.298989498648604","0.216618681488454","0.3178","0.408276661542574","0.456310659607692","0.552999575441009","0.34213679296107","0.47163212924747","05_05"
"10.5627082893643","0.698217025973902","0.496430707481756","1.77009992908606","0.5627082893643","0.156365601828975","0.955","0.724540677055854","0.826685279148293","0.441665145702623","0.370381197806066","0.356202244811974","05_05"
"10.2213027053715","1.16186892743906","0.281542650249272","2.77781165422142","0.221302705371478","0.247422861994907","1","0.999296540626816","0.982048508625901","0.455616816728981","0.859264824803191","0.826228253930768","05_05"
"5.60627415046826","0.685495599337311","0.502246150201586","1.64558529006155","0.606274150468256","0.180148920315026","0.9334","0.699348965846002","0.650303382682614","0.531844580965117","0.592444565379992","0.526819873647764","05_05"
"10.4255896190863","0.718602633168288","0.483669875761629","2.08630495684865","0.42558961908631","0.0998798398428387","0.99","0.908033560183407","0.387848098532205","0.440789638948782","0.270791938869053","0.815399508672835","05_05"
"10.4218011497923","0.770878681209798","0.475362286647837","2.13968860361612","0.42180114979227","0.118553283392194","0.9936","0.89966061707666","0.404689429112675","0.443625252971511","0.480537474338219","0.875739393225212","05_05"
"10.3092192643085","0.978028659668392","0.375352583392458","2.50345894657027","0.309219264308461","0.180805639506271","0.9998","0.972772687871086","0.630976023229182","0.38634696017605","0.764159589100498","0.883337008268381","05_05"
"10.4292990240081","0.648096225447789","0.515632097966475","1.95683682316845","0.429299024008144","0.0857441211807725","0.9754","0.927341196954173","0.24963323624584","0.269724746498943","0.593915024280679","0.152165707000722","05_05"
"10.4310505786251","0.988049483296474","0.366906855750649","2.32228447250306","0.431050578625058","0.230385638314038","0.9982","0.851155790345589","0.831273464693652","0.78700019829429","0.805970944661674","0.907878044612471","05_05"
"10.4140832325513","0.681727668293907","0.506495041308921","2.01634382113483","0.414083232551267","0.0940283505090027","0.9786","0.930191032448169","0.762833582998886","0.125955500692671","0.177376194568414","0.236333324031584","05_05"
"10.442125287992","0.735582760150905","0.472996566937791","2.07856194837931","0.442125287992013","0.0995782579406442","0.9898","0.898389684967697","0.125555095961317","0.647060193819925","0.406830187188461","0.389989543473348","05_05"
"10.4812145104783","0.664418117608097","0.501153715784835","1.91401502437039","0.481214510478315","0.0918842017344831","0.9708","0.869486152120558","0.156828307580901","0.539076012371144","0.267791515778823","0.413340984708303","05_05"
"10.48536395617","0.724399226415042","0.490324364927469","1.96183061432608","0.485363956169958","0.139927602026685","0.9774","0.803501888035708","0.535095633720479","0.349332881575699","0.593651453784059","0.281363873247357","05_05"
"10.4812145104783","0.664418117608097","0.501153715784835","1.91401502437039","0.481214510478315","0.0918842017344831","0.9708","0.869486152120558","0.156828307580901","0.539076012371144","0.267791515778823","0.413340984708303","05_05"
"10.2225847649046","1.14827781674349","0.290201340988586","2.77372480623314","0.222584764904627","0.235882825551299","1","0.992609554203667","0.743514884263277","0.789180460302485","0.980175525384752","0.317076125493313","05_05"
"10.3720151065724","0.795972158590721","0.467962413564203","2.24464496590236","0.372015106572393","0.113627061176194","0.996","0.970525594281636","0.345875085023765","0.344685113012696","0.634951081300143","0.608448520062186","05_05"
"10.3610331466863","0.857258553934351","0.431336255060524","2.28924982206806","0.361033146686317","0.15514051579705","0.9968","0.929588290543623","0.534734174451258","0.311386593662297","0.723123532081034","0.427054195206917","05_05"
"10.4328032339282","0.776998010225345","0.469087418059136","2.11816660590214","0.432803233928209","0.123172007712858","0.9926","0.876058870382586","0.608650089937883","0.471526292961498","0.272754479823054","0.599777981857471","05_05"
"10.5627082893643","0.698217025973902","0.496430707481756","1.77009992908606","0.5627082893643","0.156365601828975","0.955","0.724540677055854","0.826685279148293","0.441665145702623","0.370381197806066","0.356202244811974","05_05"
"10.4758909344311","0.822927796054948","0.447842210551603","2.08954839957439","0.475890934431129","0.153193888456676","0.9892","0.836079684097731","0.695109614096813","0.590537135111202","0.373142950078119","0.317953876925376","05_05"
"5.67917984326149","0.569617679181483","0.546154942170773","1.34269152323707","0.679179843261487","0.180388347110312","0.8654","0.645262865884697","0.450262721914024","0.535192423649564","0.721011798745213","0.667838546142662","05_05"
"10.4165164709953","0.746779523487364","0.4803763255736","2.1144969751654","0.416516470995252","0.105079652205585","0.9916","0.909797042797679","0.487633962352295","0.403739728222434","0.26643377035126","0.349194212316414","05_05"
"10.5516633764602","0.662634705754106","0.51128637719098","1.78787845703033","0.551663376460238","0.113466993786423","0.9602","0.809586308112485","0.358637450838525","0.56851970875102","0.242306489324709","0.636633568839849","05_05"
"10.5000245020418","0.780340330555736","0.465687337317177","1.99233744981744","0.500024502041807","0.151162339312073","0.9798","0.797327692197317","0.762840855152782","0.460255289217457","0.399161420716999","0.480693130479391","05_05"
"10.229296251642","1.13312306140211","0.2994308662515","2.75545321261174","0.229296251641954","0.224776553823553","1","0.992609554203667","0.686418229566464","0.789180460302485","0.980175525384752","0.317076125493313","05_05"
"10.3959687844275","0.831871797847316","0.443319805519592","2.22467389394801","0.395968784427489","0.13307761548543","0.9964","0.902968780360886","0.562026279963303","0.468467141209568","0.39647122197033","0.826641784309284","05_05"
"10.5026266086245","0.697134532406391","0.505668571125604","1.89963042589252","0.502626608624458","0.119908763391799","0.9758","0.823188274764468","0.364840985207975","0.452236445888361","0.592708135876612","0.397621707401129","05_05"
"10.4158193647049","0.675392943387486","0.509347618287308","2.00069856434613","0.415819364704884","0.0913492679119212","0.977","0.928427549833898","0.663047719178796","0.163005411419018","0.181734363086207","0.702538620388005","05_05"
"10.4317145454056","0.795302655364931","0.452551179172918","2.17333836931071","0.431714545405574","0.120375815054696","0.9962","0.898567662064761","0.261571095974934","0.690334938195808","0.473170852293311","0.510026807295644","05_05"
"10.4310505786251","0.988049483296474","0.366906855750649","2.32228447250306","0.431050578625058","0.230385638314038","0.9982","0.851155790345589","0.831273464693652","0.78700019829429","0.805970944661674","0.907878044612471","05_05"
"0.574345128190078","0.380766493412735","0.620055888124351","0.876033493107155","0.574345128190078","0.179428611519484","0.692","0.484146115710307","0.522348862240267","0.391555893919304","0.55716055417755","0.346453530694657","05_05"
"10.4243533024949","0.791786730547098","0.456319850128695","2.17740879502206","0.42435330249492","0.115904356081354","0.9956","0.905138836690796","0.25815507956215","0.65648057224992","0.462269906212821","0.720061994866062","05_05"
"10.4915361709967","0.67896382202372","0.49638243836264","1.93890055689963","0.491536170996683","0.101783322030394","0.9766","0.858644796853768","0.260458952171665","0.55616010720444","0.248770612231875","0.464477197103455","05_05"
"10.5117695991346","0.743099074247128","0.48553977764531","1.9171787538132","0.511769599134606","0.142856366158308","0.9774","0.807955756029437","0.443793260275794","0.483841610756938","0.664344408774288","0.840856801520216","05_05"
"10.446282744288","0.816535386524126","0.453003384890768","2.12589617911951","0.44628274428802","0.13363601639587","0.9942","0.874737280283034","0.474534331696784","0.643640536883942","0.361052442787212","0.315047689602614","05_05"
"10.4790134712155","0.851662185882256","0.42973951076637","2.10406366610799","0.479013471215518","0.190325084798539","0.9826","0.795750139011251","0.737847184305913","0.50488804854867","0.769530319321256","0.341513692629327","05_05"
"10.5645911106475","0.678519483980868","0.510171831543528","1.77030704170522","0.564591110647501","0.12232063821098","0.9616","0.798744952845695","0.462268095429288","0.585603803584316","0.223285585777761","0.687769781235001","05_05"
"10.2869051645355","1.00459803483214","0.36668754608583","2.57817181413918","0.286905164535515","0.17739106633724","1","0.992723822364788","0.530226726268918","0.523166536138628","0.85430186075896","0.6397912567816","05_05"
"10.494099183201","0.750642571774862","0.479916783895113","1.98933598761121","0.494099183201047","0.132380868860857","0.9854","0.838657596185302","0.479424717599971","0.55310340177274","0.387909492709092","0.397093812677238","05_05"
"10.4310505786251","0.988049483296474","0.366906855750649","2.32228447250306","0.431050578625058","0.230385638314038","0.9982","0.851155790345589","0.831273464693652","0.78700019829429","0.805970944661674","0.907878044612471","05_05"
"10.3227608367189","1.05469358858202","0.335473502869867","2.56598102214626","0.322760836718874","0.224307873825028","1","0.905092109541149","0.935455195126134","0.57259465403801","0.806985749873549","0.870227918779923","05_05"
"10.2747962780522","1.11070268637161","0.30765942554333","2.66336955852269","0.27479627805219","0.234094797003391","1","0.945360221431256","0.877866778193418","0.670022360985261","0.858250019591316","0.863878379763316","05_05"
"10.5174473644704","0.716846539515804","0.491106295024558","1.9101700150436","0.517447364470351","0.129613463011771","0.9738","0.797327692197317","0.762840855152782","0.460255289217457","0.239086773013696","0.480693130479391","05_05"
"10.4641096400137","0.740284053720377","0.482970788651537","2.03814648347745","0.46410964001367","0.115778609500666","0.988","0.865073942725932","0.469785010934291","0.534417191512138","0.256733731699377","0.821235672149301","05_05"
"10.5230411557681","0.683119789384749","0.512234294488454","1.84479894276846","0.523041155768144","0.118773367053351","0.9702","0.81229364750481","0.332300816041368","0.487803062846369","0.565686422869353","0.776492640319394","05_05"
"10.5240852767385","0.687027388970748","0.503686445324828","1.86602631906581","0.52408527673851","0.115811483710522","0.9712","0.827082076195217","0.369299876756026","0.558387151743679","0.290658471117252","0.436517497615163","05_05"
"10.5117695991346","0.743099074247128","0.48553977764531","1.9171787538132","0.511769599134606","0.142856366158308","0.9774","0.807955756029437","0.443793260275794","0.483841610756938","0.664344408774288","0.840856801520216","05_05"
"10.4104124995479","0.709271569572912","0.498590054309159","2.07545934955616","0.410412499547925","0.102772754920662","0.9872","0.941877712492408","0.424180711994202","0.234484932361152","0.374818026169737","0.613114909955476","05_05"
"10.3781641407571","0.870948353912002","0.421541073861669","2.28653338435498","0.378164140757059","0.155736973040739","0.9974","0.902437889736739","0.606561040730871","0.41081491940911","0.60179455839496","0.571492505264507","05_05"
"5.65454571311723","0.616431336331942","0.525476138001478","1.46630018476065","0.654545713117233","0.171005022699376","0.9022","0.690421233130445","0.471649366289901","0.573489810059712","0.601715699638945","0.436146537803727","05_05"
"10.2861063494265","1.09028857993816","0.320451436868098","2.63285272203207","0.286106349426546","0.222790367578917","1","0.946557030196284","0.708741392079403","0.788627542189194","0.950484863838995","0.832314404760696","05_05"
"10.3787328449612","0.834389605980487","0.442159615132817","2.25787165465732","0.378732844961177","0.130902358503991","0.9966","0.918709603731138","0.682548669556409","0.369526632521926","0.339592838316684","0.392026999716208","05_05"
"10.5645911106475","0.678519483980868","0.510171831543528","1.77030704170522","0.564591110647501","0.12232063821098","0.9616","0.798744952845695","0.462268095429288","0.585603803584316","0.223285585777761","0.687769781235001","05_05"
"10.486521956626","0.763937083459851","0.474068407561511","2.01076993219783","0.486521956626004","0.134009304144741","0.9858","0.836639790480649","0.5545093644583","0.519653753281746","0.363023076048714","0.693175893394984","05_05"
"10.5627082893643","0.698217025973902","0.496430707481756","1.77009992908606","0.5627082893643","0.156365601828975","0.955","0.724540677055854","0.826685279148293","0.441665145702623","0.370381197806066","0.356202244811974","05_05"
"10.5026266086245","0.697134532406391","0.505668571125604","1.89963042589252","0.502626608624458","0.119908763391799","0.9758","0.823188274764468","0.364840985207975","0.452236445888361","0.592708135876612","0.397621707401129","05_05"
"10.3199011009577","1.00070966869415","0.363486528964534","2.49728245468396","0.31990110095765","0.190667526132","1","0.938541945389855","0.614152575183491","0.579152367602038","0.89286596657211","0.3861131318935","05_05"
"10.5079295817964","0.903108598724912","0.413809490038974","2.11647391290747","0.507929581796441","0.219847294735156","0.9874","0.799843559837875","0.808992434761849","0.703155032276836","0.797367140355828","0.430464758582265","05_05"
"10.3337015764092","0.986498418007481","0.371428952822662","2.46422240868099","0.333701576409154","0.185105750639832","0.9998","0.921940197814806","0.764936541415233","0.534850785375692","0.599298166208451","0.867024389567511","05_05"
"10.5645911106475","0.678519483980868","0.510171831543528","1.77030704170522","0.564591110647501","0.12232063821098","0.9616","0.798744952845695","0.462268095429288","0.585603803584316","0.223285585777761","0.687769781235001","05_05"
"10.422559813777","0.935720163761226","0.391513051666059","2.28908524596036","0.422559813776984","0.203489497969235","0.9974","0.847062369518965","0.760128214237715","0.588733214566124","0.778134123627103","0.818926978659533","05_05"
"10.4257108611977","0.823954423325962","0.443444042599985","2.16279393827956","0.425710861197649","0.145154382658314","0.9928","0.857643142364681","0.729384642457216","0.415154824337616","0.38840714153943","0.743392275432964","05_05"
"10.4645706371184","0.716234132371022","0.494348272691825","1.99301337961201","0.464570637118411","0.112701638715712","0.9834","0.845797630200491","0.6756086637192","0.384015914008294","0.215284474847642","0.628465497597173","05_05"
"10.4420411189161","0.75644105935802","0.480598122848477","2.07974136124552","0.442041118916129","0.123571668781943","0.9886","0.865415396742214","0.502154899445676","0.394125482821043","0.432317943622182","0.517649145277071","05_05"
"10.4390055439034","0.7674652406539","0.47316684059131","2.07671124935814","0.439005543903446","0.141073146857735","0.987","0.844347117001156","0.546577092087642","0.321783865330326","0.591091007703668","0.474766335795669","05_05"
"10.3535836797744","1.04173790180759","0.342618741803535","2.4996269898974","0.353583679774367","0.224358649719126","1","0.897208314352972","0.808950302180713","0.787553116407581","0.835661606207431","0.392639765345088","05_05"
"10.3852090613174","0.897010348077605","0.409401779372782","2.30309871613244","0.385209061317387","0.166161633914244","0.9978","0.882568865739784","0.750997937516398","0.449858017549428","0.531193945094365","0.43298098989064","05_05"
"10.3592490603353","0.831920047864185","0.444129583830753","2.27868832831304","0.359249060335309","0.134264020195436","0.9966","0.957075431623126","0.584742092208359","0.273205592070562","0.441867418216614","0.697872230494715","05_05"
"10.5254282010536","0.72056348093994","0.49151606854506","1.89970875409861","0.525428201053636","0.128513232538718","0.9776","0.82116182810257","0.46876229168247","0.563235958780081","0.339557510916549","0.597209883901924","05_05"
"10.4127899467546","0.83803369887971","0.442970610022425","2.21569490565221","0.41278994675463","0.133857071472258","0.9976","0.900800945215423","0.369647523796575","0.652519120160489","0.560927892117756","0.784426156066884","05_05"
"10.5051670529831","0.839346544373561","0.437539489873361","2.06250071760357","0.505167052983091","0.193259719165738","0.9812","0.790921316851983","0.673722969720937","0.552239748701054","0.830385908484459","0.549645885264311","05_05"
"10.2854553338694","1.01914517848859","0.355365743788899","2.59361043973075","0.285455333869357","0.184260585772311","1","0.983655899357436","0.606999828834231","0.521414686362744","0.810433090893676","0.35801718880673","05_05"
"10.310504632871","1.06641675268356","0.335195375165868","2.57776115509261","0.310504632871012","0.217671731733191","1","0.928008459757961","0.797460598875888","0.713102679699659","0.822744784010675","0.36477856694886","05_05"
"10.3857225166547","0.786594529270181","0.467645861451007","2.20133124617812","0.385722516654713","0.124202613168032","0.9938","0.943523686314588","0.551547519294288","0.236413271228803","0.4097870698253","0.688525446007172","05_05"
"10.2984721268917","1.04380660198604","0.342286016507951","2.58470611520121","0.298472126891666","0.198329831389219","1","0.952855753952447","0.618489532139055","0.756875754508179","0.823349913090431","0.385878387202958","05_05"
"10.4183920003757","0.828084536445904","0.441318977428739","2.1792822007615","0.418392000375722","0.14495553195149","0.9934","0.866770023151675","0.693594378517549","0.420103580736486","0.416940924330708","0.487314830777137","05_05"
"10.5645911106475","0.678519483980868","0.510171831543528","1.77030704170522","0.564591110647501","0.12232063821098","0.9616","0.798744952845695","0.462268095429288","0.585603803584316","0.223285585777761","0.687769781235001","05_05"
"10.4620108011007","0.799986294764048","0.456434349699032","2.07629176065529","0.462010801100718","0.147056805167973","0.9876","0.832995558782382","0.675807517366104","0.450966627890081","0.423940407077948","0.564870804966762","05_05"
"10.4397124422562","0.953984103652718","0.388376498877965","2.28039972219138","0.43971244225621","0.213134915253179","0.9968","0.847062369518965","0.760128214237715","0.707990671508014","0.778134123627103","0.818926978659533","05_05"
"10.3656433387059","0.836238290553457","0.442843574280795","2.28519157183926","0.365643338705931","0.130614914704169","0.9974","0.944263567563232","0.504320262837318","0.39022697133991","0.479381811544249","0.756042202597676","05_05"
"10.5735539758986","0.730655441755768","0.483460003257883","1.83080821200011","0.573553975898629","0.143491435766985","0.9692","0.799521122624411","0.52110956620064","0.66460217480455","0.295803643695715","0.437574935533071","05_05"
"10.3289852262738","1.03556671555395","0.349655039186872","2.53087383780309","0.328985226273822","0.208025135793676","1","0.92087195816174","0.756895278119128","0.66568525821726","0.786834563427639","0.821395693795273","05_05"
"10.3910271667034","0.763283784841219","0.480805351150281","2.1770978023883","0.391027166703362","0.111728408357293","0.9936","0.955429457800946","0.457375284908273","0.27127725320291","0.40689837456105","0.622461694443018","05_05"
"10.5150672936185","0.686403255056434","0.507840129227448","1.87999328198816","0.515067293618514","0.115433031114135","0.973","0.824979445293223","0.359431476424681","0.504147918363246","0.408086523052631","0.735596190575263","05_05"
"10.5627082893643","0.698217025973902","0.496430707481756","1.77009992908606","0.5627082893643","0.156365601828975","0.955","0.724540677055854","0.826685279148293","0.441665145702623","0.370381197806066","0.356202244811974","05_05"
"10.3482635017039","0.970965151558879","0.378720656579041","2.42862202274432","0.348263501703921","0.18838508692319","0.9994","0.913365298398379","0.629768022222327","0.59755915362657","0.783262049217923","0.767622121298753","05_05"
"10.4882294296373","0.775281977718265","0.472089743577323","1.99107577063785","0.488229429637309","0.144836558578416","0.9824","0.823953992692236","0.527378704074987","0.503308897764869","0.520622975865436","0.734072343139116","05_05"
"10.4175398814994","0.883263955380416","0.412930348194729","2.25590578307211","0.417539881499428","0.162040224477069","0.998","0.884590918780627","0.485046728650984","0.708076064655645","0.683103967731953","0.10102623119019","05_05"
"10.5190014957293","0.716398317628456","0.494039491686432","1.90396612913354","0.51900149572932","0.12993848476404","0.9764","0.815439842720796","0.513928706031657","0.523648529601521","0.339898142554654","0.689322362673407","05_05"
"10.5170413305972","0.910841288986448","0.409663774868016","2.10091018797587","0.517041330597158","0.196023643486257","0.993","0.844347117001156","0.546577092087642","0.985662204911932","0.591091007703668","0.474766335795669","05_05"
"10.4886691826796","0.693741401038848","0.507010007470396","1.92739333435012","0.488669182679603","0.118671819179458","0.9764","0.825105511564704","0.412722645412409","0.370781683577021","0.528172029541717","0.718322668216434","05_05"
"10.5242780127305","0.829748305168884","0.442005577577574","2.01765673181902","0.524278012730541","0.170530716099303","0.9832","0.811362348418041","0.786171668959017","0.665080855336252","0.375843224253239","0.408175029903875","05_05"
"10.5645911106475","0.678519483980868","0.510171831543528","1.77030704170522","0.564591110647501","0.12232063821098","0.9616","0.798744952845695","0.462268095429288","0.585603803584316","0.223285585777761","0.687769781235001","05_05"
"10.4257108611977","0.823954423325962","0.443444042599985","2.16279393827956","0.425710861197649","0.145154382658314","0.9928","0.857643142364681","0.729384642457216","0.415154824337616","0.38840714153943","0.743392275432964","05_05"
"10.5028754372288","0.868173400955418","0.425145622976415","2.1018590048259","0.502875437228841","0.199457469097215","0.9842","0.799067390059159","0.750150963990497","0.624156661056602","0.724849082437874","0.680659604284194","05_05"
"0.664259650447867","0.380884061731855","0.624418454041918","0.741418377489644","0.664259650447867","0.175632391615972","0.6168","0.541119189932942","0.502848753855932","0.581609027264542","0.246410519271821","0.691623311956578","05_05"
"10.5026266086245","0.697134532406391","0.505668571125604","1.89963042589252","0.502626608624458","0.119908763391799","0.9758","0.823188274764468","0.364840985207975","0.452236445888361","0.592708135876612","0.397621707401129","05_05"
"10.5117695991346","0.743099074247128","0.48553977764531","1.9171787538132","0.511769599134606","0.142856366158308","0.9774","0.807955756029437","0.443793260275794","0.483841610756938","0.664344408774288","0.840856801520216","05_05"
"10.3195806117579","0.98707676085205","0.368130266992344","2.48977086591488","0.319580611757859","0.185834615687233","1","0.940879632676358","0.628359794481456","0.558429581531533","0.783637051564107","0.584463862562683","05_05"
"10.4248618129619","0.904249414822035","0.408395707253104","2.23916883132311","0.424861812961903","0.17407672180465","0.998","0.869831522278553","0.633482734315376","0.71072214184437","0.530245890669786","0.757868176856927","05_05"
"10.3617983583984","0.978460912581334","0.375118946161907","2.40945626893948","0.361798358398368","0.19711783680997","0.9996","0.889838636200042","0.73876824859049","0.551718319397335","0.804930162956671","0.59248030490358","05_05"
"10.3931086984198","0.989037508758222","0.370683839041029","2.3672489980311","0.393108698419835","0.215992814303261","0.9992","0.872747441553509","0.711974328197991","0.711675498538058","0.941784424038459","0.829845689624957","05_05"
"10.4433645691977","0.845827868841002","0.433934354767225","2.16701153689272","0.443364569197722","0.157418968164047","0.9936","0.856368703397041","0.601403992447209","0.593990122649146","0.494033471145935","0.736963340999047","05_05"
"0.0135102207335597","0.0285975110669395","0.693181792870948","0.00142648414578679","0.0135102207335597","0.324150556852823","0","0.0155072559136897","0.488352018240921","0.615345636104334","0.287966653911608","0.583898931070947","05_05"
"10.5645911106475","0.678519483980868","0.510171831543528","1.77030704170522","0.564591110647501","0.12232063821098","0.9616","0.798744952845695","0.462268095429288","0.585603803584316","0.223285585777761","0.687769781235001","05_05"
"10.5190014957293","0.716398317628456","0.494039491686432","1.90396612913354","0.51900149572932","0.12993848476404","0.9764","0.815439842720796","0.513928706031657","0.523648529601521","0.339898142554654","0.689322362673407","05_05"
"10.5645911106475","0.678519483980868","0.510171831543528","1.77030704170522","0.564591110647501","0.12232063821098","0.9616","0.798744952845695","0.462268095429288","0.585603803584316","0.223285585777761","0.687769781235001","05_05"
"10.5560980483556","0.776254001712433","0.468531519834192","1.90989046828623","0.556098048355628","0.161405707107883","0.975","0.801180741942969","0.511166303363074","0.654583631414338","0.563770036171217","0.568464417713541","05_05"
"10.4115666596517","0.779597040919981","0.468458246623233","2.15464342123957","0.411566659651695","0.125972417317875","0.9916","0.899064025687138","0.554964528673348","0.32532177064801","0.412744952683424","0.575001128496232","05_05"
"10.3951956396032","0.968081999150712","0.384122838326069","2.34387677288254","0.395195639603249","0.196861928176283","0.9994","0.880882889423119","0.654886765119995","0.710071934451056","0.801778534377198","0.415744188418362","05_05"
"10.4943478094081","0.728528700123272","0.485753698496285","1.96749210649804","0.494347809408074","0.130766738432373","0.98","0.819119958652871","0.572576217467175","0.433671801971294","0.387904533370133","0.548382327403067","05_05"
"10.4265592598647","0.889518708997925","0.411970450630211","2.22605593175492","0.426559259864726","0.170029992158629","0.9976","0.875239478948172","0.488648346674025","0.709511375108417","0.783541204410826","0.434665318811992","05_05"
"10.4229823060692","0.823137854255498","0.444168431033794","2.16507909109925","0.422982306069231","0.14361615491945","0.9928","0.862740998176049","0.696443162507954","0.418255045382233","0.405871678504996","0.587260478256691","05_05"
"10.4104430198285","0.816699295753083","0.447645113128214","2.19194255001439","0.410443019828469","0.141792539714031","0.9932","0.877455219409832","0.672390507987043","0.362058128470875","0.420982524219823","0.678395122477702","05_05"
"10.4005200031286","0.846445960205338","0.435378189991548","2.22223255350381","0.400520003128576","0.156824073557157","0.9944","0.877631323537466","0.589518590089161","0.385711212263086","0.648300029339892","0.711052917552134","05_05"
"10.4331745821481","0.803736951963989","0.461271367523461","2.13964801303436","0.433174582148119","0.133552157847503","0.9934","0.881976040294561","0.387795506199799","0.507716949340671","0.697315101124619","0.766254970874968","05_05"
"10.5031422781","0.705516188894225","0.500946717828453","1.91070559427546","0.503142278100026","0.123603484387966","0.9768","0.82467184139838","0.42086730400013","0.49463515911941","0.421938175102126","0.745604999230963","05_05"
"10.3324948211515","0.98736249082551","0.370705621279708","2.46299646426357","0.332494821151544","0.189762298047709","0.9996","0.925551582404702","0.652703104852589","0.569301120802556","0.783911994196555","0.705117443750575","05_05"
"10.411555883261","0.917478940393399","0.405154797923802","2.26598968294729","0.411555883261044","0.180830732421347","0.9982","0.876455470911016","0.54213429172898","0.709679628742647","0.823109857393214","0.515127732396785","05_05"
"10.3755702646035","0.849455780113506","0.439512840148357","2.29742413969484","0.375570264603494","0.120585319815415","0.9998","0.936200008433397","0.256077501457185","0.654813718946237","0.786559620795192","0.70074211260738","05_05"
"10.5022869982306","0.718421915642868","0.49485985758389","1.92208552670869","0.502286998230606","0.132040185401067","0.9774","0.816484959723754","0.435885932399991","0.45717686251684","0.575943397551413","0.430522122596784","05_05"
"10.4356388716607","0.815599707412849","0.447122777948309","2.14071697052469","0.435638871660716","0.140720916572311","0.9928","0.8630899072196","0.634946867082031","0.510080308366713","0.368934533515229","0.628254866047476","05_05"
"10.5700870145833","0.703154751616615","0.49809979641164","1.79278967766488","0.570087014583274","0.13165820071669","0.9652","0.79890147304361","0.495025643389007","0.634860342284532","0.231122575561868","0.541445785697124","05_05"
"10.3831480359412","0.986226937787053","0.372973023164994","2.38535168981395","0.383148035941225","0.207605797878742","0.9996","0.882098881385963","0.70837271017495","0.710240188085286","0.841347187359585","0.496206602003155","05_05"
"5.58595941548099","0.637281383041749","0.517935892159543","1.69994554000318","0.585959415480988","0.108816596000392","0.943","0.806224437665125","0.114746522158384","0.65966175817607","0.312568382020914","0.404674520337416","05_05"
"10.4510700009836","0.958107132714903","0.38643099790904","2.24826352407944","0.45107000098363","0.199483181001801","0.9986","0.869831522278553","0.633482734315376","0.982425559079275","0.530245890669786","0.757868176856927","05_05"
"10.524682192474","0.692855253427763","0.503564222197442","1.85401677872093","0.524682192474015","0.126881409568145","0.9706","0.806296136710879","0.45373652311336","0.49386015414715","0.396378016298786","0.709967319339747","05_05"
"10.4204201088562","0.827644091816589","0.441087364931349","2.1772346818011","0.42042010885619","0.146150803003245","0.9934","0.861672167340307","0.72653585846681","0.417003359691869","0.399476387365143","0.64344662795341","05_05"
"10.5735539758986","0.730655441755768","0.483460003257883","1.83080821200011","0.573553975898629","0.143491435766985","0.9692","0.799521122624411","0.52110956620064","0.66460217480455","0.295803643695715","0.437574935533071","05_05"
"10.4248618129619","0.904249414822035","0.408395707253104","2.23916883132311","0.424861812961903","0.17407672180465","0.998","0.869831522278553","0.633482734315376","0.71072214184437","0.530245890669786","0.757868176856927","05_05"
"10.4619760203761","0.834938466558005","0.442257952817141","2.0928663371624","0.461976020376067","0.164157819352711","0.9892","0.837312824227281","0.561972303913738","0.536788790711271","0.684802163158497","0.59975005556788","05_05"
"10.5189865834422","0.710053210540276","0.50065871276563","1.86653383915723","0.518986583442245","0.131616866010089","0.974","0.80826335992428","0.382357432700345","0.493354370000775","0.650492756724792","0.830847992864516","05_05"
"10.4782048547263","0.798721578313806","0.458391382838763","2.04385809752334","0.478204854726267","0.147727375490767","0.9878","0.838838282694311","0.508701817254076","0.541156786118108","0.568518214072161","0.536175459746027","05_05"
"10.4868991129327","0.783990100140716","0.469421238321887","2.00602405489774","0.486899112932691","0.150148910718259","0.985","0.832291961327629","0.436250277799062","0.524480890077307","0.764201490478065","0.60158553813425","05_05"
"10.4542413397854","0.702125782197227","0.491424468309163","2.00937446337","0.454241339785438","0.102214518764328","0.9844","0.877255074748291","0.544123823613461","0.449013856627097","0.163083263440058","0.615546002111254","05_05"
"10.4331745821481","0.803736951963989","0.461271367523461","2.13964801303436","0.433174582148119","0.133552157847503","0.9934","0.881976040294561","0.387795506199799","0.507716949340671","0.697315101124619","0.766254970874968","05_05"
"10.5645911106475","0.678519483980868","0.510171831543528","1.77030704170522","0.564591110647501","0.12232063821098","0.9616","0.798744952845695","0.462268095429288","0.585603803584316","0.223285585777761","0.687769781235001","05_05"
"10.5560980483556","0.776254001712433","0.468531519834192","1.90989046828623","0.556098048355628","0.161405707107883","0.975","0.801180741942969","0.511166303363074","0.654583631414338","0.563770036171217","0.568464417713541","05_05"
"10.5648944774962","0.736823586976527","0.480519002067756","1.85258484360262","0.564894477496196","0.147727037925792","0.9724","0.799824306897556","0.49687065882057","0.647888764301972","0.397996026562221","0.628054579682182","05_05"
"10.5072233493515","0.755859339508205","0.475682685605899","1.96332796653337","0.507223349351486","0.134086015958221","0.9826","0.829540728715746","0.548879416869527","0.583236075585067","0.314632304939211","0.498667042219939","05_05"
"10.5735539758986","0.730655441755768","0.483460003257883","1.83080821200011","0.573553975898629","0.143491435766985","0.9692","0.799521122624411","0.52110956620064","0.66460217480455","0.295803643695715","0.437574935533071","05_05"
"10.4386290372882","0.847960451033397","0.434340553639276","2.17145793770822","0.43862903728824","0.155062900849071","0.9948","0.863114322366466","0.576435693062706","0.62319083240425","0.485918199186062","0.614156267947997","05_05"
"10.5542302062754","0.720787541641342","0.490670662958208","1.84267627446644","0.554230206275383","0.138352383397627","0.9704","0.800101387891108","0.476563739971792","0.592298670696683","0.389059595386757","0.628179619266359","05_05"
"10.5700870145833","0.703154751616615","0.49809979641164","1.79278967766488","0.570087014583274","0.13165820071669","0.9652","0.79890147304361","0.495025643389007","0.634860342284532","0.231122575561868","0.541445785697124","05_05"
"10.5050526742658","0.714751907062899","0.495297320277594","1.92251341433674","0.505052674265816","0.130980849670853","0.976","0.8078031668226","0.522311463201635","0.426209466012504","0.434067914925614","0.710299077217819","05_05"
"10.5180948566374","0.669641763400325","0.503583535704732","1.86964818085745","0.518094856637357","0.105857659653771","0.97","0.839773616168979","0.200813972370888","0.586505990957717","0.366870610596932","0.534262344164953","05_05"
"10.4454205019392","0.846670025543433","0.433441710754849","2.15572713523573","0.445420501939245","0.160685834673398","0.9936","0.855521154906733","0.552522746887124","0.602026390961603","0.602927523708798","0.446872186469031","05_05"
"10.4320276101432","0.881060964325304","0.41530372596026","2.20986372133585","0.43202761014317","0.167372375787898","0.997","0.873271442634125","0.490534225079779","0.710601628556413","0.705952491080358","0.757445200576786","05_05"
"10.4830093397302","0.729558140376887","0.494078837604067","1.99625364781287","0.483009339730239","0.119967406496274","0.9864","0.852485868556333","0.290933666742977","0.526376822175247","0.743203520082017","0.729260651548318","05_05"
"10.4771333636448","0.824655809835056","0.445109512267002","2.08108194472538","0.477133363644841","0.155844130125839","0.9916","0.851210877544823","0.434755501575307","0.678384855031885","0.669832470657553","0.663927773542257","05_05"
"10.4052522722268","0.906472973329481","0.407859546228837","2.27012827790258","0.405252272226772","0.173669858915141","0.9984","0.876831719700191","0.587529058204679","0.646376984378635","0.676683216697511","0.610634647837665","05_05"
"10.3564403524653","0.983487450122101","0.377197245051659","2.42279176457","0.356440352465279","0.191383184129721","0.9996","0.907209054094","0.631501049974489","0.679146087107232","0.784046184827279","0.528232862871554","05_05"
"10.4180441442148","0.929573029956121","0.400967450633355","2.26599188324547","0.418044144214751","0.183354626430691","0.9984","0.8717995585926","0.65870851976797","0.709631888396374","0.607834604000255","0.435088295092134","05_05"
"10.4331745821481","0.803736951963989","0.461271367523461","2.13964801303436","0.433174582148119","0.133552157847503","0.9934","0.881976040294561","0.387795506199799","0.507716949340671","0.697315101124619","0.766254970874968","05_05"
"10.4052275112589","0.834997108549168","0.44552063900192","2.22300483099248","0.405227511258933","0.129332112892102","0.9976","0.908385981275444","0.386011138714337","0.6230720558904","0.465294275815301","0.717086460290025","05_05"
"10.55791049443","0.704003682342263","0.49849176529418","1.81596850984001","0.557910494429951","0.130335220344528","0.9672","0.798744952845695","0.577510603936389","0.585603803584316","0.223285585777761","0.687769781235001","05_05"
"10.4511491176474","0.8572927709872","0.433908112098546","2.1353085705719","0.451149117647369","0.174095386223945","0.9918","0.843019449566835","0.518695556835065","0.570400440772272","0.896372553892434","0.74221438634804","05_05"
"10.4850896424039","0.796135923282919","0.458785595283813","2.03107022605485","0.485089642403903","0.149555916253602","0.985","0.825837158564959","0.629623258719845","0.521203111411414","0.432232224853857","0.692094236311998","05_05"
"10.5735539758986","0.730655441755768","0.483460003257883","1.83080821200011","0.573553975898629","0.143491435766985","0.9692","0.799521122624411","0.52110956620064","0.66460217480455","0.295803643695715","0.437574935533071","05_05"
"10.3792954589635","0.815846330282478","0.453719908992781","2.20758117714031","0.379295458963503","0.166548570497569","0.99","0.894797999221718","0.56333634660708","0.129306000424549","0.82297566676249","0.692012313275806","05_05"
"0.233106126469017","0.177322994277384","0.675242229744358","0.192259486310599","0.233106126469017","0.235418122601754","0.3074","0.357248281361535","0.503575739612274","0.518224840996284","0.483777529505567","0.74035395388197","05_05"
"10.4194626460489","0.824723952642435","0.444488980356102","2.17880499325324","0.419462646048931","0.14611160082388","0.9936","0.876124293425745","0.520943650000885","0.453361900397732","0.610610130713063","0.710721159674062","05_05"
"10.5235352586411","0.727104808085139","0.487854885281223","1.89804593703256","0.523535258641118","0.127437365979731","0.9776","0.824218651335313","0.534881492444315","0.577389563780725","0.242975789856537","0.611593719016937","05_05"
"10.4542413397854","0.702125782197227","0.491424468309163","2.00937446337","0.454241339785438","0.102214518764328","0.9844","0.877255074748291","0.544123823613461","0.449013856627097","0.163083263440058","0.615546002111254","05_05"
"10.4946739649964","0.765397617438328","0.473179590259013","1.99924407385365","0.494673964996399","0.13838438298172","0.9838","0.828701753726299","0.552546031031722","0.523039238463566","0.406793580671133","0.66473159213265","05_05"
"10.4331745821481","0.803736951963989","0.461271367523461","2.13964801303436","0.433174582148119","0.133552157847503","0.9934","0.881976040294561","0.387795506199799","0.507716949340671","0.697315101124619","0.766254970874968","05_05"
"10.4722787549342","0.827184013770553","0.4431093267301","2.10007522286149","0.472278754934181","0.152267152739841","0.9922","0.849585036148472","0.59613208366302","0.662810951906816","0.377607378609156","0.521640303075451","05_05"
"10.5116641872508","0.785271189796294","0.464699642526156","1.97365595410133","0.51166418725084","0.154278149867156","0.9804","0.813364584204693","0.55133092874615","0.549371025921699","0.548828009993385","0.612351521964091","05_05"
"10.3893167060409","0.910570302525226","0.406422904814963","2.30422250386551","0.389316706040944","0.173077644656058","0.9984","0.887164746661273","0.584248383180996","0.599571210785483","0.721071111157334","0.505259602016042","05_05"
"10.5735539758986","0.730655441755768","0.483460003257883","1.83080821200011","0.573553975898629","0.143491435766985","0.9692","0.799521122624411","0.52110956620064","0.66460217480455","0.295803643695715","0.437574935533071","05_05"
"10.5735539758986","0.730655441755768","0.483460003257883","1.83080821200011","0.573553975898629","0.143491435766985","0.9692","0.799521122624411","0.52110956620064","0.66460217480455","0.295803643695715","0.437574935533071","05_05"
"10.5700870145833","0.703154751616615","0.49809979641164","1.79278967766488","0.570087014583274","0.13165820071669","0.9652","0.79890147304361","0.495025643389007","0.634860342284532","0.231122575561868","0.541445785697124","05_05"
"10.504575104437","0.780791122362624","0.461787511239338","1.99918338269247","0.504575104437007","0.144453250068289","0.9834","0.826676133554406","0.62595664455765","0.581399948532915","0.340070949121935","0.526029686399287","05_05"
"10.4266893085238","0.810376576039042","0.452066818382091","2.15844007475773","0.42668930852383","0.140655606831571","0.9934","0.879670783806806","0.421409196077393","0.521238467587551","0.701450100279844","0.735228411451469","05_05"
"10.5590234274143","0.706363634848556","0.499218207928717","1.81085667498076","0.559023427414327","0.132527845026644","0.9666","0.799580202068395","0.50943852858491","0.595658601087228","0.269351632881574","0.629834281103228","05_05"
"10.5231753102041","0.783612981961538","0.463849229598314","1.96517774179178","0.523175310204116","0.154928703092718","0.9792","0.813352220723392","0.548513948353664","0.597150399758739","0.504969155251402","0.658902999452369","05_05"
"10.4331745821481","0.803736951963989","0.461271367523461","2.13964801303436","0.433174582148119","0.133552157847503","0.9934","0.881976040294561","0.387795506199799","0.507716949340671","0.697315101124619","0.766254970874968","05_05"
"10.5133327620768","0.722163893301002","0.491552547406808","1.92654086146441","0.513332762076822","0.121914534782614","0.981","0.837711971802094","0.415134981556937","0.600853740998399","0.272964618853296","0.70828320164918","05_05"
"10.449285625603","0.830443508883619","0.44154098482498","2.13224649086292","0.449285625603033","0.14986413740294","0.993","0.863865157013459","0.449419598505591","0.61706786043888","0.632934494573494","0.679878706669085","05_05"
"10.5095183533821","0.795839665369504","0.459543696202608","1.9974600318981","0.509518353382145","0.1559498799978","0.9862","0.834597217815384","0.402636587921469","0.664201692910865","0.76006649132284","0.632612097557749","05_05"
"10.5147423180422","0.791116505938099","0.462158944290479","1.98697074698958","0.514742318042189","0.155809106640506","0.9812","0.813665679784536","0.592275613729255","0.578636343067012","0.491033105773671","0.60165565457317","05_05"
"10.4097531288094","0.707050774208181","0.501936778031447","2.04760830538263","0.409753128809361","0.139648890411592","0.9738","0.863470013957109","0.506279553070602","0.0715024236124009","0.647508106797122","0.694770226547234","05_05"
"10.5700870145833","0.703154751616615","0.49809979641164","1.79278967766488","0.570087014583274","0.13165820071669","0.9652","0.79890147304361","0.495025643389007","0.634860342284532","0.231122575561868","0.541445785697124","05_05"
"10.520652891889","0.781142095006554","0.46123006948407","1.9740163261892","0.520652891888991","0.148057944360924","0.983","0.825389855324923","0.544929784912255","0.655925287365343","0.372078687602389","0.741987129270641","05_05"
"10.4703972530205","0.798921657037079","0.458585772998804","2.05444186834352","0.470397253020457","0.153600412283592","0.9862","0.832269798184539","0.521671829706943","0.482085838645292","0.656714515813377","0.723176161373573","05_05"
"10.4551790141164","0.790900294331337","0.462542883682015","2.10295927862971","0.455179014116352","0.132418144665211","0.9928","0.869418962319045","0.433144252586689","0.607822118476317","0.415615242739767","0.696573039875846","05_05"
"10.4345431223512","0.789330100713945","0.463182041931221","2.13499670722314","0.434543122351181","0.12906734882562","0.9938","0.885200581820064","0.386370915342434","0.562821289588073","0.524676525638105","0.722942417869442","05_05"
"10.5595635434571","0.74570473217422","0.476629975395248","1.87160346932757","0.559563543457097","0.148811247963878","0.9734","0.798989057674856","0.564942734172049","0.63783396679906","0.351929979458409","0.685990079813955","05_05"
"10.55791049443","0.704003682342263","0.49849176529418","1.81596850984001","0.557910494429951","0.130335220344528","0.9672","0.798744952845695","0.577510603936389","0.585603803584316","0.223285585777761","0.687769781235001","05_05"
"10.4932570955617","0.79306311908014","0.462074906991409","2.00543070244181","0.493257095561727","0.157423823758938","0.9822","0.818552818204895","0.519335190329757","0.514524068139484","0.67372595300467","0.729337302192286","05_05"
"10.4735031596666","0.826947067163618","0.442122823184849","2.10416858988722","0.473503159666553","0.158825857019516","0.991","0.846626540154897","0.523115044103914","0.640280144775387","0.55715938925573","0.703227852541145","05_05"
"10.4028196658225","0.829464248344982","0.444349963064749","2.21797073472228","0.402819665822487","0.132686503616161","0.997","0.905161439749941","0.387435729571702","0.567967715642997","0.637932851301815","0.760399013295551","05_05"
"10.5703415141548","0.705556366581646","0.497031335102829","1.79976047327916","0.570341514154795","0.13262388453586","0.9652","0.798967180107641","0.497793747026458","0.635610135285917","0.240011564380068","0.589950006545137","05_05"
"10.4872171436165","0.810196077544051","0.44968391833302","2.06142304371275","0.487217143616467","0.149359725358857","0.99","0.843718075548323","0.570375006207841","0.658947261533955","0.371770272878092","0.55089580047577","05_05"
"0.531252071084279","0.322341975395743","0.636447990075054","0.523538580682006","0.531252071084279","0.214713935529445","0.507","0.48998980014585","0.52110956620064","0.66460217480455","0.295803643695715","0.437574935533071","05_05"
"10.5452875798261","0.755515736585066","0.472468058407578","1.91804084433768","0.545287579826123","0.148343930905058","0.9764","0.807041791761449","0.542321189989683","0.621276937669919","0.405745127222887","0.600714479904383","05_05"
"10.5765945185819","0.723246228489266","0.489002418974815","1.81509400256868","0.576594518581884","0.140350778815803","0.9682","0.79932682889662","0.499599005102729","0.664509903767847","0.279763023403532","0.537971137244055","05_05"
"10.563588154959","0.736580797169514","0.481099443152873","1.85307388610548","0.563588154959042","0.14547373833589","0.9718","0.799223372499718","0.545005739467445","0.63633659871443","0.327807514895305","0.670796345710316","05_05"
"10.5700870145833","0.703154751616615","0.49809979641164","1.79278967766488","0.570087014583274","0.13165820071669","0.9652","0.79890147304361","0.495025643389007","0.634860342284532","0.231122575561868","0.541445785697124","05_05"
"0.114256906585007","0.116769527513903","0.69499894225406","0.0206182479205944","0.114256906585007","0.259092533799361","0.1498","0.33364394819364","0.531870027675495","0.611292761417772","0.319395483723979","0.619964976011077","05_05"
"10.5469696208582","0.781382223614254","0.466295471521988","1.93292674505486","0.546969620858203","0.156351473373798","0.977","0.808084631161036","0.537753486878809","0.650459813145517","0.481377315223138","0.476512958974363","05_05"
"10.5700779783066","0.711638008371887","0.495071497289847","1.80677188113645","0.570077978306643","0.134749989713264","0.9666","0.799095766771402","0.516536204486918","0.634952613321234","0.247163195854051","0.44104958398614","05_05"
"10.5454715957068","0.732227174097778","0.485638430558777","1.87282508920787","0.545471595706834","0.138001712071933","0.9726","0.805525361066697","0.544980067128579","0.592219747681625","0.316410554112652","0.542386960365911","05_05"
"10.4918653094597","0.793288815774327","0.457815626930777","2.02245245552825","0.491865309459724","0.147034408886288","0.9868","0.834094437627784","0.546728619153118","0.585741247010439","0.437191252273114","0.633635736520793","05_05"
"10.5735539758986","0.730655441755768","0.483460003257883","1.83080821200011","0.573553975898629","0.143491435766985","0.9692","0.799521122624411","0.52110956620064","0.66460217480455","0.295803643695715","0.437574935533071","05_05"
"10.5154478729891","0.777105263508009","0.463459487864292","1.97908512656121","0.51544787298914","0.147669755341168","0.9814","0.817447896543839","0.607240210582929","0.580285137627206","0.393561708042581","0.567756078909693","05_05"
"10.4808508308006","0.772695550729346","0.471456737419248","2.03838893458647","0.480850830800577","0.133060940125507","0.9898","0.85387929392147","0.415655442281445","0.607926426547269","0.439153423551657","0.68897100169232","05_05"
"10.5679119957708","0.735603895053324","0.480802403736708","1.84816911267201","0.567911995770834","0.144600633812179","0.9708","0.798992269140401","0.547417420476953","0.649109633690285","0.305090595962675","0.589627185874917","05_05"
"10.5118727302685","0.753231482106647","0.475867355051108","1.95611964730476","0.511872730268493","0.134615497275032","0.9818","0.825900460528235","0.560117558761341","0.58124895575206","0.312962339063085","0.53493373423928","05_05"
"10.5235915089815","0.770591062685265","0.466516930836338","1.9636790942715","0.523591508981491","0.143664122586924","0.982","0.825219557726101","0.542432224952881","0.649397322019837","0.335353577367079","0.616846904856321","05_05"
"10.5074173441353","0.786571535321299","0.463235537099809","1.99832468848798","0.507417344135327","0.150695893853543","0.9858","0.834955792394589","0.410588089905467","0.644918897764984","0.660618922578218","0.655326365316125","05_05"
"10.5613143243983","0.742168809375342","0.478307583139441","1.86567916427648","0.561314324398276","0.147924057101068","0.973","0.798923350610825","0.562174630534599","0.637084173797674","0.343040990640209","0.637485858965942","05_05"
"10.5479636261972","0.764995600648409","0.470056111818394","1.91316538507149","0.547963626197158","0.150691907413275","0.9754","0.804856018275005","0.590699811627228","0.641697657171921","0.357767085189472","0.656734582413635","05_05"
"10.5583138240502","0.719530011754279","0.492294664159478","1.83453775135942","0.558313824050153","0.13651051331921","0.9692","0.799345887243533","0.529375523289515","0.597155969171858","0.293474097444677","0.645028015206867","05_05"
"10.5657049730313","0.742367878539171","0.478558663687188","1.85605979276434","0.565704973031269","0.147484173838876","0.972","0.799517911158867","0.538634879895737","0.653326507913325","0.342643027191449","0.533937829472108","05_05"
"10.519706217974","0.737789283721613","0.482388635053037","1.92398749409195","0.519706217974013","0.131098335833856","0.9796","0.824388948934135","0.537379052403689","0.583917529126231","0.279700900091847","0.736733943431258","05_05"
"10.4658719640128","0.72099436556518","0.490855591381446","2.00864831239256","0.465871964012827","0.112770960822531","0.9842","0.856512857843899","0.545909152814007","0.460423009375397","0.230861166418345","0.640813265042829","05_05"
"10.5017120631192","0.795540236664689","0.458365776657346","2.01385331615724","0.501712063119248","0.15281622654678","0.9838","0.822893916795103","0.610992047703976","0.579751153972721","0.437542346853025","0.559929262062764","05_05"
"10.5595635434571","0.74570473217422","0.476629975395248","1.87160346932757","0.559563543457097","0.148811247963878","0.9734","0.798989057674856","0.564942734172049","0.63783396679906","0.351929979458409","0.685990079813955","05_05"
"10.5132436925716","0.751163574896786","0.476458245912306","1.94818108196008","0.513243692571555","0.133436741633519","0.981","0.824994324361484","0.600720578240624","0.57754055656158","0.270084399915387","0.602689671176944","05_05"
"10.4852450016622","0.783042185270855","0.46436190207707","2.03265944848338","0.48524500166221","0.139611695465063","0.9896","0.847697834894083","0.448899137781083","0.60999517489001","0.466745689875133","0.699190906625945","05_05"
"10.5094618361226","0.746017364073628","0.481472201321389","1.95194375903565","0.509461836122557","0.128521905368897","0.9842","0.83735339722289","0.407183479572939","0.620136536144279","0.372412187597918","0.685568933890804","05_05"
"10.5765945185819","0.723246228489266","0.489002418974815","1.81509400256868","0.576594518581884","0.140350778815803","0.9682","0.79932682889662","0.499599005102729","0.664509903767847","0.279763023403532","0.537971137244055","05_05"
"10.5735539758986","0.730655441755768","0.483460003257883","1.83080821200011","0.573553975898629","0.143491435766985","0.9692","0.799521122624411","0.52110956620064","0.66460217480455","0.295803643695715","0.437574935533071","05_05"
"10.5471087186391","0.753001451089837","0.47370479524491","1.90359862083987","0.547108718639114","0.148855362016073","0.975","0.800420650932594","0.597929475180839","0.606461129028844","0.366153313243407","0.611617544435921","05_05"
"10.5180105552431","0.755657572505235","0.47429638489019","1.94150136344292","0.518010555243078","0.136854589480103","0.9816","0.825028187543862","0.569125635889641","0.608239949607286","0.285170793653956","0.61485685211097","05_05"
"10.5579175183751","0.725971167810133","0.488359286605103","1.84456596521817","0.557917518375072","0.139678033339494","0.97","0.799155063121514","0.53729692019951","0.608508335400427","0.302680379535938","0.597111907576326","05_05"
"10.5450408155271","0.740131511083066","0.480956526172318","1.88793674586329","0.545040815527123","0.139912258311406","0.9744","0.808628628927481","0.537845715637124","0.613464626690467","0.322689571131243","0.717202359559582","05_05"
"10.5397149329883","0.736657591042068","0.482265514356495","1.89166863512051","0.539714932988328","0.136547147837356","0.975","0.811041446260611","0.584861201510789","0.594729072806215","0.272530371702133","0.615130087328359","05_05"
"10.5402050355041","0.744447333431832","0.478691914157359","1.90171103204472","0.540205035504085","0.138913578056039","0.977","0.815278231165521","0.538168216662302","0.623779410349088","0.299654356152052","0.553469413343784","05_05"
"10.4739878023313","0.756039795027427","0.477388025778604","2.03618680799956","0.47398780233129","0.127180362068414","0.9882","0.850428680032876","0.537718233252327","0.528542665116994","0.302759579594238","0.665275913854514","05_05"
"10.5408865031832","0.774304686539385","0.465900728542014","1.94339371447364","0.540886503183174","0.150471608892931","0.978","0.812815192185416","0.566331966418889","0.645584252936031","0.387949133501916","0.57541867592303","05_05"
"10.5630763865285","0.740857063811893","0.478867216257051","1.86168051742988","0.563076386528519","0.146891575099238","0.9724","0.79925220914859","0.563047406397637","0.637759669826428","0.324378022902544","0.674114916089463","05_05"
"10.5641194396121","0.740009466296775","0.479049569989712","1.86012723765805","0.564119439612056","0.1463798916517","0.9722","0.800492205222877","0.541122916879308","0.644745226864554","0.334836055060843","0.606737309385899","05_05"
"10.535146511657","0.741819388649327","0.480941754309406","1.9044873286135","0.535146511656999","0.133462392173098","0.9784","0.823823119274626","0.517845512560491","0.639604708476517","0.247680718160287","0.451159179456563","05_05"
"10.4880896325131","0.795307078015953","0.45736871590048","2.03758343348695","0.488089632513097","0.14487294500109","0.9886","0.843671623667953","0.481055867455768","0.622299872992271","0.463000868967685","0.593781463274714","05_05"
"10.5355348240393","0.730081534413014","0.486935976086147","1.89001558912279","0.535534824039338","0.133657552136538","0.9756","0.813298765344406","0.545234900019349","0.579967452927222","0.291028125657931","0.632587599055452","05_05"
"10.5161560950837","0.768489963824709","0.468024641606801","1.96338114843056","0.516156095083728","0.141552513235986","0.9828","0.825185694543723","0.574027167303864","0.618697928974131","0.320267183628511","0.604679723922294","05_05"
"10.5134346938012","0.797679944398359","0.459102471713365","1.99776302545717","0.513434693801184","0.156017888921107","0.9832","0.824288351591498","0.548144135655753","0.64443077911692","0.466567083729194","0.655331163476513","05_05"
"10.5017120631192","0.795540236664689","0.458365776657346","2.01385331615724","0.501712063119248","0.15281622654678","0.9838","0.822893916795103","0.610992047703976","0.579751153972721","0.437542346853025","0.559929262062764","05_05"
"10.5348100517335","0.764014412405297","0.470220883515503","1.92729386902234","0.534810051733499","0.151203748291397","0.9794","0.815523459078095","0.453143765876942","0.642185775819984","0.551818924038495","0.656729784253247","05_05"
"10.5282342032966","0.768007336717217","0.466422403473001","1.95797202243865","0.528234203296588","0.147367295095533","0.98","0.816016303286101","0.574253469574138","0.611657975397422","0.379338374257583","0.642128614287726","05_05"
"10.4735097406868","0.758699859429175","0.476982612997998","2.04027469385211","0.473509740686772","0.128593856330611","0.9886","0.853782012705105","0.457090057342763","0.541875519148414","0.39484727669924","0.67472825781426","05_05"
"10.5314645584925","0.746406328562477","0.478675907087112","1.92058453581894","0.531464558492509","0.138044177631973","0.9774","0.813123192996713","0.576996049120496","0.585955974880577","0.314856484452638","0.570573160729321","05_05"
"10.5704203106145","0.709946399881514","0.495721259094217","1.80523027417271","0.570420310614548","0.134223970781046","0.9664","0.798922028490946","0.509963188028452","0.634869594333848","0.246319170290781","0.526091842317002","05_05"
"10.5660937842479","0.731699564992731","0.484366479403442","1.84436361174092","0.566093784247933","0.142270564320344","0.97","0.79918309326242","0.539496023566958","0.637757267461716","0.295884313871413","0.637543293505459","05_05"
"10.5263334180197","0.736042550203669","0.484088893536474","1.91907510456238","0.52633341801974","0.129079940671448","0.9798","0.829771723496499","0.459956127318032","0.628066518526897","0.27015491389061","0.649655338723184","05_05"
"10.5017120631192","0.795540236664689","0.458365776657346","2.01385331615724","0.501712063119248","0.15281622654678","0.9838","0.822893916795103","0.610992047703976","0.579751153972721","0.437542346853025","0.559929262062764","05_05"
"10.4961029877155","0.795188432612909","0.454701233247576","2.02629235224966","0.4961029877155","0.147012886031413","0.9878","0.837944675124357","0.546364229778635","0.634639946267843","0.389566266599063","0.576191604457123","05_05"
"10.5702261621902","0.705148368206222","0.497462556687275","1.79710881676915","0.570226162190164","0.131928046710721","0.9654","0.799075211324066","0.501598659847474","0.634943361271918","0.231966601125137","0.456403527366263","05_05"
"10.5221861325295","0.747341487786826","0.478408837403165","1.93094692239804","0.522186132529466","0.138020681063938","0.9804","0.823074750532611","0.45349306198987","0.615470043306289","0.409010074041116","0.629265669514273","05_05"
"10.5280411065091","0.737129758474952","0.482809644671744","1.90604065846685","0.52804110650911","0.13297569514549","0.9778","0.817396492431469","0.568704596248707","0.583804329362628","0.271638469575402","0.574503470813533","05_05"
"10.5703822688876","0.707893058363268","0.496271493853507","1.80365538155737","0.570382268887624","0.13313357358432","0.9658","0.798994658246005","0.507804911990347","0.63489909414394","0.240516923011941","0.520339530408518","05_05"
"10.5579553731958","0.72497088825422","0.488361112805553","1.85400888836696","0.557955373195782","0.135552115306394","0.971","0.807663840571721","0.531274196219658","0.633046694693068","0.252404128937997","0.59018013324431","05_05"
"10.5425910646731","0.753820333538963","0.473625147338586","1.90783335595642","0.54259106467313","0.148011790293953","0.9764","0.811785337507095","0.459651478561475","0.640146390013979","0.502310573995585","0.55448217592104","05_05"
"10.5415006587849","0.761620029250797","0.469771720809543","1.925491808593","0.541500658784938","0.149809977522584","0.9762","0.80580548945095","0.592479088793732","0.617731020567278","0.366949948440567","0.599431755128877","05_05"
"10.5457507592204","0.747237922784524","0.475525805772235","1.90278046662353","0.545750759220408","0.144555612343112","0.9754","0.807063231948092","0.576637292737745","0.621557497701916","0.323679825775036","0.650601792422008","05_05"
"10.5405588800335","0.761024665078296","0.471335122203836","1.92467305635359","0.540558880033496","0.149299279331382","0.9756","0.801367878215073","0.589195190219895","0.58313471309284","0.421135772766975","0.577543297816375","05_05"
"10.5331683141253","0.77520378177211","0.465414770690307","1.94843878173171","0.533168314125293","0.152269854648241","0.9782","0.812275051824133","0.543398045309604","0.621323069906177","0.455151700488863","0.677075829939362","05_05"
"10.5595686338564","0.720270645457053","0.491747262575378","1.838007857675","0.559568633856388","0.135603758550111","0.9696","0.803511479202502","0.518711210811646","0.616214296594691","0.272923197058483","0.542748775032844","05_05"
"10.5251187326014","0.772591790707785","0.464770590120447","1.96379163433342","0.525118732601393","0.146423044256391","0.9812","0.822018243802907","0.562919774363389","0.641361667744435","0.351242629146893","0.589123273632288","05_05"
"10.5765945185819","0.723246228489266","0.489002418974815","1.81509400256868","0.576594518581884","0.140350778815803","0.9682","0.79932682889662","0.499599005102729","0.664509903767847","0.279763023403532","0.537971137244055","05_05"
"10.5290090943822","0.762523877175734","0.470209574080882","1.94128613417583","0.529009094382194","0.143352866036404","0.98","0.820641928694847","0.542591805983273","0.636572335901211","0.334104954371574","0.695457693096733","05_05"
"10.5009515227923","0.778060433238691","0.465990626422696","2.00049330852052","0.500951522792336","0.13970127757259","0.9864","0.836640194942506","0.54166848987077","0.613880292631337","0.340444598473772","0.593973059017923","05_05"
"10.5692571943652","0.72106464630346","0.490885656808313","1.82068408792772","0.569257194365197","0.138364529403232","0.9682","0.799096658960729","0.531075176169754","0.636225302363198","0.269276687712447","0.551867035734857","05_05"
"10.55431007366","0.735171892451177","0.482764301027362","1.86870998716892","0.554310073660027","0.140279228797172","0.9724","0.805365936815837","0.539410429256751","0.627862931916721","0.298762394899095","0.584042747103365","05_05"
"10.559047369924","0.742044171877484","0.47808097980932","1.86937459567776","0.55904736992401","0.147125910855275","0.973","0.800451816018884","0.558555528920452","0.636687923884447","0.340135575783313","0.60989158514681","05_05"
"10.5510558108452","0.738784563046622","0.48048604757014","1.88261108286753","0.551055810845225","0.140576325336341","0.9738","0.809095387612103","0.538253810972509","0.633673745894083","0.296776275124371","0.606969959745878","05_05"
"10.5427801305479","0.766750433149192","0.46883642384549","1.92677086428088","0.542780130547911","0.150768755498267","0.9766","0.807430353667059","0.571782352805996","0.634314361397596","0.387152498304756","0.587604465230074","05_05"
"10.5469829381128","0.736726281172969","0.481896860282737","1.88382593507734","0.546982938112776","0.140137995440337","0.974","0.805312170197211","0.563406162780388","0.602158147005089","0.315554681580146","0.594086284396776","05_05"
"10.5352788441835","0.74022637218224","0.481335353965928","1.89663463398794","0.535278844183546","0.136379312202052","0.977","0.816286375463087","0.547814627698435","0.610062849248067","0.27908583500674","0.550768561183662","05_05"
"10.542264045102","0.758435838561358","0.4709960966816","1.92644635300633","0.542264045101959","0.146471821676989","0.9766","0.811426852574546","0.565505446790944","0.630313273136579","0.352734347489881","0.625471681571884","05_05"
"10.5640499097356","0.723605904748167","0.487667878450731","1.84357534237568","0.564049909735641","0.139110836155166","0.9696","0.802660150061946","0.503455475343919","0.636908980139854","0.295827520333692","0.628339450649209","05_05"
"10.5510415997147","0.743910067157665","0.478894883018213","1.88580205053191","0.55104159971474","0.14295386645968","0.9748","0.807337063758214","0.522829115634072","0.634298747511206","0.34340612007638","0.629975998318806","05_05"
"10.5735539758986","0.730655441755768","0.483460003257883","1.83080821200011","0.573553975898629","0.143491435766985","0.9692","0.799521122624411","0.52110956620064","0.66460217480455","0.295803643695715","0.437574935533071","05_05"
"10.5580806723645","0.738144513359678","0.480372823377186","1.86625169425625","0.558080672364503","0.145610748970281","0.9726","0.800459543303365","0.541992660107375","0.629267989036933","0.35180204766123","0.579330453015526","05_05"
"10.541154378074","0.73754586533735","0.483612917603813","1.8881246123282","0.541154378073983","0.136908757322217","0.9756","0.814920780036817","0.470159969922756","0.618928563256799","0.361488267836149","0.636832964700926","05_05"
"10.5387605297029","0.750084567738154","0.477220784634202","1.91220069984527","0.538760529702897","0.140539018096551","0.9782","0.814822770337182","0.537928897729398","0.621464174396862","0.321999874133961","0.716870591997906","05_05"
"10.5702782204086","0.705748198435499","0.496935775674041","1.80051973283764","0.570278220408576","0.132508946499847","0.9654","0.799002581569007","0.503756935885578","0.634913861461826","0.237768848403978","0.462155839274746","05_05"
"10.5494742834061","0.7483469214443","0.47592812739287","1.88913967278138","0.549474283406139","0.148478515964111","0.9738","0.800461040136587","0.580496863139695","0.614518432008951","0.363596866838634","0.60846326867501","05_05"
"10.5701497691843","0.713573642996599","0.494318272935949","1.81085523089433","0.570149769184349","0.135727550540543","0.967","0.799161645625757","0.510019507244677","0.636475326370436","0.258574227284104","0.542079785136865","05_05"
"10.5477899483838","0.735576246053994","0.483222478814588","1.87523344810571","0.547789948383763","0.138671214873938","0.974","0.80908408975582","0.538085034570028","0.615779862642694","0.300344053149335","0.55380118090546","05_05"
"10.5521626940477","0.730877219627946","0.484316895616221","1.86387747319396","0.552162694047681","0.140393477948116","0.9718","0.800997455901856","0.556586062321199","0.605484220599836","0.310503131627508","0.572309492371015","05_05"
"10.5687068582023","0.727398747491963","0.485602762617439","1.83389010613065","0.568706858202317","0.141138158356103","0.9696","0.800274756925522","0.512911173409841","0.647332789369838","0.295826348946937","0.618602628184829","05_05"
"10.5569404553293","0.729239801949467","0.485818074764081","1.85896989666656","0.556940455329288","0.137563044126203","0.9718","0.807945135806662","0.538154156676236","0.636705305988001","0.259308102331904","0.514790512341999","05_05"
"10.5595729940359","0.720258378377047","0.491757839869289","1.83799027906365","0.5595729940359","0.135603440742298","0.9696","0.803511479202502","0.518711210811646","0.616214296594691","0.272923197058483","0.53873871685937","05_05"
"10.5474474337008","0.742157258926257","0.479576609654629","1.88651679835758","0.547447433700848","0.143051472362761","0.9756","0.810392509532425","0.471070891951308","0.638319044790165","0.405295321040031","0.552884785090886","05_05"
"10.5512540261449","0.735814277518235","0.483668183994908","1.86974327633646","0.551254026144905","0.139478587628446","0.9732","0.807619177822705","0.522876016241573","0.619695982189819","0.314861611802365","0.581312551164922","05_05"
"0.30002202153185","0.214700859207899","0.666140449816879","0.238789162271625","0.30002202153185","0.230078726590954","0.3228","0.414369291160256","0.499900084073274","0.639008547086248","0.310406284475415","0.553995048218213","05_05"
"10.5365438226367","0.775670632294196","0.466215632748024","1.947505190181","0.536543822636709","0.154944103019724","0.9774","0.810973800017005","0.523259164418784","0.626472989175106","0.505288323620334","0.642031942691264","05_05"
"10.5675680159696","0.73604592743509","0.48166626837768","1.84953105280039","0.567568015969648","0.143927671749201","0.9704","0.800666884535433","0.533899768483025","0.653788760834021","0.303642685669393","0.509069340535063","05_05"
"10.5718130404152","0.718712031322043","0.491634079355041","1.80712948136533","0.571813040415211","0.138167885954715","0.9678","0.799148889194135","0.502940400458137","0.647559204068665","0.277139171001731","0.545641934305762","05_05"
"10.5608663556856","0.737349635967299","0.480739555504776","1.85877909828708","0.560866355685587","0.145821338785638","0.9726","0.800489486935399","0.519655762779922","0.638052647587012","0.366291940668001","0.553464426565011","05_05"
"10.5457507592204","0.747237922784524","0.475525805772235","1.90278046662353","0.545750759220408","0.144555612343112","0.9754","0.807063231948092","0.576637292737745","0.621557497701916","0.323679825775036","0.650601792422008","05_05"
"10.5510558108452","0.738784563046622","0.48048604757014","1.88261108286753","0.551055810845225","0.140576325336341","0.9738","0.809095387612103","0.538253810972509","0.633673745894083","0.296776275124371","0.606969959745878","05_05"
"10.5471917925445","0.745532659465998","0.478120325603","1.89094971236561","0.547191792544479","0.142351845500711","0.975","0.808801975691329","0.538038133962527","0.630382627964081","0.32888856142335","0.602464628059344","05_05"
"10.5703822688876","0.707893058363268","0.496271493853507","1.80365538155737","0.570382268887624","0.13313357358432","0.9658","0.798994658246005","0.507804911990347","0.63489909414394","0.240516923011941","0.520339530408518","05_05"
"10.5611248548527","0.730966367136901","0.484725462954101","1.84264843554002","0.561124854852682","0.142522692312071","0.9706","0.802196035635638","0.470973555281546","0.636812666446643","0.381844376539009","0.543479398282632","05_05"
"10.5663312896865","0.737086514083765","0.480130259160466","1.86208909703161","0.566331289686533","0.143278253346829","0.9712","0.803835836919766","0.52792966665983","0.661276101209804","0.300855193648352","0.459351727558832","05_05"
"10.5679207938982","0.730086721416726","0.484457522773799","1.84040715756651","0.567920793898228","0.14134426593051","0.9696","0.801906515760836","0.511653868134718","0.654178365574565","0.29580481508247","0.447311757997451","05_05"
"10.5476242958976","0.798327729908968","0.455467200443155","1.94804905540263","0.54762429589762","0.175786743208451","0.9772","0.799274598663214","0.527733780814347","0.65317600206238","0.737406677799299","0.544196238673149","05_05"
"10.5503933697246","0.742685788471464","0.479123055174142","1.88353354455479","0.550393369724644","0.142652418954996","0.9748","0.808750947497214","0.498697430524606","0.639809049937773","0.362171688117087","0.553082562775273","05_05"
"10.5432509923447","0.752045623265711","0.475423927533317","1.90630287231946","0.54325099234473","0.142700490354469","0.9764","0.813075689565252","0.528522553572731","0.63957022321826","0.329703375218967","0.826114465016872","05_05"
"10.566804572406","0.739867819137153","0.478976985140923","1.85234409675438","0.566804572405954","0.145771031747774","0.9716","0.7996579332416","0.54169158113683","0.654769345718532","0.321158786589347","0.563306542041368","05_05"
"10.5451066947449","0.734385598772701","0.484411663813874","1.88198173005042","0.545106694744887","0.13494983829789","0.9746","0.814293449000507","0.540321044315464","0.622292539627537","0.255706057611779","0.5451356073153","05_05"
"10.5469865541494","0.755643923600791","0.472947164862111","1.90587215021122","0.546986554149356","0.148522933625691","0.9756","0.804659727539929","0.579688886511347","0.628544434537807","0.35911090646689","0.527937350126885","05_05"
"10.5433382756579","0.749379077142798","0.476210928156298","1.90559800999169","0.543338275657906","0.143149111699713","0.976","0.81118603407839","0.537498848944686","0.629289932732962","0.336331253751014","0.704814647625448","05_05"
"10.5640499097356","0.723605904748167","0.487667878450731","1.84357534237568","0.564049909735641","0.139110836155166","0.9696","0.802660150061946","0.503455475343919","0.636908980139854","0.295827520333692","0.628339450649209","05_05"
"10.5765945185819","0.723246228489266","0.489002418974815","1.81509400256868","0.576594518581884","0.140350778815803","0.9682","0.79932682889662","0.499599005102729","0.664509903767847","0.279763023403532","0.537971137244055","05_05"
"10.5652313294198","0.71322308533","0.495340658083942","1.81947978439843","0.565231329419771","0.13417824820736","0.9668","0.800995508031588","0.511250519268549","0.622684171082356","0.261148625798939","0.467788793143108","05_05"
"10.5640499097356","0.723605904748167","0.487667878450731","1.84357534237568","0.564049909735641","0.139110836155166","0.9696","0.802660150061946","0.503455475343919","0.636908980139854","0.295827520333692","0.628339450649209","05_05"
"10.5735539758986","0.730655441755768","0.483460003257883","1.83080821200011","0.573553975898629","0.143491435766985","0.9692","0.799521122624411","0.52110956620064","0.66460217480455","0.295803643695715","0.437574935533071","05_05"
"10.5538552668178","0.740644714249275","0.480031650198975","1.87990948711428","0.553855266817826","0.142229794819702","0.9738","0.807440472112131","0.524862963060771","0.637393399782718","0.320586749094172","0.573926095135673","05_05"
"0.0186107847006587","0.0412192621610672","0.710160720905016","0.001965996863544","0.0186107847006587","0.306146134108295","0.002","0.191858440870419","0.526427373353576","0.659647248471063","0.278420110252162","0.466536306574527","05_05"
"10.5674443648318","0.714700925005106","0.493583033520885","1.82110296374301","0.567444364831775","0.135385014551259","0.9674","0.801513500253089","0.504845676232844","0.635735359771108","0.261386944476391","0.548565992952653","05_05"
"10.5485348328943","0.743025268157095","0.478351852242947","1.891319221525","0.548534832894294","0.143391104652629","0.9748","0.80643963424028","0.552934143621698","0.622863099561807","0.331820007524156","0.619704817370205","05_05"
"10.5632463469426","0.727463845805471","0.486742434153577","1.84103368514802","0.563246346942618","0.140625315960283","0.9698","0.8016943084801","0.472753003618319","0.634425189140052","0.357722663370029","0.48853614791805","05_05"
"10.5670686772718","0.732249335031886","0.48335231525045","1.85149530727656","0.567068677271815","0.141694894943065","0.97","0.802824101633211","0.518570841000785","0.651946602616838","0.297177019890732","0.525200838461176","05_05"
"10.5508962215484","0.736086929208468","0.482989911733671","1.87313491413149","0.550896221548351","0.139897649214654","0.9734","0.805743855739967","0.541150767644187","0.611911053770991","0.315014377854366","0.657419322626259","05_05"
"10.5642819133768","0.718229657448313","0.491198932382503","1.83333303599472","0.564281913376769","0.134968737205933","0.9688","0.804629875699126","0.511464502502307","0.637075917579482","0.249633549136735","0.772527900289717","05_05"
"10.5545520898154","0.731456193106587","0.483079035152282","1.86620137339867","0.554552089815371","0.138913930744305","0.9728","0.80762676856638","0.527981009947419","0.634888073934835","0.284975399657178","0.57475140253112","05_05"
"10.5735539758986","0.730655441755768","0.483460003257883","1.83080821200011","0.573553975898629","0.143491435766985","0.9692","0.799521122624411","0.52110956620064","0.66460217480455","0.295803643695715","0.437574935533071","05_05"
"10.5649820906894","0.715859408197808","0.493343724729511","1.82670082478741","0.564982090689385","0.135307972624044","0.9676","0.801731953067137","0.508529722512422","0.627471839937045","0.26806898070642","0.613633175396224","05_05"
"10.5692534863516","0.733484600096732","0.483333541246782","1.83957246362636","0.569253486351595","0.143738023221529","0.9698","0.799810175037798","0.517938376928922","0.652633142113737","0.313236817518186","0.550346206159143","05_05"
"10.5681975699099","0.732257709381501","0.48365105429398","1.8387799678996","0.568197569909938","0.1435705831419","0.97","0.80000614079422","0.501316390953729","0.649929409241122","0.332818146553347","0.541089357649922","05_05"
"10.5650759817782","0.720182295431544","0.491387163197836","1.83490603958491","0.565075981778201","0.137104308510192","0.9686","0.801497235187126","0.509471070931776","0.625071648388946","0.28527033896792","0.52273204350769","05_05"
"10.5655615478862","0.722392047155761","0.490098024576565","1.83769245823","0.565561547886222","0.137886156814603","0.9684","0.801923705026397","0.506176272100046","0.632121311285164","0.288907165426211","0.482495068396093","05_05"
"10.568794009376","0.71716124036226","0.492526548635375","1.82063682344231","0.568794009376012","0.136994982735187","0.968","0.800141308054862","0.506414711101422","0.636072714512686","0.274957498869242","0.600112988105074","05_05"
"10.565045964256","0.719180382564036","0.49155727379562","1.83387320604116","0.565045964256037","0.136123987857345","0.9686","0.802692389402705","0.518251051556392","0.632512705059904","0.26539086740445","0.531426419248593","05_05"
"10.5540322929228","0.737108188539745","0.481823080860884","1.87362601245795","0.554032292922762","0.142089002274847","0.9732","0.805332168000037","0.522769733508502","0.628566482057485","0.332817852831758","0.567477314503093","05_05"
"10.5665162705503","0.705922848526672","0.498287868081875","1.80581907930011","0.566516270550266","0.132502217795513","0.966","0.799813748045801","0.508265071245601","0.618600685678727","0.248049252665974","0.527651828019296","05_05"
"10.5587379293014","0.720272489820172","0.491875078893405","1.84142582328803","0.55873792930143","0.135270707943347","0.9696","0.804808555629621","0.518214330590013","0.620981474825577","0.266200577485985","0.548849462756753","05_05"
"10.5679207938982","0.730086721416726","0.484457522773799","1.84040715756651","0.567920793898228","0.14134426593051","0.9696","0.801906515760836","0.511653868134718","0.654178365574565","0.29580481508247","0.447311757997451","05_05"
"10.5765945185819","0.723246228489266","0.489002418974815","1.81509400256868","0.576594518581884","0.140350778815803","0.9682","0.79932682889662","0.499599005102729","0.664509903767847","0.279763023403532","0.537971137244055","05_05"
"10.5556687643677","0.736889426499237","0.482277429030517","1.86323602903409","0.555668764367651","0.143420273354152","0.9728","0.802776496758067","0.519762045512993","0.629182147719347","0.348335699638608","0.567299663226839","05_05"
"10.5516485619122","0.74543907580001","0.477285303895058","1.89007042653597","0.551648561912159","0.146900002577976","0.9746","0.805839136859555","0.506519631573198","0.634243510153632","0.405028505496744","0.633259959721231","05_05"
"10.5675680159696","0.73604592743509","0.48166626837768","1.84953105280039","0.567568015969648","0.143927671749201","0.9704","0.800666884535433","0.533899768483025","0.653788760834021","0.303642685669393","0.509069340535063","05_05"
"10.5456562770707","0.747444436234692","0.475408710053409","1.90614189768538","0.545656277070729","0.146855514780789","0.9756","0.807794813219397","0.520195008189504","0.629138459161328","0.396087338457282","0.637111433619243","05_05"
"10.5566515084633","0.728675252671605","0.486612452831373","1.85326422499789","0.55665150846334","0.138794703188617","0.9712","0.803806130224672","0.515912204920109","0.621398678446598","0.309809660115319","0.500251881551277","05_05"
"10.5577182178766","0.73157047419118","0.482707601538678","1.86384103501611","0.55771821787655","0.139559096245737","0.9724","0.807396206899742","0.5328363495233","0.641660232321488","0.276691635775457","0.485829141300543","05_05"
"10.5638299887563","0.730140654883234","0.483962797133434","1.85542820023608","0.563829988756254","0.140785245460766","0.9706","0.803671885348501","0.512814301002963","0.64623847873282","0.299505694091312","0.562490339746865","05_05"
"10.5507389421043","0.732339177462623","0.484440339291804","1.86645646783539","0.550738942104339","0.137977789201492","0.9732","0.807937545062987","0.53304916297039","0.621513214242985","0.289194314477091","0.521351660975801","05_05"
"10.3464405561522","1.13502638297213","0.325022072641038","2.58595056629477","0.346440556152241","0.177668120598007","1","0.8","0.7","0.5","0.4","0.4","10_05"
"10.3464405561522","1.13502638297213","0.325022072641038","2.58595056629477","0.346440556152241","0.177668120598007","1","0.8","0.7","0.5","0.4","0.4","10_05"
"0.0711418192539035","0.162809945701107","0.733025197004234","0.00758945538401319","0.0711418192539035","0.247459969819971","0.0512","0.2655086631421","0.380035179434344","0.79423986072652","0.0706790471449494","0.34668348915875","10_05"
"0.347379966264805","0.280083361954953","0.688521835935804","0.0658651893200462","0.347379966264805","0.116073524800373","0.3996","0.37212389963679","0.777445221319795","0.107943625887856","0.0994661601725966","0.333774930797517","10_05"
"10.8283080302299","0.90247230661973","0.432290359737776","1.67877899820145","0.828308030229933","0.19966901101491","0.9596","0.572853363351896","0.934705231105909","0.723710946040228","0.31627170718275","0.476351245073602","10_05"
"10.3468957405318","0.884526348990481","0.445764279568339","2.35642324870321","0.346895740531771","0.103469440059272","0.9998","0.908207789994776","0.212142521282658","0.411274429643527","0.518634263193235","0.892198335845023","10_05"
"0.0524388364533876","0.117302367881085","0.739516249317607","0.00557778582869041","0.0524388364533876","0.269328075097648","0.0348","0.201681931037456","0.651673766085878","0.820946294115856","0.662005076417699","0.864339470630512","10_05"
"10.324264732347","0.957439914706789","0.404452319886575","2.48608737149985","0.324264732346992","0.109496625061388","1","0.898389684967697","0.125555095961317","0.647060193819925","0.406830187188461","0.389989543473348","10_05"
"10.2146285889677","1.23661781671612","0.281026355642388","2.84920428622509","0.214628588967712","0.186749137456297","1","0.944675268605351","0.267220668727532","0.78293276228942","0.912875924259424","0.777320698834956","10_05"
"10.6255641036922","0.770033531906291","0.495296805876141","1.85812319203857","0.625564103692169","0.125960652772071","0.9824","0.660797792486846","0.386114092543721","0.553036311641335","0.293603372760117","0.960617997217923","10_05"
"5.6603469032969","0.59639986941154","0.568658491995623","1.47200891091697","0.660346903296899","0.0951809207773938","0.8928","0.62911404389888","0.0133903331588954","0.529719580197707","0.459065726259723","0.434659484773874","10_05"
"0.0172081021731896","0.0399902493034138","0.763765343005495","0.0018239234429446","0.0172081021731896","0.304671264222278","0","0.0617862704675645","0.382387957070023","0.789356231689453","0.332394674187526","0.712514678714797","10_05"
"0.350471779882235","0.270236074708351","0.690154563285721","0.105486415459805","0.350471779882235","0.142183063395467","0.3948","0.205974574899301","0.86969084572047","0.023331202333793","0.65087046707049","0.399994368897751","10_05"
"0.0337159757014563","0.0888493575382944","0.741202185386481","0.00359277249301356","0.0337159757014563","0.259586486706253","0.0192","0.176556752528995","0.34034899668768","0.477230065036565","0.258016780717298","0.325352151878178","10_05"
"10.6095592465223","0.978504268532248","0.397540183796029","2.09577374014987","0.609559246522265","0.178984182846098","0.992","0.687022846657783","0.482080115471035","0.7323137386702","0.478545248275623","0.757087148027495","10_05"
"0.960555586934926","0.544956680652868","0.600001183093531","0.777194973561686","0.960555586934926","0.20477843632149","0.6772","0.384103718213737","0.599565825425088","0.692731556482613","0.766310670645908","0.202692255144939","10_05"
"10.479998186736","0.781723541330197","0.487101095636041","2.08783648414783","0.479998186736023","0.0990538799736621","0.995","0.769841419998556","0.493541307048872","0.477619622135535","0.0842469143681228","0.711121222469956","10_05"
"1.0116361432771","0.603583402424772","0.562821439121249","0.968432229820104","1.0116361432771","0.180025618295219","0.7436","0.497699242085218","0.186217601411045","0.8612094768323","0.875321330036968","0.121691921027377","10_05"
"10.4397133404306","1.02735016330538","0.377234596605272","2.36289201024504","0.43971334043063","0.162588694680356","0.9992","0.717618508264422","0.827373318606988","0.438097107224166","0.339072937844321","0.245488513959572","10_05"
"10.1589060493342","1.37570395377751","0.189482023902098","2.97671529218918","0.15890604933423","0.260852508127127","1","0.991906094830483","0.668466738192365","0.244797277031466","0.839440350187942","0.14330437942408","10_05"
"0.0470805346691953","0.118083803958737","0.717807946261942","0.00496239825987718","0.0470805346691953","0.230443344804904","0.2166","0.1","0.1","0.1","0.1","0.1","10_05"
"0.0486001750733789","0.12953913354923","0.724112132603207","0.00528690457266594","0.0486001750733789","0.230670063632244","0.181","0.2","0.2","0.2","0.2","0.2","10_05"
"0.0923203223231793","0.203380041373375","0.706693095710654","0.0102369797881138","0.0923203223231793","0.208071130954938","0.2452","0.3","0.3","0.3","0.3","0.3","10_05"
"0.674594748350569","0.390023877917954","0.660178056868921","0.70427993844531","0.674594748350569","0.120065853783237","0.593","0.4","0.4","0.4","0.4","0.4","10_05"
"5.79923070048288","0.626624210601523","0.557364918426651","1.37776215813076","0.799230700482878","0.140691444092386","0.9126","0.5","0.5","0.5","0.5","0.5","10_05"
"10.7058015872146","0.904921152010316","0.433527420785814","1.89356346367571","0.705801587214551","0.182764617305909","0.9758","0.6","0.6","0.6","0.6","0.6","10_05"
"10.4994869265945","1.15938837428876","0.304705781372664","2.38553769482198","0.499486926594543","0.231539397140583","0.9978","0.7","0.7","0.7","0.7","0.7","10_05"
"10.2808889643147","1.35942733196711","0.19541131488072","2.81790010402504","0.280888964314741","0.282259944710019","1","0.8","0.8","0.8","0.8","0.8","10_05"
"10.1272504313706","1.51097229665791","0.120692258598483","3.1070752362937","0.127250431370645","0.343826504348147","1","0.9","0.9","0.9","0.9","0.9","10_05"
"10.0450606562537","1.62377895093384","0.0657507764163666","3.28360962088174","0.0450606562537288","0.409120434236748","1","1","1","1","1","1","10_05"
"10.719764982824","0.822830418029043","0.47324796086878","1.7829751333891","0.719764982823957","0.157884931382321","0.9708","0.578116272656666","0.79809995521106","0.541081737126686","0.308044867440651","0.609014151126495","10_05"
"10.3205246805836","0.974835440483732","0.389796389692102","2.51410974969813","0.320524680583617","0.115549115616628","1","0.893422239026582","0.388040235469326","0.629985829886819","0.100277709956169","0.42910908615065","10_05"
"10.5237207157171","1.04156665076557","0.369566625998459","2.2683779313745","0.523720715717123","0.174003450722997","0.9976","0.729945769286408","0.594312704440863","0.721355448306187","0.312733605804634","0.90184777056367","10_05"
"10.8283080302299","0.90247230661973","0.432290359737776","1.67877899820145","0.828308030229933","0.19966901101491","0.9596","0.572853363351896","0.934705231105909","0.723710946040228","0.31627170718275","0.476351245073602","10_05"
"10.6095592465223","0.978504268532248","0.397540183796029","2.09577374014987","0.609559246522265","0.178984182846098","0.992","0.687022846657783","0.482080115471035","0.7323137386702","0.478545248275623","0.757087148027495","10_05"
"10.1798629846054","1.44530405010814","0.153975415402116","2.98669140277442","0.179862984605357","0.302889173457597","1","0.873831663746387","0.80054996451363","0.896727022947744","0.764877205481753","0.79627498970367","10_05"
"10.5702100616861","0.880794352810322","0.445296362765051","2.04687630898469","0.57021006168609","0.145399418077596","0.991","0.6509910736233","0.622480057156645","0.456596681731753","0.4","0.4","10_05"
"10.1482887192386","1.38700096489524","0.186391480214873","3.02092202752628","0.14828871923864","0.236400285098294","1","0.980084919231012","0.740223458525725","0.565807067090645","0.463172501511872","0.70695014866069","10_05"
"10.8283080302299","0.90247230661973","0.432290359737776","1.67877899820145","0.828308030229933","0.19966901101491","0.9596","0.572853363351896","0.934705231105909","0.723710946040228","0.31627170718275","0.476351245073602","10_05"
"10.4920859620746","0.911618120205778","0.419363860155516","2.23271203543108","0.492085962074554","0.130188041552669","0.999","0.764578510693787","0.630146582943721","0.660248831049077","0.0924737541102223","0.578458316417063","10_05"
"10.2626857209521","1.32674567268997","0.212331927188328","2.81665482987309","0.262685720952115","0.258895533226044","1","0.822095632125195","0.721380588220148","0.673399108200587","0.756370874691481","0.811982292987535","10_05"
"10.3960270763354","1.26485435010905","0.242931617311021","2.60626073773162","0.396027076335382","0.265851681799468","0.9994","0.726168336253613","0.79945003548637","0.703272977052257","0.835122794518247","0.80372501029633","10_05"
"10.5573800989172","0.825055721368032","0.459284723362857","2.04610995545424","0.557380098917172","0.123399039797456","0.993","0.72205899513959","0.492559276735052","0.613169783609359","0.12045566731335","0.729611324745299","10_05"
"10.3464405561522","1.13502638297213","0.325022072641038","2.58595056629477","0.346440556152241","0.177668120598007","1","0.8","0.7","0.5","0.4","0.4","10_05"
"10.5588735031655","1.05253618323369","0.363917523068143","2.22494674091518","0.558873503165488","0.199452098735934","0.9958","0.704918417290146","0.484337616290467","0.741979054876018","0.695115922492346","0.0222068231087178","10_05"
"10.2161701465474","1.20146131068086","0.287708698058853","2.81390302415712","0.216170146547387","0.173415561724487","1","0.991626472792204","0.559243189942131","0.348373738091771","0.408560176181529","0.384128118999676","10_05"
"10.4922910510601","0.99113816350291","0.394185116193189","2.28173821503985","0.492291051060121","0.160536111751955","0.9986","0.734805271516749","0.483062145784855","0.596763577196376","0.442336495330395","0.738597045752151","10_05"
"10.1751547770451","1.38340826606079","0.187732536964792","2.96029202868945","0.175154777045119","0.257536608149234","1","0.926272245923707","0.67114658417532","0.53489718016784","0.779339276559664","0.183785110288919","10_05"
"5.71615057138587","0.640682174399231","0.548010958331535","1.54070820402133","0.716150571385869","0.124643382911542","0.9414","0.5490089263767","0.477519942843355","0.443403318268247","0.4","0.4","10_05"
"10.1622352743322","1.46021568510102","0.14401867227746","3.01528138930225","0.162235274332201","0.308271786271048","1","0.882104429367637","0.897742499180569","0.890334683794182","0.683429325783277","0.797597159705698","10_05"
"10.3464405561522","1.13502638297213","0.325022072641038","2.58595056629477","0.346440556152241","0.177668120598007","1","0.8","0.7","0.5","0.4","0.4","10_05"
"10.4396366894703","1.15116674309352","0.311059522915625","2.45750873985456","0.439636689470315","0.218387978146792","0.9988","0.730852023200438","0.591801388102858","0.631680863335149","0.780869766955483","0.858770226654253","10_05"
"10.3779292400738","1.05875084999267","0.362054930824875","2.46103377751193","0.377929240073807","0.16339518452066","1","0.770121042036836","0.602764855299106","0.374043161075231","0.515127088374536","0.470297482894359","10_05"
"10.4788937653162","0.804044013267567","0.482300744486739","2.11030671466287","0.478893765316242","0.104686296116903","0.9976","0.774808865939671","0.231056167540863","0.494693986068641","0.390799391600415","0.672001679792654","10_05"
"10.3728997604065","1.07258859385113","0.354852877681611","2.50392035262021","0.372899760406459","0.159328386440989","1","0.793105757809339","0.683037753153843","0.480970749765565","0.325904982586977","0.707439864055038","10_05"
"10.4585702695512","0.865440395034661","0.446993640986407","2.2210587947223","0.458570269551194","0.113842371135667","0.9994","0.776735662189218","0.510503553895029","0.49664887236997","0.158341931781146","0.403681358414918","10_05"
"10.322144517735","1.02968026036486","0.375736206148176","2.53022852901993","0.322144517735012","0.139496951410053","1","0.886112157869581","0.29076193306251","0.53787532144294","0.562263388501754","0.880216042857489","10_05"
"10.2110998344423","1.46947437504735","0.142750467505317","2.95360578598019","0.211099834442331","0.341210795773533","1","0.819915080768988","0.959776541474275","0.934192932909355","0.936827498488128","0.69304985133931","10_05"
"10.7058015872146","0.904921152010316","0.433527420785814","1.89356346367571","0.705801587214551","0.182764617305909","0.9758","0.6","0.6","0.6","0.6","0.6","10_05"
"10.3237994682574","1.19315404005726","0.282891382854505","2.65371740785722","0.32379946825739","0.217096659345029","1","0.765633848906776","0.697320154017045","0.409900096863626","0.760101073628279","0.659519269135162","10_05"
"10.2433762089344","1.3419248755711","0.205561960933493","2.85839535656361","0.243376208934374","0.263158039295363","1","0.834859451582321","0.708038655973216","0.652135743544806","0.825123950263106","0.589940925146847","10_05"
"10.5237207157171","1.04156665076557","0.369566625998459","2.2683779313745","0.523720715717123","0.174003450722997","0.9976","0.729945769286408","0.594312704440863","0.721355448306187","0.312733605804634","0.90184777056367","10_05"
"10.2928577649223","1.07799187360769","0.344993959053574","2.63137109642321","0.292857764922275","0.133496334276902","1","0.893422239026582","0.743514884263277","0.629985829886819","0.100277709956169","0.42910908615065","10_05"
"10.2094317633889","1.35574785091279","0.201684063747336","2.90925976188972","0.209431763388914","0.254867689472861","1","0.878201153212423","0.671069258139335","0.596961593533873","0.769352271063119","0.851458754017495","10_05"
"10.5002922885122","1.00734449725836","0.383028735361569","2.28451836187727","0.50029228851217","0.174002095079662","0.9982","0.734079340910772","0.419142710409546","0.644186704961324","0.628033911956882","0.832482299136323","10_05"
"10.4918066042541","1.06094825186564","0.358224835793593","2.32552872213762","0.491806604254141","0.17581248863829","0.9986","0.734611613779237","0.663884483775377","0.6825408240683","0.316456099754189","0.861269503720467","10_05"
"10.719764982824","0.822830418029043","0.47324796086878","1.7829751333891","0.719764982823957","0.157884931382321","0.9708","0.578116272656666","0.79809995521106","0.541081737126686","0.308044867440651","0.609014151126495","10_05"
"10.5240168346477","0.984971744145033","0.396611009384196","2.19507185586662","0.524016834647713","0.166693340924629","0.9952","0.691452671522613","0.619456060671701","0.54494436845094","0.429193958491254","0.727013765235276","10_05"
"10.223476311431","1.38370035171432","0.18769374067332","2.90353084849937","0.22347631143101","0.266060025785384","1","0.850701219622439","0.870107900691351","0.805913125519717","0.541542108151422","0.695807670426497","10_05"
"10.3724853063264","1.08310568829908","0.354218165235972","2.49264060235979","0.372485306326373","0.16856592938506","1","0.772499067033143","0.628639704618806","0.388865853631332","0.509756010342076","0.41370108732659","10_05"
"10.7838829110705","0.840797819836525","0.461000552384403","1.70780259980124","0.783882911070468","0.168456359551809","0.9652","0.595719688472158","0.78469245583056","0.683122393420151","0.232584027648535","0.523542944302021","10_05"
"10.6124064947641","0.83564399193192","0.46721821231651","1.95805270664644","0.612406494764124","0.144250732345341","0.9842","0.619685137421002","0.608411269856163","0.460255289217457","0.414128957642242","0.517894144868478","10_05"
"10.3205246805836","0.974835440483732","0.389796389692102","2.51410974969813","0.320524680583617","0.115549115616628","1","0.893422239026582","0.388040235469326","0.629985829886819","0.100277709956169","0.42910908615065","10_05"
"10.4242467905455","0.995590888027032","0.39214861648473","2.36513396198977","0.424246790545473","0.148616934177049","0.9998","0.767805865101402","0.519351295453168","0.467616989000932","0.419597450650493","0.549733776204439","10_05"
"10.2565563856015","1.32359754922701","0.213948506445491","2.82547227916602","0.256556385601535","0.257438737705501","1","0.817581130595","0.762557963688474","0.586034413675291","0.789338120814805","0.397569195438401","10_05"
"10.3540315561228","1.11595084534266","0.334266851154697","2.56256253742964","0.354031556122751","0.172578498551275","1","0.797621975003692","0.6741251506803","0.485177307443898","0.40537107803246","0.45659639556777","10_05"
"10.4038049581085","1.00733633885648","0.38793667840749","2.40670281122297","0.403804958108535","0.156680849051191","1","0.77457313437766","0.467152923726157","0.425058815210387","0.591978911481662","0.668672814916863","10_05"
"10.4243953035654","1.20089704783313","0.281478877103386","2.51397055773474","0.424395303565431","0.23817043090667","0.9994","0.730446517419308","0.657810400897297","0.674116987049318","0.813009678264837","0.811766169096524","10_05"
"10.1103825619885","1.5014966976402","0.124945730291149","3.13802155440723","0.110382561988484","0.321638332009653","1","0.949298780377561","0.829892099308649","0.694086874480283","0.858457891848578","0.704192329573503","10_05"
"10.4259401450386","1.00546537753857","0.388591514313499","2.37771140062262","0.425940145038621","0.156873186927584","0.9998","0.765869580468787","0.461223397831751","0.47953526772188","0.558921553747032","0.662848134010953","10_05"
"10.5759798235835","0.927164046121305","0.419856843840163","2.10482885661567","0.575979823583522","0.149594282830558","0.9932","0.699192670019328","0.6425720520104","0.653758336229436","0.204143346847566","0.68241962551688","10_05"
"10.5140257315637","0.887591941954352","0.437857344325563","2.17004616787296","0.514025731563741","0.129663739012463","0.9968","0.724374172075023","0.575972836580989","0.519595955683658","0.215985305037394","0.650175031435219","10_05"
"10.4922910510601","0.99113816350291","0.394185116193189","2.28173821503985","0.492291051060121","0.160536111751955","0.9986","0.734805271516749","0.483062145784855","0.596763577196376","0.442336495330395","0.738597045752151","10_05"
"10.5756189268106","0.921467119628885","0.430936270017975","2.08492232056197","0.575618926810607","0.16646444042996","0.9894","0.631305936202297","0.614068787300482","0.460591275317208","0.585871042357758","0.482105855131522","10_05"
"10.8283080302299","0.90247230661973","0.432290359737776","1.67877899820145","0.828308030229933","0.19966901101491","0.9596","0.572853363351896","0.934705231105909","0.723710946040228","0.31627170718275","0.476351245073602","10_05"
"10.2884007000261","1.3049216984459","0.227805814736461","2.77335034613851","0.288400700026067","0.248664809023975","1","0.817429787632367","0.651808808885633","0.712213732438474","0.752648380741926","0.852560559830738","10_05"
"10.5407437270677","0.885625881605799","0.440624518150977","2.11270071270897","0.540743727067724","0.142275737819818","0.9936","0.694343673617436","0.486086142269799","0.50841589047719","0.413142536839141","0.411583280516875","10_05"
"10.4071635676324","1.22880852259802","0.265123058023286","2.55600036443617","0.407163567632362","0.249171899470923","0.9994","0.726573842034744","0.733441022691931","0.660836853338087","0.802982883208893","0.850729067854059","10_05"
"10.3558583790209","1.24532854377746","0.25735902800775","2.6314947395961","0.355858379020918","0.244479500653799","1","0.764072756902529","0.681337328164281","0.658672630253395","0.780403266796578","0.837195503984553","10_05"
"10.3303512761465","1.245510605271","0.259653339437311","2.68398817706459","0.330351276146537","0.235071246324834","1","0.788874898423105","0.631844648158725","0.646407341282341","0.756837374850385","0.833557015657235","10_05"
"10.6341636474413","0.743777595059763","0.503747395287693","1.81634926298441","0.634163647441255","0.123999778544397","0.9766","0.619685137421002","0.608411269856163","0.460255289217457","0.239086773013696","0.517894144868478","10_05"
"10.4806897087313","1.10157747266175","0.342469010772546","2.35581900822652","0.480689708731307","0.194747782148979","0.9984","0.701229656662191","0.89947452592458","0.593205342966019","0.369520319502867","0.661185978446299","10_05"
"10.7671300444147","0.855861636596021","0.455423941138283","1.75498278953751","0.76713004441473","0.173164847717068","0.9696","0.603314547176008","0.590420158117595","0.678450790686307","0.391910427773081","0.597770156008298","10_05"
"10.6618083940117","0.85278244598587","0.458041852152165","1.90507829946331","0.66180839401174","0.153429127006247","0.9808","0.610142645437714","0.769131336380665","0.53664025333457","0.292871638106752","0.518823829747152","10_05"
"10.7838829110705","0.840797819836525","0.461000552384403","1.70780259980124","0.783882911070468","0.168456359551809","0.9652","0.595719688472158","0.78469245583056","0.683122393420151","0.232584027648535","0.523542944302021","10_05"
"10.4202365673427","0.9935365451171","0.39390998347814","2.37133133521437","0.42023656734274","0.149913661961715","0.9998","0.76996798150642","0.480039994629385","0.450873027798685","0.493037027275424","0.662774044204075","10_05"
"10.4643606856711","0.993813389868948","0.395045381950611","2.30605018393181","0.464360685671147","0.16404816227236","0.9986","0.713683435094803","0.555467288118974","0.44519840561648","0.566969816283939","0.625056817347764","10_05"
"10.2654849183539","1.29806385471596","0.230891088285662","2.80126807888802","0.265484918353887","0.23751105728045","1","0.843115298956034","0.664364802539214","0.683039547460244","0.612762148799605","0.884826127523526","10_05"
"10.3043776058092","1.28037142595923","0.237316354286006","2.74409365954256","0.304377605809245","0.24463209203041","1","0.790569083967011","0.747351719151415","0.610508601710679","0.708742191706013","0.801962175899962","10_05"
"10.4396715750038","1.03015535387336","0.3766428239696","2.39669555716214","0.43967157500383","0.158255854680499","0.9992","0.763821773345275","0.56494494238648","0.590186551801892","0.331464708699128","0.834028691455879","10_05"
"10.8283080302299","0.90247230661973","0.432290359737776","1.67877899820145","0.828308030229933","0.19966901101491","0.9596","0.572853363351896","0.934705231105909","0.723710946040228","0.31627170718275","0.476351245073602","10_05"
"10.6184322801318","0.888337433755473","0.441404768724189","2.00224567695955","0.618432280131782","0.16067187464072","0.9872","0.646196841067366","0.502383628907485","0.555564418284595","0.538730299161545","0.483838081544165","10_05"
"10.7838829110705","0.840797819836525","0.461000552384403","1.70780259980124","0.783882911070468","0.168456359551809","0.9652","0.595719688472158","0.78469245583056","0.683122393420151","0.232584027648535","0.523542944302021","10_05"
"10.719764982824","0.822830418029043","0.47324796086878","1.7829751333891","0.719764982823957","0.157884931382321","0.9708","0.578116272656666","0.79809995521106","0.541081737126686","0.308044867440651","0.609014151126495","10_05"
"10.3500105229901","1.19482298945155","0.286194931321343","2.61821654396106","0.350010522990134","0.213243963628126","1","0.77888253415002","0.64077053277917","0.570076834068153","0.67014823971594","0.577073416885331","10_05"
"10.5508833607434","0.925884957443667","0.425082329321768","2.13440756209614","0.550883360743401","0.152796135228353","0.9942","0.697333013937976","0.48378333211396","0.570506195276074","0.435443663403794","0.46294283889499","10_05"
"10.435290612385","1.01928769367387","0.382388740322688","2.38249249326143","0.435290612385048","0.158615526566807","0.9998","0.765035299647214","0.497372146492645","0.544576864937143","0.434808033074136","0.701021432136273","10_05"
"10.8283080302299","0.90247230661973","0.432290359737776","1.67877899820145","0.828308030229933","0.19966901101491","0.9596","0.572853363351896","0.934705231105909","0.723710946040228","0.31627170718275","0.476351245073602","10_05"
"10.4876767882897","0.95347220682281","0.411373970314803","2.2554446447931","0.48767678828973","0.1500788595451","0.9984","0.731815931196209","0.485364955940695","0.534673272397492","0.420035368765743","0.687237487374036","10_05"
"10.4722532053546","0.972285305800184","0.403396956319645","2.29148574914214","0.472253205354649","0.1525491074149","0.999","0.737575836970937","0.505041294745379","0.519803701260165","0.427125912906752","0.587309389820318","10_05"
"10.4865589677999","1.0150627742393","0.382707234689174","2.30513706310909","0.486558967799873","0.165037362864838","0.9988","0.733929861042536","0.548719057507551","0.598785885505227","0.400866347755999","0.617552855312231","10_05"
"10.5315123202408","0.872800523487632","0.447870434780645","2.10389392800522","0.531512320240779","0.139333763735951","0.9928","0.680574836703859","0.520096905463345","0.440115698811363","0.439138052839965","0.561510142437577","10_05"
"10.5032640205557","0.92589803457823","0.423402957694674","2.19586169827289","0.503264020555714","0.150351100543657","0.9956","0.674011393027103","0.627589478092909","0.393851827030563","0.470782683759022","0.506381409643904","10_05"
"10.4181374244345","1.12214247185708","0.327578208342913","2.47516512240115","0.418137424434537","0.189185463479886","0.9994","0.761623660407226","0.679090728312437","0.658066636032912","0.397052028862981","0.456876523258906","10_05"
"10.4639200455031","0.989893378530725","0.395159336612677","2.30199415059879","0.463920045503056","0.15888286562252","0.999","0.718172811427043","0.609461496382059","0.455269315818227","0.453102284225297","0.425213822551164","10_05"
"10.4063382696794","1.01773217534432","0.382327716199506","2.40582507681298","0.406338269679441","0.157022881167891","0.9998","0.772411017972643","0.50646422454994","0.441802776412633","0.518539334856731","0.555632546917227","10_05"
"10.7223219565613","0.843352209475463","0.464822531509006","1.8058872965307","0.722321956561255","0.161195750868645","0.9734","0.605262180455446","0.623972389306058","0.606737429303038","0.353841347184025","0.522613259423347","10_05"
"10.4085183908644","1.05847247047908","0.362977237385146","2.4322324782141","0.408518390864357","0.165680585950762","0.9998","0.758274721764938","0.655495695544717","0.484206870455725","0.399595153622485","0.588620922304675","10_05"
"10.3699839886369","1.21146598196721","0.275956045741566","2.60100381180658","0.369983988636936","0.231842824853815","1","0.765031623542798","0.601017160040984","0.635277494379816","0.830385908484459","0.86848039705764","10_05"
"10.3126349483575","1.2002042980721","0.284321863176292","2.67092704849851","0.312634948357529","0.204143126998039","1","0.81104632051549","0.639677980725269","0.531002752001654","0.592256151368063","0.689188230271997","10_05"
"10.4135659872948","1.13378928703348","0.323430922324737","2.49820564297745","0.413565987294757","0.196858729224206","0.9994","0.774132653491729","0.51159440145705","0.713102679699659","0.575060393415632","0.782249647059769","10_05"
"10.4658651545717","1.0143070302585","0.38361781831145","2.32425498765842","0.465865154571685","0.165311557142128","0.9992","0.73033832670834","0.583805690144156","0.530718852796528","0.437281139010036","0.4541090107208","10_05"
"10.3336344798178","1.21108299704027","0.277936572707919","2.65034449926501","0.33363447981776","0.214632255088587","1","0.781471730122496","0.733129464187009","0.552176713441987","0.568489831364517","0.720733960976466","10_05"
"10.5328159350722","0.954374341443079","0.411736501612302","2.16052002372422","0.532815935072247","0.159860765450482","0.9948","0.673653873026549","0.683124410853907","0.489898624343282","0.3965504575053","0.530946017780919","10_05"
"10.8283080302299","0.90247230661973","0.432290359737776","1.67877899820145","0.828308030229933","0.19966901101491","0.9596","0.572853363351896","0.934705231105909","0.723710946040228","0.31627170718275","0.476351245073602","10_05"
"10.6538428323944","0.929316205186858","0.420106659498204","1.98127917570851","0.653842832394423","0.176096193284276","0.9842","0.635749250540413","0.657035333095628","0.638422174693349","0.403003386427174","0.617653743868865","10_05"
"10.6115917689103","0.968895512007004","0.402027204027131","2.08045619866241","0.611591768910296","0.175604197695811","0.9912","0.680574836703859","0.520096905463345","0.707990671508014","0.439138052839965","0.561510142437577","10_05"
"10.5078823925727","1.02189719595899","0.381028735951965","2.26063557913057","0.507882392572693","0.171347531922362","0.9978","0.707336829714554","0.665285942111643","0.579519062636533","0.386290177018117","0.497965952461335","10_05"
"10.7646562322086","0.919301707908552","0.424735781054209","1.79994556714722","0.764656232208578","0.190460158710043","0.971","0.594374298933488","0.876277720368556","0.69329460251151","0.325826400373757","0.59441495550339","10_05"
"10.454508688616","1.00128666698768","0.389967262076329","2.33370001101488","0.454508688616011","0.159717884520467","0.9992","0.743228658046994","0.525187899666945","0.515245889798756","0.458888640571348","0.618117148749006","10_05"
"10.488023417548","0.928035236198255","0.422158477777815","2.22576019520006","0.488023417547963","0.144494798567632","0.9974","0.719650415914911","0.511020762178598","0.459223735419191","0.435856513981004","0.6583422992044","10_05"
"10.7469391596655","0.838712000386783","0.463604622508537","1.76319553530772","0.746939159665465","0.1664748903566","0.9702","0.58654725513673","0.786329450963616","0.610231226136052","0.291265683596161","0.565496921665523","10_05"
"10.7838829110705","0.840797819836525","0.461000552384403","1.70780259980124","0.783882911070468","0.168456359551809","0.9652","0.595719688472158","0.78469245583056","0.683122393420151","0.232584027648535","0.523542944302021","10_05"
"10.4448693127737","1.14467513390029","0.316018862020661","2.4316286045872","0.444869312773737","0.212077038903799","0.9988","0.708588756058369","0.701931948723326","0.568364537467183","0.681699915810789","0.747841878175797","10_05"
"10.752703475423","0.821082436682267","0.469920095769112","1.73815583457347","0.752703475423024","0.161108408430873","0.9682","0.587288705992094","0.796462960078004","0.613972904410784","0.249363211493024","0.567060173762992","10_05"
"10.4323539429597","1.13412818018809","0.319740328868846","2.4566724749859","0.432353942959724","0.193881540575412","0.9994","0.739350498610964","0.910410260574792","0.642735010831873","0.327679765534524","0.10102623119019","10_05"
"10.7267226027545","0.840000729637982","0.465811371048666","1.80123911078322","0.726722602754452","0.163818088591291","0.9716","0.575171982370987","0.858198131425685","0.552144091677134","0.309406313975388","0.514450707202288","10_05"
"10.8250602987835","1.00280421795614","0.384873381480447","1.80267354404214","0.825060298783501","0.223870004130994","0.9672","0.646196841067366","0.502383628907485","0.985662204911932","0.538730299161545","0.483838081544165","10_05"
"10.6858138450853","0.842297708989634","0.463542257872677","1.85663044944517","0.685813845085329","0.155138658660896","0.977","0.606555670184647","0.728868010100976","0.558872646601845","0.299396134855715","0.45079081439185","10_05"
"10.778344936955","0.82124282185572","0.469680575826118","1.70322551130841","0.778344936955025","0.164496118210434","0.965","0.597324638086207","0.589239912917596","0.671162487010247","0.320056650347355","0.815201010579351","10_05"
"10.8283080302299","0.90247230661973","0.432290359737776","1.67877899820145","0.828308030229933","0.19966901101491","0.9596","0.572853363351896","0.934705231105909","0.723710946040228","0.31627170718275","0.476351245073602","10_05"
"10.5508833607434","0.925884957443667","0.425082329321768","2.13440756209614","0.550883360743401","0.152796135228353","0.9942","0.697333013937976","0.48378333211396","0.570506195276074","0.435443663403794","0.46294283889499","10_05"
"10.8218145222001","0.851229005716702","0.459370286924497","1.64899919086044","0.821814522200077","0.182981573127098","0.9602","0.581793611594417","0.648847668854947","0.708867134215024","0.382355734582075","0.47970644557851","10_05"
"5.90435898433455","0.827733285011041","0.468728721277648","1.5003613929835","0.90435898433455","0.192505058737582","0.9352","0.541119189932942","0.874607054891283","0.712648591489779","0.314910260648012","0.570914688997808","10_05"
"10.7223219565613","0.843352209475463","0.464822531509006","1.8058872965307","0.722321956561255","0.161195750868645","0.9734","0.605262180455446","0.623972389306058","0.606737429303038","0.353841347184025","0.522613259423347","10_05"
"10.7671300444147","0.855861636596021","0.455423941138283","1.75498278953751","0.76713004441473","0.173164847717068","0.9696","0.603314547176008","0.590420158117595","0.678450790686307","0.391910427773081","0.597770156008298","10_05"
"10.4167203604887","1.07141254301104","0.358977665429228","2.42886407954586","0.416720360488682","0.174368683876784","0.9998","0.748096037251283","0.623937699812243","0.498618085252172","0.47849635184069","0.569427122948788","10_05"
"10.6317731204057","0.962210097297687","0.405482582707969","2.03251383023426","0.631773120405659","0.182096347033855","0.9866","0.634559140141094","0.697185166528717","0.607994694039319","0.45673086011432","0.729652670008337","10_05"
"10.4785376606501","1.01931212635561","0.382291910289935","2.29612577681761","0.478537660650107","0.177287383069254","0.998","0.711361333602596","0.536929738430272","0.511574447627344","0.630789940715214","0.56915643637412","10_05"
"10.4654244140322","1.10513353254366","0.337090186968595","2.36871107783688","0.465424414032242","0.207632603303433","0.9984","0.702377802199662","0.595926165837384","0.560147303392424","0.810635320753076","0.811873390746211","10_05"
"10.2703400965874","1.20707363289103","0.304504170225857","2.74892232640604","0.270340096587362","0.153414514765478","1","0.8","0.7","0.5","0.4","0.4","15_05"
"10.2703400965874","1.20707363289103","0.304504170225857","2.74892232640604","0.270340096587362","0.153414514765478","1","0.8","0.7","0.5","0.4","0.4","15_05"
"0.0927795343395491","0.218857403815448","0.729189067543866","0.0100133112995151","0.0927795343395491","0.218220742892465","0.1098","0.2655086631421","0.380035179434344","0.79423986072652","0.0706790471449494","0.34668348915875","15_05"
"0.161400042843917","0.235923236633576","0.711842276432801","0.0171531406117373","0.161400042843917","0.170844708159219","0.342","0.37212389963679","0.777445221319795","0.107943625887856","0.0994661601725966","0.333774930797517","15_05"
"10.6789858168097","0.97053249637564","0.415474320075513","2.05875506137817","0.678985816809663","0.160907010050672","0.9944","0.572853363351896","0.934705231105909","0.723710946040228","0.31627170718275","0.476351245073602","15_05"
"10.3083509437031","0.888419159435578","0.458304259203831","2.44399839266412","0.308350943703086","0.0879411991115251","0.998","0.908207789994776","0.212142521282658","0.411274429643527","0.518634263193235","0.892198335845023","15_05"
"0.0445128692486688","0.120242755276012","0.752595636389747","0.00469552895605262","0.0445128692486688","0.249108074855451","0.0206","0.201681931037456","0.651673766085878","0.820946294115856","0.662005076417699","0.864339470630512","15_05"
"10.2499956741236","1.01513700640385","0.399206976303907","2.63693742884889","0.249995674123551","0.104128750746895","1","0.898389684967697","0.125555095961317","0.647060193819925","0.406830187188461","0.389989543473348","15_05"
"10.156759755237","1.29799004290701","0.268754921476675","2.9824774191262","0.156759755237039","0.168624940078052","1","0.944675268605351","0.267220668727532","0.78293276228942","0.912875924259424","0.777320698834956","15_05"
"10.524628170747","0.798962258598946","0.495072531411893","2.06186890022544","0.524628170746981","0.104896457941166","0.9952","0.660797792486846","0.386114092543721","0.553036311641335","0.293603372760117","0.960617997217923","15_05"
"5.5635436112496","0.652489704517346","0.566453078729811","1.72571991382696","0.563543611249601","0.0853628830956343","0.9276","0.62911404389888","0.0133903331588954","0.529719580197707","0.459065726259723","0.434659484773874","15_05"
"0.0184638626251424","0.0421485372520999","0.78297819180212","0.00194899068994013","0.0184638626251424","0.294526575343557","0","0.0617862704675645","0.382387957070023","0.789356231689453","0.332394674187526","0.712514678714797","15_05"
"0.0783349870942091","0.187347996554254","0.718880707328931","0.0083302141633542","0.0783349870942091","0.201541330915406","0.294","0.205974574899301","0.86969084572047","0.023331202333793","0.65087046707049","0.399994368897751","15_05"
"0.035146555514169","0.093119848325311","0.752310956397034","0.00375622608614132","0.035146555514169","0.248658214063578","0.0484","0.176556752528995","0.34034899668768","0.477230065036565","0.258016780717298","0.325352151878178","15_05"
"10.4782141061097","1.04810739448032","0.384667969220009","2.37420621950808","0.478214106109725","0.152017275426766","1","0.687022846657783","0.482080115471035","0.7323137386702","0.478545248275623","0.757087148027495","15_05"
"0.895952513596761","0.549116817060241","0.608871882771468","0.978040425177074","0.895952513596761","0.143069967746084","0.7674","0.384103718213737","0.599565825425088","0.692731556482613","0.766310670645908","0.202692255144939","15_05"
"10.3991095816221","0.823139693372074","0.484974374273053","2.24009073850427","0.39910958162215","0.0874728614186809","0.9968","0.769841419998556","0.493541307048872","0.477619622135535","0.0842469143681228","0.711121222469956","15_05"
"5.88583156191737","0.669413434237098","0.555153246366477","1.34720517882294","0.885831561917366","0.137741538886969","0.9008","0.497699242085218","0.186217601411045","0.8612094768323","0.875321330036968","0.121691921027377","15_05"
"10.3634217287855","1.08321562793137","0.361715624924356","2.52659536419783","0.363421728785503","0.136802531230525","1","0.717618508264422","0.827373318606988","0.438097107224166","0.339072937844321","0.245488513959572","15_05"
"10.1097910367514","1.5009501090332","0.145478673635196","3.13528704999938","0.109791036751367","0.245062620816459","1","0.991906094830483","0.668466738192365","0.244797277031466","0.839440350187942","0.14330437942408","15_05"
"0.0434563802903878","0.104331604284805","0.730544804563881","0.00448624612467838","0.0434563802903878","0.236458311244268","0.2098","0.1","0.1","0.1","0.1","0.1","15_05"
"0.0475898762863751","0.116928347298969","0.733102011191387","0.00505881745010324","0.0475898762863751","0.232367478407861","0.1974","0.2","0.2","0.2","0.2","0.2","15_05"
"0.090230843885987","0.198271023738314","0.720985738185223","0.00975677417007017","0.090230843885987","0.197314500283719","0.2656","0.3","0.3","0.3","0.3","0.3","15_05"
"0.600416286721197","0.360974087929369","0.676542571074021","0.688295210849217","0.600416286721197","0.0904673389506573","0.5508","0.4","0.4","0.4","0.4","0.4","15_05"
"5.69905258103873","0.633192874118625","0.574809842431222","1.55452111659349","0.699052581038731","0.10544197528393","0.9382","0.5","0.5","0.5","0.5","0.5","15_05"
"10.5831227148932","0.950155095969208","0.427351675206299","2.1416168197902","0.583122714893155","0.147285913703022","0.9976","0.6","0.6","0.6","0.6","0.6","15_05"
"10.3643736096513","1.25578850246753","0.279479797170883","2.6712648470528","0.364373609651275","0.199800479819829","1","0.7","0.7","0.7","0.7","0.7","15_05"
"10.172624898609","1.49447635901971","0.154498940589015","3.05314211876201","0.172624898609033","0.26463160614077","1","0.8","0.8","0.8","0.8","0.8","15_05"
"10.0573746295283","1.64831766543569","0.0723725708491313","3.2833930749915","0.0573746295282824","0.348910642129142","1","0.9","0.9","0.9","0.9","0.9","15_05"
"10.014627445105","1.76331041968759","0.0306704966074921","3.39457111109269","0.0146274451050409","0.439732951271211","1","1","1","1","1","1","15_05"
"10.6684437445592","0.96012859111478","0.42171669990226","2.05690232612829","0.668443744559228","0.156708893218089","0.995","0.576250326743874","0.862029359166204","0.706114586895134","0.329877456513336","0.602729813971943","15_05"
"10.1655691807708","1.3832412253983","0.214300130948479","3.00232719824872","0.165569180770761","0.200255660773558","1","0.890723381298889","0.535307543833291","0.652394887325034","0.685430908116599","0.42775432371053","15_05"
"10.3947329079234","1.0994281369393","0.353994142134762","2.51313381703212","0.39473290792345","0.151027437368179","1","0.729945769286408","0.594312704440863","0.721355448306187","0.312733605804634","0.90184777056367","15_05"
"10.6789858168097","0.97053249637564","0.415474320075513","2.05875506137817","0.678985816809663","0.160907010050672","0.9944","0.572853363351896","0.934705231105909","0.723710946040228","0.31627170718275","0.476351245073602","15_05"
"10.4782141061097","1.04810739448032","0.384667969220009","2.37420621950808","0.478214106109725","0.152017275426766","1","0.687022846657783","0.482080115471035","0.7323137386702","0.478545248275623","0.757087148027495","15_05"
"10.1476799109433","1.41053914103063","0.1983649785938","3.04469122020165","0.147679910943259","0.20734688879032","1","0.882969832561147","0.697888342811333","0.893087793579631","0.348865817162689","0.80204273427969","15_05"
"10.5013575253565","0.990250828672382","0.406237100468391","2.28266247125883","0.501357525356507","0.141565427119339","1","0.645069353917418","0.674047828424778","0.583651890863495","0.407038107670296","0.316501875195231","15_05"
"10.695365989283","0.754191000861915","0.518084599155501","1.76951185014034","0.69536598928298","0.122006633405073","0.9828","0.527800962137214","0.631112983330366","0.54754027255136","0.450045395733976","0.257622156309804","15_05"
"10.6789858168097","0.97053249637564","0.415474320075513","2.05875506137817","0.678985816809663","0.160907010050672","0.9944","0.572853363351896","0.934705231105909","0.723710946040228","0.31627170718275","0.476351245073602","15_05"
"10.3534772388247","1.28817952434403","0.261005869814654","2.69826351132516","0.353477238824694","0.2092463977226","1","0.696603036608023","0.772675871939705","0.717596359145094","0.686394250669414","0.573621431101658","15_05"
"10.183947650356","1.45679685158529","0.173453813250401","3.01152788852794","0.18394765035599","0.242410351251006","1","0.8","0.786626110132784","0.702295422693714","0.737975212186575","0.748015144187957","15_05"
"10.248112609801","1.29832331198234","0.256741200406296","2.83678032508272","0.248112609801035","0.185817129941374","1","0.786871587437409","0.695652964237539","0.484531828555904","0.635381097205434","0.809078488190266","15_05"
"10.3905131870985","1.23366190133626","0.291148307196992","2.62907319629099","0.390513187098502","0.1964130818811","1","0.692512792367162","0.681327950838423","0.71719761945884","0.679663620907879","0.722963688707078","15_05"
"10.2703400965874","1.20707363289103","0.304504170225857","2.74892232640604","0.270340096587362","0.153414514765478","1","0.8","0.7","0.5","0.4","0.4","15_05"
"10.4278679656043","1.12928965193171","0.345334904064708","2.50467381926125","0.427867965604279","0.170780077191518","1","0.704918417290146","0.484337616290467","0.741979054876018","0.695115922492346","0.0222068231087178","15_05"
"10.0869119736135","1.54465872729606","0.127335811766182","3.19666870504446","0.0869119736135325","0.257687506924867","1","0.991538529042343","0.688156126522117","0.447304846006515","0.759881816568973","0.379411361445427","15_05"
"10.4553667065558","1.06727013184528","0.371963307565696","2.41995082579922","0.455366706555753","0.154617945305487","1","0.694510054290621","0.500752164632612","0.71511611921136","0.498881627367744","0.734123459320416","15_05"
"10.1599214838587","1.36717254309022","0.223241216091201","3.00355179186442","0.159921483858734","0.181570557498288","1","0.941975793361735","0.65360074631286","0.393174552374221","0.513939616514911","0.184593802143237","15_05"
"10.6912074836456","0.896139762224016","0.454931728152428","1.93616966628096","0.691207483645597","0.15228422360587","0.991","0.539034364296319","0.625517997000311","0.609079665619118","0.759272562975611","0.286190379949708","15_05"
"10.0855280456382","1.58909279672467","0.102329312971144","3.21352241078375","0.085528045638222","0.302241498626011","1","0.882104429367637","0.897742499180569","0.890334683794182","0.683429325783277","0.797597159705698","15_05"
"10.2703400965874","1.20707363289103","0.304504170225857","2.74892232640604","0.270340096587362","0.153414514765478","1","0.8","0.7","0.5","0.4","0.4","15_05"
"10.3329296511592","1.2411164768299","0.289423177311204","2.68763575065209","0.332929651159161","0.186017865557666","1","0.730852023200438","0.591801388102858","0.631680863335149","0.780869766955483","0.858770226654253","15_05"
"10.33932261193","1.21492419810069","0.304122743409212","2.65561099041526","0.339322611929983","0.177184887057805","1","0.70036756578814","0.680310611670248","0.497492431024951","0.779558533618969","0.463893017978654","15_05"
"10.4656330856271","0.92167160716029","0.442831479374243","2.26027048240994","0.465633085627054","0.121538449405508","0.9994","0.707666303668808","0.290247552128026","0.694665306494891","0.421399279071862","0.662235219762818","15_05"
"10.2716037311336","1.28035376403076","0.269959262891951","2.7841409355655","0.271603731133593","0.182290848017174","1","0.777140030497685","0.7","0.67005298435688","0.470398378465325","0.696450234041549","15_05"
"10.3285986547926","1.22051585685375","0.301243005052052","2.66476484041009","0.328598654792563","0.174294123079092","1","0.722859969502315","0.7","0.52994701564312","0.629601621534675","0.403549765958451","15_05"
"10.2472689759131","1.28613589765702","0.26658185772478","2.83149711070021","0.247268975913087","0.176139908986804","1","0.8","0.713373889867216","0.597704577306285","0.462024787813425","0.451984855812043","15_05"
"10.3647749448576","1.07911785244624","0.371003770186444","2.53875356311405","0.364774944857594","0.146712823146093","1","0.769898279948005","0.255104618080679","0.81366920428094","0.825275934302993","0.264069764717573","15_05"
"10.5831227148932","0.950155095969208","0.427351675206299","2.1416168197902","0.583122714893155","0.147285913703022","0.9976","0.6","0.6","0.6","0.6","0.6","15_05"
"10.3249730865873","1.01563868446354","0.396078341135949","2.5200314203849","0.324973086587293","0.112464279991823","1","0.819771721467305","0.508407298928377","0.32924234679278","0.409747648041154","0.669831799750799","15_05"
"10.3208832051151","1.23161399473815","0.295924888193548","2.69895212836461","0.320883205115073","0.175886114363842","1","0.75180938379408","0.652237140442363","0.679457185172336","0.492275271011481","0.636828958295931","15_05"
"10.6684437445592","0.96012859111478","0.42171669990226","2.05690232612829","0.668443744559228","0.156708893218089","0.995","0.576250326743874","0.862029359166204","0.706114586895134","0.329877456513336","0.602729813971943","15_05"
"10.2849795667711","1.33676116485103","0.232825747703896","2.8054583451563","0.284979566771135","0.215017053540375","1","0.730852023200438","0.743514884263277","0.631680863335149","0.780869766955483","0.858770226654253","15_05"
"10.4176935848633","1.0639731790042","0.372571312810645","2.45383258374913","0.417693584863318","0.148019461020405","1","0.7000778465588","0.546068445670203","0.575235808984235","0.566536495181951","0.565487866352684","15_05"
"10.3869253390064","1.19671827064738","0.311892282334141","2.59760187123254","0.386925339006431","0.181126164479887","1","0.69479977351996","0.634994330632658","0.637372741252077","0.711903665804762","0.632528610946386","15_05"
"10.6017680239511","0.888251724966409","0.459582969196076","2.04089452164213","0.601768023951059","0.131298577075532","0.997","0.583673645381437","0.773315590695766","0.563529100471627","0.332392397139552","0.51279114835604","15_05"
"10.6912074836456","0.896139762224016","0.454931728152428","1.93616966628096","0.691207483645597","0.15228422360587","0.991","0.539034364296319","0.625517997000311","0.609079665619118","0.759272562975611","0.286190379949708","15_05"
"10.5726217875157","1.08392634998764","0.367689849754502","2.25502654436944","0.572621787515716","0.177983054265122","0.9988","0.585958497374305","0.927445421857602","0.645735502064908","0.511922101450374","0.595770021529003","15_05"
"10.2611046271722","1.28085442780852","0.267097070325596","2.81857222059852","0.261104627172168","0.181262731465401","1","0.797481506848312","0.699137568794916","0.747718456957718","0.368974248582155","0.717399786837995","15_05"
"10.4105835139604","1.16308530657585","0.327867111607139","2.55517240506698","0.410583513960379","0.179368478658819","1","0.703931070736828","0.536757913905541","0.739062757504447","0.694395019021555","0.58638509990186","15_05"
"10.7061098333535","0.815354917279695","0.495047721463612","1.84234469131086","0.706109833353472","0.132807841160234","0.9844","0.535226009769078","0.70945907256452","0.605765659008284","0.398688132077274","0.321928448888279","15_05"
"10.5653820634604","0.880345116054064","0.462117086792168","2.07755942811413","0.565382063460412","0.123289517256024","0.998","0.572853363351896","0.934705231105909","0.460255289217457","0.31627170718275","0.476351245073602","15_05"
"10.3329296511592","1.2411164768299","0.289423177311204","2.68763575065209","0.332929651159161","0.186017865557666","1","0.730852023200438","0.591801388102858","0.631680863335149","0.780869766955483","0.858770226654253","15_05"
"10.354736772777","1.28768033779286","0.262440726267865","2.68942074373462","0.354736772776971","0.207320843837114","1","0.698556766328665","0.825216603366836","0.734830470353673","0.603417236671452","0.161326082037735","15_05"
"10.3595268883789","1.13470365763376","0.339337466178205","2.58016449380923","0.359526888378863","0.155256097464881","1","0.74270067049654","0.561888914057465","0.63336351134531","0.468631144169688","0.549279356836528","15_05"
"10.4073625290969","1.20012746577139","0.3119032096533","2.58406712611716","0.407362529096916","0.186399980907306","1","0.69350013892048","0.628907653223348","0.720113916830411","0.68038452437867","0.158785411913937","15_05"
"10.4880961737436","1.12751909248625","0.344865331395132","2.42372901098843","0.488096173743553","0.178194745479198","0.9998","0.646393396747343","0.723988981544408","0.693650925248576","0.559219203667035","0.385071663677731","15_05"
"10.4656330856271","0.92167160716029","0.442831479374243","2.26027048240994","0.465633085627054","0.121538449405508","0.9994","0.707666303668808","0.290247552128026","0.694665306494891","0.421399279071862","0.662235219762818","15_05"
"10.1639241046912","1.40732961287246","0.197873641782438","3.02407586350018","0.163924104691167","0.212026039535172","1","0.86262835621052","0.698750774016417","0.815422320978793","0.450289947045858","0.781093181483244","15_05"
"10.3885046144201","1.1739356055518","0.323518578316866","2.58182716179181","0.388504614420059","0.170700569985595","1","0.695278993778098","0.722734718820075","0.607597324760013","0.534213154672675","0.505051642619159","15_05"
"10.660463195806","0.920660284622593","0.440372774165019","2.02647897354216","0.660463195805954","0.14626422458034","0.9956","0.568825279112009","0.783683269932049","0.647889200438211","0.381234720170038","0.538423521393469","15_05"
"10.6957489335441","0.894815491078284","0.456566156159934","1.96588006031892","0.695748933544087","0.148828467839067","0.9922","0.579215014313377","0.59382624402954","0.730859530562573","0.407970393003643","0.337231986144584","15_05"
"10.5831227148932","0.950155095969208","0.427351675206299","2.1416168197902","0.583122714893155","0.147285913703022","0.9976","0.6","0.6","0.6","0.6","0.6","15_05"
"10.6789858168097","0.97053249637564","0.415474320075513","2.05875506137817","0.678985816809663","0.160907010050672","0.9944","0.572853363351896","0.934705231105909","0.723710946040228","0.31627170718275","0.476351245073602","15_05"
"10.695365989283","0.754191000861915","0.518084599155501","1.76951185014034","0.69536598928298","0.122006633405073","0.9828","0.527800962137214","0.631112983330366","0.54754027255136","0.450045395733976","0.257622156309804","15_05"
"10.3208368041918","1.29349948626873","0.259487082715403","2.73268631240588","0.320836804191785","0.202842676844586","1","0.715436650864752","0.788713768470437","0.672532502066627","0.627086680908459","0.493488431574354","15_05"
"10.6533917477435","0.897547812493623","0.456200616091054","2.01411273505533","0.653391747743452","0.142045315208374","0.9956","0.586894865977591","0.607259809248306","0.67797544397532","0.404349605732376","0.480581223544598","15_05"
"10.4656330856271","0.92167160716029","0.442831479374243","2.26027048240994","0.465633085627054","0.121538449405508","0.9994","0.707666303668808","0.290247552128026","0.694665306494891","0.421399279071862","0.662235219762818","15_05"
"10.406259041987","1.05924488338022","0.375580903941141","2.45541105477299","0.406259041987041","0.142800992090651","1","0.713198140172883","0.5733760988352","0.588092325580101","0.425363802234647","0.542950898205253","15_05"
"10.4239676918702","1.03113269132314","0.389265622008667","2.42019217898071","0.423967691870246","0.143155709844574","1","0.71732813299824","0.416871453292827","0.63651999655791","0.625637098371891","0.522834087516016","15_05"
"10.7126731753608","0.714823658295654","0.532753752140409","1.72357426313363","0.712673175360762","0.116890216654737","0.9748","0.539034364296319","0.625517997000311","0.609079665619118","0.239086773013696","0.286190379949708","15_05"
"10.4883463334244","1.04212945578255","0.381551781723886","2.36224658219144","0.488346333424428","0.152908907128473","1","0.651117453950365","0.687412195687714","0.61920475069636","0.442519839534477","0.51501308405995","15_05"
"10.6737285478863","0.960280026375722","0.420252693941554","2.06130416591752","0.673728547886292","0.16000685681901","0.9948","0.582213607592233","0.672000689060125","0.730005724990579","0.481813964762669","0.362722823059077","15_05"
"10.6981501285769","0.857431334554237","0.475169059366773","1.90987191297083","0.698150128576858","0.141548296141242","0.9896","0.555033377354223","0.596623815142014","0.650818219396138","0.524631146774793","0.294590856904299","15_05"
"10.695365989283","0.754191000861915","0.518084599155501","1.76951185014034","0.69536598928298","0.122006633405073","0.9828","0.527800962137214","0.631112983330366","0.54754027255136","0.450045395733976","0.257622156309804","15_05"
"10.4385656007384","1.03986366516132","0.388931592402564","2.40274363054042","0.438565600738424","0.143771191040862","1","0.705241820921553","0.482909732389895","0.647677320530924","0.483232005469774","0.570286042468898","15_05"
"10.5101841821791","1.00957883199455","0.39887951649726","2.29716501685055","0.510184182179063","0.150641653826864","1","0.636768297729329","0.595740106278174","0.59460142527444","0.593638861887306","0.484695016249293","15_05"
"10.3662636403107","1.24219089117276","0.286913513667153","2.65932586598398","0.366263640310656","0.19358439110113","1","0.696783379595525","0.73161341062081","0.663715747909465","0.651748155058106","0.608335219432603","15_05"
"10.4083016378499","1.13072797069417","0.342410146362706","2.51878804686127","0.408301637849886","0.162586494324983","1","0.69354740332145","0.695767366236863","0.623867215578961","0.462277998707875","0.496876364802813","15_05"
"10.4641472640848","1.0144145845032","0.400137110241685","2.35853515766247","0.464147264084761","0.140489360685784","1","0.694957289628472","0.48306336388854","0.686603189471586","0.407338073778796","0.515568775692842","15_05"
"10.7061098333535","0.815354917279695","0.495047721463612","1.84234469131086","0.706109833353472","0.132807841160234","0.9844","0.535226009769078","0.70945907256452","0.605765659008284","0.398688132077274","0.321928448888279","15_05"
"10.6230834233246","0.844520389302669","0.48287875991298","1.98187770390535","0.62308342332456","0.129114737033226","0.9948","0.601436688816953","0.438918330169633","0.623080904869833","0.581805390914688","0.329749452344344","15_05"
"10.6957489335441","0.894815491078284","0.456566156159934","1.96588006031892","0.695748933544087","0.148828467839067","0.9922","0.579215014313377","0.59382624402954","0.730859530562573","0.407970393003643","0.337231986144584","15_05"
"10.695365989283","0.754191000861915","0.518084599155501","1.76951185014034","0.69536598928298","0.122006633405073","0.9828","0.527800962137214","0.631112983330366","0.54754027255136","0.450045395733976","0.257622156309804","15_05"
"10.3769995722663","1.24386260866006","0.286506222940873","2.64296201940982","0.376999572266272","0.195605427066928","1","0.703167524214358","0.687788473953084","0.736690894398645","0.634318494960295","0.42815020627596","15_05"
"10.6259202196584","1.02067247569393","0.397227736406163","2.14692078498865","0.625920219658407","0.167316584472252","0.997","0.570091097142715","0.893159899659568","0.646375592177383","0.481066191507126","0.547430148130947","15_05"
"10.4070990539521","1.14956794825452","0.332726684017518","2.54075848050289","0.407099053952074","0.168855027099697","1","0.697448322505544","0.676177424393502","0.665507496512208","0.481951728411394","0.60899371830031","15_05"
"10.7061098333535","0.815354917279695","0.495047721463612","1.84234469131086","0.706109833353472","0.132807841160234","0.9844","0.535226009769078","0.70945907256452","0.605765659008284","0.398688132077274","0.321928448888279","15_05"
"10.6163455274171","0.978265707947764","0.411350185064659","2.13380439163117","0.616345527417074","0.154525452113375","0.9972","0.5846926793436","0.817968792130084","0.647249110325737","0.412090630113286","0.586763394791525","15_05"
"10.639721944213","0.896301221841832","0.45783036973153","2.02547206029133","0.639721944213027","0.139753553905326","0.9964","0.59617647853757","0.541515549592126","0.674893312047591","0.451369652110843","0.649011522991511","15_05"
"10.6499894043978","0.82190535597378","0.487772899117913","1.9347632727763","0.649989404397844","0.128470145042121","0.9924","0.599603880017928","0.414443997487792","0.686037560998624","0.418410811025442","0.627247667614575","15_05"
"10.5689998269013","0.972314680886097","0.418021930536393","2.17591674337077","0.568999826901298","0.152562270813206","0.9982","0.60234391312579","0.575846336392339","0.589714049328913","0.732170196270257","0.366983230053098","15_05"
"10.6436941376513","0.979406899148196","0.412095120108767","2.10751243541404","0.643694137651349","0.165215611877385","0.9968","0.597656118513543","0.541366189078619","0.72998449216772","0.720836215702212","0.319360174638139","15_05"
"10.4801841983993","1.00911949944668","0.396495626879913","2.32601132891047","0.480184198399323","0.142411964315706","1","0.631115343824527","0.891175005311409","0.515845258810832","0.346268979486357","0.61630383856672","15_05"
"10.4765059508117","1.10349071989113","0.36227147918197","2.41628069619718","0.476505950811746","0.169606041489055","1","0.645309316519603","0.620909721827233","0.618157930955845","0.732831366294953","0.553215305213428","15_05"
"10.4641637038826","0.93112985064244","0.443635218813467","2.27460125186678","0.464163703882562","0.122940154739258","1","0.702502329306056","0.353406265408334","0.622223794948202","0.504703768784039","0.657437043646604","15_05"
"10.6899170654157","0.934069540414807","0.434237586865894","1.9996165081904","0.689917065415744","0.158711572113895","0.9928","0.563216001255474","0.622720425887836","0.689120976785554","0.642611809204462","0.328831509189993","15_05"
"10.5242994610441","1.05020135562829","0.37808298136883","2.32142832351388","0.524299461044104","0.161275681739349","0.9994","0.643394803468487","0.645814536513823","0.69450473082057","0.485375631908009","0.359580826763238","15_05"
"10.5241210934768","1.0972582935736","0.366533870860592","2.33713510941531","0.524121093476842","0.17693523549805","0.9994","0.620963509582504","0.619161282890774","0.645940559401004","0.830385908484459","0.731016230766249","15_05"
"10.3839004082221","1.23509260598719","0.289213842464518","2.6327569732416","0.383900408222103","0.195464702833438","1","0.699320312851134","0.674186043319293","0.737202333459475","0.663493760732712","0.319560975663635","15_05"
"10.5014256729976","1.07816740785599","0.36565320692776","2.37303524621768","0.501425672997593","0.166084231698063","1","0.658387797987077","0.600316480398354","0.713102679699659","0.536455835980622","0.58471965752347","15_05"
"10.6431872689003","0.93963113084332","0.430651711698271","2.06951978695231","0.643187268900311","0.150127614825394","0.996","0.578030181991121","0.696950891227188","0.64877248544854","0.483313743720637","0.380296289590336","15_05"
"10.4297633429688","1.11216257734591","0.352676520820498","2.49253992362907","0.429763342968804","0.162914244160488","1","0.675828822247795","0.671601050273323","0.602774657557577","0.539134754318078","0.508969077026133","15_05"
"10.6060587814295","0.92718383832523","0.43990028719466","2.09111400033448","0.606058781429514","0.143719306042309","0.997","0.594495402739429","0.585859474560888","0.616231904639284","0.566942114017339","0.339401646685899","15_05"
"10.7126731753608","0.714823658295654","0.532753752140409","1.72357426313363","0.712673175360762","0.116890216654737","0.9748","0.539034364296319","0.625517997000311","0.609079665619118","0.239086773013696","0.286190379949708","15_05"
"10.6577920398963","0.942099838223666","0.429361573237185","2.06040899352773","0.657792039896295","0.15519865438723","0.9962","0.587063524699738","0.583813105860991","0.704341675252202","0.573198475256561","0.364813569511783","15_05"
"10.6530847338293","0.910166512114276","0.451730739229525","2.02676878586227","0.653084733829273","0.144808523312047","0.9958","0.59617647853757","0.541515549592126","0.707990671508014","0.451369652110843","0.649011522991511","15_05"
"10.5379926878677","1.01944356178398","0.391692686418911","2.28177486219354","0.53799268786766","0.155891679735054","0.9994","0.635575625203705","0.630143534287606","0.670682195522873","0.497269176272395","0.311495797162184","15_05"
"10.6962759612476","0.784369678240192","0.507334396505647","1.80502106387513","0.696275961247566","0.126701227871455","0.9836","0.529980186996782","0.696163210126379","0.566636245007881","0.405175588416298","0.259399148902368","15_05"
"10.4946413937523","1.02329931346836","0.396037725547179","2.33139275708388","0.494641393752271","0.147136980304314","1","0.669456501634138","0.537838105172829","0.679401188831268","0.449146893472675","0.624403945140362","15_05"
"10.4988519656711","1.13517293913806","0.34007730827995","2.41137204137048","0.498851965671079","0.181016405402309","0.9996","0.635455718620081","0.842023544946202","0.692107837549412","0.483128079694498","0.526714685303849","15_05"
"10.6965712839177","0.793946597481687","0.504639626171751","1.81910373169891","0.696571283917703","0.129489278981979","0.9842","0.540843658963268","0.600834786842641","0.597818956391696","0.466629998189248","0.276444581854215","15_05"
"10.7061098333535","0.815354917279695","0.495047721463612","1.84234469131086","0.706109833353472","0.132807841160234","0.9844","0.535226009769078","0.70945907256452","0.605765659008284","0.398688132077274","0.321928448888279","15_05"
"10.5075725627675","0.997573706186769","0.407740156555547","2.2850183907915","0.50757256276749","0.146826819424157","1","0.660442007779329","0.491306590855301","0.669744918790651","0.54395971897056","0.504652295746324","15_05"
"10.696739977839","0.825245944218291","0.490340223181152","1.86934749964041","0.696739977838984","0.134221995658423","0.9878","0.541990680528168","0.626902011629739","0.600539535555802","0.508046544319521","0.275768431359888","15_05"
"10.5331919194862","1.08628466738432","0.36882639660373","2.31519467649586","0.533191919486169","0.174069014355821","0.9994","0.609976844756421","0.703526087855031","0.630129747306608","0.722839578930951","0.10102623119019","15_05"
"10.7230306557567","0.884950657159315","0.457752912064732","1.90821238328468","0.723030655756717","0.151421643247013","0.9886","0.54968778811942","0.623951190370314","0.684272653956619","0.575833097156566","0.298436486543867","15_05"
"10.7475634520692","1.06450114142497","0.370689892793356","2.04293869152589","0.747563452069215","0.201417807691545","0.9892","0.597656118513543","0.541366189078619","0.985662204911932","0.720836215702212","0.319360174638139","15_05"
"10.6920408518636","0.889441284031929","0.458445846575043","1.94927367859974","0.692040851863557","0.146681027103336","0.9908","0.562852555619005","0.612294817368231","0.674640754693835","0.512737602410408","0.342675886505353","15_05"
"10.6991017247136","0.844943633214271","0.481631236461081","1.89299984722137","0.6991017247136","0.137979779750566","0.9892","0.546212674595161","0.625094267600263","0.62157647110268","0.506234461630782","0.709482375932547","15_05"
"10.7126731753608","0.714823658295654","0.532753752140409","1.72357426313363","0.712673175360762","0.116890216654737","0.9748","0.539034364296319","0.625517997000311","0.609079665619118","0.239086773013696","0.286190379949708","15_05"
"10.6436941376513","0.979406899148196","0.412095120108767","2.10751243541404","0.643694137651349","0.165215611877385","0.9968","0.597656118513543","0.541366189078619","0.72998449216772","0.720836215702212","0.319360174638139","15_05"
"10.7038187435429","0.790694202871981","0.506790553730204","1.80531239652807","0.703818743542887","0.129065181249863","0.9828","0.533046784909509","0.644408845768507","0.586669686551763","0.443557939394951","0.320151456295715","15_05"
"10.7051196127268","0.750874041744462","0.51830343998642","1.77279051841152","0.705119612726829","0.122825915337442","0.9802","0.541119189932942","0.624287232517833","0.613927988448054","0.305865485061591","0.316585402595833","15_05"
"10.695365989283","0.754191000861915","0.518084599155501","1.76951185014034","0.69536598928298","0.122006633405073","0.9828","0.527800962137214","0.631112983330366","0.54754027255136","0.450045395733976","0.257622156309804","15_05"
"10.6957489335441","0.894815491078284","0.456566156159934","1.96588006031892","0.695748933544087","0.148828467839067","0.9922","0.579215014313377","0.59382624402954","0.730859530562573","0.407970393003643","0.337231986144584","15_05"
"10.4967647026397","0.988238813184306","0.411778194188618","2.29265657847743","0.496764702639653","0.139762070897158","1","0.671086409775817","0.491084691192397","0.662641953593913","0.456798192069736","0.60896416039275","15_05"
"10.6095454651368","0.903483134134459","0.45556644240002","2.05593711904559","0.609545465136764","0.139514093886915","0.9966","0.6052763227822","0.484820100440869","0.641599852943104","0.603355859017941","0.481616257090272","15_05"
"10.5648691133806","0.953109640990311","0.429629057167461","2.17188903567362","0.56486911338061","0.141873805982029","0.9984","0.630331889683305","0.533340590789624","0.659928678984602","0.477803465510881","0.610333405067658","15_05"
"10.6016939139456","0.893668958819586","0.455513813529704","2.06635404088768","0.601693913945603","0.135754604086459","0.997","0.621677266531903","0.486740808307838","0.682095312687909","0.409560832416963","0.54017635354399","15_05"
"10.6771309115579","0.793785496716654","0.498975652077687","1.86392499045948","0.677130911557853","0.12673959661434","0.9866","0.560075161522579","0.589891360326336","0.616143877238376","0.365674129049069","0.31755940201044","15_05"
"0.0161238038507831","0.0365511941776021","0.768923132062379","0.0017064332506992","0.0161238038507831","0.305209306887189","0","0.0155072559136897","0.587341962714163","0.797741797805252","0.705165802134442","0.30712316138252","15_05"
"10.7230306557567","0.884950657159315","0.457752912064732","1.90821238328468","0.723030655756717","0.151421643247013","0.9886","0.54968778811942","0.623951190370314","0.684272653956619","0.575833097156566","0.298436486543867","15_05"
"10.7126731753608","0.714823658295654","0.532753752140409","1.72357426313363","0.712673175360762","0.116890216654737","0.9748","0.539034364296319","0.625517997000311","0.609079665619118","0.239086773013696","0.286190379949708","15_05"
"10.7230306557567","0.884950657159315","0.457752912064732","1.90821238328468","0.723030655756717","0.151421643247013","0.9886","0.54968778811942","0.623951190370314","0.684272653956619","0.575833097156566","0.298436486543867","15_05"
"10.7859316403308","0.982716547604734","0.414071836441441","1.90772908869026","0.785931640330799","0.180988284512602","0.9862","0.586531772690951","0.552030249134499","0.965059063973022","0.419110544597734","0.318459592424016","15_05"
"10.6753441049733","0.891087348176043","0.455029366076446","1.97664968406499","0.675344104973306","0.148701505947496","0.9936","0.570433645690912","0.545622932044807","0.662294814580122","0.654866816276003","0.264311415718651","15_05"
"10.6599284440022","0.920928585030534","0.443542609024211","2.03161160302436","0.659928444002163","0.149276231965229","0.9954","0.589916664847373","0.552156231538104","0.706365027159325","0.517307191476748","0.487535593920483","15_05"
"10.7357350405669","0.852548748474771","0.477395625549172","1.84734480809133","0.735735040566923","0.145729716826566","0.9858","0.537206694245093","0.677742152526857","0.665615567602882","0.469753886959096","0.336403872463184","15_05"
"10.6577920398963","0.942099838223666","0.429361573237185","2.06040899352773","0.657792039896295","0.15519865438723","0.9962","0.587063524699738","0.583813105860991","0.704341675252202","0.573198475256561","0.364813569511783","15_05"
"10.6929761125997","0.89452269830459","0.455578180616429","1.9624711521994","0.692976112599665","0.148121796023969","0.992","0.570075697487607","0.61082478137907","0.69564045368688","0.472094761470585","0.340551161514042","15_05"
"10.6800137337078","0.888702728252326","0.457491877183698","1.96637375991379","0.68001373370776","0.14351096743416","0.9924","0.557202659819413","0.691906467160191","0.63432592259548","0.471144987842508","0.314447907821856","15_05"
"10.6136135772735","0.890031317559794","0.459149208533483","2.04451655777754","0.613613577273499","0.136693772726821","0.9966","0.593341975005865","0.549859090439372","0.603927523751302","0.549415942196221","0.287659994172705","15_05"
"10.6392054225928","0.890737144253833","0.4575957563933","2.01901483602927","0.639205422592756","0.139490402823509","0.9954","0.575539431149793","0.620255346752385","0.614016015848962","0.507133470029862","0.338427647271292","15_05"
"10.6972381025488","0.75324345589838","0.516056925871081","1.78962669351182","0.697238102548796","0.122424046501509","0.9816","0.540973328293466","0.638940644356421","0.601158475232629","0.313308252966648","0.316924484317074","15_05"
"10.5486636563939","1.0038594683525","0.399627959445537","2.25450659543471","0.548663656393887","0.154029324427134","0.9994","0.631558354650386","0.611810043552446","0.669592208671268","0.495595389281869","0.463673862050492","15_05"
"10.65030969704","0.935187575186736","0.435994766273619","2.06188342822056","0.650309697040013","0.151602096081129","0.9958","0.593323338389935","0.573172423915013","0.705967319600891","0.507260935890655","0.526289498582811","15_05"
"10.5881993731987","0.787624392136662","0.501032737758604","1.96656078780498","0.588199373198652","0.11266692717962","0.989","0.634349160236624","0.256077501457185","0.661018665836206","0.479477252501407","0.45815534017935","15_05"
"10.6791402691492","0.855315338484307","0.476240329063499","1.93333389678898","0.679140269149154","0.137793282965983","0.9918","0.560783148022785","0.587028670029255","0.630046459281485","0.518351968593068","0.388227173293053","15_05"
"10.6704643757383","0.854254778088048","0.477092459392746","1.94400555237333","0.670464375738347","0.134843642546488","0.9926","0.560871871142989","0.644011737405894","0.614790846099237","0.441671847528585","0.328200462930448","15_05"
"10.8008331364309","0.948253347805092","0.427825919470546","1.86254106632567","0.800833136430894","0.177255514992337","0.9834","0.55936094568474","0.57797541673477","0.872193061063299","0.591503510724336","0.310673499799486","15_05"
"10.6577920398963","0.942099838223666","0.429361573237185","2.06040899352773","0.657792039896295","0.15519865438723","0.9962","0.587063524699738","0.583813105860991","0.704341675252202","0.573198475256561","0.364813569511783","15_05"
"10.813459016137","0.85581005882608","0.474470132032283","1.76801411265173","0.813459016136985","0.149360012770139","0.9764","0.58308564508592","0.114746522158384","0.977192216733127","0.708718708739926","0.640615377277633","15_05"
"10.9628169332933","0.898786506255057","0.448085981596183","1.58476968474945","0.962816933293336","0.190471806296586","0.9552","0.527800962137214","0.631112983330366","0.982425559079275","0.450045395733976","0.257622156309804","15_05"
"10.6907986164776","0.87327395997592","0.462082193013592","1.93428343393596","0.690798616477596","0.146242590754358","0.991","0.552243535755535","0.613623172461953","0.634531129386964","0.60759115616607","0.317485984809956","15_05"
"10.6943933846826","0.890109141971196","0.459331186876665","1.94795841750734","0.694393384682623","0.147796328436521","0.9916","0.571991872444775","0.595296280018701","0.709859831569528","0.448613233943466","0.339356711135895","15_05"
"10.7475634520692","1.06450114142497","0.370689892793356","2.04293869152589","0.747563452069215","0.201417807691545","0.9892","0.597656118513543","0.541366189078619","0.985662204911932","0.720836215702212","0.319360174638139","15_05"
"10.695365989283","0.754191000861915","0.518084599155501","1.76951185014034","0.69536598928298","0.122006633405073","0.9828","0.527800962137214","0.631112983330366","0.54754027255136","0.450045395733976","0.257622156309804","15_05"
"10.6948664891954","0.843623469805913","0.481796207235932","1.89732503449262","0.694866489195383","0.139010678215097","0.9894","0.553925028304503","0.561863021631236","0.638211864747605","0.561986461141241","0.469724694277455","15_05"
"10.7108492304779","0.784488507915708","0.507257573628439","1.79481536505335","0.710849230477905","0.129372262291208","0.9814","0.533192646548985","0.629755433929919","0.599439199767187","0.436115171489895","0.319812374574474","15_05"
"10.692701266044","0.787802592347767","0.506764315690567","1.81146844731575","0.692701266043984","0.127087864558071","0.9848","0.539389682522999","0.59756204197675","0.579690032906061","0.481228302787991","0.271641854659353","15_05"
"10.7145404289798","0.884728990026545","0.460230715045982","1.91583919156524","0.714540428979762","0.147749259909838","0.9892","0.552383851422402","0.658406658563806","0.677080345126769","0.486362287416519","0.30770195418374","15_05"
"10.6761879885102","0.78684628791707","0.500288881336291","1.86998099444886","0.676187988510192","0.122748789409023","0.9868","0.587976471187884","0.553485413630232","0.704737033317015","0.163083263440058","0.424636414638314","15_05"
"10.6907986164776","0.87327395997592","0.462082193013592","1.93428343393596","0.690798616477596","0.146242590754358","0.991","0.552243535755535","0.613623172461953","0.634531129386964","0.60759115616607","0.317485984809956","15_05"
"10.8008331364309","0.948253347805092","0.427825919470546","1.86254106632567","0.800833136430894","0.177255514992337","0.9834","0.55936094568474","0.57797541673477","0.872193061063299","0.591503510724336","0.310673499799486","15_05"
"10.7475634520692","1.06450114142497","0.370689892793356","2.04293869152589","0.747563452069215","0.201417807691545","0.9892","0.597656118513543","0.541366189078619","0.985662204911932","0.720836215702212","0.319360174638139","15_05"
"10.8152894013249","1.01054813045288","0.39620792098371","1.90879555958536","0.815289401324904","0.195427529636616","0.983","0.576330415662965","0.552069086539741","0.97464940793464","0.657867110790125","0.315021389311768","15_05"
"10.6083065483252","0.963905808644425","0.419404634621693","2.13944672051265","0.608306548325244","0.1514333174559","0.9972","0.606348899066808","0.610987793579813","0.682901044146209","0.494734881990734","0.411913439694696","15_05"
"10.9628169332933","0.898786506255057","0.448085981596183","1.58476968474945","0.962816933293336","0.190471806296586","0.9552","0.527800962137214","0.631112983330366","0.982425559079275","0.450045395733976","0.257622156309804","15_05"
"10.6787539172429","0.850786565406826","0.478253932041308","1.93309970853663","0.678753917242928","0.135644825971801","0.9916","0.558159160319971","0.635651127759521","0.620919586988024","0.454497620570868","0.339311957445337","15_05"
"10.7513672092396","1.00009869874324","0.402147041360089","1.98671620125179","0.751367209239578","0.18468294845301","0.9886","0.580686648535319","0.567272519273648","0.883205858040591","0.654472615636424","0.315012285125857","15_05"
"10.813459016137","0.85581005882608","0.474470132032283","1.76801411265173","0.813459016136985","0.149360012770139","0.9764","0.58308564508592","0.114746522158384","0.977192216733127","0.708718708739926","0.640615377277633","15_05"
"10.7478226151599","0.845927001114865","0.480922575584379","1.8211607126959","0.747822615159872","0.14705580776973","0.9848","0.538259971710431","0.630304527727637","0.689840010168962","0.485230168683589","0.345085851396074","15_05"
"10.6350773676569","0.93978253680796","0.433430537254675","2.08097628822588","0.635077367656935","0.149041777220604","0.9964","0.595285153071186","0.611647031351703","0.682331618211939","0.47295526876172","0.392311583869838","15_05"
"10.6851988890012","0.827767523259633","0.489009820402687","1.89182054452381","0.685198889001216","0.132824780581503","0.9894","0.549194427636999","0.62057961138287","0.597896698926784","0.487169061539053","0.374207474943504","15_05"
"10.6791402691492","0.855315338484307","0.476240329063499","1.93333389678898","0.679140269149154","0.137793282965983","0.9918","0.560783148022785","0.587028670029255","0.630046459281485","0.518351968593068","0.388227173293053","15_05"
"10.6874871739377","0.813812240175582","0.496151477412042","1.866428947873","0.687487173937726","0.131267689957137","0.987","0.552578147892122","0.565862382583272","0.60805869532596","0.512515581912313","0.286725786554761","15_05"
"10.6848934555235","0.893156997272289","0.453257627938597","1.95859613844102","0.684893455523525","0.148017764712801","0.9922","0.554506596516432","0.657450998966699","0.64151823142533","0.560615797582555","0.305182440181982","15_05"
"10.6550645628887","0.944920824920068","0.428553073748645","2.0675671553755","0.655064562888693","0.155168054533738","0.9964","0.589003718359228","0.582483923768863","0.705969669094512","0.564123626337331","0.427712748793952","15_05"
"10.6280165339653","0.812081096148337","0.491977968240082","1.95473621079935","0.628016533965313","0.123083303134832","0.993","0.616683033895102","0.31892224107023","0.694918545378651","0.479798099327435","0.37125210807594","15_05"
"10.6724276679568","0.891485039649134","0.455309180421744","1.98207478390433","0.672427667956822","0.144496810805668","0.9938","0.560783148022785","0.65870851976797","0.630046459281485","0.518351968593068","0.388227173293053","15_05"
"10.6907986164776","0.87327395997592","0.462082193013592","1.93428343393596","0.690798616477596","0.146242590754358","0.991","0.552243535755535","0.613623172461953","0.634531129386964","0.60759115616607","0.317485984809956","15_05"
"10.6468081549591","0.792490208170925","0.498819426665618","1.90655692852929","0.646808154959087","0.121583915043527","0.9892","0.579798191410062","0.60951470485641","0.60494849404446","0.275987133297604","0.287124587567652","15_05"
"10.7833537948706","0.992032240459363","0.408974837821991","1.91787918046088","0.783353794870576","0.183517571748884","0.9864","0.586531772690951","0.577510603936389","0.965059063973022","0.419110544597734","0.318459592424016","15_05"
"10.6881261888049","0.985694354195424","0.418134882238956","2.03099011145462","0.688126188804865","0.173230393280155","0.9932","0.55811169270006","0.609141615028236","0.685931766279088","0.896372553892434","0.307050548521506","15_05"
"10.6993313306647","0.76569762237893","0.512327490987279","1.79953901845475","0.699331330664714","0.125687278274832","0.9828","0.54359731599628","0.590318186626155","0.61028534752609","0.377162600988848","0.36583970016479","15_05"
"10.9628169332933","0.898786506255057","0.448085981596183","1.58476968474945","0.962816933293336","0.190471806296586","0.9552","0.527800962137214","0.631112983330366","0.982425559079275","0.450045395733976","0.257622156309804","15_05"
"10.4982154896434","0.669000809959768","0.563257437078147","1.84337446565674","0.498215489643429","0.0797334342676043","0.9576","0.604729651041259","0.520968366247945","0.129306000424549","0.572877628430532","0.451716801615193","15_05"
"0.759482380587202","0.432331434753894","0.655909303191732","0.716554237655946","0.759482380587202","0.128019960131939","0.5972","0.357248281361535","0.611672661990776","0.633007730909558","0.418806973711139","0.318496542564096","15_05"
"10.6440552697594","0.951917250186285","0.423308506896053","2.08654911616586","0.644055269759354","0.155846469666854","0.9964","0.5860102472344","0.631250730660211","0.680117232686121","0.557722193532068","0.356131590578894","15_05"
"10.8007986223846","0.957694256697707","0.425218388153","1.84964006729832","0.800798622384598","0.178418482503996","0.9834","0.568474790358171","0.597106966021175","0.913473632830664","0.446330991310684","0.312726554209723","15_05"
"10.6851988890012","0.827767523259633","0.489009820402687","1.89182054452381","0.685198889001216","0.132824780581503","0.9894","0.549194427636999","0.62057961138287","0.597896698926784","0.487169061539053","0.374207474943504","15_05"
"10.6849271150436","0.891824396767382","0.452180596390458","1.95863897814735","0.684927115043561","0.148709403332741","0.9922","0.55235206551574","0.656373020324521","0.63579055277755","0.581367515375903","0.316101913920019","15_05"
"10.6761879885102","0.78684628791707","0.500288881336291","1.86998099444886","0.676187988510192","0.122748789409023","0.9868","0.587976471187884","0.553485413630232","0.704737033317015","0.163083263440058","0.424636414638314","15_05"
"10.5375828814144","0.679377161320659","0.558001752652469","1.82233104548869","0.537582881414411","0.0843145912143546","0.9634","0.565893030296317","0.579803445489844","0.222601453506237","0.497968910499835","0.419604501929486","15_05"
"10.6736071576114","1.02032028349606","0.400748688357127","2.07299858622697","0.673607157611366","0.179914115829199","0.9938","0.57616867503284","0.589545252943451","0.737517197421447","0.869152107179484","0.3127835867358","15_05"
"10.5980473896521","0.912676323165869","0.445531498287078","2.08607013918027","0.598047389652139","0.139627888019216","0.9972","0.591220472167344","0.599571579321907","0.58378489204508","0.561271005347216","0.339814253869447","15_05"
"10.9628169332933","0.898786506255057","0.448085981596183","1.58476968474945","0.962816933293336","0.190471806296586","0.9552","0.527800962137214","0.631112983330366","0.982425559079275","0.450045395733976","0.257622156309804","15_05"
"10.9628169332933","0.898786506255057","0.448085981596183","1.58476968474945","0.962816933293336","0.190471806296586","0.9552","0.527800962137214","0.631112983330366","0.982425559079275","0.450045395733976","0.257622156309804","15_05"
"10.8152894013249","1.01054813045288","0.39620792098371","1.90879555958536","0.815289401324904","0.195427529636616","0.983","0.576330415662965","0.552069086539741","0.97464940793464","0.657867110790125","0.315021389311768","15_05"
"10.7189238183143","0.868842769057892","0.468726184389416","1.89895016301127","0.718923818314308","0.146003335484161","0.9886","0.552275321662197","0.615656810701237","0.675820921736182","0.512585928206685","0.309086025073677","15_05"
"10.672270973157","0.858641397098115","0.474545383336818","1.95053660045371","0.672270973157038","0.137149339313087","0.9926","0.559985754741067","0.6112652778956","0.614107472298832","0.509623467601857","0.384008987478023","15_05"
"10.8063503127077","0.857300446554488","0.472699308195751","1.78366770663405","0.806350312707652","0.151376320999106","0.9792","0.583865015292427","0.186869075107139","0.967017745373301","0.495471769897839","0.631014118415683","15_05"
"10.737171667088","0.938110319568595","0.430489413931942","1.95256807111878","0.737171667088004","0.167614010753876","0.9892","0.566645891966518","0.581886162981989","0.776127303410996","0.633515363207976","0.316821863863527","15_05"
"10.6761879885102","0.78684628791707","0.500288881336291","1.86998099444886","0.676187988510192","0.122748789409023","0.9868","0.587976471187884","0.553485413630232","0.704737033317015","0.163083263440058","0.424636414638314","15_05"
"10.7312362410918","0.866734311205752","0.468852560789802","1.89212877169408","0.731236241091819","0.150139846618113","0.9876","0.579733528192435","0.417859102714634","0.800040635932338","0.568572859652914","0.353061468005176","15_05"
"10.6627329204573","0.791396727622336","0.499745970268509","1.8818868749921","0.662732920457342","0.124781799415792","0.9876","0.566404033490099","0.573289411667184","0.607211189810485","0.365148540212079","0.286861729875247","15_05"
"10.7267177871716","0.815071717874872","0.49025337639337","1.82389483600523","0.726717787171585","0.137624443938959","0.9832","0.544394709277997","0.637761428498525","0.664201692910865","0.38589110198006","0.370057885979821","15_05"
"10.7136333509934","0.936222138236408","0.432093523404899","1.97283030217629","0.71363335099343","0.163562444997063","0.9908","0.566284292324336","0.599009528753611","0.741609684016559","0.628548408594517","0.315676406072287","15_05"
"5.51248914991438","0.575551308799263","0.602279642847096","1.59670855046598","0.512489149914384","0.068572564107843","0.8942","0.565972305812085","0.602087675772498","0.0715024236124009","0.423354174997838","0.286988644247166","15_05"
"10.8152894013249","1.01054813045288","0.39620792098371","1.90879555958536","0.815289401324904","0.195427529636616","0.983","0.576330415662965","0.552069086539741","0.97464940793464","0.657867110790125","0.315021389311768","15_05"
"10.7166831406852","0.959486967152678","0.424368788378206","2.00047379581177","0.716683140685162","0.164441402400769","0.9916","0.587415549069688","0.579373579097474","0.819300122296619","0.46381414039048","0.403474027340359","15_05"
"10.6926144342354","0.823211920747739","0.491255946560094","1.87203014585561","0.692614434235412","0.133904491847443","0.9876","0.551176575478294","0.602193603468499","0.622388603378671","0.465513932991197","0.341365908033589","15_05"
"10.6811832667282","0.909014522129025","0.450833515609179","1.99549909794041","0.681183266728191","0.150658885274903","0.994","0.596310451387408","0.479038555090366","0.767070970509612","0.502728750398857","0.328864139870251","15_05"
"10.6702752205561","0.786036366454811","0.502428044335347","1.87387673022644","0.670275220556115","0.124307617013486","0.987","0.591481420463267","0.366216505276966","0.700046809223317","0.398739687944836","0.377610165924689","15_05"
"10.7919823706834","1.00069284882565","0.40240344902972","1.92114375284962","0.791982370683373","0.19014833112496","0.9858","0.585752402484443","0.505388050987634","0.975233535332849","0.63235748343982","0.328060851285966","15_05"
"10.7833537948706","0.992032240459363","0.408974837821991","1.91787918046088","0.783353794870576","0.183517571748884","0.9864","0.586531772690951","0.577510603936389","0.965059063973022","0.419110544597734","0.318459592424016","15_05"
"10.7002781539775","0.84454927394276","0.481260654077381","1.89453626918409","0.700278153977501","0.137906448742617","0.9888","0.546927337034417","0.645575582124355","0.629414975572749","0.472264465580206","0.329656232313184","15_05"
"10.7248376686586","0.979565842327344","0.41148854049347","2.01640337394424","0.72483766865861","0.173908025855883","0.9902","0.588119941980491","0.580620948607778","0.851728610770915","0.519420030544585","0.342698313877609","15_05"
"10.6287510879777","0.84297204054289","0.47784473477734","1.99091393776966","0.628751087977713","0.127314602571489","0.994","0.613178084619719","0.506191149423496","0.699608769472349","0.244141674822656","0.418278356789566","15_05"
"10.7888794681934","1.01808034348399","0.390277617288843","1.94268640512219","0.78887946819336","0.194728153710191","0.9858","0.58398359876032","0.553076347512118","0.972231223409941","0.640299442098449","0.316175135048297","15_05"
"10.6939210929201","0.863040347646999","0.472658625086746","1.92905158001016","0.693921092920147","0.142029873661884","0.9904","0.563063952773822","0.583389680429439","0.668396181694377","0.489047649213828","0.372340701736167","15_05"
"6.01892580270824","0.823069645002667","0.486385233468849","1.37268346462473","1.01892580270824","0.187672003978828","0.9086","0.48998980014585","0.631112983330366","0.982425559079275","0.450045395733976","0.257622156309804","15_05"
"10.8016780053578","0.950036798503008","0.428710022965733","1.85208717084982","0.801678005357783","0.177774382080621","0.9836","0.564346009811271","0.573565407633742","0.891685700140782","0.524797965712788","0.329631294005928","15_05"
"10.9204004042634","0.921029377374279","0.440046915420566","1.66852441560621","0.920400404263413","0.188768087469881","0.9672","0.543017576051507","0.565928057596212","0.982401434354371","0.50158426662565","0.313101291846092","15_05"
"10.8014853166295","0.991840998795166","0.409282408527928","1.89191492036441","0.801485316629525","0.186884862785441","0.9844","0.578649507866832","0.579082295605498","0.958351347663663","0.481741644074543","0.31801648213348","15_05"
"10.8152894013249","1.01054813045288","0.39620792098371","1.90879555958536","0.815289401324904","0.195427529636616","0.983","0.576330415662965","0.552069086539741","0.97464940793464","0.657867110790125","0.315021389311768","15_05"
"0.832152568914138","0.432163572834448","0.66214117200194","0.504978545059401","0.832152568914138","0.162992491851616","0.4814","0.33364394819364","0.562790325888154","0.851871626596888","0.635979818756998","0.387912643790476","15_05"
"10.7816281856624","0.992292639641407","0.409033250189603","1.92629421953513","0.78162818566241","0.183540667389659","0.9866","0.583193763307436","0.568652339749061","0.942077903634372","0.485701432423607","0.330582772861652","15_05"
"10.8490464563522","1.00037788256977","0.401166545521553","1.84235034478944","0.849046456352241","0.198765907932118","0.9792","0.561113801748671","0.617254012273895","0.974673532659544","0.606328239898451","0.259542253775481","15_05"
"10.7010573937416","0.908474850505971","0.447833702073183","1.95953834085768","0.701057393741609","0.154259880466323","0.9918","0.56833372970759","0.577398225478247","0.712962810764816","0.579823983307239","0.328085789593222","15_05"
"10.6832584528068","0.87041936757184","0.470853085903787","1.94215589297986","0.68325845280682","0.141500477623195","0.992","0.572043739499208","0.571140480733087","0.677653009772246","0.459367620587892","0.372720306153396","15_05"
"10.9628169332933","0.898786506255057","0.448085981596183","1.58476968474945","0.962816933293336","0.190471806296586","0.9552","0.527800962137214","0.631112983330366","0.982425559079275","0.450045395733976","0.257622156309804","15_05"
"10.7188678414773","0.869127238673675","0.469415498435518","1.89743195706871","0.718867841477325","0.147738543199958","0.9882","0.56128330386203","0.571582613100615","0.711541913889497","0.491934272159627","0.329301174409794","15_05"
"10.6362029352412","0.878798559250631","0.464803047979466","2.00422918673021","0.636202935241164","0.135099959788772","0.9962","0.588747712808771","0.618843127003422","0.642264047652317","0.374969586995361","0.404171242406461","15_05"
"10.7879189348116","1.01153267185854","0.395304726738773","1.93405000536381","0.787918934811577","0.193082721394514","0.986","0.585695532761932","0.524051994971702","0.974987481283848","0.653646156610043","0.323002704388847","15_05"
"10.6757300487263","0.839016113387323","0.479436688073077","1.92653101529953","0.675730048726296","0.133095882491377","0.992","0.588021755919958","0.573101947603101","0.710271331997417","0.262571173467209","0.416109692056739","15_05"
"10.7137491115498","0.933129978749477","0.43206231931333","1.97704153858849","0.713749111549828","0.16316479156329","0.991","0.569459280403398","0.59443894309157","0.750762875773456","0.59750532758193","0.341609676781916","15_05"
"10.6903307266425","0.866830001093436","0.468430899194227","1.92871658349834","0.690330726642479","0.143076663817746","0.9906","0.552216741555217","0.62190397148612","0.631711067379646","0.557714645720318","0.323685431219414","15_05"
"10.8061913558368","0.983523770020144","0.413165951322951","1.8773561216745","0.806191355836778","0.184841271779463","0.984","0.578878589593595","0.576503342964012","0.967477248497722","0.43667821328941","0.317305846687488","15_05"
"10.7637363534944","0.988433222272449","0.410915287815191","1.95356644888774","0.763736353494414","0.178563843849287","0.988","0.583453574658195","0.60538620140255","0.910770354577478","0.439686362985762","0.330127878165872","15_05"
"10.7236520156474","0.942985128819901","0.428761733793731","1.98003520267809","0.723652015647429","0.165780355482009","0.9902","0.574528156790637","0.58031447131288","0.782835019720356","0.570884263731167","0.317264974154063","15_05"
"10.8197557985332","0.995478165255348","0.403794229159963","1.89210801294897","0.819755798533173","0.193116319860755","0.9826","0.576387285385476","0.533405142555673","0.974895461983641","0.636578437619902","0.320079536208887","15_05"
"10.7271400796717","0.977164562240038","0.412294713639594","2.01260217553135","0.727140079671729","0.174935832990842","0.9906","0.584944953901429","0.58519153426982","0.842575419014017","0.550463111557173","0.316765043167979","15_05"
"10.6604439128696","0.845328935647773","0.476301954770683","1.95511619142038","0.660443912869589","0.132934462208682","0.993","0.593409666782708","0.550707479391646","0.697776681436286","0.297359982441449","0.354644075709847","15_05"
"10.6685030355711","0.889917270064148","0.461767574651112","1.98191669911903","0.66850303557112","0.143081264551365","0.9946","0.581954484559795","0.553031524114106","0.684944032192864","0.483058943819436","0.329219197773641","15_05"
"10.7919823706834","1.00069284882565","0.40240344902972","1.92114375284962","0.791982370683373","0.19014833112496","0.9858","0.585752402484443","0.505388050987634","0.975233535332849","0.63235748343982","0.328060851285966","15_05"
"10.7277065980824","0.946737166863356","0.431289731462633","1.97874548072922","0.727706598082407","0.163804772021401","0.9898","0.588074657248417","0.561004414634909","0.846194312090513","0.419932120517433","0.351225036459184","15_05"
"10.6743140173373","0.790613995344355","0.499450425241694","1.86622877782335","0.674314017337315","0.127552126227017","0.9866","0.573624799447946","0.507927633802945","0.655241420746816","0.356341149366348","0.388314589326609","15_05"
"10.6915249869158","0.85293258105885","0.477843037645192","1.9162401161787","0.691524986915841","0.138507041961483","0.99","0.551311899438817","0.6366626523069","0.626468088776575","0.489166802646783","0.333782390734194","15_05"
"10.9628169332933","0.898786506255057","0.448085981596183","1.58476968474945","0.962816933293336","0.190471806296586","0.9552","0.527800962137214","0.631112983330366","0.982425559079275","0.450045395733976","0.257622156309804","15_05"
"10.9204004042634","0.921029377374279","0.440046915420566","1.66852441560621","0.920400404263413","0.188768087469881","0.9672","0.543017576051507","0.565928057596212","0.982401434354371","0.50158426662565","0.313101291846092","15_05"
"10.727291465613","1.0002225286125","0.401987941379165","2.0229366791315","0.727291465612988","0.180605702739204","0.9904","0.584436314369465","0.578945010466878","0.852751073106693","0.634465839640525","0.334707017040012","15_05"
"10.7177151905032","0.921004060010086","0.440950390817262","1.96388997651494","0.717715190503208","0.159171738195559","0.991","0.569265043833263","0.578978963547338","0.742814340986335","0.577757646106394","0.318786033561523","15_05"
"10.8017783079964","0.990875895807168","0.410486242259231","1.88831696461213","0.801778307996376","0.186179380595497","0.9846","0.582016882875435","0.547081055696017","0.97334642451066","0.48169519497769","0.31807549932593","15_05"
"10.7526685484462","0.907420790699559","0.447769339114643","1.89556586616225","0.752668548446236","0.160386685205501","0.9876","0.563224084390871","0.572319415976747","0.788228332865415","0.514379756232015","0.329332968700393","15_05"
"10.7934666560331","0.993704843713197","0.403394590996965","1.92205907168901","0.793466656033144","0.188306497378511","0.9852","0.577778637423197","0.565539828742837","0.942568753560624","0.587543918672321","0.326592209796364","15_05"
"10.7684301958178","0.912880032891747","0.445306617023437","1.8815366055872","0.768430195817816","0.164291025938291","0.987","0.562405229282429","0.57282860475761","0.814999281164864","0.5023524816404","0.329599499715329","15_05"
"10.7861181338105","0.92126422151546","0.44340621900826","1.85071899619768","0.786118133810509","0.167834366803383","0.9846","0.561370766638287","0.624324044942356","0.852787912358316","0.403506357182559","0.298278357501825","15_05"
"10.68710459193","0.874710706155199","0.46540090107739","1.94788071374108","0.687104591930027","0.144081860866065","0.993","0.583162990796855","0.519062697261264","0.721695477222769","0.44878222765429","0.353094855907736","15_05"
"10.7839929204684","1.02118813748702","0.388782782089469","1.95600412810949","0.783992920468427","0.195086966729139","0.986","0.585246100511871","0.551529679664424","0.972236257620761","0.646590136648239","0.318154490936167","15_05"
"10.7497002528725","0.964980733317422","0.418792242857205","1.96406409417003","0.749700252872544","0.174908781943531","0.9886","0.576234076521636","0.578886378901026","0.844611190132955","0.571394699935668","0.317135952078829","15_05"
"10.787347694511","0.986203206254825","0.407533475242649","1.93188265267245","0.787347694511033","0.186510490620348","0.9868","0.574624495931966","0.553497178951595","0.912873237522042","0.657356674585625","0.315150411387002","15_05"
"10.7345845881795","0.956543273713897","0.424366288361456","1.98092847220883","0.734584588179543","0.167472545419125","0.9894","0.580232591195914","0.595269006377763","0.824121839984089","0.485094903056693","0.261986065532622","15_05"
"10.7041144987776","0.925119813584643","0.438602934539141","1.97844373170752","0.704114498777574","0.159740487743945","0.9924","0.576250625046325","0.535910391707112","0.74538153848804","0.645926221244962","0.324496284185706","15_05"
"10.7112128219586","0.93070277826875","0.43547272057629","1.98492707606278","0.711212821958594","0.160856893830143","0.9916","0.573596842664964","0.57873373324379","0.752983489498836","0.572950600932013","0.326564730185762","15_05"
"10.69878591339","0.873004287499754","0.468208023250407","1.93014815206961","0.698785913389957","0.144804288738773","0.9902","0.563195081275808","0.58123430367396","0.678741345354761","0.511572292475434","0.323708932248842","15_05"
"10.6706556899903","0.861215255059835","0.471044526196019","1.94887470539326","0.670655689990293","0.139253535326592","0.9932","0.581434096229499","0.572691494125504","0.686970910277837","0.375236919325183","0.400432672063323","15_05"
"10.7807358588138","0.975606834398192","0.411216151903781","1.93142931161278","0.780735858813817","0.181677082721853","0.9866","0.572215423586846","0.609322007561221","0.895047625659257","0.531843785668491","0.330559271832224","15_05"
"10.7786414602009","0.954494119141283","0.423787602677802","1.91421409679925","0.778641460200945","0.176565727198378","0.9868","0.570718498795865","0.539545927596394","0.872999283950612","0.616685644551448","0.329905364130751","15_05"
"10.8650023789722","0.785484502502377","0.502723107424003","1.582580351561","0.865002378972167","0.151859710892781","0.9626","0.52202870029027","0.557496417779656","0.827414328157245","0.343899020992866","0.313987874517826","15_05"
"10.7191860676094","0.912402514955402","0.446733873607086","1.95943823365324","0.719186067609406","0.156394960099288","0.9908","0.580370690307456","0.570420617361938","0.789342960580614","0.425295896059576","0.340409478756211","15_05"
"10.8170172789099","1.0064439774353","0.397785517070553","1.90589467262048","0.817017278909884","0.194848638261198","0.983","0.576381268811502","0.546365915412369","0.974870790057571","0.656746943113535","0.319305976056779","15_05"
"10.7924153989847","1.00870459099315","0.395270272956894","1.92969777583199","0.79241539898473","0.192737318495041","0.9856","0.582557239480092","0.553474282239697","0.96911830527091","0.608629174921763","0.322233051750405","15_05"
"10.7598604647754","0.997354584547983","0.400890929302814","1.97630682270243","0.759860464775368","0.184435952355628","0.9882","0.576615845890347","0.617986049768406","0.884094275897707","0.571308356254917","0.346747212642563","15_05"
"10.6826256489059","0.845630168642267","0.473500586574189","1.92504644352182","0.682625648905906","0.13903020213129","0.9916","0.578631399189666","0.571550934210684","0.700953431491826","0.346701874729918","0.388397326146813","15_05"
"10.7204953672517","0.91510339307325","0.446301639291428","1.95126879064538","0.720495367251672","0.156580995016014","0.9904","0.57540676255252","0.574056470811501","0.776121362538064","0.458022033269231","0.351984776586852","15_05"
"10.8187358315459","0.996314806822045","0.401842118241529","1.89613353438889","0.818735831545881","0.193532275252727","0.9828","0.576336432236939","0.539108313683045","0.97467407986071","0.637698605296492","0.315794949463877","15_05"
"10.7067764808714","0.897127065226874","0.455025965600264","1.95418152828522","0.706776480871369","0.150671492294194","0.9914","0.573245668667095","0.618111089508911","0.732843304414154","0.409989470638894","0.316966283539379","15_05"
"10.7159862210199","0.936134599350143","0.433036458988041","1.98426834035107","0.715986221019867","0.163122932274429","0.9914","0.57603769664855","0.567982022751219","0.769814162274714","0.574460207765096","0.338901347296195","15_05"
"10.7036042668702","1.1359298262623","0.822572128591173","1.66273743689026","0.703604266870229","0.117610588599965","0.9982","0.8","0.7","0.5","0.4","0.4","05_10"
"10.7036042668702","1.1359298262623","0.822572128591173","1.66273743689026","0.703604266870229","0.117610588599965","0.9982","0.8","0.7","0.5","0.4","0.4","05_10"
"0.0330223781108995","0.08833429339596","1.31648420148722","0.00350977368253653","0.0330223781108995","0.302969908157621","0.0016","0.2655086631421","0.380035179434344","0.79423986072652","0.0706790471449494","0.34668348915875","05_10"
"0.883166959815977","0.91042861400892","0.938360194281065","0.616872123649202","0.883166959815977","0.0437377927089335","0.5352","0.37212389963679","0.777445221319795","0.107943625887856","0.0994661601725966","0.333774930797517","05_10"
"0.575855062308913","0.703420666471261","1.06929524962165","0.796286064431195","0.575855062308913","0.221964844368114","0.6936","0.572853363351896","0.934705231105909","0.723710946040228","0.31627170718275","0.476351245073602","05_10"
"10.619202050274","1.19041933474109","0.785784192179336","1.89281177062908","0.619202050274019","0.0733310132910192","0.997","0.908207789994776","0.212142521282658","0.411274429643527","0.518634263193235","0.892198335845023","05_10"
"0.028155300039947","0.0690085107347015","1.30714437493416","0.00296970304327409","0.028155300039947","0.316583834336379","0.0146","0.201681931037456","0.651673766085878","0.820946294115856","0.662005076417699","0.864339470630512","05_10"
"10.5769503279489","1.23790276946684","0.754559751335414","1.99798232666173","0.576950327948932","0.105170706646205","1","0.898389684967697","0.125555095961317","0.647060193819925","0.406830187188461","0.389989543473348","05_10"
"10.4715864752035","1.34458093299406","0.696364190386449","2.28210781959033","0.471586475203451","0.119759405859433","1","0.944675268605351","0.267220668727532","0.78293276228942","0.912875924259424","0.777320698834956","05_10"
"0.803633695920223","0.892382024286136","0.952622995615798","0.935453543009321","0.803633695920223","0.125828853417201","0.8046","0.660797792486846","0.386114092543721","0.553036311641335","0.293603372760117","0.960617997217923","05_10"
"0.799572701603441","0.851423483027413","0.97651054977324","0.713302535318907","0.799572701603441","0.111774992917077","0.627","0.62911404389888","0.0133903331588954","0.529719580197707","0.459065726259723","0.434659484773874","05_10"
"0.0222964187514011","0.0514099754586461","1.28844215983926","0.0023402367473656","0.0222964187514011","0.324173435449505","0","0.0617862704675645","0.382387957070023","0.789356231689453","0.332394674187526","0.712514678714797","05_10"
"0.826180032397625","0.99629715442793","0.900803141415738","0.986779453494935","0.826180032397625","0.0208277667437512","0.6584","0.205974574899301","0.86969084572047","0.023331202333793","0.65087046707049","0.399994368897751","05_10"
"0.0493477342682469","0.169929226950337","1.29873786154375","0.00520270942783576","0.0493477342682469","0.271360552075803","0.0018","0.176556752528995","0.34034899668768","0.477230065036565","0.258016780717298","0.325352151878178","05_10"
"5.7780704295894","0.912853849720196","0.950931542870801","1.08245346807845","0.778070429589396","0.170304146211392","0.8868","0.687022846657783","0.482080115471035","0.7323137386702","0.478545248275623","0.757087148027495","05_10"
"0.122014193527309","0.271952566488593","1.25450753930208","0.326045463779574","0.122014193527309","0.268982000649619","0.3514","0.384103718213737","0.599565825425088","0.692731556482613","0.766310670645908","0.202692255144939","05_10"
"10.7730435395978","1.05860894233982","0.86366687168206","1.40004832152558","0.773043539597799","0.0929057142618221","0.9588","0.769841419998556","0.493541307048872","0.477619622135535","0.0842469143681228","0.711121222469956","05_10"
"0.15643742197301","0.387150637482857","1.22178171095514","0.104694732844","0.15643742197301","0.244198516811756","0.2594","0.497699242085218","0.186217601411045","0.8612094768323","0.875321330036968","0.121691921027377","05_10"
"10.768075672654","1.03490597736715","0.873755485794083","1.37768011114648","0.768075672653987","0.122353649158217","0.9782","0.717618508264422","0.827373318606988","0.438097107224166","0.339072937844321","0.245488513959572","05_10"
"10.50915186848","1.32281735504702","0.721724226600002","2.19691950632257","0.509151868479992","0.106642606357039","1","0.991906094830483","0.668466738192365","0.244797277031466","0.839440350187942","0.14330437942408","05_10"
"0.729894386610203","0.82643671346938","0.981732304583052","0.143486376207097","0.729894386610203","0.0923411342053782","0.343","0.1","0.1","0.1","0.1","0.1","05_10"
"0.255337061593721","0.688715425429247","1.06123637391311","0.0277679901066998","0.255337061593721","0.16510103040236","0.1254","0.2","0.2","0.2","0.2","0.2","05_10"
"0.189265555080507","0.62270148714323","1.10215866021025","0.0205042741718667","0.189265555080507","0.189373683538501","0.0628","0.3","0.3","0.3","0.3","0.3","05_10"
"0.251377169475326","0.608598088132336","1.10889661275577","0.0356950449185103","0.251377169475326","0.189103318934322","0.1192","0.4","0.4","0.4","0.4","0.4","05_10"
"0.475173507115465","0.676155317946034","1.07347045851496","0.399767168719031","0.475173507115465","0.179391369390486","0.399","0.5","0.5","0.5","0.5","0.5","05_10"
"0.680250191767141","0.8032606590611","1.00434911099583","0.845738144402335","0.680250191767141","0.188022605002516","0.7454","0.6","0.6","0.6","0.6","0.6","05_10"
"10.7590810579801","0.996145085022024","0.923316209218526","1.2611889050755","0.759081057980074","0.192947653130629","0.9642","0.7","0.7","0.7","0.7","0.7","05_10"
"10.6731842738214","1.20236259526748","0.809369725103293","1.78029393693316","0.673184273821407","0.192654999962851","1","0.8","0.8","0.8","0.8","0.8","05_10"
"10.4730095666868","1.42862714000104","0.676525224271083","2.30856261141832","0.473009566686792","0.200516189273915","1","0.9","0.9","0.9","0.9","0.9","05_10"
"10.2495530078399","1.68170903596008","0.535113902712766","2.82081738235982","0.249553007839869","0.230471910636007","1","1","1","1","1","1","05_10"
"10.7707166953691","1.06141716987158","0.85899382092268","1.42179254624823","0.770716695369073","0.0973353210138397","0.9642","0.770647163625912","0.557470711004016","0.494228540482272","0.0954424853329991","0.535314051700794","05_10"
"10.5307431733155","1.34331199073911","0.713273400500842","2.16042722820345","0.530743173315546","0.157771398692537","1","0.896135734743439","0.757339687412605","0.859692383557558","0.424847530759871","0.839091118634678","05_10"
"10.6827979162765","1.19429970553655","0.812387030602474","1.75866208458229","0.682797916276472","0.192978546381898","1","0.799348965846002","0.800606765365228","0.836310838069767","0.707555434620008","0.773180126352236","05_10"
"10.7730435395978","1.05860894233982","0.86366687168206","1.40004832152558","0.773043539597799","0.0929057142618221","0.9588","0.769841419998556","0.493541307048872","0.477619622135535","0.0842469143681228","0.711121222469956","05_10"
"10.768075672654","1.03490597736715","0.873755485794083","1.37768011114648","0.768075672653987","0.122353649158217","0.9782","0.717618508264422","0.827373318606988","0.438097107224166","0.339072937844321","0.245488513959572","05_10"
"5.77700861905249","0.949363604649056","0.929939642172721","1.18145376889873","0.777008619052494","0.170281961458223","0.9332","0.701804967345959","0.590440816718992","0.728511950992243","0.425478981059964","0.5718928074983","05_10"
"0.593228829687233","0.695233041940323","1.07101121738284","0.446665919885897","0.593228829687233","0.173339747283517","0.4514","0.586736243473331","0.191920658339458","0.708821396019542","0.405400020947138","0.526478073180319","05_10"
"0.495251226605329","0.653516002479903","1.0920866532207","0.161346918200234","0.495251226605329","0.176348927212616","0.2868","0.539669813768316","0.17575999285388","0.627704993737783","0.416639804089624","0.446269086781825","05_10"
"10.7730435395978","1.05860894233982","0.86366687168206","1.40004832152558","0.773043539597799","0.0929057142618221","0.9588","0.769841419998556","0.493541307048872","0.477619622135535","0.0842469143681228","0.711121222469956","05_10"
"10.7113210835896","1.12063073536778","0.826773499383944","1.63975287515691","0.711321083589639","0.110363878927231","0.9968","0.799194256372644","0.636070596044856","0.483391081653263","0.388804429035124","0.575807170769161","05_10"
"10.5097129058193","1.29786051913679","0.71799783956352","2.18567527839077","0.509712905819295","0.106048617647988","1","0.937228743803841","0.259854577947352","0.661890361311","0.851744035822318","0.792250442324947","05_10"
"10.7313968937315","1.10827407328291","0.836656288077281","1.57968239824085","0.731396893731453","0.115096838125265","0.9952","0.785217879311824","0.591639298752044","0.503801787677957","0.453066267215658","0.585194340529195","05_10"
"10.7036042668702","1.1359298262623","0.822572128591173","1.66273743689026","0.703604266870229","0.117610588599965","0.9982","0.8","0.7","0.5","0.4","0.4","05_10"
"10.6391303790186","1.17252606278035","0.796039824014105","1.82414030221647","0.639130379018649","0.065195256074329","0.9908","0.906517404985008","0.154952066899527","0.357091473510755","0.78602550277939","0.339952038136973","05_10"
"10.7636783001682","0.985407053706037","0.92529875300889","1.23625928824953","0.763678300168163","0.185669138140672","0.9574","0.69890958461695","0.698822850177495","0.701862540792328","0.586202244266519","0.0222068231087178","05_10"
"10.3372435763913","1.53980790424268","0.613771025621396","2.61277802794248","0.337243576391265","0.16129947853123","1","0.999748161621392","0.812679812987335","0.777563315466978","0.657666377723217","0.745526668475941","05_10"
"10.7036042668702","1.1359298262623","0.822572128591173","1.66273743689026","0.703604266870229","0.117610588599965","0.9982","0.8","0.7","0.5","0.4","0.4","05_10"
"10.3892579062259","1.49917337505441","0.638473866741572","2.48173618538992","0.389257906225914","0.177261782909861","1","0.955030847201124","0.974504578695633","0.681350870174356","0.741390177747235","0.956370343826711","05_10"
"0.0579867076073997","0.202075878219599","1.28298240522964","0.006352236762714","0.0579867076073997","0.273029876803343","0.0516","0.37343971196193","0.316022394691882","0.727595029489837","0.33382484042885","0.576026149007826","05_10"
"5.77786644989983","0.919636208843658","0.948843317794857","1.1067144361675","0.777866449899828","0.17525703356478","0.9002","0.688113262040833","0.48325726529354","0.730451197877873","0.592343004009103","0.716181896878764","05_10"
"10.4556941013042","1.36075580459071","0.69184735793624","2.3376157904849","0.455694101304195","0.108772746285053","1","0.983778374813172","0.639069767254155","0.534765997340636","0.460245034597014","0.193341884760455","05_10"
"10.6635582492026","1.208835221549","0.804555151714799","1.80357351087962","0.663558249202575","0.19137336420596","1","0.800651034153998","0.799393234634772","0.763689161930233","0.892444565379992","0.826819873647764","05_10"
"10.6599376185005","1.20957179442615","0.800249743356935","1.81497935673069","0.65993761850045","0.184998265800579","1","0.800251838378608","0.887320187012665","0.722436684533022","0.742333622276783","0.654473331524059","05_10"
"10.6507438048579","1.2219251052922","0.79155928711489","1.84944072776544","0.65074380485792","0.162444507948375","1","0.803864265256561","0.842660312587395","0.540307616442442","0.875152469240129","0.460908881365322","05_10"
"10.6369644607766","1.18824905033801","0.786783735472853","1.84658484024923","0.636964460776568","0.0898806477396219","0.9976","0.875897832990657","0.172750378090357","0.522020069624028","0.405227406846187","0.399881550740644","05_10"
"10.6801099323638","1.17253859962721","0.807836594463378","1.74890967464144","0.680109932363845","0.129387327518659","1","0.822491851977039","0.65280471787096","0.625040124195897","0.401602780342274","0.390107992732704","05_10"
"10.5736278362973","1.24032148043142","0.754949435197718","2.01808821715881","0.573627836297324","0.0896924467215056","1","0.915654314796286","0.219508612062838","0.532316830621946","0.579766151630341","0.877268592355032","05_10"
"10.6491142394887","1.18299285280028","0.790032626838458","1.82589999572565","0.649114239488703","0.099026844256396","1","0.858719871199381","0.449795103107437","0.519355200082142","0.490190383098837","0.443720456691523","05_10"
"10.7036042668702","1.1359298262623","0.822572128591173","1.66273743689026","0.703604266870229","0.117610588599965","0.9982","0.8","0.7","0.5","0.4","0.4","05_10"
"10.6201148794422","1.25993591995079","0.767805801896876","1.93445536245916","0.620114879442158","0.169741802325502","1","0.844969152798876","0.725495421304367","0.818649129825644","0.658609822252765","0.443629656173289","05_10"
"10.4906419967813","1.39722568078017","0.697585868723122","2.24602249403442","0.490641996781335","0.165571602714001","1","0.908612928938925","0.834141730102008","0.739179134758715","0.727157551946625","0.685872753209666","05_10"
"10.7036042668702","1.1359298262623","0.822572128591173","1.66273743689026","0.703604266870229","0.117610588599965","0.9982","0.8","0.7","0.5","0.4","0.4","05_10"
"10.505995536064","1.35660402828721","0.702137073470454","2.21694258668614","0.505995536063999","0.154076431374297","1","0.908448524406817","0.743514884263277","0.833015981442852","0.45825653453915","0.849100048422255","05_10"
"10.5238424802888","1.33841253985042","0.717730221254282","2.16063436676218","0.523842480288794","0.137312671636009","1","0.909946376101537","0.71878043012649","0.600234803078658","0.703148065886081","0.793507300954302","05_10"
"10.7189085859293","1.1174401806397","0.82864711851698","1.61597504054456","0.718908585929322","0.124613970812933","0.9962","0.805959777073357","0.388048368949013","0.654518712076311","0.618951708021043","0.738234622924789","05_10"
"10.6988982172679","1.16652527554534","0.818062634241912","1.69899777033972","0.698898217267853","0.162318318210213","1","0.804867662031157","0.731394432339087","0.79112573391284","0.400208491913105","0.598269202601668","05_10"
"10.7707166953691","1.06141716987158","0.85899382092268","1.42179254624823","0.770716695369073","0.0973353210138397","0.9642","0.770647163625912","0.557470711004016","0.494228540482272","0.0954424853329991","0.535314051700794","05_10"
"10.7228444662988","1.1121996362853","0.832526050140798","1.60006750299251","0.722844466298832","0.112188084516982","0.9956","0.792353999902568","0.593989659451437","0.501405507546107","0.416473384637882","0.406335430339394","05_10"
"10.5132190205315","1.30776371144634","0.723670695230366","2.16169442607835","0.513219020531534","0.115678726118481","1","0.929580452416412","0.619209003567179","0.602232466396701","0.431231273250486","0.268446390517533","05_10"
"10.6739956720089","1.18509164221391","0.806144044169299","1.7754236459772","0.673995672008943","0.134249882979358","1","0.812034286865905","0.659657065275672","0.518746607281095","0.870994387085739","0.363526712557545","05_10"
"10.757155786227","1.07338363568811","0.853541293598739","1.48190841250596","0.757155786227006","0.102656467571439","0.9826","0.774463335989366","0.563589310888215","0.485837259119198","0.219193178524646","0.653147857013335","05_10"
"10.7580865325985","1.04563849187057","0.876189194685925","1.39883300573082","0.758086532598534","0.139222866316272","0.9844","0.710395916017782","0.779274122392222","0.460255289217457","0.56874384675354","0.153824843146964","05_10"
"10.5685936124043","1.25809833018486","0.749206836855692","2.04100220909468","0.568593612404299","0.108502985768394","1","0.903341525132908","0.526474577168183","0.558993232736652","0.546357147851062","0.867259662567456","05_10"
"10.6868425260255","1.16694199831279","0.812363842283264","1.7422091037305","0.686842526025542","0.134520010911062","0.9998","0.803639308194715","0.686294510520847","0.518035324147887","0.757432640518657","0.496105977489316","05_10"
"10.5174657407862","1.36981565622478","0.711458338983493","2.19255745677302","0.517465740786248","0.169340311244523","1","0.891387071061075","0.865858269897992","0.760820865241285","0.672842448053375","0.714127246790334","05_10"
"10.628892255455","1.1826421511572","0.791169598829836","1.88175769019095","0.628892255455046","0.0740344069053771","0.9992","0.898347383375665","0.33795531421125","0.378652482672102","0.79018358493378","0.43733420694475","05_10"
"10.6887038118739","1.18909594554979","0.813713078272879","1.74680902548748","0.688703811873932","0.185481831015231","1","0.800521074616055","0.762573494085777","0.82180653731462","0.680891990407499","0.685294139015269","05_10"
"10.6639863198705","1.20408284277439","0.802878481794266","1.80229671184421","0.663986319870535","0.18514570907841","1","0.800616472451527","0.827344157492309","0.739236814549328","0.803517686740468","0.679650195302189","05_10"
"10.7593780887463","1.05174142751481","0.86825300490858","1.45258882673194","0.759378088746273","0.145404429952423","0.9894","0.756002889742719","0.610301580405967","0.661045481936178","0.454492742406492","0.496788301741221","05_10"
"10.614712568149","1.26741274471595","0.765183677650894","1.94970620039675","0.614712568149038","0.176914580880824","1","0.843797044028823","0.763528692583818","0.833153430580791","0.685273266465274","0.531515643510255","05_10"
"10.7233813072556","1.1086198013052","0.835142750263478","1.58777244876767","0.723381307255618","0.105895026646848","0.9934","0.79537808400919","0.629951996160657","0.491782363016337","0.265053735843477","0.457973365456621","05_10"
"10.6878652829882","1.16028105541356","0.814544365128962","1.72890881084491","0.687865282988224","0.131174836759888","0.9998","0.799419213434491","0.792436398111404","0.505663373947818","0.506524257756595","0.540610074645167","05_10"
"10.7036042668702","1.1359298262623","0.822572128591173","1.66273743689026","0.703604266870229","0.117610588599965","0.9982","0.8","0.7","0.5","0.4","0.4","05_10"
"10.7728419820155","0.975394463394775","0.91628224956377","1.23751298234322","0.772841982015502","0.167484387224744","0.955","0.706132176863591","0.74692204639226","0.694515181458388","0.356531335357301","0.113870493921325","05_10"
"10.7730435395978","1.05860894233982","0.86366687168206","1.40004832152558","0.773043539597799","0.0929057142618221","0.9588","0.769841419998556","0.493541307048872","0.477619622135535","0.0842469143681228","0.711121222469956","05_10"
"10.5699318961565","1.27415399081892","0.747364239136916","2.03273770414798","0.569931896156501","0.121702422065733","1","0.891268072712281","0.725945255073517","0.568566649644718","0.424639038846766","0.64082191603301","05_10"
"10.7100173829409","1.12994087476037","0.827812941531609","1.64273733783944","0.710017382940894","0.120890183930668","0.9984","0.792863879409257","0.697649639300606","0.50239628013185","0.436592882577777","0.578858910189801","05_10"
"10.6571450771453","1.21473707225026","0.80057127535428","1.82616798683405","0.657145077145285","0.192098232663142","1","0.800286400081079","0.859369264155128","0.746889031913928","0.831260500916307","0.801643009869635","05_10"
"10.6209120092379","1.26232569888325","0.76922427931597","1.93900793171496","0.620912009237947","0.187079605391234","1","0.835415899861156","0.77033530033632","0.825803390127601","0.883540730520728","0.832478356223432","05_10"
"10.5946493598035","1.28354773406495","0.752347691924904","2.00341324052567","0.594649359803464","0.158478612085914","1","0.86137086903628","0.786397621711057","0.797578155360191","0.433751365619135","0.833432636059011","05_10"
"10.772557979365","1.03857551404416","0.875663104715636","1.40743726173868","0.772557979364951","0.136442642568826","0.9834","0.756002889742719","0.610301580405967","0.661045481936178","0.239086773013696","0.496788301741221","05_10"
"10.7383411451312","1.0948900686794","0.841681841587499","1.53470699588511","0.738341145131186","0.0999707099349821","0.9882","0.791350702833229","0.50806552429065","0.495280556112914","0.21426239888322","0.504476250148593","05_10"
"10.7651862274221","0.986800278339128","0.911804433576517","1.25765085969165","0.765186227422075","0.167872261807733","0.961","0.71053936190558","0.737596315891876","0.696732051112677","0.377855650108685","0.371976926097971","05_10"
"10.7669849168805","1.03281985549259","0.883445346021629","1.40027580736001","0.766984916880483","0.156557520252978","0.9822","0.736145515951568","0.734861953996344","0.672516810583628","0.389062451199122","0.433767318275059","05_10"
"10.7707166953691","1.06141716987158","0.85899382092268","1.42179254624823","0.770716695369073","0.0973353210138397","0.9642","0.770647163625912","0.557470711004016","0.494228540482272","0.0954424853329991","0.535314051700794","05_10"
"10.6893864486858","1.16277920096971","0.814368048520987","1.72549161301162","0.689386448685752","0.13049898105927","0.9998","0.803449680688432","0.692438483931533","0.510810802322224","0.66179926158419","0.37230914565363","05_10"
"10.7125996481976","1.13927303047546","0.826460013058037","1.66851630949662","0.712599648197556","0.144828496474755","0.9994","0.79000717702999","0.628800139685196","0.600170702496592","0.81242631294839","0.402075514904882","05_10"
"10.5791744671466","1.27515377319158","0.752402574447068","2.01971625600287","0.579174467146599","0.124115285178465","1","0.882117174464998","0.707880329210256","0.531846991132501","0.604837535016526","0.537123880452383","05_10"
"10.6384824620841","1.23338939042365","0.774401321097033","1.88854927703446","0.638482462084137","0.149603814219675","1","0.841390605927248","0.773083169192348","0.722111834523573","0.427998931503193","0.455436088731735","05_10"
"10.7057323408991","1.13272672615233","0.82387560649113","1.65661518094942","0.705732340899135","0.118140976153807","0.9982","0.798675727228714","0.671735484671864","0.50360659144527","0.432257508562663","0.432197460449601","05_10"
"10.7730435395978","1.05860894233982","0.86366687168206","1.40004832152558","0.773043539597799","0.0929057142618221","0.9588","0.769841419998556","0.493541307048872","0.477619622135535","0.0842469143681228","0.711121222469956","05_10"
"10.7191355586612","1.12575023526044","0.830881060712329","1.63596114056173","0.719135558661184","0.128692988594478","0.9988","0.782130025360042","0.671770293279069","0.500374390170508","0.62741715600356","0.702750949810679","05_10"
"10.7728419820155","0.975394463394775","0.91628224956377","1.23751298234322","0.772841982015502","0.167484387224744","0.955","0.706132176863591","0.74692204639226","0.694515181458388","0.356531335357301","0.113870493921325","05_10"
"10.7593780887463","1.05174142751481","0.86825300490858","1.45258882673194","0.759378088746273","0.145404429952423","0.9894","0.756002889742719","0.610301580405967","0.661045481936178","0.454492742406492","0.496788301741221","05_10"
"10.6691199556825","1.2104665813671","0.795244176221815","1.81182118510018","0.669119955682533","0.160522665249478","1","0.81654693463088","0.714041941233808","0.694946831375176","0.74835478120149","0.426063229846841","05_10"
"10.7102738724001","1.12499905432793","0.826176136803682","1.63374241661484","0.710273872400134","0.115155371241715","0.9976","0.79571955544252","0.683294404275435","0.497557676485087","0.368138547630245","0.448868285597359","05_10"
"10.6988828087071","1.141660331086","0.820997906383646","1.68252672471775","0.698882808707063","0.122053746392398","0.999","0.799467973381506","0.736450700401908","0.502288506965309","0.435268141876048","0.427975317000598","05_10"
"10.7730435395978","1.05860894233982","0.86366687168206","1.40004832152558","0.773043539597799","0.0929057142618221","0.9588","0.769841419998556","0.493541307048872","0.477619622135535","0.0842469143681228","0.711121222469956","05_10"
"10.7171602501246","1.11563654889829","0.829613787543686","1.61756772602731","0.71716025012461","0.108412447775865","0.9962","0.799658528566671","0.646657591885222","0.49422468653125","0.296915188213232","0.409105079859262","05_10"
"10.6941635533122","1.1500006770232","0.817322946144518","1.70660546111247","0.694163553312164","0.125877284031136","0.9992","0.799951240052985","0.755985697709496","0.503374866982509","0.471256115880547","0.512634757644569","05_10"
"10.7062588708168","1.13503992442849","0.823418828414542","1.66726810640147","0.706258870816845","0.124152603373137","0.999","0.793097486108344","0.714690572890977","0.503462290048655","0.490740133831814","0.514748044534959","05_10"
"10.7297703996851","1.10774823632603","0.841281239308054","1.5829017004249","0.729770399685117","0.133507221586672","0.9962","0.778029999578633","0.641158505996443","0.579621386720681","0.513060816543841","0.458239499393885","05_10"
"10.7218454154879","1.11836411679921","0.837517651066207","1.60577015040577","0.721845415487915","0.1359634162472","0.9986","0.775922382748409","0.657094610987099","0.528685030213642","0.701246871480336","0.482063660502424","05_10"
"10.6741559416882","1.17537334652901","0.806327556900868","1.75827554991693","0.674155941688214","0.127283683665916","1","0.819980263109032","0.713314452518709","0.575466320836617","0.405752434115942","0.777996547327276","05_10"
"10.7188032828418","1.12690667979701","0.829958801702516","1.64770481409125","0.71880328284178","0.143750546398366","0.9988","0.792114793860214","0.61286403469454","0.651107059003631","0.624240258011895","0.378251353796343","05_10"
"10.6676348047856","1.18988533781694","0.805256992011222","1.79013443384389","0.667634804785557","0.140242146254548","1","0.808003819611963","0.759654979455543","0.51359917890669","0.715719383258144","0.531827641549082","05_10"
"10.7774863708247","1.00037521966603","0.899804643542411","1.32042726775817","0.777486370824675","0.155096713003689","0.9682","0.725989550654741","0.622361672801884","0.683043852810938","0.421961626564671","0.176891477387487","05_10"
"10.7069159330114","1.15626164644883","0.823119210229826","1.67585335461493","0.706915933011393","0.161839223009832","0.9994","0.800460476989168","0.740720162839472","0.788908864258551","0.378884177161721","0.340162770425023","05_10"
"10.6752916111372","1.18346831443631","0.801166521113143","1.78308323966436","0.675291611137208","0.13327200994858","1","0.820183201539107","0.604889760367672","0.569793319492264","0.830385908484459","0.662718850841313","05_10"
"10.6324620562683","1.25034231113807","0.771597702921134","1.91059721890421","0.632462056268309","0.154657856657983","1","0.839284396263848","0.709143816625682","0.65695320648671","0.807912872349523","0.46897912622096","05_10"
"10.6723315613972","1.20640460563379","0.796422344652274","1.79684131634636","0.672331561397176","0.160382951161501","1","0.816217121794071","0.693388911593739","0.713102679699659","0.736608401452706","0.45010062672847","05_10"
"10.7056292645379","1.13460063843848","0.824487401355336","1.65675530125278","0.70562926453792","0.119760484905822","0.9988","0.796125524111179","0.72546113027453","0.49779327795365","0.403149420064711","0.430279331256081","05_10"
"10.6580085772735","1.20942111602944","0.793126239269318","1.83813937876033","0.658008577273488","0.134379492018388","1","0.826516955158208","0.708193388963476","0.527656409402146","0.733103732481006","0.39118764514612","05_10"
"10.7335063963533","1.10018915466849","0.84122263051701","1.55810018014442","0.733506396353345","0.106816082191567","0.9922","0.789164575213414","0.608100621266512","0.501844680285547","0.260600092976747","0.52779409724509","05_10"
"10.7774863708247","1.00037521966603","0.899804643542411","1.32042726775817","0.777486370824675","0.155096713003689","0.9682","0.725989550654741","0.622361672801884","0.683043852810938","0.421961626564671","0.176891477387487","05_10"
"10.7463579715961","1.08814146550217","0.846919111812035","1.52054491352359","0.746357971596078","0.107941912309236","0.9908","0.780158315641213","0.621105574409369","0.495990451641995","0.267099900918915","0.439717414905305","05_10"
"10.7215124876128","1.12336279292981","0.832247912453751","1.62693755568378","0.721512487612801","0.141358842691426","0.9978","0.799658528566671","0.646657591885222","0.707990671508014","0.296915188213232","0.409105079859262","05_10"
"10.7110083505107","1.13431070754955","0.827845292171381","1.63883009053767","0.711008350510668","0.129814644357696","0.9984","0.79562171090917","0.696262569690236","0.588859705183806","0.37582956816358","0.47888893359977","05_10"
"10.7949264376348","1.01711840794208","0.884675307047376","1.31926757468533","0.79492643763477","0.119137569530822","0.9548","0.746035142982339","0.534495056708378","0.608597074383824","0.122751253303814","0.441431511210322","05_10"
"10.7084745620746","1.12682120609175","0.822917842523978","1.65270031555998","0.708474562074601","0.110345774884377","0.9974","0.805849438661384","0.653766677838363","0.50168316121996","0.318056847847073","0.431735796417544","05_10"
"10.7041246821964","1.13418098497626","0.823438798757378","1.65700778363944","0.704124682196371","0.117793706255558","0.9982","0.799062004712846","0.694283974402813","0.502052905496746","0.400257269441582","0.446564271341876","05_10"
"10.7586415026442","1.05059342017095","0.868704009710821","1.44495019348338","0.758641502644237","0.143493775620548","0.9884","0.756002889742719","0.610301580405967","0.661045481936178","0.406595894563303","0.496788301741221","05_10"
"10.7730435395978","1.05860894233982","0.86366687168206","1.40004832152558","0.773043539597799","0.0929057142618221","0.9588","0.769841419998556","0.493541307048872","0.477619622135535","0.0842469143681228","0.711121222469956","05_10"
"10.7069732003801","1.14684296877118","0.822610546692461","1.67955925928074","0.706973200380109","0.14587847487204","0.9996","0.792301087975626","0.683179675301921","0.618339226752224","0.641360412095894","0.515536142661247","05_10"
"10.7675749275074","1.04177625270974","0.873715908673506","1.41258244922138","0.767574927507405","0.138517620384171","0.9848","0.756002889742719","0.610301580405967","0.661045481936178","0.286983620856885","0.496788301741221","05_10"
"10.7258129020487","1.10770760415953","0.837737507566548","1.57565598413716","0.725812902048667","0.103452623160807","0.993","0.796092875840924","0.510785124007255","0.493238903165795","0.374842788314928","0.10102623119019","05_10"
"10.765918106745","1.0246529009548","0.883228183118226","1.38294108045384","0.765918106744953","0.149444034275801","0.98","0.739212179966014","0.615607301969258","0.662377983892445","0.449109220140055","0.268762651532376","05_10"
"10.7241417959644","1.1273093689365","0.846663857923342","1.58933518652368","0.724141795964413","0.205899932505543","0.9976","0.782130025360042","0.671770293279069","0.985662204911932","0.62741715600356","0.702750949810679","05_10"
"10.7562318849241","1.05942935756065","0.861304541305566","1.44989231956372","0.756231884924108","0.126014369569805","0.9882","0.759849152215055","0.65048971111764","0.574474283717681","0.298525346726164","0.445874685142049","05_10"
"10.751321088606","1.08105851741241","0.85041041918244","1.50070298553648","0.751321088605971","0.107505932552797","0.9888","0.773699784210617","0.738741880751113","0.487755585952248","0.180660241933742","0.523082829939428","05_10"
"10.7774863708247","1.00037521966603","0.899804643542411","1.32042726775817","0.777486370824675","0.155096713003689","0.9682","0.725989550654741","0.622361672801884","0.683043852810938","0.421961626564671","0.176891477387487","05_10"
"10.7188032828418","1.12690667979701","0.829958801702516","1.64770481409125","0.71880328284178","0.143750546398366","0.9988","0.792114793860214","0.61286403469454","0.651107059003631","0.624240258011895","0.378251353796343","05_10"
"10.7508351610334","1.07367057854363","0.856364593656412","1.49195221403249","0.750835161033361","0.126744682066692","0.9906","0.759951792967785","0.693908204336837","0.541539358335338","0.35055811226343","0.703457029534693","05_10"
"0.450411685575701","0.637004962701778","1.10042605946792","0.603271431273925","0.450411685575701","0.214124285412641","0.5492","0.541119189932942","0.617055951238594","0.681711350854671","0.427345148831108","0.404917127596333","05_10"
"10.7651862274221","0.986800278339128","0.911804433576517","1.25765085969165","0.765186227422075","0.167872261807733","0.961","0.71053936190558","0.737596315891876","0.696732051112677","0.377855650108685","0.371976926097971","05_10"
"10.7707166953691","1.06141716987158","0.85899382092268","1.42179254624823","0.770716695369073","0.0973353210138397","0.9642","0.770647163625912","0.557470711004016","0.494228540482272","0.0954424853329991","0.535314051700794","05_10"
"10.6685196764563","1.18302937600105","0.801460813774796","1.77335514094847","0.668519676456255","0.127077779358437","1","0.828321594002288","0.755447993446876","0.596808754994472","0.319248546028792","0.43267349379037","05_10"
"10.728630726943","1.10576590030206","0.842713134376397","1.58107715911777","0.728630726942996","0.135754905772808","0.9968","0.771705621379057","0.686776884559589","0.556305434090644","0.528851713568742","0.513079800629056","05_10"
"10.6921683869943","1.16061443212215","0.816327939225742","1.70789615179189","0.692168386994259","0.13112265988397","0.9998","0.812727540491631","0.664292767630694","0.619527766060351","0.405665573687633","0.431867674800627","05_10"
"10.6801284875292","1.17615876783169","0.808936501468071","1.75843609962654","0.680128487529185","0.137900818221043","1","0.80181290951725","0.752545893502403","0.50614070421798","0.694577723624304","0.5091969249908","05_10"
"10.7607623598992","1.0467747596458","0.874028039073237","1.42191424133711","0.760762359899218","0.142088977263351","0.9858","0.74683036323789","0.671983862518983","0.622477566308308","0.384226476273038","0.374533593792551","05_10"
"0.0245448332997174","0.059848088885331","1.30465488744374","0.00259205250073002","0.0245448332997174","0.317351394960523","0","0.0155072559136897","0.583411150290162","0.655015634235882","0.155086766772709","0.286717873444987","05_10"
"10.7774863708247","1.00037521966603","0.899804643542411","1.32042726775817","0.777486370824675","0.155096713003689","0.9682","0.725989550654741","0.622361672801884","0.683043852810938","0.421961626564671","0.176891477387487","05_10"
"10.7675749275074","1.04177625270974","0.873715908673506","1.41258244922138","0.767574927507405","0.138517620384171","0.9848","0.756002889742719","0.610301580405967","0.661045481936178","0.286983620856885","0.496788301741221","05_10"
"10.7774863708247","1.00037521966603","0.899804643542411","1.32042726775817","0.777486370824675","0.155096713003689","0.9682","0.725989550654741","0.622361672801884","0.683043852810938","0.421961626564671","0.176891477387487","05_10"
"10.7767672719493","1.02917664005251","0.876864827207042","1.37949195056243","0.776767271949304","0.129541827802569","0.9774","0.747996421474438","0.544244154016002","0.611503995202418","0.329135001721963","0.459398155036536","05_10"
"10.7082417829848","1.13701102819609","0.826439952941542","1.66120423501618","0.708241782984811","0.135568802269421","0.999","0.791039433625053","0.681115086248398","0.570065196095948","0.561785934298033","0.526789872537476","05_10"
"10.7104189054103","1.13450667292457","0.827349904974121","1.64908259518649","0.710418905410329","0.127424912452413","0.9984","0.796414921699449","0.643476910418309","0.56825218403116","0.483772810126232","0.401346942601534","05_10"
"10.7608652220731","1.04419938242293","0.871613962283986","1.43264083841461","0.760865222073144","0.145698760634199","0.9868","0.759132779616714","0.622169120651569","0.701839113899435","0.29317211370369","0.435611986835269","05_10"
"10.7134833252259","1.13119989306413","0.827315100369484","1.63695853325088","0.713483325225868","0.135768187594483","0.9986","0.794883805287503","0.614187671252347","0.626285300773386","0.527790438778953","0.424321241088035","05_10"
"10.7183942254656","1.12315133172857","0.830859005406759","1.61149221717871","0.718394225465647","0.130431804641133","0.9974","0.798084485449233","0.635842602873681","0.627773298864749","0.327146012091136","0.288863564460005","05_10"
"10.7283320980577","1.11206040988057","0.835610451733032","1.57918975783719","0.728332098057679","0.117858187192943","0.9952","0.790426229563986","0.610165210320036","0.550118710941822","0.340174570774609","0.516540367368861","05_10"
"10.7144631024662","1.12313516778185","0.830298129118237","1.61899276643348","0.714463102466172","0.123280907984829","0.9976","0.791686637221148","0.694111963023193","0.538281233590772","0.372130234714896","0.688616666954382","05_10"
"10.734633008684","1.106424027693","0.84545267610717","1.57214389149374","0.734633008683951","0.153112376352033","0.9964","0.776436539159321","0.729905221003587","0.693782250864721","0.39929474752328","0.429311007106046","05_10"
"10.7758621158847","0.97529866126252","0.914223865338237","1.24649511028747","0.775862115884686","0.157976404953152","0.954","0.711360850010731","0.644894892764353","0.680014204254635","0.379409162754283","0.383844738432077","05_10"
"10.6848258975206","1.18863334692606","0.806334649287673","1.75468378469535","0.684825897520564","0.160056591286576","1","0.805181931785286","0.704592640948985","0.692124813412448","0.732994333483955","0.48019443043228","05_10"
"10.7075484883341","1.14115546883981","0.823142763490081","1.65279800935207","0.707548488334109","0.127133589349733","0.9986","0.801549310822149","0.623153802114594","0.584538036192431","0.458524295732736","0.408640207612352","05_10"
"10.7177553180913","1.11651220535081","0.826876080529388","1.6085511040438","0.717755318091277","0.0979891192072372","0.9914","0.812848099526034","0.256077501457185","0.527118570505191","0.698191791593055","0.479103121286989","05_10"
"10.7672091057565","1.06109976643977","0.859288830058668","1.45091581550712","0.767209105756488","0.105553391106602","0.9784","0.76586424892762","0.645884412307509","0.49056680837455","0.177390405785671","0.455845151957842","05_10"
"10.7254491826122","1.1189023265945","0.835726990411595","1.60646473670095","0.725449182612159","0.134672700522035","0.9966","0.796528638692676","0.634790051639621","0.667197039544757","0.290726695366427","0.470281394765214","05_10"
"10.7760170307259","1.00357067767321","0.893439170295294","1.32141844315893","0.776017030725869","0.141511111641558","0.9684","0.730031887994437","0.573445579220101","0.63662529295888","0.389626113095777","0.331605115152822","05_10"
"10.7091981163524","1.1332598296261","0.825461388551984","1.65280770109008","0.709198116352431","0.138028157640499","0.9988","0.792852699481882","0.694938933132429","0.613681463414051","0.472279387396522","0.432819046308078","05_10"
"5.80126668247446","1.02302938066732","0.877496298858843","1.3229051022912","0.801266682474462","0.110743085278956","0.9478","0.753870678265336","0.114746522158384","0.605785851961523","0.126021089451885","0.508669189191908","05_10"
"10.7245895511678","1.12798137737581","0.84681556550555","1.58971831398075","0.724589551167817","0.205295697815037","0.9976","0.782130025360042","0.671770293279069","0.982425559079275","0.62741715600356","0.702750949810679","05_10"
"10.7736006214862","1.0310229182032","0.878629518948634","1.3866603387584","0.7736006214862","0.133709329369446","0.9792","0.75404161125062","0.600552483098344","0.658138561117584","0.200212146145155","0.478821657915007","05_10"
"10.7271862249434","1.11067604289891","0.831621261537802","1.58805029558972","0.727186224943397","0.116277497479067","0.9944","0.797666918958362","0.521600113018796","0.573456275809061","0.344611964437024","0.221267746589446","05_10"
"10.7949264376348","1.01711840794208","0.884675307047376","1.31926757468533","0.79492643763477","0.119137569530822","0.9548","0.746035142982339","0.534495056708378","0.608597074383824","0.122751253303814","0.441431511210322","05_10"
"10.7241417959644","1.1273093689365","0.846663857923342","1.58933518652368","0.724141795964413","0.205899932505543","0.9976","0.782130025360042","0.671770293279069","0.985662204911932","0.62741715600356","0.702750949810679","05_10"
"10.7423350286806","1.08978900270164","0.847868295017799","1.52724441334969","0.742335028680567","0.121143370687236","0.9934","0.767327160459484","0.694080215716458","0.505311030241312","0.378685146990116","0.461404633922187","05_10"
"10.7547921410506","1.06131814839078","0.866489323513992","1.46924080407376","0.754792141050614","0.152637080181047","0.991","0.755181401637568","0.703003003533491","0.67776332879422","0.405042381917705","0.484920489407116","05_10"
"10.7568047462665","1.06958930614474","0.860805326604105","1.47622252586168","0.756804746266459","0.137876910038876","0.9906","0.764292499310358","0.643677027863139","0.639903172856372","0.341542516947541","0.384811570230788","05_10"
"10.757196694696","1.07055459443087","0.860324302779736","1.48738332655109","0.757196694696031","0.136656477605668","0.9904","0.770542058065436","0.622718007526224","0.66193130370869","0.290182607919317","0.481449320612984","05_10"
"10.729360019045","1.10242258920089","0.833456348284508","1.56788058901268","0.729360019044979","0.114972218258474","0.9926","0.794901967380329","0.691985941216052","0.56239593286447","0.163083263440058","0.541381238094164","05_10"
"10.7271862249434","1.11067604289891","0.831621261537802","1.58805029558972","0.727186224943397","0.116277497479067","0.9944","0.797666918958362","0.521600113018796","0.573456275809061","0.344611964437024","0.221267746589446","05_10"
"10.7774863708247","1.00037521966603","0.899804643542411","1.32042726775817","0.777486370824675","0.155096713003689","0.9682","0.725989550654741","0.622361672801884","0.683043852810938","0.421961626564671","0.176891477387487","05_10"
"10.7760170307259","1.00357067767321","0.893439170295294","1.32141844315893","0.776017030725869","0.141511111641558","0.9684","0.730031887994437","0.573445579220101","0.63662529295888","0.389626113095777","0.331605115152822","05_10"
"10.7771536837444","1.00340616186515","0.893984677916425","1.32169739689577","0.777153683744421","0.144244910086408","0.9676","0.72778080310409","0.587746452724503","0.641130466420936","0.405369527264353","0.254329371120277","05_10"
"10.7719977407441","1.05499470541644","0.858798387048604","1.43372441628615","0.771997740744107","0.112528679142928","0.9746","0.768859385476814","0.528197899660225","0.577343827527727","0.133862608988298","0.511978209422147","05_10"
"10.7949264376348","1.01711840794208","0.884675307047376","1.31926757468533","0.79492643763477","0.119137569530822","0.9548","0.746035142982339","0.534495056708378","0.608597074383824","0.122751253303814","0.441431511210322","05_10"
"10.7325271601789","1.11471258783686","0.850382364908336","1.57527302505707","0.732527160178925","0.184847989190703","0.9968","0.777454269568841","0.671970329233679","0.868703557684078","0.551683148492885","0.477586611057592","05_10"
"10.778422539838","1.00048853558615","0.897183471229173","1.32734711598271","0.778422539837967","0.152086438962138","0.9684","0.728240635545089","0.608060799297482","0.678538679348883","0.406218212396095","0.254167221420032","05_10"
"10.7774863708247","1.00037521966603","0.899804643542411","1.32042726775817","0.777486370824675","0.155096713003689","0.9682","0.725989550654741","0.622361672801884","0.683043852810938","0.421961626564671","0.176891477387487","05_10"
"10.78518477607","0.991813492201212","0.901794057569549","1.28386245717534","0.785184776069964","0.145083738923095","0.9592","0.713157705852308","0.644178759503224","0.610103417854695","0.395022944346021","0.389193396941825","05_10"
"10.7715826861823","1.05597058867258","0.858317741827925","1.42879158864028","0.771582686182317","0.105666967779426","0.9684","0.775437522352508","0.196713832818195","0.578560735375617","0.332333051238196","0.513231347138622","05_10"
"10.7419451287956","1.09469198983299","0.84798362056185","1.54658994187728","0.741945128795601","0.138464880282252","0.9954","0.779066502620207","0.663096886295464","0.649771432996692","0.333410654691925","0.460003418326977","05_10"
"10.7257292632855","1.12967787682414","0.84142944975577","1.6216268348734","0.725729263285467","0.184220366972639","0.9974","0.791288767953745","0.63527156877297","0.951049387089353","0.393860777263361","0.702446716400634","05_10"
"10.7391377264109","1.09773480961751","0.843754700390745","1.54531821941359","0.739137726410886","0.118752864844927","0.9948","0.774763752138823","0.62796175681631","0.509188545600576","0.42509546319859","0.438647550983209","05_10"
"10.7452617024544","1.09309482516085","0.849987870741133","1.54035496248433","0.745261702454408","0.13564158164278","0.9944","0.781989470369959","0.622373624519364","0.666311217772245","0.287527708303996","0.485620375893451","05_10"
"10.7131007003111","1.12792409395283","0.829338640127571","1.62889508859652","0.713100700311133","0.123984651137957","0.9982","0.793199591540267","0.645602932225449","0.544137484757463","0.465645842264788","0.548582371461752","05_10"
"10.6873254111365","1.16378888763651","0.812251874773627","1.73727017387518","0.687325411136499","0.144470098928649","1","0.80014002897317","0.702582924987813","0.57174354501405","0.731758945198208","0.674240095802173","05_10"
"10.7212085487485","1.12486239997812","0.835336028654556","1.62109384286337","0.721208548748478","0.153160838840776","0.998","0.787369896098973","0.65870851976797","0.698573211534679","0.524283074106626","0.470585628175259","05_10"
"10.7271862249434","1.11067604289891","0.831621261537802","1.58805029558972","0.727186224943397","0.116277497479067","0.9944","0.797666918958362","0.521600113018796","0.573456275809061","0.344611964437024","0.221267746589446","05_10"
"10.7308959992534","1.10217622943993","0.835282208380895","1.57238301914479","0.730895999253447","0.116238112419606","0.9928","0.792649807610946","0.641076457605793","0.565916298966405","0.210819238319817","0.425837808586985","05_10"
"10.7723169870217","1.03209736601925","0.875873348480808","1.38748943916185","0.772316987021665","0.130677135515709","0.9792","0.747996421474438","0.577510603936389","0.611503995202418","0.329135001721963","0.459398155036536","05_10"
"10.7140293054941","1.13768007775672","0.835482761302951","1.62803337661517","0.71402930549406","0.166051972038214","0.9988","0.771983978969749","0.691413157667902","0.645533150160491","0.896372553892434","0.445434301290366","05_10"
"10.7627265266225","1.06050515831809","0.873136678149958","1.45991417643194","0.762726526622479","0.164943607274204","0.9902","0.751506119029091","0.671783826564374","0.736199567703504","0.459960483783713","0.599697932545638","05_10"
"10.7949264376348","1.01711840794208","0.884675307047376","1.31926757468533","0.79492643763477","0.119137569530822","0.9548","0.746035142982339","0.534495056708378","0.608597074383824","0.122751253303814","0.441431511210322","05_10"
"10.7038124637826","1.10367299581512","0.838212514461429","1.5851232282385","0.70381246378258","0.0622130064639403","0.9852","0.796728540033264","0.696121678984364","0.129306000424549","0.373365623000642","0.494571001584489","05_10"
"0.114491059739064","0.403234268255377","1.21508160063863","0.0154992320318999","0.114491059739064","0.240023679038378","0.1178","0.357248281361535","0.684376475643194","0.53881590907878","0.367727667512649","0.439721857773522","05_10"
"10.7170800512527","1.12919978746368","0.828587450648905","1.6371171722604","0.717080051252749","0.137737580662129","0.9986","0.794618065857872","0.644193043679438","0.6381629704311","0.468159028534494","0.395998284091786","05_10"
"10.7547001536824","1.06013886953317","0.864527044218366","1.47493511512504","0.754700153682441","0.146565081245394","0.9908","0.761569660255379","0.622369077250088","0.67995149960955","0.41429424211512","0.332027577144464","05_10"
"10.7391377264109","1.09773480961751","0.843754700390745","1.54531821941359","0.739137726410886","0.118752864844927","0.9948","0.774763752138823","0.62796175681631","0.509188545600576","0.42509546319859","0.438647550983209","05_10"
"10.7616421323626","1.05983578270086","0.865139544539497","1.45346123249812","0.761642132362632","0.131282162060293","0.9872","0.769240563680494","0.532490100256231","0.659427580803327","0.256368224080142","0.48576800561277","05_10"
"10.7271862249434","1.11067604289891","0.831621261537802","1.58805029558972","0.727186224943397","0.116277497479067","0.9944","0.797666918958362","0.521600113018796","0.573456275809061","0.344611964437024","0.221267746589446","05_10"
"10.7535342891686","1.07979789179982","0.849323981999641","1.50776088660045","0.753534289168594","0.119211856818061","0.9896","0.776932159440729","0.627931555192199","0.572697370069115","0.21407448050089","0.638059087969049","05_10"
"10.7692682393181","1.02559429947448","0.881803293072342","1.37767536874743","0.769268239318143","0.142583830294408","0.9806","0.746409360769321","0.62236622007116","0.669403570973633","0.295195092753547","0.330484276136475","05_10"
"10.7115603477676","1.12918534019561","0.828086177636333","1.63926299610249","0.71156034776755","0.13282409681185","0.9986","0.792067255009255","0.60284926945584","0.576390002472662","0.651547073685616","0.548159217255271","05_10"
"10.7949264376348","1.01711840794208","0.884675307047376","1.31926757468533","0.79492643763477","0.119137569530822","0.9548","0.746035142982339","0.534495056708378","0.608597074383824","0.122751253303814","0.441431511210322","05_10"
"10.7949264376348","1.01711840794208","0.884675307047376","1.31926757468533","0.79492643763477","0.119137569530822","0.9548","0.746035142982339","0.534495056708378","0.608597074383824","0.122751253303814","0.441431511210322","05_10"
"10.78518477607","0.991813492201212","0.901794057569549","1.28386245717534","0.785184776069964","0.145083738923095","0.9592","0.713157705852308","0.644178759503224","0.610103417854695","0.395022944346021","0.389193396941825","05_10"
"10.7651203663544","1.06283991247568","0.855798964540033","1.45412554805486","0.765120366354408","0.117886305209032","0.9852","0.770160879861755","0.618425806930219","0.57984755043309","0.167676992827472","0.507659524422362","05_10"
"10.7268311068007","1.1181376153371","0.834725554871799","1.61496940640225","0.726831106800691","0.142416136107369","0.997","0.795525136606157","0.62578446071394","0.704722332250015","0.35174295229069","0.292570516367631","05_10"
"10.7774863708247","1.00037521966603","0.899804643542411","1.32042726775817","0.777486370824675","0.155096713003689","0.9682","0.725989550654741","0.622361672801884","0.683043852810938","0.421961626564671","0.176891477387487","05_10"
"10.7641923897708","1.0348218865482","0.876623815752615","1.39330876603698","0.764192389770846","0.139743063548255","0.9834","0.748889616901553","0.59877244279465","0.650087241417403","0.353877927547931","0.420473804150862","05_10"
"10.7271862249434","1.11067604289891","0.831621261537802","1.58805029558972","0.727186224943397","0.116277497479067","0.9944","0.797666918958362","0.521600113018796","0.573456275809061","0.344611964437024","0.221267746589446","05_10"
"10.7623546801169","1.05129401353504","0.871641135623454","1.43285562735016","0.762354680116854","0.142121479628387","0.9872","0.749876365424312","0.636726695668486","0.626507631107076","0.43092903015794","0.436970443356206","05_10"
"10.7320946425995","1.11001470649714","0.839872563726932","1.59694439180394","0.73209464259951","0.144455376062257","0.997","0.783284047982937","0.662350247305066","0.663069535830724","0.452332095034732","0.463610682848261","05_10"
"10.763172569085","1.04461456035705","0.871683826217006","1.42873091941313","0.763172569085018","0.143198543362954","0.9866","0.753647901381296","0.567599478869231","0.664201692910865","0.452829495930048","0.528395162767454","05_10"
"10.7641521025895","1.03483269435581","0.876002102460767","1.39443149704765","0.764152102589511","0.140286101242101","0.9842","0.749433244267973","0.611692017456077","0.652974528712223","0.341674207635739","0.3153048875824","05_10"
"10.7171580797491","1.09432383304922","0.844450082130857","1.54660870338487","0.717158079749066","0.0537613430898502","0.9742","0.783152350736243","0.659455158758368","0.0715024236124009","0.405361633763819","0.466978363653975","05_10"
"10.78518477607","0.991813492201212","0.901794057569549","1.28386245717534","0.785184776069964","0.145083738923095","0.9592","0.713157705852308","0.644178759503224","0.610103417854695","0.395022944346021","0.389193396941825","05_10"
"10.7567790125588","1.04330958855415","0.886938464143126","1.41320848904872","0.756779012558797","0.176250392606661","0.9824","0.749335494920212","0.627197640794387","0.833818850985442","0.413298897702358","0.585847915320856","05_10"
"10.7670702464819","1.06331191114816","0.862883768737846","1.45913785989472","0.767070246481921","0.126895071162084","0.9844","0.776838664291611","0.280784033442835","0.690995847788491","0.437972383924325","0.49884952603978","05_10"
"10.7458661680264","1.08939426175675","0.852411049992073","1.5327390607908","0.745866168026434","0.135792165717825","0.9938","0.769312776770696","0.631237909358847","0.600673706461325","0.456678438671519","0.288503405493033","05_10"
"10.7122092570136","1.12681857875585","0.827926365501812","1.62305700656316","0.712209257013622","0.123044586368027","0.9978","0.797121477271154","0.620600618222217","0.559450891166178","0.434669036796532","0.509599279731451","05_10"
"10.7774863708247","1.00037521966603","0.899804643542411","1.32042726775817","0.777486370824675","0.155096713003689","0.9682","0.725989550654741","0.622361672801884","0.683043852810938","0.421961626564671","0.176891477387487","05_10"
"10.7774863708247","1.00037521966603","0.899804643542411","1.32042726775817","0.777486370824675","0.155096713003689","0.9682","0.725989550654741","0.622361672801884","0.683043852810938","0.421961626564671","0.176891477387487","05_10"
"10.7478909387312","1.09091769497236","0.854402886484247","1.53444732462581","0.747890938731191","0.155755551152493","0.9946","0.776053127629739","0.587900128609039","0.756268445271205","0.446043815806755","0.491968432156433","05_10"
"10.7536585192115","1.07582932652694","0.863008909547628","1.51293176427074","0.753658519211524","0.166159982455351","0.992","0.767942823688274","0.630435600780467","0.800274388914849","0.402523506125675","0.293490278467265","05_10"
"10.7277931672359","1.11012189222529","0.833756085727316","1.58697507255687","0.727793167235916","0.116038091593393","0.995","0.793745033227475","0.546602427022029","0.558142869400346","0.375588769905281","0.260250838319747","05_10"
"10.7757172672781","1.00220561674155","0.894945721240676","1.32232688775997","0.775717267278076","0.146379812231677","0.9674","0.722784313124307","0.643314994200918","0.628495191053026","0.397005088132703","0.317951987826101","05_10"
"10.752671120133","1.07221636825008","0.854461299615307","1.47861939931888","0.752671120133047","0.124412757783814","0.99","0.771025004610784","0.623331783331452","0.589766869899031","0.261332352864807","0.555967781852175","05_10"
"0.301884061788342","0.572732982034081","1.13613130629473","0.0427931150555582","0.301884061788342","0.198805551835987","0.205","0.48998980014585","0.534495056708378","0.608597074383824","0.122751253303814","0.441431511210322","05_10"
"10.7691348182398","1.01646081743592","0.888011639502052","1.34012990600962","0.769134818239824","0.140492576478723","0.973","0.732858672483454","0.622096320194071","0.619763286612703","0.36737940171786","0.419984842333737","05_10"
"10.7949264376348","1.01711840794208","0.884675307047376","1.31926757468533","0.79492643763477","0.119137569530822","0.9548","0.746035142982339","0.534495056708378","0.608597074383824","0.122751253303814","0.441431511210322","05_10"
"10.7774863708247","1.00037521966603","0.899804643542411","1.32042726775817","0.777486370824675","0.155096713003689","0.9682","0.725989550654741","0.622361672801884","0.683043852810938","0.421961626564671","0.176891477387487","05_10"
"10.78518477607","0.991813492201212","0.901794057569549","1.28386245717534","0.785184776069964","0.145083738923095","0.9592","0.713157705852308","0.644178759503224","0.610103417854695","0.395022944346021","0.389193396941825","05_10"
"0.0523975518050628","0.173531137056538","1.29040131695421","0.00556191510478756","0.0523975518050628","0.27628395689478","0.0202","0.33364394819364","0.434874212262754","0.673719604828864","0.158305138032787","0.488748032502128","05_10"
"10.7720199737875","1.04784227421523","0.867330432316446","1.40993306243369","0.772019973787525","0.123614358588782","0.9806","0.765107107898089","0.38040487788846","0.625873317343451","0.402418499195353","0.451533004747974","05_10"
"10.7949264376348","1.01711840794208","0.884675307047376","1.31926757468533","0.79492643763477","0.119137569530822","0.9548","0.746035142982339","0.534495056708378","0.608597074383824","0.122751253303814","0.441431511210322","05_10"
"10.7730311468601","1.00672651486575","0.892106274095551","1.33228320081643","0.773031146860144","0.145001603332547","0.971","0.729188650270407","0.620854882103803","0.640427372659395","0.381521470176092","0.38968235875895","05_10"
"10.7596776223821","1.06258135470042","0.862013906416712","1.47970988326948","0.759677622382065","0.133815211449521","0.9886","0.774395837695853","0.423302885444386","0.684039433893782","0.441680805927482","0.376265605094419","05_10"
"10.7949264376348","1.01711840794208","0.884675307047376","1.31926757468533","0.79492643763477","0.119137569530822","0.9548","0.746035142982339","0.534495056708378","0.608597074383824","0.122751253303814","0.441431511210322","05_10"
"10.7715678265626","1.03584780975213","0.876102314555071","1.40364236069208","0.771567826562567","0.136004098897696","0.983","0.754805758900631","0.569322971973574","0.655659780971217","0.290919055601793","0.449742133222101","05_10"
"10.7522472738458","1.07295292316015","0.857345505843947","1.48689430694314","0.752247273845812","0.129000235689442","0.9902","0.766701254472424","0.568515813882112","0.596584129657377","0.440025408532777","0.467375812638449","05_10"
"5.80232959616247","0.966492471556742","0.91134189795915","1.19146680995776","0.802329596162466","0.129855464112066","0.9214","0.713356149212707","0.600325180405925","0.609468895469117","0.167802728052574","0.409457120715198","05_10"
"10.766511495129","1.04969347408227","0.86982121149061","1.43932904212317","0.76651149512897","0.135581762661696","0.986","0.762034184681843","0.597462394303798","0.65980318129821","0.267208542491862","0.469608718658542","05_10"
"10.764296601942","1.06100544070792","0.860159003240689","1.44941801248986","0.76429660194204","0.120979120041517","0.9856","0.766707316942146","0.619405218916445","0.587291533526213","0.203951285337942","0.337622171399539","05_10"
"10.763230464103","1.04614767892485","0.872643021847987","1.42243304354221","0.763230464103012","0.141366299082621","0.9864","0.749825352733471","0.620799585410907","0.634564020449738","0.412706609756301","0.400449977003835","05_10"
"10.7805124865605","0.984798690355924","0.90636660932968","1.27621681363315","0.7805124865605","0.154388665143958","0.9602","0.716362943382743","0.62322543810419","0.664652079612607","0.41997948277799","0.248132886503211","05_10"
"10.7745997387502","1.00606152537606","0.891205986040745","1.34427547048918","0.774599738750206","0.148526770670706","0.9718","0.731896705484686","0.626961444662631","0.665974352981022","0.374703754200755","0.258982783504361","05_10"
"10.7774863708247","1.00037521966603","0.899804643542411","1.32042726775817","0.777486370824675","0.155096713003689","0.9682","0.725989550654741","0.622361672801884","0.683043852810938","0.421961626564671","0.176891477387487","05_10"
"10.773223611452","1.03066698867386","0.8772081156861","1.38334813065342","0.773223611452047","0.13173637785585","0.9784","0.745836699621941","0.578348635805678","0.609231596769403","0.349971469597262","0.421167787436949","05_10"
"10.769973516139","1.03051439605103","0.879742407958778","1.38669303172745","0.769973516138981","0.1393320171928","0.981","0.749862923688931","0.621386808084934","0.66195958788051","0.258920800243077","0.500521629159297","05_10"
"10.7550663803914","1.06888527808015","0.855265481383342","1.47578251807714","0.755066380391383","0.125192741273204","0.9898","0.771755603366454","0.488719057357297","0.607630120356034","0.452970016668363","0.411087326438394","05_10"
"10.7638445003469","1.05319848794473","0.868199446694889","1.44806273080592","0.76384450034687","0.135058896291339","0.9868","0.763324421681416","0.561939571077307","0.653855041249513","0.31932709602628","0.45649967654153","05_10"
"10.78518477607","0.991813492201212","0.901794057569549","1.28386245717534","0.785184776069964","0.145083738923095","0.9592","0.713157705852308","0.644178759503224","0.610103417854695","0.395022944346021","0.389193396941825","05_10"
"10.7716927837007","1.0307547947925","0.878304882222745","1.39045969467606","0.771692783700692","0.137518321360268","0.9814","0.753615739767973","0.557393926023593","0.669027970478751","0.284354774341828","0.346643563090703","05_10"
"10.750314313625","1.07773926106039","0.857338400726343","1.48861163812279","0.75031431362502","0.13135849080867","0.991","0.761710399047695","0.627045421803428","0.576806108854064","0.437899550595861","0.499666901112214","05_10"
"10.7629036854295","1.04094768937114","0.874785992673949","1.41111430402395","0.76290368542947","0.14072341072457","0.9848","0.749484256958814","0.627619127713656","0.644918139369561","0.359896628037378","0.351825353934771","05_10"
"10.4735302973187","1.53309468393604","0.639373426435737","2.35366077684171","0.473530297318672","0.213604007477779","1","0.8","0.7","0.5","0.4","0.4","10_10"
"10.4735302973187","1.53309468393604","0.639373426435737","2.35366077684171","0.473530297318672","0.213604007477779","1","0.8","0.7","0.5","0.4","0.4","10_10"
"0.101651619506813","0.39628488189942","1.24374820632759","0.010968499541618","0.101651619506813","0.264477579668982","0.1092","0.2655086631421","0.380035179434344","0.79423986072652","0.0706790471449494","0.34668348915875","10_10"
"0.834931456235192","0.940651665527523","0.956209280854573","0.941544661182004","0.834931456235192","0.0609363154955156","0.7134","0.37212389963679","0.777445221319795","0.107943625887856","0.0994661601725966","0.333774930797517","10_10"
"10.7759106094497","1.21602452444311","0.810622338004195","1.61478094737041","0.775910609449698","0.280614524515787","0.9786","0.572853363351896","0.934705231105909","0.723710946040228","0.31627170718275","0.476351245073602","10_10"
"10.4700571843491","1.41396741163357","0.697154294806607","2.30289604900784","0.470057184349068","0.122136215375604","1","0.908207789994776","0.212142521282658","0.411274429643527","0.518634263193235","0.892198335845023","10_10"
"0.253274172725764","0.310211248782116","1.26874825275596","0.10863808592389","0.253274172725764","0.288290511188008","0.2312","0.201681931037456","0.651673766085878","0.820946294115856","0.662005076417699","0.864339470630512","10_10"
"10.4325035089358","1.49407477784621","0.648203573671807","2.43014785336683","0.432503508935777","0.142813613443611","1","0.898389684967697","0.125555095961317","0.647060193819925","0.406830187188461","0.389989543473348","10_10"
"10.3120591683601","1.69792432136333","0.543170444558179","2.75239119229758","0.312059168360067","0.20467265305656","1","0.944675268605351","0.267220668727532","0.78293276228942","0.912875924259424","0.777320698834956","10_10"
"10.7127045624244","1.22205695783061","0.812824158574083","1.75217336788041","0.712704562424425","0.170786137377968","0.9882","0.660797792486846","0.386114092543721","0.553036311641335","0.293603372760117","0.960617997217923","10_10"
"5.78299616348536","1.0917983885403","0.868909376837364","1.435411602673","0.782996163485361","0.124062258614019","0.9226","0.62911404389888","0.0133903331588954","0.529719580197707","0.459065726259723","0.434659484773874","10_10"
"0.0342821505084836","0.0890837334124003","1.34955446039502","0.00361842508070829","0.0342821505084836","0.309503316222276","0","0.0617862704675645","0.382387957070023","0.789356231689453","0.332394674187526","0.712514678714797","10_10"
"5.78827191128288","0.965861086980682","0.938575447190825","1.08112225958432","0.788271911282883","0.0542513160005197","0.777","0.205974574899301","0.86969084572047","0.023331202333793","0.65087046707049","0.399994368897751","10_10"
"0.113555948061451","0.433724668730512","1.22099877244556","0.0119055890751881","0.113555948061451","0.236424454219743","0.0308","0.176556752528995","0.34034899668768","0.477230065036565","0.258016780717298","0.325352151878178","10_10"
"10.6788374843796","1.35236483306255","0.736837772949972","1.9350064434557","0.678837484379571","0.238425145843903","0.9968","0.687022846657783","0.482080115471035","0.7323137386702","0.478545248275623","0.757087148027495","10_10"
"5.7328356699041","0.850407760390927","1.0156761710328","1.06087574010598","0.732835669904098","0.308767369486663","0.8438","0.384103718213737","0.599565825425088","0.692731556482613","0.766310670645908","0.202692255144939","10_10"
"10.6132963913201","1.29581119319176","0.764574730872966","1.98156523484775","0.613296391320086","0.130698228464545","0.998","0.769841419998556","0.493541307048872","0.477619622135535","0.0842469143681228","0.711121222469956","10_10"
"5.78929630102573","0.918825841026595","0.966994252218728","1.08876286895175","0.789296301025725","0.251672346394543","0.8208","0.497699242085218","0.186217601411045","0.8612094768323","0.875321330036968","0.121691921027377","10_10"
"10.5575897464697","1.42519766557871","0.701417544045262","2.14889796897759","0.557589746469719","0.208124303238424","1","0.717618508264422","0.827373318606988","0.438097107224166","0.339072937844321","0.245488513959572","10_10"
"10.2904085756026","1.77341063257502","0.501711508196634","2.78406849294465","0.29040857560261","0.271659963501833","1","0.991906094830483","0.668466738192365","0.244797277031466","0.839440350187942","0.14330437942408","10_10"
"0.704784311255108","0.802215870419252","1.03611246940704","0.115892991806428","0.704784311255108","0.0971063365115099","0.3518","0.1","0.1","0.1","0.1","0.1","10_10"
"0.521107762215259","0.745702154260251","1.06447980181927","0.0677207900283125","0.521107762215259","0.134567437636015","0.2488","0.2","0.2","0.2","0.2","0.2","10_10"
"0.724015527247066","0.777115529992197","1.06260971609356","0.30519759744858","0.724015527247066","0.133761838742075","0.3674","0.3","0.3","0.3","0.3","0.3","10_10"
"0.782056122070755","0.874820423920397","0.996912258592203","0.871923691266373","0.782056122070755","0.161812500937145","0.7262","0.4","0.4","0.4","0.4","0.4","10_10"
"5.78991808541932","1.05194817839912","0.905508074423167","1.32430420847924","0.78991808541932","0.20678551581623","0.935","0.5","0.5","0.5","0.5","0.5","10_10"
"10.7284108036175","1.25871132253329","0.787206885438912","1.72945210536689","0.728410803617465","0.255328426514908","0.9908","0.6","0.6","0.6","0.6","0.6","10_10"
"10.5912823108775","1.48170621495518","0.6561096006992","2.16155622422733","0.591282310877537","0.290085598298163","0.9992","0.7","0.7","0.7","0.7","0.7","10_10"
"10.4147362177794","1.71964123716462","0.527507333766671","2.559094557011","0.414736217779398","0.320467227664989","1","0.8","0.8","0.8","0.8","0.8","10_10"
"10.2419194464739","1.92519802257574","0.405227250146242","2.94128339168342","0.241919446473892","0.360550902278666","1","0.9","0.9","0.9","0.9","0.9","10_10"
"10.1095392940773","2.09694939879412","0.286555375476777","3.24541916244724","0.109539294077259","0.422791487281292","1","1","1","1","1","1","10_10"
"10.770484455956","1.21125739644842","0.81068327143735","1.62474157591163","0.770484455955956","0.272736075057644","0.9804","0.576250326743874","0.862029359166204","0.706114586895134","0.329877456513336","0.602729813971943","10_10"
"10.4437971427382","1.67122851107936","0.55949127554337","2.49069283532866","0.443797142738219","0.29997721144385","1","0.796135734743439","0.728669843706302","0.789923095889389","0.704969506151974","0.787818223726936","10_10"
"10.5372849841536","1.45511125830561","0.684387515748198","2.23115164254213","0.537284984153554","0.182723731068391","1","0.80181246088358","0.326306678577001","0.709723200926861","0.316997739134209","0.893549399939478","10_10"
"10.7759106094497","1.21602452444311","0.810622338004195","1.61478094737041","0.775910609449698","0.280614524515787","0.9786","0.572853363351896","0.934705231105909","0.723710946040228","0.31627170718275","0.476351245073602","10_10"
"10.7284108036175","1.25871132253329","0.787206885438912","1.72945210536689","0.728410803617465","0.255328426514908","0.9908","0.6","0.6","0.6","0.6","0.6","10_10"
"10.205468192261","1.90521942749186","0.424250146884277","3.00981777258597","0.205468192260977","0.285773181961875","1","0.96988566443434","0.748163325068148","0.991451305053503","0.381304419903565","0.850180229131525","10_10"
"10.6965276810334","1.17859838403737","0.823851266740394","1.71412312023805","0.696527681033448","0.121520696504935","0.9846","0.681636815492108","0.234844877044424","0.36297763479417","0.514433535209918","0.641587542072648","10_10"
"0.64227528408702","0.711113053321053","1.09224166817368","0.228365837372424","0.64227528408702","0.166769672651167","0.3084","0.275899730885762","0.300305413804938","0.36021561766966","0.532557082842168","0.640394867801946","10_10"
"10.7759106094497","1.21602452444311","0.810622338004195","1.61478094737041","0.775910609449698","0.280614524515787","0.9786","0.572853363351896","0.934705231105909","0.723710946040228","0.31627170718275","0.476351245073602","10_10"
"10.5855199417759","1.50568308221507","0.650232314922489","2.17521391253177","0.585519941775899","0.302654507770733","0.9992","0.696603036608023","0.772675871939705","0.717596359145094","0.686394250669414","0.573621431101658","10_10"
"10.3572860647505","1.64862946575562","0.573909768158741","2.64029869078314","0.357286064750462","0.208368748510544","1","0.915133111678646","0.325100099859987","0.690786675804128","0.833348373317412","0.72828329352537","10_10"
"10.4210155010484","1.62673461490367","0.585179633714485","2.49208466321577","0.421015501048384","0.266774112867576","1","0.799955755564216","0.745377981980724","0.486168317082032","0.702942494464558","0.860940993338431","10_10"
"10.6114771065251","1.45945994713598","0.668833339696053","2.10646196709189","0.611477106525103","0.290041038181455","0.999","0.692512792367162","0.681327950838423","0.71719761945884","0.679663620907879","0.722963688707078","10_10"
"10.4279611538656","1.51374570977072","0.650113549980259","2.43390267845957","0.427961153865602","0.14352218709831","1","0.907354476561575","0.207454082450649","0.58123913046954","0.420634758070575","0.790330535139939","10_10"
"10.6169795396382","1.4271792965843","0.686459958572821","2.07328315993756","0.616979539638193","0.257133500996345","0.999","0.713320994914802","0.48487779178893","0.747742983375091","0.746502381733967","0.0222068231087178","10_10"
"10.2761652341624","1.85364774547599","0.451264809257037","2.85726630692097","0.276165234162419","0.31598855100683","1","0.899748161621392","0.77511987532489","0.811025326186791","0.785888792574406","0.815175556158647","10_10"
"10.6590114564056","1.36886884242481","0.724284514608844","1.98197961574718","0.659011456405586","0.239219782604931","0.9976","0.694510054290621","0.500752164632612","0.71511611921136","0.498881627367744","0.734123459320416","10_10"
"10.3325570486485","1.77137656308971","0.504419516275737","2.70622861246842","0.332557048648547","0.281635147133194","1","0.870734394639152","0.865457214601295","0.630817720276123","0.548397065870992","0.886265473129888","10_10"
"5.80465316168581","1.00159287177032","0.926872980211387","1.20304533314941","0.804653161685807","0.118669379162869","0.879","0.526570974502668","0.277297644238234","0.348296794849356","0.304200727983317","0.550610793772375","10_10"
"10.1498292566932","2.02451524439733","0.334541695169538","3.15293022516772","0.149829256693172","0.377921869323485","1","0.973701851742981","0.997202323682106","0.984570755295109","0.732042866541656","0.825943113984182","10_10"
"10.4762789443144","1.40339110900875","0.697380286317267","2.2856964210447","0.476278944314427","0.116671213583829","1","0.899242998400898","0.130243534793326","0.477095492993912","0.504829692311121","0.491857344178433","10_10"
"10.5106508879413","1.4896721691176","0.670304562352832","2.27882034461783","0.510650887941314","0.202438798068004","1","0.803660600208618","0.327028082694252","0.626245873003894","0.889481557885332","0.844389296113401","10_10"
"10.5608819067033","1.56288894743942","0.620313609936266","2.21854740368979","0.56088190670334","0.332661258824451","0.9998","0.700251838378608","0.82488012467511","0.788974673813209","0.814111207425594","0.784824443841353","10_10"
"10.5560526180762","1.53703323721309","0.634098869604532","2.22409337394785","0.556052618076155","0.310393290340712","0.9996","0.703864265256561","0.771330156293698","0.710076904110611","0.795030493848026","0.712181776273064","10_10"
"10.4989002366856","1.41510529816405","0.70749396380886","2.24250365586955","0.498900236685608","0.132975203666602","1","0.864639138316536","0.262688693509195","0.434080811498677","0.476498176061074","0.253140742328654","10_10"
"10.5040778507458","1.48560765884661","0.670132335594058","2.27967958678824","0.504077850745767","0.210046467081822","1","0.761187159942662","0.77682714638045","0.415290725369016","0.381209024976482","0.884546107475941","10_10"
"10.4321724372284","1.60317941154377","0.600624583016584","2.46434297790713","0.432172437228381","0.231902250889946","1","0.829542156926706","0.642120568867545","0.592146086485292","0.479527550942013","0.449037405309586","10_10"
"10.4069394384073","1.58528442419417","0.618086191241215","2.47895174123905","0.406939438407261","0.23142158720331","1","0.838282634008315","0.78152795319819","0.0743900143076593","0.636947647421557","0.651797836940828","10_10"
"10.6132963913201","1.29581119319176","0.764574730872966","1.98156523484775","0.613296391320086","0.130698228464545","0.998","0.769841419998556","0.493541307048872","0.477619622135535","0.0842469143681228","0.711121222469956","10_10"
"10.4979678465061","1.54498303079914","0.623894213401662","2.34307560871722","0.497967846506109","0.228524952209534","1","0.799107025359405","0.528084092447577","0.746801901859412","0.43584984849713","0.724855749340067","10_10"
"10.3765954775505","1.66831602208383","0.558565003389995","2.6025455680958","0.376595477550506","0.234676771245792","1","0.874546630319986","0.756405252647258","0.590275839894348","0.381226123916339","0.872695155694758","10_10"
"10.6114771065251","1.45945994713598","0.668833339696053","2.10646196709189","0.611477106525103","0.290041038181455","0.999","0.692512792367162","0.681327950838423","0.71719761945884","0.679663620907879","0.722963688707078","10_10"
"10.421428303642","1.62614524708113","0.585584191118921","2.49094486505875","0.421428303642042","0.266415493750791","1","0.799955755564216","0.743514884263277","0.486168317082032","0.702942494464558","0.860940993338431","10_10"
"10.3719921627433","1.64214623130466","0.577364372384956","2.60592509038618","0.371992162743343","0.212221322026156","1","0.900124873624658","0.63313092820772","0.521956109917019","0.390712274804138","0.825751477127163","10_10"
"10.5829423204977","1.35426371824524","0.740966036494536","2.07789358548971","0.582942320497714","0.155235995964315","0.9998","0.768416762879579","0.35115030062338","0.474573745921537","0.411131508242919","0.849125165488717","10_10"
"10.4985589893448","1.4632069672338","0.701252001251865","2.23952513048866","0.498558989344792","0.212108155487688","1","0.69989358916804","0.73618911831958","0.196925730564516","0.679305197565198","0.690829136029181","10_10"
"10.770484455956","1.21125739644842","0.81068327143735","1.62474157591163","0.770484455955956","0.272736075057644","0.9804","0.576250326743874","0.862029359166204","0.706114586895134","0.329877456513336","0.602729813971943","10_10"
"10.6422270779598","1.39009599933918","0.710337675028181","2.00825316680306","0.642227077959794","0.251998976922573","0.9982","0.695520448842684","0.506650232728588","0.716679423156472","0.628184624664381","0.579112146510162","10_10"
"10.4847864184304","1.50926256700821","0.652757868901241","2.31387126075537","0.484786418430365","0.199678272475262","1","0.804582970985736","0.625244376185889","0.532437914588564","0.34460475848072","0.819671582363825","10_10"
"10.4632383152244","1.49175722472258","0.669644501947013","2.35715085662058","0.463238315224418","0.168627850151375","1","0.859187047041138","0.386689044249249","0.475956590733935","0.487157156144945","0.683608761843247","10_10"
"10.7539055133229","1.21131703808474","0.820892382457112","1.63448476383832","0.753905513322918","0.222575246981822","0.9842","0.603042525075366","0.785025642397856","0.633351025536437","0.217109164022272","0.52009755588387","10_10"
"10.6771197957548","1.28385461664132","0.789381390216665","1.83974198236919","0.677119795754774","0.20640497871094","0.9952","0.636485668454863","0.56286484860345","0.460255289217457","0.506025113386612","0.655061606603503","10_10"
"10.4210155010484","1.62673461490367","0.585179633714485","2.49208466321577","0.421015501048384","0.266774112867576","1","0.799955755564216","0.745377981980724","0.486168317082032","0.702942494464558","0.860940993338431","10_10"
"10.4639961737315","1.47894236229985","0.673350175283983","2.34373043538031","0.463996173731477","0.162969676330227","1","0.860072676728857","0.437418852780495","0.451118200023","0.381554334357073","0.393435111079351","10_10"
"10.3794723291704","1.7110259110757","0.534162385855376","2.61828512278206","0.379472329170399","0.263845013253295","1","0.856526194057016","0.768585218801341","0.81646619052817","0.381287320963707","0.862031180912708","10_10"
"10.4633832114586","1.62419702972401","0.590225494779101","2.42835291174018","0.463383211458592","0.269013167257611","1","0.801587826018838","0.604669492966249","0.748047316654132","0.694310526068104","0.357350204212343","10_10"
"10.5709791768029","1.48114069519705","0.664931944775241","2.17029644503715","0.570979176802907","0.26579636091829","0.9994","0.707093277868468","0.705903776937433","0.613228738378557","0.623158190893925","0.642005263274214","10_10"
"10.4886132237512","1.50025763860488","0.673380176356324","2.28240255601556","0.488613223751193","0.201648563447689","1","0.799983320798641","0.470013806530691","0.501202508890517","0.58837699538377","0.878679888421119","10_10"
"10.7099639721678","1.20198048908584","0.831158373403805","1.66703017333907","0.709963972167823","0.1967117228995","0.9872","0.592722398156084","0.517510482653641","0.446676600536915","0.50799303537359","0.617204684538439","10_10"
"10.4087740115432","1.68430376580187","0.556003362623349","2.5660519450782","0.408774011543203","0.275709244196689","1","0.826313144314799","0.707546948223809","0.688994252217346","0.651399853896114","0.519213918308437","10_10"
"10.6050418841206","1.37200770533431","0.732420327883478","2.05389383342314","0.60504188412056","0.178826621096085","1","0.739652258275087","0.643220895756924","0.567979542639326","0.183409457528601","0.667374911659687","10_10"
"10.6102894508771","1.29750848949464","0.764446909050944","1.97189296406363","0.610289450877133","0.127901256649143","0.9976","0.774407881586236","0.318811147777572","0.460582233611212","0.179190756072124","0.570826853719259","10_10"
"10.5855199417759","1.50568308221507","0.650232314922489","2.17521391253177","0.585519941775899","0.302654507770733","0.9992","0.696603036608023","0.772675871939705","0.717596359145094","0.686394250669414","0.573621431101658","10_10"
"10.6933238802575","1.33127415155566","0.745002881831597","1.87394224726644","0.693323880257517","0.260474394012425","0.996","0.658024385835757","0.537887316029163","0.711909484128315","0.592856513981132","0.679061852716913","10_10"
"10.7759106094497","1.21602452444311","0.810622338004195","1.61478094737041","0.775910609449698","0.280614524515787","0.9786","0.572853363351896","0.934705231105909","0.723710946040228","0.31627170718275","0.476351245073602","10_10"
"10.3981761468913","1.67320829593033","0.56138246644938","2.56235290331251","0.398176146891264","0.267768484857435","1","0.830901837207437","0.726666785717033","0.594661903201984","0.637306070764237","0.683932389618726","10_10"
"10.6032924261741","1.47398122307735","0.663542104261315","2.12496490218186","0.603292426174125","0.287119175139921","0.9992","0.695592642055959","0.76677780384373","0.716033055199982","0.557091253372777","0.728632743911912","10_10"
"10.4969284970564","1.54215911536588","0.634293159104242","2.32723151763776","0.496928497056416","0.24850380777276","1","0.764864439352639","0.633841422544011","0.540334089482392","0.682313587478044","0.850255515168223","10_10"
"10.4138197076726","1.59386083801303","0.606515821650641","2.46708318853226","0.413819707672568","0.246679848895208","1","0.816266078867765","0.641075963268683","0.269194305795281","0.884672887024191","0.755582054703703","10_10"
"10.4689704772639","1.51895634535697","0.665909881842469","2.32710078054403","0.468970477263924","0.197126498293943","1","0.825677155349169","0.467480072623759","0.431441581516272","0.641756318282698","0.740605078350526","10_10"
"10.752840139372","1.13636468103654","0.859732950725225","1.56235965541755","0.752840139372021","0.159962534730637","0.9698","0.592722398156084","0.517510482653641","0.446676600536915","0.239086773013696","0.617204684538439","10_10"
"10.5914918834976","1.46564943364001","0.674752136459803","2.13392890932933","0.591491883497627","0.263102903735305","0.9994","0.695050955021522","0.912034732058266","0.643578561956994","0.386967074851267","0.835699892893897","10_10"
"10.7843828765615","1.16861819032086","0.839467183902029","1.56436156166513","0.784382876561528","0.243267405642855","0.9706","0.584827922139009","0.555200479858321","0.700801545503254","0.369547781015645","0.734018820208482","10_10"
"10.7170908501063","1.25329828629705","0.792827062364841","1.7328659937261","0.717090850106299","0.239845469563309","0.992","0.586163597203317","0.831617155160869","0.535595785579878","0.389026244833886","0.614822396329281","10_10"
"10.770484455956","1.21125739644842","0.81068327143735","1.62474157591163","0.770484455955956","0.272736075057644","0.9804","0.576250326743874","0.862029359166204","0.706114586895134","0.329877456513336","0.602729813971943","10_10"
"10.5598756969417","1.44876901657407","0.686251259904975","2.16744128071639","0.55987569694169","0.226147059801519","1","0.736771287931806","0.52825184487201","0.569153472146188","0.608340377769134","0.866942032100856","10_10"
"10.5597315889421","1.4600939061989","0.676181989980375","2.1837230495337","0.559731588942099","0.241691224795418","1","0.722561789990981","0.666958417755427","0.576818520809412","0.536169658030423","0.774952178531864","10_10"
"10.4107741249041","1.66871917247667","0.565703993026449","2.54660614903811","0.410774124904112","0.260329768370776","1","0.831466827489141","0.749847474681723","0.678103065070402","0.483570525706108","0.773543671362742","10_10"
"10.46682707358","1.62059803919594","0.590029995293576","2.42466351389873","0.466827073579978","0.275650719431495","1","0.783755004436865","0.716674820023699","0.695851338143078","0.635326311355672","0.701848049746267","10_10"
"10.5792355198049","1.48565931946039","0.659690865949884","2.16892699824899","0.579235519804949","0.278646777493136","0.9994","0.705558944929377","0.690956065129659","0.663451398095997","0.669759344815102","0.707370653647892","10_10"
"10.7759106094497","1.21602452444311","0.810622338004195","1.61478094737041","0.775910609449698","0.280614524515787","0.9786","0.572853363351896","0.934705231105909","0.723710946040228","0.31627170718275","0.476351245073602","10_10"
"10.6731634293744","1.35113822708993","0.737332988972698","1.91146774973741","0.673163429374366","0.265561849601609","0.996","0.642666847683014","0.656511921591655","0.620466473565626","0.611618219809526","0.490906867347927","10_10"
"10.770484455956","1.21125739644842","0.81068327143735","1.62474157591163","0.770484455955956","0.272736075057644","0.9804","0.576250326743874","0.862029359166204","0.706114586895134","0.329877456513336","0.602729813971943","10_10"
"10.7539055133229","1.21131703808474","0.820892382457112","1.63448476383832","0.753905513322918","0.222575246981822","0.9842","0.603042525075366","0.785025642397856","0.633351025536437","0.217109164022272","0.52009755588387","10_10"
"10.4570783759168","1.5694806938084","0.619488982627744","2.397036938937","0.457078375916818","0.238327376609993","1","0.799979404507846","0.614188370011223","0.492777030276768","0.664029498493057","0.872076306192574","10_10"
"10.6134788886186","1.45422373694128","0.673416857708137","2.10020546310394","0.613478888618644","0.280900262783824","0.9992","0.695525782544132","0.704740546510468","0.716225159044744","0.573876735189343","0.602595292075795","10_10"
"10.6155598481285","1.39252078952274","0.719655764061398","2.05941492580307","0.615559848128542","0.213681167987276","0.999","0.70982676768","0.667938809575737","0.586264243698802","0.329001842256393","0.662327450035274","10_10"
"10.7759106094497","1.21602452444311","0.810622338004195","1.61478094737041","0.775910609449698","0.280614524515787","0.9786","0.572853363351896","0.934705231105909","0.723710946040228","0.31627170718275","0.476351245073602","10_10"
"10.6300833463435","1.41279655316228","0.696016475893165","2.04176097258542","0.630083346343499","0.26335011921837","0.9984","0.695587308354511","0.56868749006185","0.71648731931171","0.611399142847815","0.705149598346279","10_10"
"10.5453709610724","1.47795117770587","0.668959659291438","2.21346173291461","0.54537096107236","0.237051264292345","1","0.736918768463555","0.681185863118621","0.594944037319081","0.477565806166133","0.647052724898627","10_10"
"10.5983926779042","1.46094796495176","0.674099292130096","2.12535079147657","0.598392677904203","0.277246182935314","0.9992","0.694047125306253","0.696275662646197","0.6669749597414","0.633062466986701","0.6575982983334","10_10"
"10.6706454874782","1.30117174507928","0.776969175092764","1.89356615741616","0.670645487478232","0.191195404273767","0.9964","0.680464055883026","0.58808103117312","0.557735013617542","0.269316501375618","0.623825265773125","10_10"
"10.6638697586935","1.2953027720996","0.782079405422871","1.88828866864326","0.663869758693455","0.191460403205824","0.9968","0.673056142517748","0.48636869458214","0.510432011594029","0.43706476696183","0.559718846861457","10_10"
"10.5301588594821","1.54794163281521","0.622496922775217","2.27223660094302","0.530158859482089","0.278689920173626","1","0.738150781933894","0.75764993204384","0.70917596927425","0.57316479591322","0.545998612474082","10_10"
"10.5582453228161","1.46945530566751","0.671176380797358","2.17753840741453","0.55824532281612","0.236689903304377","1","0.72996970335626","0.768670754346408","0.624121522832925","0.368421392444212","0.839058597443532","10_10"
"10.4936785499611","1.53866544961029","0.636501792746869","2.32264807762463","0.493678549961057","0.240961774770924","1","0.770305310735303","0.647665738596114","0.545277775122886","0.603194808508561","0.653743119594477","10_10"
"10.7649549315531","1.18006879778788","0.834604639623174","1.58683071983051","0.764954931553117","0.23310689460247","0.9802","0.58280912769664","0.547922686658975","0.617195401852171","0.44884424705304","0.605112102181101","10_10"
"10.5289118002784","1.45555801896101","0.687309768213379","2.22094800452557","0.528911800278434","0.200909972062917","1","0.759839167484444","0.657979179931262","0.479886787313417","0.37146118374061","0.717836159252178","10_10"
"10.5171469208418","1.55691710575809","0.622105108871417","2.3035305055116","0.517146920841842","0.284880999222009","1","0.735592595198007","0.687885728803957","0.629370394282787","0.830385908484459","0.822115173039094","10_10"
"10.4634694243909","1.55886314079275","0.628505028000191","2.3723644483919","0.463469424390941","0.23163069373648","1","0.799959671855012","0.601203418500192","0.494593795695782","0.62728999135527","0.867544575566976","10_10"
"10.5110002273268","1.56655475826407","0.618417998803674","2.30500414689668","0.511000227326803","0.269479976745073","1","0.754906214960845","0.75914292323892","0.713102679699659","0.500960292291173","0.861981602238643","10_10"
"10.5806961740438","1.44219862531062","0.684132487586433","2.13869534870585","0.580696174043824","0.244459713992579","0.9994","0.70936454539093","0.686197461493172","0.590108263687733","0.506721037303013","0.702403423512287","10_10"
"10.5032684547998","1.51757805666918","0.646018137550434","2.29859767115478","0.503268454799822","0.230103146627645","1","0.775023160250427","0.61073124960768","0.609191063670286","0.494751091508309","0.844621570771865","10_10"
"10.6469159577576","1.39914460171726","0.704973030288418","1.98683924617573","0.646915957757647","0.276709899374559","0.9974","0.661679638737323","0.786227996704686","0.67146678943383","0.496538904732299","0.610360926860973","10_10"
"10.7843828765615","1.16861819032086","0.839467183902029","1.56436156166513","0.784382876561528","0.243267405642855","0.9706","0.584827922139009","0.555200479858321","0.700801545503254","0.369547781015645","0.734018820208482","10_10"
"10.7099362999592","1.3203654086577","0.751055860437488","1.81875077904334","0.709936299959152","0.285628435653589","0.9938","0.620129632935927","0.766757427591176","0.698099195557301","0.503097896596139","0.699739540758862","10_10"
"10.6895922966624","1.31590434652076","0.754291115441682","1.87444482190354","0.689592296662421","0.230460471982648","0.995","0.673056142517748","0.48636869458214","0.707990671508014","0.43706476696183","0.559718846861457","10_10"
"10.5752576603831","1.45728054335677","0.675352851045984","2.14684738019035","0.575257660383123","0.247439541566497","0.9994","0.722566650614844","0.634585479014712","0.643839247781136","0.523972331163928","0.671455676940752","10_10"
"10.7751401273516","1.17192818386192","0.841936543627869","1.55825253764435","0.77514012735162","0.231327875553055","0.9752","0.583401636627666","0.553965389017443","0.644615410777971","0.379564521095398","0.608674215216724","10_10"
"10.5754660098042","1.40670475103557","0.719467281874468","2.11993733114159","0.575466009804168","0.194275627000981","1","0.745199924436551","0.496516491575846","0.523846362806566","0.445451179597835","0.577057440812891","10_10"
"10.5969760961381","1.43719896058424","0.685777463343862","2.10663456195104","0.59697609613815","0.253786677452427","0.9994","0.706021167218446","0.672697413212224","0.659607378107066","0.492040149768482","0.667294680170879","10_10"
"10.765998634037","1.20287642870765","0.813278542189579","1.62438120749616","0.765998634037025","0.243046773515378","0.9822","0.590210665787214","0.852627553057579","0.668774426256721","0.242183890420088","0.562169349060742","10_10"
"10.7759106094497","1.21602452444311","0.810622338004195","1.61478094737041","0.775910609449698","0.280614524515787","0.9786","0.572853363351896","0.934705231105909","0.723710946040228","0.31627170718275","0.476351245073602","10_10"
"10.5868133997738","1.40991624806218","0.708219856329559","2.09362125626339","0.586813399773798","0.236046652003329","0.9996","0.692450052004624","0.600646343209066","0.499591916932983","0.662070780979134","0.726842287938525","10_10"
"10.7587522396671","1.21263902199992","0.808478841276484","1.64408991736518","0.758752239667133","0.251805080174193","0.9846","0.589082186032025","0.794427448506481","0.67069118617485","0.30480273011552","0.560658020795072","10_10"
"10.5356159437581","1.5368694850729","0.629460956896494","2.25371001497827","0.535615943758114","0.278348098773014","1","0.715766344934103","0.907999353427633","0.629979489227391","0.535579026620753","0.10102623119019","10_10"
"10.7534771881896","1.1447369387617","0.85793669977905","1.56014751152574","0.753477188189626","0.169053609335869","0.973","0.588305900036587","0.534091834132914","0.462069648878168","0.260676556312103","0.700470966701627","10_10"
"10.7205652061896","1.35610387136441","0.722438188088031","1.83773966804361","0.720565206189637","0.277032746585327","0.994","0.680464055883026","0.58808103117312","0.985662204911932","0.269316501375618","0.623825265773125","10_10"
"10.7394954864699","1.24084027994787","0.794133948511415","1.70428721287508","0.739495486469858","0.257681954489827","0.9892","0.590454964060836","0.755695725023501","0.631428811260187","0.414245503118541","0.798216169132048","10_10"
"10.7663547044168","1.19201869568718","0.826865999302939","1.59793729764292","0.76635470441675","0.236961184298044","0.9812","0.5938583063496","0.554957722550286","0.662884928959025","0.38903305833113","0.846381835292693","10_10"
"10.7843828765615","1.16861819032086","0.839467183902029","1.56436156166513","0.784382876561528","0.243267405642855","0.9706","0.584827922139009","0.555200479858321","0.700801545503254","0.369547781015645","0.734018820208482","10_10"
"10.6706454874782","1.30117174507928","0.776969175092764","1.89356615741616","0.670645487478232","0.191195404273767","0.9964","0.680464055883026","0.58808103117312","0.557735013617542","0.269316501375618","0.623825265773125","10_10"
"10.7732350679869","1.17876452619069","0.832195840941949","1.58560749314001","0.773235067986898","0.247094053764948","0.9764","0.584235413207983","0.549157777499853","0.673381536577454","0.438827506973287","0.73045670717286","10_10"
"5.8000289372941","1.08315924011855","0.891293796218288","1.38224770646785","0.800028937294101","0.23872436226107","0.9356","0.541119189932942","0.538619128379047","0.685408497162001","0.347957997717238","0.650752538045294","10_10"
"10.7539055133229","1.21131703808474","0.820892382457112","1.63448476383832","0.753905513322918","0.222575246981822","0.9842","0.603042525075366","0.785025642397856","0.633351025536437","0.217109164022272","0.52009755588387","10_10"
"10.770484455956","1.21125739644842","0.81068327143735","1.62474157591163","0.770484455955956","0.272736075057644","0.9804","0.576250326743874","0.862029359166204","0.706114586895134","0.329877456513336","0.602729813971943","10_10"
"10.5505899387901","1.44819728503757","0.684327347834755","2.18763641961941","0.550589938790145","0.218402340286443","1","0.739850307785262","0.625166322109358","0.526117934310557","0.465369128499399","0.607548648829353","10_10"
"10.6980016005894","1.2780569897432","0.782318158093339","1.81591154198502","0.698001600589408","0.223278636876415","0.9934","0.635864941349467","0.604749868248532","0.576455077886719","0.407401900519022","0.712477569639008","10_10"
"10.6076378603307","1.3769849321681","0.734523296713355","2.04111747570328","0.607637860330701","0.21314129150262","0.9992","0.703511145467788","0.508868111068896","0.529591852406358","0.574890446970991","0.605913317626581","10_10"
"10.5860592356006","1.4243190606491","0.698764918660685","2.11190908227065","0.586059235600616","0.239049775412037","0.9996","0.6981615288165","0.637517941602408","0.531863423910349","0.594808395872555","0.636404525643043","10_10"
"10.7140964726597","1.27194680773699","0.783327421353405","1.77239859972008","0.714096472659739","0.225770779117592","0.9928","0.637215429823339","0.657462711029838","0.644791964273495","0.306737292230295","0.566834657643498","10_10"
"0.0336167186236154","0.0858702817843583","1.35409774957634","0.00351187453918327","0.0336167186236154","0.307535306362134","0","0.0155072559136897","0.766474007303639","0.715085862467237","0.363790262704301","0.583324472335268","10_10"
"10.7843828765615","1.16861819032086","0.839467183902029","1.56436156166513","0.784382876561528","0.243267405642855","0.9706","0.584827922139009","0.555200479858321","0.700801545503254","0.369547781015645","0.734018820208482","10_10"
"10.770484455956","1.21125739644842","0.81068327143735","1.62474157591163","0.770484455955956","0.272736075057644","0.9804","0.576250326743874","0.862029359166204","0.706114586895134","0.329877456513336","0.602729813971943","10_10"
"10.7759106094497","1.21602452444311","0.810622338004195","1.61478094737041","0.775910609449698","0.280614524515787","0.9786","0.572853363351896","0.934705231105909","0.723710946040228","0.31627170718275","0.476351245073602","10_10"
"10.7878503346553","1.1610111494275","0.845527912339277","1.54056233025409","0.787850334655347","0.231545084415616","0.968","0.585887044084971","0.593451085968537","0.699026462063315","0.276941357171977","0.6782432195961","10_10"
"10.6443144258362","1.36951550027479","0.721388360268371","1.98724749557092","0.644314425836219","0.253638901087446","0.9976","0.666773395438813","0.641071881266187","0.600749659189612","0.575641968274782","0.694550862125624","10_10"
"10.5969994646585","1.42290472010437","0.694745399866128","2.09791251988697","0.596999464658489","0.242523475716151","0.9994","0.704296998656083","0.631483318325568","0.601684872908393","0.536881301412319","0.632418945060446","10_10"
"10.7503074751592","1.24649071569406","0.792239763387459","1.70181874577889","0.750307475159237","0.280352105870454","0.9874","0.582375179013907","0.8372858385466","0.676006933462164","0.433726440579485","0.608054018023325","10_10"
"10.6133878332707","1.38220536743652","0.725396062805135","2.03463832337809","0.613387833270667","0.220886010225489","0.999","0.705493022658862","0.511468282085905","0.581436850580293","0.54272236196041","0.634012487536567","10_10"
"10.6478594370059","1.39418701101622","0.704392693866077","1.97484726808949","0.647859437005853","0.272543134961621","0.9974","0.666701750774982","0.762360210183163","0.685109749775161","0.473466820106532","0.590595595782847","10_10"
"10.6576809054201","1.38156033011317","0.715461234994685","1.95931637694369","0.657680905420051","0.27178025019049","0.997","0.651517766313613","0.763203487927397","0.629212960278038","0.522264324193912","0.641593204276281","10_10"
"10.599697841674","1.41779442398196","0.699029549699587","2.09619564268263","0.599697841673961","0.229896849254906","0.9994","0.716018263194245","0.61515760099627","0.622551917738742","0.427790454631081","0.785440115267604","10_10"
"10.6310693992966","1.42656937729841","0.690626262661388","2.05088316286076","0.63106939929658","0.273720343469146","0.9986","0.675561886578719","0.829750321042454","0.667821709764362","0.459418929353722","0.666790368357996","10_10"
"10.765231348636","1.19803296477499","0.819337861304745","1.61299182724166","0.765231348636038","0.240014679419956","0.9816","0.590190275097361","0.810243769490546","0.669672357873975","0.245568661884824","0.562025642927068","10_10"
"10.5137308887509","1.55171659958025","0.625024472580784","2.29115783861837","0.513730888750934","0.269778574055689","1","0.734217274503832","0.854433660361915","0.619451981426229","0.529541928077503","0.358964319636062","10_10"
"10.6068986697709","1.39442631192239","0.715853354531756","2.05889941716261","0.606898669770857","0.226110510007514","0.999","0.705235314030152","0.550082205955551","0.58751435760503","0.530049295327153","0.640789052737014","10_10"
"10.6649111263634","1.28192828089112","0.773853659961658","1.90487632988217","0.664911126363358","0.154326127101265","0.9962","0.721399378215533","0.256077501457185","0.536645442111718","0.47140622704265","0.34961056038348","10_10"
"10.7513142513623","1.14837657776689","0.856994858985402","1.55675964347813","0.751314251362317","0.172351829555915","0.9742","0.587320822431384","0.543688533682691","0.467623440621564","0.266823979612747","0.728096727144652","10_10"
"10.6769838185927","1.36692909402462","0.723124520231657","1.92261403483035","0.676983818592718","0.268811381276349","0.997","0.655554786467289","0.81097151732429","0.7015744428668","0.39268992066615","0.605036722809591","10_10"
"10.7812977321552","1.18170961333938","0.831591265895074","1.58429748525071","0.781297732155243","0.258390370806239","0.9722","0.575268118941078","0.723431703660591","0.709426629076245","0.322029225494094","0.627045592946816","10_10"
"10.5933513870329","1.43446385478629","0.687433211614006","2.11731970409722","0.593351387032875","0.249322231774326","0.9994","0.704039290027372","0.670097242195215","0.60776237993313","0.524208234779062","0.639195510260893","10_10"
"5.82722427909712","1.06674529249283","0.89306960365958","1.32650450848073","0.827224279097117","0.171570667466884","0.8894","0.585812999744212","0.114746522158384","0.695247753759858","0.363400357715001","0.706393059765458","10_10"
"10.719612878324","1.35663187816696","0.722980937428384","1.83886113082652","0.719612878323972","0.276448983403547","0.994","0.680464055883026","0.58808103117312","0.982425559079275","0.269316501375618","0.623825265773125","10_10"
"10.7550911117966","1.22798825725109","0.801939641978165","1.67186204001857","0.755091111796613","0.259238879857518","0.987","0.589151543841252","0.814376946947363","0.67054950969666","0.334790314263756","0.617944949673124","10_10"
"10.6880153836753","1.31983452724211","0.754048274876439","1.87452882256275","0.688015383675325","0.235542332842994","0.995","0.668034030480089","0.510236481103663","0.694347711166683","0.460136851587597","0.579484177939584","10_10"
"10.7843828765615","1.16861819032086","0.839467183902029","1.56436156166513","0.784382876561528","0.243267405642855","0.9706","0.584827922139009","0.555200479858321","0.700801545503254","0.369547781015645","0.734018820208482","10_10"
"10.6706454874782","1.30117174507928","0.776969175092764","1.89356615741616","0.670645487478232","0.191195404273767","0.9964","0.680464055883026","0.58808103117312","0.557735013617542","0.269316501375618","0.623825265773125","10_10"
"10.7014115422164","1.26916120862652","0.792038758096143","1.78688056730714","0.701411542216386","0.222667607736725","0.9932","0.619636625303141","0.637054615603077","0.532723256328011","0.431906228085296","0.589833494677334","10_10"
"10.7552784562351","1.22216194058913","0.804858900423834","1.66000413295674","0.755278456235104","0.25474143813338","0.9862","0.589102576721879","0.836811232073514","0.669793254557596","0.301417958650784","0.560801726928746","10_10"
"10.72830207728","1.24840329940104","0.794946097683064","1.70392965644106","0.728302077280009","0.233094564792872","0.991","0.616839982860923","0.647625271076312","0.629920524304357","0.358671000987656","0.609746970875792","10_10"
"10.7290271925827","1.2507162977189","0.795641482274308","1.70984289919838","0.729027192582658","0.229686123814368","0.9904","0.621879760565578","0.710697176907734","0.653656913824042","0.273982718917603","0.597272103266645","10_10"
"10.6507533340932","1.33651687384172","0.750940790180582","1.95500664223249","0.650753334093186","0.195058947118162","0.9976","0.695740424196058","0.818007852518204","0.603206219820489","0.163083263440058","0.653463816578098","10_10"
"10.6769838185927","1.36692909402462","0.723124520231657","1.92261403483035","0.676983818592718","0.268811381276349","0.997","0.655554786467289","0.81097151732429","0.7015744428668","0.39268992066615","0.605036722809591","10_10"
"10.7843828765615","1.16861819032086","0.839467183902029","1.56436156166513","0.784382876561528","0.243267405642855","0.9706","0.584827922139009","0.555200479858321","0.700801545503254","0.369547781015645","0.734018820208482","10_10"
"10.7759106094497","1.21602452444311","0.810622338004195","1.61478094737041","0.775910609449698","0.280614524515787","0.9786","0.572853363351896","0.934705231105909","0.723710946040228","0.31627170718275","0.476351245073602","10_10"
"10.773288737344","1.21364068447064","0.809676530373417","1.62706457772486","0.773288737344021","0.274676585144316","0.9804","0.579521720316946","0.823755049999615","0.721487464233388","0.342210596213653","0.605050006664423","10_10"
"10.7602968504543","1.20655777516248","0.822551905377217","1.63123899923703","0.760296850454311","0.221027556291776","0.9828","0.619525716761052","0.44480243692581","0.694787894802534","0.366942495353393","0.653040937895256","10_10"
"10.7878503346553","1.1610111494275","0.845527912339277","1.54056233025409","0.787850334655347","0.231545084415616","0.968","0.585887044084971","0.593451085968537","0.699026462063315","0.276941357171977","0.6782432195961","10_10"
"10.5766129631414","1.45434010398632","0.677765362695409","2.15033586256024","0.576612963141371","0.250437345223881","0.9994","0.702984380296158","0.800456292071194","0.580675324294938","0.459672055181441","0.526908467326961","10_10"
"10.7808133584958","1.17772185345873","0.832954186659521","1.58344965632943","0.780813358495786","0.253923073377004","0.9722","0.578159565173959","0.666150660964615","0.703025027310094","0.343608891984742","0.605320058617661","10_10"
"10.7843828765615","1.16861819032086","0.839467183902029","1.56436156166513","0.784382876561528","0.243267405642855","0.9706","0.584827922139009","0.555200479858321","0.700801545503254","0.369547781015645","0.734018820208482","10_10"
"10.7648427274279","1.19728648676816","0.822116653622453","1.60524134470824","0.764842727427945","0.244108999566911","0.9816","0.578975268928057","0.704484568321762","0.631926277840724","0.35982504315638","0.614360684536839","10_10"
"10.7724064824645","1.15923168666094","0.841539431090495","1.53616461692368","0.772406482464497","0.181181886599486","0.9698","0.634321313463249","0.180180566336237","0.694807570124007","0.456594713949204","0.632836299809785","10_10"
"10.6800065801905","1.32282864888914","0.752294832237858","1.88613725367041","0.680006580190502","0.236933964312337","0.9952","0.645999252036011","0.777741598643408","0.60382142277535","0.344371940967447","0.622132312920659","10_10"
"10.6388308104337","1.33867975616421","0.758331334445682","1.96878373628802","0.638830810433711","0.197146632226379","0.998","0.69536103191284","0.58375803649263","0.538744586008145","0.331220061928037","0.34996942576217","10_10"
"10.7130393641251","1.29323360563879","0.766173192435039","1.7910695407972","0.713039364125067","0.26821136524564","0.9934","0.617803416973297","0.700615133221364","0.658107345655781","0.501685087729575","0.625686906930842","10_10"
"10.6901924904367","1.2962652338769","0.773360116051205","1.84390153661217","0.690192490436742","0.215472994942521","0.9948","0.647686872039327","0.7141950863389","0.573871354351096","0.296751741108799","0.587354889435226","10_10"
"10.6484930618218","1.36694026254772","0.724927801257493","1.98703429397975","0.648493061821843","0.241195109758761","0.9976","0.685056776412813","0.561824674479801","0.652129847548904","0.518581319339272","0.654115604516912","10_10"
"10.5560155156309","1.51997585362196","0.638925234176049","2.21397108278811","0.556015515630921","0.278325173491391","0.9994","0.71230335747743","0.849700521784757","0.657300874803384","0.529301867812489","0.645557110497409","10_10"
"10.5991012445087","1.40052991710524","0.712052535976533","2.0833567624504","0.599101244508667","0.22125586775848","0.9996","0.706502402185719","0.65870851976797","0.555635869721116","0.409502666490231","0.623466400394436","10_10"
"10.6769838185927","1.36692909402462","0.723124520231657","1.92261403483035","0.676983818592718","0.268811381276349","0.997","0.655554786467289","0.81097151732429","0.7015744428668","0.39268992066615","0.605036722809591","10_10"
"10.6427002895128","1.3785257539393","0.714710325369609","2.00385243877245","0.642700289512834","0.241257905762343","0.998","0.675387416895328","0.783859055921214","0.620204543974009","0.357313461313244","0.631453553003175","10_10"
"10.8017581020334","1.14854486590764","0.852741072137891","1.51253979038611","0.8017581020334","0.240913307063701","0.9624","0.575268118941078","0.577510603936389","0.709426629076245","0.322029225494094","0.627045592946816","10_10"
"10.6635756518347","1.36345627210174","0.734751098533827","1.9293559189346","0.663575651834681","0.298852455137811","0.9958","0.606797717448905","0.718290472706345","0.565447111843038","0.896372553892434","0.60691523073395","10_10"
"10.7813584572242","1.14299934343169","0.857645634647408","1.50831262334626","0.781358457224201","0.191531887750918","0.9594","0.600790176933283","0.29290704793259","0.631977051278945","0.445460612440693","0.430756111079845","10_10"
"10.7878503346553","1.1610111494275","0.845527912339277","1.54056233025409","0.787850334655347","0.231545084415616","0.968","0.585887044084971","0.593451085968537","0.699026462063315","0.276941357171977","0.6782432195961","10_10"
"10.5135907108299","1.42425897114251","0.725722862715227","2.18001392479231","0.513590710829859","0.186455149700195","1","0.697475803605121","0.834483459619612","0.129306000424549","0.459658989618736","0.38019757749665","10_10"
"0.700559690267543","0.784641276320846","1.0481950522531","0.919414204794899","0.700559690267543","0.265382788809947","0.7606","0.357248281361535","0.733141089844095","0.637825654181633","0.418090969682037","0.600863213616509","10_10"
"10.5960738701801","1.44834705188458","0.682029891547681","2.11832898112857","0.596073870180125","0.262042370613336","0.9994","0.702510371845969","0.707626996799993","0.66170266665944","0.50010170868411","0.629158182172118","10_10"
"10.7377315060523","1.22815789128555","0.805958757553173","1.67339461888726","0.73773150605229","0.232927939707138","0.9878","0.611599709310544","0.545494460994221","0.636806183049438","0.448667352771494","0.528708727557252","10_10"
"10.6800065801905","1.32282864888914","0.752294832237858","1.88613725367041","0.680006580190502","0.236933964312337","0.9952","0.645999252036011","0.777741598643408","0.60382142277535","0.344371940967447","0.622132312920659","10_10"
"10.7771354739604","1.15488385698033","0.848924128393682","1.52912396080227","0.777135473960437","0.171021376342324","0.9644","0.631502910871683","0.204271564151369","0.654874940952886","0.313484459807205","0.602303094178249","10_10"
"10.6507533340932","1.33651687384172","0.750940790180582","1.95500664223249","0.650753334093186","0.195058947118162","0.9976","0.695740424196058","0.818007852518204","0.603206219820489","0.163083263440058","0.653463816578098","10_10"
"10.6253742876198","1.27414140481019","0.80178803540429","1.88370305447365","0.625374287619841","0.157957353568929","0.9986","0.650619952708987","0.554387120194357","0.225620706788166","0.457005807430461","0.436530730000214","10_10"
"10.7527665635641","1.19959590028155","0.825905050348589","1.61644257116112","0.752766563564068","0.227813151654608","0.9836","0.606993884596036","0.448027720159733","0.653278213885287","0.498478347398773","0.527734290453434","10_10"
"10.6700526233379","1.31442934993472","0.767505787812339","1.90169165564896","0.670052623337924","0.206449269567633","0.9964","0.681177164359383","0.460276905761492","0.59849286376039","0.459247896137479","0.576503147306221","10_10"
"10.8017581020334","1.14854486590764","0.852741072137891","1.51253979038611","0.8017581020334","0.240913307063701","0.9624","0.575268118941078","0.577510603936389","0.709426629076245","0.322029225494094","0.627045592946816","10_10"
"10.8017581020334","1.14854486590764","0.852741072137891","1.51253979038611","0.8017581020334","0.240913307063701","0.9624","0.575268118941078","0.577510603936389","0.709426629076245","0.322029225494094","0.627045592946816","10_10"
"10.7878503346553","1.1610111494275","0.845527912339277","1.54056233025409","0.787850334655347","0.231545084415616","0.968","0.585887044084971","0.593451085968537","0.699026462063315","0.276941357171977","0.6782432195961","10_10"
"10.7265799804498","1.28481320684159","0.76866997437976","1.76976857731349","0.72657998044979","0.25910791247706","0.9926","0.624698163157144","0.686606179092602","0.693589542995162","0.417092973059602","0.627805308898181","10_10"
"10.6328976168034","1.3922355718679","0.708847686519275","2.01964868477992","0.632897616803395","0.252749125652915","0.9984","0.680134775473179","0.660789652980433","0.635833981275394","0.508766810374915","0.646625092364117","10_10"
"10.7681641047859","1.17802272931868","0.837915285849955","1.57681806206364","0.76816410478591","0.23115222738147","0.9784","0.588437917833066","0.514321611603267","0.643087539985886","0.425444613096245","0.724980634615002","10_10"
"10.7600606415097","1.20967647943099","0.810157251768738","1.63443144717011","0.760060641509665","0.24321378238126","0.9842","0.599741753642109","0.680195488117233","0.68176727319291","0.312484150966013","0.599432759937661","10_10"
"10.6507533340932","1.33651687384172","0.750940790180582","1.95500664223249","0.650753334093186","0.195058947118162","0.9976","0.695740424196058","0.818007852518204","0.603206219820489","0.163083263440058","0.653463816578098","10_10"
"10.7154061684571","1.28344926383497","0.770572646645935","1.78512244627479","0.715406168457054","0.247458930846617","0.9938","0.62682137122254","0.706788880744754","0.651909023368732","0.388048301788253","0.589099890857256","10_10"
"10.6569855925666","1.33264121414026","0.753339464122575","1.93198621369946","0.656985592566562","0.213748031175293","0.9972","0.671902023640992","0.692002458034586","0.564299584804046","0.31822693574714","0.506434913999718","10_10"
"10.7699449321628","1.17898125345315","0.832107487509079","1.58236330829103","0.769944932162832","0.241064462651225","0.978","0.58389726986769","0.605519589821131","0.664201692910865","0.369639552120737","0.621851196689634","10_10"
"10.755285824275","1.21322770557097","0.809194568904756","1.64116523438544","0.755285824274987","0.242071737707641","0.9844","0.600297572097428","0.696652349755116","0.674914667941226","0.305107459936332","0.603159401946644","10_10"
"10.620392497842","1.22344856387341","0.814655605897287","1.82988987839263","0.620392497842041","0.121590816306522","0.9948","0.671145880311175","0.605950664796945","0.0715024236124009","0.309744867289696","0.430889401197678","10_10"
"10.7878503346553","1.1610111494275","0.845527912339277","1.54056233025409","0.787850334655347","0.231545084415616","0.968","0.585887044084971","0.593451085968537","0.699026462063315","0.276941357171977","0.6782432195961","10_10"
"10.7286995428514","1.23445098682139","0.81300595901147","1.70157677560246","0.728699542851397","0.215166001104836","0.9896","0.62746037419671","0.47681466436927","0.625354054585275","0.418287239066285","0.586927156211889","10_10"
"10.7108014697176","1.2924057831678","0.764565447268175","1.80719642973807","0.710801469717583","0.248624051882024","0.9944","0.632179147347459","0.723321510549947","0.658916086520988","0.375652816986415","0.610598683067986","10_10"
"10.6723927709739","1.33912348330322","0.742806231118739","1.91590014675118","0.672392770973886","0.242332548130752","0.9962","0.660990931212627","0.648867891184761","0.62956784642946","0.441171534408834","0.671827396678187","10_10"
"10.5977469923939","1.42432955974252","0.693749561320724","2.09394867098697","0.597746992393937","0.241623229310867","0.9994","0.696624880441931","0.803995160206212","0.592443366139769","0.383764602898436","0.541981178455411","10_10"
"10.7914758115944","1.14411400104309","0.858856595951415","1.48393292766494","0.791475811594392","0.206490924754813","0.958","0.597180181239225","0.333785916187644","0.689691056796313","0.389563780360093","0.439794296673325","10_10"
"10.7813584572242","1.14299934343169","0.857645634647408","1.50831262334626","0.781358457224201","0.191531887750918","0.9594","0.600790176933283","0.29290704793259","0.631977051278945","0.445460612440693","0.430756111079845","10_10"
"10.7361176198891","1.25978089944149","0.781886293257225","1.72706492798223","0.736117619889052","0.264451029240779","0.9902","0.602350908047887","0.792134575096105","0.674584634186536","0.376862146836115","0.608798724278445","10_10"
"10.6953642454332","1.29407567653511","0.769511044491338","1.83078580106218","0.695364245433212","0.227330634931684","0.9944","0.6487172196319","0.599951439484534","0.626827540667678","0.384486834687651","0.475282507871131","10_10"
"10.6244223559784","1.380303595729","0.72356681049974","2.03748484932033","0.624422355978438","0.212530368418867","0.9988","0.702099924050284","0.814468984383185","0.591438177975658","0.238990715723063","0.638391105449648","10_10"
"10.7999178948566","1.13444937190945","0.864642540331074","1.45962287875887","0.79991789485655","0.208181424847863","0.9504","0.588707931307383","0.344066379704355","0.692044959079569","0.381277041070049","0.519809763828803","10_10"
"10.7277660817814","1.25526117333334","0.789066548991256","1.7250381875783","0.727766081781451","0.234447739993008","0.9912","0.626811251436904","0.616070713733913","0.665120761391319","0.353213269101452","0.622639919763383","10_10"
"5.80652908115241","0.984117717490978","0.940765188173059","1.20906913646821","0.806529081152414","0.249513125587403","0.8866","0.48998980014585","0.577510603936389","0.709426629076245","0.322029225494094","0.627045592946816","10_10"
"10.7700214837982","1.19118629276342","0.825907852311704","1.59490234331902","0.77002148379816","0.238283224779755","0.9784","0.593832360279208","0.643640923184835","0.693201187089945","0.295864933415887","0.604333079759379","10_10"
"5.81411643098575","1.12568016998501","0.871985700446997","1.45026751046564","0.814116430985746","0.212542563422067","0.945","0.582138738077144","0.376518796655374","0.709365401453066","0.338777497940142","0.446058156321189","10_10"
"10.7840296452719","1.16679807778059","0.848199516539784","1.53428706566994","0.784029645271938","0.224764449356971","0.9668","0.59179427250735","0.485496295310088","0.696645981275366","0.326168544829916","0.611282132634369","10_10"
"10.7914758115944","1.14411400104309","0.858856595951415","1.48393292766494","0.791475811594392","0.206490924754813","0.958","0.597180181239225","0.333785916187644","0.689691056796313","0.389563780360093","0.439794296673325","10_10"
"0.629875009038389","0.679036367204417","1.10837970046035","0.638171475701044","0.629875009038389","0.23719161195278","0.5708","0.33364394819364","0.552699144446491","0.656996608937881","0.333693477705775","0.707751021340156","10_10"
"10.7815775063813","1.16861007622384","0.838447159981445","1.57122039230306","0.781577506381315","0.246744586619534","0.9712","0.583422184831587","0.539133071093165","0.695517560124249","0.413780360884564","0.644275206221661","10_10"
"10.7782220071925","1.17357238726677","0.836661394514876","1.57092232599987","0.77822200719249","0.23646987406353","0.9746","0.590309562103159","0.53477772346866","0.689752284419492","0.372815507914045","0.620781733298952","10_10"
"10.7711104462962","1.1849369554194","0.829452927794284","1.58392458383445","0.771110446296198","0.234617192810585","0.978","0.592352255903191","0.646462512538818","0.680739942914596","0.286183883692422","0.677069541783366","10_10"
"10.7388650750452","1.22005663741597","0.815383435444432","1.65817777123251","0.738865075045218","0.22342598777348","0.9886","0.618540134648754","0.492343285887226","0.639652955500101","0.432146017550748","0.638452047735833","10_10"
"10.8017581020334","1.14854486590764","0.852741072137891","1.51253979038611","0.8017581020334","0.240913307063701","0.9624","0.575268118941078","0.577510603936389","0.709426629076245","0.322029225494094","0.627045592946816","10_10"
"10.7440414449948","1.23610758562693","0.795103057619413","1.69297820466255","0.744041444994773","0.253427798631318","0.988","0.600894489144417","0.739075428080704","0.674717766514402","0.351437147991952","0.605687245737524","10_10"
"10.7153130022761","1.25782517656045","0.800476677542012","1.76788512707633","0.715313002276117","0.206767056552818","0.9914","0.647118664183229","0.451731400706205","0.614465260374536","0.415260920974842","0.513252856535357","10_10"
"10.7851704166508","1.15395151984264","0.849175728634341","1.53638546415898","0.785170416650757","0.231186406528572","0.9672","0.585955207794857","0.489632134094721","0.695094076299438","0.370928694813807","0.585746329617829","10_10"
"10.7345559605926","1.23114527373957","0.806133341240956","1.6798519119887","0.734555960592595","0.229214980504251","0.989","0.613710234032213","0.569856667952066","0.626816685555335","0.404704984444639","0.590561455784576","10_10"
"10.7603520582807","1.20553946111506","0.813056087086638","1.62923927892081","0.760352058280655","0.243978893035253","0.9834","0.597437904299642","0.661634370981195","0.680307205161177","0.328742797709037","0.62094802056856","10_10"
"10.7451999088929","1.20971193671679","0.819630939473178","1.64410450808395","0.74519990889293","0.225325774239742","0.9858","0.611069480706313","0.483485933680766","0.641820185659707","0.458836852402691","0.528416229838928","10_10"
"10.7789808321696","1.17522825858967","0.837540812782618","1.56527860813225","0.778980832169569","0.230894564997652","0.9752","0.594359294016813","0.583170622451826","0.696672559780059","0.285228096462022","0.598227752440621","10_10"
"10.7677639381447","1.1971037546921","0.819393825796427","1.6122742144885","0.767763938144721","0.245686653058912","0.9798","0.591254939995526","0.700701882784572","0.692821787192984","0.299380905056941","0.666201982900702","10_10"
"10.7708579983167","1.15577306634907","0.855198346707776","1.53525522346975","0.770857998316745","0.20635067003595","0.968","0.594882948510903","0.40086183859104","0.634357532066894","0.396233424782754","0.497717198041575","10_10"
"10.7868826833602","1.15814080040282","0.848597178041778","1.51092418352285","0.786882683360178","0.212395350387169","0.9636","0.597112017529339","0.437604868061461","0.693623442560191","0.295576442718264","0.532291186651595","10_10"
"10.7700415023062","1.18421706970704","0.829212398357856","1.5904336660316","0.770041502306172","0.241032316104135","0.9788","0.586201119210157","0.624080706957169","0.665661760942598","0.353380905377713","0.600335936058735","10_10"
"10.7010501077867","1.27336154006732","0.789650826243908","1.81445229710528","0.701050107786679","0.214524031154819","0.9934","0.651074947543695","0.482255231477533","0.601927448246175","0.452546491682975","0.66303173418539","10_10"
"10.744126168453","1.23409681545967","0.795973586761555","1.68652840520682","0.744126168453015","0.250636629081299","0.9878","0.601753991000897","0.749711496770516","0.674781535613359","0.330532458780495","0.606270880487565","10_10"
"10.7878503346553","1.1610111494275","0.845527912339277","1.54056233025409","0.787850334655347","0.231545084415616","0.968","0.585887044084971","0.593451085968537","0.699026462063315","0.276941357171977","0.6782432195961","10_10"
"10.7688172900158","1.18677212040306","0.833905499754725","1.59093242268423","0.768817290015808","0.227798073229881","0.9792","0.597647410032188","0.512477586238335","0.662739061940805","0.383221806742382","0.618216897116947","10_10"
"10.695968502917","1.289126815142","0.770579275951104","1.82071718130481","0.695968502916951","0.237514152316875","0.9946","0.631777244053799","0.688298777488114","0.603112538314797","0.401444362171071","0.520916347917795","10_10"
"10.7467059758912","1.21935697531092","0.811499507758408","1.64877602559466","0.746705975891191","0.236219264721548","0.9864","0.607524113200267","0.510036247473189","0.648264211275018","0.488308847767576","0.528026788171758","10_10"
"10.8017581020334","1.14854486590764","0.852741072137891","1.51253979038611","0.8017581020334","0.240913307063701","0.9624","0.575268118941078","0.577510603936389","0.709426629076245","0.322029225494094","0.627045592946816","10_10"
"10.7999178948566","1.13444937190945","0.864642540331074","1.45962287875887","0.79991789485655","0.208181424847863","0.9504","0.588707931307383","0.344066379704355","0.692044959079569","0.381277041070049","0.519809763828803","10_10"
"10.7734066738833","1.17991821979735","0.834433759557087","1.57817515069033","0.773406673883315","0.235087868523438","0.9776","0.591644653408767","0.515482466869666","0.667134993904796","0.412273401653906","0.562436245662568","10_10"
"10.7420364761402","1.23362266873713","0.80193672003749","1.68185424946851","0.742036476140231","0.244312558739343","0.9876","0.608090422044346","0.601226871664889","0.663609619145133","0.421980018908889","0.646833727607285","10_10"
"10.7760090767141","1.1773050436916","0.833996125340958","1.58136039953383","0.776009076714127","0.23807486465661","0.975","0.588900195395053","0.577605248677154","0.683876456586709","0.353345656729741","0.598084210407342","10_10"
"10.7708706045769","1.18551418135175","0.828678333138555","1.58743126240965","0.770870604576857","0.236961567725396","0.9782","0.593861638449783","0.596181779407774","0.687262550425757","0.326984615783955","0.620017085072829","10_10"
"10.7579257672981","1.20233930519225","0.819562538943306","1.61569352970765","0.757925767298143","0.239124231263648","0.9828","0.600887216778745","0.51971419034159","0.675924636741322","0.440781711252003","0.572095525882436","10_10"
"10.7768883871587","1.18003430400518","0.835271434347484","1.57946740611009","0.776888387158652","0.231333900148422","0.9772","0.59537053835721","0.550948886883509","0.689690636010786","0.327926726754998","0.6122130681301","10_10"
"10.757843451929","1.20244947265899","0.823115693579457","1.61912396441143","0.757843451928951","0.232773067738635","0.9838","0.601171663773751","0.569467835430853","0.66046827398756","0.361811336645423","0.642125276046956","10_10"
"10.7589563749736","1.18883908935294","0.837745936049363","1.59750259769789","0.758956374973558","0.214645416688846","0.98","0.605434931836455","0.460485975956274","0.631589701027418","0.400003861785796","0.564920627001089","10_10"
"10.7794997123333","1.1730721644459","0.840192220162899","1.56229112489186","0.779499712333257","0.230888939743255","0.9744","0.591815989627815","0.54072925234741","0.6897358236857","0.33198350496253","0.637099927898195","10_10"
"10.7652119335828","1.20572782543762","0.814096994920053","1.62332952177105","0.765211933582751","0.244058720791205","0.9816","0.596798929421427","0.687399644088754","0.693079970111574","0.299358579559651","0.658501160314217","10_10"
"10.790297991161","1.15084935214007","0.853332276495159","1.503205280514","0.790297991161012","0.213986288816407","0.9592","0.591568028103438","0.450907106757279","0.693365259641601","0.295598768215554","0.53999200923808","10_10"
"10.7250115652608","1.24321385610542","0.805173131054579","1.73114822529711","0.725011565260833","0.205481023721915","0.99","0.646622068466333","0.384610773111928","0.644086588486228","0.451506246974974","0.447624006805853","10_10"
"10.7566902604788","1.20394731791877","0.824664291742198","1.61648964492696","0.756690260478793","0.225379308970587","0.983","0.602534519830759","0.610234255877994","0.646635491832981","0.304239024843111","0.633390245739857","10_10"
"10.7705858347753","1.18680329472355","0.830998694070727","1.58680543377306","0.77058583477528","0.232603486732217","0.9792","0.594233998657493","0.582960944800449","0.671032353707558","0.336237738550743","0.547784485132345","10_10"
"10.7577704189743","1.18756829031196","0.835905611225493","1.59901667744065","0.757770418974272","0.211453305241235","0.9796","0.610155964332705","0.422476505261941","0.638850533311362","0.409135080174397","0.637972527651746","10_10"
"10.7345559605926","1.23114527373957","0.806133341240956","1.6798519119887","0.734555960592595","0.229214980504251","0.989","0.613710234032213","0.569856667952066","0.626816685555335","0.404704984444639","0.590561455784576","10_10"
"10.7581272188112","1.19068794763301","0.836179875950576","1.59974344224548","0.758127218811149","0.218994273623643","0.9812","0.603267118826953","0.470728619216324","0.635159954255633","0.419244362159105","0.498196718125661","10_10"
"10.747747126542","1.21631417431568","0.811811951600551","1.63745338549922","0.747747126541984","0.239311820570787","0.9854","0.606189021894658","0.529331504072183","0.670881501789714","0.448850954027715","0.586372275808142","10_10"
"5.79960554527905","1.08319696347496","0.891436498854498","1.3971753813413","0.799605545279049","0.233414420242422","0.9382","0.539893083915793","0.490297999983069","0.65088580333486","0.412764380531647","0.64795205108525","10_10"
"10.7674644686913","1.18578025997631","0.835467852937694","1.58533346784938","0.767464468691264","0.22319896440535","0.9788","0.600559207619746","0.551651826608899","0.671276346911944","0.301332033353716","0.568848646074097","10_10"
"10.7924198960755","1.15111313710825","0.855694121860005","1.50570057311308","0.792419896075477","0.220271979938046","0.959","0.587074598377662","0.48522704540171","0.698484699396627","0.294595901549139","0.65592226310718","10_10"
"10.7814481987558","1.16573536894711","0.844189050375954","1.55173595461082","0.781448198755778","0.229790993950186","0.9708","0.589407268302995","0.558489397956385","0.691957562627324","0.303766921776488","0.664731660993853","10_10"
"10.7482747592245","1.21792401770333","0.819138182829901","1.64281415788974","0.748274759224478","0.224722201651593","0.986","0.616588407376938","0.497094896927808","0.666099016829625","0.391362099063186","0.488707347984479","10_10"
"10.7345559605926","1.23114527373957","0.806133341240956","1.6798519119887","0.734555960592595","0.229214980504251","0.989","0.613710234032213","0.569856667952066","0.626816685555335","0.404704984444639","0.590561455784576","10_10"
"10.7233945885479","1.25677477157372","0.796653392399694","1.74840243520068","0.723394588547927","0.219547708408162","0.992","0.639331142378962","0.503723010988266","0.645614621287923","0.398478865931428","0.566549126651215","10_10"
"10.7801327031462","1.17629528610087","0.842218584659629","1.54939713555521","0.780132703146201","0.224044910453128","0.9722","0.595924463236648","0.545828908628288","0.694165205226879","0.277921898341102","0.554612143140515","10_10"
"10.7415886912542","1.21414198406894","0.820619386921173","1.64663152126751","0.741588691254188","0.22194833838971","0.9866","0.612369017916086","0.52498979674795","0.626704578281485","0.399646043467978","0.472003296606642","10_10"
"10.7471684307722","1.22575870347386","0.806559192833081","1.66048129751073","0.747168430772191","0.245681899755773","0.987","0.604342633365775","0.575475030256701","0.663745025837708","0.453369752464862","0.563900663524209","10_10"
"10.7794698813338","1.16887358889698","0.84197035267365","1.55712956276025","0.779469881333818","0.230462166800317","0.9724","0.590549333874332","0.553906796777723","0.691069076829121","0.315173910387369","0.66245084322045","10_10"
"10.7731136502848","1.18401578734827","0.832722911356609","1.58447119822219","0.773113650284788","0.231292124676753","0.9778","0.597545269721729","0.562584022042224","0.687498423850447","0.31957588634727","0.611180811389675","10_10"
"10.7567416974085","1.20251351236463","0.823236409828454","1.62545076112957","0.756741697408499","0.228235208575755","0.9836","0.610468067219306","0.504126608233123","0.673307087236803","0.37716669417012","0.626477927854084","10_10"
"10.7688806552366","1.18680517129962","0.836895783008821","1.58725398169798","0.768880655236575","0.219591137400744","0.9792","0.601735666213527","0.537693044247403","0.660872580869086","0.305641717971751","0.545064767088777","10_10"
"10.7581427172646","1.1988036094426","0.82281510762168","1.6101355615993","0.758142717264608","0.23635897881355","0.9822","0.599834872292414","0.528975309524077","0.668306755217975","0.414955567160355","0.567871838626617","10_10"
"10.7689007837847","1.17005304298011","0.849815778543477","1.55271739508815","0.768900783784713","0.221004873239157","0.9738","0.591156517870437","0.444818665058753","0.646158029236276","0.435825815249841","0.504242719982174","10_10"
"10.7517345744689","1.21670933342677","0.811956447900699","1.63990225513969","0.751734574468879","0.238531892339514","0.9854","0.608400427027376","0.524152890724628","0.680646662216356","0.439434701524214","0.521736900332559","10_10"
"10.7716128462232","1.18156668828162","0.836251619731441","1.57866657495653","0.771612846223231","0.22887456404822","0.9778","0.593417097478909","0.560800644614164","0.66928300144188","0.333687697074097","0.650257498088435","10_10"
"10.7213150546701","1.2641942623524","0.786738854663774","1.75107826489961","0.721315054670061","0.22554827111031","0.9924","0.644365745990948","0.51739735673033","0.681805015836662","0.369026088454873","0.541465497231021","10_10"
"10.8017581020334","1.14854486590764","0.852741072137891","1.51253979038611","0.8017581020334","0.240913307063701","0.9624","0.575268118941078","0.577510603936389","0.709426629076245","0.322029225494094","0.627045592946816","10_10"
"10.7279276224917","1.24301121467932","0.802043200808425","1.71431126208905","0.727927622491719","0.217950178735692","0.9898","0.635020570860384","0.547857526476055","0.656519896381447","0.31143012501041","0.584388266787512","10_10"
"10.7215709788174","1.25840680024071","0.791287184394138","1.73280310026641","0.721570978817427","0.225771544465926","0.992","0.637814542258331","0.544758416779991","0.665807150708869","0.363290320285152","0.550599901698962","10_10"
"10.7794997123333","1.1730721644459","0.840192220162899","1.56229112489186","0.779499712333257","0.230888939743255","0.9744","0.591815989627815","0.54072925234741","0.6897358236857","0.33198350496253","0.637099927898195","10_10"
"10.7624303473255","1.19909438434031","0.821401075204309","1.61127660672079","0.762430347325542","0.241957453621387","0.9822","0.597489734838794","0.548935407140592","0.679946265698031","0.414081142430438","0.586684206771118","10_10"
"10.7718395190156","1.18736673883049","0.829753865437481","1.58869198230133","0.771839519015582","0.2341686890194","0.9782","0.595481187551354","0.569640746838222","0.681224627055089","0.344543887643665","0.579188187779808","10_10"
"10.7717109762312","1.18598017638526","0.833598797172986","1.58626535375463","0.771710976231224","0.22976063665024","0.9786","0.598768020297161","0.521727670084508","0.685669007054077","0.354627295576563","0.597624387241419","10_10"
"10.7600822796997","1.19210617945678","0.834299337499146","1.60357727865354","0.760082279699721","0.223473498708662","0.9814","0.602090660233172","0.48468740157782","0.645563720298492","0.414934677541071","0.521980597110981","10_10"
"10.7612576879176","1.1983927261112","0.822492506274707","1.60848714312384","0.761257687917586","0.238396933561348","0.9824","0.597998803011012","0.515838661417772","0.669709740476535","0.446168788521267","0.580936682844093","10_10"
"10.7455938326619","1.21349875641431","0.817121595029977","1.64591622488443","0.745593832661869","0.227747236826244","0.9858","0.605572232613479","0.565762043866227","0.631275824332213","0.388896019873857","0.644112305388755","10_10"
"10.7561443984018","1.2103613368488","0.812545736020045","1.63845136574881","0.75614439840177","0.247230320140079","0.9844","0.60033280418986","0.573163783598922","0.686419587023152","0.423448977167253","0.578374826429627","10_10"
"10.7769128111832","1.18102968013125","0.837043691322191","1.5745635726898","0.776912811183161","0.228780951821618","0.9762","0.595527608460626","0.55145768665107","0.684749492220146","0.317962326669554","0.526961081124248","10_10"
"10.7657142833048","1.19389873953062","0.826302399086937","1.60325142676474","0.765714283304833","0.23221432719338","0.9816","0.601171940044374","0.545918155878705","0.679916492055416","0.358054537298539","0.4840351356339","10_10"
"10.7999178948566","1.13444937190945","0.864642540331074","1.45962287875887","0.79991789485655","0.208181424847863","0.9504","0.588707931307383","0.344066379704355","0.692044959079569","0.381277041070049","0.519809763828803","10_10"
"10.7643326258024","1.18811426196018","0.833231852551344","1.59368782908663","0.764332625802372","0.228587875001854","0.9804","0.595750598778124","0.541925539008723","0.650839824286612","0.37142628419702","0.563733710084598","10_10"
"10.750631161727","1.20463103315786","0.827127310400922","1.62426478555795","0.750631161726966","0.22186277976851","0.984","0.606567616228922","0.530020527752754","0.636478722236855","0.369518232924438","0.600181229102842","10_10"
"10.7634555566927","1.20675499220417","0.818601952421701","1.62164100803345","0.763455556692734","0.237205709241506","0.9832","0.60060719179686","0.644148845493876","0.679775288961065","0.303592927246988","0.658326078955743","10_10"
"10.7798564925566","1.1695807677557","0.842384954199992","1.55568914714773","0.779856492556571","0.229758137433996","0.9722","0.590673924056478","0.545311853526071","0.690624309483903","0.320576516351648","0.639380745671599","10_10"
"10.7709476643586","1.18664743903774","0.830129624041487","1.58648360756461","0.77094766435864","0.23481333404829","0.9784","0.593978215463445","0.559616328447832","0.673928176443564","0.363596866838634","0.587744668701631","10_10"
"10.7794997123333","1.1730721644459","0.840192220162899","1.56229112489186","0.779499712333257","0.230888939743255","0.9744","0.591815989627815","0.54072925234741","0.6897358236857","0.33198350496253","0.637099927898195","10_10"
"10.7608449241827","1.2047174149333","0.816193122375621","1.62324064116101","0.760844924182727","0.248694725216871","0.982","0.597078954403313","0.562964988936469","0.689229317891832","0.436547363564665","0.572270607240911","10_10"
"10.3309349020804","1.81027070789649","0.464694856112087","2.80210891978842","0.330934902080424","0.256813292066085","1","0.8","0.7","0.5","0.4","0.4","15_10"
"10.3309349020804","1.81027070789649","0.464694856112087","2.80210891978842","0.330934902080424","0.256813292066085","1","0.8","0.7","0.5","0.4","0.4","15_10"
"0.704775374797932","0.709411560730863","1.07664829876926","0.210444063893623","0.704775374797932","0.176328691032858","0.317","0.2655086631421","0.380035179434344","0.79423986072652","0.0706790471449494","0.34668348915875","15_10"
"5.82174158250765","0.975208923951305","0.942693693711005","1.08870751712963","0.821741582507655","0.0558758193016941","0.8028","0.37212389963679","0.777445221319795","0.107943625887856","0.0994661601725966","0.333774930797517","15_10"
"10.6615008901123","1.55954222919837","0.61120815536447","2.12462024182144","0.661500890112273","0.273063627703007","0.9984","0.572853363351896","0.934705231105909","0.723710946040228","0.31627170718275","0.476351245073602","15_10"
"10.3617995682211","1.59480898641686","0.593596488513864","2.59775635676079","0.361799568221078","0.148081248665872","1","0.908207789994776","0.212142521282658","0.411274429643527","0.518634263193235","0.892198335845023","15_10"
"0.603360542712206","0.629175080057145","1.12944276338973","0.231901816193844","0.603360542712206","0.222924102060014","0.3034","0.201681931037456","0.651673766085878","0.820946294115856","0.662005076417699","0.864339470630512","15_10"
"10.3113414459199","1.67433355104605","0.539549491344351","2.74439506526461","0.311341445919904","0.1562355333034","1","0.898389684967697","0.125555095961317","0.647060193819925","0.406830187188461","0.389989543473348","15_10"
"10.1961804018839","1.9327824339065","0.395318410189089","3.05007728104048","0.196180401883879","0.262552686226282","1","0.944675268605351","0.267220668727532","0.78293276228942","0.912875924259424","0.777320698834956","15_10"
"10.5850673024534","1.4512618164373","0.675464027692515","2.19901165208233","0.585067302453417","0.171503787326058","1","0.660797792486846","0.386114092543721","0.553036311641335","0.293603372760117","0.960617997217923","15_10"
"10.6707531634137","1.263301001941","0.776149335701752","1.8706253493335","0.670753163413681","0.115681835956633","0.9848","0.62911404389888","0.0133903331588954","0.529719580197707","0.459065726259723","0.434659484773874","15_10"
"0.0544499157540501","0.196872680827263","1.32265987308528","0.00575927761255755","0.0544499157540501","0.278313618134367","0","0.0617862704675645","0.382387957070023","0.789356231689453","0.332394674187526","0.712514678714797","15_10"
"5.78889023306453","0.987386014980825","0.943890834345878","1.12138971231965","0.788890233064527","0.0579208921747687","0.8186","0.205974574899301","0.86969084572047","0.023331202333793","0.65087046707049","0.399994368897751","15_10"
"0.339574892628484","0.648212988065176","1.11895441966452","0.0373413068852079","0.339574892628484","0.185725119412266","0.1214","0.176556752528995","0.34034899668768","0.477230065036565","0.258016780717298","0.325352151878178","15_10"
"10.5101204519513","1.65253928717157","0.562692900839446","2.45072270907663","0.510120451951259","0.254636293928646","1","0.687022846657783","0.482080115471035","0.7323137386702","0.478545248275623","0.757087148027495","15_10"
"5.88364230283698","1.15619539327491","0.837395423432328","1.36988371483148","0.883642302836977","0.262514264831787","0.9446","0.384103718213737","0.599565825425088","0.692731556482613","0.766310670645908","0.202692255144939","15_10"
"10.4768810406758","1.4763354605012","0.652169428297584","2.35973183611725","0.476881040675819","0.137420292766857","1","0.769841419998556","0.493541307048872","0.477619622135535","0.0842469143681228","0.711121222469956","15_10"
"10.8685579340949","1.2369840691411","0.78025358624162","1.53379118709168","0.868557934094941","0.217057468944193","0.953","0.497699242085218","0.186217601411045","0.8612094768323","0.875321330036968","0.121691921027377","15_10"
"10.411073696376","1.70584741981343","0.533476468303487","2.5987956516138","0.411073696375992","0.237121290919409","1","0.717618508264422","0.827373318606988","0.438097107224166","0.339072937844321","0.245488513959572","15_10"
"10.1642299553353","2.04909546687482","0.308569797599744","3.14093514256039","0.164229955335334","0.350675216115006","1","0.991906094830483","0.668466738192365","0.244797277031466","0.839440350187942","0.14330437942408","15_10"
"0.768527585618646","0.814562797233255","1.04044212392917","0.159195037081179","0.768527585618646","0.0816284426795759","0.3792","0.1","0.1","0.1","0.1","0.1","15_10"
"0.800832829509284","0.806738800102764","1.04253166884096","0.163407633759087","0.800832829509284","0.0986868279358021","0.3786","0.2","0.2","0.2","0.2","0.2","15_10"
"0.871235119765255","0.871138379980325","0.999031634860347","0.676358081853087","0.871235119765255","0.0869627215377111","0.588","0.3","0.3","0.3","0.3","0.3","15_10"
"5.82418828388889","1.04702352933173","0.901611402717305","1.27972167595981","0.824188283888894","0.129351605200802","0.9248","0.4","0.4","0.4","0.4","0.4","15_10"
"10.7426284003523","1.30060898958109","0.769397482767709","1.77026279495828","0.742628400352338","0.191532285925711","0.9924","0.5","0.5","0.5","0.5","0.5","15_10"
"10.5919775628246","1.56886986537531","0.611132637215264","2.24238466944898","0.591977562824645","0.259070228139924","0.9992","0.6","0.6","0.6","0.6","0.6","15_10"
"10.4099466337957","1.8168793829438","0.456044225084268","2.66972225185528","0.409946633795695","0.324104319242556","1","0.7","0.7","0.7","0.7","0.7","15_10"
"10.2347295198071","2.03248201693079","0.311002256761423","3.01927381389779","0.234729519807076","0.385053612000532","1","0.8","0.8","0.8","0.8","0.8","15_10"
"10.1052401007449","2.19679810181226","0.202548443942958","3.30227385022895","0.105240100744888","0.454735683196264","1","0.9","0.9","0.9","0.9","0.9","15_10"
"10.0365502533014","2.34209872876585","0.120866589262096","3.47044889361034","0.0365502533013752","0.538508168180996","1","1","1","1","1","1","15_10"
"10.8249225309191","1.27475741694196","0.768406411592214","1.63572933187677","0.824922530919137","0.227374459285696","0.978","0.502757381025614","0.2778306689267","0.765553415824688","0.861252948815498","0.480738585514905","15_10"
"10.2657742938107","1.83384974608736","0.452905184620492","2.90367801013984","0.265774293810661","0.232566975894754","1","0.890221909670994","0.379864949603735","0.655651111785384","0.474981363903004","0.434708552363912","15_10"
"10.4505117909204","1.67654286151884","0.545183843689495","2.54048333652584","0.450511790920395","0.228766057353946","1","0.734561847841103","0.527675342147236","0.67146930467109","0.319692750557602","0.444751443898098","15_10"
"10.8685579340949","1.2369840691411","0.78025358624162","1.53379118709168","0.868557934094941","0.217057468944193","0.953","0.497699242085218","0.186217601411045","0.8612094768323","0.875321330036968","0.121691921027377","15_10"
"10.5919775628246","1.56886986537531","0.611132637215264","2.24238466944898","0.591977562824645","0.259070228139924","0.9992","0.6","0.6","0.6","0.6","0.6","15_10"
"10.2015509426468","2.01209211657697","0.33505519371267","3.08847999400807","0.201550942646834","0.330026516100342","1","0.868702381005946","0.644470141337637","0.894321979050179","0.490309965704536","0.93143801192786","15_10"
"10.6675586181331","1.31208232945236","0.764746117397711","1.90864538425162","0.667558618133127","0.155814688158389","0.9984","0.539234378840774","0.54496011431329","0.326386726927012","0.394235951965675","0.273043820657767","15_10"
"5.81124684868418","1.07077677075929","0.887772945525866","1.36615049176075","0.811246848684178","0.117660760625712","0.9356","0.450604995925873","0.237330112962439","0.409790555347606","0.506143557908344","0.6403977485814","15_10"
"10.8685579340949","1.2369840691411","0.78025358624162","1.53379118709168","0.868557934094941","0.217057468944193","0.953","0.497699242085218","0.186217601411045","0.8612094768323","0.875321330036968","0.121691921027377","15_10"
"10.5480605216601","1.62667395228481","0.570739708488499","2.37771316916006","0.548060521660125","0.25309747806365","1","0.681964707717387","0.39046704795538","0.827969799677813","0.492613629497093","0.398040483539967","15_10"
"10.2682417775592","1.99193973730069","0.340417583908725","2.94540782761692","0.268241777559175","0.370183614634264","1","0.77958036835771","0.786626110132784","0.767431807564572","0.784493803046644","0.787003786046989","15_10"
"10.4216493717219","1.75966792469953","0.49323935739891","2.6191868232327","0.421649371721947","0.291942784986603","1","0.6920954114809","0.641643951206084","0.558714332591156","0.703293407055581","0.929179985290063","15_10"
"10.5822500360661","1.56099490967956","0.617421157317116","2.2661291087483","0.582250036066116","0.238612071139322","0.9994","0.63681475366964","0.492183855594666","0.661895352545015","0.489698541914047","0.693897787692857","15_10"
"10.3470158556729","1.64453258875977","0.568549429655005","2.66085962300565","0.347015855672947","0.157416158544552","1","0.898803209322144","0.238558481096867","0.475231704901135","0.414647901523988","0.792361051542505","15_10"
"10.5608555725841","1.72677048586799","0.509405080708417","2.38783369485845","0.560855572584056","0.341194300416973","0.9998","0.600342113442705","0.93451776195079","0.733872121062161","0.616229008453097","0.0222068231087178","15_10"
"10.1699765146701","1.99813450272827","0.347529040637392","3.11661927004847","0.16997651467011","0.302278793232404","1","0.99152218831606","0.552086814776303","0.461680367795847","0.633529471021954","0.403623289355033","15_10"
"10.5271011052897","1.65922406792861","0.558819591497049","2.40599188215897","0.527101105289749","0.276231718127636","0.9998","0.650208092988143","0.589896259876369","0.670418386125185","0.588846706361575","0.663189360334637","15_10"
"10.2072776185655","1.96790383631109","0.368033947799767","3.04946435094247","0.20727761856548","0.300037838520975","1","0.917457795625146","0.644471072668315","0.441237477344929","0.604175677335281","0.202736232974234","15_10"
"0.870121544557056","0.923487493994142","0.981558814768915","0.827754054802414","0.870121544557056","0.0704622873611598","0.6496","0.360765621159226","0.25503988568671","0.273613273072988","0.105764048034325","0.226956179342233","15_10"
"10.1505416668124","2.11476460514357","0.262043847629478","3.19813675454682","0.150541666812413","0.398151047260478","1","0.872511249909191","0.900187469155119","0.889838824978067","0.600042698729653","0.596438527446405","15_10"
"10.3129781070598","1.83078682826326","0.449643995882931","2.82709977177245","0.312978107059751","0.26630983108692","1","0.809404580672633","0.67358404018579","0.436042724742392","0.503986361669247","0.499837284302518","15_10"
"10.4296789870559","1.71852859366523","0.521370867669698","2.5933599089692","0.429678987055927","0.248611031887762","1","0.73668120047849","0.53258498491999","0.699301835189063","0.403409143813609","0.421589344648851","15_10"
"10.443357963498","1.70989050873621","0.529894262261909","2.55937009835853","0.443357963497972","0.271303302456885","1","0.687406753172206","0.598460038887097","0.515430647905819","0.684456127441611","0.496768238096542","15_10"
"10.5596538017358","1.52006185838728","0.629073019178149","2.27993880859661","0.559653801735785","0.190005037002196","1","0.695190621954485","0.227770261828617","0.723722820704742","0.41039407156108","0.71236813913693","15_10"
"10.3292148276485","1.73633492669129","0.517542506362738","2.7645194232107","0.329214827648491","0.197469979429531","1","0.857644979404227","0.23432007186303","0.684242892622809","0.509226924378328","0.758685858344563","15_10"
"10.4391305494303","1.62459967287613","0.579872854752927","2.5094387364378","0.439130549430269","0.211348023415756","1","0.737585657248332","0.459902564890663","0.459345275690918","0.48795258709053","0.890599625527955","15_10"
"10.3753104960827","1.86570374877091","0.421756097360903","2.74798118105277","0.375310496082673","0.337979870918705","1","0.72041963164229","0.713373889867217","0.732568192435429","0.715506196953356","0.712996213953011","15_10"
"10.3650767866501","1.65162833899525","0.563047462762705","2.64118164061258","0.36507678665012","0.184654154088923","1","0.857602794068903","0.374812408320219","0.401483874295921","0.412490705284891","0.651800587263623","15_10"
"10.7426284003523","1.30060898958109","0.769397482767709","1.77026279495828","0.742628400352338","0.191532285925711","0.9924","0.5","0.5","0.5","0.5","0.5","15_10"
"10.4688836141938","1.54855775878426","0.623483220556915","2.41692351034269","0.468883614193754","0.186018564846001","1","0.735246091692184","0.410109758067771","0.356596111327873","0.528868045612778","0.90118614366777","15_10"
"10.281499563391","1.83778427109907","0.447374873884028","2.87723699296565","0.281499563390997","0.251858335402563","1","0.875517219055189","0.525580372972401","0.460054464021074","0.514046326654604","0.722667555795179","15_10"
"10.5596538017358","1.52006185838728","0.629073019178149","2.27993880859661","0.559653801735785","0.190005037002196","1","0.695190621954485","0.227770261828617","0.723722820704742","0.41039407156108","0.71236813913693","15_10"
"10.2955875888296","1.86980834461995","0.426970589647481","2.86748839773026","0.295587588829625","0.280442707728015","1","0.809404580672632","0.743514884263277","0.436042724742392","0.503986361669247","0.499837284302518","15_10"
"10.3111415338429","1.79092117678514","0.481102290743094","2.81331710786792","0.311141533842859","0.232538891969679","1","0.851706707784139","0.402970909377638","0.603900993351707","0.493080591728548","0.80827967578756","15_10"
"10.4767152860825","1.55269098331868","0.617021177310724","2.4109388395496","0.476715286082486","0.180412002552162","1","0.74352392886842","0.291251727376055","0.53968717496202","0.50409891974031","0.841005808084958","15_10"
"10.4867048921369","1.68805417850674","0.540003297754317","2.50652008547129","0.486704892136905","0.260591688605412","1","0.699463546746522","0.533753131784612","0.759099746822273","0.413533086437984","0.746069458909761","15_10"
"10.8249225309191","1.27475741694196","0.768406411592214","1.63572933187677","0.824922530919137","0.227374459285696","0.978","0.502757381025614","0.2778306689267","0.765553415824688","0.861252948815498","0.480738585514905","15_10"
"10.5651065117653","1.64102567070863","0.56583220424359","2.33730594028268","0.56510651176528","0.281566799842764","0.9994","0.639568750032205","0.595455197225175","0.743690165759963","0.525949627655231","0.40494944438755","15_10"
"10.3451818115998","1.74095359617888","0.511206590168028","2.72791204730724","0.34518181159983","0.226621734334749","1","0.827724327366251","0.478188841630655","0.430286989090315","0.522363673153778","0.289568280775986","15_10"
"10.4251529572581","1.69887839223288","0.531451407655448","2.58917382222935","0.425152957258104","0.236740631939354","1","0.74630518309883","0.490600765542751","0.664254400609978","0.403832830158913","0.606932062691161","15_10"
"10.7978794886236","1.38573299675939","0.713980105808622","1.7584200599417","0.797879488623611","0.273969299634623","0.9864","0.513429648770384","0.44010341154197","0.814453690557572","0.764590691255036","0.10315417585738","15_10"
"10.6669755381273","1.40462443838128","0.710624609849799","1.98929749068421","0.666975538127303","0.208439898528377","0.998","0.538605065597221","0.537416585721076","0.460255289217457","0.592935521178879","0.541052927565761","15_10"
"10.3129781070598","1.83078682826326","0.449643995882932","2.82709977177245","0.312978107059751","0.26630983108692","1","0.809404580672632","0.67358404018579","0.436042724742392","0.503986361669247","0.499837284302518","15_10"
"10.37539706782","1.84410163935574","0.437572199451068","2.73996200157671","0.375397067820043","0.309332690048837","1","0.730113666840604","0.836804101481462","0.71282970568441","0.454921879432585","0.299245443152772","15_10"
"10.3027015189339","1.81418158930758","0.462986836117346","2.8254801489874","0.302701518933914","0.252444875138246","1","0.853590626509203","0.486409006694566","0.460971179465691","0.60743573145788","0.571555359087809","15_10"
"10.3542906480381","1.68835580962122","0.539037825803622","2.68138086812005","0.354290648038136","0.19858311760203","1","0.847978811448563","0.416796627697458","0.436531308875006","0.412067018939587","0.466457869221313","15_10"
"10.4869057777021","1.51675141982464","0.634446145285037","2.3769826410591","0.486905777702076","0.171001853912306","1","0.739448326377822","0.323243302182175","0.4540230592577","0.466645870987492","0.872164183349304","15_10"
"10.4569358072304","1.65686685318477","0.564593500201847","2.49137161876939","0.456935807230448","0.24201031079175","1","0.691751158749407","0.554414280876915","0.482186123190829","0.56804591694135","0.833067637530218","15_10"
"10.6936304716111","1.31590391758689","0.760049656784959","1.88982599509944","0.693630471611145","0.171642914701486","0.9972","0.540338464184767","0.403612344000098","0.42074104360222","0.587955562089848","0.553565700779648","15_10"
"10.3468858208659","1.66105626926463","0.559414330198062","2.66706745424626","0.346885820865865","0.181295604845349","1","0.894600974636505","0.325424936982463","0.377804756971308","0.476870076149274","0.821383011860971","15_10"
"10.6419978395424","1.63320217416424","0.572265591677731","2.21073202265424","0.641997839542395","0.32339666064883","0.999","0.58461170675754","0.680631951819865","0.780627907336889","0.726959647235029","0.0407445682787154","15_10"
"10.6089724133422","1.59996418534637","0.588984293967649","2.25141364302982","0.608972413342164","0.281337281104505","0.999","0.606909647080591","0.630298645389318","0.720344250566813","0.564716272834122","0.144550724604797","15_10"
"10.5480605216601","1.62667395228481","0.570739708488499","2.37771316916006","0.548060521660125","0.25309747806365","1","0.681964707717387","0.39046704795538","0.827969799677813","0.492613629497093","0.398040483539967","15_10"
"10.6676961076532","1.45927125375047","0.681608039140793","2.04499689836525","0.66769610765318","0.232765013328239","0.9978","0.561394934402779","0.562583414278924","0.597214434342459","0.507064478821121","0.558947072434239","15_10"
"10.8685579340949","1.2369840691411","0.78025358624162","1.53379118709168","0.868557934094941","0.217057468944193","0.953","0.497699242085218","0.186217601411045","0.8612094768323","0.875321330036968","0.121691921027377","15_10"
"10.3490577849705","1.84065239442848","0.444357190111963","2.76940428500285","0.349057784970473","0.299538014650797","1","0.775307443565673","0.480643240176789","0.73205488144704","0.781354788169739","0.753302466274159","15_10"
"10.5895770071832","1.5435731428607","0.62916994132522","2.23471158811388","0.589577007183176","0.229211232309045","0.9992","0.642395957685182","0.395011850730205","0.68427963391785","0.566664001841862","0.593091039152417","15_10"
"10.4189987070974","1.69077190637287","0.541588735148914","2.57535838248382","0.418998707097372","0.241867012346742","1","0.733241251671131","0.503948322900845","0.492589800405908","0.604362797590791","0.554300226094279","15_10"
"10.3720995881273","1.85382581718652","0.430566185429203","2.74541097106567","0.372099588127271","0.328196981090221","1","0.720966091305814","0.728478020641865","0.678475775680883","0.686361013224336","0.630600851875202","15_10"
"10.3463124473486","1.86568565509255","0.426139720095624","2.79633668584506","0.346312447348611","0.31788783151453","1","0.746021030224102","0.656608128378016","0.604386679789508","0.78258891726392","0.65317117226833","15_10"
"10.7257562045965","1.21089462736325","0.802704859394143","1.74017348383189","0.725756204596491","0.132423550126969","0.9894","0.540338464184767","0.403612344000098","0.42074104360222","0.239086773013696","0.553565700779648","15_10"
"10.6189920176755","1.50361447548206","0.641942080569721","2.18026308878248","0.618992017675545","0.210637165618553","0.9986","0.655914319565992","0.209153288709395","0.775143655270941","0.784260567198937","0.588042275172524","15_10"
"10.7943683117705","1.34760261442471","0.724580169974089","1.73820547043074","0.794368311770468","0.25153279893165","0.9866","0.511537613074518","0.431535153687498","0.76540532700202","0.642664560315745","0.622117172722188","15_10"
"10.7394594940236","1.27707633237329","0.779288941498378","1.73918377480843","0.739459494023636","0.176109349787157","0.9912","0.525374539013368","0.288933973341212","0.538921251370323","0.77049609655454","0.541579743654493","15_10"
"10.8249225309191","1.27475741694196","0.768406411592214","1.63572933187677","0.824922530919137","0.227374459285696","0.978","0.502757381025614","0.2778306689267","0.765553415824688","0.861252948815498","0.480738585514905","15_10"
"10.4521882897989","1.6554198515684","0.565361808629485","2.50185860004427","0.452188289798855","0.235618266567455","1","0.705007083242685","0.516407684316144","0.486279314983017","0.583517977140708","0.568125670288712","15_10"
"10.5318291134377","1.52750597894833","0.638675317462985","2.29879259988738","0.531829113437676","0.206640888330753","1","0.657407146048626","0.44121852006006","0.451477598856326","0.602055627385141","0.554087748730425","15_10"
"10.3440566417684","1.85366081045852","0.43230635510568","2.80027535944896","0.344056641768417","0.298194603307539","1","0.761482491507809","0.733625784112625","0.632773453007902","0.52481272059388","0.2645681690928","15_10"
"10.3713964477876","1.74323402596067","0.510137667283095","2.69649708195582","0.37139644778757","0.233570544543055","1","0.796444498282395","0.401043980535037","0.660725219603181","0.493001004742309","0.450510127887598","15_10"
"10.4690537378803","1.69085735636026","0.539220449225209","2.50657240584269","0.469053737880293","0.268569198431523","1","0.68282312093173","0.600569295437876","0.597229532967556","0.565299893107793","0.277162843784312","15_10"
"10.8685579340949","1.2369840691411","0.78025358624162","1.53379118709168","0.868557934094941","0.217057468944193","0.953","0.497699242085218","0.186217601411045","0.8612094768323","0.875321330036968","0.121691921027377","15_10"
"10.6799911645153","1.48174051320153","0.658924517021817","2.04197168021935","0.679991164515296","0.243555814731522","0.9972","0.588090105618056","0.4676650782444","0.750320222171337","0.494893592996944","0.140581708546014","15_10"
"10.8249225309191","1.27475741694196","0.768406411592214","1.63572933187677","0.824922530919137","0.227374459285696","0.978","0.502757381025614","0.2778306689267","0.765553415824688","0.861252948815498","0.480738585514905","15_10"
"10.7978794886236","1.38573299675939","0.713980105808622","1.7584200599417","0.797879488623611","0.273969299634623","0.9864","0.513429648770384","0.44010341154197","0.814453690557572","0.764590691255036","0.10315417585738","15_10"
"10.3700880724961","1.80837187750517","0.464942762081516","2.72835821628772","0.370088072496069","0.28189735308046","1","0.74137880869374","0.751345704251285","0.557712435784006","0.487321257297183","0.37391890568992","15_10"
"10.6882053533043","1.50912724160401","0.641105484186083","2.05937895007117","0.688205353304283","0.260893199106814","0.9968","0.591804236618053","0.45966784329189","0.813899548444449","0.54794383466334","0.0968601278329734","15_10"
"10.5305415527932","1.55006483018406","0.619310618282022","2.34445839587342","0.530541552793153","0.20538380702434","1","0.692039918947386","0.356576700846883","0.626120504535706","0.462589578640761","0.736382113511713","15_10"
"10.8685579340949","1.2369840691411","0.78025358624162","1.53379118709168","0.868557934094941","0.217057468944193","0.953","0.497699242085218","0.186217601411045","0.8612094768323","0.875321330036968","0.121691921027377","15_10"
"10.4892376963009","1.75198754824064","0.498986587244371","2.51580795074479","0.489237696300913","0.315433484608554","1","0.674772177856873","0.611431156483355","0.794698158570253","0.671629442068782","0.341924923985709","15_10"
"10.5023158418205","1.59586673199282","0.592622749768897","2.41340139841155","0.502315841820469","0.219924419381689","1","0.694901861756506","0.42560784185865","0.579788439359864","0.515850409861668","0.809053663155434","15_10"
"10.5771420579066","1.58566407788602","0.604193958800531","2.27507565146945","0.577142057906631","0.256750117277163","0.9994","0.615837684898268","0.584143630828357","0.605300840790087","0.567462296667678","0.700455518350703","15_10"
"10.5839941617274","1.48049548597404","0.663149377266238","2.1993463255179","0.583994161727442","0.204297049439462","0.9994","0.616172569807273","0.466342146840883","0.461853245151803","0.590262732295498","0.553778178143502","15_10"
"10.6045485052046","1.65962627971457","0.557024044889046","2.28627244613922","0.604548505204645","0.314755281691795","0.9992","0.590462098503975","0.816208064649916","0.719927317272754","0.581129091670173","0.124821136147085","15_10"
"10.4485498132136","1.70102329992107","0.534091729579677","2.56294391124291","0.448549813213584","0.24673450978047","1","0.737226917219131","0.392393976797981","0.771145573426339","0.492693216483332","0.755810031439928","15_10"
"10.5705039447873","1.63903814201256","0.569973596639184","2.33571665005468","0.570503944787271","0.277216177766723","0.9994","0.653081217107014","0.460699448373515","0.807356078969228","0.638383479017448","0.277578482863066","15_10"
"10.42456920377","1.69477137417312","0.539943948857453","2.56768686626891","0.424569203770027","0.247037746489334","1","0.719985327177853","0.541954919461616","0.48849660861372","0.588890737391433","0.819242193335786","15_10"
"10.7569756942147","1.32629527248249","0.743958157083799","1.76516282644742","0.756975694214677","0.220174690747455","0.9918","0.517721306197014","0.392509039585586","0.647373208056584","0.678712414350805","0.49272454264006","15_10"
"10.5159384450901","1.6370943172451","0.569176450736041","2.42892195569582","0.515938445090077","0.253108169494245","1","0.690683314697619","0.380048647023814","0.759247835644941","0.632121474937738","0.604690871702477","15_10"
"10.46281534625","1.72004724810147","0.520807988047172","2.52901740207655","0.462815346250019","0.292024655582807","1","0.654831736245414","0.64018774553997","0.523613522301303","0.830385908484459","0.379819839814516","15_10"
"10.2982613321168","1.88768675081668","0.411983150043895","2.88098551347303","0.298261332116817","0.293363579253904","1","0.798139438819497","0.759042437415967","0.591159994642796","0.471586983804649","0.42516382176537","15_10"
"10.476158638505","1.66521777570936","0.553674872994446","2.49691748394851","0.476158638504988","0.246703863289222","1","0.711460990893229","0.444140263853116","0.713102679699659","0.501243684633623","0.458895557694688","15_10"
"10.608145536228","1.42594996365572","0.692765139623324","2.13154230272499","0.608145536228039","0.178318528383066","0.9992","0.624389307435384","0.379269686517742","0.470033966847401","0.523675878224181","0.716245096206244","15_10"
"10.3878873073429","1.79047044621846","0.476498477255576","2.6877793635978","0.387887307342893","0.282912123880886","1","0.724819679557017","0.732813282256819","0.577243772845994","0.501927982525229","0.724077011150667","15_10"
"10.6266116838274","1.42714810177657","0.694515014704615","2.08861557651732","0.626611683827449","0.19509823153297","0.9984","0.604928630020878","0.350226666182254","0.510484922350204","0.734155264440785","0.486087699174035","15_10"
"10.8685579340949","1.2369840691411","0.78025358624162","1.53379118709168","0.868557934094941","0.217057468944193","0.953","0.497699242085218","0.186217601411045","0.8612094768323","0.875321330036968","0.121691921027377","15_10"
"10.7200411206174","1.40117336008572","0.700681258623976","1.90408732531166","0.720041120617358","0.232480321183958","0.9946","0.555235897053362","0.368822522804506","0.70654609233081","0.729153311759854","0.548738635071294","15_10"
"10.6149461882358","1.47604421022476","0.657590013126236","2.17110279248235","0.61494618823583","0.195855549674638","0.999","0.655914319565992","0.209153288709395","0.707990671508014","0.784260567198937","0.588042275172524","15_10"
"10.5569986480089","1.56225547749455","0.614372980565381","2.31622463959458","0.556998648008917","0.223059111657515","1","0.675290145075393","0.331490074606956","0.702154166701387","0.583375676994565","0.54723559386067","15_10"
"10.8464196843198","1.26972518873749","0.767001685447246","1.60491102806953","0.846419684319789","0.224294967468725","0.9706","0.508812830805159","0.229303744439934","0.829788019124815","0.861333821097786","0.103666434215451","15_10"
"10.5346236805889","1.53750062617722","0.625284065887394","2.34154050818461","0.534623680588933","0.201351643943641","1","0.70344505823645","0.230091077177207","0.664794970997971","0.7743981004582","0.630676813958271","15_10"
"10.5124975467184","1.60618374169634","0.588394679476212","2.40918040192005","0.512497546718361","0.230674442542026","1","0.683823181319275","0.443649161170023","0.617939782840108","0.529176432712078","0.573915195448971","15_10"
"10.7917816591233","1.27931052842587","0.772214519638332","1.67320829982031","0.791781659123348","0.210217347499586","0.9832","0.510554481742295","0.291832380156189","0.704906742408193","0.719301429730071","0.486621953640751","15_10"
"10.8249225309191","1.27475741694196","0.768406411592214","1.63572933187677","0.824922530919137","0.227374459285696","0.978","0.502757381025614","0.2778306689267","0.765553415824688","0.861252948815498","0.480738585514905","15_10"
"10.5497668149385","1.58203200117071","0.604012906466296","2.34028159307216","0.549766814938494","0.231013791516587","1","0.670942762085412","0.392452893847977","0.683222558712363","0.545644156420991","0.633488749940584","15_10"
"10.7774539586108","1.33226166816989","0.740587993772147","1.73825497513133","0.777453958610826","0.240718875939817","0.9884","0.509924205480333","0.378507328356096","0.708019881473079","0.820663933436232","0.486841174514214","15_10"
"10.6118428594368","1.51806492734333","0.632791298224622","2.20357911685836","0.611842859436772","0.207638450392587","0.9988","0.66595374680517","0.198953202514902","0.799374788889154","0.692708425330545","0.10102623119019","15_10"
"10.7679842337578","1.22171688789394","0.802881837276708","1.64192685854689","0.767984233757771","0.16648402048424","0.9832","0.509891827231698","0.243744894222936","0.558443137484297","0.787843456579972","0.242279511578879","15_10"
"10.7119078636931","1.5459595163487","0.613389011940652","2.01624501162471","0.711907863693083","0.297072946132229","0.996","0.591804236618053","0.45966784329189","0.985662204911932","0.54794383466334","0.0968601278329734","15_10"
"10.7828222735338","1.29560119204202","0.757637837414416","1.7151183211486","0.782822273533849","0.211637478043587","0.9884","0.519507154897608","0.302917295166627","0.689519753659007","0.740466850461694","0.669885105165948","15_10"
"10.7943678790712","1.36660569618663","0.719702893694531","1.75149978155225","0.794367879071227","0.264414468684079","0.987","0.522428809977667","0.367313045919957","0.821082523588088","0.814734379644161","0.579266427978146","15_10"
"10.8685579340949","1.2369840691411","0.78025358624162","1.53379118709168","0.868557934094941","0.217057468944193","0.953","0.497699242085218","0.186217601411045","0.8612094768323","0.875321330036968","0.121691921027377","15_10"
"10.6799911645153","1.48174051320153","0.658924517021817","2.04197168021935","0.679991164515296","0.243555814731522","0.9972","0.588090105618056","0.4676650782444","0.750320222171337","0.494893592996944","0.140581708546014","15_10"
"10.8180723812383","1.33929936492813","0.735453601586531","1.6720332239698","0.818072381238289","0.272185361151926","0.9788","0.502316060050443","0.397017268513081","0.845875148265057","0.778578200194218","0.121179662669306","15_10"
"10.7901592561878","1.33302974271617","0.726527570640487","1.73057381204287","0.790159256187775","0.230868583568915","0.9852","0.541119189932942","0.23140668052932","0.841687590718327","0.857973970011537","0.420992153102991","15_10"
"10.7943683117705","1.34760261442471","0.724580169974089","1.73820547043074","0.794368311770468","0.25153279893165","0.9866","0.511537613074518","0.431535153687498","0.76540532700202","0.642664560315745","0.622117172722188","15_10"
"10.7978794886236","1.38573299675939","0.713980105808622","1.7584200599417","0.797879488623611","0.273969299634623","0.9864","0.513429648770384","0.44010341154197","0.814453690557572","0.764590691255036","0.10315417585738","15_10"
"10.4534465057931","1.71610625048783","0.521829990839181","2.54822745774835","0.453446505793055","0.277051404119926","1","0.69992055169858","0.495532230542921","0.646108645977414","0.750974484531886","0.705652823803325","15_10"
"10.6916398416135","1.45995281624173","0.670174732412028","2.01612086973847","0.691639841613533","0.237687218283575","0.9968","0.584005461330732","0.39245012253559","0.73529622277056","0.625761474413146","0.615045824139404","15_10"
"10.5688100063656","1.48618984276113","0.654149865128123","2.24326203800164","0.568810006365581","0.189113153990046","1","0.675979095045265","0.25557597762809","0.617531617907247","0.622176820058484","0.701631644704985","15_10"
"10.5005461023165","1.65104035093324","0.566575665160518","2.44397286918611","0.500546102316534","0.257016437375301","1","0.672454588507394","0.521017130993804","0.598845292886689","0.59875320413217","0.776607654550039","15_10"
"10.6234837823245","1.92886033150958","0.706966788845504","2.21886694916279","0.623483782324539","0.0957524941118661","1","0.8","0.7","0.5","0.4","0.4","05_15"
"10.6234837823245","1.92886033150958","0.706966788845504","2.21886694916279","0.623483782324539","0.0957524941118661","1","0.8","0.7","0.5","0.4","0.4","05_15"
"0.0901104633120872","0.60740988226102","1.52776930118272","0.0094502677014817","0.0901104633120872","0.272132668097789","0.0038","0.2655086631421","0.380035179434344","0.79423986072652","0.0706790471449494","0.34668348915875","05_15"
"10.9100772262705","1.85053495725431","0.768717259685465","1.685132671442","0.910077226270525","0.0254097266950186","0.968","0.37212389963679","0.777445221319795","0.107943625887856","0.0994661601725966","0.333774930797517","05_15"
"5.88119843168801","1.51588868203194","0.961131274300957","1.07185791774732","0.881198431688009","0.160736911899557","0.9172","0.572853363351896","0.934705231105909","0.723710946040228","0.31627170718275","0.476351245073602","05_15"
"10.5064592231232","2.02071137189921","0.657129832517392","2.44813671338892","0.506459223123247","0.0674236138958263","1","0.908207789994776","0.212142521282658","0.411274429643527","0.518634263193235","0.892198335845023","05_15"
"0.0645954213522019","0.322815763726039","1.63776562958752","0.00679034603542803","0.0645954213522019","0.288395545191724","0.0042","0.201681931037456","0.651673766085878","0.820946294115856","0.662005076417699","0.864339470630512","05_15"
"10.4634472094446","2.04029809890363","0.640437972303429","2.52868043579362","0.463447209444627","0.0996598327930777","1","0.898389684967697","0.125555095961317","0.647060193819925","0.406830187188461","0.389989543473348","05_15"
"10.3610560389811","2.12124620882781","0.595689596600352","2.73618422187533","0.361056038981101","0.116556367884482","1","0.944675268605351","0.267220668727532","0.78293276228942","0.912875924259424","0.777320698834956","05_15"
"10.891096465244","1.74722922380804","0.81622845677826","1.57825568916914","0.891096465243987","0.0970916453047336","0.9968","0.660797792486846","0.386114092543721","0.553036311641335","0.293603372760117","0.960617997217923","05_15"
"10.9435916390122","1.71704045344858","0.836919348897357","1.44830361624644","0.943591639012166","0.0924025766736347","0.9846","0.62911404389888","0.0133903331588954","0.529719580197707","0.459065726259723","0.434659484773874","05_15"
"0.0464727791371458","0.132948188144903","1.73399960558225","0.00494456552530769","0.0464727791371458","0.307032955620525","0","0.0617862704675645","0.382387957070023","0.789356231689453","0.332394674187526","0.712514678714797","05_15"
"10.7692234872926","1.9333686230418","0.722979102048996","1.9519401723422","0.769223487292571","0.0111722825156318","0.9848","0.205974574899301","0.86969084572047","0.023331202333793","0.65087046707049","0.399994368897751","05_15"
"0.201120334800703","1.09417420721698","1.22775107331689","0.021260001241859","0.201120334800703","0.214994918246673","0.006","0.176556752528995","0.34034899668768","0.477230065036565","0.258016780717298","0.325352151878178","05_15"
"10.8376463091757","1.72709785967274","0.834913160174693","1.62673437706799","0.837646309175657","0.131829422823361","1","0.687022846657783","0.482080115471035","0.7323137386702","0.478545248275623","0.757087148027495","05_15"
"0.368754967439376","1.12379321352444","1.20980146173545","0.12104480011923","0.368754967439376","0.208058573300609","0.2046","0.384103718213737","0.599565825425088","0.692731556482613","0.766310670645908","0.202692255144939","05_15"
"10.6941318201039","1.89400280808594","0.72869100902194","2.08725057401844","0.694131820103932","0.0802665760307988","1","0.769841419998556","0.493541307048872","0.477619622135535","0.0842469143681228","0.711121222469956","05_15"
"0.655629191483297","1.21699513103773","1.15636777029548","0.343375826993891","0.655629191483297","0.181920513275006","0.3874","0.497699242085218","0.186217601411045","0.8612094768323","0.875321330036968","0.121691921027377","05_15"
"10.747214861183","1.85635183126","0.751404235680539","1.98134597525585","0.747214861183047","0.0911105738133076","1","0.717618508264422","0.827373318606988","0.438097107224166","0.339072937844321","0.245488513959572","05_15"
"10.4358185387922","2.07221372812859","0.628498018591895","2.60831355745992","0.435818538792237","0.0836410730506861","1","0.991906094830483","0.668466738192365","0.244797277031466","0.839440350187942","0.14330437942408","05_15"
"6.04926898705695","1.79480160682015","0.803699019120928","1.40817915194915","1.04926898705695","0.0260098249012727","0.8994","0.1","0.1","0.1","0.1","0.1","05_15"
"1.22659993448778","1.67020188018555","0.879370505433975","0.814047692621956","1.22659993448778","0.0485140140324081","0.6786","0.2","0.2","0.2","0.2","0.2","05_15"
"1.19985936986477","1.58328831227062","0.934149242574387","0.552077631797051","1.19985936986477","0.0747406312538373","0.5186","0.3","0.3","0.3","0.3","0.3","05_15"
"1.11928786005283","1.5459370206636","0.950248328236503","0.601966955622352","1.11928786005283","0.0897502659310045","0.5572","0.4","0.4","0.4","0.4","0.4","05_15"
"1.05207753636688","1.57291539684559","0.932979648561857","0.88797313552928","1.05207753636688","0.105376881375906","0.7992","0.5","0.5","0.5","0.5","0.5","05_15"
"10.9434076822608","1.64293688384807","0.885081500750689","1.29844018500676","0.943407682260784","0.125172715751498","0.9812","0.6","0.6","0.6","0.6","0.6","05_15"
"10.7881442509978","1.76344796742683","0.81065008531935","1.75806456177486","0.788144250997784","0.144394090259719","1","0.7","0.7","0.7","0.7","0.7","05_15"
"10.5812316629393","1.91513696715976","0.715837838805822","2.24353829097726","0.581231662939319","0.163455703193555","1","0.8","0.8","0.8","0.8","0.8","05_15"
"10.3578850276795","2.1011519364333","0.604566788494814","2.73417385304242","0.35788502767948","0.188810734468362","1","0.9","0.9","0.9","0.9","0.9","05_15"
"10.1696166415383","2.31616065412945","0.48009469439387","3.15684799901073","0.169616641538256","0.237359600041447","1","1","1","1","1","1","05_15"
"10.8043121922977","1.89172989965316","0.742215027570459","1.88321200386008","0.804312192297738","0.0305785582791301","0.992","0.617809070965382","0.278541587349506","0.153918810853579","0.465866494596949","0.415071055870877","05_15"
"10.4908954093862","2.02321674713314","0.649427427064202","2.49546700430117","0.490895409386166","0.0828185557544289","1","0.900162088704554","0.560132023342231","0.440369028511162","0.690987018551814","0.86878516457183","05_15"
"10.669122590807","1.9128436700339","0.719404334233753","2.127183083662","0.66912259080697","0.0757186322286936","1","0.78369742944872","0.298600507293312","0.456417906933992","0.302104403660865","0.935583199896693","05_15"
"10.9435916390122","1.71704045344858","0.836919348897357","1.44830361624644","0.943591639012166","0.0924025766736347","0.9846","0.62911404389888","0.0133903331588954","0.529719580197707","0.459065726259723","0.434659484773874","05_15"
"10.9434076822608","1.64293688384807","0.885081500750689","1.29844018500676","0.943407682260784","0.125172715751498","0.9812","0.6","0.6","0.6","0.6","0.6","05_15"
"10.4077626559076","2.07557296198216","0.619442783138835","2.652746888364","0.407762655907569","0.122764386497862","1","0.912661545096312","0.482420267991605","0.781575577150152","0.769053975401484","0.73722024742108","05_15"
"10.8190530965186","1.8010850709224","0.782670361187515","1.79500104823495","0.819053096518604","0.0964472673574947","1","0.688243305217475","0.64832003810443","0.5","0.401921349344775","0.442318726447411","05_15"
"10.3467463685598","2.13127092213559","0.583234380124367","2.7800109353214","0.346746368559789","0.111015920094122","1","0.980084919231012","0.740223458525725","0.565807067090645","0.463172501511872","0.70695014866069","05_15"
"10.9435916390122","1.71704045344858","0.836919348897357","1.44830361624644","0.943591639012166","0.0924025766736347","0.9846","0.62911404389888","0.0133903331588954","0.529719580197707","0.459065726259723","0.434659484773874","05_15"
"0.464774005139964","1.32003938381476","1.08932917937969","0.0529528115396628","0.464774005139964","0.167293561635076","0.0626","0.2172795478328","0.604539591529859","0.399131971677921","0.644069698733264","0.419582797800748","05_15"
"10.517505751378","2.00303345258027","0.662062770028892","2.42822148230798","0.517505751378004","0.0926342740913241","1","0.872140602778444","0.174769166558709","0.591876462370063","0.356809789566357","0.431724503546643","05_15"
"10.7630518725731","1.81073049690512","0.780424680949243","1.87155529504462","0.763051872573085","0.125787994261292","1","0.73201372350904","0.484800400735927","0.701357185139268","0.843821948857941","0.740100451413876","05_15"
"10.8317241774578","1.75111087914608","0.814611722257016","1.68619599278258","0.831724177457784","0.128230771115746","1","0.677382168525225","0.673105285422584","0.62178479833438","0.662680250439621","0.804835339763202","05_15"
"10.6234837823245","1.92886033150958","0.706966788845504","2.21886694916279","0.623483782324539","0.0957524941118661","1","0.8","0.7","0.5","0.4","0.4","05_15"
"10.8499673980105","1.77436567314197","0.798982901335734","1.69001547758529","0.849967398010493","0.100032106621453","1","0.684650817776619","0.385471859398982","0.566287378678597","0.611825610030856","0.0222068231087178","05_15"
"10.3628217924292","2.11617063039431","0.591870403581486","2.75176544924701","0.362821792429228","0.105257277259205","1","0.991538529042343","0.688156126522117","0.447304846006515","0.759881816568973","0.379411361445427","05_15"
"10.8513077117836","1.75024795635073","0.816793873808041","1.64463871497024","0.851307711783589","0.110046004813199","0.9998","0.683415623961621","0.413008807121137","0.631251513306955","0.330923122320496","0.855782657454721","05_15"
"10.4254679436147","2.06720476462618","0.62210623306492","2.6241354036899","0.425467943614732","0.106010860007566","1","0.923354387966004","0.652626719953103","0.555490669585185","0.683888653258878","0.187936264689507","05_15"
"10.9446957369261","1.71375823962865","0.840802274856502","1.43546438209766","0.944695736926142","0.0983019746165532","0.9918","0.611756694782525","0.55167996189557","0.5","0.498078650655225","0.457681273552589","05_15"
"10.4020623534651","2.08339435695456","0.616030997226527","2.6604754775625","0.402062353465056","0.115519552171147","1","0.920822243315579","0.267862901872271","0.769681695252158","0.594653686988685","0.908660628824591","05_15"
"10.6234837823245","1.92886033150958","0.706966788845504","2.21886694916279","0.623483782324539","0.0957524941118661","1","0.8","0.7","0.5","0.4","0.4","05_15"
"10.6698456489394","1.90317414394191","0.720685220246597","2.13521996087225","0.669845648939416","0.0834754628234897","1","0.785308153032902","0.299656106533067","0.50789283435087","0.510133232292487","0.917233133166253","05_15"
"10.7813942224528","1.82251651329545","0.773163012518924","1.87667164268725","0.78139422245278","0.105287811948537","1","0.70036756578814","0.680310611670248","0.497492431024951","0.779558533618969","0.463893017978654","05_15"
"10.8105196445663","1.77779408159726","0.80117152214258","1.74190367211237","0.810519644566336","0.115003327471327","1","0.708045701290222","0.352010497940427","0.670905401132365","0.52764724464142","0.723413171273194","05_15"
"10.7064430703798","1.92903911913404","0.71735740902518","2.04331124730822","0.706443070379796","0.0290860205610655","1","0.664205968985984","0.713941471640166","0.0947052420352781","0.45886958028867","0.399994435528068","05_15"
"0.894415852614017","1.43808649308712","1.0166556778958","0.356764500812234","0.894415852614017","0.134790231146495","0.3392","0.341768605913317","0.855749374080304","0.428625960298515","0.59200088678182","0.399999933369683","05_15"
"10.6513105695474","1.91192297239367","0.713040286394275","2.16739454242397","0.651310569547448","0.0879781888807469","1","0.796090502187809","0.44432723645148","0.532803353585397","0.134267311990227","0.669386262396661","05_15"
"10.5004686992055","1.97048672488376","0.691248218254297","2.40402641033585","0.500468699205489","0.205749228754221","1","0.819915080768988","0.959776541474275","0.934192932909355","0.936827498488128","0.69304985133931","05_15"
"10.8376463091757","1.72709785967274","0.834913160174693","1.62673437706799","0.837646309175657","0.131829422823361","1","0.687022846657783","0.482080115471035","0.7323137386702","0.478545248275623","0.757087148027495","05_15"
"10.7020895803465","1.89208024676287","0.73275739668905","2.06683363725304","0.702089580346475","0.0774080820614365","1","0.755574553522262","0.497920133710297","0.421620346116481","0.634096945204687","0.712455262762067","05_15"
"10.5069802208474","2.01359904206673","0.656635657324941","2.46622283535399","0.506980220847447","0.0871572827690448","1","0.883743901732186","0.633456117803386","0.429420958156348","0.656643091171284","0.597606249564592","05_15"
"10.8190530965186","1.8010850709224","0.782670361187515","1.79500104823495","0.819053096518604","0.0964472673574947","1","0.688243305217475","0.64832003810443","0.5","0.401921349344775","0.442318726447411","05_15"
"10.5388838314134","1.93643084096393","0.697316210874963","2.32207606690504","0.53888383141337","0.179362706249453","1","0.819915080768987","0.743514884263277","0.934192932909355","0.936827498488128","0.69304985133931","05_15"
"10.5324090231934","1.99475756408487","0.667462278902985","2.40753368592392","0.532409023193439","0.0876081364972423","1","0.866375112438052","0.416364516101613","0.531054565148818","0.567259148993205","0.537267013024126","05_15"
"10.7092630660423","1.88327937872172","0.7350585573085","2.0549695353509","0.709263066042305","0.0800622798278345","1","0.761340043862654","0.256324784167393","0.482442243337725","0.42364758577784","0.606912753284585","05_15"
"10.7967544262951","1.82658901694632","0.768667991895757","1.87565757488644","0.796754426295142","0.0856109743011709","1","0.698973436097756","0.600035633575889","0.451736230367398","0.404346856127258","0.634887323339601","05_15"
"10.9435916390122","1.71704045344858","0.836919348897357","1.44830361624644","0.943591639012166","0.0924025766736347","0.9846","0.62911404389888","0.0133903331588954","0.529719580197707","0.459065726259723","0.434659484773874","05_15"
"10.8296787226773","1.76855789885145","0.805102105251884","1.71065013621574","0.829678722677319","0.110376185159522","1","0.695944779819089","0.384746077191829","0.632228485830101","0.553778771579481","0.699425159762462","05_15"
"10.4111757707399","2.07753895634863","0.615478388260106","2.65057928435717","0.411175770739942","0.104641256386677","1","0.934258525908109","0.688402489435988","0.559083059000057","0.499691567291463","0.290908622951891","05_15"
"10.6679635948315","1.90346465373452","0.720458816443747","2.13890210870822","0.66796359483152","0.0847805238207888","1","0.786166305309862","0.338153953161101","0.510824322400096","0.492597783284012","0.717691997968151","05_15"
"10.9277241771508","1.70177331889774","0.84584258339932","1.46332079995617","0.927724177150769","0.109257327021048","0.9954","0.621814045840876","0.592877556470225","0.54471699579432","0.568425931413038","0.522368887564916","05_15"
"10.910883757756","1.75271564384741","0.816023535888779","1.59954405652819","0.910883757756002","0.0892586482216908","0.998","0.632679503731248","0.519730894376191","0.460255289217457","0.610990192314758","0.362798985610913","05_15"
"10.5004686992055","1.97048672488376","0.691248218254297","2.40402641033585","0.500468699205489","0.205749228754221","1","0.819915080768987","0.959776541474275","0.934192932909355","0.936827498488128","0.69304985133931","05_15"
"10.6649631749138","1.89712977282108","0.723822964528237","2.13866877812947","0.664963174913766","0.100385761617263","1","0.780109295177341","0.582316257122553","0.552460465202563","0.547057013954447","0.882802020579125","05_15"
"10.5388122049368","1.99321568795407","0.6697013141883","2.40249421610129","0.538812204936823","0.0824138705009514","1","0.863369180832419","0.552620142429027","0.439504233966648","0.737335670602376","0.494260374642902","05_15"
"10.6533028599975","1.91126251864361","0.714239630329103","2.16463860305294","0.653302859997525","0.0874566401287897","1","0.795232349910849","0.405829389823446","0.529871865536171","0.151802760998702","0.868927397594764","05_15"
"10.7834371298949","1.82210332528145","0.772303462508022","1.8790669823099","0.783437129894921","0.101022296882365","1","0.7029273985666","0.690280501798497","0.499551718500187","0.572791526382503","0.446853743339041","05_15"
"10.7786982635385","1.86432590557157","0.756404412499026","1.91102723240756","0.778698263538537","0.0614361146233738","1","0.672116508196609","0.645270881010463","0.288483705619116","0.562675620621762","0.666810113249142","05_15"
"10.3595083719903","2.11909010495992","0.589901621936065","2.7601092403197","0.359508371990313","0.113453686195473","1","0.969180781288907","0.704447689042839","0.562214677675774","0.647369587479286","0.603977790398306","05_15"
"10.6226849814573","1.93041866483134","0.706875525339705","2.23223047900135","0.622684981457267","0.0997529421748744","1","0.79744016722154","0.690030109871751","0.497940712524765","0.606767007236466","0.417039274639613","05_15"
"10.8550968696884","1.75239939917797","0.816520875124099","1.64699116158391","0.855096869688363","0.115586935076065","1","0.667324817466875","0.631907690847929","0.57706780254006","0.592332969681808","0.740147725750875","05_15"
"10.854184796607","1.7679475361435","0.804211553736293","1.67583042749828","0.854184796606953","0.102298796746396","1","0.682581026380787","0.390445134833099","0.577217167482687","0.625756468777661","0.839266452350331","05_15"
"10.8105196445663","1.77779408159726","0.80117152214258","1.74190367211237","0.810519644566336","0.115003327471327","1","0.708045701290222","0.352010497940427","0.670905401132365","0.52764724464142","0.723413171273194","05_15"
"10.895786774898","1.73032853962701","0.827139311100963","1.54883417370094","0.895786774897999","0.105429149452555","0.9976","0.651971314045371","0.465740965022791","0.567226465880383","0.600835417716098","0.259407837497805","05_15"
"10.9446957369261","1.71375823962865","0.840802274856502","1.43546438209766","0.944695736926142","0.0983019746165532","0.9918","0.611756694782525","0.55167996189557","0.5","0.498078650655225","0.457681273552589","05_15"
"10.4903681757788","2.02028069273554","0.651456110636848","2.49328473084599","0.490368175778779","0.0930290524254453","1","0.889431957824273","0.608416427870772","0.488632798143764","0.688561511769332","0.67621656767964","05_15"
"10.8311887262273","1.77838894686843","0.796961816956585","1.71838208599949","0.831188726227349","0.104832320458857","1","0.696751739247752","0.35273628014758","0.604964293980862","0.585694083092795","0.0461948346194495","05_15"
"10.6908966790776","1.9217211376029","0.721000020156079","2.07895581130987","0.690896679077599","0.0476198782226412","1","0.747664014311637","0.566590724339999","0.227841882532644","0.530290904871595","0.445639585040993","05_15"
"10.6942300785798","1.90943395829165","0.727620049603982","2.07347558470081","0.694230078579772","0.0639533557305122","1","0.750114839874829","0.60766304476904","0.318350229659507","0.46328948714272","0.616161920959045","05_15"
"10.6052403496176","1.96545842976361","0.695668275940824","2.24850141426636","0.605240349617588","0.0574845271107483","1","0.814253217815708","0.666410450213357","0.216724040886933","0.686567111697765","0.652617679140852","05_15"
"10.9182320349467","1.75271564384741","0.816623330421671","1.57656937916291","0.918232034946671","0.0844845949209677","0.994","0.632679503731248","0.519730894376191","0.460255289217457","0.239086773013696","0.362798985610913","05_15"
"10.7865983461408","1.83730171232747","0.765652762874851","1.89128727690567","0.786598346140831","0.0799162262460829","1","0.699809074209276","0.555898363680197","0.420622321492545","0.491359657999487","0.609992468973768","05_15"
"10.9313092469123","1.72215129068762","0.833880885307814","1.47720285108533","0.931309246912252","0.0974731303029063","0.993","0.632408797674978","0.419923833378309","0.52902733472935","0.514589596136022","0.441157059013635","05_15"
"10.9347902461177","1.7419566969123","0.823976371427105","1.51945010970315","0.934790246117696","0.0845784802155447","0.9882","0.631259819420734","0.0580872525259663","0.484063322228562","0.509516945299088","0.374625856122376","05_15"
"10.9277241771508","1.70177331889774","0.84584258339932","1.46332079995617","0.927724177150769","0.109257327021048","0.9954","0.621814045840876","0.592877556470225","0.54471699579432","0.568425931413038","0.522368887564916","05_15"
"10.7006476041324","1.90540173981526","0.731527262666924","2.06844005195493","0.700647604132387","0.0696788664430562","1","0.756970605224901","0.489990266556139","0.382273035317214","0.469080778920305","0.453637913023901","05_15"
"10.767886961622","1.86155618262167","0.756754230733143","1.928094079036","0.767886961622","0.0692489810968524","1","0.702461207063858","0.537294075949393","0.360829943057592","0.541638763662026","0.421676146563882","05_15"
"10.5488075514708","1.97525654512536","0.677739838323419","2.3695912975314","0.548807551470823","0.105748977814499","1","0.843641628001528","0.5888794911151","0.587998020093949","0.642339910746096","0.691585189924271","05_15"
"10.6207117107525","1.93469899329658","0.702235227577477","2.23242785782922","0.620711710752457","0.0868970965957876","1","0.811874832570827","0.444669466217578","0.510939302005273","0.53949309525886","0.622401673357463","05_15"
"10.7243161908065","1.8610379570675","0.745437407822979","2.01275548047305","0.724316190806477","0.0929439594655156","1","0.754458372626561","0.334434243046917","0.554797196174427","0.530969367383432","0.681606764828194","05_15"
"10.9446957369261","1.71375823962865","0.840802274856502","1.43546438209766","0.944695736926142","0.0983019746165532","0.9918","0.611756694782525","0.55167996189557","0.5","0.498078650655225","0.457681273552589","05_15"
"10.8379104296283","1.80946872775662","0.782854765783536","1.78131245310256","0.83791042962829","0.0784513487243156","1","0.662062460448078","0.603444642984413","0.397727908166962","0.470008479798458","0.463850725537867","05_15"
"10.9435916390122","1.71704045344858","0.836919348897357","1.44830361624644","0.943591639012166","0.0924025766736347","0.9846","0.62911404389888","0.0133903331588954","0.529719580197707","0.459065726259723","0.434659484773874","05_15"
"10.9277241771508","1.70177331889774","0.84584258339932","1.46332079995617","0.927724177150769","0.109257327021048","0.9954","0.621814045840876","0.592877556470225","0.54471699579432","0.568425931413038","0.522368887564916","05_15"
"10.6433414971484","1.92541754652712","0.711071909779762","2.18962828330037","0.643341497148436","0.0818839184081534","1","0.797134792141456","0.450443684272646","0.470855038551557","0.654208686477973","0.634516067888638","05_15"
"10.8305256915026","1.79757270512583","0.784889601348097","1.77739794042032","0.830525691502584","0.0919949960736429","1","0.68379211279017","0.550050852457251","0.489029803203392","0.456622714757063","0.80716743107475","05_15"
"10.7229458237971","1.86034615517973","0.747058295629854","2.00267522995716","0.722945823797075","0.0984717189774097","1","0.756865716331057","0.314278485911139","0.594749517150273","0.493214949114496","0.700234632095556","05_15"
"10.9446957369261","1.71375823962865","0.840802274856502","1.43546438209766","0.944695736926142","0.0983019746165532","0.9918","0.611756694782525","0.55167996189557","0.5","0.498078650655225","0.457681273552589","05_15"
"10.8213901652454","1.79885691592708","0.784909065009264","1.78151877795877","0.821390165245403","0.096417026225127","1","0.697762349688373","0.440429915951736","0.539923594646693","0.573480610147856","0.666986344615182","05_15"
"10.8022403834816","1.81397834141696","0.777608708057016","1.82215903058331","0.802240383481599","0.0943570309491466","1","0.712520028821819","0.294056796196681","0.558598127319818","0.458079881304764","0.630091292462222","05_15"
"10.8198421645103","1.80112090927564","0.785192583980169","1.78399299165877","0.81984216451029","0.0951605138050514","1","0.702826451055181","0.306636618312305","0.559873532993399","0.446456989973889","0.624731148218852","05_15"
"10.7925135333031","1.85079767762605","0.760745235818364","1.87486675282822","0.792513533303115","0.064337082359858","1","0.677882310979027","0.549027542766796","0.327267228692509","0.599642333524327","0.386762424088024","05_15"
"10.8409954635902","1.79482332546679","0.788382335564632","1.75575413879555","0.840995463590238","0.088622631524804","1","0.687244969300299","0.347581124486656","0.507292485340406","0.540849254931824","0.402012627869927","05_15"
"10.7103426713012","1.87761329132935","0.735574601733644","2.04771196920247","0.710342671301152","0.0865338961106268","1","0.753473715964981","0.571730683459925","0.471851493510942","0.432112909861603","0.549752663006264","05_15"
"10.7450090262013","1.86063050494883","0.750173779627969","1.98070487771991","0.745009026201253","0.0849633238575427","1","0.731600839740812","0.510303723050636","0.463787126277147","0.562738720666946","0.678478355709137","05_15"
"10.7104989134749","1.91004587919976","0.729278220182214","2.03696341495225","0.71049891347493","0.0576518820015767","1","0.752033452949389","0.332925241951253","0.328011090553155","0.48485771172913","0.598914425301676","05_15"
"10.9252566846716","1.73481795040084","0.829135038557751","1.50535613506472","0.925256684671633","0.0955957976321057","0.9954","0.630533728209395","0.47503397500912","0.505911547186602","0.560538973275394","0.422832614262411","05_15"
"10.8172161895079","1.81234214520093","0.77784028000621","1.81901446771885","0.817216189507852","0.085174133000917","0.9998","0.699632644790503","0.283747001579084","0.500243963968543","0.517267656506204","0.44035616909928","05_15"
"10.7428007421312","1.84999879355581","0.751124804889927","1.98057059225221","0.742800742131183","0.0940623292167643","1","0.741735109641834","0.404283013947501","0.532863263879916","0.830385908484459","0.684056537517831","05_15"
"10.5596694289965","1.97921567614398","0.678139464063991","2.34613290352083","0.55966942899652","0.0814467996175521","1","0.852400694000826","0.440330411317483","0.479473517815188","0.575724767408416","0.577436304722415","05_15"
"10.6960942032996","1.86138118026055","0.748719781605482","2.01733650083865","0.69609420329959","0.120397306318238","1","0.766724976793902","0.406580747379012","0.713102679699659","0.681450836403527","0.634442136331906","05_15"
"10.808832726315","1.81540929816541","0.774794140981941","1.83923897587877","0.808832726314989","0.0899123283850773","1","0.699938989408159","0.484875575086305","0.493300965650958","0.529978201435091","0.423736123728686","05_15"
"10.660997616904","1.90072023307989","0.718329776373445","2.14358706841073","0.660997616904033","0.0915697694664881","1","0.786884965418759","0.442371732786067","0.530336122975899","0.688428167339792","0.672016074543388","05_15"
"10.8203806831272","1.82653075692135","0.772670829900371","1.81599980393787","0.820380683127176","0.0724841458202438","1","0.678689774314835","0.471929754871972","0.39243020441169","0.527853184424077","0.439736380026867","05_15"
"10.9446957369261","1.71375823962865","0.840802274856502","1.43546438209766","0.944695736926142","0.0983019746165532","0.9918","0.611756694782525","0.55167996189557","0.5","0.498078650655225","0.457681273552589","05_15"
"10.8851402556664","1.76401332387982","0.806521079260783","1.6380019894665","0.885140255666356","0.0928573286734465","0.9996","0.656180230424001","0.48528815445573","0.497427073375253","0.528375175373972","0.42309682555065","05_15"
"10.8231106063912","1.75208146249193","0.817394909907542","1.68386421272629","0.823110606391236","0.125354908704776","1","0.697762349688373","0.440429915951736","0.707990671508014","0.573480610147856","0.666986344615182","05_15"
"10.7749719844385","1.845476621887","0.75919386787338","1.930846195281","0.774971984438481","0.082167371191039","1","0.722721576926082","0.36623823430207","0.474843866172507","0.546613711260317","0.453662796189776","05_15"
"10.9385669048922","1.70474098391538","0.845213963097601","1.44607883251075","0.938566904892202","0.104402302560539","0.9932","0.618862249363004","0.558671472966529","0.53005132207383","0.506964928466598","0.520581357817493","05_15"
"10.743934859247","1.86218149694709","0.74692325748746","1.99359706792951","0.743934859247048","0.0829489660479387","1","0.742993005918251","0.318172078319078","0.491503802785687","0.447599061737238","0.593180612951159","05_15"
"10.783797673711","1.8527130092995","0.758474885414945","1.89401702917187","0.783797673711034","0.0649137708049775","1","0.702154862446202","0.336165502442173","0.367772941375177","0.52892821873314","0.438296191934476","05_15"
"10.9381410314189","1.73930043637039","0.827394379379237","1.50448285895702","0.938141031418866","0.0865431199633041","0.9874","0.630881482437659","0.108994564626313","0.495275201009147","0.549193910195105","0.398288388978947","05_15"
"10.9435916390122","1.71704045344858","0.836919348897357","1.44830361624644","0.943591639012166","0.0924025766736347","0.9846","0.62911404389888","0.0133903331588954","0.529719580197707","0.459065726259723","0.434659484773874","05_15"
"10.7808721777761","1.83576758098433","0.763638608331276","1.90522034811328","0.780872177776101","0.0909504526535436","1","0.716349502225827","0.52221784855635","0.49604641449785","0.468669785970156","0.490741339040321","05_15"
"10.9300110786742","1.73945578673809","0.826610131448578","1.51791112630515","0.930011078674239","0.0912023233725802","0.9936","0.63091206519247","0.424126662908773","0.494699668406017","0.520862008379377","0.39917008140584","05_15"
"10.7752312623856","1.84236239968347","0.760229956065553","1.92333961604655","0.775231262385568","0.0893440437533274","1","0.716243645340573","0.548961350584151","0.478038684743584","0.546630337491318","0.10102623119019","05_15"
"10.9383122783875","1.7396930755266","0.825789068254198","1.52275459987029","0.938312278387537","0.0864343172242057","0.992","0.620974414479377","0.533786579100627","0.462662735894783","0.281946924103779","0.430432027748523","05_15"
"10.8107840829264","1.62660326938278","0.896312360599783","1.48803125658194","0.810784082926408","0.182112622316825","0.9952","0.68379211279017","0.550050852457251","0.985662204911932","0.456622714757063","0.80716743107475","05_15"
"10.9168258957863","1.75558324608612","0.815342689853403","1.58176638736018","0.916825895786251","0.0818603530177455","0.9894","0.640139082235463","0.202152741274532","0.473006582333203","0.525641954705717","0.599441415641737","05_15"
"10.9267591685334","1.73752854711799","0.825429622858484","1.52112120752857","0.926759168533385","0.09315769973","0.9958","0.627113889182764","0.513022334362055","0.485748441533563","0.514187033830853","0.666855881204918","05_15"
"10.9446957369261","1.71375823962865","0.840802274856502","1.43546438209766","0.944695736926142","0.0983019746165532","0.9918","0.611756694782525","0.55167996189557","0.5","0.498078650655225","0.457681273552589","05_15"
"10.8305256915026","1.79757270512583","0.784889601348097","1.77739794042032","0.830525691502584","0.0919949960736429","1","0.68379211279017","0.550050852457251","0.489029803203392","0.456622714757063","0.80716743107475","05_15"
"10.9381864988158","1.70925500965217","0.842819512224512","1.45660407661736","0.938186498815829","0.103025267235894","0.9948","0.614708491260397","0.585886045399266","0.51466567372049","0.559539653601665","0.459468803300012","05_15"
"6.02564896793717","1.62817175240678","0.897008642273785","1.10747380726951","1.02564896793717","0.101098739520318","0.9174","0.541119189932942","0.537624277171134","0.497592553322674","0.455218499565142","0.390048231414979","05_15"
"10.9277241771508","1.70177331889774","0.84584258339932","1.46332079995617","0.927724177150769","0.109257327021048","0.9954","0.621814045840876","0.592877556470225","0.54471699579432","0.568425931413038","0.522368887564916","05_15"
"10.9277241771508","1.70177331889774","0.84584258339932","1.46332079995617","0.927724177150769","0.109257327021048","0.9954","0.621814045840876","0.592877556470225","0.54471699579432","0.568425931413038","0.522368887564916","05_15"
"10.7423506498837","1.86291118857529","0.748547917760372","1.98925602166285","0.742350649883711","0.0850431789274447","1","0.740014569454216","0.464414161789788","0.479926147749323","0.450311511984039","0.537696648301394","05_15"
"10.8587713501504","1.78073390631029","0.795199462572019","1.71724724776833","0.858771350150356","0.0913027556531553","1","0.667657941948549","0.524546809912695","0.481716626199695","0.523982097166841","0.481843938228353","05_15"
"10.7799044899032","1.84616853187134","0.758736295360519","1.92038755443423","0.779904489903168","0.0790973198318374","1","0.719782486825867","0.332212723078656","0.46222042056129","0.465226256910155","0.54067241294136","05_15"
"10.7736002022293","1.84570633878432","0.758976153539123","1.92567000974688","0.773600202229251","0.0816271857783684","1","0.716804050361832","0.478454806549366","0.450642765524926","0.467938707156956","0.485188448291595","05_15"
"10.8669673634276","1.78412136537913","0.79475037319399","1.72010100785411","0.86696736342764","0.0836595201275385","1","0.661415653683297","0.472754633532426","0.452326079643498","0.508738093289335","0.402842107295002","05_15"
"0.0840749269819157","0.661110744063974","1.49950012364577","0.0090087185877369","0.0840749269819157","0.261531432578761","0","0.0155072559136897","0.252009540704366","0.518530554865257","0.493862543678373","0.444217206740662","05_15"
"10.9446957369261","1.71375823962865","0.840802274856502","1.43546438209766","0.944695736926142","0.0983019746165532","0.9918","0.611756694782525","0.55167996189557","0.5","0.498078650655225","0.457681273552589","05_15"
"10.9381864988158","1.70925500965217","0.842819512224512","1.45660407661736","0.938186498815829","0.103025267235894","0.9948","0.614708491260397","0.585886045399266","0.51466567372049","0.559539653601665","0.459468803300012","05_15"
"10.9435916390122","1.71704045344858","0.836919348897357","1.44830361624644","0.943591639012166","0.0924025766736347","0.9846","0.62911404389888","0.0133903331588954","0.529719580197707","0.459065726259723","0.434659484773874","05_15"
"10.942197360456","1.7186001900518","0.838229022947765","1.45423327001763","0.942197360455989","0.0974125708744805","0.9928","0.615525752815034","0.535275971010941","0.499706232372439","0.514644454919831","0.438690834636861","05_15"
"10.8156634225345","1.81813288577374","0.774224859750367","1.84038547261798","0.815663422534504","0.0813971739764375","1","0.698815520069549","0.337501692890527","0.470299429040358","0.477505544092224","0.486663421561723","05_15"
"10.8029280072827","1.8345714155433","0.76588634450652","1.87695687399098","0.802928007282691","0.074774000890334","1","0.700632748691857","0.373576093614652","0.423696244376931","0.529496501951805","0.430023435174336","05_15"
"5.83469468056357","1.49359911031915","0.980436378632027","1.16854206677038","0.834694680563573","0.185361185276165","0.9346","0.619661439683782","0.574188513762966","0.923944224401244","0.495410728427752","0.70205706920281","05_15"
"10.7953145691032","1.82864798643965","0.767293522575014","1.88155433052015","0.795314569103199","0.0810255557982367","1","0.701688610992618","0.482515364698005","0.443245403791855","0.529570527184588","0.430401434068127","05_15"
"10.8135990786508","1.67522379029396","0.862550099222729","1.57421027261892","0.813599078650756","0.161665102644724","0.9992","0.689959217926295","0.541325396577501","0.881942077066493","0.501955952912625","0.75245550801015","05_15"
"10.8226100657437","1.80720688906697","0.780309468905472","1.81764945788431","0.822610065743702","0.0884844352627952","1","0.688624908704867","0.519257840100825","0.473637617720627","0.511702809984771","0.535852929607991","05_15"
"10.8040198499832","1.82830497037315","0.769177143971427","1.86285454427537","0.804019849983211","0.0805742178128122","1","0.707148246597553","0.291126950602267","0.473158181160378","0.534744831416412","0.591019973229956","05_15"
"10.8365121004009","1.79753860814651","0.786036409840062","1.77872497731489","0.836512100400916","0.0880774960779583","1","0.686300461871004","0.429826835925713","0.493016354287445","0.480062622246997","0.481516422402434","05_15"
"10.9216088394588","1.72720238761584","0.831240411148841","1.50175796123667","0.921608839458757","0.10054297174517","0.9966","0.630747671555783","0.547018217908858","0.518130949104103","0.523433007941462","0.410884560985498","05_15"
"10.7387674981147","1.86377294885842","0.747180339284005","1.99635326173139","0.738767498114707","0.0842257889554188","1","0.742296375059275","0.43671740190297","0.481099670077311","0.450078278068711","0.56595093139485","05_15"
"10.797842321616","1.83032990115229","0.766606736116454","1.87900028837573","0.797842321616046","0.0788884853585513","1","0.701461103162505","0.447464983913825","0.437377662649204","0.529409918216426","0.432008880488827","05_15"
"10.7482481225537","1.86026823366661","0.748370586920115","1.98112904077851","0.748248122553677","0.0816697205201464","1","0.740711200313191","0.256077501457185","0.490330280457699","0.447832295652565","0.564926329857703","05_15"
"10.9318113869047","1.73348199137368","0.828616341138411","1.50395011760348","0.931811386904699","0.0942028823125198","0.995","0.622764227187223","0.530597390648105","0.486079985784082","0.513277472554775","0.494606184198636","05_15"
"10.8435137215685","1.76582171036898","0.806828052594047","1.68135426624421","0.843513721568517","0.109129808399241","1","0.678839164366785","0.561748384093551","0.576383654231179","0.520751639930976","0.564579165171952","05_15"
"10.9463261250675","1.72464028583235","0.834787321633422","1.45603261882312","0.946326125067507","0.090857534316309","0.986","0.625613810066699","0.3130607543501","0.511189025332449","0.463281833236576","0.448123551585802","05_15"
"10.8009368813183","1.83664728635642","0.764955015984094","1.87244433147879","0.800936881318306","0.072949758823215","1","0.700405240861743","0.338525712830473","0.41782850323428","0.529335892983643","0.431630881595035","05_15"
"10.9617420289643","1.7194116436863","0.839472414425819","1.42785140132072","0.961742028964283","0.0877213357396512","0.981","0.616106356778066","0.114746522158384","0.499668455749481","0.498988211931303","0.629930970558871","05_15"
"10.8215791830914","1.61300638115962","0.904406468623368","1.45449200309451","0.821579183091406","0.179032426614764","0.9908","0.678689774314835","0.471929754871972","0.982425559079275","0.527853184424077","0.439736380026867","05_15"
"10.9326448644745","1.73556452044067","0.829380862391354","1.49936099922094","0.932644864474497","0.0916713278567905","0.9928","0.627143007159961","0.440530653793402","0.494993436033578","0.504296204114771","0.418160520321569","05_15"
"10.8262369613708","1.70659174191959","0.848698051009596","1.59811928540403","0.82623696137078","0.145269093848972","0.9998","0.691595244552248","0.449155371831487","0.811710799353453","0.528147371992294","0.721698267679781","05_15"
"10.9446957369261","1.71375823962865","0.840802274856502","1.43546438209766","0.944695736926142","0.0983019746165532","0.9918","0.611756694782525","0.55167996189557","0.5","0.498078650655225","0.457681273552589","05_15"
"10.8203806831272","1.82653075692135","0.772670829900371","1.81599980393787","0.820380683127176","0.0724841458202438","1","0.678689774314835","0.471929754871972","0.39243020441169","0.527853184424077","0.439736380026867","05_15"
"10.8917500502808","1.77115874629675","0.804876844780015","1.65309013427047","0.891750050280838","0.0827455397940362","0.9956","0.655712412563992","0.277264024974335","0.474692267345332","0.537510834549622","0.462084238601557","05_15"
"10.9370781228644","1.71241417664813","0.839504242792203","1.44815382621058","0.937078122864403","0.0990222356698962","0.9926","0.621978439477563","0.46998600147014","0.521285715096234","0.565854931850953","0.510654407985259","05_15"
"10.8872411727983","1.75960072784249","0.810504102883593","1.61206458012386","0.887241172798313","0.095177407115214","0.9996","0.651083592296439","0.52589082047318","0.500793462085826","0.518078008308217","0.424299197511653","05_15"
"10.9020606528137","1.74902584743063","0.818430439089834","1.56990284530431","0.902060652813717","0.0968136157041856","0.998","0.645888774494618","0.494968377364565","0.514424408617493","0.519574277588928","0.525236254444388","05_15"
"10.8023970729055","1.83464853348029","0.765494740942755","1.86470742464256","0.802397072905547","0.0730237268329288","0.9992","0.702562864773472","0.293117089783418","0.428639788366922","0.163083263440058","0.509327684509398","05_15"
"10.8262369613708","1.70659174191959","0.848698051009596","1.59811928540403","0.82623696137078","0.145269093848972","0.9998","0.691595244552248","0.449155371831487","0.811710799353453","0.528147371992294","0.721698267679781","05_15"
"10.9446957369261","1.71375823962865","0.840802274856502","1.43546438209766","0.944695736926142","0.0983019746165532","0.9918","0.611756694782525","0.55167996189557","0.5","0.498078650655225","0.457681273552589","05_15"
"10.9435916390122","1.71704045344858","0.836919348897357","1.44830361624644","0.943591639012166","0.0924025766736347","0.9846","0.62911404389888","0.0133903331588954","0.529719580197707","0.459065726259723","0.434659484773874","05_15"
"10.9560945936076","1.70584133574808","0.843790066795571","1.40351870896977","0.956094593607646","0.0921591005839254","0.98","0.619448134537826","0.170762096225467","0.52683513344975","0.478060217479929","0.446158315016194","05_15"
"10.8940533363971","1.66728175991477","0.8723187162028","1.41839696555674","0.894053336397069","0.130312213644545","0.992","0.646985136275394","0.453711559650137","0.703770154268155","0.494848736749073","0.609342427830657","05_15"
"10.9617420289643","1.7194116436863","0.839472414425819","1.42785140132072","0.961742028964283","0.0877213357396512","0.981","0.616106356778066","0.114746522158384","0.499668455749481","0.498988211931303","0.629930970558871","05_15"
"10.841772702128","1.65617699927511","0.878186576923848","1.49534857319289","0.841772702127972","0.156693963541557","0.9972","0.6723394142507","0.542260072055286","0.835736278005896","0.526476660951616","0.419943396392221","05_15"
"10.9474887301194","1.72451614432752","0.836258387528289","1.45454210327161","0.947488730119407","0.0923600213605845","0.9874","0.62142260414358","0.394308198828998","0.502884446747957","0.47908415943502","0.44618244331027","05_15"
"10.9463261250675","1.72464028583235","0.834787321633422","1.45603261882312","0.946326125067507","0.090857534316309","0.986","0.625613810066699","0.3130607543501","0.511189025332449","0.463281833236576","0.448123551585802","05_15"
"10.9408583485655","1.74192268069341","0.82351837537015","1.5258504373061","0.940858348565463","0.0836570903747547","0.9914","0.617318920395359","0.435909850965921","0.448489044089298","0.516842432002592","0.436533319071965","05_15"
"10.8726139376773","1.68537271678249","0.861175808593646","1.49021705146494","0.872613937677263","0.135189273546347","0.9972","0.658976765279392","0.550303790038542","0.713190424420533","0.480624613925676","0.574231063774587","05_15"
"10.8580274783912","1.77881758025007","0.796230996858683","1.70709307082837","0.858027478391242","0.0935863310254535","1","0.668288987964211","0.540385237536503","0.490975104738904","0.517057809618017","0.522438293081836","05_15"
"10.8179124241281","1.64571121409007","0.882154048944607","1.51616163478438","0.817912424128137","0.171088335648218","0.9978","0.685009364709413","0.518641584421684","0.931783510643936","0.516649947592821","0.439862167963421","05_15"
"10.8933476207488","1.76422852098796","0.808942158610947","1.62548691950821","0.89334762074878","0.0857956875898401","0.9956","0.655465796753121","0.295092837758963","0.494069365338807","0.454546258670549","0.471629915617288","05_15"
"10.8654428719593","1.77766058973892","0.797415845965927","1.70339896173367","0.86544287195934","0.08991564107657","1","0.664714573687811","0.494275464206399","0.480498924199369","0.557983464246796","0.521271083148861","05_15"
"10.8056891052007","1.82778610306357","0.768455837204143","1.86867551842475","0.805689105200681","0.0801679826527202","1","0.704990622685824","0.336535573649321","0.462346896027736","0.53021412113965","0.513323170315594","05_15"
"10.7618885705946","1.85222908948691","0.755007699377466","1.95450504958535","0.761888570594636","0.0827173237802285","1","0.729164876010512","0.408799794297343","0.474885523800291","0.450368126985678","0.589290758201492","05_15"
"10.8242550032047","1.78800116755268","0.792774626820597","1.75652615293254","0.824255003204705","0.104253708419993","1","0.68230531831029","0.65870851976797","0.524279666155966","0.522906046816027","0.535727141671436","05_15"
"10.8262369613708","1.70659174191959","0.848698051009596","1.59811928540403","0.82623696137078","0.145269093848972","0.9998","0.691595244552248","0.449155371831487","0.811710799353453","0.528147371992294","0.721698267679781","05_15"
"10.7915717916213","1.82973859304752","0.767300103035424","1.88208518721413","0.791571791621292","0.0860212099385671","1","0.712388410720031","0.401515317491623","0.491254351152469","0.497582241096787","0.511456934561983","05_15"
"10.9392879530978","1.71375823962865","0.840094324184052","1.44353663474367","0.939287953097772","0.0990623967397041","0.993","0.611756694782525","0.577510603936389","0.5","0.498078650655225","0.457681273552589","05_15"
"10.875690863372","1.74318486191694","0.819203757758998","1.60129105314359","0.875690863372026","0.108279885668513","0.9998","0.657067131393007","0.506215467610933","0.557059311622004","0.896372553892434","0.475608863013059","05_15"
"10.9103745966889","1.66708490203228","0.869763713983966","1.40223376211757","0.91037459668888","0.12533237488386","0.9904","0.637098031619918","0.476687900725545","0.664820230177481","0.524809531413923","0.430677544620144","05_15"
"10.9617420289643","1.7194116436863","0.839472414425819","1.42785140132072","0.961742028964283","0.0877213357396512","0.981","0.616106356778066","0.114746522158384","0.499668455749481","0.498988211931303","0.629930970558871","05_15"
"10.7231760868978","1.92986444127255","0.718464974726438","2.02398610077035","0.723176086897769","0.0269461000592659","0.9976","0.720279745646317","0.319044558207894","0.129306000424549","0.534454982499445","0.567680146423314","05_15"
"0.701424147524663","1.33696335925403","1.0759965718139","0.128920450197547","0.701424147524663","0.157657118393813","0.163","0.357248281361535","0.496063570276021","0.514317778642754","0.51841076613395","0.507130822480462","05_15"
"10.8074891768245","1.81817450198717","0.774156932183328","1.85361293707633","0.807489176824529","0.0839261434291608","1","0.698612073281418","0.437891832875492","0.469045691517422","0.527137915900882","0.433788397159931","05_15"
"10.9085451961649","1.74476428774445","0.821107122582537","1.55353864516121","0.908545196164898","0.0974548560735911","0.9982","0.640545134281227","0.523513341188556","0.510545114057367","0.520795183205518","0.466689877283567","05_15"
"10.8654428719593","1.77766058973892","0.797415845965927","1.70339896173367","0.86544287195934","0.08991564107657","1","0.664714573687811","0.494275464206399","0.480498924199369","0.557983464246796","0.521271083148861","05_15"
"10.9107053530978","1.74907987113321","0.818826984471958","1.5630126872264","0.91070535309781","0.0926362260264644","0.997","0.64125890745901","0.468441587268076","0.499123456921969","0.4697452689737","0.46583670147718","05_15"
"10.8262369613708","1.70659174191959","0.848698051009596","1.59811928540403","0.82623696137078","0.145269093848972","0.9998","0.691595244552248","0.449155371831487","0.811710799353453","0.528147371992294","0.721698267679781","05_15"
"10.7916899134319","1.87970808659758","0.746794033528422","1.87903632851975","0.79168991343191","0.0423551550074214","0.9978","0.658565210686883","0.386529088120911","0.220513343703196","0.526103534464782","0.537131430889528","05_15"
"10.918868724223","1.70840892442749","0.840977405736805","1.49300703248909","0.918868724222985","0.110086994803943","0.9972","0.628278691894306","0.534382088317947","0.546514197564636","0.873656021342141","0.466600259282081","05_15"
"10.8282361562031","1.7919485108374","0.789376955254544","1.75519022261238","0.828236156203142","0.100414026975074","1","0.698812566579352","0.409203370812528","0.573612886898834","0.533160979448587","0.46122626015393","05_15"
"10.9617420289643","1.7194116436863","0.839472414425819","1.42785140132072","0.961742028964283","0.0877213357396512","0.981","0.616106356778066","0.114746522158384","0.499668455749481","0.498988211931303","0.629930970558871","05_15"
"10.9617420289643","1.7194116436863","0.839472414425819","1.42785140132072","0.961742028964283","0.0877213357396512","0.981","0.616106356778066","0.114746522158384","0.499668455749481","0.498988211931303","0.629930970558871","05_15"
"10.9560945936076","1.70584133574808","0.843790066795571","1.40351870896977","0.956094593607646","0.0921591005839254","0.98","0.619448134537826","0.170762096225467","0.52683513344975","0.478060217479929","0.446158315016194","05_15"
"10.9052882409835","1.69289786650106","0.856308146891625","1.46560914820411","0.905288240983536","0.11592677672189","0.992","0.65130492091403","0.303339151216433","0.659766138594319","0.509610521110772","0.436470758760252","05_15"
"10.8452976456199","1.73732841307563","0.82403816877127","1.62855347502191","0.845297645619938","0.122849967013822","1","0.680666522130958","0.516499527426852","0.669053734990895","0.521171509273394","0.549597530440512","05_15"
"10.9462775779767","1.7232062480888","0.837179800851116","1.45037537932441","0.946277577976713","0.092580827788442","0.9882","0.619236578947122","0.418834850229425","0.500465642550376","0.493070357371011","0.446525144732863","05_15"
"10.9215571770863","1.74432296733185","0.822967847961547","1.53073057232785","0.921557177086312","0.089056964120959","0.9894","0.64212241432065","0.102206773722274","0.514368710006781","0.457045404704495","0.461704362536022","05_15"
"10.8262369613708","1.70659174191959","0.848698051009596","1.59811928540403","0.82623696137078","0.145269093848972","0.9998","0.691595244552248","0.449155371831487","0.811710799353453","0.528147371992294","0.721698267679781","05_15"
"10.8935621053084","1.76333869770724","0.809902204466822","1.62203032368317","0.89356210530837","0.0894515632355281","0.9968","0.656453975988336","0.367732999043299","0.503075422084255","0.470322948563168","0.492439086398056","05_15"
"10.8488325642391","1.74336994773965","0.820000298057732","1.63535103956184","0.848832564239058","0.11979597074665","1","0.679108740223349","0.53117796048919","0.646662894855074","0.509604331807145","0.526356956587437","05_15"
"10.8865326962614","1.68798994403098","0.854837977401684","1.47932269065811","0.886532696261437","0.129895005158439","0.9968","0.648623932454726","0.595920551991255","0.664201692910865","0.496583274291707","0.595472039061581","05_15"
"10.9185822315437","1.74785375308996","0.821880553396822","1.53964043071534","0.918582231543679","0.0883226965057316","0.9896","0.642457426331351","0.206276397195585","0.509420235529733","0.456566580225777","0.44458503785514","05_15"
"10.7216257607246","1.93847823914317","0.714567482508442","2.03629270550747","0.721625760724632","0.0201216284384911","0.999","0.678480098337461","0.457017662424844","0.0715024236124009","0.498158198019413","0.481662504347081","05_15"
"10.9560945936076","1.70584133574808","0.843790066795571","1.40351870896977","0.956094593607646","0.0921591005839254","0.98","0.619448134537826","0.170762096225467","0.52683513344975","0.478060217479929","0.446158315016194","05_15"
"10.8919113212776","1.63105171804426","0.890941354876283","1.35709871147539","0.891911321277595","0.143715651765963","0.9862","0.637946177905719","0.539303987964736","0.742913483874141","0.503803677264453","0.443815484748755","05_15"
"10.8768701377711","1.76793353902613","0.804277694208266","1.65328650911159","0.876870137771056","0.0948003603923806","1","0.661451398448136","0.503002364433009","0.505337417953323","0.518362342875881","0.524107342179019","05_15"
"10.850427065652","1.79071185219237","0.790819794800701","1.74401216946572","0.850427065651977","0.0871170195427059","0.9996","0.681548244798394","0.346843072798424","0.499367954400664","0.490541125770195","0.467141399749728","05_15"
"10.8329124132034","1.75831234793642","0.810555675367102","1.68713987383344","0.832912413203381","0.115427557438915","1","0.694134001749896","0.411120837796378","0.658630960200181","0.505404927858995","0.536496625891478","05_15"
"10.9468745664516","1.71488955999374","0.840670360398289","1.43881212165559","0.946874566451605","0.0974156519063157","0.9916","0.613942719978983","0.527153310495143","0.502418804197581","0.484092452719234","0.457338572129995","05_15"
"10.9446957369261","1.71375823962865","0.840802274856502","1.43546438209766","0.944695736926142","0.0983019746165532","0.9918","0.611756694782525","0.55167996189557","0.5","0.498078650655225","0.457681273552589","05_15"
"10.8836526309878","1.76156244813491","0.808889398477252","1.62208724950351","0.883652630987782","0.095112057715914","0.9996","0.652726364010694","0.532351250468059","0.500062095403073","0.518269744331063","0.523567205347204","05_15"
"10.8786879983251","1.69476292276152","0.853076685999569","1.50639745938759","0.878687998325096","0.130174547299357","0.9976","0.658819881586219","0.531017558352518","0.688870026769795","0.510924920983593","0.453727956767255","05_15"
"10.8056760920648","1.78569001526559","0.795177206260198","1.77433807432419","0.805676092064757","0.113134633886215","1","0.709849653522382","0.439549851526732","0.644334190305742","0.520324685230086","0.696658576350287","05_15"
"10.9575059422275","1.70928993394315","0.842606706774193","1.41219144694297","0.957505942227489","0.0911500903785059","0.9806","0.619289422940292","0.180583601740356","0.520186123250295","0.479164661093051","0.446281410775177","05_15"
"10.860287667894","1.78134033534224","0.795402632036921","1.70927591491964","0.860287667894042","0.0891295195344304","1","0.674322767606176","0.406295989184613","0.499537755804562","0.491116082454306","0.463471551168128","05_15"
"1.08253528358819","1.55858930528115","0.941539979305435","0.791436978371952","1.08253528358819","0.095125266437073","0.7202","0.48998980014585","0.114746522158384","0.499668455749481","0.498988211931303","0.629930970558871","05_15"
"10.9282088247608","1.71760388700098","0.835134402487106","1.4763673748646","0.928208824760777","0.0994835162548949","0.9932","0.63454255503603","0.418305842850451","0.54043304256353","0.501236930137519","0.436796955407134","05_15"
"10.9603556908426","1.72080917615022","0.838689894019561","1.43373380993068","0.960355690842643","0.0878569652752433","0.9818","0.617154185225808","0.160940740608807","0.499752737627993","0.493798161393227","0.452305808488032","05_15"
"10.9502365775937","1.71909438410998","0.838469589440497","1.44351695138542","0.950236577593731","0.0945034709836288","0.989","0.6162717402932","0.466552536840802","0.500449110665424","0.49453336047386","0.449543590891666","05_15"
"10.9560945936076","1.70584133574808","0.843790066795571","1.40351870896977","0.956094593607646","0.0921591005839254","0.98","0.619448134537826","0.170762096225467","0.52683513344975","0.478060217479929","0.446158315016194","05_15"
"0.613494666911627","1.31915345870584","1.08696467891699","0.0755663905000738","0.613494666911627","0.164074543711982","0.1148","0.33364394819364","0.253626577935854","0.499237724789897","0.49568989172985","0.494705641018505","05_15"
"10.9331370964393","1.73924860093801","0.827656857988858","1.50322992546879","0.933137096439289","0.0891846285430591","0.9896","0.631679529705675","0.329561531490606","0.499554187881554","0.473043589175153","0.601062031017547","05_15"
"10.9574048152126","1.70459284471329","0.844605818154515","1.39770161790058","0.957404815212629","0.0919348079587982","0.9796","0.618400306090084","0.124567877775045","0.526750851571238","0.483250268018005","0.623783477087033","05_15"
"10.9311178898745","1.67822578463176","0.865059333066373","1.39372509637024","0.931117889874466","0.11425926398114","0.9874","0.630705085856983","0.412186618861125","0.62175190022837","0.492466043692487","0.457012375483113","05_15"
"10.8926116514999","1.76087910388005","0.811400982871135","1.6062986128791","0.892611651499941","0.0901849173446457","0.9956","0.659231117468683","0.289580353920325","0.520912119392156","0.466248643354988","0.498148577855418","05_15"
"10.9617420289643","1.7194116436863","0.839472414425819","1.42785140132072","0.961742028964283","0.0877213357396512","0.981","0.616106356778066","0.114746522158384","0.499668455749481","0.498988211931303","0.629930970558871","05_15"
"10.9025294002735","1.72930631002347","0.826421832394008","1.5384311294163","0.902529400273478","0.102154123219002","0.9964","0.651718142927473","0.405090007874447","0.564485114980938","0.515201502382287","0.475512012080881","05_15"
"10.8538464336193","1.6847694264247","0.860321832420784","1.52005907855667","0.853846433619277","0.144624595540247","0.998","0.671110847328141","0.537935478754429","0.772923240541947","0.515042533073338","0.632747830572661","05_15"
"10.9609000800281","1.70713506117353","0.844041151759862","1.4045587555012","0.960900080028136","0.0939568727738845","0.9836","0.613975949849095","0.384661491689658","0.512703780886998","0.479058342156504","0.453001630702422","05_15"
"10.9062559386287","1.7571798957145","0.814485617945163","1.58974856331096","0.90625593862871","0.087978469388233","0.9946","0.649485104357456","0.296628665959941","0.50041443356728","0.501042448678194","0.51534808597729","05_15"
"10.9128432435264","1.74515963066739","0.822111963690691","1.53933156538949","0.912843243526396","0.0940807318545341","0.9962","0.640823188955965","0.444662303414838","0.510451613065575","0.502524466080838","0.445475580017059","05_15"
"10.9046469202702","1.70670859668162","0.843415651692174","1.49817877494846","0.904646920270169","0.11310812171737","0.9958","0.649525337373765","0.450747193485384","0.615155673597369","0.491221920341444","0.564544539022628","05_15"
"10.9503199755514","1.71878898096282","0.838515092513693","1.44109841935442","0.950319975551389","0.0935689752674563","0.9874","0.619395290544656","0.409013344714536","0.507114652749831","0.491965913757888","0.446402048973881","05_15"
"10.9416425128197","1.73280315537258","0.831752625851724","1.48489111720156","0.941642512819716","0.0905495228892004","0.9886","0.626462056139341","0.359381933843236","0.500295841146478","0.4924954006869","0.450194993314464","05_15"
"10.9469803785643","1.7173078621482","0.839500327547461","1.44311726219679","0.946980378564321","0.0958649461150005","0.9914","0.614721533436448","0.503962275284193","0.500016531884953","0.496615647552375","0.454662827393787","05_15"
"10.9550003024861","1.71205944819439","0.841127833541964","1.42300494442734","0.955000302486129","0.0924593910756661","0.9834","0.619414904667714","0.313253915030952","0.516550156760333","0.483094328042659","0.450495256443767","05_15"
"10.918912483562","1.7474643846804","0.822078307063709","1.53799726786219","0.918912483562008","0.0890371272514469","0.9914","0.642179371656614","0.285127434969303","0.509513736521525","0.474837297350457","0.465799335121649","05_15"
"10.8648240158283","1.73551137776671","0.825805077358445","1.60327652043368","0.864824015828337","0.112188233521309","0.9984","0.677360310612565","0.327816881071638","0.647139076337758","0.495722864729784","0.4829330858912","05_15"
"10.9034951246385","1.72047924177092","0.833593107324726","1.52816390520427","0.903495124638478","0.108889519544793","0.9964","0.65231314199725","0.430600393810045","0.595343119016455","0.512678763059549","0.484525952026575","05_15"
"10.9462775779767","1.7232062480888","0.837179800851116","1.45037537932441","0.946277577976713","0.092580827788442","0.9882","0.619236578947122","0.418834850229425","0.500465642550376","0.493070357371011","0.446525144732863","05_15"
"10.9055254483683","1.75147862379679","0.818176077337555","1.56598651005462","0.905525448368308","0.0931253735309421","0.997","0.645698685984589","0.441998981703703","0.509067897365526","0.473793875878646","0.452804157225055","05_15"
"10.8712668955559","1.65425415144141","0.879713278059276","1.43142643474309","0.871266895555919","0.143013175280785","0.9926","0.658430575129825","0.450523881041794","0.781701042685647","0.516908516183408","0.532765921855876","05_15"
"10.8860814237261","1.74056250536262","0.820215729260427","1.57784117692267","0.886081423726088","0.103406156551047","0.9994","0.655552571069296","0.51290635754917","0.55212144139775","0.475684302513431","0.52336658643701","05_15"
"10.9617420289643","1.7194116436863","0.839472414425819","1.42785140132072","0.961742028964283","0.0877213357396512","0.981","0.616106356778066","0.114746522158384","0.499668455749481","0.498988211931303","0.629930970558871","05_15"
"10.9609000800281","1.70713506117353","0.844041151759862","1.4045587555012","0.960900080028136","0.0939568727738845","0.9836","0.613975949849095","0.384661491689658","0.512703780886998","0.479058342156504","0.453001630702422","05_15"
"10.956634774041","1.72082367013802","0.838614292575546","1.44009742768903","0.956634774041029","0.0906539694874484","0.9848","0.617417656096093","0.342267993413569","0.500233448633874","0.498128048602095","0.492835573866109","05_15"
"10.9112359834202","1.75083400445243","0.819464021547403","1.55640819170055","0.911235983420236","0.0908639890053953","0.9944","0.64516956729413","0.356967458320023","0.509258373396529","0.474035053533607","0.463972630128631","05_15"
"10.9555054374708","1.71939501955149","0.838448105674381","1.43380210023647","0.955505437470811","0.0904605524910249","0.9844","0.619350741399487","0.309917105792374","0.506227625284904","0.481174554014044","0.446207874172152","05_15"
"10.9404435159416","1.72569509912526","0.83376172287069","1.46638926575811","0.940443515941649","0.0940047450444103","0.9902","0.62725715225798","0.395831183048381","0.513047736343825","0.489253929305816","0.445959032235264","05_15"
"10.9275832543763","1.73802572777581","0.827989983452977","1.5062219575874","0.927583254376287","0.0925135941435912","0.9936","0.631303167377039","0.436849799494484","0.501529947511072","0.475809709123989","0.450959174143818","05_15"
"10.9328350505139","1.73314524530147","0.829676517164912","1.49185562377474","0.932835050513907","0.0926415421452427","0.9912","0.632980941365699","0.362085035397409","0.513954033482082","0.49636486481768","0.450011804225562","05_15"
"10.8544176553269","1.71498812747277","0.843778623383315","1.57745512389998","0.854417655326899","0.132077780507788","0.9994","0.675424261605376","0.52019437716354","0.715637354937138","0.509153831785818","0.569969249825494","05_15"
"10.9086934980698","1.65524601452158","0.87969224149642","1.3800038953458","0.908693498069781","0.129491804233608","0.9874","0.638302889810912","0.445880704893614","0.696114670461387","0.509445690770897","0.485525909916236","05_15"
"10.9442959859588","1.72185379314441","0.836835863872826","1.45702097699967","0.944295985958832","0.0955913031678525","0.992","0.618051248752687","0.499425951825958","0.500017352170236","0.494944649225262","0.452303661300394","05_15"
"10.9572740960934","1.71347178881091","0.840349974578657","1.42459597494972","0.957274096093388","0.0916507228790022","0.983","0.619671408035236","0.27700951102805","0.515065160304933","0.474886666679713","0.474884546193729","05_15"
"10.9251515593566","1.73887777376799","0.825771927849395","1.51693912021804","0.925151559356585","0.0904738647148678","0.989","0.640908269711462","0.132685801716297","0.52119942778783","0.483200898688748","0.614698266014953","05_15"
"10.8763113310252","1.75390161311236","0.81279514211312","1.61398720688856","0.876311331025211","0.0985300938281304","0.9968","0.672385976100208","0.218066726180572","0.576338873089697","0.495691075649602","0.453380013186348","05_15"
"10.926293481258","1.73754511881325","0.827496909036428","1.50848208219216","0.926293481257961","0.0934039896576742","0.9936","0.633632097554672","0.423984032438644","0.50800359240483","0.491054524125668","0.4483701278141","05_15"
"10.91512696634","1.74815449372628","0.821349657986468","1.54585634751042","0.915126966339991","0.091348121878073","0.9944","0.642708490347073","0.370158958352983","0.509323260490522","0.474596119695496","0.454630862218072","05_15"
"10.9193091244032","1.72141914098485","0.831028929863539","1.500427569803","0.919309124403151","0.0996809824703547","0.9938","0.642767317925939","0.370181552930534","0.554758433393805","0.500652603405567","0.475425750440683","05_15"
"10.8926116514999","1.76087910388005","0.811400982871135","1.6062986128791","0.892611651499941","0.0901849173446457","0.9956","0.659231117468683","0.289580353920325","0.520912119392156","0.466248643354988","0.498148577855418","05_15"
"10.926021984865","1.73856374379381","0.826783712799061","1.51098890646668","0.926021984865014","0.092893282358305","0.9934","0.635412881140875","0.394290388787149","0.51002252273361","0.507044299663619","0.450281254954663","05_15"
"10.901654918519","1.75448819314622","0.815156787850908","1.58666046797907","0.901654918519001","0.0925308150649641","0.9972","0.64678898169781","0.458322947830565","0.500197516818359","0.499530047628475","0.477175339504968","05_15"
"10.8668558484977","1.71251038104557","0.843354602588321","1.55283108195485","0.866855848497695","0.123261703436797","0.9974","0.67304689633533","0.345557982662527","0.704424961942568","0.501611566017304","0.545711666638367","05_15"
"10.924842564177","1.70696831756663","0.842894292069498","1.47070721944496","0.924842564176967","0.105601476821057","0.9926","0.636556391448889","0.429310108632969","0.573668393005575","0.491839662116269","0.455045404489615","05_15"
"10.9574979673483","1.70879325499136","0.842847118198518","1.41084571917394","0.957497967348292","0.0910315345685501","0.9802","0.619195358171462","0.141684691877707","0.520844370868905","0.483035291500681","0.473427424564151","05_15"
"10.9552995463374","1.70883940843572","0.842790346516883","1.41132133537417","0.955299546337394","0.0928407517188351","0.9824","0.619333972085461","0.279679840662518","0.521073150715222","0.489956020836895","0.446475585576905","05_15"
"10.9067060713158","1.75704151734796","0.814531243944874","1.58930296629623","0.906706071315824","0.0866980734701403","0.9946","0.64922456012316","0.273965456883357","0.499694156586651","0.493392185255377","0.459038263304698","05_15"
"10.8926116514999","1.76087910388005","0.811400982871135","1.6062986128791","0.892611651499941","0.0901849173446457","0.9956","0.659231117468683","0.289580353920325","0.520912119392156","0.466248643354988","0.498148577855418","05_15"
"10.8982430233534","1.70911757172976","0.843116956671957","1.51150139762212","0.898243023353402","0.113834151012606","0.9962","0.654670240354943","0.422949018998631","0.62601941478779","0.508699755550031","0.484036967346773","05_15"
"10.9574078299832","1.70504342639664","0.844314078800966","1.39979504577348","0.957407829983244","0.0918556232919803","0.9798","0.618494370858914","0.163466787637693","0.526092603952627","0.479379637610375","0.596637463298059","05_15"
"10.918064667716","1.7500104161137","0.819742314160416","1.55685716945219","0.918064667716045","0.0878994202436658","0.992","0.642252392708823","0.293271272910063","0.499596336845904","0.491522058592156","0.456739096351462","05_15"
"10.9195460858965","1.71627980034556","0.834082063125178","1.49136556788264","0.919546085896457","0.102139537146296","0.9942","0.639847380392683","0.424875491931859","0.557151404588321","0.474420257454864","0.454771128218553","05_15"
"10.4414689445682","2.09829837768312","0.666354462942096","2.59022643595702","0.441468944568151","0.183824644560642","1","0.8","0.7","0.5","0.4","0.4","10_15"
"10.4414689445682","2.09829837768312","0.666354462942096","2.59022643595702","0.441468944568151","0.183824644560642","1","0.8","0.7","0.5","0.4","0.4","10_15"
"0.276563428317455","0.955024467578995","1.37540655534505","0.0286982027946779","0.276563428317455","0.237911417265778","0.1816","0.2655086631421","0.380035179434344","0.79423986072652","0.0706790471449494","0.34668348915875","10_15"
"10.8728758712013","1.83596424183504","0.820440299009534","1.69409946093883","0.872875871201316","0.0371382480505062","0.9742","0.37212389963679","0.777445221319795","0.107943625887856","0.0994661601725966","0.333774930797517","10_15"
"10.6891776802896","1.77627477078622","0.869759425534556","1.87324672142203","0.689177680289636","0.252599928584113","0.9976","0.572853363351896","0.934705231105909","0.723710946040228","0.31627170718275","0.476351245073602","10_15"
"10.4237341489487","2.09886466990797","0.653218714655188","2.64449119307123","0.423734148948699","0.100800021719511","1","0.908207789994776","0.212142521282658","0.411274429643527","0.518634263193235","0.892198335845023","10_15"
"0.270254302625901","0.726085316553999","1.4992794784935","0.0591232012743726","0.270254302625901","0.273196260105086","0.2744","0.201681931037456","0.651673766085878","0.820946294115856","0.662005076417699","0.864339470630512","10_15"
"10.3635649337428","2.15644729490414","0.616273618793747","2.76204049920189","0.363564933742751","0.140361970218759","1","0.898389684967697","0.125555095961317","0.647060193819925","0.406830187188461","0.389989543473348","10_15"
"10.2628288147368","2.26607333459572","0.554350159558323","2.97148157487111","0.262828814736845","0.181061490932582","1","0.944675268605351","0.267220668727532","0.78293276228942","0.912875924259424","0.777320698834956","10_15"
"10.681225945126","1.88321826133252","0.788669189260833","2.04270825962731","0.68122594512601","0.148808522865187","1","0.660797792486846","0.386114092543721","0.553036311641335","0.293603372760117","0.960617997217923","10_15"
"10.7590028020092","1.82440059015955","0.81308291454294","1.87532371999282","0.759002802009232","0.122877775798636","0.9978","0.62911404389888","0.0133903331588954","0.529719580197707","0.459065726259723","0.434659484773874","10_15"
"0.0667220362343012","0.324971226661952","1.68209528400909","0.00708789246729765","0.0667220362343012","0.297211583612948","0.0014","0.0617862704675645","0.382387957070023","0.789356231689453","0.332394674187526","0.712514678714797","10_15"
"10.794358316843","1.89545284309517","0.789141201528671","1.85208322447117","0.79435831684296","0.0182187631661738","0.9848","0.205974574899301","0.86969084572047","0.023331202333793","0.65087046707049","0.399994368897751","10_15"
"0.490029661087501","1.23611628878024","1.18735997822197","0.0581216069707742","0.490029661087501","0.189132627769166","0.149","0.176556752528995","0.34034899668768","0.477230065036565","0.258016780717298","0.325352151878178","10_15"
"10.6031108800296","1.93777040021272","0.770685458273791","2.18963654016207","0.603110880029608","0.209846625705719","1","0.687022846657783","0.482080115471035","0.7323137386702","0.478545248275623","0.757087148027495","10_15"
"5.71796449013711","1.39701870389123","1.1041758977554","1.18611054267906","0.717964490137113","0.269372088553331","0.8892","0.384103718213737","0.599565825425088","0.692731556482613","0.766310670645908","0.202692255144939","10_15"
"10.5530851335263","1.99409746968954","0.719218116574146","2.35247378101431","0.553085133526271","0.11989056900483","1","0.769841419998556","0.493541307048872","0.477619622135535","0.0842469143681228","0.711121222469956","10_15"
"5.77292834290184","1.51457979640473","1.03947062211118","1.30336182517773","0.772928342901839","0.224799794270034","0.9042","0.497699242085218","0.186217601411045","0.8612094768323","0.875321330036968","0.121691921027377","10_15"
"10.5326784833083","2.01911257210979","0.718896042465853","2.37981350153867","0.532678483308265","0.174295825055891","1","0.717618508264422","0.827373318606988","0.438097107224166","0.339072937844321","0.245488513959572","10_15"
"10.2756715572406","2.27103402462753","0.569146923067701","2.93660611463913","0.275671557240571","0.234610642305294","1","0.991906094830483","0.668466738192365","0.244797277031466","0.839440350187942","0.14330437942408","10_15"
"6.04272041850777","1.76753806298557","0.866603039163318","1.33572684450301","1.04272041850777","0.0302804448044536","0.8814","0.1","0.1","0.1","0.1","0.1","10_15"
"6.14385705545549","1.67282567658862","0.924049898938687","1.0176758541333","1.14385705545549","0.0547252845007534","0.765","0.2","0.2","0.2","0.2","0.2","10_15"
"1.07935821958375","1.62904551678093","0.947270626266946","0.978287200723988","1.07935821958375","0.0848302947388751","0.7786","0.3","0.3","0.3","0.3","0.3","10_15"
"5.96083698767182","1.63509242243242","0.944969997046497","1.21041783277401","0.960836987671815","0.12249894585484","0.8996","0.4","0.4","0.4","0.4","0.4","10_15"
"10.823289340177","1.71655800235462","0.904827781591405","1.56810154899578","0.823289340176968","0.167745783614158","0.9846","0.5","0.5","0.5","0.5","0.5","10_15"
"10.6801355294271","1.84992807988715","0.828499125298018","1.96355125986154","0.680135529427069","0.215940868400964","1","0.6","0.6","0.6","0.6","0.6","10_15"
"10.5300801882938","2.00283665089589","0.731099120703477","2.34563155129553","0.530080188293757","0.259766342863596","1","0.7","0.7","0.7","0.7","0.7","10_15"
"10.3578136454064","2.1998976273263","0.615568971492713","2.75822524954117","0.357813645406417","0.30367231922606","1","0.8","0.8","0.8","0.8","0.8","10_15"
"10.1934040589929","2.38395614212819","0.489043828816028","3.11085540599523","0.19340405899293","0.36030494982072","1","0.9","0.9","0.9","0.9","0.9","10_15"
"10.0824346996547","2.57627283423526","0.36709078085796","3.38098821623611","0.0824346996547435","0.433966379947432","1","1","1","1","1","1","10_15"
"10.7885762333664","1.64146949581109","0.950911875622772","1.50585555105541","0.788576233366432","0.218874122211473","0.9748","0.504996669831843","0.494451153785261","0.672404592083537","0.499239284724697","0.645273806065065","10_15"
"10.3395408385242","2.20069435435475","0.609074254701547","2.81001083526823","0.339540838524191","0.189241790992166","1","0.886859116042327","0.463977387539594","0.642317983214424","0.590400414268573","0.415572547437466","10_15"
"10.5562336070761","1.99584405338795","0.715721617184165","2.33895240970201","0.556233607076053","0.135785397076473","1","0.762875326237411","0.069813003026444","0.609693567110033","0.457092415258254","0.418314725031277","10_15"
"10.8728758712013","1.83596424183504","0.820440299009534","1.69409946093883","0.872875871201316","0.0371382480505062","0.9742","0.37212389963679","0.777445221319795","0.107943625887856","0.0994661601725966","0.333774930797517","10_15"
"10.6891776802896","1.77627477078622","0.869759425534556","1.87324672142203","0.689177680289636","0.252599928584113","0.9976","0.572853363351896","0.934705231105909","0.723710946040228","0.31627170718275","0.476351245073602","10_15"
"10.303673387878","2.25115639379156","0.576572597481279","2.87987474629531","0.303673387878038","0.254981272716844","1","0.868702381005946","0.644470141337637","0.894321979050179","0.490309965704536","0.93143801192786","10_15"
"10.6354004534068","1.91487002308282","0.790992114983948","2.10800648052994","0.635400453406763","0.197860627342221","1","0.645069353917418","0.674047828424778","0.583651890863495","0.407038107670296","0.316501875195231","10_15"
"0.243213985601175","0.960655902717059","1.36355124929864","0.0260857210610792","0.243213985601175","0.240065846274662","0.1102","0.159745242306963","0.619553082948551","0.621031519491225","0.636827498488128","0.39304985133931","10_15"
"10.8728758712013","1.83596424183504","0.820440299009534","1.69409946093883","0.872875871201316","0.0371382480505062","0.9742","0.37212389963679","0.777445221319795","0.107943625887856","0.0994661601725966","0.333774930797517","10_15"
"10.6219731794997","1.93450317780057","0.768470129888348","2.17647816352351","0.621973179499733","0.172104024697385","1","0.68202617682594","0.487628961685774","0.559909146586664","0.479305963550925","0.611813341962429","10_15"
"10.3894651919135","2.15929519417859","0.638431052663208","2.68476145039293","0.389465191913527","0.293925532872516","1","0.77958036835771","0.786626110132784","0.767431807564572","0.784493803046644","0.787003786046989","10_15"
"10.5578787228696","2.00306678986458","0.737624788153317","2.32603109638921","0.557878722869637","0.218833343552773","1","0.6920954114809","0.641643951206084","0.558714332591156","0.703293407055581","0.929179985290063","10_15"
"10.6874026089018","1.80461300276185","0.850374663132716","1.89560880181989","0.687402608901787","0.235251103706917","0.9986","0.584337666377391","0.628678578567326","0.665839913932798","0.573944988414278","0.550261457871742","10_15"
"10.4414689445682","2.09829837768312","0.666354462942096","2.59022643595702","0.441468944568151","0.183824644560642","1","0.8","0.7","0.5","0.4","0.4","10_15"
"10.6045366290105","1.85980942892187","0.828142849491577","2.07352438042948","0.604536629010516","0.299649299287069","0.9996","0.600342113442705","0.93451776195079","0.733872121062161","0.616229008453097","0.0222068231087178","10_15"
"10.2573724683174","2.28620350873742","0.549368554925977","2.98468443688256","0.257372468317444","0.199520724774494","1","0.944350834764413","0.401379041212301","0.760413706713104","0.665065934966993","0.768739200364062","10_15"
"10.6717225728755","1.82342281974606","0.839378082807792","1.95072942285043","0.671722572875526","0.235733966953426","0.999","0.588515696974505","0.906026652538582","0.65787103210743","0.342326718768473","0.52608978720186","10_15"
"10.3745982566143","2.15379022893415","0.62662299866791","2.74595671819363","0.374598256614335","0.154195943254907","1","0.88084662060669","0.277324795162574","0.636420154391387","0.64595931681067","0.790649362344858","10_15"
"10.7245505009926","1.76417976116279","0.882648374462591","1.77449052099316","0.72455050099257","0.240869835305667","0.9966","0.539034364296319","0.625517997000311","0.609079665619118","0.759272562975611","0.286190379949708","10_15"
"10.2507858787665","2.31128780210167","0.537612234117973","2.98817400433061","0.250785878766505","0.315177873449371","1","0.872511249909191","0.900187469155119","0.889838824978067","0.600042698729653","0.596438527446405","10_15"
"10.4414689445682","2.09829837768312","0.666354462942096","2.59022643595702","0.441468944568151","0.183824644560642","1","0.8","0.7","0.5","0.4","0.4","10_15"
"10.5616671432112","1.99320030249727","0.717502235806968","2.3273010853787","0.561667143211155","0.127032722997671","1","0.764628402629166","0.0691324260937687","0.567086206907599","0.40880349818993","0.406334303215945","10_15"
"10.6179505020572","1.92565052956026","0.774042504128688","2.16673291705798","0.617950502057235","0.204746905798808","1","0.687347280498722","0.347921742986266","0.754832794246516","0.726355237568054","0.765668646498388","10_15"
"10.7590461522255","1.80917237356656","0.836844836993583","1.84501900998341","0.759046152225472","0.157349206448372","0.9976","0.611530568925369","0.261577708421724","0.604742210605501","0.416429772919888","0.574416996035882","10_15"
"10.4615903831313","2.087928494301","0.6755316646108","2.5497922078817","0.461590383131306","0.21999928821373","1","0.774173457201386","0.682096123823949","0.697528222839859","0.418431527049201","0.752861895353267","10_15"
"10.5774991590938","1.97729118823464","0.743761819756688","2.27732106795417","0.577499159093847","0.16448520951888","1","0.712849389456397","0.499983991647087","0.534785515830341","0.460113721226422","0.404225252674228","10_15"
"10.5028136005908","2.04737259027289","0.711787402575868","2.43012851830871","0.502813600590822","0.26876604220886","1","0.72041963164229","0.713373889867217","0.732568192435429","0.715506196953356","0.712996213953011","10_15"
"10.7500023637781","1.89173371897606","0.784502905516858","1.95148585435184","0.750002363778145","0.0473218984527383","0.9948","0.640254757693038","0.180446917051449","0.178968480508775","0.163172501511872","0.40695014866069","10_15"
"10.823289340177","1.71655800235462","0.904827781591405","1.56810154899578","0.823289340176968","0.167745783614158","0.9846","0.5","0.5","0.5","0.5","0.5","10_15"
"10.5714392484817","1.98682388368426","0.737576526604246","2.29266856328231","0.571439248481709","0.186971018204436","1","0.724626440485508","0.37600996610868","0.699548919539368","0.560519980208871","0.947289333708021","10_15"
"10.4177615275879","2.13001249829649","0.650899150583496","2.63838983205051","0.417761527587938","0.22474270910964","1","0.802884654895295","0.567277735691341","0.758703237496373","0.547935277309687","0.941823061372362","10_15"
"10.6717225728755","1.82342281974606","0.839378082807792","1.95072942285043","0.671722572875526","0.235733966953426","0.999","0.588515696974505","0.906026652538582","0.65787103210743","0.342326718768473","0.52608978720186","10_15"
"10.4327324841797","2.10767805492277","0.6604572837975","2.61165709931843","0.432732484179665","0.189796509290403","1","0.8","0.743514884263277","0.5","0.4","0.4","10_15"
"10.4724560399543","2.07549518477312","0.68206559440928","2.52826104894285","0.472456039954286","0.16907300167393","1","0.79627193739451","0.457777344204349","0.571286389833754","0.521827954606843","0.605756896220549","10_15"
"10.5382518589298","2.01908291190139","0.723594272758367","2.37084950676554","0.538251858929845","0.200642670236269","1","0.728354503090999","0.618232621904331","0.628262529705614","0.438692025602028","0.741532437487472","10_15"
"10.6546674428246","1.81238879962752","0.848042506709168","1.9525413557857","0.654667442824603","0.270424916978661","0.999","0.594223433515142","0.715157478551137","0.748065771207345","0.575711672017126","0.657161166468266","10_15"
"10.823289340177","1.71655800235462","0.904827781591405","1.56810154899578","0.823289340176968","0.167745783614158","0.9846","0.5","0.5","0.5","0.5","0.5","10_15"
"10.772618058391","1.81902247879794","0.81958277085315","1.85411350692807","0.772618058390969","0.119366351027708","0.9976","0.615277544725579","0.196184855943735","0.480822441512967","0.286711796422931","0.522014063945516","10_15"
"10.3243591815955","2.21809131625626","0.59198094360367","2.84737943486884","0.324359181595472","0.217046308613017","1","0.879244484510704","0.531710880847453","0.724665934884484","0.607639931568322","0.752117931323043","10_15"
"10.5604212941293","1.99532931407287","0.717294082303892","2.32882524200008","0.560421294129336","0.128065819374842","1","0.764488877700446","0.069313531656347","0.572100272092936","0.411056343678676","0.415979722428866","10_15"
"5.93706032710304","1.69589571048005","0.90613738131496","1.36377561931117","0.937060327103042","0.111207322505169","0.9472","0.402886446087158","0.830800929485013","0.334041341219542","0.192124316018906","0.360342159826015","10_15"
"10.8313089804319","1.7677857596417","0.855133669598334","1.69401909384657","0.831308980431903","0.123996453384401","0.9916","0.557213143376204","0.376961489379946","0.460255289217457","0.186913868236765","0.547434967618775","10_15"
"10.4414689445682","2.09829837768312","0.666354462942096","2.59022643595702","0.441468944568151","0.183824644560642","1","0.8","0.7","0.5","0.4","0.4","10_15"
"10.4879308741939","2.06229243255495","0.691392019581308","2.48800440774268","0.487930874193881","0.207657445389875","1","0.755390486718597","0.724276293696908","0.628375812528206","0.386406314099161","0.427782777737705","10_15"
"10.4566641033802","2.1002831769806","0.665449422854471","2.5599702206526","0.456664103380199","0.218203414999021","1","0.790444166596159","0.453202371754976","0.835167661093174","0.50289466860372","0.936904284263519","10_15"
"10.5562165683025","1.99752804602198","0.715907956366444","2.33656297867126","0.556216568302461","0.134791143353835","1","0.763014851166131","0.0696318974638657","0.604679501924696","0.454839569769509","0.408669305818356","10_15"
"10.5908945237885","1.95286189581487","0.759328356988109","2.2208523013504","0.59089452378848","0.217277660053793","1","0.689578085104772","0.517133797968849","0.707772638635378","0.5586117712993","0.762253285056614","10_15"
"10.6404362799277","1.88023347927654","0.809299126454145","2.0597990457455","0.640436279927717","0.239326543997645","1","0.6100828052013","0.796384691665881","0.615863818599753","0.523745110117746","0.348418934523659","10_15"
"10.299852296437","2.25311943950643","0.572775933152622","2.89427210546846","0.299852296437025","0.255505431694557","1","0.874113386005176","0.64580138347024","0.80159304448497","0.638362083972001","0.634969958468221","10_15"
"10.4813406065647","2.07565444804859","0.682138538498242","2.51957832766246","0.48134060656475","0.217210449772823","1","0.771942652595335","0.512884068841366","0.744588378450997","0.586174993317954","0.756277256795041","10_15"
"10.7672056493318","1.78697011192551","0.866902417020123","1.77473397629757","0.76720564933179","0.16983805292354","0.9976","0.542090816901528","0.88134952294069","0.497613230708542","0.22361355133644","0.449784016045104","10_15"
"10.7846366114716","1.75563908340773","0.876798325346629","1.70491552455023","0.784636611471568","0.171394468444064","0.9896","0.582091279262465","0.279561363502769","0.662421340419621","0.338668891273519","0.454902770551842","10_15"
"10.6717225728755","1.82342281974606","0.839378082807792","1.95072942285043","0.671722572875526","0.235733966953426","0.999","0.588515696974505","0.906026652538582","0.65787103210743","0.342326718768473","0.52608978720186","10_15"
"10.7560919689858","1.88011728199065","0.795296974190792","1.95078976675748","0.756091968985827","0.0609960593867113","0.999","0.588038284148676","0.297936581456765","0.192713467374708","0.475497917999804","0.50478898710698","10_15"
"10.8728758712013","1.83596424183504","0.820440299009534","1.69409946093883","0.872875871201316","0.0371382480505062","0.9742","0.37212389963679","0.777445221319795","0.107943625887856","0.0994661601725966","0.333774930797517","10_15"
"10.4298828707968","2.12151669386591","0.661410029929251","2.60296896004313","0.429882870796814","0.262404751870872","1","0.76969460121996","0.700147210148973","0.685205950290025","0.782727119443795","0.680104077450466","10_15"
"10.6688449531394","1.89917301790033","0.789269146243087","2.05879221288901","0.668844953139441","0.132517437144695","1","0.613492909941964","0.890288713646297","0.356017071103237","0.218787423857414","0.411025871917034","10_15"
"10.5544632987286","1.99097163610877","0.735766420512813","2.31017234251044","0.554463298728556","0.220209674944398","1","0.703108697697803","0.638117061931996","0.652793818292748","0.552597619561774","0.0780131412592867","10_15"
"10.5116940147469","2.03978421616116","0.708282145517392","2.43108947759951","0.511694014746942","0.182600601366648","1","0.744579910190525","0.638189979328762","0.512279234982429","0.458969054757331","0.402276915837957","10_15"
"10.5039431538601","2.04664533610754","0.700312866480192","2.46179929742489","0.503943153860074","0.166459064407735","1","0.768269479265872","0.561794012318325","0.522506280847912","0.401144666469091","0.401948336836271","10_15"
"10.7623265010428","1.78976947849026","0.865305181431431","1.78134307070854","0.762326501042811","0.172688837067545","0.998","0.542090816901528","0.88134952294069","0.497613230708542","0.239086773013696","0.449784016045104","10_15"
"10.6824349465245","1.89071758782756","0.791019041836301","2.03654990573428","0.682434946524528","0.127914782077","1","0.626572183212359","0.757510177008635","0.386145918121363","0.19346649663401","0.73982977341731","10_15"
"10.8001673512937","1.73769534541724","0.893581262699393","1.64663998179052","0.8001673512937","0.176817337926724","0.991","0.510917138047517","0.582995526592855","0.500281764907858","0.479967633886982","0.447929347988812","10_15"
"10.8115979483954","1.74798745711583","0.88377448156632","1.65975363718991","0.811597948395433","0.162789336337393","0.9916","0.52533121921111","0.533663407957231","0.49843126658394","0.408217329156279","0.458048611292257","10_15"
"10.7846366114716","1.75563908340773","0.876798325346629","1.70491552455023","0.784636611471568","0.171394468444064","0.9896","0.582091279262465","0.279561363502769","0.662421340419621","0.338668891273519","0.454902770551842","10_15"
"10.496115341987","2.05005259668158","0.698530812231857","2.46864268928681","0.496115341987015","0.180719430768045","1","0.768451952364335","0.523572324854468","0.605914720016127","0.444099919297682","0.596930286142767","10_15"
"10.5574731322688","2.00290934225182","0.735356631892087","2.33097951263938","0.557473132268821","0.20107006800155","1","0.696348042100492","0.722593610035135","0.529130256568624","0.479893322408651","0.560638360817666","10_15"
"10.3933867331485","2.15625527863058","0.636848456474803","2.68983224931277","0.393386733148543","0.233004804962078","1","0.811628380523435","0.658954385465131","0.673072292573306","0.599056012374705","0.445217196857328","10_15"
"10.3906820129953","2.15544883795413","0.63237633943419","2.6991617376699","0.390682012995289","0.213817703429433","1","0.830119849702284","0.545044460989166","0.700217869144695","0.578845194517846","0.742886323482014","10_15"
"10.4860526084372","2.06322951712505","0.69438200738846","2.47625581631652","0.486052608437194","0.229913720756514","1","0.740099475864742","0.768134658718619","0.6223318346867","0.499672355451838","0.363704844335413","10_15"
"10.8728758712013","1.83596424183504","0.820440299009534","1.69409946093883","0.872875871201316","0.0371382480505062","0.9742","0.37212389963679","0.777445221319795","0.107943625887856","0.0994661601725966","0.333774930797517","10_15"
"10.8063437313727","1.7497066787252","0.879402954475413","1.66199762380501","0.806343731372692","0.161192925024041","0.9928","0.517494369019767","0.532819113152525","0.46638608621749","0.492174656856541","0.350222414175249","10_15"
"10.8313089804319","1.7677857596417","0.855133669598334","1.69401909384657","0.831308980431903","0.123996453384401","0.9916","0.557213143376204","0.376961489379946","0.460255289217457","0.186913868236765","0.547434967618775","10_15"
"10.772618058391","1.81902247879794","0.81958277085315","1.85411350692807","0.772618058390969","0.119366351027708","0.9976","0.615277544725579","0.196184855943735","0.480822441512967","0.286711796422931","0.522014063945516","10_15"
"10.4462974664196","2.11132749871849","0.663279522694105","2.58159609616757","0.446297466419586","0.220260538792785","1","0.792211630970563","0.512929697477463","0.792315383169999","0.53263691053093","0.938735376276337","10_15"
"10.6630574488537","1.83532550587827","0.83275552730371","1.9654864859915","0.663057448853687","0.240443448839435","0.9994","0.602267977661517","0.656490262936313","0.681109127350278","0.558054956865488","0.56620234463124","10_15"
"10.490181743165","2.05972009867116","0.692883607033048","2.47668685277103","0.490181743165042","0.217317724219784","1","0.751001168139445","0.672092469975658","0.642926771407623","0.497574860773687","0.147602155292315","10_15"
"10.8728758712013","1.83596424183504","0.820440299009534","1.69409946093883","0.872875871201316","0.0371382480505062","0.9742","0.37212389963679","0.777445221319795","0.107943625887856","0.0994661601725966","0.333774930797517","10_15"
"10.5508183172383","1.98296344545134","0.741657476399985","2.3013824895099","0.550818317238278","0.247129763177201","1","0.695064153551427","0.696784277546819","0.719750462149815","0.570254334713412","0.168971963096313","10_15"
"10.5515194086694","2.00231438494232","0.734257922988262","2.3255751059108","0.551519408669376","0.21360453388607","1","0.707498016276955","0.690300885653246","0.638242859413331","0.441429072887248","0.358193763704677","10_15"
"10.6479451530875","1.88572158894444","0.806278191286686","2.05632859074877","0.64794515308754","0.21930142065152","1","0.625373816055155","0.75252632664417","0.621907796441259","0.410479068765069","0.412496867925951","10_15"
"10.6747482727256","1.88324776130155","0.797229352343437","2.04560119387726","0.67474827272565","0.164324239275866","1","0.642014712195546","0.616533257109904","0.539769363973672","0.265548183534632","0.494902551447987","10_15"
"10.6791418391567","1.8256649873659","0.843694239491397","1.95020062735885","0.679141839156655","0.227912593787957","0.9986","0.63038190129669","0.475431056299203","0.811592220317209","0.389072126922928","0.50360801164354","10_15"
"10.4624586866362","2.0857797003988","0.676818799053303","2.53769587628565","0.462458686636248","0.205868396853288","1","0.777479137899419","0.604899041762618","0.652710595445403","0.467486762652504","0.7507640453285","10_15"
"10.5480102348629","2.00876741971586","0.730756226378749","2.34581397682206","0.548010234862914","0.196086569597526","1","0.702153082200998","0.859120838396463","0.521188671484506","0.337436093017232","0.883080288665083","10_15"
"10.4517163664009","2.09380833288134","0.673261354116988","2.56474112571609","0.451716366400896","0.201881177880544","1","0.783210471748771","0.658481313046788","0.593747482345833","0.464134349408322","0.436609387815488","10_15"
"10.7784506057625","1.76749810227232","0.884115979778975","1.71667367064366","0.778450605762475","0.183112040554657","0.995","0.516759597690418","0.847686114983459","0.499181964124602","0.315396222180161","0.491735404752847","10_15"
"10.5397250475774","2.01222131450327","0.722174778698051","2.36746268331639","0.539725047577364","0.171034430075307","1","0.733662772143008","0.555194452735907","0.511997470074571","0.47900142087035","0.454347567849145","10_15"
"10.5371062780692","1.98001033909904","0.753679434095869","2.31249421319962","0.537106278069238","0.300254584858613","1","0.672567810683041","0.783231689670989","0.744384570511418","0.830385908484459","0.538171696134552","10_15"
"10.4328373190879","2.12380308886105","0.655350035200983","2.61442195168799","0.432837319087919","0.219828109569642","1","0.801117190520891","0.507550409968854","0.801555515419548","0.518193035382477","0.939991969359544","10_15"
"10.4863716533904","2.05978517227123","0.697237559329472","2.46986563433324","0.486371653390392","0.24795311008978","1","0.737412701379144","0.839118706950835","0.713102679699659","0.429982374727596","0.928877793802646","10_15"
"10.6410158837796","1.91530598791334","0.784882010832978","2.11801992619707","0.641015883779589","0.182158493917071","1","0.649106816173834","0.675050114134503","0.544673471241341","0.357277374660645","0.373269601030119","10_15"
"10.5044065257833","2.0466693451918","0.701252308819001","2.45220119582355","0.504406525783252","0.170529183627828","1","0.765857571342746","0.527552541414482","0.553506120469756","0.425646753672113","0.89419446422198","10_15"
"10.652342519886","1.90753772493162","0.791217986917966","2.08563540973957","0.652342519886036","0.180329671053488","1","0.638315564135333","0.617377039639424","0.523362651630279","0.443363729270918","0.465530144910585","10_15"
"10.8728758712013","1.83596424183504","0.820440299009534","1.69409946093883","0.872875871201316","0.0371382480505062","0.9742","0.37212389963679","0.777445221319795","0.107943625887856","0.0994661601725966","0.333774930797517","10_15"
"10.7126737167411","1.84225516470679","0.832946892204913","1.91257383827537","0.712673716741113","0.181407829073146","1","0.583363697176269","0.638879978352941","0.504198871522285","0.444746922294012","0.553156827199338","10_15"
"10.6866682289618","1.84624929543917","0.829132642508876","1.97527207701672","0.686668228961844","0.207014787242411","0.9996","0.626572183212359","0.757510177008635","0.707990671508014","0.19346649663401","0.73982977341731","10_15"
"10.5852332920712","1.97390670802024","0.751173667563905","2.26352638103724","0.585233292071185","0.187927327599243","1","0.691377920406837","0.640399884138557","0.562002699771225","0.431366656209659","0.432074753532481","10_15"
"10.8887367813203","1.75289598261499","0.872301621069376","1.54668833356245","0.888736781320341","0.107828772586054","0.981","0.474828657440075","0.735930512484117","0.348828990142804","0.149073149424027","0.34976791656768","10_15"
"10.5376747464503","2.01435304921399","0.724139312267358","2.35982210616855","0.537674746450326","0.202586653375379","1","0.739505209524741","0.483576368829252","0.750428575115865","0.393030577097307","0.549184946047261","10_15"
"10.582213034646","1.96791623061651","0.751058583115663","2.2661875849999","0.582213034645956","0.195489342808157","1","0.700405912298667","0.631784028628646","0.633338752145663","0.349699881761235","0.479826714122545","10_15"
"10.7852449003569","1.76466848892158","0.883044642712002","1.69791268749478","0.785244900356911","0.176449886879838","0.992","0.554906608010241","0.502638695722199","0.582586241763664","0.35413341603294","0.456504459336106","10_15"
"10.8313089804319","1.7677857596417","0.855133669598334","1.69401909384657","0.831308980431903","0.123996453384401","0.9916","0.557213143376204","0.376961489379946","0.460255289217457","0.186913868236765","0.547434967618775","10_15"
"10.5986943968126","1.95247382056773","0.759459424334078","2.21497357718852","0.598694396812587","0.194839253713526","1","0.692385707787401","0.5179643138136","0.650809841000159","0.453842221469995","0.406107210409515","10_15"
"10.8202672584081","1.73428386935595","0.883748734552116","1.64031845117567","0.820267258408124","0.158319881786899","0.9868","0.552515890463334","0.310586075737801","0.578266365239897","0.392752804396858","0.456446922507992","10_15"
"10.6041594234757","1.95562010374459","0.765211947262231","2.21321268297365","0.60415942347573","0.190621277079467","1","0.653681604068048","0.77214542220193","0.478974185627727","0.452969644042908","0.10102623119019","10_15"
"5.84268321359354","1.59214410105716","0.988496742093401","1.30379195374243","0.84268321359354","0.188115522391313","0.9236","0.464626797102191","0.498600574290919","0.628835096987024","0.299083614354773","0.368561637049901","10_15"
"10.6997490611244","1.60001704246275","0.98682171568038","1.65569514993829","0.699749061124443","0.304644921384645","0.9842","0.542090816901528","0.88134952294069","0.985662204911932","0.239086773013696","0.449784016045104","10_15"
"10.772748432692","1.75940082610528","0.884989432835179","1.71393938341872","0.772748432691964","0.190765401804043","0.9932","0.541451315081228","0.58356440947192","0.574671426226047","0.418279745833868","0.384167621464453","10_15"
"5.93573376138928","1.69324752862758","0.907093793948772","1.36192242047087","0.935733761389284","0.113323743146389","0.9466","0.413506449120169","0.702084076664684","0.348719902409943","0.2167508508431","0.177646979412737","10_15"
"10.8728758712013","1.83596424183504","0.820440299009534","1.69409946093883","0.872875871201316","0.0371382480505062","0.9742","0.37212389963679","0.777445221319795","0.107943625887856","0.0994661601725966","0.333774930797517","10_15"
"10.7623265010428","1.78976947849026","0.865305181431431","1.78134307070854","0.762326501042811","0.172688837067545","0.998","0.542090816901528","0.88134952294069","0.497613230708542","0.239086773013696","0.449784016045104","10_15"
"10.8859126795596","1.78576657860506","0.852057033924969","1.61446797327775","0.885912679559635","0.0849103451583379","0.985","0.414789611216482","0.574333821988203","0.225500721962542","0.44256766760511","0.334229428405086","10_15"
"10.7745708933444","1.87434545829326","0.797489711712702","1.91293834147531","0.774570893344445","0.0492879032342332","0.9948","0.541119189932942","0.558406010531645","0.141529869320453","0.139051437091343","0.420116064299458","10_15"
"10.8001673512937","1.73769534541724","0.893581262699393","1.64663998179052","0.8001673512937","0.176817337926724","0.991","0.510917138047517","0.582995526592855","0.500281764907858","0.479967633886982","0.447929347988812","10_15"
"10.8063437313727","1.7497066787252","0.879402954475413","1.66199762380501","0.806343731372692","0.161192925024041","0.9928","0.517494369019767","0.532819113152525","0.46638608621749","0.492174656856541","0.350222414175249","10_15"
"10.5533980942628","2.00380753844098","0.727471827323879","2.33755237354932","0.553398094262832","0.150217799166017","1","0.734156894973761","0.672294905652334","0.479598371518131","0.239581459889267","0.585582677700388","10_15"
"10.6850210677368","1.8656306860383","0.815250346231858","1.99512873061984","0.6850210677368","0.191326686987406","1","0.629805047339807","0.529731708407788","0.633943334106162","0.384499025255362","0.412500404477739","10_15"
"10.5866592582077","1.97401998826196","0.753190648249646","2.25450000818948","0.586659258207698","0.188957299625531","1","0.675625759987369","0.743696584403089","0.500295028949064","0.418019386153065","0.59085648353241","10_15"
"10.6129221063975","1.92355308331784","0.778056768526227","2.16696433307912","0.612922106397501","0.224157074037657","1","0.668355829671368","0.596753729232569","0.713874240646747","0.463528312478125","0.705187110924779","10_15"
"10.7169177632561","1.80599171460727","0.858328430877019","1.85599726931669","0.716917763256123","0.212056720816427","0.9984","0.578211980307725","0.62666508135371","0.628254947099344","0.450125293570651","0.449291010137021","10_15"
"1.14812909127593","1.57097302163232","0.987316240095295","0.510680318378103","1.14812909127593","0.0724187965786176","0.4768","0.0155072559136897","0.759042104493822","0.198633750880702","0.143712147224774","0.340414576086563","10_15"
"10.8859126795596","1.78576657860506","0.852057033924969","1.61446797327775","0.885912679559635","0.0849103451583379","0.985","0.414789611216482","0.574333821988203","0.225500721962542","0.44256766760511","0.334229428405086","10_15"
"10.8202672584081","1.73428386935595","0.883748734552116","1.64031845117567","0.820267258408124","0.158319881786899","0.9868","0.552515890463334","0.310586075737801","0.578266365239897","0.392752804396858","0.456446922507992","10_15"
"10.8859126795596","1.78576657860506","0.852057033924969","1.61446797327775","0.885912679559635","0.0849103451583379","0.985","0.414789611216482","0.574333821988203","0.225500721962542","0.44256766760511","0.334229428405086","10_15"
"10.8215045223193","1.76044198327017","0.867475358933989","1.66001866135487","0.821504522319343","0.139568792988155","0.995","0.48192951609243","0.716262309980308","0.35722316728839","0.389666890180697","0.381627268580337","10_15"
"10.6708575823764","1.83823387333428","0.834967174966683","1.98417900493789","0.670857582376369","0.231075390376006","0.999","0.631929966864091","0.527956995988609","0.789568896862289","0.408960830718224","0.44620582303836","10_15"
"10.5981045249633","1.95827495104459","0.767572055148997","2.21416953971927","0.598104524963321","0.211136576581589","1","0.663761532043032","0.728022607895816","0.583623223384405","0.458684323029554","0.444299073830386","10_15"
"10.7919604485446","1.7678838440048","0.866089435337476","1.71738204380735","0.791960448544601","0.158449389875911","0.9936","0.558667295804143","0.410730562521424","0.530557070489269","0.424289150606415","0.462784258912098","10_15"
"10.610382188452","1.93981085828473","0.776243293569662","2.16619125242835","0.610382188451995","0.203539367761313","1","0.664305561280899","0.673807454927053","0.612143979348543","0.398531169946524","0.525214851510649","10_15"
"10.6623938477073","1.89086515430059","0.797888961140249","2.05859747110952","0.662393847707343","0.188350738273889","1","0.634558630575565","0.610400767632395","0.564668443344082","0.420528065175053","0.444832922824677","10_15"
"10.6685780769056","1.79508472875851","0.870318644582984","1.91360558447464","0.66857807690558","0.26903937669145","0.998","0.602546557824838","0.87135684076568","0.846903149049802","0.283968163765467","0.40968540341626","10_15"
"10.6261271378441","1.92690662491667","0.775283950737482","2.15523690426034","0.626127137844114","0.188873816621953","1","0.663104900095234","0.614383047530202","0.573626098317933","0.423960172810244","0.386935154559095","10_15"
"10.6729500559366","1.88434509461124","0.800142646039734","2.03123345309369","0.672950055936632","0.165886234151112","1","0.633111070038458","0.588114473867791","0.505365569954176","0.379542222077566","0.478465051974335","10_15"
"10.8066883806843","1.7367953973283","0.894736184343253","1.63086685218855","0.806688380684258","0.172946409875354","0.9894","0.518170377037178","0.510840453660486","0.520821590950203","0.48471303579858","0.360328346907368","10_15"
"10.5419789301188","2.00956225115439","0.725201719955306","2.3517501019221","0.541978930118794","0.200675544807955","1","0.735407820083196","0.519317735996162","0.722976963367433","0.379836035205814","0.56771988349412","10_15"
"10.6165063269231","1.93213881765189","0.780726741200468","2.14785548114715","0.616506326923143","0.204433355028947","1","0.658275901696384","0.640876543538683","0.60922520289007","0.457813633491479","0.361914268284583","10_15"
"10.5972250012141","1.96112671135497","0.737508399973263","2.25187546636812","0.597225001214074","0.123964775173082","1","0.738254284415305","0.256077501457185","0.507049983266563","0.252776001780761","0.56704774025353","10_15"
"10.776698340422","1.7417880803061","0.897916522947818","1.66804385966801","0.776698340421973","0.19635652739195","0.9908","0.522581589633255","0.652835159059535","0.569417491269892","0.403078971635145","0.355840384176535","10_15"
"10.6829778342612","1.87371468229569","0.807207240835455","2.01051117738984","0.682977834261206","0.176965099911826","1","0.632164158794525","0.517232552855802","0.571071946380906","0.411827383061361","0.459192808506479","10_15"
"5.97130840462916","1.74042469600888","0.881730493728103","1.41420058009505","0.971308404629161","0.0772939412643562","0.946","0.392835050030738","0.75433362931009","0.258138865149958","0.10482716237185","0.343128271278634","10_15"
"10.6358011742569","1.90485155704542","0.791620312900997","2.1060945999105","0.635801174256905","0.205652136140295","1","0.653157084564303","0.597996388440019","0.646403732539545","0.422274517192245","0.55324186044425","10_15"
"10.9294478342274","1.74933459055577","0.871913408948931","1.50033708250994","0.929447834227372","0.0856424868141412","0.9628","0.493698382888049","0.114746522158384","0.354082925098958","0.16427392362275","0.378095153855598","10_15"
"10.6622135965985","1.80529729882458","0.867704640489438","1.92986236903771","0.662213596598477","0.275666479437492","0.9974","0.629805047339807","0.529731708407788","0.982425559079275","0.384499025255362","0.412500404477739","10_15"
"10.8486648185037","1.71616191925989","0.899194936980399","1.54860026246766","0.848664818503651","0.151908186979965","0.9804","0.503816279395162","0.602663729096663","0.491887587762272","0.239373893130312","0.416069995976155","10_15"
"10.6759221317759","1.87666927726098","0.807590465999069","2.01583366278732","0.675922131775878","0.184506973449697","1","0.633561980899575","0.536707980414818","0.592637542392359","0.407334689351227","0.433197626563647","10_15"
"10.8887367813203","1.75289598261499","0.872301621069376","1.54668833356245","0.888736781320341","0.107828772586054","0.981","0.474828657440075","0.735930512484117","0.348828990142804","0.149073149424027","0.34976791656768","10_15"
"10.6850210677368","1.8656306860383","0.815250346231858","1.99512873061984","0.6850210677368","0.191326686987406","1","0.629805047339807","0.529731708407788","0.633943334106162","0.384499025255362","0.412500404477739","10_15"
"10.7357554253219","1.80697561816601","0.854991525449598","1.83562378134259","0.735755425321899","0.191198451564497","0.9986","0.569724335392831","0.609581246080274","0.563048027679338","0.425686229233283","0.429307220437839","10_15"
"10.7831487435318","1.77367431355468","0.86875047775547","1.73815659375498","0.783148743531778","0.165804526628519","0.9952","0.554230599992829","0.524617355214238","0.528150737030951","0.361595037090901","0.446398526603987","10_15"
"10.7545384320848","1.79570658474044","0.861298664698724","1.79928534400637","0.754538432084835","0.18175800477996","0.9982","0.561417561489276","0.603578637847504","0.544458709363098","0.392334115860845","0.369003437881886","10_15"
"10.7660934483756","1.78649109823609","0.860735075426556","1.78046873349689","0.766093448375611","0.169308292432342","0.998","0.559406927279321","0.550020818618291","0.518595930266218","0.394829686808007","0.428691535838259","10_15"
"10.67080616287","1.88390156231583","0.797233369673204","2.04083460037134","0.670806162870024","0.168182127007549","1","0.656637984916142","0.599796804162793","0.616489797587146","0.163083263440058","0.45518001230525","10_15"
"10.6759221317759","1.87666927726098","0.807590465999069","2.01583366278732","0.675922131775878","0.184506973449697","1","0.633561980899575","0.536707980414818","0.592637542392359","0.407334689351227","0.433197626563647","10_15"
"10.8859126795596","1.78576657860506","0.852057033924969","1.61446797327775","0.885912679559635","0.0849103451583379","0.985","0.414789611216482","0.574333821988203","0.225500721962542","0.44256766760511","0.334229428405086","10_15"
"10.8486648185037","1.71616191925989","0.899194936980399","1.54860026246766","0.848664818503651","0.151908186979965","0.9804","0.503816279395162","0.602663729096663","0.491887587762272","0.239373893130312","0.416069995976155","10_15"
"10.8702511237818","1.66630634479759","0.929583521633874","1.42012532672627","0.870251123781788","0.154749948601751","0.9586","0.454239371103273","0.594381333911688","0.466033294947804","0.338304245701035","0.375192599242115","10_15"
"10.9035202524767","1.71750410733037","0.890572715141691","1.4964655891155","0.903520252476739","0.11529381575438","0.9692","0.490966081050827","0.556461064124967","0.41802583220946","0.116068390921351","0.391921462471389","10_15"
"10.9294478342274","1.74933459055577","0.871913408948931","1.50033708250994","0.929447834227372","0.0856424868141412","0.9628","0.493698382888049","0.114746522158384","0.354082925098958","0.16427392362275","0.378095153855598","10_15"
"10.6691857500224","1.83724731776745","0.829434360535292","1.97957455030086","0.669185750022365","0.230504301085758","0.9994","0.61744579683645","0.644921979194264","0.720014241865607","0.407129112658682","0.384213140706437","10_15"
"10.8503078112885","1.80521198866038","0.840520055604274","1.68600092895181","0.850307811288472","0.0903641587736254","0.9918","0.46436651950837","0.582616217173178","0.25135501477701","0.343637315034387","0.375106825139126","10_15"
"10.8887367813203","1.75289598261499","0.872301621069376","1.54668833356245","0.888736781320341","0.107828772586054","0.981","0.474828657440075","0.735930512484117","0.348828990142804","0.149073149424027","0.34976791656768","10_15"
"10.8094335709218","1.70741877311123","0.916143156358481","1.56452192460393","0.809433570921753","0.183916939964673","0.984","0.48565501713926","0.67818972401677","0.514858654263943","0.399862282858481","0.375602992679788","10_15"
"10.7625060779005","1.80227226057054","0.849042672897793","1.80393882912988","0.762506077900515","0.158865293682253","0.9994","0.534033127774436","0.715105118040925","0.411184979321404","0.400586154511861","0.410399617313725","10_15"
"10.7075581852284","1.84829699785067","0.830646130150342","1.93390799186616","0.707558185228424","0.18057395705849","1","0.594275098182437","0.637370995079823","0.530324351860971","0.390287077851865","0.465301998268984","10_15"
"10.6624167284201","1.84983132277708","0.825237718720267","2.00628728941772","0.662416728420096","0.230883754315098","0.9994","0.632681248928602","0.587331167566542","0.761280807706065","0.388553648142617","0.446248040761118","10_15"
"10.775008357074","1.80101069145638","0.83146341875627","1.82006492621845","0.775008357073954","0.136473976681988","0.9974","0.603454523203636","0.288789553873196","0.525898806344218","0.273170143271765","0.500769299953829","10_15"
"10.7216655226443","1.84117695470289","0.832356006160968","1.90902646651268","0.721665522644284","0.172397014760527","1","0.591874519796315","0.548934108909986","0.507591230638162","0.469425571068139","0.410101863043444","10_15"
"10.6241567933761","1.91367798533658","0.786888165961732","2.13124064057131","0.624156793376106","0.212277020609483","1","0.654795001344544","0.639076127815909","0.639139137842468","0.452043286322339","0.459976116423583","10_15"
"10.584747338912","1.96699995146728","0.750675421795805","2.25252821155095","0.584747338911952","0.192161070100977","1","0.704678574957023","0.534404712691704","0.663059073630927","0.379981319825952","0.554240527054843","10_15"
"10.65835143232","1.89975563598805","0.796257231179696","2.06620508160981","0.658351432320009","0.183991441571303","1","0.632359787973947","0.65870851976797","0.5336536591104","0.399949404653173","0.478422834251577","10_15"
"10.6759221317759","1.87666927726098","0.807590465999069","2.01583366278732","0.675922131775878","0.184506973449697","1","0.633561980899575","0.536707980414818","0.592637542392359","0.407334689351227","0.433197626563647","10_15"
"10.6289149316228","1.93611795207477","0.764371322445372","2.16085921119258","0.628914931622841","0.140666121430112","1","0.693467057015813","0.378018510105413","0.511708247411615","0.403895009115411","0.529062699211799","10_15"
"10.8849287886493","1.78595512914069","0.852057033924969","1.61531649116444","0.884928788649263","0.085241124586784","0.985","0.414789611216482","0.577510603936389","0.225500721962542","0.44256766760511","0.334229428405086","10_15"
"10.690914755558","1.84192319060571","0.833260399801231","1.93935998724515","0.69091475555799","0.217405263397277","0.9998","0.599845113066192","0.475214265460457","0.609396507430198","0.896372553892434","0.443055049532064","10_15"
"10.7737911253572","1.72078963993183","0.908870237904125","1.64571665601575","0.773791125357207","0.203741876531962","0.9876","0.537065759660895","0.535870175853881","0.638972146266575","0.404910689694687","0.417833066508457","10_15"
"10.9294478342274","1.74933459055577","0.871913408948931","1.50033708250994","0.929447834227372","0.0856424868141412","0.9628","0.493698382888049","0.114746522158384","0.354082925098958","0.16427392362275","0.378095153855598","10_15"
"10.6054355994176","1.976999050923","0.743496855402309","2.2338571793165","0.605435599417597","0.0885699207080863","1","0.683886329690476","0.582909411744477","0.129306000424549","0.422129232572108","0.566721216883527","10_15"
"0.854823517045766","1.45919315258209","1.06026281457105","0.886780108604211","0.854823517045766","0.177253535034416","0.7254","0.357248281361535","0.465248005468755","0.555103897165233","0.390159383501416","0.432229613857773","10_15"
"10.6188062852743","1.93715125316579","0.76927779982358","2.18553290249262","0.618806285274324","0.171193071478656","1","0.654550400649554","0.678949129502222","0.451589715914516","0.447618240813695","0.367938544185132","10_15"
"10.7927268096631","1.83145651450003","0.831256519692416","1.79274704449448","0.792726809663113","0.110682979484493","0.9986","0.507951147299991","0.593660534454808","0.284447250776783","0.43970261718872","0.351703348822804","10_15"
"10.7075581852284","1.84829699785067","0.830646130150342","1.93390799186616","0.707558185228424","0.18057395705849","1","0.594275098182437","0.637370995079823","0.530324351860971","0.390287077851865","0.465301998268984","10_15"
"10.798767290521","1.73030245620091","0.902647941356386","1.61670505099548","0.798767290520985","0.183754875269221","0.9888","0.502362141754759","0.672369516395756","0.518485309829801","0.395918313571837","0.421181511597542","10_15"
"10.67080616287","1.88390156231583","0.797233369673204","2.04083460037134","0.670806162870024","0.168182127007549","1","0.656637984916142","0.599796804162793","0.616489797587146","0.163083263440058","0.45518001230525","10_15"
"10.7593545033331","1.7340177364982","0.897911650157717","1.68253386277888","0.75935450333312","0.208297567862311","0.991","0.542179675119564","0.595956718268618","0.637817976808009","0.397195116067628","0.514408092126923","10_15"
"10.8439038909887","1.68356480943124","0.924540654285359","1.47853438752693","0.843903890988742","0.165050651331722","0.9706","0.468256025405767","0.587428707329085","0.485512180548857","0.395199166277236","0.351529517464168","10_15"
"10.6482095231037","1.90896581979147","0.788647275002861","2.09857566010194","0.648209523103661","0.177607959025225","1","0.64815391697672","0.616637718439855","0.540099751086861","0.382648486616805","0.415435427607707","10_15"
"10.9294478342274","1.74933459055577","0.871913408948931","1.50033708250994","0.929447834227372","0.0856424868141412","0.9628","0.493698382888049","0.114746522158384","0.354082925098958","0.16427392362275","0.378095153855598","10_15"
"10.9294478342274","1.74933459055577","0.871913408948931","1.50033708250994","0.929447834227372","0.0856424868141412","0.9628","0.493698382888049","0.114746522158384","0.354082925098958","0.16427392362275","0.378095153855598","10_15"
"10.9035202524767","1.71750410733037","0.890572715141691","1.4964655891155","0.903520252476739","0.11529381575438","0.9692","0.490966081050827","0.556461064124967","0.41802583220946","0.116068390921351","0.391921462471389","10_15"
"10.7871127544745","1.76818804217951","0.872539531630087","1.72586092706479","0.787112754474484","0.169016084770666","0.995","0.542699802663823","0.555841026239305","0.51496927470036","0.39877365609465","0.383113016920504","10_15"
"10.731605335706","1.8338104568845","0.824976357153662","1.91039918139041","0.73160533570605","0.15921872411011","1","0.616796625613301","0.397868396956768","0.563443931540692","0.398847603810558","0.406174330107983","10_15"
"10.8248048807238","1.81503697530032","0.837216115904149","1.72781025101861","0.824804880723784","0.100202716913397","0.9962","0.461250331499541","0.711240505864607","0.245409874166372","0.365181724106059","0.349304820593041","10_15"
"10.8290867914221","1.72952803971033","0.89575880381447","1.60061992050194","0.829086791422054","0.161152279951145","0.9874","0.506154647277024","0.580395149885705","0.488666600100648","0.363572613010659","0.414328529433888","10_15"
"10.67080616287","1.88390156231583","0.797233369673204","2.04083460037134","0.670806162870024","0.168182127007549","1","0.656637984916142","0.599796804162793","0.616489797587146","0.163083263440058","0.45518001230525","10_15"
"10.7977826086839","1.80796030994243","0.842163357291389","1.75658310852167","0.797782608683939","0.126560649418007","0.9986","0.500001902277998","0.638994744929055","0.317521107103929","0.443604438612964","0.357816317714359","10_15"
"10.6999576687569","1.8643519727882","0.816622477204807","1.97614055136076","0.699957668756866","0.171668496815906","1","0.612438215289985","0.567611184942965","0.514693038488437","0.426139035460219","0.433391121055917","10_15"
"10.7275261687973","1.81381296352165","0.846875266452457","1.86315672001068","0.727526168797266","0.191844416147998","0.9986","0.604103694426785","0.535843136110691","0.664201692910865","0.281451652119889","0.478808110552283","10_15"
"10.8273181597218","1.72806333432832","0.897249679777345","1.59131095274224","0.827318159721846","0.162655420888423","0.9868","0.507491651105571","0.564007002644274","0.495962625113374","0.369561319498383","0.389555605646486","10_15"
"10.6343098948774","1.95445481383818","0.750781358101356","2.18888124064219","0.634309894877379","0.0738757393726722","1","0.611796092480278","0.64003144373499","0.0715024236124009","0.443235940261093","0.455133576239105","10_15"
"10.9035202524767","1.71750410733037","0.890572715141691","1.4964655891155","0.903520252476739","0.11529381575438","0.9692","0.490966081050827","0.556461064124967","0.41802583220946","0.116068390921351","0.391921462471389","10_15"
"10.8142313072677","1.70421465950275","0.918026906356828","1.55010585914626","0.814231307267704","0.180095196041227","0.9822","0.492690790439604","0.5811893269478","0.526920771617171","0.425916611960842","0.421395779895335","10_15"
"10.7557609698218","1.80961277342401","0.837117792212644","1.84888456548362","0.755760969821788","0.157504956223019","0.9988","0.600946873321669","0.321767036606709","0.558255537877759","0.573305350004377","0.477482943658956","10_15"
"10.7262778560767","1.85104185948067","0.817680512795538","1.91865162650603","0.726277856076711","0.138811790794684","1","0.569338109588037","0.61428820656137","0.35956933077313","0.446581469805841","0.34435165487586","10_15"
"10.6331310105503","1.92463829778236","0.778966401793939","2.14322375526936","0.63313101055032","0.180905960785784","1","0.656383099751481","0.662989885148879","0.537718163811264","0.374795781505562","0.378328981690757","10_15"
"10.9345302099736","1.72459387484053","0.890423648936128","1.4272749327378","0.93453020997358","0.103466443455548","0.959","0.428367937157016","0.602200610555899","0.328919837938974","0.226459092923078","0.334692524379725","10_15"
"10.8849287886493","1.78595512914069","0.852057033924969","1.61531649116444","0.884928788649263","0.085241124586784","0.985","0.414789611216482","0.577510603936389","0.225500721962542","0.44256766760511","0.334229428405086","10_15"
"10.7205824430104","1.83429927154164","0.831568275099077","1.90178621963164","0.720582443010417","0.182684606778442","1","0.602352762948159","0.442236782726943","0.577039775896657","0.596237347159821","0.466341405826936","10_15"
"10.7659188702319","1.79622183312002","0.849551821008922","1.7933288196755","0.765918870231892","0.158684117663135","0.9992","0.55478006970548","0.583652444555131","0.459860758051436","0.405204703786885","0.359081689270869","10_15"
"10.6652285947998","1.89716861292944","0.788708411341191","2.06652763747255","0.665228594799774","0.157957686967907","1","0.654805285814215","0.615756048516136","0.530361349690398","0.235905722748191","0.444789574799625","10_15"
"10.9333018656281","1.74069648684916","0.876150755511287","1.46917366141079","0.933301865628087","0.0897074508660171","0.9584","0.491648576555408","0.132234544280565","0.370205991076338","0.160726968491382","0.382734799652139","10_15"
"10.7336310991886","1.82629197626705","0.839685965206737","1.87756723001384","0.733631099188608","0.174785548428915","1","0.588193824670526","0.515584232018423","0.536563401639446","0.469364119093537","0.462252355944602","10_15"
"10.8635037260382","1.77631340823724","0.855553379256173","1.63153352127644","0.86350372603816","0.104330111047795","0.9896","0.48998980014585","0.602200610555899","0.328919837938974","0.226459092923078","0.334692524379725","10_15"
"10.868178885763","1.73289041993285","0.883147744592406","1.54253829783016","0.86817888576302","0.124932068612346","0.9834","0.474582154942801","0.631734899931929","0.376322779533198","0.283436776719518","0.349970985534991","10_15"
"5.96774944795073","1.7244924180841","0.886786019645182","1.40229354979993","0.96774944795073","0.0835327992405552","0.9388","0.448852572719836","0.200213109418805","0.328997903879844","0.211037444559332","0.376643265485287","10_15"
"10.9035202524767","1.71750410733037","0.890572715141691","1.4964655891155","0.903520252476739","0.11529381575438","0.9692","0.490966081050827","0.556461064124967","0.41802583220946","0.116068390921351","0.391921462471389","10_15"
"10.9294478342274","1.74933459055577","0.871913408948931","1.50033708250994","0.929447834227372","0.0856424868141412","0.9628","0.493698382888049","0.114746522158384","0.354082925098958","0.16427392362275","0.378095153855598","10_15"
"0.993639316132853","1.49439987538921","1.03257075911718","0.723454055454527","0.993639316132853","0.127854540073543","0.628","0.33364394819364","0.291150794491512","0.466215238505441","0.187428349834298","0.387539379901865","10_15"
"10.8748375890105","1.75028730243233","0.872072237733748","1.57846163603306","0.874837589010474","0.112997180760949","0.984","0.502238469096924","0.387602730311146","0.383830311706891","0.346406893286835","0.38011137960022","10_15"
"10.9076627134722","1.74575069366332","0.877973381226395","1.50490793169633","0.90766271347222","0.103632406167491","0.9738","0.473213747325228","0.516734023295478","0.354004859158088","0.179695571986496","0.336144412750036","10_15"
"10.8715091765555","1.7861325468265","0.847948584437272","1.64583698821336","0.871509176555458","0.0915165755013279","0.9882","0.477634257607567","0.635966670057645","0.287112926842634","0.197813338307891","0.391255297529439","10_15"
"10.7959979711045","1.76238789505796","0.873831076994444","1.70048451232769","0.795997971104525","0.161098943501094","0.9936","0.537379577860985","0.524210375697064","0.495472908930287","0.409697732985872","0.444640200080979","10_15"
"10.9345302099736","1.72459387484053","0.890423648936128","1.4272749327378","0.93453020997358","0.103466443455548","0.959","0.428367937157016","0.602200610555899","0.328919837938974","0.226459092923078","0.334692524379725","10_15"
"10.8199863877127","1.81427736724748","0.838711181562605","1.73819897627394","0.819986387712741","0.108300761683747","0.9968","0.474826538088324","0.658999323604509","0.268699962058304","0.413297462315159","0.350379968338837","10_15"
"10.7434328867474","1.80645494949118","0.856584370683071","1.82173690992331","0.74343288674738","0.18456115422598","0.999","0.559180703681384","0.671838218181513","0.523649563232133","0.393318517321097","0.451179005353019","10_15"
"10.9119921113996","1.73081945378598","0.883568322798412","1.48924318285933","0.911992111399558","0.104903673281","0.9684","0.490982572821644","0.379855396090671","0.391090935391313","0.156297588180257","0.386558089338206","10_15"
"10.814147042399","1.81304881241229","0.840022933536688","1.7405538921517","0.814147042398994","0.111553258416521","0.9972","0.495421886626325","0.589155487894055","0.292017435373664","0.427277417970137","0.351685259414369","10_15"
"10.8352496505263","1.80498819021503","0.844168808296083","1.70221265133688","0.835249650526346","0.104827154553578","0.9952","0.462268986542468","0.680466382648451","0.265367410226406","0.373720601946653","0.351439890648844","10_15"
"10.817995207129","1.76138617525008","0.866619801948794","1.66675118891475","0.817995207128961","0.14119312468455","0.9952","0.499160237458832","0.602218827225566","0.381261302524996","0.439993261041398","0.376901025744617","10_15"
"10.8990921089695","1.72853632132315","0.884194144505804","1.51390808863108","0.899092108969471","0.111252461299005","0.9728","0.493015887383468","0.538973042002786","0.40190276623208","0.119615346052719","0.387281816674848","10_15"
"10.8957929988257","1.71837096925455","0.889246905116828","1.51163724938859","0.895792998825726","0.119870917636289","0.9726","0.50371912970197","0.362643868713252","0.439717968447772","0.220009621832191","0.407152050185743","10_15"
"10.9035202524767","1.71750410733037","0.890572715141691","1.4964655891155","0.903520252476739","0.11529381575438","0.9692","0.490966081050827","0.556461064124967","0.41802583220946","0.116068390921351","0.391921462471389","10_15"
"10.9213749388456","1.7392736850108","0.880105548519575","1.49171401347465","0.921374938845628","0.0961224935814919","0.9646","0.493681891117232","0.29135219019268","0.381017821917105","0.124044726363844","0.383458526988781","10_15"
"10.8481041355937","1.68850140976778","0.918090436012432","1.49440464454655","0.848104135593695","0.159991251678736","0.9748","0.46723737036284","0.618202830545241","0.465554644488823","0.386660288436642","0.349394447408365","10_15"
"10.7470454556584","1.80025178983916","0.856073575676624","1.81214710104996","0.74704545565844","0.188964455607775","0.9982","0.571127832364197","0.498421556915585","0.570233467067019","0.550112227184608","0.436029735179845","10_15"
"10.7992836034376","1.8285892339528","0.827982891299661","1.78404445430237","0.799283603437595","0.104021098259825","0.998","0.494374940711208","0.645901716714906","0.261157162884851","0.39158687897962","0.350628201077007","10_15"
"10.9035202524767","1.71750410733037","0.890572715141691","1.4964655891155","0.903520252476739","0.11529381575438","0.9692","0.490966081050827","0.556461064124967","0.41802583220946","0.116068390921351","0.391921462471389","10_15"
"10.8386168731854","1.70198809308072","0.911791074929254","1.52601385589261","0.838616873185427","0.16401988731714","0.98","0.480785286079433","0.591933753889838","0.477941995951976","0.407624365495818","0.351547606872604","10_15"
"10.7761060294801","1.77214147835627","0.876071288651178","1.73300941023832","0.776106029480108","0.180865507937064","0.9954","0.537456536255811","0.637902293294065","0.525160098458639","0.392886874102605","0.435304504513508","10_15"
"10.8237860481128","1.72659591671171","0.895709396808089","1.60523277341254","0.823786048112789","0.164243271010066","0.9894","0.49353245525877","0.617965244651288","0.463180576196103","0.429527789532408","0.402311071865077","10_15"
"10.9345302099736","1.72459387484053","0.890423648936128","1.4272749327378","0.93453020997358","0.103466443455548","0.959","0.428367937157016","0.602200610555899","0.328919837938974","0.226459092923078","0.334692524379725","10_15"
"10.9333018656281","1.74069648684916","0.876150755511287","1.46917366141079","0.933301865628087","0.0897074508660171","0.9584","0.491648576555408","0.132234544280565","0.370205991076338","0.160726968491382","0.382734799652139","10_15"
"10.8411311293018","1.78525174338904","0.854724911360591","1.66621070815882","0.8411311293018","0.113373013613609","0.993","0.500504423408655","0.610505676167242","0.344670478221842","0.272524438077856","0.372107523869665","10_15"
"10.8293532530529","1.72161954070074","0.899244630665751","1.58927111336348","0.829353253052933","0.162938654074231","0.9872","0.489579065595605","0.618094027027174","0.464194850289444","0.419619345372867","0.356832826696273","10_15"
"10.9071772635921","1.71173205201767","0.895094710091616","1.47706629521873","0.907177263592132","0.116979823794252","0.9654","0.48725740798204","0.430298021804102","0.420988844789888","0.188060018899292","0.345737633849603","10_15"
"10.8755870117208","1.70193206342319","0.902102317451405","1.49136762102922","0.875587011720773","0.135714747704714","0.9718","0.487236668933704","0.578752166283952","0.452435948078756","0.20849534876083","0.355436070667375","10_15"
"10.8333431735374","1.73138012147851","0.885481194256909","1.60476493013932","0.833343173537396","0.150254003905939","0.9888","0.499074057115663","0.561209553721401","0.442620854999497","0.407617479389933","0.403733512592718","10_15"
"10.8629884798989","1.70622474109708","0.897325609335528","1.53315159704428","0.862988479898861","0.143042691732471","0.9804","0.484514698196555","0.569642651730852","0.443531880082679","0.315197407656338","0.388032998676617","10_15"
"10.8825526840922","1.74972997493129","0.869880598170601","1.57565060524498","0.882552684092199","0.107889555554339","0.9786","0.52500166162741","0.240034186941914","0.417648114826432","0.266597341798505","0.407876826466119","10_15"
"10.8378786342176","1.72569508468","0.891206594438934","1.59497078679024","0.837878634217581","0.15221325990362","0.987","0.497461780567149","0.632757063756648","0.455546672833522","0.313633793329696","0.385779003524297","10_15"
"10.8830966459654","1.73815587426846","0.877866260266421","1.56294286657363","0.8830966459654","0.115916339221548","0.9786","0.500909218646039","0.529576702754301","0.401971834406719","0.166934086775572","0.393042324072342","10_15"
"10.838140965287","1.72490007972044","0.891417976059277","1.58544014997501","0.838140965286963","0.152081720046285","0.9868","0.489713281017517","0.606151935672917","0.441572695972933","0.385308464871961","0.351531620968568","10_15"
"5.92701741908932","1.69448927216273","0.905562344107173","1.39806720802746","0.927017419089321","0.111101376063062","0.9446","0.468506662166968","0.391906290962994","0.415072883907203","0.157649411744938","0.384420915778003","10_15"
"10.822468184623","1.77340798086554","0.851996563447815","1.71428346257899","0.822468184622964","0.125545398772036","0.9934","0.56473047694018","0.246088333150641","0.466400897254337","0.543739585470804","0.380127120283244","10_15"
"10.8811910046621","1.70546271631943","0.896600030945912","1.49740061445002","0.881191004662115","0.130564440194921","0.9706","0.498177527845076","0.41939955964314","0.460277689644378","0.241919931974666","0.405729609458101","10_15"
"10.8452355518836","1.6946508571951","0.914579244493165","1.50918971342238","0.845235551883639","0.161393392880641","0.9778","0.471190760026005","0.618074048169356","0.464540370395483","0.396568732596183","0.394872692577169","10_15"
"10.8586177953527","1.79478429261783","0.846756367562076","1.67360957615719","0.858617795352683","0.0970146986092757","0.9908","0.497837701764858","0.435224360712891","0.305929956272329","0.375459756374325","0.351782114568379","10_15"
"10.8068462366459","1.81336281575331","0.839025481284191","1.75541133753393","0.806846236645887","0.117244073483344","0.9976","0.51964897180863","0.54967531465562","0.328092880591997","0.399329289324448","0.410672722613344","10_15"
"10.8401593319703","1.76448170721719","0.86454671411614","1.64392633748127","0.840159331970295","0.128415848292754","0.993","0.499822653958392","0.54153385749231","0.369917790808225","0.398224554882648","0.38001452444621","10_15"
"10.9114194777276","1.7335596969768","0.884778799984826","1.47953172847815","0.911419477727553","0.109248086096721","0.9712","0.465483692835783","0.432604575194462","0.360414900452336","0.321205785700987","0.386484416964923","10_15"
"10.8485878686755","1.71602640890122","0.893909473394126","1.56346402875344","0.848587868675453","0.148012165011725","0.9842","0.483031614773811","0.632017140658405","0.434999352285545","0.337758620081924","0.419945444372187","10_15"
"10.8611817116696","1.71887760383559","0.890317052499771","1.54401365701707","0.861181711669629","0.13651074295808","0.9834","0.481977576807025","0.62382594777658","0.413385959639431","0.288337585227096","0.374435361024859","10_15"
"10.8962663500689","1.74244068424458","0.878456837548015","1.52878341939869","0.896266350068946","0.106730437781552","0.9758","0.491516448842996","0.447863737128562","0.378309222636459","0.17676733508122","0.376222613490842","10_15"
"10.8932809662215","1.74540713157697","0.877053481939574","1.53406941715649","0.893280966221489","0.107705040715123","0.9776","0.489675469045158","0.449079870204628","0.372733982815972","0.211645174919395","0.397558829086176","10_15"
"10.8534954652799","1.78069917552043","0.853408775786247","1.66569000479655","0.853495465279932","0.106545819218052","0.9872","0.546708342517478","0.299395388208925","0.40380757702405","0.210454271805557","0.428838268469125","10_15"
"10.8058621218602","1.75930764269301","0.869912320865797","1.66818882073774","0.805862121860229","0.153056909404416","0.9946","0.512105546763563","0.62043677775635","0.428537191223141","0.401955322641044","0.384595678544642","10_15"
"10.8079871539812","1.7763814119289","0.854363432687904","1.72412747242646","0.807987153981202","0.133352528398263","0.997","0.529984555834511","0.607345840093316","0.398533263564091","0.305712173695988","0.384218025368936","10_15"
"10.9333046605537","1.73609046146921","0.882559385796504","1.47041580136756","0.93330466055365","0.0941115155460799","0.96","0.475379189599464","0.360222476359596","0.356713458438734","0.12697296326912","0.343380326247975","10_15"
"10.8440435416135","1.73974125715626","0.876888085125321","1.60962647679859","0.844043541613489","0.13822365724669","0.9858","0.535183865041097","0.330935365967882","0.486838749714355","0.42318377091073","0.411509241331075","10_15"
"10.8322634116028","1.72908133787124","0.886753463488609","1.60003141074832","0.832263411602849","0.153744497958487","0.989","0.486137033394546","0.625874196806638","0.42611739608987","0.42462698102483","0.377846696375209","10_15"
"10.9039098278988","1.7238917118134","0.887887370361228","1.50387646873958","0.903909827898823","0.113545378356988","0.9712","0.488403901875344","0.435144250124111","0.4016914562647","0.197594681701423","0.350015132576354","10_15"
"10.8810842566825","1.73698499559105","0.878815840017887","1.55735738902601","0.881084256682494","0.118047275147659","0.9782","0.513199753954122","0.363943529626832","0.424097471096194","0.24376671187364","0.370566825177531","10_15"
"10.84732672523","1.71903984408362","0.890465080561894","1.56644246792566","0.847326725229993","0.145895116601574","0.9852","0.489160295422609","0.586010816622862","0.435834946845855","0.353342988668339","0.346996787390809","10_15"
"10.8610107091756","1.71740771747143","0.891208753811552","1.54143053732911","0.861010709175562","0.13870883070288","0.983","0.482435506158954","0.625238880881959","0.41961196018778","0.290143919440652","0.389755626817671","10_15"
"10.8513873846805","1.71879981557795","0.893714437456512","1.56334762602859","0.85138738468046","0.144613140647625","0.983","0.497774476528185","0.627269550173473","0.458798012397927","0.247178579226263","0.401199059797913","10_15"
"10.8292683682668","1.80597926719294","0.839878434333216","1.72687251659613","0.829268368266819","0.10700770660301","0.9952","0.524792427351056","0.453077526013846","0.332755081559962","0.378126337755751","0.409620616885442","10_15"
"10.8379659704183","1.80244100308287","0.844273984844567","1.7019167084406","0.837965970418251","0.106619213368262","0.9942","0.502916534653477","0.496929887043176","0.311554358034022","0.3974354571232","0.389975585483283","10_15"
"10.8930483190983","1.70802523663672","0.896934816817125","1.49036045321252","0.893048319098279","0.126414151712155","0.9704","0.49042992798797","0.448111243900222","0.438374602856227","0.231971817961024","0.354062869321199","10_15"
"10.8715596884429","1.74777327605252","0.870572159495576","1.58955455357579","0.871559688442917","0.114894415523553","0.9824","0.519858206084984","0.336631975583688","0.412985913858466","0.287800293367202","0.408928932194022","10_15"
"10.9345302099736","1.72459387484053","0.890423648936128","1.4272749327378","0.93453020997358","0.103466443455548","0.959","0.428367937157016","0.602200610555899","0.328919837938974","0.226459092923078","0.334692524379725","10_15"
"10.8306644202494","1.80461672262018","0.841313264978039","1.71604185372494","0.830664420249372","0.107432064981146","0.9946","0.51457013892001","0.487969788325335","0.322468478830305","0.377353588575572","0.37247925169844","10_15"
"10.8224648443644","1.74642158500404","0.876365823650534","1.64365804163386","0.822464844364413","0.148906990668707","0.9922","0.511177676818552","0.594131730754078","0.440449374849728","0.352906004608246","0.387517268704659","10_15"
"10.8932809662215","1.74540713157697","0.877053481939574","1.53406941715649","0.893280966221489","0.107705040715123","0.9776","0.489675469045158","0.449079870204628","0.372733982815972","0.211645174919395","0.397558829086176","10_15"
"10.8595708156088","1.71020523989314","0.894753104367471","1.54178329533975","0.859570815608802","0.143306399875348","0.9818","0.489493064189793","0.535281500047787","0.446261462254797","0.342239048427811","0.394207081960727","10_15"
"10.893749846425","1.72672112678095","0.884253784633604","1.52470666884778","0.893749846424998","0.116826504108649","0.9754","0.500716485552604","0.357810955527416","0.416751098111104","0.270276235713474","0.386262374955177","10_15"
"10.878616911995","1.7117512610637","0.893616264008984","1.50780318853836","0.878616911995026","0.130179993428836","0.977","0.482606914482251","0.61236925087587","0.420250742547405","0.221263770943944","0.393707934688784","10_15"
"10.8500827309647","1.71757490985317","0.892309686589284","1.56017182328064","0.850082730964651","0.146182731408893","0.9844","0.482573685421882","0.630604207553026","0.428773351737195","0.335952285868368","0.404625178579374","10_15"
"10.8789513414529","1.70895250831848","0.895941461055279","1.51061981026986","0.878951341452897","0.13347097436737","0.9748","0.497864831884041","0.424887073226314","0.457026350079972","0.308375146078098","0.390309553184486","10_15"
"10.8408085770373","1.74776606221576","0.868351459583935","1.64126039315656","0.840808577037255","0.132006400476832","0.9886","0.538788130968098","0.312442825327912","0.463292270948032","0.488032892496457","0.355297928955316","10_15"
"10.84760820237","1.7304744883551","0.883272483436092","1.57719975736051","0.847608202370039","0.140192751525017","0.9862","0.495901537109732","0.543396331625282","0.425235096933158","0.363705680328201","0.395408277121122","10_15"
"10.9001927683705","1.70984467869728","0.895638530724481","1.48329556617626","0.900192768370515","0.122703285008251","0.9696","0.487810393576947","0.450439140854157","0.426726593916966","0.220025495102915","0.350272467427362","10_15"
"10.8617051540862","1.73219861513055","0.88100234806829","1.57365809681208","0.861705154086242","0.128917099182408","0.9842","0.497042356977914","0.546730880553154","0.411627569921852","0.273081969202164","0.35994007691823","10_15"
"10.9333046605537","1.73609046146921","0.882559385796504","1.47041580136756","0.93330466055365","0.0941115155460799","0.96","0.475379189599464","0.360222476359596","0.356713458438734","0.12697296326912","0.343380326247975","10_15"
"10.8481911284643","1.71822386293513","0.891437949642373","1.5643175517023","0.848191128464348","0.146509662265569","0.9846","0.485442568141567","0.595947698733124","0.431619696456092","0.364246725689136","0.3851114085166","10_15"
"10.8474674002948","1.71738400846792","0.893932612171966","1.56672092072642","0.847467400294802","0.148694210003915","0.9836","0.493445927263729","0.60093984922832","0.454539114774311","0.313471462946275","0.389935073850385","10_15"
"10.8835293470292","1.69823696544794","0.902506298634318","1.47909647339148","0.883529347029248","0.135678541330609","0.9706","0.473015927565749","0.482386442029975","0.428938990344385","0.376091779888282","0.351869427820401","10_15"
"10.9009204549235","1.7302831537321","0.884453897815807","1.51538384954146","0.900920454923497","0.111965576997393","0.9742","0.488528975151854","0.44423364188462","0.39203137134116","0.202110512117264","0.393281330359426","10_15"
"10.8458039236084","1.7421229284536","0.87519884879716","1.61606158047045","0.845803923608391","0.133456358072704","0.9888","0.506262752881831","0.506049179191077","0.414282976354759","0.363596866838634","0.396049812535801","10_15"
"10.8932809662215","1.74540713157697","0.877053481939574","1.53406941715649","0.893280966221489","0.107705040715123","0.9776","0.489675469045158","0.449079870204628","0.372733982815972","0.211645174919395","0.397558829086176","10_15"
"10.8311583224221","1.78495031692966","0.855119034304364","1.67024780265588","0.831158322422075","0.122291699907203","0.9948","0.496012534225113","0.570911966852271","0.341531336323427","0.395936709082225","0.394785379325147","10_15"
"10.914959355931","1.67949047755393","0.914931244563972","1.39366995045975","0.91495935593104","0.12796188865194","0.9518","0.445875362198216","0.555675078471054","0.407222152572525","0.261157644524266","0.356427164245876","10_15"
"10.914416340157","1.72139488886297","0.890386539423539","1.47524132393352","0.914416340157004","0.11132453252612","0.966","0.481462301552976","0.359102588897485","0.394152733778615","0.263245783791778","0.38407362986851","10_15"
"10.8743986084908","1.7281353978344","0.882570371416832","1.56117877831781","0.874398608490782","0.123554279707088","0.9804","0.497252472711851","0.527579427591643","0.412459872382032","0.227075412845398","0.36556173855784","10_15"
"10.8930152913735","1.7454522681824","0.877053481939574","1.53430298511906","0.893015291373488","0.107723972759813","0.9776","0.489675469045158","0.449079870204628","0.372733982815972","0.211645174919395","0.53873871685937","10_15"
"10.8576379795171","1.72207045145471","0.887366825392394","1.55821461431194","0.857637979517075","0.138258346917135","0.9838","0.498097418941453","0.58418778338253","0.439202880934122","0.256794455365687","0.392075371696316","10_15"
"10.8766918426569","1.72645044999021","0.884538307153085","1.54620298177825","0.876691842656928","0.123919647869896","0.9796","0.501416376163408","0.424615754421338","0.422298980729152","0.294736714498912","0.402204339378091","10_15"
"5.93731740089259","1.64650295512329","0.937769782098961","1.28259684956292","0.937317400892586","0.126666688735794","0.924","0.414369291160256","0.601106270662831","0.408122259883629","0.228804042404223","0.342197210496777","10_15"
"10.7973492562714","1.75578060097078","0.877038950315535","1.68493500220971","0.797349256271419","0.166075913492996","0.9956","0.509901100395328","0.603827207421498","0.446494903274748","0.505288323620334","0.388378847194819","10_15"
"10.9240037488608","1.73204674665217","0.884847672572313","1.48081975433911","0.924003748860791","0.101034010196796","0.9632","0.479120811428844","0.393049242976068","0.372521749380925","0.153056646915432","0.366361794686794","10_15"
"10.8915235767057","1.72088263841989","0.888543548827516","1.5090544220739","0.89152357670573","0.120479102895652","0.9768","0.47432169288705","0.586090167233191","0.387534521081074","0.224849301706208","0.343292945678894","10_15"
"10.8890065320215","1.71862050651441","0.889755927904395","1.51767683382523","0.889006532021517","0.124068143694341","0.9754","0.500393543139336","0.400892722318359","0.436346229574909","0.26066035957405","0.395386063056774","10_15"
"10.8610107091756","1.71740771747143","0.891208753811552","1.54143053732911","0.861010709175562","0.13870883070288","0.983","0.482435506158954","0.625238880881959","0.41961196018778","0.290143919440652","0.389755626817671","10_15"
"10.8810842566825","1.73698499559105","0.878815840017887","1.55735738902601","0.881084256682494","0.118047275147659","0.9782","0.513199753954122","0.363943529626832","0.424097471096194","0.24376671187364","0.370566825177531","10_15"
"10.8765986544937","1.72773371914357","0.882641261957893","1.55532174721419","0.876598654493651","0.124720246240302","0.978","0.516306661805617","0.336903294388664","0.447713283209287","0.301438724946388","0.397034146000416","10_15"
"10.9333046605537","1.73609046146921","0.882559385796504","1.47041580136756","0.93330466055365","0.0941115155460799","0.96","0.475379189599464","0.360222476359596","0.356713458438734","0.12697296326912","0.343380326247975","10_15"
"10.8725483192363","1.73057083658496","0.880787124572413","1.55937577056375","0.872548319236325","0.123706929083276","0.9812","0.490751340627532","0.586125462339332","0.398166667802658","0.224903778013437","0.394174848262512","10_15"
"10.8742237274868","1.76668852388437","0.86322621094824","1.60203897877386","0.874223727486822","0.105592976959927","0.9872","0.479534931936714","0.593256412637999","0.333325255288301","0.238383417600977","0.338205437052079","10_15"
"10.91197895772","1.74191968351892","0.878121564425494","1.51301434480194","0.911978957720015","0.0996870952798224","0.9702","0.494633373599091","0.358930842989527","0.379311822771223","0.134003415190816","0.345569071334643","10_15"
"10.8840790603129","1.70735940719252","0.899064419383628","1.48526529249101","0.88407906031288","0.139006271391182","0.9778","0.441856637846913","0.466549584176865","0.368111910774866","0.737406677799299","0.341672046128193","10_15"
"10.8612259148525","1.71367530459235","0.893928401529355","1.54269346460635","0.861225914852512","0.142061624443172","0.9814","0.495552111052507","0.485377729718761","0.452662715936429","0.362171688117087","0.400305541894827","10_15"
"10.8550827002208","1.72686930356817","0.882297585209971","1.57761856874179","0.855082700220838","0.135406884423959","0.985","0.502329105982045","0.501696553286546","0.429680958732396","0.323425273464271","0.826114465016872","10_15"
"10.9379059536706","1.71350317419219","0.896243765453923","1.40413760679504","0.937905953670567","0.104446288843684","0.952","0.446509310392766","0.44920558379329","0.359172180911572","0.229626868479879","0.346558183204148","10_15"
"10.8631251944591","1.7689801865985","0.861051667211257","1.62707009604997","0.863125194459111","0.109158920188422","0.9884","0.501243139906785","0.486421033694942","0.355912663988849","0.284352843216278","0.387435370230501","10_15"
"10.8632625835989","1.72801704337083","0.883489085118911","1.55702523420228","0.86326258359887","0.130400417541199","0.9844","0.492159915280352","0.51056956500881","0.409426805990967","0.337621996681889","0.372426808682304","10_15"
"10.8852660440121","1.72985394252519","0.884179736021217","1.54566811495982","0.885266044012097","0.121150243056995","0.9766","0.511493945055021","0.320984868782284","0.437048110220688","0.309432237278303","0.360627016449281","10_15"
"10.893749846425","1.72672112678095","0.884253784633604","1.52470666884778","0.893749846424998","0.116826504108649","0.9754","0.500716485552604","0.357810955527416","0.416751098111104","0.270276235713474","0.386262374955177","10_15"
"10.9333046605537","1.73609046146921","0.882559385796504","1.47041580136756","0.93330466055365","0.0941115155460799","0.96","0.475379189599464","0.360222476359596","0.356713458438734","0.12697296326912","0.343380326247975","10_15"
"10.8817090721484","1.75840466499498","0.869487933960608","1.57536905832863","0.881709072148372","0.10789128538436","0.9848","0.490077296622036","0.445653103472344","0.357333150309873","0.310677295608345","0.352555347829136","10_15"
"10.893749846425","1.72672112678095","0.884253784633604","1.52470666884778","0.893749846424998","0.116826504108649","0.9754","0.500716485552604","0.357810955527416","0.416751098111104","0.270276235713474","0.386262374955177","10_15"
"10.9345302099736","1.72459387484053","0.890423648936128","1.4272749327378","0.93453020997358","0.103466443455548","0.959","0.428367937157016","0.602200610555899","0.328919837938974","0.226459092923078","0.334692524379725","10_15"
"10.8774757995759","1.73251799717012","0.880676702804394","1.55356710610857","0.877475799575855","0.121365659373487","0.981","0.491543771036323","0.476706392724523","0.395676896300177","0.303343946995045","0.427978706446403","10_15"
"1.02841017049598","1.48430810044217","1.04028059771255","0.425622496171439","1.02841017049598","0.113194087280612","0.4378","0.191858440870419","0.553358753420338","0.333966492838274","0.266573854568646","0.341392362406534","10_15"
"10.912596657898","1.74375007211988","0.875790098512423","1.5119094911585","0.912596657897954","0.100141594438859","0.972","0.485203265336373","0.42067857643883","0.363379216542986","0.158921829492786","0.394438477800179","10_15"
"10.8818342935001","1.72365798409012","0.886319273185853","1.53500194209791","0.881834293500111","0.123639183679592","0.977","0.505132916850701","0.406082426116442","0.435124870225289","0.25451897601059","0.378260145113352","10_15"
"10.8875646985521","1.71991948404431","0.888960182307862","1.52130815778596","0.88756469855206","0.123117310880258","0.9758","0.500528507948029","0.39898935695333","0.433034983013739","0.262582145591216","0.388763245354493","10_15"
"10.9028371692534","1.72786732833288","0.887066442973307","1.51026866721212","0.902837169253442","0.112635221474334","0.9728","0.491215157945071","0.392711796561494","0.399898158691896","0.227382591735976","0.445677528697815","10_15"
"10.8592532572134","1.73294668749708","0.87987636043891","1.58854882699651","0.859253257213385","0.130609706264776","0.9844","0.506164256044873","0.542048886892919","0.428175481805027","0.246042191228737","0.384382051760495","10_15"
"10.9177621141302","1.72648212460075","0.886852719272118","1.47293700356009","0.917762114130162","0.104791363854105","0.964","0.486164524545185","0.385212636921619","0.390717520870953","0.147054289738346","0.741516084818444","10_15"
"10.8709976146503","1.76404810585375","0.866038105946308","1.59669986176519","0.870997614650303","0.108930148952786","0.9868","0.501152317448662","0.431645113455728","0.364273931189773","0.303312294931097","0.397307399674572","10_15"
"10.9345302099736","1.72459387484053","0.890423648936128","1.4272749327378","0.93453020997358","0.103466443455548","0.959","0.428367937157016","0.602200610555899","0.328919837938974","0.226459092923078","0.334692524379725","10_15"
"10.8932804878051","1.72225429308857","0.887721313236742","1.51584729001957","0.893280487805058","0.118467139256742","0.9754","0.489039311921044","0.43748995986731","0.406917623698765","0.261211053275955","0.347228901247165","10_15"
"10.9277857722616","1.71265368374583","0.895582262264105","1.43639664755119","0.927785772261614","0.108994920859324","0.9558","0.473525054792457","0.331963933559805","0.394130978024731","0.260499651462215","0.357795485842518","10_15"
"10.8957912346505","1.72019956626792","0.889496441100332","1.51385150412004","0.895791234650491","0.118568716855982","0.9748","0.48447820065533","0.43822651901577","0.402089313107529","0.278559454295967","0.349389713810911","10_15"
"10.8947657902304","1.72578939551604","0.885748863529976","1.52212279369964","0.894765790230388","0.117880011948018","0.9752","0.500581520743911","0.359714320892445","0.420062344672273","0.268354449696308","0.392885192657458","10_15"
"10.8893078252743","1.72491593502467","0.885345205816782","1.53151334991583","0.88930782527432","0.118976315492726","0.9772","0.485998866518609","0.506411162893297","0.397367995493412","0.233914484143727","0.382326419386906","10_15"
"10.9202262480919","1.73768724675366","0.880411906187753","1.49094461912913","0.920226248091895","0.100735824624486","0.9668","0.479851393308249","0.388623770125395","0.36606822471172","0.179696308695728","0.487680565307167","10_15"
"10.8936950510055","1.72149335968079","0.893408818585304","1.48138805797269","0.89369505100548","0.126750494055667","0.9766","0.447935687795564","0.462063424064421","0.358169248481851","0.595520944093111","0.342350959441659","10_15"
"10.8730069715012","1.72770883625068","0.885016262666905","1.55549871791666","0.873006971501214","0.125855349772382","0.98","0.504648984618392","0.421195472792116","0.429426209360931","0.299867468178693","0.381548294823939","10_15"
"10.921297690684","1.72936817552736","0.887062725200342","1.46050417766546","0.921297690684009","0.104197264245746","0.9618","0.469300139650813","0.36470863647204","0.366656120731749","0.268858696975308","0.34270141293451","10_15"
"10.8860493988532","1.73309611230652","0.881179442143129","1.5465928189616","0.886049398853215","0.117757920402707","0.9776","0.507902727937126","0.361484440544213","0.42093712591338","0.267782893904532","0.375055101719157","10_15"
"10.914959355931","1.67949047755393","0.914931244563972","1.39366995045975","0.91495935593104","0.12796188865194","0.9518","0.445875362198216","0.555675078471054","0.407222152572525","0.261157644524266","0.356427164245876","10_15"
"10.9379059536706","1.71350317419219","0.896243765453923","1.40413760679504","0.937905953670567","0.104446288843684","0.952","0.446509310392766","0.44920558379329","0.359172180911572","0.229626868479879","0.346558183204148","10_15"
"10.8887986569817","1.72984950617059","0.884757111701385","1.53844442728879","0.888798656981711","0.119591081128751","0.9758","0.508261336600037","0.324405150411506","0.42992088158891","0.304301483598522","0.381283061003433","10_15"
"10.8652652906234","1.74329910936905","0.875268903174921","1.58607595542973","0.865265290623439","0.123444329056767","0.9872","0.497409378384986","0.473023389793578","0.391573355167203","0.364734061342892","0.484705667179296","10_15"
"10.914416340157","1.72139488886297","0.890386539423539","1.47524132393352","0.914416340157004","0.11132453252612","0.966","0.481462301552976","0.359102588897485","0.394152733778615","0.263245783791778","0.38407362986851","10_15"
"10.8350733219105","1.73794125823931","0.879124057387808","1.60857886701247","0.835073321910473","0.143552348066645","0.9898","0.5021671910555","0.579883687832547","0.427655530923517","0.352199437196837","0.442411896874894","10_15"
"10.8888508501303","1.73096443485883","0.881936740064438","1.53546988104547","0.888850850130292","0.116881219610541","0.976","0.506013511569599","0.360270044610034","0.419911443293917","0.246260053682581","0.381774098413551","10_15"
"10.882352283661","1.75896587155872","0.868975251855136","1.57582034531505","0.882352283660966","0.107658812928421","0.9842","0.486056166727649","0.494494960607905","0.352286495410573","0.270562533962777","0.345855509802327","10_15"
"10.8834227823141","1.74222481434336","0.876064583370244","1.55413318951925","0.883422782314116","0.112451236376895","0.9794","0.499176796652692","0.41417902917055","0.389586922235179","0.254538818896892","0.479323563116733","10_15"
"10.8844700087992","1.71985704463012","0.88909201067096","1.52238311926062","0.884470008799172","0.123852162763989","0.977","0.490341355336781","0.438623744437954","0.415358199849252","0.30210171517616","0.357452287532656","10_15"
"10.8968240664333","1.71653205257343","0.892247661920755","1.49850814549472","0.896824066433332","0.121720420880209","0.9724","0.495446851599957","0.380207387184857","0.429677893791249","0.262860758861585","0.38766691262076","10_15"
"10.917243057355","1.70466528456059","0.898875591028273","1.43268776227397","0.917243057355025","0.116739288727003","0.961","0.454161910184538","0.420278388885892","0.378146741900205","0.387999170178565","0.356578584149557","10_15"
"10.89740805805","1.74627248592516","0.87704180843556","1.52871233205818","0.897408058050011","0.106225556414959","0.977","0.488317785067006","0.387938250529232","0.370093496549136","0.268840933689775","0.353248723049531","10_15"
"10.9345302099736","1.72459387484053","0.890423648936128","1.4272749327378","0.93453020997358","0.103466443455548","0.959","0.428367937157016","0.602200610555899","0.328919837938974","0.226459092923078","0.334692524379725","10_15"
"10.8805091829521","1.7333095160922","0.879455838906067","1.56547814109511","0.880509182952055","0.120117841900846","0.9808","0.503930071756068","0.406169813495227","0.412304995968201","0.29644786241534","0.427265323410901","10_15"
"10.8881183552898","1.71841499017304","0.889949125001023","1.51451809575842","0.888118355289817","0.12252874936846","0.9764","0.489195700221434","0.438015686830625","0.41488123989391","0.292004447444927","0.348986962594297","10_15"
"10.8872996726842","1.75232542433812","0.87301228897142","1.55599959980208","0.887299672684213","0.109181827864656","0.9818","0.485526499561246","0.478679015230557","0.360920437345152","0.266483782574472","0.379222916059409","10_15"
"10.9010138627525","1.74296135582189","0.878811069454379","1.5154489666742","0.901013862752526","0.108137533202229","0.977","0.474253223741584","0.478816592675409","0.359260793364539","0.260859742852203","0.35512283216354","10_15"
"10.9088804628353","1.74886501691765","0.873451379606509","1.52808722586072","0.908880462835285","0.0990414139657685","0.9746","0.485732932502777","0.436494521816178","0.354745274608407","0.163000580881091","0.361071071543097","10_15"
"10.9025267712971","1.70711939465369","0.896809690843328","1.47205323530924","0.90252677129708","0.121142715654072","0.9682","0.470533736633497","0.51950878878701","0.402112145326663","0.237603325742492","0.356806945541795","10_15"
"10.8904968144015","1.70821030775447","0.895460407870512","1.48524385879005","0.890496814401455","0.127732337388579","0.9738","0.477129588834941","0.472936002414793","0.414393229424291","0.322805174938142","0.435700488881747","10_15"
"10.8914280826638","1.70644497129259","0.896135097211206","1.47988790387575","0.891428082663842","0.126971551459941","0.973","0.472593755019056","0.550908978774246","0.409158953543301","0.260533303995929","0.382150669087585","10_15"
"10.8936950510055","1.72149335968079","0.893408818585304","1.48138805797269","0.89369505100548","0.126750494055667","0.9766","0.447935687795564","0.462063424064421","0.358169248481851","0.595520944093111","0.342350959441659","10_15"
"10.9106017264199","1.72494548107642","0.886521706020523","1.48587144055141","0.910601726419871","0.110218107381131","0.969","0.480159151236499","0.390949415113358","0.386149546417793","0.254556582182425","0.468776253001711","10_15"
"10.8802077615521","1.72586886839195","0.885617862557156","1.54319578993579","0.880207761552131","0.123078880787757","0.9782","0.503211591873515","0.411516129199405","0.427902680569435","0.281468074337335","0.388936471092104","10_15"
"10.8727515798021","1.74077356129212","0.875554373703754","1.58093400602842","0.872751579802124","0.118953270842689","0.9822","0.515961537370458","0.369393664485156","0.421585873463769","0.286753843537666","0.385497016389292","10_15"
"10.9202262480919","1.73768724675366","0.880411906187753","1.49094461912913","0.920226248091895","0.100735824624486","0.9668","0.479851393308249","0.388623770125395","0.36606822471172","0.179696308695728","0.487680565307167","10_15"
"10.8936950510055","1.72149335968079","0.893408818585304","1.48138805797269","0.89369505100548","0.126750494055667","0.9766","0.447935687795564","0.462063424064421","0.358169248481851","0.595520944093111","0.342350959441659","10_15"
"0.388553648158042","1.23135506014046","1.19553718662115","0.0422182448884538","0.388553648158042","0.189701015561848","0.0842","0.0869782534427941","0.542577452577341","0.402478002739274","0.257468802925501","0.381946638090987","10_15"
"10.9077005652962","1.72282912477567","0.890508131370809","1.46556692399351","0.907700565296238","0.11420402535441","0.971","0.467298832403483","0.373748968738334","0.374153484606377","0.468021425376761","0.34356786113462","10_15"
"10.8936950510055","1.72149335968079","0.893408818585304","1.48138805797269","0.89369505100548","0.126750494055667","0.9766","0.447935687795564","0.462063424064421","0.358169248481851","0.595520944093111","0.342350959441659","10_15"
"10.8885002173095","1.70370746603724","0.898384218777929","1.48403373422623","0.888500217309454","0.130453774962503","0.9728","0.479445863224033","0.546814986589727","0.426238680834251","0.246666531757074","0.358658546918787","10_15"
"10.8888508501303","1.73096443485883","0.881936740064438","1.53546988104547","0.888850850130292","0.116881219610541","0.976","0.506013511569599","0.360270044610034","0.419911443293917","0.246260053682581","0.381774098413551","10_15"
"10.8687766649185","1.71842343643536","0.887668832153312","1.53619371992451","0.868776664918537","0.132183035381513","0.9808","0.49210503751552","0.502038453764062","0.424134465566459","0.307037657602374","0.428625870647961","10_15"
"10.8887372101417","1.72307046823553","0.886645068889115","1.52520963751321","0.888737210141683","0.120225481264218","0.9766","0.490184967036392","0.438098017474639","0.407394583654107","0.284426815342158","0.355694226185523","10_15"
"10.9083367951722","1.72462412189837","0.889164162240579","1.49624647251335","0.908336795172207","0.112857766440765","0.97","0.486543957901048","0.377884558665958","0.397509823001104","0.262967170521409","0.385169962602243","10_15"
"10.9379059536706","1.71350317419219","0.896243765453923","1.40413760679504","0.937905953670567","0.104446288843684","0.952","0.446509310392766","0.44920558379329","0.359172180911572","0.229626868479879","0.346558183204148","10_15"
"10.9108177776835","1.72882547729648","0.885209107191953","1.48994197855042","0.910817777683473","0.108923970503022","0.969","0.485327997778522","0.347642301492301","0.387156680070766","0.270202442572789","0.348528163481306","10_15"
"10.8860493988532","1.73309611230652","0.881179442143129","1.5465928189616","0.886049398853215","0.117757920402707","0.9776","0.507902727937126","0.361484440544213","0.42093712591338","0.267782893904532","0.375055101719157","10_15"
"10.8414614429196","1.74512351898225","0.873325390266052","1.61618055644096","0.841461442919577","0.132886587966985","0.9908","0.501605924576304","0.554551626793009","0.399197961657235","0.348505726589508","0.441764732673336","10_15"
"10.8478816738851","1.75282220949932","0.871337724085191","1.62453313549823","0.847881673885138","0.126840608547696","0.9914","0.501275378218817","0.58788745251782","0.386212325390767","0.295776063524889","0.353357219102545","10_15"
"10.9088804628353","1.74886501691765","0.873451379606509","1.52808722586072","0.908880462835285","0.0990414139657685","0.9746","0.485732932502777","0.436494521816178","0.354745274608407","0.163000580881091","0.361071071543097","10_15"
"10.9024023906961","1.72352722460871","0.887449013775488","1.50104755446529","0.902402390696118","0.114714186191351","0.9706","0.491831510079213","0.384341116295088","0.40921326187214","0.231469339146684","0.46426356182355","10_15"
"10.9345302099736","1.72459387484053","0.890423648936128","1.4272749327378","0.93453020997358","0.103466443455548","0.959","0.428367937157016","0.602200610555899","0.328919837938974","0.226459092923078","0.334692524379725","10_15"
"10.8997816773911","1.72124287148212","0.888255901191353","1.50045930862933","0.899781677391141","0.117406621180732","0.972","0.49319085599349","0.38066125583941","0.41489930548081","0.256042808275267","0.461902433076453","10_15"
"10.9290674306572","1.71400547733732","0.895686166219018","1.41053458393061","0.929067430657193","0.109792935630252","0.9568","0.428698483514503","0.568864784831088","0.341905474205442","0.279188755987698","0.423100037950516","10_15"
"10.9345302099736","1.72459387484053","0.890423648936128","1.4272749327378","0.93453020997358","0.103466443455548","0.959","0.428367937157016","0.602200610555899","0.328919837938974","0.226459092923078","0.334692524379725","10_15"
"10.9117477168797","1.71809240353306","0.892204405222679","1.4776960689921","0.911747716879749","0.114446269574467","0.9682","0.482415146842966","0.390495546458805","0.400928134728232","0.261374532768744","0.394540732546019","10_15"
"10.8896250802949","1.74633862908086","0.873595576116634","1.54985004024708","0.889625080294885","0.1071256306533","0.9772","0.502408274564598","0.424593412846209","0.387256330306021","0.164772276343008","0.376347146338738","10_15"
"10.8989289241282","1.72617147211764","0.886727804282568","1.51509235099559","0.898928924128191","0.115635188604793","0.9756","0.486536249811694","0.423417238169374","0.39539162487182","0.279696378875418","0.373660396296464","10_15"
"10.8937194881817","1.71123494805042","0.895657519817878","1.49439359398016","0.893719488181705","0.122904865172648","0.9712","0.485935001892471","0.444226187188178","0.422747282325959","0.265778294358254","0.368046668622531","10_15"
"10.9212330021477","1.69006727922773","0.907774628358823","1.40296070072348","0.921233002147668","0.119312447549973","0.9508","0.456571458719112","0.466384999072763","0.404677111131792","0.249623475411612","0.355931481512357","10_15"
"10.9379059536706","1.71350317419219","0.896243765453923","1.40413760679504","0.937905953670567","0.104446288843684","0.952","0.446509310392766","0.44920558379329","0.359172180911572","0.229626868479879","0.346558183204148","10_15"
"10.8860129067512","1.71231393904236","0.89296058165788","1.49652191480829","0.886012906751151","0.12645051258801","0.9762","0.474119757119636","0.529260230600793","0.401570748668764","0.290236840360548","0.400284741802518","10_15"
"10.9150533592785","1.71043443730801","0.895990674816348","1.45232158823365","0.915053359278522","0.115765161401089","0.9608","0.477952782317378","0.362671113151061","0.407558910942258","0.28185706068941","0.369638390823803","10_15"
"10.9011748912463","1.72539853755881","0.885394777947512","1.50358686562823","0.901174891246288","0.113819253727576","0.974","0.482313071265329","0.38523948206171","0.388198767970566","0.339434506169119","0.373481333890638","10_15"
"10.8906069351108","1.73378806999445","0.881602674323107","1.53523561401167","0.890606935110819","0.11546674972437","0.9788","0.484999988690501","0.500828725036712","0.382488847337474","0.250883604428774","0.434916482439744","10_15"
"10.9052626371646","1.74451338523845","0.876608989899214","1.529148290555","0.90526263716457","0.10287840174618","0.9742","0.494033394798636","0.364552698440341","0.376766406133498","0.194487023231626","0.405191101897169","10_15"
"10.908766107284","1.72914114453665","0.888985513734853","1.47181849861533","0.908766107283964","0.111948341617585","0.972","0.46253160669271","0.533729563494774","0.363654023323081","0.240536697064196","0.372777370779375","10_15"
"10.8575388721583","1.7387430633775","0.876783849321556","1.59416152266523","0.857538872158291","0.127803985823536","0.9864","0.498019904090165","0.544800184979226","0.399739358315134","0.295872211971452","0.398286936412612","10_15"
"10.8812259113343","1.74109672239693","0.876534357343574","1.55494896598172","0.881225911334313","0.11594425214394","0.9826","0.495359561655704","0.371347900197307","0.386506016958036","0.432424418369933","0.355703568724368","10_15"
"10.8860493988532","1.73309611230652","0.881179442143129","1.5465928189616","0.886049398853215","0.117757920402707","0.9776","0.507902727937126","0.361484440544213","0.42093712591338","0.267782893904532","0.375055101719157","10_15"
"10.9074060779382","1.71967095906704","0.890180893757078","1.48499163031728","0.907406077938167","0.115098589911348","0.9686","0.486956442133268","0.389833498852744","0.407713842940705","0.235850361869328","0.481389953515384","10_15"
"10.9155428130322","1.74399748541423","0.877037698347758","1.49715024595485","0.915542813032222","0.10221659348569","0.973","0.46034625560437","0.456789230298036","0.338331958532498","0.27762528172903","0.363671171539842","10_15"
"10.8860493988532","1.73309611230652","0.881179442143129","1.5465928189616","0.886049398853215","0.117757920402707","0.9776","0.507902727937126","0.361484440544213","0.42093712591338","0.267782893904532","0.375055101719157","10_15"
"10.883332203641","1.71934880715104","0.889609621404992","1.51928296052999","0.88333220364103","0.126031128678373","0.9782","0.488197353011669","0.400025615876029","0.413857397205246","0.410054993544977","0.359022998336086","10_15"
"5.94080387393919","1.70696437972543","0.898317311881651","1.41663802990789","0.940803873939186","0.0999583107029144","0.942","0.483983218923104","0.140669456683099","0.412173752870245","0.235587654731714","0.356518369229175","10_15"
"10.9345302099736","1.72459387484053","0.890423648936128","1.4272749327378","0.93453020997358","0.103466443455548","0.959","0.428367937157016","0.602200610555899","0.328919837938974","0.226459092923078","0.334692524379725","10_15"
"10.8872996726842","1.75232542433812","0.87301228897142","1.55599959980208","0.887299672684213","0.109181827864656","0.9818","0.485526499561246","0.478679015230557","0.360920437345152","0.266483782574472","0.379222916059409","10_15"
"10.8732416931797","1.72696974821453","0.885139698834975","1.5553262952336","0.87324169317965","0.125026912140551","0.9798","0.501413589268689","0.47822191345846","0.424428524421672","0.248671131303352","0.365666980015413","10_15"
"10.8866798143953","1.70158274055296","0.898966371302599","1.47856017911561","0.886679814395326","0.131128660685788","0.9734","0.467986716895658","0.564503837133333","0.40890562096208","0.293276026754036","0.342990545370911","10_15"
"10.8928878016908","1.72910531833536","0.883919877257329","1.53448608792575","0.892887801690797","0.117296140407039","0.978","0.493795382779764","0.375283452640389","0.403215752169148","0.349257880552169","0.45302328525262","10_15"
"10.8872005722078","1.7136285561525","0.893759600519684","1.51055137065642","0.88720057220782","0.124926795482337","0.9746","0.48876508967348","0.478596150816363","0.424252102270171","0.252985145324605","0.373220741457561","10_15"
"10.9084408753329","1.7122849928776","0.894308058989175","1.47789254741706","0.908440875332917","0.115429909517532","0.9652","0.488129119221451","0.393580904855889","0.419852412873635","0.20164587072136","0.377342069260556","10_15"
"10.8828348737751","1.71738388265647","0.891441890976238","1.52149400586336","0.882834873775139","0.126786128553539","0.9768","0.490817786240178","0.472357494317962","0.42347132353538","0.277973299380392","0.361309056147211","10_15"
"10.8883979967742","1.73257087959312","0.881760601799979","1.53888721916275","0.88839799677424","0.116810627762123","0.9778","0.489132481751257","0.4960395278325","0.391842322039886","0.236022336091407","0.347758490375028","10_15"
"10.9229886219854","1.7206904466339","0.889134188976009","1.47345241805498","0.922988621985415","0.10014347765624","0.9556","0.49879315604018","0.138135377084836","0.414814598091538","0.258747781960407","0.363380922204288","10_15"
"10.908766107284","1.72914114453665","0.888985513734853","1.47181849861533","0.908766107283964","0.111948341617585","0.972","0.46253160669271","0.533729563494774","0.363654023323081","0.240536697064196","0.372777370779375","10_15"
"10.9150533592785","1.71043443730801","0.895990674816348","1.45232158823365","0.915053359278522","0.115765161401089","0.9608","0.477952782317378","0.362671113151061","0.407558910942258","0.28185706068941","0.369638390823803","10_15"
"10.9067918615317","1.72076725184904","0.889577522773594","1.48845221018199","0.906791861531701","0.115243830062359","0.9698","0.486616140012794","0.389538404766624","0.40484861717307","0.253980924719263","0.446981679138227","10_15"
"10.8908480769898","1.73295725527959","0.882042145530913","1.53814714256607","0.89084807698978","0.115853079205691","0.9784","0.49475503486943","0.376725703396328","0.398189570269698","0.33920934609303","0.364582716548201","10_15"
"10.9070765693097","1.72147529362532","0.889054007803965","1.49009744956758","0.907076569309747","0.114328824575585","0.969","0.487630516909385","0.385298257987269","0.405292779427302","0.238862947196165","0.411822615231342","10_15"
"10.9081092890622","1.73633883467799","0.88263091927544","1.48857845809346","0.90810928906225","0.108571208099489","0.9742","0.465015624023879","0.518376665163227","0.356079489854049","0.238772190468687","0.34039413397476","10_15"
"10.9145806141831","1.71726264146337","0.894928996331075","1.44809292906616","0.914580614183071","0.114420635114913","0.9656","0.455396732731675","0.497966240940016","0.36706921718682","0.289476744359924","0.397086629241732","10_15"
"10.9216018467141","1.73712501880659","0.881990510975673","1.47355728700849","0.921601846714138","0.10327289691412","0.9678","0.448578573273027","0.437722389298595","0.333871614182141","0.343238059714019","0.350724977344901","10_15"
"10.8817191234398","1.72851086999593","0.882649116690272","1.54410056013975","0.881719123439827","0.120117627454025","0.979","0.493740987811786","0.453917541321036","0.404234676189225","0.2782797645798","0.458191823055156","10_15"
"10.8714775034372","1.76343899376439","0.865819014724472","1.59633215593553","0.87147750343725","0.108730255612979","0.9862","0.498174999156454","0.478304777872655","0.361096859496653","0.262169768553218","0.37166915461726","10_15"
"10.9290674306572","1.71400547733732","0.895686166219018","1.41053458393061","0.929067430657193","0.109792935630252","0.9568","0.428698483514503","0.568864784831088","0.341905474205442","0.279188755987698","0.423100037950516","10_15"
"10.9345302099736","1.72459387484053","0.890423648936128","1.4272749327378","0.93453020997358","0.103466443455548","0.959","0.428367937157016","0.602200610555899","0.328919837938974","0.226459092923078","0.334692524379725","10_15"
"10.9379059536706","1.71350317419219","0.896243765453923","1.40413760679504","0.937905953670567","0.104446288843684","0.952","0.446509310392766","0.44920558379329","0.359172180911572","0.229626868479879","0.346558183204148","10_15"
"10.9011957527999","1.72914555274417","0.887793813591286","1.48132776567084","0.901195752799864","0.115626805416147","0.9748","0.45871187478884","0.455171845589979","0.359346365042962","0.420111320824324","0.350001959129334","10_15"
"10.9150533592785","1.71043443730801","0.895990674816348","1.45232158823365","0.915053359278522","0.115765161401089","0.9608","0.477952782317378","0.362671113151061","0.407558910942258","0.28185706068941","0.369638390823803","10_15"
"10.8897467518107","1.74288016206459","0.87710984620165","1.5355481555493","0.889746751810668","0.110239401260144","0.978","0.491839277469656","0.41519798077263","0.379661275585822","0.25861944686852","0.395895701259144","10_15"
"10.9011748912463","1.72539853755881","0.885394777947512","1.50358686562823","0.901174891246288","0.113819253727576","0.974","0.482313071265329","0.38523948206171","0.388198767970566","0.339434506169119","0.373481333890638","10_15"
"10.9236687809354","1.7373721299406","0.881037927420416","1.48492327357141","0.923668780935359","0.09996319879695","0.9662","0.475174088654095","0.378871439570679","0.359243138138806","0.201943339119718","0.347794572129029","10_15"
"10.8753036498569","1.73164742975442","0.880046741057713","1.56108223481368","0.875303649856894","0.121192248446473","0.9804","0.500220634759959","0.454966545245277","0.409629199639666","0.270775877738333","0.393187393437633","10_15"
"10.9150533592785","1.71043443730801","0.895990674816348","1.45232158823365","0.915053359278522","0.115765161401089","0.9608","0.477952782317378","0.362671113151061","0.407558910942258","0.28185706068941","0.369638390823803","10_15"
"10.925704737181","1.71753341095336","0.893755918360062","1.44311283062891","0.925704737181037","0.108868987383154","0.9602","0.465368616537307","0.434886842662953","0.376695448906264","0.222170552591787","0.403954712972287","10_15"
"10.8749647841762","1.728763549817","0.881310169626715","1.55445648649994","0.874964784176199","0.122942065470399","0.9804","0.49746977227187","0.4715438994976","0.410403987606719","0.273635255666919","0.401997546433909","10_15"
"10.8666958836562","1.73652940479596","0.876246788595635","1.57982696849654","0.86669588365622","0.122531348774761","0.9832","0.505701997267333","0.451318080278162","0.411047284588847","0.292879228137652","0.380154644694137","10_15"
"10.2559497543931","2.3614337431023","0.512391126057152","2.99244134725832","0.255949754393092","0.297106050677369","1","0.8","0.7","0.5","0.4","0.4","15_15"
"10.2559497543931","2.3614337431023","0.512391126057152","2.99244134725832","0.255949754393092","0.297106050677369","1","0.8","0.7","0.5","0.4","0.4","15_15"
"0.879152307953114","1.34020557535441","1.11163933315626","0.756604700176429","0.879152307953114","0.188169216475305","0.6042","0.2655086631421","0.380035179434344","0.79423986072652","0.0706790471449494","0.34668348915875","15_15"
"10.7712162639868","1.88764404996067","0.809758234659959","1.89304791957915","0.771216263986797","0.054490887782648","0.9918","0.37212389963679","0.777445221319795","0.107943625887856","0.0994661601725966","0.333774930797517","15_15"
"10.5005422911068","2.10952908577016","0.672668082841469","2.46794400664484","0.500542291106808","0.330185332627091","1","0.572853363351896","0.934705231105909","0.723710946040228","0.31627170718275","0.476351245073602","15_15"
"10.3006634668257","2.27219236536291","0.575561181298356","2.90663467297402","0.300663466825722","0.165651916709671","1","0.908207789994776","0.212142521282658","0.411274429643527","0.518634263193235","0.892198335845023","15_15"
"0.792952151745353","1.22665450693201","1.19350616871918","0.868515008218844","0.792952151745353","0.263382384839836","0.7082","0.201681931037456","0.651673766085878","0.820946294115856","0.662005076417699","0.864339470630512","15_15"
"10.2516575685745","2.31818294400522","0.529332879050962","3.00804056330142","0.251657568574537","0.179955172602547","1","0.898389684967697","0.125555095961317","0.647060193819925","0.406830187188461","0.389989543473348","15_15"
"10.1524074545707","2.48078297671271","0.428516666442894","3.23621489272185","0.152407454570653","0.286683558250445","1","0.944675268605351","0.267220668727532","0.78293276228942","0.912875924259424","0.777320698834956","15_15"
"10.4890500560853","2.12125202303592","0.663746866831089","2.50610640510153","0.489050056085316","0.201995547425551","1","0.660797792486846","0.386114092543721","0.553036311641335","0.293603372760117","0.960617997217923","15_15"
"10.601870829854","1.99229315133265","0.722742503545096","2.26736108239629","0.601870829853958","0.136127050820215","1","0.62911404389888","0.0133903331588954","0.529719580197707","0.459065726259723","0.434659484773874","15_15"
"0.142059769469257","0.808402269421845","1.43984759811802","0.0152276230417307","0.142059769469257","0.265577267270762","0.0264","0.0617862704675645","0.382387957070023","0.789356231689453","0.332394674187526","0.712514678714797","15_15"
"10.7281682649504","1.90922830275193","0.791455484942568","1.9801001784122","0.728168264950422","0.0455228414244594","0.9958","0.205974574899301","0.86969084572047","0.023331202333793","0.65087046707049","0.399994368897751","15_15"
"1.01906658724183","1.46307946084946","1.05886446783306","0.5582138203134","1.01906658724183","0.133940905356614","0.5134","0.176556752528995","0.34034899668768","0.477230065036565","0.258016780717298","0.325352151878178","15_15"
"10.4075315840841","2.21580608456343","0.60255842848367","2.70261408771789","0.407531584084126","0.29263345886791","1","0.687022846657783","0.482080115471035","0.7323137386702","0.478545248275623","0.757087148027495","15_15"
"10.719713039926","1.76496281939353","0.885111286636857","1.80640993197049","0.719713039926009","0.317593099775584","0.99","0.384103718213737","0.599565825425088","0.692731556482613","0.766310670645908","0.202692255144939","15_15"
"10.3988271441424","2.16567789021815","0.629482487329077","2.6844689578557","0.398827144142388","0.157645600382172","1","0.769841419998556","0.493541307048872","0.477619622135535","0.0842469143681228","0.711121222469956","15_15"
"10.6904669829479","1.83670659690931","0.818444406905452","1.93291492058039","0.690466982947876","0.258125921892374","0.9902","0.497699242085218","0.186217601411045","0.8612094768323","0.875321330036968","0.121691921027377","15_15"
"10.3251142632028","2.27217734919651","0.570661214657832","2.84176775643635","0.325114263202774","0.277760948473856","1","0.717618508264422","0.827373318606988","0.438097107224166","0.339072937844321","0.245488513959572","15_15"
"10.135284437302","2.53482974333052","0.396283728633899","3.26805359417321","0.135284437301975","0.412756512453685","1","0.991906094830483","0.668466738192365","0.244797277031466","0.839440350187942","0.14330437942408","15_15"
"6.00635662137425","1.7882789198228","0.874589427739216","1.40679231500964","1.00635662137425","0.0299730790486514","0.898","0.1","0.1","0.1","0.1","0.1","15_15"
"6.04182834790412","1.73553529965436","0.908039247364121","1.28940361800832","1.04182834790412","0.0549363233041735","0.874","0.2","0.2","0.2","0.2","0.2","15_15"
"5.94972056242413","1.73157730460649","0.898637847118329","1.42908779098624","0.949720562424134","0.0921479059173774","0.9244","0.3","0.3","0.3","0.3","0.3","15_15"
"10.7937803526803","1.82529113029796","0.844981912209827","1.76032648771198","0.793780352680296","0.152117751703191","0.9862","0.4","0.4","0.4","0.4","0.4","15_15"
"10.6312245122329","1.97000412541155","0.758825050338968","2.15529445715917","0.63122451223286","0.231478316425765","0.9988","0.5","0.5","0.5","0.5","0.5","15_15"
"10.4774258487833","2.14791858143631","0.65572999732698","2.53808970772817","0.477425848783262","0.305778421236919","1","0.6","0.6","0.6","0.6","0.6","15_15"
"10.309681039151","2.3360868459378","0.533828802408853","2.87980254147127","0.309681039150989","0.378511223389332","1","0.7","0.7","0.7","0.7","0.7","15_15"
"10.1748110770226","2.50677752340103","0.415548665179037","3.17895505704127","0.174811077022604","0.452851022022231","1","0.8","0.8","0.8","0.8","0.8","15_15"
"10.0813417701285","2.66521683536881","0.306326168659208","3.4156014945503","0.0813417701284769","0.535101093218358","1","0.9","0.9","0.9","0.9","0.9","15_15"
"10.028217154357","2.79590246762587","0.212224645988917","3.56042797931411","0.0282171543569783","0.633357590783192","1","1","1","1","1","1","15_15"
"10.824891273065","1.72950101658554","0.893424972182318","1.57624464902839","0.824891273064984","0.178913130352896","0.9542","0.377486767722861","0.826140379406387","0.564916658377991","0.107153375270665","0.414341400138881","15_15"
"10.2488138630575","2.37409460261645","0.504561990061803","3.01453653216882","0.248813863057459","0.307600070368439","1","0.79122245143856","0.867415608177329","0.522543137517413","0.320432589845246","0.409300937856565","15_15"
"10.4514472767066","2.17601927345139","0.642419026058347","2.56716354843546","0.451447276706611","0.32855501583548","1","0.590698045687051","0.650087612605631","0.561374556549435","0.752472489032526","0.274887283638779","15_15"
"10.7937803526803","1.82529113029796","0.844981912209827","1.76032648771198","0.793780352680296","0.152117751703191","0.9862","0.4","0.4","0.4","0.4","0.4","15_15"
"10.7712162639868","1.88764404996067","0.809758234659959","1.89304791957915","0.771216263986797","0.054490887782648","0.9918","0.37212389963679","0.777445221319795","0.107943625887856","0.0994661601725966","0.333774930797517","15_15"
"10.2912395554579","2.29529082003342","0.559689519826306","2.93536480366432","0.291239555457892","0.217525179763546","1","0.944437772935902","0.342729879558053","0.249459997831162","0.582453939442901","0.294408435935559","15_15"
"10.592962049949","2.0168902628137","0.733861765119937","2.24836852417891","0.592962049948995","0.225211703906955","1","0.516060929950351","0.701526326611959","0.455082109451261","0.337515565900461","0.279285788421297","15_15"
"10.1796296262326","2.43426939882164","0.466317842158449","3.17160075834762","0.179629626232585","0.234012367391239","1","0.977081866447979","0.561446374485247","0.546372263281462","0.180664269679091","0.858906861982898","15_15"
"10.7937803526803","1.82529113029796","0.844981912209827","1.76032648771198","0.793780352680296","0.152117751703191","0.9862","0.4","0.4","0.4","0.4","0.4","15_15"
"10.4786655202329","2.11015896300496","0.680076462731667","2.49795541205441","0.478665520232945","0.204314245326784","1","0.567490495265825","0.886010073019316","0.266737913550093","0.308584492084682","0.395784775732238","15_15"
"10.2765215711843","2.32901825945813","0.531778645538578","2.94905650584596","0.276521571184285","0.276135629329899","1","0.79384172905516","0.672388441783422","0.492711115469325","0.351038704655621","0.440433979725418","15_15"
"10.4392806264963","2.16102156593704","0.644405217575644","2.59687138565956","0.439280626496277","0.234570110084215","1","0.676582365793461","0.339127191793207","0.525056859398011","0.716052137004765","0.283555428262396","15_15"
"10.5481741235402","2.03339602092091","0.722346789188314","2.30111353917803","0.5481741235402","0.34955757774074","0.9998","0.52949296715803","0.870572497882855","0.79688871828273","0.367609711778021","0.333687149986248","15_15"
"10.2780910894111","2.37128705569368","0.510153674511746","2.95929868969073","0.278091089411059","0.384875876853877","1","0.716087244366396","0.820476450950944","0.626888177675772","0.655435943027798","0.33768141496293","15_15"
"10.6541836290927","1.92488614337218","0.769143112723963","2.08872285420517","0.654183629092665","0.251581044486143","0.996","0.53922535651351","0.188822593089488","0.825679918376219","0.856883364951354","0.0222068231087178","15_15"
"10.188914345053","2.47249472468073","0.437700758755602","3.14842403335631","0.188914345053009","0.414505548813131","1","0.799713978796601","0.884110030274477","0.766061031542055","0.524005902203511","0.662733371817109","15_15"
"10.6312054227742","1.94206038179244","0.760036468872549","2.14518804822874","0.631205422774186","0.263840258605724","0.997","0.541059638279085","0.250350334634099","0.788031704589799","0.823983325441697","0.264356016114731","15_15"
"10.2417171004071","2.40027487278989","0.490785395056494","3.02403405004214","0.241717100407087","0.379177050081883","1","0.761577016644534","0.733150183805993","0.627750758842179","0.653051746780252","0.773433864890853","15_15"
"10.8286482872146","1.7695984086618","0.873615640652565","1.63507835375696","0.828648287214623","0.156824086492904","0.9694","0.378114330843067","0.466195988682709","0.460245062809471","0.259574152661158","0.291554877416452","15_15"
"10.1478783191565","2.51230015504827","0.410787415684561","3.23424284206551","0.147878319156458","0.400956659991387","1","0.950379980402192","0.665861746513922","0.280326835487548","0.857878315273556","0.127818178602963","15_15"
"10.352619578493","2.25176963026126","0.583040004277675","2.78564910188702","0.352619578493031","0.28037947513147","1","0.701531263898026","0.706896867656044","0.511208929548395","0.383636994816524","0.607807098996641","15_15"
"10.4997290617575","2.11254371709416","0.67198129288777","2.47496936019211","0.499729061757536","0.287955515398216","1","0.593405672526687","0.649478212819458","0.631356999933178","0.413838181613382","0.32780497150616","15_15"
"10.4656871690962","2.16102723629357","0.644969952285266","2.54232568213385","0.46568716909624","0.390790566204134","1","0.573139384555295","0.850595200831432","0.757649914498173","0.592265804979239","0.613617873256492","15_15"
"10.507311707107","2.11841945217479","0.671370548552447","2.48078670374909","0.507311707107012","0.322913903507081","1","0.581630911913337","0.76728962292858","0.701167808522815","0.395839117337504","0.467050307217036","15_15"
"10.3440606859118","2.26332105863198","0.575203664796732","2.80373080196868","0.34406068591182","0.286747033972056","1","0.704629309966672","0.791120314150541","0.535825880877892","0.328402992339483","0.952156189566074","15_15"
"10.4650042435344","2.12793086493748","0.662201463677021","2.54282544003534","0.465004243534354","0.188502213381368","1","0.673786990784597","0.422367097000168","0.45530753798761","0.304273318264955","0.253950321611422","15_15"
"10.372691742536","2.20378409186527","0.6087298801341","2.74985356015585","0.372691742536032","0.177046970221268","1","0.775999690943396","0.52115286526545","0.48490850666621","0.133208209712501","0.670687242744538","15_15"
"10.1561499754505","2.5533326682237","0.380963243638806","3.22440507373576","0.156149975450473","0.51798521812004","1","0.792759553550577","0.932094932563625","0.931247358854073","0.903582644689032","0.852214360487058","15_15"
"10.6312245122329","1.97000412541155","0.758825050338968","2.15529445715917","0.63122451223286","0.231478316425765","0.9988","0.5","0.5","0.5","0.5","0.5","15_15"
"10.5159127108411","2.07619945022369","0.674956927038939","2.46204854720558","0.515912710841071","0.186126265009654","1","0.667537027254347","0.0802401493529024","0.701968821355528","0.606013979479471","0.461225619883021","15_15"
"10.4270247449763","2.21851514503231","0.609791960585035","2.64602071458171","0.427024744976273","0.349195099167416","1","0.63084600987053","0.834880950138751","0.745258035593943","0.419200750925957","0.335064558157386","15_15"
"10.7712162639868","1.88764404996067","0.809758234659959","1.89304791957915","0.771216263986797","0.054490887782648","0.9918","0.37212389963679","0.777445221319795","0.107943625887856","0.0994661601725966","0.333774930797517","15_15"
"10.3753380996054","2.24775334614522","0.583542089873583","2.74242558360859","0.375338099605425","0.33988916262592","1","0.643112550306143","0.743514884263277","0.552731619064058","0.655816014130367","0.269398272384867","15_15"
"10.4912218415333","2.12524429661649","0.667731983689429","2.47021288094567","0.491221841533349","0.361871957162984","1","0.570980582747201","0.865530703289009","0.771667493093201","0.421761221755049","0.508376142366872","15_15"
"10.5207684290053","2.0680635211116","0.696837136930626","2.37119558305437","0.520768429005278","0.382871162293231","1","0.531651768966124","0.855636995425278","0.782871139687701","0.538114295002211","0.438928880875868","15_15"
"10.8523155742599","1.75834838868324","0.872358566157466","1.6075850689623","0.852315574259888","0.133678744359138","0.9624","0.387539612844062","0.537458811523819","0.445544314090835","0.104639840855234","0.311098588006409","15_15"
"10.824891273065","1.72950101658554","0.893424972182318","1.57624464902839","0.824891273064984","0.178913130352896","0.9542","0.377486767722861","0.826140379406387","0.564916658377991","0.107153375270665","0.414341400138881","15_15"
"10.683025205477","1.86910181194157","0.808336258055657","1.99303529687884","0.68302520547703","0.268266460062402","0.9962","0.467211529003709","0.395419528739791","0.668307548274428","0.715052861311322","0.0351309888691485","15_15"
"10.321000780659","2.2727686185355","0.570951711978417","2.87511127843916","0.321000780659043","0.199631410399711","1","0.814649563075882","0.537609314683471","0.506311496280172","0.172812325170985","0.708030016536882","15_15"
"10.4896212986404","2.11543573626964","0.658467088986569","2.52037836239378","0.489621298640427","0.221575727104616","1","0.661637015119725","0.23171777778183","0.693659170774387","0.59704831187802","0.353808860682799","15_15"
"10.8270274838488","1.79803030493692","0.856517357606171","1.72305903414804","0.827027483848826","0.123449684811802","0.9818","0.377196274695104","0.571797681356004","0.330886866313534","0.1911473456683","0.299422031462798","15_15"
"10.7909165284426","1.81170222330815","0.856723001007242","1.73831104886954","0.790916528442582","0.168084085894991","0.9824","0.4","0.4","0.460255289217457","0.4","0.4","15_15"
"10.4807272702198","2.12484146178344","0.665125504608364","2.50374771594022","0.48072727021976","0.230714702255796","1","0.621372486165505","0.552338106580933","0.463950475472987","0.400929793167114","0.259439332865334","15_15"
"10.487201438957","2.12392147319524","0.661319961462974","2.51122585277076","0.487201438957006","0.225508530387068","1","0.654649612030481","0.322263355308644","0.583803900072386","0.556148598366124","0.442470214215495","15_15"
"10.4093235015524","2.22911232885678","0.599264766425441","2.68296629334208","0.409323501552438","0.376412822412138","1","0.614734201653896","0.856167998695048","0.678518860364558","0.603844903879862","0.336304006791792","15_15"
"10.5222026847019","2.08159639959992","0.685531027676361","2.4297161250612","0.522202684701938","0.262634077811737","1","0.599305684661308","0.49800058439053","0.639666650514319","0.422803849214833","0.435221730706382","15_15"
"10.5376603023288","2.06262729311913","0.712061924102722","2.37156548289637","0.537660302328751","0.224115874313336","1","0.541738720092278","0.572222078159821","0.35993031017646","0.543216421611847","0.299406023165807","15_15"
"10.592962049949","2.0168902628137","0.733861765119937","2.24836852417891","0.592962049948995","0.225211703906955","1","0.516060929950351","0.701526326611959","0.455082109451261","0.337515565900461","0.279285788421297","15_15"
"10.2201709656778","2.37395026876049","0.506584343780605","3.08017330074517","0.220170965677814","0.205392482634569","1","0.938431994315493","0.544989925067226","0.5249692736675","0.141060154220607","0.821564088190554","15_15"
"10.5329533508663","2.07896054527186","0.696809871914561","2.40126376393572","0.532953350866312","0.316675832626574","1","0.566811413452632","0.564138329493595","0.694839307963432","0.589351395914532","0.360734768681162","15_15"
"10.8050980081868","1.84581928435349","0.832641683079126","1.79505820295157","0.805098008186771","0.0981496646741196","0.9904","0.373041955784752","0.6718435286465","0.237301822383793","0.167892967165455","0.325907776751172","15_15"
"10.8457986516502","1.75920615193254","0.868568217242609","1.60785032921441","0.845798651650228","0.144255320722357","0.9622","0.412887415223865","0.157976794044259","0.518164921283142","0.449865381113347","0.418755405667526","15_15"
"10.6541836290927","1.92488614337218","0.769143112723963","2.08872285420517","0.654183629092665","0.251581044486143","0.996","0.53922535651351","0.188822593089488","0.825679918376219","0.856883364951354","0.0222068231087178","15_15"
"10.7937803526803","1.82529113029796","0.844981912209827","1.76032648771198","0.793780352680296","0.152117751703191","0.9862","0.4","0.4","0.4","0.4","0.4","15_15"
"10.8286482872146","1.7695984086618","0.873615640652565","1.63507835375696","0.828648287214623","0.156824086492904","0.9694","0.378114330843067","0.466195988682709","0.460245062809471","0.259574152661158","0.291554877416452","15_15"
"10.3884195281851","2.20175781961933","0.622462829628707","2.69166502199963","0.388419528185127","0.246597814934008","1","0.66116665258619","0.579113601589183","0.187456171195031","0.710878456322127","0.306231771053504","15_15"
"10.7624683714669","1.84620706064758","0.827170972405005","1.84708961471079","0.762468371466947","0.168492960108128","0.9878","0.472013827509801","0.193403064349697","0.557372370101791","0.541830503640032","0.387075834239569","15_15"
"10.592962049949","2.0168902628137","0.733861765119937","2.24836852417891","0.592962049948995","0.225211703906955","1","0.516060929950351","0.701526326611959","0.455082109451261","0.337515565900461","0.279285788421297","15_15"
"10.568976059277","2.03304373707868","0.71545660562594","2.31887477606698","0.568976059276996","0.245138850824876","1","0.543235433188443","0.665983480152508","0.523853481940634","0.345417044403801","0.277257562051649","15_15"
"10.4722352595411","2.14051501858937","0.658062844638944","2.52071054636654","0.472235259541064","0.311949453313467","1","0.563523542448958","0.685630459065082","0.492603184060062","0.744571010529186","0.276915510008427","15_15"
"10.8123750926397","1.81150566751456","0.853325982581885","1.74723008443939","0.812375092639729","0.131255078718692","0.987","0.377196274695104","0.571797681356004","0.330886866313534","0.239086773013696","0.299422031462798","15_15"
"10.6771366338209","1.92043338630339","0.782892099582277","2.02952626889823","0.677136633820869","0.196315858756935","0.9974","0.501629814018497","0.539469149655269","0.554481737133234","0.198254433727645","0.358802494687985","15_15"
"10.7505815428878","1.83428324456424","0.840226930609894","1.81930252255376","0.750581542887792","0.201936278288379","0.9906","0.417492697408486","0.484427234979863","0.516717394406373","0.395013302572051","0.344440580587714","15_15"
"10.8701562505195","1.75369378888172","0.869848256297105","1.60152207866541","0.870156250519514","0.115123838101549","0.9636","0.391407668068002","0.194506592858154","0.395074120686283","0.363950053486368","0.319062033701228","15_15"
"10.8286482872146","1.7695984086618","0.873615640652565","1.63507835375696","0.828648287214623","0.156824086492904","0.9694","0.378114330843067","0.466195988682709","0.460245062809471","0.259574152661158","0.291554877416452","15_15"
"10.5666253708279","2.03134323327205","0.711961720753805","2.33006320589459","0.566625370827875","0.242377815146534","1","0.561149662044129","0.539473285867423","0.569418670213299","0.378386101251768","0.427387512254496","15_15"
"10.6205230524399","1.9899273031368","0.749896478980066","2.18373933004781","0.620523052439934","0.212113293692564","1","0.511989847111163","0.544138344679347","0.462981384307351","0.390228527010377","0.395938725025327","15_15"
"10.4677365395023","2.14869839590128","0.652352020915701","2.55445727422189","0.46773653950232","0.29566594276726","1","0.585577968545543","0.713509885620801","0.488739926915072","0.568087973256342","0.35588213185598","15_15"
"10.455951066941","2.17155256356306","0.636403140877787","2.57941712838823","0.455951066941004","0.369700567579086","1","0.590151095423607","0.753325599326356","0.715839152256016","0.646971664809734","0.0623798924543132","15_15"
"10.6093622587929","1.99655079503196","0.741221770876589","2.20650251430527","0.609362258792891","0.214304415302554","1","0.528162489069653","0.504204812329473","0.493132074163687","0.390432695370144","0.376359135841077","15_15"
"10.8523155742599","1.75834838868324","0.872358566157466","1.6075850689623","0.852315574259888","0.133678744359138","0.9624","0.387539612844062","0.537458811523819","0.445544314090835","0.104639840855234","0.311098588006409","15_15"
"10.6736104101262","1.88648162934136","0.800663817004767","2.00156069293666","0.673610410126195","0.258477808504139","0.9964","0.452721212278197","0.562127991362144","0.585901884921033","0.495736803042121","0.313030861999587","15_15"
"10.8457986516502","1.75920615193254","0.868568217242609","1.60785032921441","0.845798651650228","0.144255320722357","0.9622","0.412887415223865","0.157976794044259","0.518164921283142","0.449865381113347","0.418755405667526","15_15"
"10.8270274838488","1.79803030493692","0.856517357606171","1.72305903414804","0.827027483848826","0.123449684811802","0.9818","0.377196274695104","0.571797681356004","0.330886866313534","0.1911473456683","0.299422031462798","15_15"
"10.4773955737365","2.13595618857876","0.658508719694666","2.52453224347118","0.477395573736482","0.297774313411439","1","0.594221988581262","0.596239417502715","0.557249177911975","0.635280479326968","0.37628975434618","15_15"
"10.7579090019771","1.7940834854567","0.863119816223732","1.76360984486485","0.757909001977069","0.230729930395843","0.9856","0.404965650001168","0.39651191534479","0.588565180038639","0.640667387972225","0.342695038344769","15_15"
"10.5759214463162","2.01151944307725","0.729810159805809","2.28346417822903","0.575921446316193","0.276462925964353","0.9994","0.536852844884799","0.50211175965748","0.609935252886885","0.592673520607995","0.0833036938203564","15_15"
"10.8523155742599","1.75834838868324","0.872358566157466","1.6075850689623","0.852315574259888","0.133678744359138","0.9624","0.387539612844062","0.537458811523819","0.445544314090835","0.104639840855234","0.311098588006409","15_15"
"10.7166308190537","1.90191380044196","0.806153902208456","1.95958817969436","0.716630819053722","0.192392942566847","0.9962","0.462245879002542","0.398907613395001","0.47974236823579","0.474385473339097","0.0924359505243791","15_15"
"10.6453288777278","1.91841364448218","0.783489252008871","2.06681969572763","0.645328877727834","0.254582576348702","0.997","0.473594117307353","0.559291249234819","0.582225777328177","0.467796385107128","0.229084857100442","15_15"
"10.7472650138928","1.84738255104996","0.835946889133837","1.84834813598116","0.747265013892808","0.200332647365151","0.9922","0.41507294411879","0.561778667823035","0.490976696994404","0.354984349033657","0.300898426210572","15_15"
"10.7234618974156","1.88595494529337","0.8116347927531","1.92749172027692","0.723461897415572","0.18403436036329","0.9946","0.464512112245249","0.525659921067187","0.507572132520501","0.223722667872756","0.338705037143852","15_15"
"10.7157901260621","1.86482602067302","0.822509434899315","1.9205011207268","0.715790126062076","0.228339126768805","0.9936","0.456157483329487","0.501832006330819","0.618100885529555","0.328390978453803","0.314427119305044","15_15"
"10.5810263456299","2.00366931850715","0.731136804372085","2.24956245045766","0.581026345629897","0.28082797693777","0.9988","0.563808462743799","0.29166499245818","0.78835962648476","0.813756604021482","0.296130937446197","15_15"
"10.6172730194665","1.98791269753292","0.753953684759725","2.20441405843786","0.617273019466506","0.169614030643784","1","0.520344476026925","0.567966259415714","0.352452631298297","0.28556021642933","0.420216642864136","15_15"
"10.5192668741335","2.08179765620997","0.687521364708484","2.42556472940824","0.519266874133524","0.269524477008568","1","0.581391455805623","0.624510778675615","0.594101462241653","0.389834792366867","0.285091780503535","15_15"
"10.78652573623","1.81850171981522","0.85439232539692","1.7577418827677","0.786525736229952","0.170080602196064","0.9846","0.398676021850968","0.535267882542108","0.453977666910393","0.277062673295279","0.399115403429096","15_15"
"10.6629702193823","1.94516833133528","0.774907122418649","2.09354575074484","0.662970219382286","0.177663448774888","0.999","0.51145564776573","0.375075885676355","0.45652963632803","0.392367644441758","0.353600613501109","15_15"
"10.6593834371533","1.90537928302076","0.793161037559196","2.03189474834828","0.659383437153291","0.250852120848246","0.997","0.4575345817606","0.430004998642476","0.524246981366443","0.830385908484459","0.313516140528887","15_15"
"10.5253794317472","2.07909038961144","0.690108638502588","2.41953525000109","0.525379431747154","0.278080490759803","1","0.568607238529005","0.587391625952896","0.575020656662405","0.532094380417051","0.335847486368629","15_15"
"10.5854506804538","1.98978195870891","0.738659843502199","2.22902496739678","0.585450680453794","0.27880842114466","0.999","0.53671673380232","0.548711027303959","0.713102679699659","0.39002693764534","0.306738872740626","15_15"
"10.6956593147907","1.87138004541642","0.810062841107337","1.96732517693729","0.695659314790684","0.253164798864602","0.996","0.456306628602451","0.444854564837846","0.613426839874423","0.590202190863314","0.313616600550974","15_15"
"10.5505882396432","2.05719169154101","0.70425980544927","2.35717753196735","0.550588239643173","0.236732806302306","1","0.556664569114466","0.619938096051003","0.478095391263771","0.390036381731904","0.374291632788236","15_15"
"10.7198341078133","1.89276379235395","0.808545785166092","1.94391545365452","0.719834107813261","0.174169869600623","0.9958","0.466207894325912","0.425821317730036","0.457227675974712","0.324689583685709","0.296079669245448","15_15"
"10.8701562505195","1.75369378888172","0.869848256297105","1.60152207866541","0.870156250519514","0.115123838101549","0.9636","0.391407668068002","0.194506592858154","0.395074120686283","0.363950053486368","0.319062033701228","15_15"
"10.7762082647403","1.83403970589033","0.840850660887225","1.7970875997242","0.776208264740336","0.166906967173344","0.9876","0.423362084282885","0.415450556629029","0.459547023162788","0.327252213417207","0.349075821672114","15_15"
"10.7213684078218","1.83604950922208","0.82756254285377","1.89724263040864","0.721368407821785","0.234244169191383","0.9902","0.464512112245249","0.525659921067187","0.707990671508014","0.223722667872756","0.338705037143852","15_15"
"10.7185246303628","1.87678632449326","0.814280867188321","1.93437997247188","0.718524630362784","0.21244129604537","0.9954","0.453583715760353","0.343343236404209","0.520930394935234","0.715096686340616","0.391380973985009","15_15"
"10.8663517013182","1.76861420407541","0.868817947920663","1.63774986420497","0.866351701318185","0.110426178784929","0.971","0.381367267699166","0.258535448169763","0.351938131339804","0.3421215925752","0.299964748778573","15_15"
"10.6147001334533","1.993515910464","0.745979860086455","2.19304446992896","0.614700133453328","0.210947559143903","1","0.535617128191374","0.407751122693351","0.51426448192607","0.469539327876024","0.154202864039655","15_15"
"10.6715342950257","1.9041305186761","0.794416386441606","2.01551390173768","0.671534295025748","0.237795841744184","0.997","0.457385436487636","0.486982440135448","0.528921027021575","0.568574696074948","0.314326659282956","15_15"
"10.8713119749575","1.75149227357872","0.873212921171741","1.58941106659853","0.87131197495746","0.120082505025278","0.9608","0.394290194627773","0.208502455784825","0.422059225986813","0.285954698490444","0.360180010910587","15_15"
"10.8523155742599","1.75834838868324","0.872358566157466","1.6075850689623","0.852315574259888","0.133678744359138","0.9624","0.387539612844062","0.537458811523819","0.445544314090835","0.104639840855234","0.311098588006409","15_15"
"10.6334996313709","1.96781385491439","0.759611697678273","2.15023348169785","0.63349963137095","0.234118513406898","0.9986","0.495127560819346","0.519089107332809","0.499149124774979","0.502833916893353","0.230139968249869","15_15"
"10.7671064337452","1.84016696729206","0.846572311488182","1.80169993862308","0.767106433745248","0.179110766290013","0.9908","0.395793495291197","0.521272019615437","0.426992561609863","0.402997455636599","0.357997426219737","15_15"
"10.7730569806348","1.84004692528664","0.825057365664663","1.84110613033613","0.773056980634848","0.156320782455337","0.9878","0.463062494936704","0.21847464120528","0.508572335816318","0.441925758910353","0.10102623119019","15_15"
"10.8267829958686","1.7834651185102","0.86173826384873","1.67528281660536","0.826782995868631","0.151750706995057","0.975","0.394609802542065","0.385353233196405","0.450409716764377","0.291441526704597","0.342052562244336","15_15"
"10.7231601020086","1.67913995631113","0.926265351968772","1.73319369863361","0.723160102008632","0.330007773188146","0.9772","0.41507294411879","0.561778667823035","0.985662204911932","0.354984349033657","0.300898426210572","15_15"
"10.8036820212651","1.79373172691721","0.861927281634436","1.69352181300728","0.803682021265132","0.167241506829894","0.9776","0.416838281224112","0.244638556282525","0.521481507714352","0.565154603257191","0.340890572211404","15_15"
"10.762971162597","1.83657912580648","0.846021351470199","1.8085397935692","0.762971162597043","0.191749386592828","0.9906","0.401939290438651","0.535323200887693","0.468727562198142","0.389820679683143","0.233821139984211","15_15"
"10.8701562505195","1.75369378888172","0.869848256297105","1.60152207866541","0.870156250519514","0.115123838101549","0.9636","0.391407668068002","0.194506592858154","0.395074120686283","0.363950053486368","0.319062033701228","15_15"
"10.7472650138928","1.84738255104996","0.835946889133837","1.84834813598116","0.747265013892808","0.200332647365151","0.9922","0.41507294411879","0.561778667823035","0.490976696994404","0.354984349033657","0.300898426210572","15_15"
"10.8210599909083","1.80117170856505","0.855788956827043","1.70934419536954","0.821059990908295","0.133939164150039","0.9802","0.38723667506394","0.507768826044395","0.374022855660012","0.212975806579468","0.318519316385453","15_15"
"10.6416958384979","1.95870332950589","0.760332707933619","2.16185197667384","0.641695838497929","0.154801691478167","0.9998","0.541119189932942","0.344421242203857","0.398642070832299","0.34957120007705","0.376124874885988","15_15"
"10.8123750926397","1.81150566751456","0.853325982581885","1.74723008443939","0.812375092639729","0.131255078718692","0.987","0.377196274695104","0.571797681356004","0.330886866313534","0.239086773013696","0.299422031462798","15_15"
"10.8286482872146","1.7695984086618","0.873615640652565","1.63507835375696","0.828648287214623","0.156824086492904","0.9694","0.378114330843067","0.466195988682709","0.460245062809471","0.259574152661158","0.291554877416452","15_15"
"10.6324008726535","1.97580627335882","0.751108147911706","2.16478631878198","0.63240087265355","0.20605108912229","0.9988","0.530886196369794","0.537546451748274","0.535412532967765","0.250073409100796","0.38381748629418","15_15"
"10.7211832071697","1.86142030733359","0.826373987352681","1.89701715187721","0.721183207169692","0.221328636928773","0.9934","0.440401305916422","0.518290534866779","0.564763795022299","0.36690227700992","0.252279128999584","15_15"
"10.6587388578042","1.94224208110276","0.773116264032608","2.0882347258658","0.65873885780417","0.222000360044212","0.9978","0.494775577919584","0.527586755186336","0.541578269766035","0.352035360023728","0.382275063104168","15_15"
"10.660848374514","1.94100666244417","0.773757816503354","2.08657628109891","0.660848374514039","0.225220070999236","0.9978","0.487778412855297","0.530629776569073","0.534896556523019","0.383232246714841","0.36562059873922","15_15"
"10.8097441519059","1.78316168765195","0.864433682984671","1.67896994271041","0.809744151905907","0.162782473360019","0.9726","0.410994445488016","0.363710071884263","0.518050064137318","0.244486123869491","0.314525751418481","15_15"
"0.576935403030441","1.31707758704137","1.15018662640397","0.0676168368865027","0.576935403030441","0.173031016548273","0.156","0.0155072559136897","0.200710839684004","0.405233652711898","0.294383616995162","0.336132566220713","15_15"
"10.8701562505195","1.75369378888172","0.869848256297105","1.60152207866541","0.870156250519514","0.115123838101549","0.9636","0.391407668068002","0.194506592858154","0.395074120686283","0.363950053486368","0.319062033701228","15_15"
"10.8663517013182","1.76861420407541","0.868817947920663","1.63774986420497","0.866351701318185","0.110426178784929","0.971","0.381367267699166","0.258535448169763","0.351938131339804","0.3421215925752","0.299964748778573","15_15"
"10.8701562505195","1.75369378888172","0.869848256297105","1.60152207866541","0.870156250519514","0.115123838101549","0.9636","0.391407668068002","0.194506592858154","0.395074120686283","0.363950053486368","0.319062033701228","15_15"
"10.8686168846156","1.75041274680987","0.875176247384609","1.59384582924527","0.868616884615576","0.123527870261044","0.9616","0.391107391683964","0.241643130297073","0.424175652570869","0.266773374829","0.33790698317197","15_15"
"10.7352380465085","1.84000152736028","0.834775432495515","1.87456831963706","0.735238046508494","0.225563043073082","0.991","0.445335433916083","0.517932151438296","0.630703370396224","0.295077970926875","0.340711523716879","15_15"
"10.7567756946401","1.84134943413831","0.842916689393124","1.82228220835304","0.756775694640092","0.197070846351271","0.9912","0.406051256247627","0.555123337486646","0.481064606734745","0.373838852132786","0.262786374451067","15_15"
"10.8381491894345","1.77910474938768","0.866274641219615","1.64971244970141","0.838149189434513","0.143316925709189","0.9736","0.382401555705862","0.344299444514691","0.417157652947307","0.380054159468358","0.340453969792321","15_15"
"10.762971162597","1.83657912580648","0.846021351470199","1.8085397935692","0.762971162597043","0.191749386592828","0.9906","0.401939290438651","0.535323200887693","0.468727562198142","0.389820679683143","0.233821139984211","15_15"
"10.7596932370973","1.84886794874543","0.840306282001014","1.82325497515847","0.759693237097324","0.179532018237012","0.992","0.407963538505585","0.512848988980481","0.439152803147108","0.373613244212979","0.35451537201435","15_15"
"10.7804469212295","1.79946448199618","0.856212574684334","1.73687649640684","0.78044692122953","0.188274784457203","0.9802","0.436014959553278","0.252366325911416","0.598768808826142","0.493799300203072","0.338884085638377","15_15"
"10.7421898462771","1.87560092195977","0.809391106109261","1.92005699636183","0.74218984627714","0.147888854708052","0.996","0.451315574971541","0.463333363627102","0.38088829087757","0.261465628461417","0.317223006975743","15_15"
"10.6996826779831","1.9001120697099","0.807907081785657","1.9790926524454","0.699682677983143","0.217059065838364","0.997","0.430128883116399","0.517091976043765","0.448424644888751","0.575250403326359","0.387953810572937","15_15"
"10.8559071378126","1.75270476914301","0.873562014036799","1.60141323695453","0.855907137812597","0.133844247308796","0.9614","0.387369305843706","0.485562202695194","0.452431074893231","0.113014592608219","0.309240255074829","15_15"
"10.6828456919968","1.90387712477841","0.796414306534006","2.00338381354159","0.682845691996833","0.222399990917949","0.9966","0.464494094164067","0.522363415968819","0.534290871065172","0.39916918240303","0.339500016053318","15_15"
"10.7556202503218","1.84616517583003","0.840174955986255","1.83018099207646","0.755620250321761","0.195127309724208","0.9916","0.410960978309814","0.541978531224083","0.478639652457801","0.370966176584014","0.271933191743716","15_15"
"10.7276506231283","1.8848504485605","0.808261162633261","1.92306049175253","0.72765062312832","0.17923126125992","0.9944","0.480669755178867","0.256077501457185","0.529526712479422","0.552637760386759","0.340447241968859","15_15"
"10.8429056924759","1.76455809700141","0.868815521231927","1.62795406070475","0.84290569247586","0.140363845301272","0.9686","0.394519279080419","0.304950927996856","0.449750178915319","0.291131712465782","0.356980031573924","15_15"
"10.7938603072153","1.82829320552123","0.845140341739359","1.7755259144864","0.793860307215313","0.143428253154397","0.9884","0.394759207284502","0.43550802327051","0.36177304000236","0.365064888743442","0.317508205205989","15_15"
"10.8682242011694","1.75216307029734","0.871196664326084","1.59610627583517","0.868224201169405","0.12025027003857","0.9624","0.391988950204982","0.202298208958976","0.411899693961198","0.355521134981651","0.343109478391102","15_15"
"10.762971162597","1.83657912580648","0.846021351470199","1.8085397935692","0.762971162597043","0.191749386592828","0.9906","0.401939290438651","0.535323200887693","0.468727562198142","0.389820679683143","0.233821139984211","15_15"
"5.88924888748141","1.7442676256764","0.881812478960908","1.55732563819656","0.889248887481408","0.1101817570612","0.9428","0.394380718089418","0.114746522158384","0.422718763835871","0.286264512729258","0.345252541580999","15_15"
"10.720807221663","1.74424864761154","0.876117345702707","1.76915595971297","0.72080722166299","0.275562719418365","0.969","0.463062494936704","0.21847464120528","0.982425559079275","0.441925758910353","0.10102623119019","15_15"
"10.8280905401573","1.77120690612796","0.871568453676046","1.63953273205883","0.82809054015734","0.156288060821958","0.9704","0.381297133786875","0.433055314170461","0.458128636225415","0.278755476322602","0.313827905155069","15_15"
"10.7838907753455","1.82748641271314","0.846612961118304","1.77848250595039","0.783890775345485","0.165660230994781","0.9864","0.411192041068497","0.423873587263985","0.447386781625543","0.356636424840828","0.352557875877501","15_15"
"10.8713119749575","1.75149227357872","0.873212921171741","1.58941106659853","0.87131197495746","0.120082505025278","0.9608","0.394290194627773","0.208502455784825","0.422059225986813","0.285954698490444","0.360180010910587","15_15"
"10.7730569806348","1.84004692528664","0.825057365664663","1.84110613033613","0.773056980634848","0.156320782455337","0.9878","0.463062494936704","0.21847464120528","0.508572335816318","0.441925758910353","0.10102623119019","15_15"
"10.7957962002391","1.81071747988284","0.853235613227145","1.73360532965201","0.795796200239061","0.161325593967963","0.9822","0.402128994418311","0.470256780147328","0.450362240757155","0.27619976180376","0.297375978655159","15_15"
"10.8196787489823","1.77884451400607","0.870319722012848","1.65632286824754","0.819678748982305","0.16116125237107","0.974","0.378284637843422","0.518092597511334","0.453358302007075","0.251199400908173","0.293413210348033","15_15"
"10.8252142620703","1.77964934810358","0.858593840462948","1.67500901922794","0.8252142620703","0.149763279743837","0.9736","0.408072441604178","0.29006444582271","0.474873269860212","0.338268654208314","0.272761573248059","15_15"
"10.8121433309961","1.7938510025114","0.850078533970664","1.71754966660746","0.812143330996087","0.146607759352542","0.9778","0.419110097968072","0.261104723702059","0.458220545382564","0.420006572540863","0.208865032063027","15_15"
"10.7711270983001","1.80311973106406","0.851797877159365","1.76372382383547","0.771127098300093","0.191153439117902","0.9832","0.434336311228869","0.54096889214646","0.600990488005009","0.163083263440058","0.307184408095081","15_15"
"10.7804469212295","1.79946448199618","0.856212574684334","1.73687649640684","0.78044692122953","0.188274784457203","0.9802","0.436014959553278","0.252366325911416","0.598768808826142","0.493799300203072","0.338884085638377","15_15"
"10.8701562505195","1.75369378888172","0.869848256297105","1.60152207866541","0.870156250519514","0.115123838101549","0.9636","0.391407668068002","0.194506592858154","0.395074120686283","0.363950053486368","0.319062033701228","15_15"
"10.8682242011694","1.75216307029734","0.871196664326084","1.59610627583517","0.868224201169405","0.12025027003857","0.9624","0.391988950204982","0.202298208958976","0.411899693961198","0.355521134981651","0.343109478391102","15_15"
"10.8702333132075","1.75066872733834","0.87071820487892","1.59640408546342","0.870233313207498","0.11967060674271","0.962","0.39166524752368","0.200020289605779","0.410266680648342","0.359624980592162","0.331098357669411","15_15"
"10.8176108222996","1.79436982874041","0.855755875147104","1.6948674593435","0.817610822299554","0.146219267116207","0.9768","0.401273788745428","0.372728334199574","0.435322399514931","0.288841275526805","0.34832368270274","15_15"
"10.8713119749575","1.75149227357872","0.873212921171741","1.58941106659853","0.87131197495746","0.120082505025278","0.9608","0.394290194627773","0.208502455784825","0.422059225986813","0.285954698490444","0.360180010910587","15_15"
"10.7752748413969","1.8248368645479","0.853599864706307","1.77342013074289","0.775274841396899","0.181379794670133","0.9884","0.398806020253847","0.519184452647182","0.463871796743148","0.346651488415138","0.2747026134114","15_15"
"10.8696025146975","1.753690793616","0.869152872208971","1.60125611747968","0.869602514697524","0.115741225098452","0.9634","0.391731370749303","0.196784512211351","0.396707133999139","0.359846207875857","0.33107315442292","15_15"
"10.8701562505195","1.75369378888172","0.869848256297105","1.60152207866541","0.870156250519514","0.115123838101549","0.9636","0.391407668068002","0.194506592858154","0.395074120686283","0.363950053486368","0.319062033701228","15_15"
"10.8207076686188","1.75549010694452","0.885710945131898","1.59994736443593","0.820707668618808","0.174512300901402","0.9642","0.382718661828333","0.389540328136025","0.526314874391091","0.335083425050416","0.312416928081731","15_15"
"10.865345534742","1.75410638868209","0.868282791077929","1.60500210940714","0.865345534741979","0.120520956167733","0.9624","0.404298970412487","0.165891775222795","0.434783145946483","0.354059662043281","0.349486734755761","15_15"
"10.7532082660298","1.85518839210165","0.83212833133791","1.8392341963591","0.753208266029812","0.184264360189283","0.992","0.433274691175948","0.446502792893904","0.487057367963182","0.354856505610213","0.121677868290163","15_15"
"10.7998781251889","1.80767478723581","0.838913069249441","1.76014874448078","0.799878125188885","0.145484259458152","0.9808","0.440818846654745","0.222600304083623","0.472693499264336","0.425965076513542","0.233647350999536","15_15"
"10.7540804947609","1.84980743990452","0.840627637921238","1.82503698562091","0.754080494760926","0.190797818628544","0.9928","0.394304281412422","0.480543081960598","0.423353652736841","0.552040172256558","0.357759006784313","15_15"
"10.7979990725707","1.80708309412944","0.842035336524449","1.74828944427062","0.797999072570688","0.153317180313187","0.98","0.438471676049051","0.262320845500077","0.500101969349073","0.313050898835272","0.249141230701086","15_15"
"10.7571603162935","1.83987392370025","0.840924063654991","1.81284105905578","0.757160316293487","0.192089772774095","0.9896","0.421960100997029","0.518941790515918","0.508352534849016","0.307399641758466","0.305460307365515","15_15"
"10.7115297019807","1.88996211867519","0.811133078902095","1.95413165629417","0.71152970198066","0.207793822693221","0.9958","0.444493881046516","0.526124700352124","0.490744274634971","0.399072631753823","0.276593823322309","15_15"
"10.6980867335545","1.87204374703161","0.813781059406738","1.94343730386976","0.698086733554491","0.228932511364088","0.9964","0.42418293872061","0.65870851976797","0.504606398750124","0.405781362079954","0.101200020174864","15_15"
"10.7804469212295","1.79946448199618","0.856212574684334","1.73687649640684","0.78044692122953","0.188274784457203","0.9802","0.436014959553278","0.252366325911416","0.598768808826142","0.493799300203072","0.338884085638377","15_15"
"10.7798267855429","1.83412258720763","0.841578023334729","1.79408162677167","0.779826785542914","0.163979751700837","0.9878","0.418226157409839","0.380848338597857","0.442228645099217","0.403264390538159","0.370648773580945","15_15"
"10.7916641559914","1.81507229956824","0.851857545570894","1.75689730627927","0.791664155991375","0.164591631815482","0.9852","0.391107391683964","0.577510603936389","0.424175652570869","0.266773374829","0.33790698317197","15_15"
"10.753368176317","1.85683880055687","0.833449979515512","1.84591643646738","0.753368176317044","0.18853373948488","0.995","0.389554735382031","0.393723060179686","0.374922915497549","0.896372553892434","0.331451044320494","15_15"
"10.8036503953376","1.79421832981295","0.867785973841191","1.69532680215019","0.803650395337572","0.171495404644507","0.9794","0.381417908028226","0.534231345751845","0.458214067462069","0.294368592176178","0.252531736920843","15_15"
"10.8713119749575","1.75149227357872","0.873212921171741","1.58941106659853","0.87131197495746","0.120082505025278","0.9608","0.394290194627773","0.208502455784825","0.422059225986813","0.285954698490444","0.360180010910587","15_15"
"10.6649046170514","1.9458055309528","0.775052994480147","2.08743451785736","0.664904617051423","0.100805971583846","1","0.430961191427365","0.538217246840778","0.129306000424549","0.371062727233221","0.334839384474725","15_15"
"10.861163740402","1.75455558637877","0.879319554590213","1.59016105342213","0.861163740401979","0.141308108532944","0.9644","0.357248281361535","0.386084407605515","0.404007777452118","0.36719719271086","0.326511130677816","15_15"
"10.7603500467732","1.85197093353028","0.827706661022205","1.84196930966818","0.760350046773191","0.160965629279283","0.9908","0.443984039786916","0.386927271472033","0.456326627344938","0.302116138451659","0.32825934441372","15_15"
"10.8467694621623","1.77373002879105","0.868730782428","1.63563415958601","0.846769462162293","0.138556004759673","0.9712","0.385887020968859","0.315335853868988","0.419328684533113","0.362303656945641","0.315722871824025","15_15"
"10.8121433309961","1.7938510025114","0.850078533970664","1.71754966660746","0.812143330996087","0.146607759352542","0.9778","0.419110097968072","0.261104723702059","0.458220545382564","0.420006572540863","0.208865032063027","15_15"
"10.8722714900758","1.74665202832976","0.873011284339872","1.57907721227341","0.872271490075771","0.118594810593339","0.96","0.384119097309091","0.210644022872843","0.404241371986712","0.364671484545022","0.328859170127882","15_15"
"10.7916641559914","1.81507229956824","0.851857545570894","1.75689730627927","0.791664155991375","0.164591631815482","0.9852","0.391107391683964","0.577510603936389","0.424175652570869","0.266773374829","0.33790698317197","15_15"
"10.7932529000327","1.808316430729","0.857579485912557","1.72585108024407","0.793252900032703","0.169293545321859","0.9814","0.405539196980567","0.387499889459133","0.47731567771703","0.361363865320851","0.291425423587531","15_15"
"10.8537948278036","1.74699664646018","0.880263088111744","1.57847274084451","0.853794827803584","0.151210545783498","0.9588","0.388239308927475","0.268711067125192","0.502060310544261","0.336729821591143","0.315756089958934","15_15"
"10.7746265903546","1.8414474919748","0.830851729261162","1.81340961455009","0.774626590354646","0.153210467132897","0.9902","0.430943634270932","0.340923019851966","0.425328290879139","0.393229901414622","0.32827787812588","15_15"
"10.8713119749575","1.75149227357872","0.873212921171741","1.58941106659853","0.87131197495746","0.120082505025278","0.9608","0.394290194627773","0.208502455784825","0.422059225986813","0.285954698490444","0.360180010910587","15_15"
"10.8713119749575","1.75149227357872","0.873212921171741","1.58941106659853","0.87131197495746","0.120082505025278","0.9608","0.394290194627773","0.208502455784825","0.422059225986813","0.285954698490444","0.360180010910587","15_15"
"10.8702333132075","1.75066872733834","0.87071820487892","1.59640408546342","0.870233313207498","0.11967060674271","0.962","0.39166524752368","0.200020289605779","0.410266680648342","0.359624980592162","0.331098357669411","15_15"
"10.8546862289239","1.76067287140379","0.87654634258196","1.60538745111132","0.854686228923888","0.142989188007719","0.9664","0.365118134257426","0.377738593691648","0.411666099426603","0.358046843147488","0.340761438941036","15_15"
"10.85735968186","1.75870919664739","0.870036631624685","1.61874265728376","0.857359681859971","0.132482521359546","0.9662","0.39171945842808","0.291965399625335","0.432731481864549","0.27216952085187","0.340088807962668","15_15"
"10.8691294236442","1.75358774262996","0.86860663769527","1.60242828325418","0.869129423644218","0.116308191838514","0.963","0.391606993803397","0.199160970783765","0.397526688885881","0.362809657922272","0.330739637237874","15_15"
"10.8719938126656","1.74887027295574","0.877978177153285","1.57220795833597","0.871993812665561","0.123432567670012","0.961","0.374545110267157","0.254908113323609","0.39892092514133","0.365401610608668","0.324511251158916","15_15"
"10.7916641559914","1.81507229956824","0.851857545570894","1.75689730627927","0.791664155991375","0.164591631815482","0.9852","0.391107391683964","0.577510603936389","0.424175652570869","0.266773374829","0.33790698317197","15_15"
"10.8132960542822","1.80353800203132","0.855189339590436","1.71228066324485","0.813296054282174","0.150153048355692","0.9812","0.39260317454828","0.373406604578632","0.415593203584589","0.399123565000218","0.349753305004422","15_15"
"10.8059605008949","1.80335895168002","0.855154658042642","1.7138281367519","0.805960500894942","0.155247008686794","0.98","0.400020334289178","0.397646455265874","0.443101886893551","0.324859437837978","0.323227726840859","15_15"
"10.7727289452869","1.74204006644605","0.887746291378174","1.69734965922872","0.772728945286929","0.227079144710973","0.971","0.403686903668371","0.451436979533849","0.664201692910865","0.348663516020411","0.347304909965063","15_15"
"10.8565195637328","1.76482169775816","0.873377061368203","1.62035012387998","0.856519563732788","0.133965199627451","0.9682","0.374110839162379","0.32568288714006","0.40016097299707","0.365745635588561","0.321061913220127","15_15"
"10.7063809823843","1.92101341184141","0.784851669384629","2.02945677258969","0.706380982384312","0.0643707760461068","0.9996","0.400059474710098","0.494266331580882","0.0715024236124009","0.310633326103966","0.29979856927328","15_15"
"10.8713119749575","1.75149227357872","0.873212921171741","1.58941106659853","0.87131197495746","0.120082505025278","0.9608","0.394290194627773","0.208502455784825","0.422059225986813","0.285954698490444","0.360180010910587","15_15"
"10.8356196223401","1.76140628406744","0.868501703800067","1.62916500679061","0.835619622340062","0.150469959618591","0.9652","0.407355781750289","0.216180494625218","0.509669016329514","0.403979050660842","0.334486398546241","15_15"
"10.8687093161786","1.7495782579414","0.875045460712983","1.58084539834588","0.868709316178594","0.130078926549056","0.9596","0.388402275051677","0.231048973127354","0.443863013142858","0.325312354123192","0.310367650514808","15_15"
"10.8209554028453","1.79630602608095","0.859650082317074","1.69452564773852","0.820955402845287","0.148453005927093","0.9798","0.393366354387822","0.307156766987746","0.418027129800594","0.512541587848502","0.339104059449302","15_15"
"10.7866558354055","1.81462189557937","0.857790618870526","1.74499868920049","0.786655835405493","0.17455730691041","0.9836","0.394874376336685","0.5307508435141","0.464386369727295","0.297001958149862","0.30932469851455","15_15"
"10.8719438259073","1.74829709292491","0.869924491664809","1.59248356306047","0.871943825907278","0.118595818945722","0.962","0.391465921788285","0.195365911680169","0.407814112448743","0.360765376156258","0.319420754132765","15_15"
"10.8701562505195","1.75369378888172","0.869848256297105","1.60152207866541","0.870156250519514","0.115123838101549","0.9636","0.391407668068002","0.194506592858154","0.395074120686283","0.363950053486368","0.319062033701228","15_15"
"10.7884054620537","1.81060143039245","0.855486648685458","1.74388000737327","0.788405462053745","0.166072188899051","0.9828","0.397314603389036","0.469074147847286","0.449134200265695","0.323115900096266","0.291650821161796","15_15"
"10.8190048586481","1.78782857170799","0.852249887442971","1.70086447383479","0.81900485864812","0.149998100177884","0.9748","0.420066845870991","0.230692424144353","0.484173913182911","0.453770303028598","0.323459720793364","15_15"
"10.7600282513548","1.84652981901045","0.838856591847109","1.82248762007248","0.760028251354838","0.182568271119853","0.9912","0.418193116344309","0.565701550938207","0.46814181769259","0.277171058437604","0.334042592022935","15_15"
"10.8693784190127","1.75058575209116","0.869979959690817","1.59794983195293","0.869378419012743","0.119604638114315","0.9628","0.393584725894267","0.195886003622101","0.411405987072658","0.355260818854267","0.333098194701636","15_15"
"10.8539054428196","1.762447710329","0.866775065397962","1.62716827859075","0.853905442819595","0.131374207360067","0.967","0.399355884175927","0.241445805867074","0.439846797217435","0.316015431648806","0.329805511563122","15_15"
"10.7446219745147","1.86378229556111","0.80847266719236","1.93603650479522","0.744621974514667","0.126670887682244","0.9938","0.48998980014585","0.210644022872843","0.404241371986712","0.364671484545022","0.328859170127882","15_15"
"10.864437875375","1.7493465084342","0.877961588724174","1.59400276870525","0.864437875375005","0.131780845576666","0.9628","0.378206034250067","0.290807011959872","0.419548304578821","0.334390266854948","0.341064981672202","15_15"
"10.8814018111223","1.73969579059192","0.876110664999661","1.56532192569375","0.881401811122293","0.116920565803568","0.9574","0.379850701765255","0.205805600039674","0.398948515358305","0.364251844864498","0.319591039516868","15_15"
"10.8704813671676","1.75148125280245","0.873826563051758","1.59096696104218","0.870481367167594","0.120718059760127","0.9608","0.393249731370928","0.205455679411642","0.421640550754759","0.307474973998733","0.352311564253514","15_15"
"10.8719938126656","1.74887027295574","0.877978177153285","1.57220795833597","0.871993812665561","0.123432567670012","0.961","0.374545110267157","0.254908113323609","0.39892092514133","0.365401610608668","0.324511251158916","15_15"
"5.91612452896164","1.69592684379024","0.912827742407831","1.42065473507616","0.916124528961636","0.127076334657942","0.923","0.33364394819364","0.269458833693285","0.425642548760146","0.354885935578478","0.337348264078438","15_15"
"10.8635596893138","1.75579159773589","0.872709425520956","1.60170811466703","0.863559689313794","0.124060248959767","0.9648","0.385178588248046","0.27741467925566","0.406009858245734","0.28268519588206","0.327251795043147","15_15"
"10.8622864093251","1.75711347486948","0.872515289381398","1.60027361476354","0.862286409325148","0.125118909422626","0.9654","0.386160330290188","0.244468424964104","0.407786522231769","0.361915141900429","0.324340965774814","15_15"
"10.8632854019997","1.75417988117458","0.875998266664661","1.59990079429384","0.863285401999737","0.129718796529016","0.9642","0.381202294635132","0.295434037516601","0.414177020834596","0.309611274782984","0.359876468179422","15_15"
"10.8249556562669","1.7862973896768","0.860871949588222","1.67249907383624","0.82495565626686","0.146404047851724","0.9748","0.391520787784019","0.408087883951097","0.432072530594077","0.271099750292877","0.338817300615804","15_15"
"10.8722714900758","1.74665202832976","0.873011284339872","1.57907721227341","0.872271490075771","0.118594810593339","0.96","0.384119097309091","0.210644022872843","0.404241371986712","0.364671484545022","0.328859170127882","15_15"
"10.8411091495978","1.77272549764494","0.871575660662463","1.64014029848299","0.841109149597837","0.148687591659342","0.9728","0.37333006087332","0.346378847394058","0.415461153535182","0.457799119096062","0.340018513424315","15_15"
"10.8452945024895","1.75712675430106","0.871398249656645","1.6101050624637","0.845294502489501","0.145476131657182","0.9642","0.393849455749075","0.271752696970829","0.478973658401404","0.330444625264744","0.29936693143489","15_15"
"10.8650445638549","1.75311077603944","0.871474812808438","1.60404242078231","0.865044563854877","0.121428395783275","0.9634","0.394273147733553","0.203250221758443","0.416058706450727","0.348386816553172","0.34436905884772","15_15"
"10.8466883913876","1.77160613693667","0.866914061038385","1.64250706932612","0.846688391387576","0.134446359259638","0.9708","0.391799505842223","0.252137725531669","0.418999862371839","0.460267876912992","0.336113663227028","15_15"
"10.8624347138002","1.7587429510413","0.876672970505498","1.60562554015159","0.862434713800221","0.130628899793424","0.9666","0.376188869323868","0.302161092248933","0.403793528865639","0.354243827767685","0.310798492451505","15_15"
"10.8501222327896","1.75526376940848","0.873653456650959","1.60212247954304","0.850122232789623","0.139405373562268","0.9656","0.386157819455201","0.285673075186399","0.444511771725307","0.357082458068728","0.315732842943382","15_15"
"10.8735050160125","1.74959978461749","0.873830139026714","1.58246844924274","0.873505016012454","0.119230715647099","0.9602","0.39217139052179","0.207982363842892","0.418467351362898","0.291459255792436","0.346502570341716","15_15"
"10.8289861546719","1.78676666898571","0.860275339684904","1.67521456053841","0.828986154671884","0.142604025130099","0.975","0.394954644741023","0.364703105183625","0.425314315662928","0.294798704679615","0.353602226188325","15_15"
"10.8693872016352","1.75120830929026","0.870236084309507","1.59567388323811","0.869387201635176","0.119568245411891","0.9628","0.392705710780525","0.203067065978963","0.410685355880396","0.338104705083872","0.338966804326483","15_15"
"10.8765151266911","1.74899146120461","0.872541677295929","1.57943210546688","0.876515126691088","0.117624027286188","0.9596","0.391482968682504","0.200618145706551","0.413814631984829","0.29833325809353","0.335231706195632","15_15"
"10.8609784492562","1.75209125860585","0.875190442007452","1.58951710259991","0.860978449256245","0.133292876901179","0.9612","0.386324244890188","0.254570768018482","0.440230457274289","0.336814161944068","0.32063107128343","15_15"
"10.8132664018417","1.79988295576758","0.857840038812575","1.70451060646819","0.813266401841742","0.151212377621648","0.9786","0.391306062328024","0.461388119610627","0.424834603841342","0.267843145387993","0.339178490518834","15_15"
"10.8325383530629","1.78611031697848","0.863578185782021","1.665576093452","0.832538353062912","0.144330925922472","0.9752","0.385154427771928","0.338516513285336","0.414232075692015","0.412789311899929","0.339846984966023","15_15"
"10.8713119749575","1.75149227357872","0.873212921171741","1.58941106659853","0.87131197495746","0.120082505025278","0.9608","0.394290194627773","0.208502455784825","0.422059225986813","0.285954698490444","0.360180010910587","15_15"
"10.8448647819289","1.76192555848784","0.870161581490484","1.62331685905504","0.844864781928927","0.140911472476505","0.9678","0.389969123597275","0.286068014583432","0.442890280571613","0.377586065058702","0.313358046737082","15_15"
"10.7980320005504","1.80005099309008","0.864017473123469","1.70634339848991","0.798032000550352","0.173312954982192","0.9804","0.391704456567436","0.466032518001649","0.472220852408551","0.329401096422665","0.30803997968584","15_15"
"10.8431797028707","1.75985505634644","0.873612968479335","1.60704939536426","0.843179702870663","0.149319646876026","0.9638","0.387968510441133","0.298373845807781","0.476877223352066","0.341951020468056","0.315746118839577","15_15"
"10.8814018111223","1.73969579059192","0.876110664999661","1.56532192569375","0.881401811122293","0.116920565803568","0.9574","0.379850701765255","0.205805600039674","0.398948515358305","0.364251844864498","0.319591039516868","15_15"
"10.8765151266911","1.74899146120461","0.872541677295929","1.57943210546688","0.876515126691088","0.117624027286188","0.9596","0.391482968682504","0.200618145706551","0.413814631984829","0.29833325809353","0.335231706195632","15_15"
"10.862086412681","1.74896870373947","0.878088238719969","1.58637006740012","0.862086412681009","0.134951814207308","0.962","0.378822742709762","0.286803183432208","0.43315717927252","0.342142974247197","0.325130348915116","15_15"
"10.8483233509919","1.75520136289316","0.871426965726807","1.60209677268826","0.848323350991936","0.140130198836568","0.9628","0.392718062146795","0.262439308890568","0.462421385951274","0.331916887395635","0.317642015593494","15_15"
"10.8667127659796","1.74999589230003","0.876298055075054","1.58905470456403","0.86671276597962","0.126014322904828","0.962","0.386885583615047","0.254670731490572","0.420096964613852","0.296004215763621","0.357597546426051","15_15"
"10.861650584762","1.75555297813416","0.871961286507667","1.6073031062517","0.861650584761988","0.131880482340326","0.9638","0.3906518338289","0.255864435443266","0.434775593362809","0.323201178359155","0.319255791925193","15_15"
"10.8544577561916","1.76287226001987","0.871870939443489","1.61911566494863","0.854457756191564","0.134429067983731","0.9672","0.384404589293476","0.260733566992006","0.419480449141603","0.447104257229608","0.337568525559683","15_15"
"10.8652537028482","1.75149238731346","0.874210756936509","1.591714461209","0.86525370284825","0.128574547729971","0.9614","0.388755716997229","0.235264319154774","0.431376729117257","0.341356253708306","0.348788615271704","15_15"
"10.8278030319887","1.79158837687321","0.851674349158336","1.71314422938532","0.827803031988653","0.125546936874877","0.9782","0.421877736075442","0.231815287780371","0.413620148176238","0.335157874097735","0.333183392618777","15_15"
"10.8290106382905","1.78380649071909","0.864211778932414","1.66571113460832","0.829010638290538","0.145871376565757","0.9744","0.387004147175982","0.384507491972089","0.423457416486587","0.314346133291475","0.331691432160235","15_15"
"10.8771502983363","1.74598205341652","0.87580237803097","1.5748907491482","0.877150298336253","0.119667482741276","0.958","0.387566173475653","0.207202343746104","0.416040352572867","0.317419732728227","0.33940665492242","15_15"
"10.8783136869976","1.74012486331023","0.882437369046132","1.5616602710534","0.878313686997604","0.129089082985804","0.9568","0.375174759943241","0.254587824265876","0.426926217063385","0.336981919947929","0.320854209205553","15_15"
"10.8600135374804","1.75928947136677","0.873760573869967","1.60443241569059","0.86001353748036","0.126876771552839","0.9664","0.385694595214104","0.254891057076215","0.412225165352234","0.365233852604807","0.324288113236794","15_15"
"10.8553377669062","1.7599513455046","0.870584707618542","1.62168783381393","0.855337766906235","0.129710322947293","0.9676","0.391377557244382","0.294729657420276","0.421775956930428","0.268233197409505","0.346245689494849","15_15"
"10.8559518077674","1.75780912066776","0.872961160639955","1.61458123017568","0.855951807767366","0.13208759151948","0.9668","0.385600950798814","0.282211170499535","0.419067717809057","0.347553886538333","0.339610119339546","15_15"
"10.8538210844331","1.75084854917472","0.874210969855222","1.58406615812678","0.85382108443307","0.138596891053605","0.9612","0.387455638492468","0.263884156098743","0.456782729724419","0.335341899813177","0.302355987124827","15_15"
"10.8538753298197","1.74965303576627","0.87615727132311","1.58758295122287","0.853875329819656","0.141525334798299","0.9606","0.386979754521513","0.28236678060641","0.466138602175481","0.30397653650594","0.315785321658443","15_15"
"10.8325383530629","1.78611031697848","0.863578185782021","1.665576093452","0.832538353062912","0.144330925922472","0.9752","0.385154427771928","0.338516513285336","0.414232075692015","0.412789311899929","0.339846984966023","15_15"
"10.8572828554442","1.75944057977225","0.872553092382857","1.61543799812862","0.857282855444176","0.131286636645312","0.9672","0.386167344167667","0.293421744457031","0.416748479422319","0.320659679844176","0.327212592224281","15_15"
"10.8520997055602","1.75672767266496","0.873133286474777","1.61461777575617","0.852099705560238","0.136274701354708","0.9654","0.385541110995506","0.289676903714063","0.430902897031609","0.34932975067648","0.331667475700468","15_15"
"10.730530031232","1.88403765657271","0.808989756938656","1.93419308629548","0.730530031231953","0.16084557827275","0.996","0.459418126398432","0.440216854703099","0.415455827651816","0.29735675583528","0.334854268027939","15_15"
"10.8539515586991","1.75581210536247","0.872432272882998","1.61009740889978","0.853951558699107","0.134450001077517","0.9644","0.389161038753235","0.260139841386425","0.438162858616881","0.360859423463706","0.312667806702519","15_15"
"10.8827495394877","1.74379539977853","0.875714562331581","1.56861671662268","0.882749539487681","0.115955272858912","0.9566","0.385195156004645","0.209156857855156","0.406027974476704","0.29009661934377","0.333649176201815","15_15"
"10.8682945270326","1.7486296476458","0.877037000528707","1.58505247231783","0.868294527032579","0.126480684629184","0.9612","0.385610645262793","0.244638736254125","0.421510565951782","0.324340749581772","0.343647446156738","15_15"
"10.8425550919668","1.76878808623506","0.866652845551677","1.64192391432661","0.842555091966818","0.138792530834602","0.9706","0.391909450373112","0.326855082595375","0.433114803955763","0.297202368606326","0.323311309254873","15_15"
"10.8325383530629","1.78611031697848","0.863578185782021","1.665576093452","0.832538353062912","0.144330925922472","0.9752","0.385154427771928","0.338516513285336","0.414232075692015","0.412789311899929","0.339846984966023","15_15"
"10.8551183015963","1.76199771225164","0.871063232564743","1.6182392893098","0.855118301596268","0.128053177056238","0.9676","0.390676970898225","0.268048816943112","0.416401636339259","0.31866875890183","0.331466834230382","15_15"
"10.8620140320234","1.7522046295495","0.87365436918858","1.60289876596066","0.862014032023383","0.123495816026763","0.9634","0.393214135932218","0.209989620802512","0.420272623496821","0.360529563691696","0.355390004836653","15_15"
"10.8347182114497","1.77311570803345","0.865971764583107","1.65090126915144","0.834718211449661","0.150139856884538","0.9714","0.391966396716115","0.347159799249166","0.457573399815687","0.323657983608775","0.331231240772683","15_15"
"10.8536852077296","1.7556347833437","0.873074529711544","1.60111097156424","0.853685207729618","0.135831029562309","0.9626","0.390848747286027","0.256081280548508","0.448597322016292","0.331500343701466","0.311040090507185","15_15"
"10.8733187912045","1.74606167945167","0.877337477477638","1.58005402314081","0.873318791204532","0.121443656218235","0.959","0.386638983840774","0.216861952412003","0.418227921422316","0.320217660454046","0.339756704337961","15_15"
"10.8601758017383","1.75747718966725","0.872978039285106","1.60547756658867","0.860175801738347","0.127661762139938","0.9648","0.389039615991789","0.25761666209284","0.418883446338363","0.318396770374357","0.333504010156248","15_15"
"10.8572246960813","1.75315909992111","0.875321956810867","1.59153169361674","0.857224696081304","0.134931837659728","0.9618","0.387480527504461","0.257392204310743","0.445425790886416","0.332437488563465","0.33135477655205","15_15"
"10.8597984388947","1.75853526683304","0.873678755573103","1.60674544559339","0.85979843889465","0.128215711698365","0.9664","0.385653911170686","0.259603617658713","0.414196245785826","0.364587651494406","0.329446029652411","15_15"
"10.860550934245","1.75215447358189","0.875498396516133","1.59171436082379","0.860550934244992","0.133181403921931","0.9616","0.385594821529884","0.256871441926125","0.437986252770522","0.341362569471724","0.32193061575143","15_15"
"10.8426607554243","1.77561412716538","0.866387253869881","1.6459852168452","0.842660755424293","0.139729108456119","0.9722","0.388687248908018","0.337948559150464","0.423869691964709","0.318660801204796","0.338125163363173","15_15"
"10.8392055711869","1.78122321829827","0.86457989817749","1.6520515301719","0.839205571186893","0.140760691195085","0.974","0.385931482931995","0.317734311101827","0.416109878425009","0.405479656355313","0.335406620571565","15_15"
"10.8733429703481","1.7457693412111","0.875184068152669","1.57463119682749","0.873342970348133","0.127341404353966","0.9572","0.388447475016098","0.213853334261084","0.442206556667257","0.320235874608997","0.335334670267733","15_15"
"10.8530824131882","1.75563537864478","0.872492064002985","1.61630423183519","0.853082413188189","0.134354742077908","0.965","0.387072615265193","0.2818232519764","0.430964453639135","0.337041585794986","0.342354884068766","15_15"
"10.8827495394877","1.74379539977853","0.875714562331581","1.56861671662268","0.882749539487681","0.115955272858912","0.9566","0.385195156004645","0.209156857855156","0.406027974476704","0.29009661934377","0.333649176201815","15_15"
"10.8516869526089","1.76747159010919","0.870419924314498","1.63059944652064","0.851686952608923","0.134785901136294","0.9692","0.3853902890076","0.31420394664054","0.414870676689325","0.327969335388791","0.33165295661874","15_15"
"10.8253197551652","1.79054251006777","0.852395217080622","1.71200209219878","0.825319755165201","0.131402499291015","0.976","0.420827620631183","0.244269758585114","0.430426602123052","0.328398055445957","0.321345466683248","15_15"
"10.8677885380404","1.74933569486139","0.876616585450427","1.58665379457773","0.86778853804038","0.126695460352105","0.9616","0.385864111366236","0.252441608071833","0.420866566642796","0.307800130637283","0.350999368609696","15_15"
"10.8675266922344","1.75048724378375","0.876369605411299","1.59290912373198","0.867526692234366","0.124893239670194","0.962","0.38861114635104","0.257253046826156","0.421285452464587","0.274803593835625","0.350373774342143","15_15"
"10.8651583165193","1.75187699429149","0.87491752019381","1.59054538311616","0.865158316519252","0.128852547269819","0.9618","0.387027850343006","0.241287308718788","0.427346075124578","0.345396831891018","0.33295303790571","15_15"
"10.8561814506437","1.76026923977325","0.871444919384867","1.61928333036611","0.856181450643739","0.130249807810556","0.9672","0.389651994508389","0.292147342084693","0.420587469079693","0.2894338193375","0.353469461578756","15_15"
"10.8573140969564","1.75797005426987","0.873098959299132","1.61099617631302","0.85731409695636","0.130755440240271","0.9664","0.385641634842233","0.277498609917038","0.417096637375466","0.348200087648735","0.33445220292393","15_15"
"10.8546746254685","1.75154117243606","0.875827363425074","1.59042370642201","0.854674625468493","0.137594305217611","0.9626","0.384076668465906","0.286013022054591","0.443768248518289","0.332280748476939","0.314239823670871","15_15"
"10.8441477991137","1.75951025473901","0.871445649890956","1.61211415584752","0.844147799113685","0.142358111530051","0.9662","0.390492954199979","0.29674548090243","0.45473030605019","0.322680945962645","0.337133885538855","15_15"
"10.8601105305329","1.75686252492277","0.872808233589945","1.60292130406387","0.860110530532913","0.128034472731846","0.9642","0.389967445745583","0.249430290033529","0.422431117921901","0.328684201820696","0.315112075161872","15_15"
"10.8726907412451","1.74567247811856","0.877232256865801","1.57419857900723","0.872690741245131","0.123287318794092","0.9572","0.387541284463659","0.213694295534103","0.42739729141087","0.320324143977939","0.310407865495196","15_15"
"10.8607141113019","1.75574381971711","0.873177549058199","1.60638327222055","0.860714111301887","0.128541679490148","0.9644","0.388600176322317","0.268659667592272","0.422117066209392","0.296507535141184","0.326253518503285","15_15"
"10.8814018111223","1.73969579059192","0.876110664999661","1.56532192569375","0.881401811122293","0.116920565803568","0.9574","0.379850701765255","0.205805600039674","0.398948515358305","0.364251844864498","0.319591039516868","15_15"
"10.8585070976501","1.75813009805641","0.871367769875989","1.60900936086005","0.858507097650085","0.126361147183056","0.9652","0.39170194927316","0.243409964638523","0.417969139415995","0.329960997010934","0.331093717860722","15_15"
"10.8490280585057","1.76320732744885","0.869796974149093","1.63045979240872","0.849028058505707","0.13677579000792","0.9688","0.390194857665842","0.312866146493675","0.431094702360223","0.296699049228763","0.354655337177639","15_15"
"10.8513385986138","1.76379906107509","0.870047696207095","1.62623731209589","0.851338598613844","0.13085887442057","0.969","0.390368086508953","0.286877352244445","0.416479488052127","0.320600069712601","0.327221212477747","15_15"
"10.8694538212934","1.74749564126723","0.877811453020321","1.58499442893032","0.869453821293449","0.124596333966355","0.9608","0.386537834897672","0.234979127588226","0.419322997102333","0.321542821855953","0.343297396741196","15_15"
"10.8601939008304","1.75925359073047","0.873373935394829","1.60388837682034","0.860193900830372","0.127905655881965","0.9656","0.387422461868328","0.248868067512201","0.416255819344914","0.363596866838634","0.340123690602788","15_15"
"10.8670465080245","1.74938251231121","0.876628655072527","1.58694679473905","0.867046508024526","0.125912898344044","0.9616","0.386632117511604","0.246867859672864","0.420740963922838","0.312544834708109","0.350245623973093","15_15"
"10.8590395604603","1.75839578574298","0.873537446743495","1.60625129067257","0.859039560460333","0.12864899788435","0.9658","0.386476228556939","0.274593209155698","0.416670627709452","0.318728369033405","0.331458213976916","15_15"
"10.8680584809332","1.7522284156297","0.87714565849257","1.58823996246409","0.868058480933207","0.127437356753764","0.9614","0.38153977193092","0.263501574309046","0.415726661536681","0.330371509688799","0.329807030263875","15_15"
"10.8787709365925","1.74150242675453","0.878371014785471","1.5660464314859","0.878770936592481","0.12082271814552","0.9568","0.381294432931072","0.227462921005423","0.412616540307849","0.310569649127699","0.34939625429835","15_15"
"10.8577441530818","1.75798592661043","0.873103517081554","1.61047926637868","0.857744153081828","0.130002050904819","0.9664","0.386364089936542","0.275509050536439","0.417639448945411","0.336401837698302","0.337953366040877","15_15"
"10.8668674853542","1.75058912543751","0.876109480425876","1.59307672255952","0.866867485354245","0.125033810169376","0.962","0.38861114635104","0.257253046826156","0.421285452464587","0.274803593835625","0.53873871685937","15_15"
"10.859859887998","1.7571950324335","0.873843168147326","1.60625767082746","0.859859887997965","0.129136857474803","0.9656","0.385740010138254","0.270700480415295","0.418134188222505","0.337102296571054","0.339855061083996","15_15"
"10.8573143524938","1.76095010393827","0.872352401331585","1.61121442379878","0.857314352493843","0.127726457151039","0.9664","0.388492884031556","0.257622770503845","0.415187430613391","0.349015272513352","0.330911613790814","15_15"
"10.8445151301377","1.77472675782931","0.860337407469005","1.66792179438766","0.844515130137737","0.123161659869502","0.9718","0.414369291160256","0.209385047735648","0.421453937922407","0.313619687123729","0.333379470142263","15_15"
"10.8442304550355","1.77677006136858","0.864629156057332","1.65142888325002","0.844230455035452","0.136450143477042","0.9712","0.389685018913683","0.258450020094967","0.417417655740534","0.505288323620334","0.332632321181038","15_15"
"10.8761524560436","1.74204186838119","0.877343062273614","1.5679779990578","0.876152456043559","0.121227515489083","0.9586","0.380621177425969","0.220179650962899","0.409288656039589","0.360729205601287","0.317227333162683","15_15"
"10.8773101569598","1.74467990253371","0.877355249491834","1.56848694171687","0.877310156959816","0.119669110600186","0.9564","0.387008900264391","0.209638535666399","0.418834408230024","0.297660039536325","0.320819536002834","15_15"
"10.8663881061073","1.75071297839295","0.875817173028377","1.58922204758481","0.866388106107342","0.125754612916907","0.9624","0.386439459601651","0.241777257089968","0.418285446255293","0.332640612933633","0.33789453858113","15_15"
"10.8585070976501","1.75813009805641","0.871367769875989","1.60900936086005","0.858507097650085","0.126361147183056","0.9652","0.39170194927316","0.243409964638523","0.417969139415995","0.329960997010934","0.331093717860722","15_15"
"10.8601939008304","1.75925359073047","0.873373935394829","1.60388837682034","0.860193900830372","0.127905655881965","0.9656","0.387422461868328","0.248868067512201","0.416255819344914","0.363596866838634","0.340123690602788","15_15"
"10.8617642885115","1.75691229583858","0.87432417753744","1.59946160345891","0.861764288511459","0.128045557338821","0.9642","0.386200643130919","0.259597509247708","0.417892261510798","0.333969149355411","0.332038426017845","15_15"
"10.8733429703481","1.7457693412111","0.875184068152669","1.57463119682749","0.873342970348133","0.127341404353966","0.9572","0.388447475016098","0.213853334261084","0.442206556667257","0.320235874608997","0.335334670267733","15_15"
"10.8619567304852","1.75554842648133","0.873994793342985","1.60597332686568","0.861956730485195","0.130591167659301","0.9638","0.387084660689274","0.263156231201787","0.4264507473695","0.334422458748317","0.313121275460431","15_15"
"10.869703731731","1.74890924413041","0.872237619330103","1.58831370406336","0.869703731731037","0.11808731055649","0.9618","0.384787158391273","0.216897234886326","0.399892481531076","0.352608704209104","0.321242223229909","15_15"
"10.8665382323025","1.75186640826643","0.874004315844901","1.58679706753516","0.866538232302531","0.122716634444713","0.9624","0.384420380200418","0.230784287106083","0.407198541693252","0.361482326374082","0.321194153828214","15_15"
"10.8529165073735","1.76314007746223","0.869421301366342","1.64045359580308","0.852916507373506","0.135433515641059","0.97","0.385727540203914","0.21321261772286","0.414590857657551","0.737406677799299","0.323237505694178","15_15"
"10.8682110040999","1.74957608323112","0.876767645706947","1.58583629570672","0.868211004099901","0.124896194576573","0.9616","0.386098258616618","0.228036674249354","0.418043181416835","0.362171688117087","0.331738792958695","15_15"
"10.8559658508663","1.75900660420126","0.872674615692417","1.61259098844548","0.855965850866318","0.131058173148081","0.9674","0.386206376836226","0.259087212977392","0.416698350901914","0.389295479111057","0.826114465016872","15_15"
"10.8670191490936","1.74969739505009","0.875213973766422","1.58964507479306","0.867019149093569","0.123164853755697","0.9622","0.385730871852205","0.241059118838296","0.411920111678875","0.321873764111059","0.333222743965262","15_15"
"10.8490757747363","1.75981593256533","0.870652011813024","1.62101338306144","0.849075774736269","0.136518692157761","0.9668","0.389993373828192","0.296025482947365","0.436563072684453","0.310017681181877","0.353427156583871","15_15"
"10.8596052293087","1.75154837562236","0.876257434669139","1.59615198548551","0.859605229308679","0.133067240863831","0.9622","0.383306192805191","0.271638971131365","0.433428107837005","0.33580338774015","0.316603530025056","15_15"
"10.8533747114434","1.76190518194584","0.870677829185218","1.62372412384845","0.853374711443413","0.130867258661763","0.968","0.389722683587059","0.286043994242317","0.417945278649955","0.31912497130855","0.328092901452957","15_15"
"10.8677885380404","1.74933569486139","0.876616585450427","1.58665379457773","0.86778853804038","0.126695460352105","0.9616","0.385864111366236","0.252441608071833","0.420866566642796","0.307800130637283","0.350999368609696","15_15"
"10.8827495394877","1.74379539977853","0.875714562331581","1.56861671662268","0.882749539487681","0.115955272858912","0.9566","0.385195156004645","0.209156857855156","0.406027974476704","0.29009661934377","0.333649176201815","15_15"
"10.8699178750754","1.75070076023003","0.875584840150944","1.58143816172855","0.869917875075448","0.127257708348647","0.9594","0.388648958853748","0.230693997807394","0.436738186343027","0.306917242655883","0.336562850861501","15_15"
"10.8677885380404","1.74933569486139","0.876616585450427","1.58665379457773","0.86778853804038","0.126695460352105","0.9616","0.385864111366236","0.252441608071833","0.420866566642796","0.307800130637283","0.350999368609696","15_15"
"10.8814018111223","1.73969579059192","0.876110664999661","1.56532192569375","0.881401811122293","0.116920565803568","0.9574","0.379850701765255","0.205805600039674","0.398948515358305","0.364251844864498","0.319591039516868","15_15"
"10.8635527045057","1.75667673492157","0.874197029326052","1.59713651631713","0.86355270450574","0.126883610292038","0.9648","0.385612069668091","0.252295296397891","0.413989353193934","0.345085366503322","0.346156850825714","15_15"
"1.0669806503266","1.54132628708229","1.01423895740945","0.7624703872724","1.0669806503266","0.111711710414053","0.635","0.191858440870419","0.222661433083575","0.408663543778734","0.298529144773966","0.340156740876346","15_15"
"10.8713952980665","1.74610376360831","0.87629630984702","1.58276984800485","0.871395298066452","0.122426984497747","0.9604","0.385896662486607","0.222738973855264","0.414671896172313","0.342618117573707","0.324026729804025","15_15"
"10.8626648908685","1.75586539072276","0.874647432641332","1.59612234385794","0.862664890868453","0.127998248387192","0.9634","0.386131172431858","0.256855056112907","0.418510674597002","0.331406145698561","0.346332987663972","15_15"
"10.8680043085919","1.74892209824157","0.877211388636764","1.58658253249303","0.868004308591874","0.125532456941274","0.9612","0.387080048337969","0.227410050039045","0.42212638409154","0.353790583904657","0.334349013697538","15_15"
"10.8722058950317","1.74760427679656","0.875268094361555","1.57700636441102","0.872205895031665","0.127238890635884","0.9576","0.388620861583163","0.220293131681891","0.440112868492143","0.310492154309092","0.335813252963849","15_15"
"10.8610650909729","1.75610643006029","0.874372573458514","1.60173085304075","0.861065090972871","0.128830660063502","0.9642","0.386097028870921","0.271095602495364","0.419995340991205","0.312795822637023","0.342619746986601","15_15"
"10.8739921948573","1.74452483016673","0.877036178445914","1.57788634450165","0.873992194857318","0.121906165569097","0.9602","0.384175247294537","0.232790395111376","0.413814617727306","0.314499555137729","0.334151017263449","15_15"
"10.8682806351636","1.74811481166531","0.877517223775275","1.58345175471781","0.868280635163642","0.125433063688437","0.961","0.385733974666212","0.244862430906447","0.419910750590639","0.314302548545019","0.334976073817492","15_15"
"10.8814018111223","1.73969579059192","0.876110664999661","1.56532192569375","0.881401811122293","0.116920565803568","0.9574","0.379850701765255","0.205805600039674","0.398948515358305","0.364251844864498","0.319591039516868","15_15"
"10.8733875403494","1.74537028690505","0.877634218383183","1.57235605321793","0.873387540349417","0.123879458369861","0.9574","0.386828134666805","0.214915783046133","0.427964834418079","0.326696042189242","0.322533076897814","15_15"
"10.8676972636562","1.75063774237723","0.875857155354184","1.58950245601725","0.867697263656153","0.124253098354513","0.9624","0.383675521058143","0.258848237582511","0.41038175151926","0.305676999059827","0.330580310722131","15_15"
"10.8809363016299","1.74231965500094","0.876696161429862","1.56536274344981","0.8809363016299","0.118967252615565","0.956","0.383059406877423","0.21381019458169","0.411372884494125","0.314791129972741","0.332875895743559","15_15"
"10.8728890579913","1.74567403836256","0.876233580144494","1.57551307103673","0.872889057991329","0.126566586969489","0.957","0.387465685294747","0.214479958471393","0.438123353992552","0.328616978821427","0.33272444952889","15_15"
"10.8722034922111","1.74583713557345","0.875728116975795","1.58219146010652","0.872203492211067","0.121621159917735","0.9602","0.386406498740567","0.215834786101277","0.414134203780254","0.346148536628859","0.334043816599828","15_15"
"10.8783240164258","1.74273382149745","0.88061628066337","1.56483798575004","0.878324016425754","0.122050846164422","0.955","0.382602998132395","0.213760623991804","0.421014805529018","0.328550969946673","0.332127160574343","15_15"
"10.8637701390486","1.75549644236935","0.87221185063624","1.59711640083018","0.863770139048602","0.121894209877212","0.9642","0.384773627038077","0.250473938647427","0.401747849854212","0.320921445370472","0.338516911822952","15_15"
"10.8665375988835","1.75056787314164","0.875822152676999","1.59005730158527","0.866537598883513","0.125001659306647","0.9624","0.385848719477328","0.240629320060446","0.414878965486201","0.335943268475436","0.332485501739246","15_15"
"10.8802113017884","1.74177320929807","0.880990418854424","1.5592122043037","0.880211301788378","0.121500086082261","0.9546","0.380941186093414","0.207773269464079","0.418067232146889","0.351130530131308","0.332073496303612","15_15"
"10.8702974692183","1.74762213066748","0.877899899673944","1.57841073833064","0.8702974692183","0.124946323462369","0.9596","0.386883608232947","0.230149923653151","0.424949074504184","0.320389925598317","0.333826667333052","15_15"
"10.8773101569598","1.74467990253371","0.877355249491834","1.56848694171687","0.877310156959816","0.119669110600186","0.9564","0.387008900264391","0.209638535666399","0.418834408230024","0.297660039536325","0.320819536002834","15_15"
"10.8827495394877","1.74379539977853","0.875714562331581","1.56861671662268","0.882749539487681","0.115955272858912","0.9566","0.385195156004645","0.209156857855156","0.406027974476704","0.29009661934377","0.333649176201815","15_15"
"10.8684468005931","1.74830841005511","0.876416697831992","1.58616961443592","0.868446800593052","0.123385970067816","0.9614","0.385980410991495","0.228466473027204","0.41508432760951","0.34810218375271","0.332476035184711","15_15"
"10.8529094573749","1.75676453287411","0.872207026131376","1.61713549667439","0.852909457374869","0.135155621257004","0.9656","0.387531862107035","0.227989164405903","0.431081508401704","0.531350022833925","0.331774279023573","15_15"
"10.8773101569598","1.74467990253371","0.877355249491834","1.56848694171687","0.877310156959816","0.119669110600186","0.9564","0.387008900264391","0.209638535666399","0.418834408230024","0.297660039536325","0.320819536002834","15_15"
"10.8601288645424","1.75752090588527","0.873691739999446","1.59763774844101","0.860128864542353","0.129391451276104","0.9648","0.386844636950627","0.215917451124351","0.420247535598873","0.512973897621257","0.328026077532105","15_15"
"10.8718270417209","1.7474310171236","0.877223102186138","1.57680199511787","0.871827041720944","0.125398260432899","0.959","0.387294738635356","0.224762529446228","0.429177593841949","0.321719713121739","0.334730746899943","15_15"
"10.8713506797459","1.74643435158116","0.87787218867416","1.58194980438165","0.871350679745947","0.122964428384509","0.96","0.38582052063015","0.238937032843413","0.418230997340767","0.299367605207087","0.344491803935165","15_15"
"10.8710591030866","1.7492908651863","0.875491789767275","1.579898857096","0.871059103086621","0.127422963624609","0.959","0.388475572286683","0.224254200386587","0.438831874518141","0.316660962955787","0.336084268165385","15_15"
"10.866401880375","1.75105655265548","0.875529687823891","1.59201175031929","0.866401880375017","0.124461032144155","0.9626","0.385861008552229","0.248638296003681","0.412875927731033","0.315371346203322","0.349246038757466","15_15"
"10.8707369203741","1.74700423388235","0.876679641223223","1.58367406473083","0.870736920374142","0.123157784612053","0.9608","0.38549928635821","0.230502531044049","0.414974700994664","0.333994891189539","0.332867610504015","15_15"
"10.8732978813468","1.74620412049788","0.877980793723829","1.57768058666735","0.873297881346838","0.122248488536598","0.9588","0.386264227899425","0.221244885404528","0.419286705157417","0.317427950486286","0.333022042763792","15_15"
"10.8742319883088","1.74466760713105","0.878737054703447","1.57562308729","0.874231988308846","0.123405740858861","0.9594","0.384065020522331","0.223201353478868","0.417589304207162","0.35111169088814","0.33210530336486","15_15"
"10.8814018111223","1.73969579059192","0.876110664999661","1.56532192569375","0.881401811122293","0.116920565803568","0.9574","0.379850701765255","0.205805600039674","0.398948515358305","0.364251844864498","0.319591039516868","15_15"
"10.8673874567753","1.75006155677398","0.876161288123385","1.58853865753547","0.867387456775286","0.125585623491821","0.9624","0.385897765782588","0.248667612658851","0.416606317251689","0.314391545346493","0.34619543969627","15_15"
"10.8708861821853","1.74678773225515","0.878488218963035","1.58154655364606","0.870886182185316","0.124864399879966","0.9604","0.386038798839177","0.224904915041179","0.421705145995744","0.351031729473855","0.325801798046636","15_15"
"10.8680133157389","1.74838181456545","0.877172755011545","1.58395058333735","0.868013315738866","0.126484630121035","0.9608","0.386456953997108","0.235119921280559","0.425064260074668","0.335605424521191","0.325650048562696","15_15"
"10.8743683417899","1.74465064330324","0.877857748532802","1.57628549219983","0.874368341789897","0.122999838235053","0.9598","0.383221490724025","0.238042244075507","0.414294600428686","0.315548040624757","0.33278850964091","15_15"
"10.872803074841","1.74588034423566","0.87741932952522","1.58031053842826","0.872803074841003","0.122314295445167","0.9596","0.386219900147025","0.220425181826021","0.417779539829611","0.327033886143487","0.329368530074364","15_15"
"10.8723488710029","1.74629060692822","0.877701173539391","1.580693856237","0.872348871002855","0.122208235165403","0.9594","0.386278567495887","0.231147543299756","0.418521501302361","0.299136393439035","0.321166661221058","15_15"
"10.7507301479945","1.86508102080379","0.811845208541235","1.91098062702735","0.750730147994474","0.135937597359577","0.9936","0.477129588834941","0.271066285840194","0.416264951470549","0.313775623493853","0.345670346047796","15_15"
"10.8750402006014","1.74575428113269","0.877465268726059","1.57358537884814","0.875040200601414","0.120448699228294","0.9572","0.386936103245518","0.211834742646818","0.418965029308395","0.306553531864122","0.327450845315856","15_15"
"10.8718270417209","1.7474310171236","0.877223102186138","1.57680199511787","0.871827041720944","0.125398260432899","0.959","0.387294738635356","0.224762529446228","0.429177593841949","0.321719713121739","0.334730746899943","15_15"
"10.8766874029605","1.74321542059268","0.878645977891584","1.57124290343611","0.876687402960548","0.122501998454466","0.9588","0.382724885048411","0.225201236045658","0.415356893425928","0.335962107718604","0.332453694677998","15_15"
"10.8642058458734","1.75503031666516","0.874016198610508","1.59524335846521","0.864205845873394","0.126181586781566","0.9642","0.385892811334234","0.246555101300336","0.414012920817566","0.34570611585715","0.338262871950949","15_15"
"10.7096778789172","1.89677884047486","0.791588301243026","2.01221476309329","0.709677878917159","0.130862375575432","0.997","0.515961537370458","0.221574981198831","0.414110636156622","0.345527787275031","0.341937795474593","15_15"
"10.8783240164258","1.74273382149745","0.88061628066337","1.56483798575004","0.878324016425754","0.122050846164422","0.955","0.382602998132395","0.213760623991804","0.421014805529018","0.328550969946673","0.332127160574343","15_15"
"10.8718270417209","1.7474310171236","0.877223102186138","1.57680199511787","0.871827041720944","0.125398260432899","0.959","0.387294738635356","0.224762529446228","0.429177593841949","0.321719713121739","0.334730746899943","15_15"
"0.904960435526503","1.39461817857655","1.10178033860502","0.185925073306027","0.904960435526503","0.144961220967371","0.2862","0.0869782534427941","0.217428025210056","0.41854390426843","0.297891251304378","0.344144678716941","15_15"
"10.87627737301","1.74401531512235","0.879687191073999","1.56949935165987","0.87627737300995","0.122213207721025","0.9564","0.384089917613354","0.21732783862339","0.421263773178656","0.319082892608195","0.334584599879711","15_15"
"10.8718270417209","1.7474310171236","0.877223102186138","1.57680199511787","0.871827041720944","0.125398260432899","0.959","0.387294738635356","0.224762529446228","0.429177593841949","0.321719713121739","0.334730746899943","15_15"
"10.8612355991663","1.75667104203876","0.874012935151931","1.59481393721293","0.861235599166258","0.128791294592017","0.964","0.3869174339695","0.213721244143932","0.420116914520501","0.504080405293461","0.321394768219083","15_15"
"10.8710591030866","1.7492908651863","0.875491789767275","1.579898857096","0.871059103086621","0.127422963624609","0.959","0.388475572286683","0.224254200386587","0.438831874518141","0.316660962955787","0.336084268165385","15_15"
"10.8679675099338","1.74897821078898","0.876249034570518","1.58503212707767","0.86796750993377","0.128880379815738","0.9608","0.384919352697342","0.24495348307675","0.427851672915483","0.336830860370742","0.338214581538208","15_15"
"10.8746031906346","1.74627663303261","0.875798392582693","1.5769448928534","0.874603190634565","0.120070549591886","0.9588","0.386937911985399","0.22524410885313","0.415093134268109","0.284426815342158","0.332573945454928","15_15"
"10.8724462679452","1.74577897533052","0.876769413667856","1.58068401945928","0.872446267945197","0.12276736488995","0.9604","0.384656371927822","0.230754337094531","0.413924244342152","0.3286068477009","0.333759441944145","15_15"
"10.8827495394877","1.74379539977853","0.875714562331581","1.56861671662268","0.882749539487681","0.115955272858912","0.9566","0.385195156004645","0.209156857855156","0.406027974476704","0.29009661934377","0.333649176201815","15_15"
"10.8744067356614","1.74557870622226","0.875249955546675","1.57931610361848","0.874406735661378","0.120450454110891","0.96","0.385686635630726","0.21639727056663","0.411957249551639","0.335186357823421","0.332572887841895","15_15"
"10.8682806351636","1.74811481166531","0.877517223775275","1.58345175471781","0.868280635163642","0.125433063688437","0.961","0.385733974666212","0.244862430906447","0.419910750590639","0.314302548545019","0.334976073817492","15_15"
"10.8551880088076","1.76660859254068","0.869905723882099","1.62894628705287","0.855188008807552","0.128793181706107","0.969","0.387386136447769","0.233509619976581","0.404977685340433","0.515440607833655","0.332076609308317","15_15"
