"fitness","RSB_short","RC_short","RSB_long","RC_long","AAV","Blim_risk","Btarget","Blimit","delta1","delta2","delta3","scenario"
"10.0848921595436","1.00176440789154","0.176417011043277","2.06046890589341","0.0848921595436127","0.348350866538421","1","0.8","0.7","0.5","0.4","0.4","one_way"
"10.0848921595436","1.00176440789154","0.176417011043277","2.06046890589341","0.0848921595436127","0.348350866538421","1","0.8","0.7","0.5","0.4","0.4","one_way"
"0.105793386946479","0.0923448627711738","1.18661602209074","0.0107030684630159","0.105793386946479","0.1654568117097","0.0022","0.2655086631421","0.380035179434344","0.79423986072652","0.0706790471449494","0.34668348915875","one_way"
"0.101410790972372","0.0883365292339386","1.19303721156214","0.010485540686622","0.101410790972372","0.17421704980919","0.0098","0.37212389963679","0.777445221319795","0.107943625887856","0.0994661601725966","0.333774930797517","one_way"
"10.254470356613","0.870629845577343","0.336378575512012","1.79069291739722","0.254470356613021","0.288486953466238","1","0.572853363351896","0.934705231105909","0.723710946040228","0.31627170718275","0.476351245073602","one_way"
"10.1818374755743","0.773476895227167","0.449865605645512","1.69923306209172","0.181837475574268","0.210892176389109","1","0.908207789994776","0.212142521282658","0.411274429643527","0.518634263193235","0.892198335845023","one_way"
"0.139259873280213","0.144949363040023","1.15180010987066","0.0142343901486962","0.139259873280213","0.170223834370546","0.032","0.201681931037456","0.651673766085878","0.820946294115856","0.662005076417699","0.864339470630512","one_way"
"10.1412990461449","0.679826678596154","0.558157217154697","1.63392109067351","0.14129904614492","0.164263958986075","1","0.898389684967697","0.125555095961317","0.647060193819925","0.406830187188461","0.389989543473348","one_way"
"10.0440186792615","1.02766680051868","0.147896070078581","2.12455469539477","0.0440186792614781","0.379587892859658","1","0.944675268605351","0.267220668727532","0.78293276228942","0.912875924259424","0.777320698834956","one_way"
"10.2765252673854","0.667641095382373","0.568640727588516","1.48992447304505","0.276525267385375","0.181254394481551","1","0.660797792486846","0.386114092543721","0.553036311641335","0.293603372760117","0.960617997217923","one_way"
"0.320575466314417","0.283956687503431","1.01658624624599","0.562575005493259","0.320575466314417","0.0712513599729698","0.5368","0.62911404389888","0.0133903331588954","0.529719580197707","0.459065726259723","0.434659484773874","one_way"
"0.0716250749877879","0.0605096115710892","1.20663874555203","0.0073750873038749","0.0716250749877879","0.193549151450903","0","0.0617862704675645","0.382387957070023","0.789356231689453","0.332394674187526","0.712514678714797","one_way"
"0.115354621314698","0.106980703422852","1.16521044823723","0.0119328881689961","0.115354621314698","0.181253148122399","0.0322","0.205974574899301","0.86969084572047","0.023331202333793","0.65087046707049","0.399994368897751","one_way"
"0.0797715635840134","0.0656365126504425","1.21069440983013","0.00820353233704736","0.0797715635840134","0.184913630583545","0","0.176556752528995","0.34034899668768","0.477230065036565","0.258016780717298","0.325352151878178","one_way"
"10.1793131036811","0.898151323139433","0.300013672287735","1.8867900885168","0.179313103681142","0.293302023178837","1","0.687022846657783","0.482080115471035","0.7323137386702","0.478545248275623","0.757087148027495","one_way"
"10.5537330746062","0.623413619586395","0.636931997744514","1.18327083023152","0.553733074606184","0.213460306917488","0.9924","0.384103718213737","0.599565825425088","0.692731556482613","0.766310670645908","0.202692255144939","one_way"
"10.2422486017406","0.582909456359366","0.669303777130714","1.38113050047792","0.242248601740571","0.132680324349356","0.9996","0.769841419998556","0.493541307048872","0.477619622135535","0.0842469143681228","0.711121222469956","one_way"
"10.3875431228935","0.50202108771259","0.76643221331366","1.11389544744036","0.387543122893506","0.153380408477384","0.9754","0.497699242085218","0.186217601411045","0.8612094768323","0.875321330036968","0.121691921027377","one_way"
"10.136922429274","0.942774474071216","0.245234508507396","1.96232324218191","0.136922429273954","0.306133317680555","1","0.717618508264422","0.827373318606988","0.438097107224166","0.339072937844321","0.245488513959572","one_way"
"10.011550261952","1.12297387548156","0.0335674045676516","2.25265656933655","0.0115502619520401","0.534834098153432","1","0.991906094830483","0.668466738192365","0.244797277031466","0.839440350187942","0.14330437942408","one_way"
"0.0745428466346431","0.0621170622499297","1.20786338974722","0.00763884525086722","0.0745428466346431","0.189011338953307","0","0.1","0.1","0.1","0.1","0.1","one_way"
"0.07704076682295","0.0636091777442427","1.20980846616991","0.00793502549088166","0.07704076682295","0.185839526241098","0","0.2","0.2","0.2","0.2","0.2","one_way"
"0.0897031877304481","0.0760560089531762","1.20453146456515","0.00922462210273309","0.0897031877304481","0.178776316217251","0","0.3","0.3","0.3","0.3","0.3","one_way"
"0.493525249653319","0.293466634174202","1.00360629506983","0.374855332603713","0.493525249653319","0.114038361444198","0.367","0.4","0.4","0.4","0.4","0.4","one_way"
"10.4090991966041","0.635400711349926","0.617948149164133","1.30999542271367","0.409099196604084","0.188402082474246","0.9978","0.5","0.5","0.5","0.5","0.5","one_way"
"10.2348813282002","0.890098972540505","0.307221214110067","1.82556746334829","0.234881328200224","0.300480121343952","1","0.6","0.6","0.6","0.6","0.6","one_way"
"10.0823786788459","1.03834518682593","0.129550339613083","2.11078859359721","0.0823786788459007","0.41350290496688","1","0.7","0.7","0.7","0.7","0.7","one_way"
"10.0176277893782","1.11473712354006","0.0440848202125528","2.24032108344104","0.017627789378183","0.529004777804727","1","0.8","0.8","0.8","0.8","0.8","one_way"
"10.0023723678342","1.14719786597627","0.012399127159123","2.30096182210234","0.00237236783421975","0.627466241894869","1","0.9","0.9","0.9","0.9","0.9","one_way"
"10.0001734595782","1.15466807504637","0.00244480701112141","2.32394505572119","0.000173459578166161","0.583943247519343","1","1","1","1","1","1","one_way"
"10.5202330219571","0.594156794312051","0.677278490952591","1.13653165420068","0.520233021957145","0.190967269685512","0.9772","0.394409432044729","0.566735605648258","0.533092761525","0.742126922225217","0.489993319253895","one_way"
"10.2033353810451","0.669704105753888","0.566491358932816","1.54832547979921","0.203335381045129","0.158350271282725","1","0.798834592471132","0.552732691636035","0.497744750783006","0.0999382833836473","0.437900091259313","one_way"
"10.1996213541174","0.919285408396947","0.275690405358437","1.888783373371","0.199621354117414","0.319538511228498","1","0.647865580451699","0.44466752752916","0.615025644303536","0.857365033874021","0.2235250229477","one_way"
"10.5537330746062","0.623413619586395","0.636931997744514","1.18327083023152","0.553733074606184","0.213460306917488","0.9924","0.384103718213737","0.599565825425088","0.692731556482613","0.766310670645908","0.202692255144939","one_way"
"10.4090991966041","0.635400711349926","0.617948149164133","1.30999542271367","0.409099196604084","0.188402082474246","0.9978","0.5","0.5","0.5","0.5","0.5","one_way"
"10.0443642841342","1.06819816553054","0.0962283386168972","2.17160835799749","0.0443642841342209","0.440285877025363","1","0.770279752166576","0.866982200068412","0.798751538385257","0.473186406434961","0.632147647814325","one_way"
"10.0521404654412","0.99491032184669","0.191753547516258","2.08386169917495","0.0521404654412158","0.323627322208604","1","0.936241794847101","0.351511492563791","0.800247781191597","0.418227051500319","0.648138199871464","one_way"
"10.106646017795","0.86314918762538","0.349318029974767","1.88569012942905","0.106646017794965","0.244590648451708","1","0.899839652230341","0.22939127088818","0.680350647410299","0.458754805097539","0.650902519222285","one_way"
"10.5537330746062","0.623413619586395","0.636931997744514","1.18327083023152","0.553733074606184","0.213460306917488","0.9924","0.384103718213737","0.599565825425088","0.692731556482613","0.766310670645908","0.202692255144939","one_way"
"10.1909156980343","0.694502414599681","0.53357721438817","1.60803514021917","0.190915698034256","0.17248934710777","1","0.759535706167565","0.526371526825703","0.637258417093148","0.108430662788813","0.423820158360999","one_way"
"10.0930357167235","0.99171964274305","0.18644084790052","2.04691439300498","0.0930357167235127","0.34477784153679","1","0.776930481447575","0.670855634644331","0.575660385464049","0.412179380895121","0.446407809756357","one_way"
"10.146960167777","1.00458862261738","0.167890573650103","2.03089979822744","0.146960167777042","0.393674752247463","1","0.602573611185321","0.867723031037497","0.724959407654971","0.643085300747789","0.644203597259277","one_way"
"10.2667461670567","0.572630959848229","0.680488012015258","1.34539298117108","0.266746167056681","0.135260703388803","0.999","0.706928371297653","0.484336611319213","0.517756962484899","0.103472296845092","0.811482975801423","one_way"
"10.1951212604815","0.631129423052317","0.611853462815723","1.50288002691189","0.1951212604815","0.152325139134866","0.9998","0.882678458311328","0.16355636226358","0.496430453212016","0.34743899912556","0.360679021037701","one_way"
"10.2367869319592","0.8103964066494","0.40600057216229","1.71821832001339","0.236786931959212","0.245857314081828","1","0.672494366028374","0.388349802807392","0.567271122057002","0.553822669217684","0.0222068231087178","one_way"
"10.0541010500991","1.01031765712443","0.171154237793896","2.09978157696425","0.0541010500991167","0.342078539237183","1","0.944455119240557","0.408535416378129","0.647107077009027","0.440096640126568","0.749244030008706","one_way"
"10.2357105087509","0.717421775346916","0.513086256388662","1.59145502629235","0.235710508750882","0.190720240972511","1","0.72371084118775","0.39531878827338","0.512898971291971","0.274377990283148","0.860256243886456","one_way"
"10.0776323786053","0.981696573100831","0.201643148115601","2.04584611457456","0.0776323786053082","0.336565661673415","1","0.861072688248792","0.323946669167526","0.745190801860421","0.655729740037009","0.755435375857838","one_way"
"10.0017140504513","1.14836685550799","0.0107519847145903","2.30611725907746","0.00171405045129606","0.619833214403325","1","0.962147890120595","0.774043603397527","0.846812412628328","0.988603135688142","0.741851343601884","one_way"
"10.0361350384633","1.07801021668196","0.0846115721397531","2.18736069913983","0.0361350384633181","0.455879613433422","1","0.788303426458472","0.797764289736329","0.785765189584334","0.539780703542433","0.915089293163514","one_way"
"10.1016315573593","0.990095136424245","0.185821809653518","2.04208102339252","0.101631557359338","0.350181497565787","1","0.733329734920791","0.789372052304725","0.588726847832075","0.398464125907222","0.274799036395218","one_way"
"10.2283523215214","0.812659597480491","0.404040092991817","1.73641196404098","0.228352321521416","0.249663982630114","1","0.649833661633519","0.441550073881884","0.746183832528764","0.417956296162947","0.298166898079677","one_way"
"10.1523653319491","0.890758831126239","0.310911967155891","1.88400488131036","0.152365331949073","0.277887348682099","1","0.770061569363351","0.352226559398275","0.613445307415927","0.557026198500979","0.739197891296205","one_way"
"10.1185168020426","0.954998341970788","0.229879197852187","1.9869860432398","0.118516802042641","0.312302594180811","1","0.771006827527424","0.640808615412837","0.479874871352529","0.384308630984476","0.673221131210643","one_way"
"10.1817159785284","0.680513046080122","0.558611646433946","1.59491051370808","0.181715978528375","0.174238261527252","1","0.830177893986028","0.164534571526972","0.607046561802468","0.452159659156403","0.597515040101677","one_way"
"10.1739828673338","0.928522508240314","0.264196103625157","1.9228576255633","0.17398286733379","0.315478003854498","1","0.668211790981669","0.561020524434345","0.640013632017457","0.554670528032058","0.392474503371671","one_way"
"10.1598988104795","0.915232300424652","0.278770837097892","1.91800416885265","0.159898810479536","0.297519245916285","1","0.710092365210208","0.511224480826704","0.656653353206151","0.466365867380502","0.710679338271137","one_way"
"10.0047465396244","1.13650282611223","0.0203166474536207","2.28397258777277","0.00474653962444078","0.596053878558948","1","0.898550032737356","0.796163825073137","0.866709546409626","0.848075382090923","0.639087024251063","one_way"
"10.254470356613","0.870629845577343","0.336378575512012","1.79069291739722","0.254470356613021","0.288486953466238","1","0.572853363351896","0.934705231105909","0.723710946040228","0.31627170718275","0.476351245073602","one_way"
"10.1016232167222","1.0293774125967","0.139307708892271","2.09246392038136","0.101623216722196","0.408625742925013","1","0.656455943708456","0.877979230665915","0.761452906469226","0.573417891405165","0.498236568050719","one_way"
"10.0769313599357","1.00765198443924","0.175356178783054","2.06966985817269","0.0769313599356892","0.347404599180353","1","0.82162647410713","0.664720793632216","0.588248067220653","0.369978429896277","0.454294018268131","one_way"
"10.254470356613","0.870629845577343","0.336378575512012","1.79069291739722","0.254470356613021","0.288486953466238","1","0.572853363351896","0.934705231105909","0.723710946040228","0.31627170718275","0.476351245073602","one_way"
"10.0481836110891","1.05384443704384","0.117192883098544","2.14972444838501","0.0481836110890903","0.406259033009231","1","0.818568808346669","0.743514884263277","0.664014753149354","0.442700101677633","0.65675375552943","one_way"
"10.3013031097566","0.672220305434932","0.566650236830166","1.47766783421641","0.301303109756636","0.19287335008327","1","0.61642791782698","0.341271280085152","0.64332025785488","0.418702117004265","0.537610734558392","one_way"
"10.0302848749725","1.07941434063388","0.0822787168129406","2.19136936579462","0.0302848749724644","0.444354948344917","1","0.868824151669669","0.690008113215924","0.578069603012107","0.571822182869084","0.467271883738586","one_way"
"10.2586037381277","0.83642131699864","0.376725442615316","1.74451109942083","0.258603738127695","0.264247022674617","1","0.580978799152314","0.855132899019996","0.614458300018818","0.316961371471255","0.385341443232185","one_way"
"10.5202330219571","0.594156794312051","0.677278490952591","1.13653165420068","0.520233021957145","0.190967269685512","0.9772","0.394409432044729","0.566735605648258","0.533092761525","0.742126922225217","0.489993319253895","one_way"
"10.3026403528492","0.775300714160313","0.449599067258072","1.61447664547237","0.302640352849171","0.239346028182209","1","0.583272259993585","0.497578289614788","0.542401224604708","0.53711447437411","0.0385519521239058","one_way"
"10.020941282187","1.10935226949804","0.049576545071254","2.23170066356057","0.0209412821869777","0.511662247264377","1","0.812530997226555","0.712999087056786","0.670081298548323","0.89322970310703","0.505023808967537","one_way"
"10.1889854565293","0.721592538603974","0.504242477719582","1.64372428799532","0.188985456529337","0.184210632573681","1","0.752267361891956","0.535591830811058","0.637582652792437","0.129249300446169","0.398583819646385","one_way"
"10.4808097410548","0.579990025143285","0.679838143924336","1.16500189818877","0.480809741054752","0.182802123581132","0.9896","0.433577812360239","0.56047046781763","0.628484308132079","0.4830274143477","0.31613243339773","one_way"
"10.5180364234214","0.580136624541396","0.695938966456253","1.10388595030509","0.518036423421404","0.18310563920723","0.967","0.394409432044729","0.566735605648258","0.460255289217457","0.742126922225217","0.489993319253895","one_way"
"10.1243054937055","0.908036811149834","0.288770369551029","1.92401722134965","0.12430549370552","0.274013095894892","1","0.852277671411096","0.405993023656711","0.496210765613475","0.400363334404381","0.667369894903497","one_way"
"10.2078996020123","0.662118770065656","0.576548916853984","1.53459639411496","0.20789960201234","0.160376203369569","1","0.757001580049594","0.494555696938457","0.590495708567093","0.107230497595617","0.542573931980654","one_way"
"10.1049718538898","0.927983859825797","0.265041356885663","1.96926600697031","0.104971853889757","0.292415576854407","1","0.831331736370773","0.365817768699775","0.70693392437662","0.450646975664244","0.538532650583895","one_way"
"10.1734355331129","0.923527568952158","0.269276654649413","1.91915224664602","0.173435533112873","0.310542188390676","1","0.675480135257278","0.55180022044899","0.639689396318168","0.533851890374702","0.417710842086285","one_way"
"10.2438406302613","0.793363114815129","0.426882225699267","1.69084548988445","0.243840630261308","0.239379262777778","1","0.652922649085518","0.396320348592501","0.63717515321985","0.493715540011141","0.415783007879158","one_way"
"10.1996213541174","0.919285408396947","0.275690405358437","1.888783373371","0.199621354117414","0.319538511228498","1","0.647865580451699","0.44466752752916","0.615025644303536","0.857365033874021","0.2235250229477","one_way"
"10.014035313127","1.10719609176524","0.0561789094805801","2.24149066082769","0.0140353131270184","0.487003247529104","1","0.926547374341615","0.731900150985072","0.752391499544054","0.507552813476232","0.683235344390704","one_way"
"10.1332184879929","0.914201308033071","0.280761852577997","1.93128205140455","0.133218487992944","0.291213020566855","1","0.766972581911352","0.397456284687658","0.722453986724842","0.481266954652785","0.621581781496725","one_way"
"10.2294991775268","0.821240040188434","0.393786119205523","1.74162652321062","0.229499177526836","0.248546683055467","1","0.657454277151152","0.523431968926672","0.582004210835434","0.3867555531433","0.698042797548632","one_way"
"10.2478081786016","0.612868588500593","0.63678023357785","1.42130688262568","0.247808178601585","0.147812387260731","1","0.709462497415624","0.516152441206459","0.564519671010953","0.104672462038288","0.692729202181768","one_way"
"10.2367869319592","0.8103964066494","0.40600057216229","1.71821832001339","0.236786931959212","0.245857314081828","1","0.672494366028374","0.388349802807392","0.567271122057002","0.553822669217684","0.0222068231087178","one_way"
"10.5202330219571","0.594156794312051","0.677278490952591","1.13653165420068","0.520233021957145","0.190967269685512","0.9772","0.394409432044729","0.566735605648258","0.533092761525","0.742126922225217","0.489993319253895","one_way"
"10.5537330746062","0.623413619586395","0.636931997744514","1.18327083023152","0.553733074606184","0.213460306917488","0.9924","0.384103718213737","0.599565825425088","0.692731556482613","0.766310670645908","0.202692255144939","one_way"
"10.0874843696439","1.02042841019755","0.157324105022605","2.08024202930416","0.0874843696439338","0.376465176836246","1","0.725204299120373","0.868944384390638","0.697979493853486","0.397774461618717","0.365808838236635","one_way"
"10.3289333867492","0.690061173777548","0.547268527412721","1.46374118829296","0.328933386749249","0.202361089136489","0.9998","0.589222106034789","0.390771513192605","0.524869897452294","0.516708194843574","0.483654870984812","one_way"
"10.1996213541174","0.919285408396947","0.275690405358437","1.888783373371","0.199621354117414","0.319538511228498","1","0.647865580451699","0.44466752752916","0.615025644303536","0.857365033874021","0.2235250229477","one_way"
"10.0901367079802","1.03290749649797","0.131414178529327","2.09904964508121","0.0901367079802209","0.412466598620079","1","0.678982082200697","0.682849609539775","0.598010283593188","0.848626787908406","0.247168354328235","one_way"
"10.1752962314054","0.892211683229278","0.310834336771882","1.87543813941499","0.175296231405362","0.279037725682352","1","0.702213233171794","0.551189970294111","0.605742208542424","0.407202371872837","0.251155705014683","one_way"
"0.490048179812222","0.3175363471962","0.981212876300957","0.496012829213975","0.490048179812222","0.100933685574196","0.4818","0.394409432044729","0.566735605648258","0.460255289217457","0.239086773013696","0.489993319253895","one_way"
"10.2780361352815","0.88419612091564","0.31157994776619","1.79275517459509","0.278036135281499","0.315794038166709","1","0.551964161533422","0.587894027039911","0.658775472180841","0.783896422530477","0.222714029537571","one_way"
"10.511291056568","0.538448630938362","0.737080627198152","1.03905513126663","0.511291056568018","0.165291545920183","0.9564","0.406150776149719","0.540727872304993","0.534215105875269","0.568625450849645","0.600850155980731","one_way"
"10.5193107464189","0.585311245386214","0.689091910758593","1.11258953189018","0.519310746418936","0.185224416338951","0.971","0.394409432044729","0.566735605648258","0.48521943872035","0.742126922225217","0.489993319253895","one_way"
"10.5202330219571","0.594156794312051","0.677278490952591","1.13653165420068","0.520233021957145","0.190967269685512","0.9772","0.394409432044729","0.566735605648258","0.533092761525","0.742126922225217","0.489993319253895","one_way"
"10.1784551486008","0.914236074406172","0.283238868486016","1.89866535409313","0.178455148600789","0.301378888040674","1","0.681221546521642","0.513143851986192","0.623900406572137","0.547166298238153","0.38990179468502","one_way"
"10.3058369656634","0.63943136110593","0.599573668364641","1.42645106217268","0.305836965663396","0.174321866372015","1","0.611585952341022","0.555062840878024","0.536115089039455","0.215431581952214","0.425025998181282","one_way"
"10.0482448970189","1.0692618363128","0.0955666468527481","2.16067963090997","0.0482448970188744","0.439837743197182","1","0.76612159285392","0.680529773922145","0.651563216348457","0.730498000750582","0.526602720248865","one_way"
"10.1104099897278","0.968042109778953","0.21974374428564","2.00377509166012","0.110409989727835","0.322634405954442","1","0.766702259013497","0.62335848630583","0.600656058543628","0.391067638009068","0.420708570957387","one_way"
"10.2569183184541","0.770703631275421","0.453043778370756","1.65138751687143","0.256918318454077","0.230163071243562","1","0.644557333871788","0.38177900843842","0.62869349119638","0.495590986609677","0.477116110477586","one_way"
"10.5537330746062","0.623413619586395","0.636931997744514","1.18327083023152","0.553733074606184","0.213460306917488","0.9924","0.384103718213737","0.599565825425088","0.692731556482613","0.766310670645908","0.202692255144939","one_way"
"10.4233456256473","0.71373393580027","0.52195717101112","1.4403318781115","0.423345625647348","0.237952717130959","0.9996","0.480005137132014","0.456339325914338","0.648981728605308","0.839779281989451","0.203503248555068","one_way"
"10.5202330219571","0.594156794312051","0.677278490952591","1.13653165420068","0.520233021957145","0.190967269685512","0.9772","0.394409432044729","0.566735605648258","0.533092761525","0.742126922225217","0.489993319253895","one_way"
"10.5202330219571","0.594156794312051","0.677278490952591","1.13653165420068","0.520233021957145","0.190967269685512","0.9772","0.394409432044729","0.566735605648258","0.533092761525","0.742126922225217","0.489993319253895","one_way"
"10.1303948911765","0.963970878585619","0.222275947972732","1.99043558548863","0.130394891176529","0.330408249211753","1","0.705479655599642","0.717559120789114","0.657433931295358","0.400976719162933","0.293837134126372","one_way"
"10.3101035260233","0.727612678739305","0.504285551183066","1.54354556438829","0.310103526023292","0.218546121371619","1","0.588418095236473","0.420469134195298","0.609007859517583","0.503962234047073","0.0977984502526942","one_way"
"10.2458757034665","0.77764412325052","0.445552695838054","1.66913343625405","0.245875703466479","0.2261978800856","1","0.653036950772265","0.48796359758052","0.584928577916056","0.353874559021749","0.599377885178328","one_way"
"10.5537330746062","0.623413619586395","0.636931997744514","1.18327083023152","0.553733074606184","0.213460306917488","0.9924","0.384103718213737","0.599565825425088","0.692731556482613","0.766310670645908","0.202692255144939","one_way"
"10.2364120770092","0.838622698271428","0.372630937352308","1.75966647285989","0.236412077009207","0.261676957330255","1","0.64777681384263","0.473429504011991","0.570568518306976","0.526867780338179","0.35653650975037","one_way"
"10.1629921958314","0.924094506857236","0.269912629882286","1.92142708464002","0.162992195831403","0.308226932315081","1","0.704291127095058","0.4728563711551","0.594616737398433","0.60816293689056","0.316876339951141","one_way"
"10.2548820845191","0.84429782081285","0.361862656493757","1.75503848463266","0.254882084519114","0.27906415269941","1","0.619736164406891","0.404159799175893","0.629652410962036","0.780476164268608","0.284019647028505","one_way"
"10.3323227114953","0.794032420913866","0.425771006066922","1.62083842325942","0.332322711495282","0.258966348669872","1","0.535090841595662","0.547264595581292","0.561722852970439","0.655944640719172","0.463551140718998","one_way"
"10.3844532733404","0.718387978230872","0.51550858353143","1.47680296072028","0.384453273340408","0.226351776884321","1","0.503835503470286","0.551997073700895","0.600668233558258","0.543702698015261","0.463603132812734","one_way"
"10.186124583284","0.868009843125151","0.339236348895724","1.83311577802688","0.186124583284044","0.268013082799084","1","0.707846864179152","0.437682655918888","0.624767161896875","0.472626331898351","0.449368455189902","one_way"
"10.2602368625133","0.85529249135858","0.34995398662063","1.76067794533243","0.260236862513254","0.278887256631535","1","0.592787161746236","0.565928502241474","0.538166736509166","0.605626596082793","0.277545891455845","one_way"
"10.1743539277418","0.881410030648774","0.323894768863197","1.86249618555853","0.174353927741805","0.272082032199443","1","0.718911395822013","0.467115506354027","0.628707890523836","0.439448036082037","0.232207047909065","one_way"
"10.5191246492515","0.589587726829771","0.683449287600712","1.12301784881382","0.519124649251522","0.187840628663038","0.9746","0.394409432044729","0.566735605648258","0.508128612022107","0.742126922225217","0.489993319253895","one_way"
"10.2045238129427","0.898664858677797","0.30104442300262","1.85938828309014","0.204523812942677","0.295456952332373","1","0.645712933046162","0.549439702269937","0.580881866485165","0.560257024518872","0.587185960821796","one_way"
"10.20983142269","0.883548276566806","0.314014559009752","1.83942461296209","0.209831422689966","0.298102734648521","1","0.662837322199614","0.373740593219793","0.661838340054747","0.830385908484459","0.516031823277064","one_way"
"10.1199153020816","0.97267484644024","0.212844928199485","2.00471756035298","0.119915302081584","0.333878787000147","1","0.721937876692525","0.702575233895635","0.646287771100551","0.404000114328622","0.323127409124946","one_way"
"10.1203294421513","0.977326986502294","0.200419767342388","2.01423489246281","0.120329442151267","0.35209274014321","1","0.726320514448479","0.484671672909817","0.713102679699659","0.670797628177648","0.485645648148754","one_way"
"10.1966804541176","0.894128802618592","0.305132358364103","1.86083540267883","0.196680454117646","0.292771513307626","1","0.668910368851656","0.447811110999146","0.660188400874663","0.626495565719001","0.263506397519365","one_way"
"10.0710318568079","1.03838333082565","0.128575895144419","2.11614197723229","0.0710318568079083","0.405329218768635","1","0.744092205500499","0.668714472167428","0.601180869242723","0.667863309463495","0.357833412051251","one_way"
"10.2667722196632","0.857296641494833","0.346946389591985","1.76334721429259","0.266772219663201","0.288447389433521","1","0.583895345319272","0.542989479947195","0.602149659257617","0.64652777129162","0.482693972979672","one_way"
"10.5537330746062","0.623413619586395","0.636931997744514","1.18327083023152","0.553733074606184","0.213460306917488","0.9924","0.384103718213737","0.599565825425088","0.692731556482613","0.766310670645908","0.202692255144939","one_way"
"10.3965255741702","0.713099251377355","0.524588659302495","1.45192712799916","0.396525574170167","0.224240857039044","0.9998","0.491735633247099","0.536889977687254","0.529879359336628","0.642765449171751","0.397201140959243","one_way"
"10.2276488554826","0.805741683871925","0.411826204586241","1.72857463066825","0.227648855482577","0.243398203063874","1","0.653036950772265","0.48796359758052","0.707990671508014","0.353874559021749","0.599377885178328","one_way"
"10.1860107136238","0.896784145655674","0.303209099088833","1.87095385391023","0.186010713623757","0.28812385050512","1","0.690195939161486","0.498852117533519","0.55046271606505","0.53115297926577","0.422938948774174","one_way"
"10.447318277957","0.734258924729964","0.497750654606805","1.46290117943074","0.447318277957014","0.2506821153477","1","0.45185841450659","0.575259317549501","0.663330203711448","0.775591235349782","0.203480838162171","one_way"
"10.1701038082213","0.869786972109651","0.337900549146284","1.84601325827948","0.170103808221348","0.259557764393315","1","0.737358959482347","0.496481793640274","0.590983085766111","0.35575210329181","0.566430279195196","one_way"
"10.1750184018098","0.898956665716784","0.300201588969806","1.88374126222358","0.175018401809806","0.291952157388018","1","0.712838349169971","0.393044988574673","0.630357829703919","0.643338378847495","0.484732473666765","one_way"
"10.3950476048253","0.69461215581993","0.542358132891317","1.42730079618806","0.395047604825283","0.215248797628096","0.9996","0.495499558431205","0.548877129947269","0.548744085280158","0.556919623591314","0.297482469489612","one_way"
"10.5202330219571","0.594156794312051","0.677278490952591","1.13653165420068","0.520233021957145","0.190967269685512","0.9772","0.394409432044729","0.566735605648258","0.533092761525","0.742126922225217","0.489993319253895","one_way"
"10.17031809498","0.893498565367584","0.308883675165833","1.8798600060411","0.170318094980025","0.279138062483352","1","0.712865752900262","0.519470493056785","0.606588849096087","0.423203433898014","0.27057189882891","one_way"
"10.4245391893385","0.650416811101637","0.603893309647535","1.31647290760436","0.424539189338485","0.201068337447637","0.9974","0.487327968849996","0.438327609896287","0.545483212957775","0.689169532680976","0.290309300016977","one_way"
"10.1565378021466","0.957573808679349","0.223008697967157","1.97223502174866","0.156537802146601","0.340061304587671","1","0.663261335573656","0.591240425019965","0.633229775714684","0.647561352222101","0.10102623119019","one_way"
"10.4366008312153","0.635920425246215","0.616763785705659","1.30078923951706","0.436600831215327","0.197472113814735","0.9982","0.474116137772124","0.499260999578809","0.61407923460381","0.54737785670392","0.17256780162639","one_way"
"10.2172615919809","0.851581727754537","0.359522091469684","1.80247782647094","0.217261591980925","0.281551500343446","1","0.644557333871788","0.38177900843842","0.985662204911932","0.495590986609677","0.477116110477586","one_way"
"10.4912749841521","0.601313723182917","0.665907180348988","1.1748302607804","0.491274984152052","0.190262198610485","0.9886","0.423124888705256","0.534998994468765","0.563464613179136","0.650421979041483","0.299261418388786","one_way"
"10.5001791931955","0.609435344996638","0.655613356512105","1.19298581135592","0.500179193195516","0.198511328688432","0.9908","0.425133509735139","0.481181771560223","0.654118518166362","0.726912255314367","0.310865836544639","one_way"
"10.5537330746062","0.623413619586395","0.636931997744514","1.18327083023152","0.553733074606184","0.213460306917488","0.9924","0.384103718213737","0.599565825425088","0.692731556482613","0.766310670645908","0.202692255144939","one_way"
"10.2548820845191","0.84429782081285","0.361862656493757","1.75503848463266","0.254882084519114","0.27906415269941","1","0.619736164406891","0.404159799175893","0.629652410962036","0.780476164268608","0.284019647028505","one_way"
"10.5210637240617","0.617575128341562","0.647219841006117","1.19782389672335","0.521063724061677","0.20694692620777","0.9908","0.412250440839161","0.480645833789926","0.678383081376473","0.830498717285577","0.202714665537836","one_way"
"10.3204109044171","0.824077880776832","0.388428382746062","1.67891806479911","0.320410904417103","0.281057415625035","1","0.541119189932942","0.520773960041577","0.687660181396386","0.72289504798906","0.127922903771243","one_way"
"10.3323227114953","0.794032420913866","0.425771006066922","1.62083842325942","0.332322711495282","0.258966348669872","1","0.535090841595662","0.547264595581292","0.561722852970439","0.655944640719172","0.463551140718998","one_way"
"10.511291056568","0.538448630938362","0.737080627198152","1.03905513126663","0.511291056568018","0.165291545920183","0.9564","0.406150776149719","0.540727872304993","0.534215105875269","0.568625450849645","0.600850155980731","one_way"
"10.1219650463547","0.966706538108975","0.219814957055122","1.99594816938507","0.121965046354655","0.328132370170767","1","0.730707479074597","0.653668608367264","0.614924355963188","0.418041677496935","0.562357426252356","one_way"
"10.2295588361564","0.84637807649848","0.363324496036231","1.77215428816678","0.2295588361564","0.266961387843971","1","0.642254601349707","0.524357127444343","0.603075068965123","0.471826438158126","0.247935122381172","one_way"
"10.1518750612768","0.952924749239605","0.229834311103871","1.96753491498169","0.151875061276824","0.333656259446422","1","0.688451064551589","0.514824763135401","0.621567438301326","0.666330882275395","0.563623179174837","one_way"
"10.1825580426803","0.893491701642137","0.307232198170435","1.8734604448536","0.182558042680329","0.282119071534631","1","0.682380250303415","0.614840290246075","0.594601550693573","0.389190093739006","0.453656176940519","one_way"
"10.1852680013961","0.975253008660478","0.244014567294506","1.93853993716227","0.185268001396064","0.138234188834642","1","0.8","0.7","0.5","0.4","0.4","roller_coaster"
"10.1852680013961","0.975253008660478","0.244014567294506","1.93853993716227","0.185268001396064","0.138234188834642","1","0.8","0.7","0.5","0.4","0.4","roller_coaster"
"1.22444725176187","0.691191591281315","0.599548959171377","0.651154756423234","1.22444725176187","0.121236548859318","0.7634","0.2655086631421","0.380035179434344","0.79423986072652","0.0706790471449494","0.34668348915875","roller_coaster"
"10.6127619958799","0.715263487489534","0.565519488388514","1.17933201147401","0.612761995879883","0.0315533617813853","0.9976","0.37212389963679","0.777445221319795","0.107943625887856","0.0994661601725966","0.333774930797517","roller_coaster"
"10.4745448193712","0.901880144675014","0.332248922459727","1.63874564099386","0.474544819371229","0.143099911676237","1","0.572853363351896","0.934705231105909","0.723710946040228","0.31627170718275","0.476351245073602","roller_coaster"
"10.2224847465257","0.878911400196169","0.357608151987541","1.77563493934827","0.222484746525703","0.0723515989055133","1","0.908207789994776","0.212142521282658","0.411274429643527","0.518634263193235","0.892198335845023","roller_coaster"
"1.25397976955787","0.644689976481042","0.659248720430847","0.420192759468487","1.25397976955787","0.118126635087581","0.378","0.201681931037456","0.651673766085878","0.820946294115856","0.662005076417699","0.864339470630512","roller_coaster"
"10.1588613438737","0.930106710076222","0.294405587298556","1.90748761870453","0.158861343873676","0.100703564253525","1","0.898389684967697","0.125555095961317","0.647060193819925","0.406830187188461","0.389989543473348","roller_coaster"
"10.0946264188139","1.00012817973049","0.213857644481217","2.0491801877844","0.0946264188138957","0.149295936849991","1","0.944675268605351","0.267220668727532","0.78293276228942","0.912875924259424","0.777320698834956","roller_coaster"
"10.3870404235023","0.855178723472422","0.385432322375335","1.62271965074353","0.387040423502342","0.0928824598955379","1","0.660797792486846","0.386114092543721","0.553036311641335","0.293603372760117","0.960617997217923","roller_coaster"
"10.4388719323327","0.831374088722405","0.419825225288182","1.54094452800552","0.438871932332749","0.0841345896921097","1","0.62911404389888","0.0133903331588954","0.529719580197707","0.459065726259723","0.434659484773874","roller_coaster"
"0.628179923715128","0.538080058203682","0.80320913546652","0.0681289444243574","0.628179923715128","0.142699052536762","0.005","0.0617862704675645","0.382387957070023","0.789356231689453","0.332394674187526","0.712514678714797","roller_coaster"
"10.5977964166228","0.703043959598529","0.579387224921479","1.16798613808781","0.59779641662276","0.0211353921344276","0.9908","0.205974574899301","0.86969084572047","0.023331202333793","0.65087046707049","0.399994368897751","roller_coaster"
"1.15265710078772","0.659172429242506","0.634398987323537","0.641354616788422","1.15265710078772","0.0805550627766268","0.7458","0.176556752528995","0.34034899668768","0.477230065036565","0.258016780717298","0.325352151878178","roller_coaster"
"10.3140938631962","0.920537513433582","0.30619090443196","1.77978543191377","0.314093863196181","0.132836623628548","1","0.687022846657783","0.482080115471035","0.7323137386702","0.478545248275623","0.757087148027495","roller_coaster"
"10.9307060052957","0.773429903392382","0.496512210470986","1.09580810316332","0.93070600529568","0.120370001511791","0.9894","0.384103718213737","0.599565825425088","0.692731556482613","0.766310670645908","0.202692255144939","roller_coaster"
"10.2904815958817","0.870697831284253","0.367846417855604","1.70616624542663","0.290481595881749","0.080506948359048","1","0.769841419998556","0.493541307048872","0.477619622135535","0.0842469143681228","0.711121222469956","roller_coaster"
"10.7462815619055","0.827951821099551","0.424010312087879","1.34820690683135","0.746281561905523","0.13449424743032","0.9982","0.497699242085218","0.186217601411045","0.8612094768323","0.875321330036968","0.121691921027377","roller_coaster"
"10.2602538716896","0.932939948951981","0.292802494807826","1.8277081547415","0.260253871689646","0.118188403158876","1","0.717618508264422","0.827373318606988","0.438097107224166","0.339072937844321","0.245488513959572","roller_coaster"
"10.0674261759279","1.07661444980857","0.114253940352055","2.1471855663788","0.0674261759278904","0.238698550163065","1","0.991906094830483","0.668466738192365","0.244797277031466","0.839440350187942","0.14330437942408","roller_coaster"
"10.7338051562473","0.690382086367062","0.600941253441323","1.0311484052833","0.733805156247319","0.0321006030418298","0.9708","0.1","0.1","0.1","0.1","0.1","roller_coaster"
"5.80239912184415","0.693063738174646","0.598873261917572","0.982635375490981","0.802399121844153","0.0451012788899467","0.9788","0.2","0.2","0.2","0.2","0.2","roller_coaster"
"10.7991818459448","0.709745947346075","0.575663163745521","1.03215805889653","0.799181845944797","0.0581771597184839","0.9932","0.3","0.3","0.3","0.3","0.3","roller_coaster"
"10.7321326990265","0.743323860237109","0.52841566704617","1.16371278240352","0.732132699026498","0.0720487077165185","0.999","0.4","0.4","0.4","0.4","0.4","roller_coaster"
"10.6025233051856","0.801086246001161","0.455753782338367","1.36626924407869","0.602523305185585","0.0896059297297115","1","0.5","0.5","0.5","0.5","0.5","roller_coaster"
"10.4280082602108","0.890828103330236","0.348050866920029","1.64425615433398","0.428008260210789","0.12181287589991","1","0.6","0.6","0.6","0.6","0.6","roller_coaster"
"10.2329198994972","0.994579631323853","0.224734420734271","1.92225688774623","0.232919899497157","0.177288464459262","1","0.7","0.7","0.7","0.7","0.7","roller_coaster"
"10.090298404651","1.07317888172525","0.118808444547807","2.13330436397896","0.0902984046510002","0.256371991854051","1","0.8","0.8","0.8","0.8","0.8","roller_coaster"
"10.0239614579353","1.1288342609665","0.052329396825246","2.24604244597606","0.0239614579353117","0.362226999816756","1","0.9","0.9","0.9","0.9","0.9","roller_coaster"
"10.0041759013302","1.15858478215099","0.0194332110681444","2.29836266781129","0.00417590133022416","0.492166995753598","1","1","1","1","1","1","roller_coaster"
"10.6417967322118","0.705303017042173","0.578377185351571","1.13341460243982","0.641796732211782","0.0298527148190102","0.9916","0.297487932552505","0.47640330704909","0.0946786467433169","0.312440718372414","0.356504429203505","roller_coaster"
"10.2377601251372","0.994451229298753","0.224950204279771","1.92038875149489","0.237760125137205","0.176262039537241","1","0.680909547139254","0.821040745468509","0.631812734112756","0.653311962231858","0.663453985212529","roller_coaster"
"10.5794917343298","0.755768399205679","0.513649086835073","1.29754575921685","0.579491734329799","0.0570348484716975","1","0.501473040623319","0.156411481630747","0.312150391871989","0.115814819026258","0.389865871565848","roller_coaster"
"10.9307060052957","0.773429903392382","0.496512210470986","1.09580810316332","0.93070600529568","0.120370001511791","0.9894","0.384103718213737","0.599565825425088","0.692731556482613","0.766310670645908","0.202692255144939","roller_coaster"
"10.6127619958799","0.715263487489534","0.565519488388514","1.17933201147401","0.612761995879883","0.0315533617813853","0.9976","0.37212389963679","0.777445221319795","0.107943625887856","0.0994661601725966","0.333774930797517","roller_coaster"
"10.1153636483913","1.00275023723056","0.206858647951262","2.03139896081045","0.115363648391277","0.159516333126153","1","0.886493208842698","0.382970232505234","0.778302600097896","0.633931180883236","0.63349523712475","roller_coaster"
"10.5225326397833","0.78134851330712","0.481583216730969","1.39011367876413","0.522532639783312","0.062945656862358","1","0.557562774501158","0.417690289233564","0.357123493964944","0.0864709355204678","0.494821230518233","roller_coaster"
"10.1048997298955","1.02476264892271","0.179744048250776","2.06821682494953","0.104899729895515","0.179253711944424","1","0.878792713946204","0.538114059279123","0.754383620769219","0.522919166509779","0.830199016624967","roller_coaster"
"10.9307060052957","0.773429903392382","0.496512210470986","1.09580810316332","0.93070600529568","0.120370001511791","0.9894","0.384103718213737","0.599565825425088","0.692731556482613","0.766310670645908","0.202692255144939","roller_coaster"
"5.82726302359192","0.693902071646259","0.597532711575117","0.96449619060059","0.827263023591921","0.0497140574285507","0.9794","0.208486642346796","0.69328753867138","0.228652555590476","0.638429748698076","0.343489939694246","roller_coaster"
"10.217922484349","0.952268307590358","0.270053324023683","1.88556257576694","0.217922484349036","0.12770259095231","1","0.771575421987879","0.658021244428085","0.517272968036004","0.383501929428455","0.472859114377525","roller_coaster"
"10.521888343962","0.81798863470434","0.433816993763245","1.46333171036035","0.521888343962044","0.089174850171957","1","0.558182059762653","0.384250436222298","0.504630162191524","0.778944743376188","0.643825461710206","roller_coaster"
"10.6955537449698","0.726766983154639","0.548418471896812","1.13805069782748","0.695553744969807","0.0513942126273768","0.9978","0.317918127192285","0.829446282536197","0.223797224244653","0.627832817701319","0.399996634046451","roller_coaster"
"10.3477086175492","0.86464633357993","0.374694594204088","1.66590168056084","0.347708617549187","0.0911892353246703","1","0.694220793813096","0.482700703223301","0.548719069712263","0.132931358563995","0.747763440806426","roller_coaster"
"10.6713798563667","0.76386974664673","0.503726978769052","1.2480201877234","0.671379856366701","0.0753337559395719","1","0.44576676224687","0.399282758585443","0.422071970617887","0.663548777779657","0.0222068231087178","roller_coaster"
"10.1428335445462","1.00014611496146","0.217993744967903","1.98779236143822","0.142833544546224","0.14591955458659","1","0.897517801474479","0.590193921986965","0.369579775993323","0.546068842177553","0.394232812235122","roller_coaster"
"10.7240657006674","0.707777728755801","0.578899135278416","1.07381628514485","0.724065700667407","0.044181817574904","0.9912","0.288056447707016","0.440244563184273","0.19953397808914","0.423037649369171","0.3999977348513","roller_coaster"
"10.2470877847025","0.887368063566086","0.348581639372888","1.76906362972499","0.247087784702456","0.0862170189330795","1","0.808813451883654","0.157377197907116","0.553338988234506","0.44698790173932","0.397989074129555","roller_coaster"
"10.6765254285937","0.735830253447357","0.537937471327134","1.18736510072355","0.676525428593731","0.0591870660191917","0.9988","0.412278645497398","0.275851017815308","0.320496128170591","0.197775978847655","0.416299991951723","roller_coaster"
"10.1264069491302","0.970892135644177","0.245055051546153","1.99187173107703","0.126406949130224","0.132544058617539","1","0.898908506358482","0.267937910142089","0.760860791671533","0.649327146479767","0.506955152775013","roller_coaster"
"10.2302397456035","0.9432532263341","0.279055448528264","1.87522978591536","0.230239745603502","0.129414973574425","1","0.762643472843243","0.492920719296607","0.661214291093472","0.42986080407975","0.720444929691025","roller_coaster"
"10.5640579724195","0.738079030208226","0.53521414534227","1.26570387805478","0.564057972419462","0.0420985425756699","0.9994","0.506734749371457","0.155731039651911","0.199124037771538","0.502819444166977","0.602332464279175","roller_coaster"
"5.92599720817297","0.686434252819968","0.605994598059343","0.889382827839281","0.92599720817297","0.0595480149340857","0.9626","0.206846458392518","0.405052019694823","0.300811620160395","0.511631812081399","0.395751100135977","roller_coaster"
"10.6649585825589","0.701537353886159","0.584517269186319","1.10839678242354","0.664958582558857","0.0299879055410068","0.9904","0.225065027760047","0.748650100251961","0.0915184682210376","0.697558504838632","0.436540383685222","roller_coaster"
"10.3527413070704","0.910805219186606","0.318191625126485","1.7341707005626","0.352741307070355","0.131302324601535","1","0.660923737593107","0.519266919428893","0.724999085867549","0.440465934406408","0.479673067579004","roller_coaster"
"10.4169968399617","0.921406543099933","0.309342924521489","1.70340336643841","0.416996839961689","0.148611855109842","1","0.598952472416573","0.897518427148051","0.731025598842879","0.354351021051965","0.753765325522092","roller_coaster"
"10.3497485228363","0.867244785081709","0.369090066545438","1.6747036535122","0.349748522836333","0.0945879962705847","1","0.689222370498968","0.428092848115637","0.535763343605332","0.310101443331662","0.887758882840398","roller_coaster"
"10.1647825406088","1.04867995837249","0.148029705597074","2.04504915996782","0.16478254060877","0.24520366924136","1","0.708230132711579","0.843966056191912","0.877930117900981","0.855626081765844","0.826888131402527","roller_coaster"
"10.7991818459448","0.709745947346075","0.575663163745521","1.03215805889653","0.799181845944797","0.0581771597184839","0.9932","0.3","0.3","0.3","0.3","0.3","roller_coaster"
"10.4732263151069","0.849198983705429","0.393546792745661","1.54874486788154","0.473226315106898","0.104553310798125","1","0.589576233084042","0.468177898054201","0.59372120558542","0.459842285449141","0.492000469343793","roller_coaster"
"10.2609985797836","0.905251562841665","0.320799426698733","1.7992457734122","0.260998579783613","0.110059185346499","1","0.757597286969468","0.32551444401844","0.644482990831143","0.493806253364521","0.497157539111371","roller_coaster"
"10.6417967322118","0.705303017042173","0.578377185351571","1.13341460243982","0.641796732211782","0.0298527148190102","0.9916","0.297487932552505","0.47640330704909","0.0946786467433169","0.312440718372414","0.356504429203505","roller_coaster"
"10.2368368322757","0.975674339123769","0.244815624797638","1.89574050851316","0.236836832275726","0.157232381608631","1","0.711083747041949","0.743514884263277","0.658818486795372","0.478049204836493","0.705503701101853","roller_coaster"
"10.3228769262322","0.91626268143928","0.313728963737352","1.76350849387374","0.322876926232234","0.125370407304417","1","0.676392096789848","0.557232087511518","0.618205005450373","0.506476565353439","0.598994948468224","roller_coaster"
"10.4091201450511","0.915584827107278","0.319140228760709","1.69008191494012","0.409120145051105","0.134850110086907","1","0.594093683433449","0.731986556011192","0.607328934247802","0.60667768232756","0.556459506088098","roller_coaster"
"10.875043609088","0.721415456282167","0.557467695569481","1.01337099498517","0.875043609087954","0.0780026926722484","0.991","0.321492509809129","0.575842147822331","0.436715585965982","0.313036982362741","0.409043753433414","roller_coaster"
"10.7991818459448","0.709745947346075","0.575663163745521","1.03215805889653","0.799181845944797","0.0581771597184839","0.9932","0.3","0.3","0.3","0.3","0.3","roller_coaster"
"10.6626965882712","0.71450060231574","0.56644732759035","1.14322006708123","0.662696588271185","0.0402916697949385","0.9968","0.356863026348285","0.280201028597445","0.178162576166595","0.276845292922242","0.358550013433097","roller_coaster"
"10.1804482208449","1.01609350692293","0.192293205299263","1.99844241030714","0.180448220844897","0.196408774891591","1","0.741013853788611","0.719051696185682","0.83490859529043","0.577967905024794","0.827545011054151","roller_coaster"
"10.4191159291346","0.907626483622019","0.324178092728335","1.68652939600009","0.419115929134645","0.138647811120685","1","0.606136928926693","0.772601493444294","0.708046994410562","0.352286624755709","0.861643332831625","roller_coaster"
"10.8299462880188","0.749389351631086","0.526010910627653","1.10978533712267","0.829946288018801","0.087596133414813","0.996","0.35973043981236","0.650147642573037","0.471977870415264","0.736927433076605","0.246266791493136","roller_coaster"
"5.93420514928004","0.714882338603245","0.565761403473607","0.961904869583716","0.934205149280045","0.0825494819770516","0.9844","0.299584568660736","0.585870558133485","0.460255289217457","0.613365106407815","0.399997282938683","roller_coaster"
"10.2217725903994","0.97898889569242","0.243302778280325","1.91702832396808","0.221772590399392","0.156165257032081","1","0.732469272940548","0.633766924522505","0.634208538410856","0.605123561475115","0.678395213801701","roller_coaster"
"10.4662188193522","0.859594634984913","0.382773472257752","1.57738200123835","0.466218819352203","0.109871050309905","1","0.591573427080007","0.520408563032848","0.610127418045714","0.429191883878727","0.529665079440373","roller_coaster"
"10.2657944397379","0.931550183954599","0.294654966554044","1.83257996313204","0.265794439737935","0.131140406522881","1","0.730887452473056","0.41060136417785","0.71009900642581","0.615363178564387","0.501798083007435","roller_coaster"
"10.3359491474029","0.889603575357767","0.346453922182119","1.71342611284402","0.335949147402948","0.105980701327514","1","0.682037913988847","0.553009781819393","0.558741948037648","0.312165839627918","0.779880875530866","roller_coaster"
"10.5944548841573","0.788266881174751","0.472506205207428","1.35820824398951","0.594454884157301","0.0811526068748236","1","0.514495986668151","0.156564585959355","0.490015502089205","0.472404844270901","0.547837258766859","roller_coaster"
"10.5214081054836","0.80791334221351","0.448816630425454","1.4463843992553","0.521408105483635","0.0788809845349419","1","0.557616391183177","0.407060161307963","0.444557862033229","0.496697751761942","0.622058507845866","roller_coaster"
"10.0822659898965","1.06825074934883","0.125656963303993","2.13060400142645","0.0822659898964635","0.240301276972977","1","0.846008992869172","0.663028419285353","0.79740514337977","0.800577343250829","0.829542136973344","roller_coaster"
"10.3582784104476","0.804199054516207","0.453746709009025","1.54294300016458","0.358278410447617","0.0486499099010053","1","0.80105221458696","0.156543651599672","0.262447523916838","0.477402501635396","0.452484279641872","roller_coaster"
"5.87731626599577","0.699528741810694","0.586859059453606","0.959250337867207","0.877316265995774","0.0618104876186359","0.9824","0.249438306161424","0.698068283104013","0.312272154288386","0.726941742407934","0.392965847337024","roller_coaster"
"10.673498971805","0.818578245989645","0.439724174119955","1.35484186349723","0.673498971805038","0.108141417750821","1","0.453145807583435","0.776392622700645","0.542970151415051","0.588707914952895","0.246307069190437","roller_coaster"
"10.6417967322118","0.705303017042173","0.578377185351571","1.13341460243982","0.641796732211782","0.0298527148190102","0.9916","0.297487932552505","0.47640330704909","0.0946786467433169","0.312440718372414","0.356504429203505","roller_coaster"
"10.7238299387125","0.713291325266041","0.568939534996631","1.09413454348559","0.723829938712484","0.0487880622749249","0.9962","0.306390006238565","0.683820287586985","0.223121355592341","0.437505360662675","0.399997085959068","roller_coaster"
"10.9307060052957","0.773429903392382","0.496512210470986","1.09580810316332","0.93070600529568","0.120370001511791","0.9894","0.384103718213737","0.599565825425088","0.692731556482613","0.766310670645908","0.202692255144939","roller_coaster"
"10.3382890723705","0.853130043111605","0.391938561697672","1.63696183777766","0.338289072370481","0.0649206698392719","1","0.747570844731254","0.558582403654843","0.175236028813339","0.382905665438129","0.420319790147615","roller_coaster"
"10.6956952019829","0.718581562621735","0.561682976555561","1.13022135861918","0.695695201982891","0.0487940978355792","0.9974","0.352903551701618","0.472053296266952","0.237012198747312","0.233371404297827","0.414254407722131","roller_coaster"
"10.5213421603787","0.800668356219608","0.458943247008767","1.42684291764077","0.52134216037866","0.0732697664577761","1","0.558128443080634","0.394880564147899","0.417195794123239","0.368717927134714","0.516588184382573","roller_coaster"
"10.3955203488485","0.887707888735811","0.350422422066109","1.66317439328958","0.395520348848516","0.116786019041566","1","0.632624075333351","0.459338845033218","0.605940328140511","0.772297597399221","0.679156019040675","roller_coaster"
"10.3418437540847","0.880112697380897","0.357318338200856","1.69427170045712","0.341843754084713","0.100878611792643","1","0.688201457272545","0.417832310485686","0.559904125144486","0.436507950056717","0.685114372360556","roller_coaster"
"10.6956738226749","0.718607359195648","0.561587574752028","1.1304070701638","0.695673822674884","0.0487806777060824","0.9974","0.352903551701618","0.472053296266952","0.237012198747312","0.239086773013696","0.414254407722131","roller_coaster"
"10.4742043190916","0.884279871386501","0.3561455079583","1.60797030848649","0.474204319091571","0.126732328156049","1","0.573711744781977","0.596057763929524","0.634180510463959","0.678599571091745","0.757411649551578","roller_coaster"
"10.8147792455034","0.746715401399414","0.527293304859239","1.11576345584744","0.814779245503351","0.0857345863432097","0.996","0.371911397311897","0.535549777320512","0.475051833867498","0.7541960598898","0.476926972967178","roller_coaster"
"10.7352537793353","0.734592253325312","0.540610116233892","1.13460807305651","0.735253779335298","0.0639058565595801","0.9976","0.355621861932594","0.634426467446484","0.317543798344831","0.569706075212444","0.386606843235219","roller_coaster"
"10.8299462880188","0.749389351631086","0.526010910627653","1.10978533712267","0.829946288018801","0.087596133414813","0.996","0.35973043981236","0.650147642573037","0.471977870415264","0.736927433076605","0.246266791493136","roller_coaster"
"10.3303597586445","0.893319077999592","0.340441221477108","1.72401995899057","0.330359758644532","0.107814225907584","1","0.686232228991136","0.519636295253429","0.559446881643324","0.383534550814643","0.775180939500561","roller_coaster"
"10.5164381270135","0.799205912155467","0.460747752288448","1.42840983483087","0.516438127013538","0.070184223732771","1","0.552648337410281","0.502395989707881","0.374646650001231","0.301085839371071","0.67411549687335","roller_coaster"
"10.171771966664","1.00431675601259","0.211773519089316","1.97863102408994","0.171771966664043","0.166482443739694","1","0.777758515055663","0.640670356840403","0.553242181452228","0.696366661548418","0.692147438207213","roller_coaster"
"10.2483047727961","0.989807464424164","0.229694617327731","1.90853360914911","0.248304772796085","0.177195697740872","1","0.693181654150301","0.721045044770656","0.777194010376281","0.582861073031125","0.591131376309563","roller_coaster"
"10.3656082972822","0.864674916727074","0.375806645254306","1.65214326963794","0.365608297282239","0.0936733924279837","1","0.674459735967287","0.411280384995562","0.504185567228664","0.486147678717443","0.634203411860584","roller_coaster"
"10.9307060052957","0.773429903392382","0.496512210470986","1.09580810316332","0.93070600529568","0.120370001511791","0.9894","0.384103718213737","0.599565825425088","0.692731556482613","0.766310670645908","0.202692255144939","roller_coaster"
"10.651334053362","0.813401477497951","0.440920172686302","1.36561043671837","0.651334053362024","0.10686742303893","1","0.492429887420608","0.556517843314958","0.617292994056302","0.399876939182081","0.225161481124227","roller_coaster"
"10.875043609088","0.721415456282167","0.557467695569481","1.01337099498517","0.875043609087954","0.0780026926722484","0.991","0.321492509809129","0.575842147822331","0.436715585965982","0.313036982362741","0.409043753433414","roller_coaster"
"10.7238299387125","0.713291325266041","0.568939534996631","1.09413454348559","0.723829938712484","0.0487880622749249","0.9962","0.306390006238565","0.683820287586985","0.223121355592341","0.437505360662675","0.399997085959068","roller_coaster"
"10.2957343133868","0.939814288584666","0.288172121260623","1.80626668754173","0.295734313386799","0.136531765100509","1","0.684359180450898","0.597304027512714","0.627173723318325","0.571617399554793","0.628552943972103","roller_coaster"
"10.892744906751","0.724820889968782","0.552687412124808","1.01828984715897","0.892744906751036","0.0832206008079936","0.99","0.319401440086711","0.671033064161169","0.45496666093392","0.537206940984143","0.387908625405662","roller_coaster"
"10.3122194838385","0.922753774141628","0.304014313897818","1.78189200371169","0.312219483838534","0.129577284698172","1","0.681311728254005","0.632704380791021","0.648184094432546","0.380170692781716","0.826521712695753","roller_coaster"
"10.9307060052957","0.773429903392382","0.496512210470986","1.09580810316332","0.93070600529568","0.120370001511791","0.9894","0.384103718213737","0.599565825425088","0.692731556482613","0.766310670645908","0.202692255144939","roller_coaster"
"10.4804416698377","0.794210924576","0.466862916049875","1.43171946249225","0.480441669837725","0.0566715427011276","1","0.572180175899243","0.537356798899113","0.247040920057199","0.381911459715831","0.525055309885941","roller_coaster"
"10.4278425109228","0.876186096445071","0.362057336926143","1.6286343738753","0.427842510922799","0.114722734610273","1","0.613026657945233","0.55772942313896","0.619767025122502","0.408623882030711","0.720235992496428","roller_coaster"
"10.5051200989061","0.819722185333627","0.431309180162","1.48010185363446","0.50512009890607","0.0868600597987639","1","0.571358112488435","0.413612086798086","0.500276419949051","0.447058023101216","0.672969468345837","roller_coaster"
"10.6174157348854","0.776997122204935","0.484830027990462","1.31442424794722","0.617415734885373","0.0751620244814642","1","0.482293128280184","0.522667088378464","0.421107496783729","0.244451404554674","0.520019786379647","roller_coaster"
"10.7510734449828","0.786032856365537","0.476676411518196","1.24661668846358","0.751073444982796","0.10330317556677","0.999","0.437927937349287","0.563804335297603","0.590611615020964","0.478366974925327","0.421985208348155","roller_coaster"
"10.3262943470104","0.952877529711813","0.275745511027289","1.8025052716559","0.326294347010439","0.153306764926418","1","0.641925883071759","0.729993207426218","0.665043519161951","0.601784514321229","0.792873140832687","roller_coaster"
"10.4719683800027","0.814920424399771","0.444695187472885","1.47154709678556","0.471968380002745","0.0650753606458232","1","0.544854165679125","0.677248039800899","0.25071474602175","0.465614951090788","0.577006826079137","roller_coaster"
"10.345405771655","0.879286556946976","0.358339648733599","1.69100138812215","0.345405771655034","0.101155869182699","1","0.684007142270256","0.45120579705165","0.559199191538809","0.365139238869992","0.689814308390861","roller_coaster"
"10.7909075389603","0.730513431889321","0.545595169227432","1.09530906334414","0.790907538960339","0.0715761096615392","0.9958","0.357012129581385","0.487774471393505","0.391446270817745","0.400592762161989","0.273914355980048","roller_coaster"
"10.3861521531435","0.909514563543099","0.326126497058084","1.70115090449996","0.386152153143478","0.129182167760615","1","0.620443117833814","0.573936710285743","0.602866364688277","0.755028970586026","0.448495837566633","roller_coaster"
"10.4105899379073","0.890636999542974","0.346770064273396","1.6603480837306","0.410589937907287","0.125763472907871","1","0.625866868996686","0.429418223752914","0.688720823960771","0.830385908484459","0.759453206611996","roller_coaster"
"10.2471049600079","0.955904612327812","0.267864800165322","1.86933652992234","0.247104960007881","0.140909140398937","1","0.724502189279497","0.593694984521308","0.625239820542904","0.539982727273761","0.648837218297822","roller_coaster"
"10.3710022310114","0.905943441235338","0.328127240779637","1.70923230796653","0.371002231011442","0.130596507485206","1","0.649850247717212","0.446009943463688","0.713102679699659","0.703654935651958","0.624002631370241","roller_coaster"
"10.5931563388429","0.798598632934524","0.461116746553191","1.36780613342432","0.593156338842921","0.0823839303665079","1","0.492194130419232","0.580884923938094","0.431718808083972","0.470877710970747","0.731232782994122","roller_coaster"
"10.2763830311733","0.979288206522211","0.243506901784195","1.86981707230349","0.276383031173294","0.170631040878876","1","0.669198275429775","0.704453325059882","0.698918990221858","0.709592045863626","0.726581951551317","roller_coaster"
"10.6494639250029","0.817999306808702","0.437781452883238","1.37211422794896","0.649463925002913","0.10647590960427","1","0.488124216323338","0.584799543846966","0.597081580686376","0.492290989561136","0.43444908036336","roller_coaster"
"10.9307060052957","0.773429903392382","0.496512210470986","1.09580810316332","0.93070600529568","0.120370001511791","0.9894","0.384103718213737","0.599565825425088","0.692731556482613","0.766310670645908","0.202692255144939","roller_coaster"
"10.7508070326604","0.762795376268186","0.506259028692755","1.19288560059687","0.75080703266043","0.08611154318339","0.9998","0.407080038267768","0.587100367904889","0.473814515743565","0.49934556389335","0.732006322621632","roller_coaster"
"6.01063979438676","0.743507495174265","0.53272946239496","0.96747273419477","1.01063979438676","0.116854421032653","0.9696","0.352903551701618","0.472053296266952","0.707990671508014","0.239086773013696","0.414254407722131","roller_coaster"
"10.5213085226109","0.808963177649777","0.448657111805037","1.43562026295783","0.521308522610937","0.0741632822234612","1","0.525088701476386","0.644942517242362","0.352142198809721","0.419387233883331","0.452733659964678","roller_coaster"
"10.8691360515969","0.754116965074758","0.520521618521854","1.09337501285196","0.869136051596916","0.0977063876814159","0.9938","0.36688390963975","0.608149902680819","0.544377669975827","0.762598976189126","0.24506268493979","roller_coaster"
"10.3972332808926","0.886545026501219","0.348537263108428","1.665851570583","0.397233280892607","0.117622269495421","1","0.632550883653939","0.56131102176833","0.62918494383222","0.398882147919275","0.336055621229574","roller_coaster"
"10.5122345176983","0.851577220380419","0.393652879502145","1.53245295282133","0.512234517698308","0.111655316533153","1","0.563810742642929","0.537839928369894","0.623569199163716","0.452173264675672","0.546198652937103","roller_coaster"
"10.8299480826445","0.727329656967014","0.549564500286173","1.05966103724761","0.829948082644504","0.0752570446520687","0.9942","0.340000357824288","0.565089482198258","0.413484679340985","0.381124193697253","0.342714800180833","roller_coaster"
"10.892744906751","0.724820889968782","0.552687412124808","1.01828984715897","0.892744906751036","0.0832206008079936","0.99","0.319401440086711","0.671033064161169","0.45496666093392","0.537206940984143","0.387908625405662","roller_coaster"
"10.4918099039592","0.845908030928687","0.405625505678276","1.52192299150123","0.491809903959249","0.0964997518724469","1","0.555890417517381","0.605966893812432","0.470690807068197","0.544514659883269","0.551583878174772","roller_coaster"
"10.8338482437619","0.725763734752314","0.551861466779886","1.052971138987","0.833848243761882","0.0745362567707692","0.9934","0.338504281566226","0.498527137017579","0.414677177442742","0.332505550827476","0.34024330923263","roller_coaster"
"10.5349795931065","0.821827399476959","0.435155715070268","1.44329694610788","0.534979593106538","0.0856908197717187","1","0.524255112863399","0.604669908169042","0.424670242225729","0.540525508239689","0.10102623119019","roller_coaster"
"10.7738556555652","0.738506256478657","0.533840223292483","1.12426426374603","0.773855655565221","0.0748594926469184","0.9976","0.372168290673035","0.536956001534648","0.409695950979454","0.461114833188731","0.22314653143232","roller_coaster"
"1.27037580971263","0.725583693638326","0.559118373348396","0.712584801820038","1.27037580971263","0.153403788670829","0.784","0.306390006238565","0.683820287586985","0.985662204911932","0.437505360662675","0.399997085959068","roller_coaster"
"10.7730716810939","0.726089196487934","0.553057867479312","1.09250533641012","0.773071681093872","0.0648876936385674","0.9964","0.341257974011869","0.608147670380868","0.33528813317801","0.359264699570198","0.533316919547874","roller_coaster"
"10.7686937500888","0.779180292700245","0.487433727283989","1.21639294963108","0.768693750088762","0.0976306512012712","0.999","0.404702771029463","0.672143957056946","0.518776060278633","0.691400113497006","0.557303388358182","roller_coaster"
"10.9307060052957","0.773429903392382","0.496512210470986","1.09580810316332","0.93070600529568","0.120370001511791","0.9894","0.384103718213737","0.599565825425088","0.692731556482613","0.766310670645908","0.202692255144939","roller_coaster"
"10.7238299387125","0.713291325266041","0.568939534996631","1.09413454348559","0.723829938712484","0.0487880622749249","0.9962","0.306390006238565","0.683820287586985","0.223121355592341","0.437505360662675","0.399997085959068","roller_coaster"
"10.89965362963","0.7676042313774","0.50360427380762","1.10749191679784","0.899653629630034","0.111129601331019","0.9922","0.376950248386347","0.641563565317307","0.62033175692205","0.740639127533386","0.203896361698285","roller_coaster"
"10.5552837558462","0.859058282692915","0.385011251061478","1.51182561052249","0.555283755846241","0.125316834386781","1","0.541119189932942","0.550384295283946","0.674481876320905","0.705788599619166","0.253460079692667","roller_coaster"
"10.8147792455034","0.746715401399414","0.527293304859239","1.11576345584744","0.814779245503351","0.0857345863432097","0.996","0.371911397311897","0.535549777320512","0.475051833867498","0.7541960598898","0.476926972967178","roller_coaster"
"10.8299462880188","0.749389351631086","0.526010910627653","1.10978533712267","0.829946288018801","0.087596133414813","0.996","0.35973043981236","0.650147642573037","0.471977870415264","0.736927433076605","0.246266791493136","roller_coaster"
"10.477874817239","0.822066427523165","0.426378133237508","1.50484889965876","0.477874817239011","0.0801360802563376","1","0.578465892458826","0.61029506956122","0.422102434281559","0.263123908230617","0.623973270538726","roller_coaster"
"10.7380611236235","0.791798212277195","0.469201506292492","1.26737098362509","0.738061123623503","0.104698389646271","0.9994","0.443047595135762","0.611800785007291","0.585798982911499","0.457862616599949","0.515203618637963","roller_coaster"
"10.6700412756624","0.772705426486018","0.490916554562209","1.27295689041562","0.670041275662415","0.0819844747651606","1","0.455749387496797","0.494462607496753","0.463093858898299","0.356133557564794","0.616802849879157","roller_coaster"
"10.5512311961165","0.848242061154425","0.397720079830934","1.49919161119847","0.551231196116455","0.116052290450599","1","0.541190732020673","0.627911202337648","0.636292144656629","0.381165484044521","0.715627572590405","roller_coaster"
"10.5255675525311","0.613431601921315","0.520779649811098","1.15962438129066","0.525567552531119","0.18838703204933","0.9928","0.8","0.7","0.5","0.4","0.4","05_05"
"10.5255675525311","0.613431601921315","0.520779649811098","1.15962438129066","0.525567552531119","0.18838703204933","0.9928","0.8","0.7","0.5","0.4","0.4","05_05"
"0.195916195525745","0.179781482059739","1.00929113055772","0.020261262576385","0.195916195525745","0.196919992847895","0.0026","0.2655086631421","0.380035179434344","0.79423986072652","0.0706790471449494","0.34668348915875","05_05"
"0.723661480072898","0.385764005184823","0.782141002606953","0.39249130938282","0.723661480072898","0.0618354253603928","0.3404","0.37212389963679","0.777445221319795","0.107943625887856","0.0994661601725966","0.333774930797517","05_05"
"0.808403863725335","0.491245102711475","0.663751469682269","0.648293101622987","0.808403863725335","0.286888752871365","0.7288","0.572853363351896","0.934705231105909","0.723710946040228","0.31627170718275","0.476351245073602","05_05"
"10.4684694687918","0.572965075282591","0.572900514375132","1.12772096544991","0.468469468791804","0.11016314357029","0.9972","0.908207789994776","0.212142521282658","0.411274429643527","0.518634263193235","0.892198335845023","05_05"
"0.283199137385604","0.158438638850944","1.01969207089971","0.132096328716838","0.283199137385604","0.253885366366284","0.018","0.201681931037456","0.651673766085878","0.820946294115856","0.662005076417699","0.864339470630512","05_05"
"10.4558236029801","0.598362099537839","0.527037614486552","1.19000489281122","0.455823602980066","0.12980722589032","0.9994","0.898389684967697","0.125555095961317","0.647060193819925","0.406830187188461","0.389989543473348","05_05"
"10.3534833373607","0.680656589356948","0.442536268251066","1.40120504552831","0.353483337360686","0.179121491474296","1","0.944675268605351","0.267220668727532","0.78293276228942","0.912875924259424","0.777320698834956","05_05"
"0.716528683909268","0.500270803477833","0.651813377970515","0.739947350838341","0.716528683909268","0.168331140150705","0.8362","0.660797792486846","0.386114092543721","0.553036311641335","0.293603372760117","0.960617997217923","05_05"
"0.734575158106176","0.45279602091056","0.710458103501699","0.596953327955154","0.734575158106176","0.128468290732501","0.6698","0.62911404389888","0.0133903331588954","0.529719580197707","0.459065726259723","0.434659484773874","05_05"
"0.0912944426279038","0.0796524355091349","1.10180348318013","0.00939502216303273","0.0912944426279038","0.214811320866315","0","0.0617862704675645","0.382387957070023","0.789356231689453","0.332394674187526","0.712514678714797","05_05"
"0.678115256723385","0.404757970563067","0.762995490889614","0.476877306981424","0.678115256723385","0.0500293817543906","0.4692","0.205974574899301","0.86969084572047","0.023331202333793","0.65087046707049","0.399994368897751","05_05"
"0.187381584740846","0.210220060077501","0.997805548748895","0.0192484305569906","0.187381584740846","0.17198394989582","0","0.176556752528995","0.34034899668768","0.477230065036565","0.258016780717298","0.325352151878178","05_05"
"0.729210740029532","0.546074691787647","0.599387589446765","0.835940744047376","0.729210740029532","0.231029355007906","0.8878","0.687022846657783","0.482080115471035","0.7323137386702","0.478545248275623","0.757087148027495","05_05"
"0.614374756608066","0.34677291664707","0.82486259291573","0.437763163269393","0.614374756608066","0.345787613428401","0.3614","0.384103718213737","0.599565825425088","0.692731556482613","0.766310670645908","0.202692255144939","05_05"
"5.61263112799753","0.527539477476565","0.617063116756512","0.911292436665291","0.612631127997526","0.124102357793811","0.9594","0.769841419998556","0.493541307048872","0.477619622135535","0.0842469143681228","0.711121222469956","05_05"
"0.680119377359294","0.381745562871004","0.781914498579206","0.441944857329814","0.680119377359294","0.275271165448594","0.377","0.497699242085218","0.186217601411045","0.8612094768323","0.875321330036968","0.121691921027377","05_05"
"10.601888256247","0.573099700112601","0.570506829879975","1.00503315757562","0.601888256247008","0.186840546701846","0.9628","0.717618508264422","0.827373318606988","0.438097107224166","0.339072937844321","0.245488513959572","05_05"
"10.3102492753984","0.698478173153025","0.415521807894809","1.46689913163098","0.310249275398415","0.232842175652867","1","0.991906094830483","0.668466738192365","0.244797277031466","0.839440350187942","0.14330437942408","05_05"
"0.641820783124439","0.342483034277534","0.844493393539961","0.0848985739600852","0.641820783124439","0.0689268969627556","0.1122","0.1","0.1","0.1","0.1","0.1","05_05"
"0.466153667946945","0.321915923410244","0.875844125781699","0.0524136920870295","0.466153667946945","0.101474658716502","0.0318","0.2","0.2","0.2","0.2","0.2","05_05"
"0.564669335269071","0.332203109720237","0.869996299238634","0.142507685787848","0.564669335269071","0.127279604477861","0.0542","0.3","0.3","0.3","0.3","0.3","05_05"
"0.64335154194612","0.366542032588985","0.808567621785682","0.364323240781334","0.64335154194612","0.176597579395786","0.2552","0.4","0.4","0.4","0.4","0.4","05_05"
"0.742338271714406","0.430140336328963","0.733587545688038","0.539652525265194","0.742338271714406","0.225062586387659","0.572","0.5","0.5","0.5","0.5","0.5","05_05"
"0.754713069539615","0.508761835475143","0.649663361811315","0.721248167053513","0.754713069539615","0.250530908639699","0.8006","0.6","0.6","0.6","0.6","0.6","05_05"
"0.679773730684103","0.590301477852517","0.543929694987752","0.973134107755466","0.679773730684103","0.26422270262244","0.9376","0.7","0.7","0.7","0.7","0.7","05_05"
"10.5233097285917","0.6728082479989","0.439162837498969","1.2733980962033","0.523309728591677","0.281913919824644","0.9962","0.8","0.8","0.8","0.8","0.8","05_05"
"10.3235227232109","0.760956117040654","0.33781366562711","1.55644757988335","0.323522723210857","0.303805077111199","1","0.9","0.9","0.9","0.9","0.9","05_05"
"10.1557361189817","0.834991239060463","0.239769667079614","1.80880523053229","0.155736118981687","0.347232921271714","1","1","1","1","1","1","05_05"
"5.60235139700076","0.555302045732895","0.593028613053877","0.961717928660753","0.602351397000763","0.16632789448734","0.9522","0.722710462169055","0.636868682519309","0.418191470935289","0.34543959474165","0.61092878573431","05_05"
"10.2438177760863","0.741951828916876","0.361920986521191","1.58508903609891","0.243817776086256","0.212669387452319","1","0.996452905520538","0.438020029059334","0.940674688800534","0.542555763097343","0.986867842454001","05_05"
"10.3694064007563","0.713412949432621","0.390265376099397","1.45311036296653","0.369406400756298","0.246843275940791","1","0.899348965846002","0.850910148047842","0.840777095174417","0.422666303860024","0.619540379056707","05_05"
"10.601888256247","0.573099700112601","0.570506829879975","1.00503315757562","0.601888256247008","0.186840546701846","0.9628","0.717618508264422","0.827373318606988","0.438097107224166","0.339072937844321","0.245488513959572","05_05"
"10.5255675525311","0.613431601921315","0.520779649811098","1.15962438129066","0.525567552531119","0.18838703204933","0.9928","0.8","0.7","0.5","0.4","0.4","05_05"
"0.666976512608155","0.556636835167653","0.592268110557986","0.916866655757262","0.666976512608155","0.222640278134426","0.9158","0.679011243354094","0.591918933462899","0.557077844065028","0.635732009796458","0.877317480141898","05_05"
"0.865671694749548","0.52880364743264","0.619207887151474","0.703513221329854","0.865671694749548","0.366647360133173","0.7832","0.587746680220405","0.766249146723453","0.851976933096192","0.889094318791594","0.820658599756265","05_05"
"0.607132379428076","0.331540188573048","0.841707006018603","0.45221137934919","0.607132379428076","0.42807919000753","0.3994","0.359745242306963","0.819553082948551","0.821031519491225","0.836827498488128","0.59304985133931","05_05"
"10.601888256247","0.573099700112601","0.570506829879975","1.00503315757562","0.601888256247008","0.186840546701846","0.9628","0.717618508264422","0.827373318606988","0.438097107224166","0.339072937844321","0.245488513959572","05_05"
"10.4395003542168","0.616878244659264","0.521355417482426","1.22241473601218","0.439500354216761","0.155460401732338","0.9988","0.903115836090144","0.402647157370336","0.431180065932404","0.512267606295906","0.526758064070285","05_05"
"10.5669312571843","0.5785567058263","0.559379294149711","1.05208111670652","0.566931257184326","0.151911889666416","0.989","0.805541847870102","0.463273434132995","0.577054593151502","0.212735760654514","0.719724648054124","05_05"
"10.6004015988204","0.61480349809825","0.508900776271024","1.0981839706152","0.600401598820415","0.227544229464484","0.9826","0.781786549132753","0.594195159080823","0.795958467576307","0.457871362963659","0.883300517076025","05_05"
"10.5171682740746","0.596515202241397","0.540057266381147","1.12733200700363","0.517168274074645","0.152713821232888","0.9976","0.845776980261971","0.262511966761838","0.618157158415365","0.544472319241623","0.855110936021931","05_05"
"10.3174047978691","0.725257121112021","0.380246193863789","1.51044290912225","0.317404797869088","0.263911210719191","1","0.907987763941779","0.887463196514597","0.427701194435032","0.846917716025578","0.746512207985816","05_05"
"10.5451841201336","0.600734927265817","0.537125215563428","1.11640119280883","0.545184120133623","0.181521885724098","0.989","0.788303426458472","0.698304465234792","0.503056975081552","0.345326540508918","0.0222068231087178","05_05"
"0.723563583496878","0.456582928501605","0.705071003314442","0.624395486642247","0.723563583496878","0.13108210480908","0.7122","0.629465476481363","0.137491323320627","0.477026487021134","0.493052914630019","0.628711877663484","05_05"
"10.4033108077567","0.689101020408627","0.423404992989396","1.39343234310557","0.403310807756675","0.244817268253159","1","0.862430809732806","0.74963055452082","0.593117271228161","0.774161943951612","0.837087399823093","05_05"
"0.755461144147728","0.491496431295827","0.658928184978887","0.689404203220878","0.755461144147728","0.169712283004508","0.787","0.667537027254347","0.0802401493529024","0.701968821355528","0.606013979479471","0.461225619883021","05_05"
"0.488001566924502","0.291760875698655","0.882155561873456","0.35043436966558","0.488001566924502","0.295631281515292","0.1814","0.37403959024716","0.51613881034657","0.837379298593262","0.343300355395933","0.791856078958531","05_05"
"0.706519124574299","0.509548978094713","0.64319266642427","0.770681407215944","0.706519124574299","0.170550338570047","0.8628","0.672494366028374","0.387809627308929","0.549979336559783","0.348276832251199","0.558912521168345","05_05"
"10.242427964143","0.755863251311665","0.344198646489348","1.61408050487502","0.242427964143012","0.259878783104504","1","0.983918330888704","0.681003541677767","0.717096082596434","0.892522634162364","0.296792171438264","05_05"
"10.3218589536307","0.740479060033208","0.361803097617241","1.52979608029714","0.321858953630744","0.282819348158145","1","0.900651034153998","0.849089851952158","0.659222904825583","0.977333696139976","0.780459620943293","05_05"
"10.4754557511062","0.561082754005732","0.574987730689457","1.09632767744892","0.475455751106189","0.0985590098329936","0.9978","0.907856357412294","0.088041531120926","0.4639675228201","0.484647074822939","0.698145942955414","05_05"
"10.3233795539543","0.719748215116041","0.38489475150583","1.49947682949845","0.323379553954344","0.263378717636274","1","0.911754884474238","0.774122492223324","0.470599740842993","0.976078500095892","0.905330493391023","05_05"
"10.3336265444294","0.717234485291705","0.387550066351778","1.48791895577996","0.333626544429434","0.257091184227483","1","0.90187629828962","0.843486960116807","0.484453791146817","0.810508235088567","0.892290649451145","05_05"
"10.4139427534287","0.660880193308616","0.462257546052666","1.32822813718654","0.413942753428734","0.179407059617789","1","0.906331491705156","0.268655561165851","0.82682063849671","0.608126028104668","0.899907686393878","05_05"
"10.4137754968254","0.649527551461437","0.478905224762502","1.30818795753934","0.413775496825368","0.174029350726997","1","0.908974840733806","0.297488541643409","0.683497791273453","0.784387077973033","0.768717273250788","05_05"
"10.5168774564533","0.566210660308974","0.578465445215238","1.06253378773334","0.516877456453349","0.129727003570328","0.991","0.840254757693037","0.380446917051449","0.378968480508775","0.363172501511872","0.60695014866069","05_05"
"10.5233097285917","0.6728082479989","0.439162837498969","1.2733980962033","0.523309728591677","0.281913919824644","0.9962","0.8","0.8","0.8","0.8","0.8","05_05"
"10.5749604627626","0.625116823932594","0.503296423886927","1.14996561977163","0.574960462762565","0.241936481952179","0.9852","0.761577016644534","0.733150183805993","0.627750758842179","0.653051746780252","0.773433864890853","05_05"
"10.3426341931153","0.687373160555402","0.430237049113803","1.42229653592293","0.342634193115333","0.20381297036335","1","0.947005599640876","0.60096560341236","0.518015314098775","0.580425925097063","0.447455138139347","05_05"
"10.5233097285917","0.6728082479989","0.439162837498969","1.2733980962033","0.523309728591677","0.281913919824644","0.9962","0.8","0.8","0.8","0.8","0.8","05_05"
"10.3280703516703","0.713709089693403","0.391850639559443","1.48492353392334","0.328070351670313","0.258656526170977","1","0.911754884474238","0.743514884263277","0.470599740842993","0.976078500095892","0.905330493391023","05_05"
"10.4082970954917","0.647170755965465","0.483989292270746","1.30214456337979","0.408297095491697","0.185040368122209","1","0.901937607249313","0.513904637725063","0.46542241000831","0.584156065475848","0.754866355566471","05_05"
"10.3561313713043","0.692565451917568","0.420100029164401","1.42181303626108","0.356131371304303","0.23190802861838","1","0.90305452713045","0.732229479762081","0.450211447070911","0.738619775908625","0.664182357954959","05_05"
"10.5254551077048","0.634044012591071","0.493705354849294","1.2002552610226","0.525455107704786","0.21415401018866","0.996","0.8050962861901","0.781629173104415","0.628870910650419","0.404844320667981","0.571794469223414","05_05"
"10.6004015988204","0.61480349809825","0.508900776271024","1.0981839706152","0.600401598820415","0.227544229464484","0.9826","0.781786549132753","0.594195159080823","0.795958467576307","0.457871362963659","0.883300517076025","05_05"
"10.5611759185643","0.619052099651173","0.513775361807662","1.13844602031221","0.56117591856433","0.209504500169243","0.9894","0.802866501380188","0.47057708645105","0.717577866456816","0.617695304259942","0.797253809707305","05_05"
"10.4135873497501","0.65451759323693","0.470826158287678","1.31678632574287","0.4135873497501","0.198763232024358","0.999","0.872375736149666","0.785116788275453","0.424389706096128","0.428412736277687","0.719612456049127","05_05"
"10.4075826255343","0.674298745978571","0.44717976190238","1.35887240029546","0.407582625534264","0.199885152492858","1","0.90283749706137","0.396645862593244","0.799318255998714","0.615872179534327","0.849331170108313","05_05"
"10.5931871487657","0.579206038785721","0.562940135458278","1.024439922342","0.593187148765732","0.190687796052919","0.9698","0.730243782199111","0.784157668138232","0.460826638608805","0.365111889791498","0.274279705946908","05_05"
"10.5639405735315","0.565249369949168","0.577695315217339","1.02688626009735","0.563940573531533","0.145207948954633","0.9846","0.790957297793122","0.545208719638208","0.460255289217457","0.230053313362671","0.8161478340514","05_05"
"10.3233795539543","0.719748215116041","0.38489475150583","1.49947682949845","0.323379553954344","0.263378717636274","1","0.911754884474238","0.774122492223324","0.470599740842993","0.976078500095892","0.905330493391023","05_05"
"10.3876086474587","0.680114986414308","0.432100580885642","1.38737033609636","0.387608647458711","0.2144797790513","1","0.900646010706456","0.593852752081788","0.700127069173701","0.544515798165586","0.63103926534558","05_05"
"10.345424187947","0.689015224953895","0.423971201405864","1.4324311151499","0.345424187947021","0.211882032575092","1","0.940028567337971","0.482685095635743","0.630260834430064","0.824364315361207","0.376095097369202","05_05"
"10.4229241796812","0.674566374740668","0.445639484770327","1.35569662121428","0.422924179681162","0.22818071761869","0.9996","0.865924804376591","0.621640253093426","0.620619653726157","0.766415792521953","0.887663916108658","05_05"
"10.5020117324575","0.648437648116103","0.474853512839284","1.24662079980437","0.502011732457456","0.210558509795352","0.9988","0.841773051331487","0.618669996603777","0.758218944045171","0.39558214158334","0.610307767384623","05_05"
"10.4666307288551","0.573368267311576","0.567503370702486","1.12563497166051","0.466630728855061","0.109045271217893","0.9978","0.907445931006019","0.18805088379417","0.444532804322233","0.501009690362347","0.551794883647531","05_05"
"10.5195943166236","0.621681801301897","0.505603910819843","1.17968493120493","0.519594316623622","0.225566284009705","0.9894","0.758322489961168","0.739215090758453","0.421502959274193","0.763944574489541","0.637828537670999","05_05"
"10.4136671134187","0.643362195636852","0.486937454692701","1.28842933798059","0.413667113418659","0.174755039094093","0.9998","0.897830672207553","0.612687068495515","0.461526631638021","0.390256663788555","0.616182760332774","05_05"
"10.5358867749555","0.607248009183039","0.52851563583087","1.13824297452438","0.535886774955489","0.187766111255547","0.9902","0.787374726065312","0.743215650468756","0.477270468615361","0.373961048052824","0.371208808012664","05_05"
"10.5848046159364","0.585187085223168","0.557117700294863","1.04587679333853","0.584804615936376","0.167557961555089","0.9848","0.793988907457173","0.373107274318855","0.629750544404561","0.408936770448","0.291075244157016","05_05"
"10.5233097285917","0.6728082479989","0.439162837498969","1.2733980962033","0.523309728591677","0.281913919824644","0.9962","0.8","0.8","0.8","0.8","0.8","05_05"
"10.5579763526672","0.599420196520921","0.537376905618578","1.09925520996308","0.557976352667201","0.182853965840896","0.988","0.796371099209732","0.51225987357561","0.583152304300506","0.440553810255502","0.786877331078749","05_05"
"10.601888256247","0.573099700112601","0.570506829879975","1.00503315757562","0.601888256247008","0.186840546701846","0.9628","0.717618508264422","0.827373318606988","0.438097107224166","0.339072937844321","0.245488513959572","05_05"
"10.34284903077","0.714843503959414","0.390734477165892","1.47184322404185","0.342849030770048","0.262868915663508","1","0.895554747963898","0.767460678847743","0.530351994175165","0.972489375471996","0.608665151719879","05_05"
"10.533598654495","0.634424004634467","0.491284670651388","1.19549355985933","0.533598654494953","0.217895555327118","0.9952","0.802675346489914","0.792696347681945","0.659476726694685","0.395040456394572","0.722470838346819","05_05"
"10.4522340211204","0.598294108022438","0.54590005671004","1.18230815788854","0.452234021120391","0.133027815617669","0.9986","0.903526262496419","0.302637804697092","0.450614784430271","0.495904990756499","0.673109123378167","05_05"
"10.3868281427338","0.665613415517421","0.457783583509319","1.35885614998935","0.386828142733849","0.197927004760357","1","0.906261212836959","0.659327190011285","0.456684654646805","0.521099346659011","0.701324336459432","05_05"
"10.3825551544336","0.667771323284606","0.452429962528334","1.36730273621874","0.3825551544336","0.215724276321759","1","0.908609507727422","0.517442459582375","0.445095152128593","0.967246759732787","0.730764221001875","05_05"
"10.5936516294031","0.571500971892545","0.564386209590624","1.02096602453253","0.593651629403059","0.155781226674239","0.9828","0.793988907457173","0.373107274318855","0.629750544404561","0.239086773013696","0.291075244157016","05_05"
"10.5326414735624","0.623871892052361","0.505109879906699","1.1727761620298","0.532641473562408","0.202883635194605","0.9934","0.796631586434868","0.811647238141114","0.577984585192143","0.349986822702967","0.596105813365984","05_05"
"10.5789079972271","0.641764513943757","0.478352807475496","1.16739521381443","0.57890799722712","0.258377102266706","0.988","0.782599529877101","0.717799498776174","0.79605120641652","0.624907390876873","0.838914768568279","05_05"
"10.5748172353038","0.610563821849381","0.521011146978685","1.10974547032954","0.574817235303809","0.204930812221081","0.9862","0.78913020830505","0.574678754283062","0.686716269754082","0.441621117629802","0.388544252833747","05_05"
"10.6004015988204","0.61480349809825","0.508900776271024","1.0981839706152","0.600401598820415","0.227544229464484","0.9826","0.781786549132753","0.594195159080823","0.795958467576307","0.457871362963659","0.883300517076025","05_05"
"10.5413891705768","0.619830706730284","0.506893082069593","1.15872419574764","0.541389170576776","0.216510727548975","0.9896","0.784984622112418","0.648430947453586","0.553979493933064","0.607011334762236","0.611672657462061","05_05"
"10.5378175893294","0.620910930160657","0.509241450233204","1.16545534985805","0.537817589329436","0.201776416343193","0.9928","0.79792857149999","0.722132474586933","0.588049647535265","0.39129744309841","0.513104369144585","05_05"
"10.3938715688331","0.667417848128907","0.455196627140832","1.35259988525646","0.39387156883309","0.197157505837178","1","0.906030847618702","0.485268364112858","0.597662713779705","0.692742595766145","0.648113191019978","05_05"
"10.4361996777617","0.667050019123748","0.453333501960924","1.33047828226915","0.436199677761669","0.21445392992984","1","0.869538277252271","0.622790356987166","0.682056387492803","0.520710806650643","0.57937188610781","05_05"
"10.5725379340361","0.589959175230853","0.549441053826867","1.07130458547646","0.572537934036137","0.192870809718372","0.9808","0.762326419353742","0.601174515192348","0.499588439895405","0.497237768134186","0.758169719132123","05_05"
"10.601888256247","0.573099700112601","0.570506829879975","1.00503315757562","0.601888256247008","0.186840546701846","0.9628","0.717618508264422","0.827373318606988","0.438097107224166","0.339072937844321","0.245488513959572","05_05"
"10.5976423119004","0.591906046401929","0.543247836798152","1.04712141202672","0.597642311900388","0.200535670716602","0.9762","0.762759973161041","0.634396077069651","0.618331466077195","0.384668256724694","0.259690467978211","05_05"
"10.6004015988204","0.61480349809825","0.508900776271024","1.0981839706152","0.600401598820415","0.227544229464484","0.9826","0.781786549132753","0.594195159080823","0.795958467576307","0.457871362963659","0.883300517076025","05_05"
"10.5931871487657","0.579206038785721","0.562940135458278","1.024439922342","0.593187148765732","0.190687796052919","0.9698","0.730243782199111","0.784157668138232","0.460826638608805","0.365111889791498","0.274279705946908","05_05"
"10.4261560209986","0.638396028575143","0.493845847693274","1.27372209926819","0.42615602099855","0.15984878055008","1","0.906791194421481","0.297266579566638","0.643362064561052","0.576858308741743","0.662557438161825","05_05"
"10.5362820939171","0.630629613696651","0.495384743200361","1.18784980879205","0.53628209391711","0.216799770479084","0.9936","0.803031239946741","0.707447039080562","0.655235069171053","0.455099446424591","0.761844009293727","05_05"
"10.5594957931479","0.614002926679766","0.511520521969653","1.13504660408246","0.559495793147894","0.218182867727441","0.9856","0.762249384902033","0.764903910761856","0.545075808035083","0.523735538182421","0.584932389833457","05_05"
"10.601888256247","0.573099700112601","0.570506829879975","1.00503315757562","0.601888256247008","0.186840546701846","0.9628","0.717618508264422","0.827373318606988","0.438097107224166","0.339072937844321","0.245488513959572","05_05"
"10.5499644826525","0.624299651271772","0.502705444265484","1.15989483344055","0.549964482652477","0.211101676281006","0.992","0.804931547623547","0.544759220474903","0.691213707936182","0.567440178503332","0.607204269636992","05_05"
"10.4873907338371","0.641392874920906","0.482116911702913","1.24789431697203","0.487390733837118","0.226858568086799","0.9972","0.801169391249236","0.755940353101013","0.505298061889528","0.645053356975101","0.624690617060956","05_05"
"10.5125530234406","0.627272182047255","0.501184830301988","1.19625145151186","0.512553023440645","0.219784447762035","0.9926","0.792367169817158","0.650300449141715","0.505066823679294","0.707260616610858","0.666536149617624","05_05"
"10.5844802338234","0.602763455306803","0.529885534339048","1.09160205573672","0.584480233823398","0.203191345597238","0.983","0.774088262030608","0.680695190155076","0.630995935118711","0.369396588276428","0.371483104186946","05_05"
"5.58587778839438","0.533757428378109","0.616604378102972","0.94135274097661","0.585877788394377","0.118113838449988","0.9744","0.79324019394291","0.218999751787713","0.445670796570769","0.445623800971909","0.304943541302575","05_05"
"10.4772989121353","0.653070721484958","0.469730245261775","1.27358862267457","0.477298912135333","0.217746880423423","0.9986","0.836204019644285","0.752691568199037","0.646941592331317","0.428649312182924","0.623461848461184","05_05"
"10.4523072591354","0.639824218509341","0.48690403285173","1.26140835007416","0.452307259135373","0.196223462985653","0.9982","0.84444951926222","0.75320880014469","0.45968864636027","0.420497779181935","0.521131048291865","05_05"
"10.499820488788","0.644245250779346","0.480445098953202","1.23869515656025","0.499820488788013","0.224444320310759","0.9978","0.815110919180237","0.709454139908644","0.625742409386299","0.552515381310645","0.636463647593561","05_05"
"10.6030814124786","0.597990302610437","0.540389995966638","1.05162046057708","0.603081412478567","0.18929305917183","0.981","0.786645248284875","0.392623679116615","0.738992742226786","0.425187015781857","0.785831508399294","05_05"
"10.5583278159515","0.646302593525921","0.471144862710841","1.20054017656869","0.558327815951454","0.252313593774273","0.9926","0.799187019255651","0.676395660304649","0.799907261159788","0.632963972086786","0.844385748507746","05_05"
"10.489564672076","0.640517752605497","0.48715985572429","1.2362855610728","0.489564672075978","0.21608685386785","0.9982","0.830368818929001","0.509676605098494","0.615750424950865","0.830385908484459","0.514859237427972","05_05"
"10.4372591986936","0.626264168615246","0.508304421287437","1.24573316971076","0.437259198693587","0.151280914276681","1","0.903492233645908","0.287430166820776","0.600488995759895","0.540023561154931","0.73856861559402","05_05"
"10.4262044209601","0.684227968472558","0.43062670638277","1.3658989667278","0.426204420960096","0.237248791442934","1","0.866390142213272","0.737964685771711","0.713102679699659","0.559885208290346","0.623315086137994","05_05"
"10.5076357544131","0.63044150423348","0.4947629753389","1.21027378946675","0.507635754413105","0.215753915030333","0.994","0.797114876143462","0.731523156076719","0.512132370412846","0.561953245879408","0.628211953906935","05_05"
"10.4318253728089","0.635380927693839","0.497020012227587","1.26411327239722","0.431825372808869","0.181757019648854","0.999","0.884090224667649","0.500512478485837","0.475592701998704","0.553355166657734","0.545929153173849","05_05"
"10.5454628764009","0.599611210499809","0.538636308738521","1.10935172175977","0.54546287640094","0.179585020635268","0.9896","0.798732781444412","0.542737894518556","0.528679702559177","0.43815292257987","0.315404718003267","05_05"
"10.6030814124786","0.597990302610437","0.540389995966638","1.05162046057708","0.603081412478567","0.18929305917183","0.981","0.786645248284875","0.392623679116615","0.738992742226786","0.425187015781857","0.785831508399294","05_05"
"10.5519101423121","0.610512304766082","0.522492716641829","1.13137159633274","0.551910142312089","0.196633675776794","0.989","0.796425517261997","0.586309732901311","0.606368903734912","0.445987207408927","0.600361143214705","05_05"
"10.5458576101268","0.633345709338388","0.488817850173592","1.18597511478394","0.545857610126791","0.223164261597206","0.9934","0.803031239946741","0.707447039080562","0.707990671508014","0.455099446424591","0.761844009293727","05_05"
"10.4955646993605","0.643010320431822","0.483640863362039","1.24371966382745","0.495564699360508","0.209591021551828","0.9982","0.829704893077486","0.715005418186558","0.631340306709338","0.415324034548429","0.354313276204472","05_05"
"10.5865342081292","0.600301560132584","0.53436055867242","1.08145478060338","0.586534208129182","0.203438074312649","0.9808","0.757514591756373","0.802481045902066","0.567731594106658","0.342903425378336","0.368001462740056","05_05"
"10.4161167409479","0.671516123098349","0.445070137733405","1.3535619736609","0.416116740947922","0.212545332181459","1","0.880005014270286","0.681641060679793","0.650664394355599","0.461245957025414","0.743535018523074","05_05"
"10.4799272325105","0.651660438469041","0.471304647334922","1.27121628957977","0.479927232510516","0.224832742530413","0.9986","0.831456313317981","0.671468861264034","0.639876045597764","0.573956682914374","0.661786044171873","05_05"
"10.5824067959299","0.597419721437711","0.541242235481128","1.07195854192027","0.582406795929917","0.202226176450167","0.9808","0.762534065676014","0.630339874375751","0.557395970486732","0.472207241937715","0.504371548263352","05_05"
"10.601888256247","0.573099700112601","0.570506829879975","1.00503315757562","0.601888256247008","0.186840546701846","0.9628","0.717618508264422","0.827373318606988","0.438097107224166","0.339072937844321","0.245488513959572","05_05"
"10.4703723689961","0.626260984014152","0.509567440215138","1.22458785484275","0.470372368996096","0.1769307543101","0.9982","0.863167136169125","0.452880391904185","0.541230942810282","0.554194075631146","0.707012253167829","05_05"
"10.5917838070634","0.587362102110478","0.550799129485788","1.04803260597019","0.591783807063447","0.191818694948537","0.9778","0.76255232683877","0.605230717886247","0.560523935485868","0.409698782921165","0.513488638846983","05_05"
"10.4693216748998","0.636862582545196","0.489983815107587","1.24404419852173","0.469321674899835","0.197413948626196","0.9982","0.828197006529537","0.822500364843521","0.451191306857927","0.400212887067788","0.10102623119019","05_05"
"10.5900496958355","0.601506897040699","0.530364294789776","1.08174859910961","0.590049695835546","0.218477456844281","0.976","0.737281016853899","0.792386725434328","0.538595813269969","0.493176020164898","0.342973406145753","05_05"
"10.6211347952645","0.641451541607485","0.472961453782292","1.14037904833253","0.621134795264457","0.275259673802816","0.9828","0.784984622112418","0.648430947453586","0.985662204911932","0.607011334762236","0.611672657462061","05_05"
"10.5904162728644","0.604068627958175","0.530529979788183","1.08601668660524","0.590416272864406","0.207201456316037","0.9812","0.76925909972784","0.67208222708213","0.633932751699173","0.397993534359189","0.528839040234923","05_05"
"10.5886614260659","0.577502097272375","0.564644734987304","1.02854822700331","0.588661426065876","0.185883421842215","0.9708","0.733871020997105","0.758081753908157","0.446594446726509","0.359357829958469","0.506621579705301","05_05"
"10.6030814124786","0.597990302610437","0.540389995966638","1.05162046057708","0.603081412478567","0.18929305917183","0.981","0.786645248284875","0.392623679116615","0.738992742226786","0.425187015781857","0.785831508399294","05_05"
"10.5378175893294","0.620910930160657","0.509241450233204","1.16545534985805","0.537817589329436","0.201776416343193","0.9928","0.79792857149999","0.722132474586933","0.588049647535265","0.39129744309841","0.513104369144585","05_05"
"10.6046895551499","0.574774329301479","0.566174718991132","1.00926223621095","0.604689555149912","0.189485832922559","0.964","0.734192178538658","0.705587462859997","0.50136144823622","0.365566100742413","0.248970155406463","05_05"
"0.726067456254709","0.477677924684881","0.684009578424907","0.669514352082195","0.726067456254709","0.20897461409061","0.7394","0.541119189932942","0.799890503934516","0.444577101989281","0.369632455861845","0.487447497647275","05_05"
"10.5748172353038","0.610563821849381","0.521011146978685","1.10974547032954","0.574817235303809","0.204930812221081","0.9862","0.78913020830505","0.574678754283062","0.686716269754082","0.441621117629802","0.388544252833747","05_05"
"10.5931871487657","0.579206038785721","0.562940135458278","1.024439922342","0.593187148765732","0.190687796052919","0.9698","0.730243782199111","0.784157668138232","0.460826638608805","0.365111889791498","0.274279705946908","05_05"
"10.4476213030666","0.650138556352181","0.478043003165234","1.28736670832314","0.447621303066562","0.19047116253329","0.9996","0.873775010237295","0.516260193957805","0.629318704430493","0.495587834637014","0.703989560037564","05_05"
"10.5510827446888","0.602586370326008","0.535406106661204","1.10938955225163","0.551082744688791","0.181598714049393","0.9906","0.805950477606098","0.445560702854801","0.601719561646176","0.519902001244783","0.713714904126119","05_05"
"10.4659267892844","0.658288396193195","0.463318512446035","1.29365346072248","0.465926789284398","0.229605055903429","0.9986","0.835287077328149","0.676455209235615","0.623579078520265","0.652254207553722","0.705967640276141","05_05"
"10.5381026874056","0.605259860204196","0.531500973324465","1.13194355144043","0.538102687405614","0.169831251942469","0.9968","0.829817420097936","0.323072557967407","0.647932739376506","0.57071179814092","0.680866428932478","05_05"
"10.5501594186908","0.620595998541973","0.507239267558439","1.15563143369124","0.550159418690819","0.209901541587363","0.9904","0.792708205644184","0.675996390781597","0.623974668838726","0.456240747615822","0.536400457971743","05_05"
"0.0826568297494575","0.0731360704184304","1.10644441572247","0.00847439947047763","0.0826568297494575","0.219543862933143","0","0.0155072559136897","0.506020862335985","0.831860503088993","0.587361672715804","0.713527749064473","05_05"
"10.6046895551499","0.574774329301479","0.566174718991132","1.00926223621095","0.604689555149912","0.189485832922559","0.964","0.734192178538658","0.705587462859997","0.50136144823622","0.365566100742413","0.248970155406463","05_05"
"10.5931871487657","0.579206038785721","0.562940135458278","1.024439922342","0.593187148765732","0.190687796052919","0.9698","0.730243782199111","0.784157668138232","0.460826638608805","0.365111889791498","0.274279705946908","05_05"
"10.6046895551499","0.574774329301479","0.566174718991132","1.00926223621095","0.604689555149912","0.189485832922559","0.964","0.734192178538658","0.705587462859997","0.50136144823622","0.365566100742413","0.248970155406463","05_05"
"10.634969032522","0.630308262525126","0.484936316457246","1.10783751970657","0.634969032521979","0.268533716000553","0.9766","0.775598342821995","0.66694437900372","0.960883824369865","0.524241553290547","0.524463415407541","05_05"
"10.5064853707451","0.639378837900098","0.484219279121471","1.22817997731378","0.506485370745125","0.218416934231808","0.9978","0.817365263926914","0.669127081569495","0.625991062630307","0.547212551039052","0.60539333702665","05_05"
"10.5242673912717","0.625317124952341","0.499105114787929","1.18524789854879","0.524267391271721","0.20765849852526","0.9938","0.79767381470752","0.729160767707196","0.545953861000939","0.469589030061341","0.562809990363421","05_05"
"10.630271671723","0.589001259986439","0.548947121949618","1.01953440868528","0.630271671722954","0.216498210663546","0.9588","0.737382711541851","0.633647590740926","0.623414914051126","0.493223950705123","0.557954015217037","05_05"
"10.5288560895397","0.624510590965415","0.501301100532151","1.18043057438468","0.52885608953971","0.206315741581243","0.9936","0.797286089311474","0.722281516165699","0.557776869937593","0.4575575599208","0.56579833760824","05_05"
"10.5530490241378","0.604247275696135","0.532171190150276","1.11439139606376","0.553049024137799","0.176249775049685","0.993","0.817992768133096","0.353667466961695","0.670366498870863","0.525861749656358","0.712471542422306","05_05"
"10.5335481226529","0.621990912190564","0.507273115468834","1.17183221148992","0.533548122652945","0.198550775764256","0.9938","0.810516566653064","0.58865151259585","0.620253886702369","0.472731339284249","0.656753850359928","05_05"
"10.4988345996225","0.633273619543064","0.491380605602124","1.22290369585356","0.498834599622507","0.206299062216876","0.998","0.815814349986095","0.734537554426175","0.548632761393938","0.440957797736857","0.481070810661619","05_05"
"10.508175524931","0.641212173163768","0.48394957191612","1.22814807894622","0.508175524930964","0.225714734251672","0.997","0.811837971411805","0.672541045536149","0.633537161380712","0.59400699429709","0.698406222539321","05_05"
"10.5720499062531","0.609748912809887","0.521638171833341","1.11096285025514","0.572049906253133","0.210247921810799","0.9842","0.768681282388179","0.759693063173039","0.589270897860233","0.403138486955961","0.511165823724316","05_05"
"10.4408926541542","0.634519111149927","0.498044063926651","1.25793362469039","0.440892654154242","0.183142904516379","0.9988","0.876187650821005","0.503494935271475","0.491174518496039","0.548387959962932","0.626418777691213","05_05"
"10.5258292910148","0.626053394369143","0.497282060943276","1.18834940314801","0.52582929101483","0.210205864312294","0.9938","0.797369632935932","0.724494862956455","0.554228156947173","0.483661658916477","0.578506332688099","05_05"
"10.4701359462315","0.608468265873212","0.523993966472479","1.18725770411484","0.470135946231477","0.146050186098448","0.9994","0.881677584083939","0.256077501457185","0.613736887933157","0.500555041331816","0.6234999355202","05_05"
"10.5838913289414","0.600589915155583","0.534714374104007","1.08388564044219","0.583891328941417","0.200957215577929","0.9818","0.765295006846657","0.732444695410659","0.577454214369873","0.357816301764655","0.568658176913445","05_05"
"10.5245201682749","0.596360477071874","0.540695826541288","1.12533808874707","0.524520168274905","0.163746864436652","0.9942","0.822678490755196","0.473582635364712","0.485344463934186","0.442599737227294","0.397192119662348","05_05"
"10.6143066969777","0.619010672029951","0.506425273001303","1.08870006560604","0.614306696977682","0.232793459802168","0.9816","0.786310371117142","0.535033764234216","0.892794444049726","0.444836677828289","0.683976416796882","05_05"
"10.5207688094676","0.62747593089155","0.495830489315862","1.19344092977246","0.520768809467586","0.211498650869017","0.9938","0.797757358331978","0.731374114497952","0.542405148010519","0.495693129057018","0.57551798544328","05_05"
"5.67792200588043","0.584707429875512","0.545657076524223","0.981550145350098","0.677922005880434","0.202440604949802","0.9634","0.777204207022134","0.114746522158384","0.975939584648717","0.592098458375918","0.411015943288672","05_05"
"10.6061269702849","0.631907227591829","0.487293221165654","1.12345020496893","0.606126970284902","0.242239528484436","0.9858","0.798732781444412","0.542737894518556","0.982425559079275","0.43815292257987","0.315404718003267","05_05"
"10.5808017700027","0.610992394084063","0.516095229383606","1.11317629313451","0.580801770002659","0.228439066546711","0.9814","0.746667296144322","0.773873293884194","0.563374193812036","0.575945801636587","0.430182648200273","05_05"
"10.5240372129088","0.640090996900947","0.483670225891515","1.21638062829716","0.524037212908786","0.222073267599276","0.997","0.814855891911581","0.676852130086274","0.685556912013658","0.499949494909153","0.730238895803898","05_05"
"10.6211347952645","0.641451541607485","0.472961453782292","1.14037904833253","0.621134795264457","0.275259673802816","0.9828","0.784984622112418","0.648430947453586","0.985662204911932","0.607011334762236","0.611672657462061","05_05"
"10.5454628764009","0.599611210499809","0.538636308738521","1.10935172175977","0.54546287640094","0.179585020635268","0.9896","0.798732781444412","0.542737894518556","0.528679702559177","0.43815292257987","0.315404718003267","05_05"
"10.5436586800103","0.601737906305341","0.536003725445903","1.1184218386208","0.543658680010288","0.192016032422584","0.9878","0.774916722219456","0.718302684793096","0.459954515950721","0.431462331268646","0.124326968791923","05_05"
"10.610259073168","0.595025676156512","0.540270895555948","1.04707323386082","0.610259073168043","0.217200860585907","0.9684","0.737858834193561","0.704775889343419","0.583257667108909","0.488031067568127","0.36064662265636","05_05"
"10.5741502786469","0.608420855492817","0.526457440181543","1.10165400229664","0.574150278646927","0.210614647209931","0.983","0.769101568552141","0.632907842546182","0.585538210450628","0.528826954189761","0.454503765277885","05_05"
"10.5728683030795","0.593814980281077","0.545821899873496","1.07476940696288","0.572868303079528","0.195843615145383","0.981","0.761574599707334","0.64629724868781","0.518481910610417","0.457153968086157","0.484945873243167","05_05"
"10.5556080496027","0.601295851756002","0.531036440670942","1.10883223437776","0.555608049602688","0.169771838646101","0.9926","0.812803644242162","0.676671119910625","0.643701694732468","0.163083263440058","0.713923576427881","05_05"
"10.5436586800103","0.601737906305341","0.536003725445903","1.1184218386208","0.543658680010288","0.192016032422584","0.9878","0.774916722219456","0.718302684793096","0.459954515950721","0.431462331268646","0.124326968791923","05_05"
"10.6211347952645","0.641451541607485","0.472961453782292","1.14037904833253","0.621134795264457","0.275259673802816","0.9828","0.784984622112418","0.648430947453586","0.985662204911932","0.607011334762236","0.611672657462061","05_05"
"10.610259073168","0.595025676156512","0.540270895555948","1.04707323386082","0.610259073168043","0.217200860585907","0.9684","0.737858834193561","0.704775889343419","0.583257667108909","0.488031067568127","0.36064662265636","05_05"
"10.5827756314003","0.613389481616273","0.516409580305885","1.11212491253494","0.582775631400267","0.222928352573884","0.9834","0.76410210391974","0.688303153530364","0.622313214081903","0.545959809789173","0.48602809446024","05_05"
"10.5951543756878","0.609695196898647","0.522465636367881","1.08424521046203","0.595154375687838","0.212055097273312","0.9832","0.786031470932334","0.471926472551127","0.74742099609492","0.586461534245466","0.370821264475055","05_05"
"10.634969032522","0.630308262525126","0.484936316457246","1.10783751970657","0.634969032521979","0.268533716000553","0.9766","0.775598342821995","0.66694437900372","0.960883824369865","0.524241553290547","0.524463415407541","05_05"
"10.5294264067885","0.628552564821655","0.496291336747276","1.18941786655681","0.529426406788485","0.217395563732639","0.993","0.790581177675892","0.770604067250682","0.559545288948791","0.494425814893459","0.472762986277208","05_05"
"10.6678377594021","0.620363628580191","0.498160462982434","1.06440522257455","0.66783775940208","0.275117020144625","0.9664","0.758741352386239","0.664903683266641","0.946606657938939","0.54908259254119","0.486291185658181","05_05"
"10.630271671723","0.589001259986439","0.548947121949618","1.01953440868528","0.630271671722954","0.216498210663546","0.9588","0.737382711541851","0.633647590740926","0.623414914051126","0.493223950705123","0.557954015217037","05_05"
"10.5689639523037","0.626575377234129","0.499534142783291","1.1479830379856","0.568963952303701","0.220352772270845","0.9904","0.799009642230502","0.608293262046487","0.764184494716353","0.461470155134065","0.432449647696068","05_05"
"10.6196510092732","0.574202337093148","0.563069391880614","1.00601824081296","0.619651009273248","0.169179697208815","0.9776","0.789905517534212","0.185557944125813","0.757198291112974","0.443789846710321","0.355599396816884","05_05"
"10.5408964114629","0.628635400276021","0.49951738734861","1.17586995908079","0.540896411462874","0.220324733686169","0.9908","0.788082294245245","0.729616963933862","0.598089870063778","0.519850186731075","0.632432733282317","05_05"
"10.5343855919937","0.614328298219978","0.519248906679343","1.15390860592643","0.534385591993698","0.192370501998618","0.993","0.80570179807204","0.590391499502256","0.563995500238949","0.468083349553282","0.565917371284721","05_05"
"5.59689559893976","0.556820035659903","0.590713266132269","0.978954731682773","0.59689559893976","0.153725210733581","0.967","0.768009881922908","0.367776461525947","0.491127982415898","0.48444988079215","0.40150684801312","05_05"
"10.5700632571378","0.604048009488947","0.529546351053732","1.10468959475487","0.570063257137815","0.196233830199709","0.9864","0.783134145484388","0.647941726768037","0.603133424328172","0.381143471940505","0.420778132523224","05_05"
"10.5149337832373","0.643463354934215","0.479317543589106","1.22920579339229","0.514933783237297","0.22864813637058","0.9972","0.813890219081224","0.672722055711797","0.675392378661902","0.578735246379675","0.714721541915339","05_05"
"10.4717268258194","0.646521296088362","0.479154153803964","1.26009819601501","0.471726825819399","0.201623540739181","0.999","0.853273829544427","0.536736937732583","0.643277057406607","0.54822213489884","0.723077580677528","05_05"
"10.5366813262473","0.623852789658715","0.502447289500859","1.1724631512448","0.536681326247288","0.205682882039775","0.993","0.802100857892499","0.65870851976797","0.614035256401014","0.462205549651767","0.656634816683448","05_05"
"10.5436586800103","0.601737906305341","0.536003725445903","1.1184218386208","0.543658680010288","0.192016032422584","0.9878","0.774916722219456","0.718302684793096","0.459954515950721","0.431462331268646","0.124326968791923","05_05"
"10.479709363263","0.638622819934384","0.490058759341441","1.23951427315031","0.479709363262958","0.193297907731503","0.9982","0.843911484360142","0.67245870806947","0.583435544126064","0.381217050331163","0.496272793453989","05_05"
"10.6121194013192","0.62025389017061","0.501763502847071","1.09922811474591","0.612119401319236","0.237352827414751","0.9824","0.786310371117142","0.577510603936389","0.892794444049726","0.444836677828289","0.683976416796882","05_05"
"10.5445269508532","0.639362655555994","0.488303166595077","1.19919573246277","0.544526950853191","0.253842248892474","0.989","0.766401076441268","0.725547815042937","0.585238706434486","0.896372553892434","0.377124550633601","05_05"
"10.5798155000717","0.608065331872736","0.520802388123532","1.10562545888402","0.57981550007167","0.219766147446298","0.981","0.753372207779904","0.725550742799212","0.561605774800838","0.539077546663928","0.523217999531305","05_05"
"10.634969032522","0.630308262525126","0.484936316457246","1.10783751970657","0.634969032521979","0.268533716000553","0.9766","0.775598342821995","0.66694437900372","0.960883824369865","0.524241553290547","0.524463415407541","05_05"
"10.4590008555914","0.588329328954802","0.555320665780996","1.1645487107702","0.459000855591365","0.167515447367349","0.9922","0.837769713188159","0.643610127625166","0.129306000424549","0.500115319973245","0.633580092817583","05_05"
"0.595427216963666","0.351971295644476","0.82559777751009","0.397119911807758","0.595427216963666","0.263942412169362","0.2854","0.357248281361535","0.734606243876892","0.499562601013045","0.443277179964589","0.43355561328505","05_05"
"10.553461094167","0.643837965671757","0.470462840307068","1.19523029470792","0.553461094167037","0.24207568775592","0.9948","0.811561110625715","0.606985678008218","0.851778225743633","0.570689761742895","0.58136129284652","05_05"
"10.5870159543955","0.609910408121997","0.524979324393797","1.08772401619625","0.587015954395526","0.199677468778753","0.9854","0.795689914300478","0.447455179466977","0.758489409279868","0.444798235989049","0.39421660513278","05_05"
"10.553461094167","0.643837965671757","0.470462840307068","1.19523029470792","0.553461094167037","0.24207568775592","0.9948","0.811561110625715","0.606985678008218","0.851778225743633","0.570689761742895","0.58136129284652","05_05"
"10.565315882769","0.602738818498916","0.534854617054935","1.09789320743075","0.565315882768998","0.20330010593704","0.9834","0.763529544812286","0.686395646504911","0.521555235699808","0.476364016954133","0.485098966680856","05_05"
"10.5408964114629","0.628635400276021","0.49951738734861","1.17586995908079","0.540896411462874","0.220324733686169","0.9908","0.788082294245245","0.729616963933862","0.598089870063778","0.519850186731075","0.632432733282317","05_05"
"10.5834856096626","0.58287690059927","0.56162587564933","1.04862376180271","0.583485609662645","0.184357194312454","0.9772","0.765110606462995","0.504988682410382","0.513471098234072","0.537707833279778","0.420353318666163","05_05"
"10.6005797133192","0.597069601160388","0.536967345844835","1.05613810021917","0.600579713319152","0.187251893283484","0.9824","0.793225245464236","0.346396026705324","0.762893376549459","0.460461765855336","0.393832439380173","05_05"
"10.5927579075798","0.593644710281798","0.545448084057074","1.05448975954412","0.592757907579843","0.200032942913579","0.9784","0.767001379379653","0.551090932645929","0.599970098263729","0.492701857301546","0.467181623807196","05_05"
"10.6678377594021","0.620363628580191","0.498160462982434","1.06440522257455","0.66783775940208","0.275117020144625","0.9664","0.758741352386239","0.664903683266641","0.946606657938939","0.54908259254119","0.486291185658181","05_05"
"10.6678377594021","0.620363628580191","0.498160462982434","1.06440522257455","0.66783775940208","0.275117020144625","0.9664","0.758741352386239","0.664903683266641","0.946606657938939","0.54908259254119","0.486291185658181","05_05"
"10.634969032522","0.630308262525126","0.484936316457246","1.10783751970657","0.634969032521979","0.268533716000553","0.9766","0.775598342821995","0.66694437900372","0.960883824369865","0.524241553290547","0.524463415407541","05_05"
"10.589180059882","0.605799710572812","0.526296674139488","1.09062743595947","0.589180059881976","0.218243617666142","0.9794","0.762147158814789","0.648204755713263","0.619239888992512","0.526749760921198","0.485875001022551","05_05"
"10.5394950574017","0.625219665597722","0.500067954788294","1.17678953901868","0.539495057401727","0.216963666693946","0.9908","0.78647180545933","0.72679617473844","0.568662400260055","0.521038845856618","0.611854794983453","05_05"
"10.6444289237144","0.591585926046222","0.543816379529053","1.01174392933648","0.644428923714359","0.221656857123079","0.959","0.749261177705683","0.563812072954802","0.735601347804133","0.456824177989748","0.551923209114785","05_05"
"10.6024892005428","0.608024886741473","0.522304420079283","1.0781259056024","0.602489200542775","0.218114925125483","0.9806","0.774099719364796","0.599197968604276","0.731616646541195","0.450342832373922","0.53838014976547","05_05"
"10.5408964114629","0.628635400276021","0.49951738734861","1.17586995908079","0.540896411462874","0.220324733686169","0.9908","0.788082294245245","0.729616963933862","0.598089870063778","0.519850186731075","0.632432733282317","05_05"
"10.5605170472494","0.639782870305125","0.475042876291969","1.18486700577488","0.56051704724938","0.24040357804409","0.9936","0.80925497855317","0.579394800381546","0.846308171841118","0.594943211902496","0.689624734565984","05_05"
"10.5434136240427","0.620528958117294","0.509525288063775","1.1599196095224","0.543413624042746","0.200284410716845","0.9926","0.801516179538162","0.692652921003976","0.620769732583122","0.369523426909082","0.631716735583228","05_05"
"10.5998558381824","0.610920332000889","0.515039829693536","1.10281185327863","0.599855838182396","0.236128397301535","0.9786","0.754982696565819","0.728371531994634","0.664201692910865","0.537888887538386","0.543795937830169","05_05"
"10.5918416353743","0.607580221594882","0.523381677929608","1.09100206568958","0.5918416353743","0.213741021764738","0.9824","0.773785251459679","0.624609884019923","0.679659708118947","0.451647813540525","0.630542140274579","05_05"
"10.4925776149388","0.554419461729923","0.595624938828096","1.05157121845105","0.492577614938849","0.135167380500029","0.982","0.801868642379893","0.754622266157331","0.0715024236124009","0.287985651424434","0.554969827121861","05_05"
"10.634969032522","0.630308262525126","0.484936316457246","1.10783751970657","0.634969032521979","0.268533716000553","0.9766","0.775598342821995","0.66694437900372","0.960883824369865","0.524241553290547","0.524463415407541","05_05"
"10.5893095170756","0.590424115420607","0.54756773218864","1.05557549101945","0.589309517075565","0.177023616021671","0.985","0.794265627013003","0.36279725299123","0.67665739349506","0.44946690791513","0.589847604924512","05_05"
"10.5598006573639","0.626129137020209","0.502569000985452","1.16247497993574","0.559800657363886","0.236727237161097","0.986","0.762424058280875","0.725550224895597","0.570763924238187","0.711151352912939","0.464272694368064","05_05"
"10.5161606348122","0.651055874642308","0.466653289832387","1.24166566478031","0.516160634812165","0.229024960602691","0.9984","0.829003473103675","0.605773084804623","0.782631090477421","0.56029025775858","0.645125503573605","05_05"
"10.5429628410648","0.617970773336328","0.513954901677303","1.15494308797129","0.542962841064776","0.20157941797356","0.991","0.794898801029224","0.683983354606877","0.591089599449664","0.41669812203429","0.512489408969995","05_05"
"5.61287555007138","0.564053731375562","0.576211541486439","0.981569660495417","0.612875550071376","0.159413930434349","0.9724","0.77802705137038","0.255393461911937","0.645011857359967","0.480189619425696","0.361630202919136","05_05"
"10.6196510092732","0.574202337093148","0.563069391880614","1.00601824081296","0.619651009273248","0.169179697208815","0.9776","0.789905517534212","0.185557944125813","0.757198291112974","0.443789846710321","0.355599396816884","05_05"
"10.5660736032706","0.624490506982009","0.505022994682709","1.15275769731385","0.566073603270598","0.239941129399709","0.985","0.757349225940298","0.725548332946551","0.576080556997138","0.724298747643422","0.436069855796843","05_05"
"10.5712800675791","0.609484277410095","0.528422601808411","1.10032222205353","0.57128006757906","0.194337583609234","0.9882","0.797740748413708","0.481469210902553","0.694576154018928","0.456528488446958","0.422386608575819","05_05"
"10.4685215006538","0.650693769855177","0.472051158890172","1.27600195094824","0.46852150065379","0.214078175943412","0.9986","0.837094977576164","0.718092317396455","0.590435814740179","0.484369115027949","0.616216117766311","05_05"
"10.6022940085287","0.635434859009764","0.480491613754737","1.13869343964595","0.60229400852866","0.25406519980995","0.9852","0.788822261266398","0.654253475391479","0.910960960406504","0.519548647069135","0.480628037819398","05_05"
"10.5822886072505","0.592874142043692","0.549865959948782","1.0639790978452","0.582288607250461","0.180987104096494","0.984","0.788678655716662","0.413141900370918","0.623583328088251","0.506349734842726","0.58996008490704","05_05"
"0.77767490309726","0.408159839412347","0.747756895905917","0.507442737691366","0.77767490309726","0.387041500395365","0.5196","0.48998980014585","0.664903683266641","0.946606657938939","0.54908259254119","0.486291185658181","05_05"
"10.5867975391759","0.608420787877549","0.520799548459724","1.09603332531884","0.586797539175896","0.207715858057902","0.9844","0.787134318151765","0.541942979974042","0.722667870145763","0.454498704959349","0.42419976952017","05_05"
"10.6581853884895","0.622820508236391","0.493727718370947","1.07743732007365","0.658185388489503","0.27335503439469","0.9696","0.764026932515051","0.666586578537098","0.946650951408309","0.542922124110795","0.523186492393632","05_05"
"10.6107495466663","0.603052291223139","0.530310139025688","1.05507069735588","0.610749546666291","0.210404328945046","0.9792","0.7780668573524","0.483600830299633","0.759389488087448","0.483079474691207","0.434407154245113","05_05"
"10.6444289237144","0.591585926046222","0.543816379529053","1.01174392933648","0.644428923714359","0.221656857123079","0.959","0.749261177705683","0.563812072954802","0.735601347804133","0.456824177989748","0.551923209114785","05_05"
"0.44336255337402","0.274252508500979","0.902920969939096","0.315590878352294","0.44336255337402","0.287409511766055","0.139","0.33364394819364","0.518123983264688","0.753690554945135","0.455467768427963","0.421961769184533","05_05"
"10.6079819350556","0.601609121400242","0.532613681026488","1.05273703146592","0.607981935055632","0.205756270339464","0.9794","0.778007476757928","0.493143269157091","0.740400202138866","0.446154645550834","0.524178045063032","05_05"
"10.648171233214","0.627283346380293","0.488905714884309","1.09247622787371","0.648171233214023","0.271616177095717","0.9734","0.770312762693182","0.665261483733262","0.960839530900494","0.530402021720942","0.487568108672091","05_05"
"10.5891502875898","0.606840579064578","0.525842414070913","1.08888961251427","0.589150287589821","0.20482022755495","0.9836","0.784706149626739","0.538724199532788","0.703524930414359","0.452372615861531","0.536566988821119","05_05"
"10.5634459432121","0.623503353217934","0.506276753951101","1.13686192404347","0.56344594321212","0.208566406248729","0.9912","0.806503156887169","0.51183822006265","0.760348748795701","0.467694199916631","0.540439394937559","05_05"
"10.6678377594021","0.620363628580191","0.498160462982434","1.06440522257455","0.66783775940208","0.275117020144625","0.9664","0.758741352386239","0.664903683266641","0.946606657938939","0.54908259254119","0.486291185658181","05_05"
"10.5538821006079","0.619314101776941","0.509585212328476","1.14564372802002","0.553882100607907","0.214822397561801","0.9886","0.787473975273724","0.589915237767104","0.620708543946982","0.620930263330503","0.441162176926843","05_05"
"10.5286699310653","0.632115899712002","0.493841931879784","1.19544831526972","0.528669931065268","0.219015055263065","0.9942","0.804004082829469","0.685171748424409","0.635437918754086","0.515110597106744","0.593900917958015","05_05"
"10.6133392569433","0.616428721988375","0.502876706834938","1.09170661546697","0.613339256943328","0.243072488873033","0.9796","0.774108764834905","0.626284240231766","0.82819167038131","0.512013890742901","0.532981699518835","05_05"
"10.5760896067933","0.636251973837612","0.479994394574927","1.16605091970278","0.57608960679335","0.245313794768775","0.9896","0.795964224821841","0.636783337748495","0.843023053287387","0.558421875709513","0.571424705188672","05_05"
"10.5797829497942","0.587592778911903","0.553576324749814","1.05926443994686","0.579782949794212","0.190385317731068","0.9796","0.764679709690784","0.540585847934897","0.522262702477245","0.534590657582238","0.483235315679116","05_05"
"10.5468673617214","0.644673263955875","0.472954134930782","1.21082763176551","0.546867361721399","0.243365201736941","0.994","0.80327951998377","0.672377957901966","0.764052256969607","0.621352663929182","0.613514923866697","05_05"
"10.6245487310618","0.597184327447426","0.539146472593113","1.02160804114435","0.624548731061779","0.199166639309879","0.9746","0.780001327019833","0.359086930317564","0.81281624051282","0.465154672076749","0.437667816968316","05_05"
"10.5689510172977","0.624999601051661","0.498761518650847","1.15237028047576","0.568951017297656","0.225084782001693","0.9894","0.792628883992819","0.662871090268268","0.737399918524986","0.473962217743685","0.436305087755449","05_05"
"10.5947445463228","0.604568748117116","0.526970989871984","1.08251145588901","0.594744546322807","0.215389785031312","0.9804","0.770141084677655","0.591166728400324","0.667705581372876","0.515271178702515","0.503221222965229","05_05"
"10.6201105216876","0.617254714125109","0.501848822214116","1.08923950269792","0.620110521687551","0.245507662122243","0.979","0.775589297351886","0.639858107376229","0.864308800529749","0.462570494921568","0.529861865654175","05_05"
"10.5910803162668","0.603377344964434","0.531561616206394","1.07869847030763","0.591080316266834","0.213305181375537","0.9788","0.762578055587","0.612607590188748","0.610448284749339","0.529866936618738","0.422993004009598","05_05"
"10.5429152644508","0.636421683389345","0.488626055641073","1.18371147356397","0.542915264450759","0.219509660821403","0.9958","0.818190230516984","0.54139004420895","0.780771750961587","0.537394293830999","0.498902713768826","05_05"
"10.5835704322317","0.610455881058831","0.519361960033091","1.10755517750499","0.583570432231687","0.218759514897493","0.983","0.772690831420858","0.617104198031046","0.644631534310133","0.546749578029395","0.44549712601704","05_05"
"10.6024892005428","0.608024886741473","0.522304420079283","1.0781259056024","0.602489200542775","0.218114925125483","0.9806","0.774099719364796","0.599197968604276","0.731616646541195","0.450342832373922","0.53838014976547","05_05"
"10.5720930011327","0.612398335210273","0.517804691793161","1.11837028564954","0.572093001132715","0.213889829816292","0.9848","0.777744044618662","0.618407095972985","0.627995061448758","0.539017646954579","0.495811588680398","05_05"
"10.5675111318226","0.617890912333324","0.509967366223419","1.13371224169867","0.567511131822562","0.214932436021113","0.9878","0.788528935086492","0.606996982885125","0.668748407423143","0.52154367760597","0.536323552296446","05_05"
"10.5897102767066","0.616007298590657","0.511754823783343","1.11584965013372","0.589710276706605","0.23482917651468","0.981","0.763324684509698","0.632565175426131","0.658336471868649","0.697889295616737","0.51217966649613","05_05"
"10.6678377594021","0.620363628580191","0.498160462982434","1.06440522257455","0.66783775940208","0.275117020144625","0.9664","0.758741352386239","0.664903683266641","0.946606657938939","0.54908259254119","0.486291185658181","05_05"
"10.6581853884895","0.622820508236391","0.493727718370947","1.07743732007365","0.658185388489503","0.27335503439469","0.9696","0.764026932515051","0.666586578537098","0.946650951408309","0.542922124110795","0.523186492393632","05_05"
"10.6054407801722","0.592400567602488","0.5475974175063","1.04047172146702","0.605440780172172","0.1931178033028","0.9772","0.775230402997416","0.454097507377966","0.672722107375489","0.469477393805044","0.570825389897531","05_05"
"10.5918846280142","0.595371300663199","0.543910324107244","1.05768127997103","0.591884628014216","0.202154647682662","0.9786","0.768055694873239","0.541321475313625","0.607881877949601","0.516078110316662","0.432498272841338","05_05"
"10.6158556345493","0.625525520364505","0.49084544941102","1.11070704054501","0.615855634549252","0.251353783431869","0.9818","0.781681312603625","0.647933107720077","0.900767022997396","0.474392446093721","0.523210313609162","05_05"
"10.5971643909971","0.612971722567634","0.515653375801173","1.09997567161565","0.597164390997065","0.227917534686805","0.982","0.773589349792124","0.620515485173257","0.722772278406603","0.523025546082977","0.453922890453395","05_05"
"10.6165851784932","0.615383235824193","0.504787866916774","1.08328648614831","0.616585178493187","0.241371394932356","0.9794","0.777813378523293","0.565853159412276","0.862869675851736","0.533017643083657","0.482469210571785","05_05"
"10.5989009984667","0.613532259806058","0.512231993244096","1.10056548371874","0.598900998466703","0.232632729615231","0.981","0.77321024646364","0.622872953089556","0.75005092628484","0.535737922689318","0.52455593508248","05_05"
"10.5371711944275","0.636720991658085","0.486003818523481","1.19989664629911","0.53717119442748","0.228648397031749","0.994","0.803503985528124","0.684091520686863","0.694012750592157","0.547493544089104","0.602119998505338","05_05"
"10.5691411403618","0.614481257962713","0.516563931752881","1.12119080733864","0.56914114036179","0.211568400164356","0.9866","0.785141847143331","0.582537724390327","0.650086472536258","0.540662938037378","0.488124487971339","05_05"
"10.5849681108241","0.615841482221826","0.511559655733519","1.11724475937734","0.58496811082411","0.219914733007061","0.985","0.784957167677962","0.602131800877285","0.731944212801978","0.482961544712362","0.52163744425555","05_05"
"10.603497719314","0.607468843070962","0.523718555331415","1.07083052660547","0.603497719313996","0.212593247930458","0.9814","0.780382618659624","0.532697740828836","0.751701255712189","0.45456123672963","0.424974277975721","05_05"
"10.6108939696248","0.600827900698674","0.536747825841144","1.04496202813874","0.610893969624825","0.194754127568298","0.98","0.786753026511974","0.36833216946277","0.783782854946394","0.465092140306468","0.436893308512765","05_05"
"10.5697049751302","0.648837628743985","0.467404021888702","1.19575653727089","0.569704975130219","0.256201445213443","0.9928","0.800555749312636","0.667697635477638","0.858583263797688","0.619850490995383","0.491985499706852","05_05"
"10.5633870903143","0.609653825944364","0.525230170836953","1.11471540936349","0.563387090314337","0.206503540165086","0.9854","0.775688592433889","0.6289861639141","0.570353987032013","0.521121661567715","0.481394142926729","05_05"
"10.5783221138473","0.602910370749674","0.532519630805939","1.09164165979341","0.578322113847264","0.199007467857987","0.9842","0.78375833296931","0.541207352595313","0.637048694673407","0.473011252224925","0.474936812357948","05_05"
"10.5838169863005","0.616590882880717","0.510688157809705","1.12004661829912","0.583816986300506","0.221206096775786","0.985","0.784659147507979","0.608108588487074","0.726839047753133","0.500430869557456","0.436533088359793","05_05"
"10.5675111318226","0.617890912333324","0.509967366223419","1.13371224169867","0.567511131822562","0.214932436021113","0.9878","0.788528935086492","0.606996982885125","0.668748407423143","0.52154367760597","0.536323552296446","05_05"
"10.5829170983087","0.614721459281949","0.515198926174792","1.11786820106457","0.582917098308749","0.220329096430215","0.9848","0.778110821162495","0.645929230181518","0.67826645214473","0.488802526888745","0.502993222360885","05_05"
"10.5749313754325","0.611155132002407","0.521551945391154","1.1090104560166","0.574931375432542","0.208050349351879","0.9858","0.787547972084043","0.558242361597229","0.682477867253957","0.487215173411604","0.557514844774979","05_05"
"10.5388824984616","0.638644526712397","0.482291995886208","1.20471019664318","0.538882498461566","0.232881441061199","0.9942","0.803779617285114","0.673458185639512","0.705477425131536","0.588969716946822","0.605295843319374","05_05"
"10.5822359325859","0.607676822494849","0.524280072791066","1.10052468832933","0.58223593258594","0.220126297390014","0.9808","0.763853487889259","0.579734506423679","0.600272293217414","0.692411235473637","0.498650734536939","05_05"
"5.6489397282222","0.580852286440318","0.558855994054666","0.971557278113414","0.648939728222203","0.204514886892959","0.9554","0.752513354332818","0.421645118636844","0.743343712264917","0.464716338032552","0.534449731114684","05_05"
"10.6031853934631","0.627705262514057","0.490928041440856","1.11787232113456","0.603185393463092","0.249227991756874","0.983","0.782730246014659","0.646178475047631","0.874502737938858","0.507726695896981","0.487279589864411","05_05"
"10.5895331592756","0.635601724027778","0.478835982655778","1.15166152806611","0.589533159275581","0.248348265302546","0.9888","0.797171017320335","0.60819918574688","0.911772321902937","0.531460415485884","0.494402380145546","05_05"
"10.5675111318226","0.617890912333324","0.509967366223419","1.13371224169867","0.567511131822562","0.214932436021113","0.9878","0.788528935086492","0.606996982885125","0.668748407423143","0.52154367760597","0.536323552296446","05_05"
"10.5746087737398","0.612384028553047","0.521384554665325","1.11073065293084","0.574608773739799","0.209138352188899","0.9858","0.787038277757132","0.546101712909565","0.674147001825083","0.532639941154656","0.489604677776622","05_05"
"10.6221098614293","0.605509700644013","0.52416090701877","1.05341467247203","0.622109861429329","0.218215930036843","0.9774","0.776749150392698","0.501253884635523","0.805073876052036","0.457262512033944","0.455141294968417","05_05"
"10.588121154172","0.626008333946288","0.491897044990632","1.13737422183707","0.588121154172036","0.237153529181426","0.9868","0.791331975889832","0.598452342195332","0.829838959959145","0.536335900066056","0.49206844229537","05_05"
"10.5857106504808","0.600855798569992","0.537554121331988","1.07639283345474","0.585710650480838","0.207852511057293","0.98","0.764150906311223","0.593416516937349","0.58032688112848","0.540068717725337","0.496764247638307","05_05"
"10.6084126076975","0.613526784272643","0.509004152120894","1.08987794706964","0.60841260769749","0.231951786680347","0.981","0.778622693207042","0.597918244658063","0.809570588940069","0.472405460458035","0.527140624889475","05_05"
"10.606014102424","0.625231187204819","0.492162178443333","1.11488179887432","0.606014102423993","0.24710823679961","0.983","0.783974282198424","0.633187435030523","0.884884473480582","0.481777293085451","0.532678065124545","05_05"
"10.5881685126176","0.615175960897943","0.513903839840321","1.10937696677233","0.588168512617612","0.216244559837376","0.9848","0.786226984339141","0.568514933617981","0.743325975884338","0.485137161679121","0.530665399547388","05_05"
"10.5923959968073","0.628181735800305","0.486994670141125","1.13976687195277","0.592395996807326","0.241618204504585","0.9874","0.791864680710524","0.607152597164605","0.859970648551458","0.529687786283473","0.503570643316263","05_05"
"10.5928132294414","0.611653486956042","0.519570532579713","1.09281265006018","0.592813229441368","0.217876923979589","0.983","0.780997081837997","0.548076254302122","0.726311143817423","0.535510753327985","0.516618912646389","05_05"
"10.5744305193869","0.62455844159384","0.496550057433852","1.15656897493051","0.574430519386949","0.234348584164331","0.9876","0.783553056622894","0.664947818372023","0.714276798878001","0.575991742369317","0.560885904713891","05_05"
"10.5735671592087","0.633770471810472","0.484824843196856","1.16764624947304","0.573567159208693","0.241650681926772","0.99","0.794230454079191","0.63889128034421","0.798279079797011","0.58479369819138","0.565502009910746","05_05"
"10.6004602069251","0.629472566889739","0.48771972775937","1.13023617646575","0.600460206925054","0.24692980207774","0.985","0.786748699083742","0.650622480592077","0.866863718372982","0.503484258439157","0.518728030834468","05_05"
"10.5713027797503","0.640698718036349","0.472856828776171","1.18297526769825","0.571302779750282","0.245373157762578","0.9926","0.80295680667688","0.654688842315121","0.865703364192393","0.520704670474486","0.531689528469893","05_05"
"10.6678377594021","0.620363628580191","0.498160462982434","1.06440522257455","0.66783775940208","0.275117020144625","0.9664","0.758741352386239","0.664903683266641","0.946606657938939","0.54908259254119","0.486291185658181","05_05"
"10.5557138331959","0.631736229769224","0.490460570986615","1.17726669875381","0.555713833195874","0.226213044528131","0.9918","0.800881139095755","0.633019247490634","0.73703730529367","0.540511918821498","0.531862275703999","05_05"
"10.5387782291097","0.624775426613373","0.503512021048897","1.17050867083944","0.538778229109683","0.208215667579113","0.9926","0.802311872736782","0.610154373856652","0.625588071664345","0.529732563981244","0.45794804314536","05_05"
"10.6054407801722","0.592400567602488","0.5475974175063","1.04047172146702","0.605440780172172","0.1931178033028","0.9772","0.775230402997416","0.454097507377966","0.672722107375489","0.469477393805044","0.570825389897531","05_05"
"10.5971168388504","0.608423542646527","0.522324696239559","1.08275067551349","0.597116838850351","0.212927675224897","0.9826","0.782025419670727","0.537558944264968","0.73410234724187","0.489578488569608","0.432329745216163","05_05"
"10.5958126835157","0.631381165355656","0.484878050648403","1.13940917643792","0.595812683515739","0.246857651950411","0.987","0.790881417045453","0.634523514145687","0.882346525488189","0.511742926757597","0.491883311714598","05_05"
"10.5908347656156","0.614422951988764","0.512919092086428","1.10950184535007","0.590834765615645","0.219865944383549","0.984","0.783016346496876","0.603247385050942","0.744437956223452","0.465413617717479","0.429177621119351","05_05"
"10.5836872263775","0.621698687833181","0.501437316012207","1.1267570354247","0.583687226377527","0.226554463994473","0.987","0.790263504287773","0.60317838945956","0.783745886153457","0.484734173914773","0.512469181084833","05_05"
"10.585506034061","0.616822338967804","0.512540204716645","1.11818962725335","0.585506034061013","0.223719657034128","0.9844","0.779251442382775","0.620898411696999","0.6978867842925","0.532867110515989","0.497541700212713","05_05"
"10.5720361499015","0.61857976979124","0.51009139180943","1.13312396663458","0.572036149901482","0.218877767606758","0.987","0.786235965491694","0.621742655574679","0.684630956939956","0.51415883061424","0.526855800781062","05_05"
"10.5796548432206","0.645584697166972","0.470677514281149","1.17353161834351","0.579654843220602","0.258539939712156","0.9894","0.795488362832519","0.665008262605638","0.892486568422102","0.590758678649947","0.496467782481546","05_05"
"10.598987506667","0.620644814638313","0.495934309532813","1.11377029180661","0.598987506666995","0.240708846831633","0.983","0.783002300348527","0.637660535699325","0.839918914367015","0.476470457826205","0.550059758836753","05_05"
"10.5952602514435","0.610930285769535","0.520676283524272","1.0892308687883","0.595260251443458","0.214285494418092","0.9826","0.783162870487401","0.547096531337061","0.738828675494998","0.482699183115015","0.526768322800869","05_05"
"10.6581853884895","0.622820508236391","0.493727718370947","1.07743732007365","0.658185388489503","0.27335503439469","0.9696","0.764026932515051","0.666586578537098","0.946650951408309","0.542922124110795","0.523186492393632","05_05"
"10.5923761263122","0.609607216627278","0.521076265121084","1.09483297534737","0.5923761263122","0.221337726588397","0.9818","0.769247807664581","0.615258622143836","0.676306556877413","0.533839090424522","0.576670228201316","05_05"
"10.5759114996417","0.613955371709541","0.516015908591468","1.11949639626876","0.575911499641728","0.212669401891653","0.9866","0.785748683258714","0.592598192376901","0.681620987640334","0.493405731220585","0.434529507471298","05_05"
"10.5858608606844","0.620335309255643","0.506564933333934","1.12513248710358","0.58586086068436","0.226913384939429","0.9852","0.785116199198196","0.60094295992164","0.749958204461398","0.535260868131192","0.491955912536468","05_05"
"10.6107863562361","0.605648953605274","0.52653995826188","1.06037017850135","0.610786356236137","0.213165376828856","0.9796","0.778289022393999","0.504112370439979","0.763918541432816","0.471464379440731","0.566895078617217","05_05"
"10.6082493358763","0.622804054579437","0.499589717079965","1.1045391070171","0.608249335876331","0.234963684733343","0.9828","0.789019846289541","0.619854146648825","0.903928534353605","0.363596866838634","0.489798658295359","05_05"
"10.6054407801722","0.592400567602488","0.5475974175063","1.04047172146702","0.605440780172172","0.1931178033028","0.9772","0.775230402997416","0.454097507377966","0.672722107375489","0.469477393805044","0.570825389897531","05_05"
"10.5860582370377","0.623871509979842","0.497935247729789","1.13342931273023","0.586058237037663","0.23176041540195","0.9872","0.790874924199616","0.605617970760766","0.806719803250881","0.501505901492321","0.436645618118695","05_05"
"10.2957001097699","0.879553641166504","0.349136758917709","1.7249795220608","0.29570010976992","0.247399783972682","1","0.8","0.7","0.5","0.4","0.4","10_05"
"10.2957001097699","0.879553641166504","0.349136758917709","1.7249795220608","0.29570010976992","0.247399783972682","1","0.8","0.7","0.5","0.4","0.4","10_05"
"0.696285162509888","0.388341876952545","0.946908491525387","0.277906444006134","0.696285162509888","0.118346164238269","0.1114","0.2655086631421","0.380035179434344","0.79423986072652","0.0706790471449494","0.34668348915875","10_05"
"0.738966644779438","0.436388366719835","0.913837735221281","0.425019014876562","0.738966644779438","0.0548750660873514","0.3978","0.37212389963679","0.777445221319795","0.107943625887856","0.0994661601725966","0.333774930797517","10_05"
"10.6930034309368","0.772485015605475","0.478939882253299","1.29252156384023","0.693003430936842","0.26003705983087","0.9966","0.572853363351896","0.934705231105909","0.723710946040228","0.31627170718275","0.476351245073602","10_05"
"10.3314445994207","0.752964733273455","0.52114335327466","1.50211120087676","0.331444599420739","0.144529911302798","1","0.908207789994776","0.212142521282658","0.411274429643527","0.518634263193235","0.892198335845023","10_05"
"0.638137256663915","0.349507665671654","0.981221726041757","0.205070587604662","0.638137256663915","0.159126775840465","0.063","0.201681931037456","0.651673766085878","0.820946294115856","0.662005076417699","0.864339470630512","10_05"
"10.2920077359497","0.778995167973866","0.48129834361103","1.58250355005064","0.292007735949678","0.144366845428003","1","0.898389684967697","0.125555095961317","0.647060193819925","0.406830187188461","0.389989543473348","10_05"
"10.1738456172065","0.924340587530393","0.303512681331348","1.87297316285915","0.173845617206499","0.255443743708565","1","0.944675268605351","0.267220668727532","0.78293276228942","0.912875924259424","0.777320698834956","10_05"
"10.5532907640864","0.699581525980748","0.576192073880651","1.25836797880639","0.553290764086373","0.168661474095131","0.9994","0.660797792486846","0.386114092543721","0.553036311641335","0.293603372760117","0.960617997217923","10_05"
"10.6001658566045","0.590266119590318","0.704911905906454","1.01906133734866","0.60016585660448","0.110028580288055","0.9898","0.62911404389888","0.0133903331588954","0.529719580197707","0.459065726259723","0.434659484773874","10_05"
"0.139281789019963","0.162288171137962","1.20015932830485","0.0143988823673496","0.139281789019963","0.177060746407387","0","0.0617862704675645","0.382387957070023","0.789356231689453","0.332394674187526","0.712514678714797","10_05"
"0.737152975697202","0.427982609084311","0.920374498116677","0.403825725083902","0.737152975697202","0.0709155489898221","0.3744","0.205974574899301","0.86969084572047","0.023331202333793","0.65087046707049","0.399994368897751","10_05"
"0.367693611224349","0.325058491760665","1.03368523677523","0.038427441471493","0.367693611224349","0.122768630266837","0.006","0.176556752528995","0.34034899668768","0.477230065036565","0.258016780717298","0.325352151878178","10_05"
"10.5145443537373","0.805908698209137","0.441711550442955","1.47844690890904","0.514544353737296","0.239519287347664","0.9994","0.687022846657783","0.482080115471035","0.7323137386702","0.478545248275623","0.757087148027495","10_05"
"0.912335404009819","0.587074797980449","0.705719025426761","0.77961997008953","0.912335404009819","0.246203194566485","0.8928","0.384103718213737","0.599565825425088","0.692731556482613","0.766310670645908","0.202692255144939","10_05"
"10.4416670582576","0.693733194127458","0.580459085813724","1.33299194128514","0.441667058257603","0.13085562560572","1","0.769841419998556","0.493541307048872","0.477619622135535","0.0842469143681228","0.711121222469956","10_05"
"0.871779275410391","0.61569886945292","0.666620587647534","0.906870735182985","0.871779275410391","0.204383577950516","0.9376","0.497699242085218","0.186217601411045","0.8612094768323","0.875321330036968","0.121691921027377","10_05"
"10.3913986536736","0.830161609588161","0.415176299862601","1.58488773249499","0.391398653673604","0.226450248280546","1","0.717618508264422","0.827373318606988","0.438097107224166","0.339072937844321","0.245488513959572","10_05"
"10.1272619351523","1.01062849744748","0.190517729766519","1.99530927734986","0.127261935152257","0.34940927980503","1","0.991906094830483","0.668466738192365","0.244797277031466","0.839440350187942","0.14330437942408","10_05"
"0.421138184577095","0.34901584563491","1.0146287755012","0.0435346758147371","0.421138184577095","0.090655451863304","0.0766","0.1","0.1","0.1","0.1","0.1","10_05"
"0.538550019651573","0.356045604137883","1.00297060713392","0.0583404131140295","0.538550019651573","0.0862895137102605","0.0622","0.2","0.2","0.2","0.2","0.2","10_05"
"0.76483628555426","0.407743094469725","0.946214714752389","0.28562541565314","0.76483628555426","0.0707112815774026","0.2016","0.3","0.3","0.3","0.3","0.3","10_05"
"0.743544153818561","0.500992946820961","0.824850728883239","0.663092295479301","0.743544153818561","0.119739557067467","0.7956","0.4","0.4","0.4","0.4","0.4","10_05"
"10.7223963143719","0.632808672816624","0.658814812433472","1.0107935535493","0.722396314371898","0.184283565658451","0.9864","0.5","0.5","0.5","0.5","0.5","10_05"
"10.6011219549465","0.773878911833071","0.482171484245417","1.34953417970432","0.601121954946463","0.24352075681828","0.9984","0.6","0.6","0.6","0.6","0.6","10_05"
"10.406556720629","0.896853044913376","0.32587828132316","1.68239911112409","0.406556720628996","0.308826653178572","1","0.7","0.7","0.7","0.7","0.7","10_05"
"10.2112078826532","1.0015158431188","0.197146496859064","1.93927448703833","0.21120788265317","0.372605342618372","1","0.8","0.8","0.8","0.8","0.8","10_05"
"10.0875457163028","1.07164738298535","0.114578859316237","2.09879094160281","0.0875457163027962","0.442034471512283","1","0.9","0.9","0.9","0.9","0.9","10_05"
"10.0270763778186","1.11612872874802","0.0582450521732895","2.21782724402456","0.0270763778185525","0.523710122058613","1","1","1","1","1","1","10_05"
"10.7953681113091","0.65476419629798","0.620843045285924","1.02072743565861","0.795368111309053","0.219164545859663","0.978","0.504996669831843","0.494451153785261","0.672404592083537","0.499239284724697","0.645273806065065","10_05"
"10.3269903576255","0.857863260833609","0.37824716807271","1.66761747725542","0.326990357625486","0.234945527637204","1","0.795634263115545","0.544557405770444","0.52341003268157","0.474641937330482","0.443499557472575","10_05"
"10.4137999160657","0.851357933830719","0.385254514438149","1.60240892819327","0.41379991606568","0.259717418107993","1","0.699348965846002","0.650303382682614","0.531844580965117","0.592444565379992","0.526819873647764","10_05"
"10.7223963143719","0.632808672816624","0.658814812433472","1.0107935535493","0.722396314371898","0.184283565658451","0.9864","0.5","0.5","0.5","0.5","0.5","10_05"
"10.6001658566045","0.590266119590318","0.704911905906454","1.01906133734866","0.60016585660448","0.110028580288055","0.9898","0.62911404389888","0.0133903331588954","0.529719580197707","0.459065726259723","0.434659484773874","10_05"
"10.2138094309609","0.899032172905357","0.330823604025082","1.80773463857067","0.213809430960852","0.230231705929023","1","0.907532262355871","0.326340444815612","0.779170533252588","0.494486735624266","0.87238326964527","10_05"
"10.55089990196","0.691299023204677","0.585995150539438","1.25241560515254","0.550899901959954","0.166274301975952","0.9994","0.668788022805876","0.255525952161784","0.577494134553842","0.510027478584805","0.661343400145846","10_05"
"10.1890058790967","0.951786496013275","0.260234958477722","1.89105733313598","0.189005879096714","0.291664378301351","1","0.881839289306588","0.83711097296323","0.498890056532691","0.398131547314454","0.580325843859969","10_05"
"10.7223963143719","0.632808672816624","0.658814812433472","1.0107935535493","0.722396314371898","0.184283565658451","0.9864","0.5","0.5","0.5","0.5","0.5","10_05"
"10.4972460449882","0.774791430990349","0.482196531641697","1.42852675891708","0.497246044988185","0.211514312792333","0.9998","0.68202617682594","0.487628961685774","0.559909146586664","0.479305963550925","0.611813341962429","10_05"
"10.3302584838809","0.774021807962936","0.485810870033534","1.54526587032334","0.330258483880905","0.155725474238474","1","0.861476876569456","0.219415492126005","0.579004693658407","0.396323614654982","0.371209880513434","10_05"
"10.4911764099512","0.757183356034653","0.513449335819402","1.38757743181615","0.491176409951206","0.200481167191517","0.9998","0.697940798736327","0.326994316455641","0.556798540678167","0.711992561395275","0.86555542640761","10_05"
"10.5569402794753","0.752225529326923","0.510917037016608","1.35222657102545","0.556940279475293","0.210379063435958","0.9992","0.653612188820023","0.441921326493254","0.624491574309909","0.476756427122931","0.627388454970682","10_05"
"10.3189229613137","0.771596218382621","0.494880663199887","1.54754592447696","0.31892296131368","0.15175347382482","1","0.898803209322144","0.238558481096867","0.475231704901135","0.414647901523988","0.792361051542505","10_05"
"10.57913346604","0.607511167495809","0.680428123945432","1.07934025479766","0.579133466040046","0.112769416137849","0.9928","0.655629320758158","0.0147614624393041","0.5443146069637","0.69226271868916","0.0222068231087178","10_05"
"10.1586755858951","0.954817293298124","0.260213286885282","1.92596907359604","0.158675585895081","0.284173899235888","1","0.944350834764413","0.401379041212301","0.760413706713104","0.665065934966993","0.768739200364062","10_05"
"10.5790270243955","0.646257579729804","0.636314787381368","1.15724209250559","0.579027024395544","0.133200823891313","0.997","0.66252470173664","0.0535491221366767","0.637541744557998","0.460854547412415","0.564358177830687","10_05"
"10.2696867799591","0.850855429903978","0.396167351568767","1.69931327337655","0.269686779959076","0.208726722933374","1","0.88084662060669","0.277324795162574","0.636420154391387","0.64595931681067","0.790649362344858","10_05"
"0.739367927054379","0.563105074920416","0.734232916712526","0.85588483591396","0.739367927054379","0.140189600340838","0.943","0.504928430331","0.336651748555219","0.628020155816205","0.079285831753379","0.577538424857927","10_05"
"10.2093328624522","0.895258625362497","0.340014000956471","1.80827521338569","0.20933286245225","0.229100011188537","1","0.918159991746074","0.265849539447123","0.768337735523426","0.679678931829988","0.531790075841727","10_05"
"10.2748686574338","0.892994241647617","0.334397125736025","1.7535292997941","0.274868657433829","0.261422894647876","1","0.809404580672633","0.67358404018579","0.436042724742392","0.503986361669247","0.499837284302518","10_05"
"10.444004298335","0.819887844983219","0.427384574256627","1.53302749703949","0.444004298334979","0.233346753934671","1","0.700651034153998","0.649696617317386","0.568155419034883","0.407555434620008","0.473180126352236","10_05"
"10.5273094330048","0.792937398451704","0.460467822406159","1.4460513778467","0.527309433004759","0.236366436504054","0.9994","0.687347280498722","0.347921742986266","0.754832794246516","0.726355237568054","0.765668646498388","10_05"
"10.4819185653125","0.831130259763402","0.407231854152502","1.53365131027787","0.481918565312529","0.251494477467609","0.9998","0.691388583542238","0.637522709700591","0.70890370598863","0.403903310945141","0.713587590554919","10_05"
"10.3045823222929","0.818611714435894","0.433426474357877","1.62701102596963","0.304582322292921","0.185502215040119","1","0.857644979404227","0.23432007186303","0.684242892622809","0.509226924378328","0.758685858344563","10_05"
"10.4212073538794","0.788039832620115","0.470990565241004","1.49255847292788","0.4212073538794","0.200695953211173","1","0.737585657248332","0.459902564890663","0.459345275690918","0.48795258709053","0.890599625527955","10_05"
"10.3593211984663","0.847760939032859","0.39038410561647","1.63204630440389","0.359321198466348","0.230643600735321","1","0.754531316662663","0.7335129224423","0.506152607385684","0.3495795103778","0.264268176919485","10_05"
"10.2932926868441","0.986380165563169","0.21403132547478","1.85641332896596","0.293292686844136","0.381884774032406","1","0.735779218957835","0.890262345643757","0.839207050691475","0.840941390529868","0.565162670099603","10_05"
"10.6930034309368","0.772485015605475","0.478939882253299","1.29252156384023","0.693003430936842","0.26003705983087","0.9966","0.572853363351896","0.934705231105909","0.723710946040228","0.31627170718275","0.476351245073602","10_05"
"10.4588661735002","0.80281813992495","0.447301527795717","1.50551027423742","0.458866173500164","0.22427508481827","1","0.724626440485508","0.37600996610868","0.699548919539368","0.560519980208871","0.947289333708021","10_05"
"10.3322981013931","0.813205421382249","0.440406762342096","1.60455882506197","0.332298101393066","0.194411586355965","1","0.835668827380574","0.321647088726653","0.553189045774711","0.522318326843277","0.766865419483706","10_05"
"10.5273094330048","0.792937398451704","0.460467822406159","1.4460513778467","0.527309433004759","0.236366436504054","0.9994","0.687347280498722","0.347921742986266","0.754832794246516","0.726355237568054","0.765668646498388","10_05"
"10.2092430653546","0.99537175941181","0.204641931326888","1.94114687917943","0.209243065354623","0.363104909251781","1","0.812655071170516","0.743514884263277","0.826579699146934","0.769405446102861","0.615898347834587","10_05"
"10.2854277721515","0.864543821839034","0.375043161144404","1.70605395132016","0.285427772151504","0.22367979762235","1","0.851706707784139","0.402970909377638","0.603900993351707","0.493080591728548","0.80827967578756","10_05"
"10.4499572762105","0.745370199056669","0.529136281154178","1.40262458641076","0.449957276210535","0.17299174928472","1","0.74352392886842","0.291251727376055","0.53968717496202","0.50409891974031","0.841005808084958","10_05"
"10.493482620195","0.756977663971406","0.505549152473352","1.39266286243317","0.493482620195019","0.199760340193618","0.9998","0.675907892243674","0.484419707089941","0.463007013400289","0.509976788476593","0.588416193366719","10_05"
"10.7223963143719","0.632808672816624","0.658814812433472","1.0107935535493","0.722396314371898","0.184283565658451","0.9864","0.5","0.5","0.5","0.5","0.5","10_05"
"10.5742540682464","0.657703340300377","0.618449864413823","1.19349977757543","0.574254068246443","0.13881809038084","0.9976","0.670941277031256","0.0219877614663361","0.677004960110941","0.715771881959417","0.740235090707079","10_05"
"10.2346036224227","0.889286419972908","0.343729199868526","1.77209533870219","0.234603622422656","0.235903022276101","1","0.893052723663368","0.327990335710853","0.679597351144138","0.66190460835019","0.786302386052412","10_05"
"10.4258082087466","0.827638073316713","0.42237395714157","1.55023638778829","0.42580820874664","0.237246577049834","1","0.712252502333948","0.535641556692312","0.537394417379964","0.583294842712488","0.401538507045162","10_05"
"10.7612346745012","0.666147294768729","0.607511207716351","1.06609396311737","0.761234674501153","0.212837984268575","0.9878","0.527772557942659","0.476628656261742","0.654811869152766","0.489630581662145","0.641941105109846","10_05"
"10.5506400206862","0.763173477947812","0.499598238321678","1.36719411479528","0.550640020686238","0.228602878400306","0.9992","0.604809076007311","0.590493682317076","0.460255289217457","0.66570091331197","0.289911664480414","10_05"
"10.3088769915396","0.90977239274577","0.311855286136577","1.75863497654444","0.308876991539622","0.287018510605223","1","0.780769127191545","0.608697757260904","0.696870244167351","0.580762868805334","0.707950180609579","10_05"
"10.464348239233","0.803486183887369","0.45131337065207","1.4926238143885","0.464348239232953","0.227123130534189","1","0.697145798521523","0.492580975693317","0.568098736697366","0.564442421452391","0.557627312489915","10_05"
"10.301502873135","0.876293151843891","0.355346349626492","1.71608562254691","0.301502873135046","0.248207727881465","1","0.820076821613832","0.404105015611134","0.674493965439633","0.64531319207724","0.655524281885975","10_05"
"10.3229110065379","0.814805207258609","0.439045997952915","1.61483865767102","0.322911006537939","0.185671415232564","1","0.84857334008151","0.334077318116306","0.57345485724356","0.405473337322487","0.496491247116037","10_05"
"10.4873314268225","0.750000116381092","0.517513070475595","1.38247183682532","0.487331426822517","0.188365968989118","1","0.696717638904616","0.435503761337916","0.517005564824519","0.409756497321394","0.734595248019601","10_05"
"10.4476933451679","0.804500718141928","0.445038857727828","1.50872496391255","0.447693345167878","0.218224637186717","1","0.72255068991064","0.463011667727937","0.621665608750715","0.469902605482378","0.542439322286588","10_05"
"10.1857364519733","0.924225254715254","0.300047368923217","1.85739248742969","0.18573645197329","0.255324721786761","1","0.932144731707734","0.350713500664022","0.717236509960353","0.649120643427474","0.773086176656509","10_05"
"10.2303250738229","0.89611728636567","0.33236423676663","1.78315615431825","0.230325073822872","0.232393086178046","1","0.893474153959766","0.440577429459543","0.667129846065245","0.408794715147734","0.771353394077824","10_05"
"10.5936641509932","0.746162412232062","0.517796815042192","1.32007844584052","0.59366415099322","0.216258808178103","0.999","0.630836300709207","0.459743824016773","0.642084297240679","0.486365130185484","0.630721155925902","10_05"
"10.5238723811883","0.800557875606942","0.453906405597552","1.45559392824315","0.523872381188273","0.237361217087577","0.9994","0.655815356144503","0.599643733482551","0.588237418577659","0.504758571050532","0.596581016128532","10_05"
"10.5273094330048","0.792937398451704","0.460467822406159","1.4460513778467","0.527309433004759","0.236366436504054","0.9994","0.687347280498722","0.347921742986266","0.754832794246516","0.726355237568054","0.765668646498388","10_05"
"10.5993555562301","0.673075198277933","0.609104610807867","1.18322839658759","0.599355556230149","0.16540614287457","0.9986","0.623673608102743","0.358973011228137","0.549311809775902","0.34283351255994","0.208646403701905","10_05"
"10.7953681113091","0.65476419629798","0.620843045285924","1.02072743565861","0.795368111309053","0.219164545859663","0.978","0.504996669831843","0.494451153785261","0.672404592083537","0.499239284724697","0.645273806065065","10_05"
"10.3393457332975","0.839512628662932","0.404323444761569","1.63545385344508","0.339345733297477","0.220151635951019","1","0.802284711234835","0.444690285257633","0.550529845895945","0.504037051777459","0.572764491081645","10_05"
"10.5338579010079","0.75316531885234","0.514498793330112","1.36358532497203","0.533857901007909","0.207894155955414","0.9994","0.672035324225623","0.340695443959234","0.622142441099275","0.702846074297797","0.0476403789000265","10_05"
"10.4565978595384","0.830654933518907","0.411178684514243","1.54324379984113","0.45659785953843","0.245791524496871","1","0.702726784728866","0.562694915698129","0.646038729823536","0.4981728093465","0.878030137773669","10_05"
"10.4065171320841","0.886859211397992","0.342512784414575","1.65954627207409","0.406517132084148","0.285041766449213","1","0.713440796489774","0.815921432818377","0.743526230728502","0.415807832937462","0.515594862722923","10_05"
"10.3338928738637","0.930798102334965","0.284757781165061","1.75811737446656","0.333892873863747","0.330746084172683","1","0.722989456622059","0.724037530142766","0.663836238997856","0.832688992212413","0.522747933728916","10_05"
"10.6016604352123","0.652616745163176","0.627096063001802","1.14687752197834","0.601660435212306","0.152334224985522","0.9984","0.623673608102743","0.358973011228137","0.549311809775902","0.239086773013696","0.208646403701905","10_05"
"10.5723574980508","0.766275291700641","0.490395236004325","1.36725988679296","0.572357498050814","0.224347341092742","0.9992","0.643450022968468","0.492082145554834","0.650232570069755","0.493573355668886","0.546442539212342","10_05"
"10.7457822697896","0.680399878587357","0.591898827218019","1.09402523854169","0.745782269789563","0.21782935922145","0.9902","0.53533274981416","0.486209460586571","0.65282211019699","0.526155652079197","0.597015444065665","10_05"
"10.6446329945629","0.695995028957519","0.578506447133151","1.18956543898705","0.644632994562926","0.199412026137175","0.9968","0.585488009982093","0.466242672435945","0.585470660040883","0.440882073407199","0.279958465078401","10_05"
"10.7612346745012","0.666147294768729","0.607511207716351","1.06609396311737","0.761234674501153","0.212837984268575","0.9878","0.527772557942659","0.476628656261742","0.654811869152766","0.489630581662145","0.641941105109846","10_05"
"10.4152480886203","0.811324237352777","0.441388044196154","1.53406145789455","0.415248088620347","0.219600098290184","1","0.733532828831114","0.475305018324839","0.538785119244379","0.537838714179073","0.423333847520961","10_05"
"10.5081872944598","0.758705990113929","0.505714284142001","1.38593563216741","0.508187294459814","0.203792692031963","0.9996","0.677430293134256","0.425188824317032","0.544213606186055","0.549481393974762","0.34574028632987","10_05"
"10.2624846389348","0.966342208014488","0.240140083400152","1.86384016191956","0.262484638934849","0.343824398161734","1","0.782999953330784","0.708961005491922","0.776932336858163","0.75464206052352","0.715075546322779","10_05"
"10.3539715568564","0.827531620753774","0.420528962206017","1.60459276831051","0.353971556856436","0.212576015007703","1","0.79447260561299","0.415522714952485","0.568170042999886","0.49596030509185","0.616536760454544","10_05"
"10.4402514530592","0.795560722632493","0.462373326295754","1.50157681460412","0.440251453059223","0.211966791677541","1","0.73761235054727","0.32572003204548","0.643614283869536","0.687398133187356","0.780178995428693","10_05"
"10.7953681113091","0.65476419629798","0.620843045285924","1.02072743565861","0.795368111309053","0.219164545859663","0.978","0.504996669831843","0.494451153785261","0.672404592083537","0.499239284724697","0.645273806065065","10_05"
"10.6653641252684","0.707634632043605","0.559663007108348","1.20238421619675","0.66536412526842","0.214374363649667","0.9958","0.584097336774014","0.465380675958365","0.643837630764497","0.47556853453819","0.64127058913931","10_05"
"10.7612346745012","0.666147294768729","0.607511207716351","1.06609396311737","0.761234674501153","0.212837984268575","0.9878","0.527772557942659","0.476628656261742","0.654811869152766","0.489630581662145","0.641941105109846","10_05"
"10.7223963143719","0.632808672816624","0.658814812433472","1.0107935535493","0.722396314371898","0.184283565658451","0.9864","0.5","0.5","0.5","0.5","0.5","10_05"
"10.4210506115125","0.831215557224444","0.415962096432437","1.56737667455928","0.421050611512516","0.239209855418413","1","0.727571486479835","0.466771946616404","0.614227899674603","0.624248213542228","0.496088699783985","10_05"
"10.5704607555894","0.722466489251057","0.547169909598004","1.28118942794372","0.570460755589416","0.199845712351576","0.9992","0.610061922388884","0.509717058190855","0.462189186975047","0.546743992202287","0.336793668870773","10_05"
"10.414785101593","0.814691277932536","0.435900507543451","1.54174946614347","0.414785101593009","0.221420538419676","1","0.736160353998118","0.478034661184174","0.568618800470221","0.504540173133592","0.645210967112071","10_05"
"10.7953681113091","0.65476419629798","0.620843045285924","1.02072743565861","0.795368111309053","0.219164545859663","0.978","0.504996669831843","0.494451153785261","0.672404592083537","0.499239284724697","0.645273806065065","10_05"
"10.4651672402337","0.800853670010333","0.449485287896069","1.48842865912921","0.465167240233657","0.233819331018688","1","0.670655045862101","0.565196331216161","0.461073115642699","0.628933709586277","0.541534188976361","10_05"
"10.5365033495732","0.744235103735592","0.525180943006028","1.34201334199453","0.536503349573168","0.199770363367628","0.9994","0.663178931014805","0.412860799674432","0.559305793069458","0.50431731765725","0.792375857101419","10_05"
"10.5143216247027","0.751128168391561","0.51635479852869","1.3756245028546","0.514321624702698","0.196797955049999","0.9996","0.693258858819872","0.313453438316841","0.650905685339","0.543056024121008","0.826495459154653","10_05"
"10.5404505305742","0.73227985722225","0.536113938804143","1.31869404881996","0.540450530574209","0.189128979669588","0.9994","0.658495817302435","0.469425743603417","0.542492620969811","0.376646961297665","0.264444624417197","10_05"
"10.6318145411583","0.714859715464641","0.555538574165575","1.23159663216084","0.631814541158259","0.213455810888494","0.9972","0.575457019684627","0.533791106635166","0.534782720441819","0.549347575531643","0.489120569787007","10_05"
"10.4201653474278","0.801509618979466","0.454372505227062","1.51095697122896","0.420165347427777","0.210004427580771","1","0.733141994414823","0.471867901515094","0.498737963752111","0.507097075113291","0.780159108699736","10_05"
"10.5465814833594","0.744451592315342","0.518943216758434","1.33883713108407","0.54658148335944","0.205956472250255","0.9992","0.636795482649321","0.501850450057146","0.502611696938146","0.533947267180845","0.412417937258155","10_05"
"10.4612581561489","0.761793609369959","0.506559074577796","1.42502216391975","0.461258156148901","0.191950199452555","1","0.722243602371254","0.351588265743529","0.538296473097605","0.549555048273724","0.819210467609159","10_05"
"10.6883320335747","0.654635411250006","0.626778060826222","1.08399816561309","0.688332033574701","0.18066919119321","0.993","0.565958156063308","0.369358995053934","0.618653018887785","0.391582020814885","0.57062904373335","10_05"
"10.4841407754269","0.788204092262998","0.466310213236108","1.45852208669759","0.484140775426872","0.220231521868034","0.9998","0.689585606650022","0.483000171368488","0.570088495653142","0.527917351035339","0.602552973534096","10_05"
"10.4641064601754","0.841194986497275","0.397745922298036","1.56284914857129","0.464106460175404","0.264245350260315","1","0.717002398338454","0.382475621757621","0.804480156535287","0.830385908484459","0.666491448010196","10_05"
"10.3122775813734","0.874797791598762","0.358991908181462","1.70135026851897","0.312277581373384","0.249712080625418","1","0.804757837467946","0.472974625687043","0.597660483144994","0.604359821247499","0.560974089147152","10_05"
"10.4159598089652","0.831243729855552","0.41337715173303","1.57622578375515","0.415959808965216","0.238281401552947","1","0.744604021315974","0.384355792126147","0.713102679699659","0.659162354369495","0.626292317848186","10_05"
"10.5273780571027","0.751815751373045","0.512331056202459","1.36509312148659","0.527378057102664","0.203901924931847","0.9994","0.661862965949089","0.480193784604664","0.543866931173668","0.455540754381314","0.565267393332544","10_05"
"10.370772362629","0.866152468719348","0.366152534511776","1.65530014427343","0.370772362629005","0.257508859962818","1","0.76687098263547","0.413642544583959","0.77724105817511","0.667183859206814","0.656735890616553","10_05"
"10.5777214509","0.737253051891838","0.529359161374392","1.3120406829663","0.577721450899987","0.208717328138026","0.9992","0.629211220809654","0.459171649725738","0.56461854277818","0.537593454618546","0.578690771778738","10_05"
"10.7953681113091","0.65476419629798","0.620843045285924","1.02072743565861","0.795368111309053","0.219164545859663","0.978","0.504996669831843","0.494451153785261","0.672404592083537","0.499239284724697","0.645273806065065","10_05"
"10.6639485619234","0.709020136128327","0.560648913662798","1.20555835376631","0.663948561923436","0.214919762945046","0.9958","0.583551822138761","0.452226635177865","0.632417173604864","0.538043591435413","0.364064958616797","10_05"
"10.640565225874","0.759851466216713","0.495297526035611","1.30788759661057","0.640565225874033","0.243081549814836","0.9978","0.610061922388884","0.509717058190855","0.707990671508014","0.546743992202287","0.336793668870773","10_05"
"10.516914304071","0.784205878347247","0.469920879166816","1.43594832442055","0.516914304071005","0.2232201463896","0.9994","0.675266631401992","0.480970357114139","0.616288695438516","0.51631731492183","0.631695616265906","10_05"
"10.747814411647","0.640371517339182","0.648896685773054","1.0091362417807","0.747814411646992","0.194071948416543","0.9836","0.501466504681516","0.495392830602608","0.556542919543189","0.499335378378907","0.504014389057744","10_05"
"10.4507565317594","0.794685890341134","0.460588175625593","1.48642467291864","0.450756531759394","0.216493862084439","1","0.701658162346001","0.507552068765076","0.491675834212999","0.546294444754723","0.352752154637111","10_05"
"10.4967535749169","0.768454537201319","0.490429373845554","1.41566822425255","0.496753574916942","0.205373265202454","0.9998","0.686218458003368","0.472232130367242","0.568714185449285","0.44902355795169","0.301730204618749","10_05"
"10.7204238150118","0.669615625767389","0.607542322876468","1.0947315239845","0.720423815011838","0.198935731042598","0.991","0.547669540255993","0.463531515002345","0.636256190291216","0.413383723958874","0.606937216433297","10_05"
"10.7612346745012","0.666147294768729","0.607511207716351","1.06609396311737","0.761234674501153","0.212837984268575","0.9878","0.527772557942659","0.476628656261742","0.654811869152766","0.489630581662145","0.641941105109846","10_05"
"10.4957210462866","0.789310552164539","0.463460174669775","1.45504095607052","0.495721046286571","0.221155568280462","0.9998","0.688407762132941","0.470223332164158","0.613410286894124","0.52011331497366","0.524663273336716","10_05"
"10.7256571585305","0.654194076165156","0.627181039886691","1.06445310006293","0.725657158530464","0.192228294697295","0.9898","0.546061173749975","0.382456136313331","0.637208697749336","0.467828878518156","0.6056329324099","10_05"
"10.5350397538039","0.769567373064302","0.489190684585509","1.39090632895472","0.535039753803915","0.22102537056922","0.9994","0.64942707610513","0.499099440941394","0.544242513226143","0.59662369985331","0.10102623119019","10_05"
"10.7334901407155","0.675347834182829","0.597716684561619","1.09385138075654","0.733490140715492","0.210475664281388","0.9908","0.539845134848843","0.478169952855906","0.645568010348464","0.479485769081018","0.644124122131601","10_05"
"10.7318457577784","0.7422793831709","0.511447432368816","1.24106944871936","0.73184575777839","0.233299374359997","0.9962","0.623673608102743","0.358973011228137","0.985662204911932","0.239086773013696","0.208646403701905","10_05"
"10.7160496562136","0.676449210113843","0.600764397013134","1.10512280657375","0.716049656213615","0.206832040112015","0.9916","0.542091533190689","0.478658470516091","0.608611669367393","0.501230617775654","0.612798462378036","10_05"
"10.7278250529017","0.685007358026477","0.589202632896665","1.11312235119525","0.727825052901665","0.21801676903899","0.9916","0.526224639588813","0.560548044060029","0.589235194500092","0.531549294457664","0.546994909031692","10_05"
"10.7953681113091","0.65476419629798","0.620843045285924","1.02072743565861","0.795368111309053","0.219164545859663","0.978","0.504996669831843","0.494451153785261","0.672404592083537","0.499239284724697","0.645273806065065","10_05"
"10.5723574980508","0.766275291700641","0.490395236004325","1.36725988679296","0.572357498050814","0.224347341092742","0.9992","0.643450022968468","0.492082145554834","0.650232570069755","0.493573355668886","0.546442539212342","10_05"
"10.7710778450575","0.64792583356074","0.632126721461559","1.01812664897351","0.771077845057485","0.207669655371771","0.9808","0.503530165150326","0.499058323182653","0.615861672540347","0.499903906345791","0.641259417007321","10_05"
"10.7443974490195","0.683001376507076","0.587028890742896","1.10290817528184","0.744397449019495","0.217856465536847","0.9902","0.541119189932942","0.48166187688772","0.670674212499569","0.495322050181869","0.642420273072775","10_05"
"10.6883320335747","0.654635411250006","0.626778060826222","1.08399816561309","0.688332033574701","0.18066919119321","0.993","0.565958156063308","0.369358995053934","0.618653018887785","0.391582020814885","0.57062904373335","10_05"
"10.7457822697896","0.680399878587357","0.591898827218019","1.09402523854169","0.745782269789563","0.21782935922145","0.9902","0.53533274981416","0.486209460586571","0.65282211019699","0.526155652079197","0.597015444065665","10_05"
"10.4671404556876","0.785643283774929","0.47259705755446","1.46323774277933","0.467140455687561","0.213357421975866","1","0.696670781212636","0.482454056777625","0.510098789835455","0.539553527780171","0.493684414946963","10_05"
"10.5788933278638","0.735630930103103","0.532063657839189","1.30699533007899","0.578893327863763","0.206545700687771","0.9992","0.629222403472188","0.470462362119045","0.569212463114752","0.493293933743603","0.539941163323555","10_05"
"10.5332358327211","0.755145324209376","0.50617912205452","1.36562848221839","0.533235832721111","0.209105048344968","0.9994","0.649551495174366","0.505297662597404","0.520709197609813","0.511730637555708","0.488320221035881","10_05"
"10.5450847485987","0.742590949909353","0.521837066154284","1.33673727713267","0.545084748598667","0.203259570513078","0.9994","0.641936588873998","0.477470007750618","0.509298472006427","0.538288261626637","0.407375361754623","10_05"
"10.6350521519699","0.690610915260711","0.586250667273139","1.18442080382695","0.635052151969869","0.1984625824383","0.997","0.573191924122587","0.478386961467422","0.514782183995149","0.528935046496707","0.588919925433073","10_05"
"0.130668649232476","0.144778221047138","1.22017523881292","0.0135230945507228","0.130668649232476","0.176650729853933","0","0.0155072559136897","0.494451153785261","0.672404592083537","0.499239284724697","0.645273806065065","10_05"
"10.7953681113091","0.65476419629798","0.620843045285924","1.02072743565861","0.795368111309053","0.219164545859663","0.978","0.504996669831843","0.494451153785261","0.672404592083537","0.499239284724697","0.645273806065065","10_05"
"10.7612346745012","0.666147294768729","0.607511207716351","1.06609396311737","0.761234674501153","0.212837984268575","0.9878","0.527772557942659","0.476628656261742","0.654811869152766","0.489630581662145","0.641941105109846","10_05"
"10.7710778450575","0.64792583356074","0.632126721461559","1.01812664897351","0.771077845057485","0.207669655371771","0.9808","0.503530165150326","0.499058323182653","0.615861672540347","0.499903906345791","0.641259417007321","10_05"
"10.7903605630468","0.663131756958619","0.611815544391414","1.03768934178097","0.7903605630468","0.220967605498297","0.9826","0.510965671917692","0.493391230904559","0.671319245036175","0.518810204801864","0.629611033831264","10_05"
"10.6786673814306","0.72642378925279","0.539168639889946","1.22395481378549","0.678667381430629","0.23202912939096","0.9958","0.576338586759837","0.511114852800199","0.658779736648322","0.543568477114155","0.529774313417896","10_05"
"10.6831501117525","0.683794417476437","0.590635913238669","1.14641957977046","0.683150111752499","0.199446118006787","0.9944","0.571466490234339","0.431379846853558","0.626285180376682","0.458774044795926","0.481430784614139","10_05"
"10.7392016438958","0.66247747640743","0.613779904754131","1.06904822929463","0.739201643895782","0.205550757099306","0.9894","0.528799156495381","0.477291240009916","0.614665605736586","0.49685871977322","0.621608372681823","10_05"
"10.6883320335747","0.654635411250006","0.626778060826222","1.08399816561309","0.688332033574701","0.18066919119321","0.993","0.565958156063308","0.369358995053934","0.618653018887785","0.391582020814885","0.57062904373335","10_05"
"10.7164292398631","0.673916857968155","0.600941895291929","1.10419057611429","0.716429239863142","0.204806739471953","0.9916","0.544553922073028","0.477454416006636","0.618937874611752","0.467151755193843","0.610510849653021","10_05"
"10.6960012510429","0.721924517987695","0.545987200004881","1.20112278422897","0.696001251042904","0.231846497174584","0.9952","0.559947975217861","0.559150249450685","0.638446129359784","0.534724809545796","0.354014264484568","10_05"
"10.6200737813638","0.734959863367858","0.529725780823421","1.28682279342396","0.620073781363809","0.219323806322103","0.9984","0.612358647125009","0.467868256049037","0.63888866985596","0.50470764765923","0.640344122061096","10_05"
"10.6319475930947","0.739387796278639","0.524199305149991","1.27697303154578","0.631947593094734","0.226615139030034","0.9978","0.604077414565571","0.485292506869766","0.647338398208268","0.535508867209127","0.415470880387216","10_05"
"10.763284977104","0.644130650982852","0.640308932102291","1.00643886770826","0.763284977104018","0.202783606247073","0.9804","0.502078439541527","0.488705111221727","0.601646183939545","0.500785109762284","0.512857485786865","10_05"
"10.5394676116871","0.746329173608419","0.518212320823966","1.34805376663858","0.53946761168715","0.204039813776549","0.9994","0.652431043072939","0.484948203199446","0.541519640870284","0.460372321880119","0.526083329918285","10_05"
"10.6745213498131","0.680226614750056","0.596998925003284","1.14301875727776","0.674521349813076","0.192882064610258","0.9948","0.57804348796773","0.390205783378241","0.624785012115968","0.470851567454373","0.453263217736009","10_05"
"10.5588349102304","0.672844017883256","0.610966972726749","1.20962728092809","0.558834910230412","0.155798212772978","0.9994","0.658983418050516","0.256077501457185","0.523056487913197","0.506899070056904","0.527504284450139","10_05"
"10.7530658875238","0.668396317212297","0.604616302955688","1.07233024126388","0.753065887523767","0.211815134067554","0.9892","0.529974904653344","0.485571933810113","0.646192329043068","0.480601153083249","0.645070856113392","10_05"
"10.7335502808486","0.678988082706973","0.59365272339644","1.10034788810282","0.733550280848577","0.212853999559971","0.9912","0.541064934637968","0.477995886767917","0.648757932783573","0.494002479664578","0.633131194806059","10_05"
"10.7953681113091","0.65476419629798","0.620843045285924","1.02072743565861","0.795368111309053","0.219164545859663","0.978","0.504996669831843","0.494451153785261","0.672404592083537","0.499239284724697","0.645273806065065","10_05"
"10.6883320335747","0.654635411250006","0.626778060826222","1.08399816561309","0.688332033574701","0.18066919119321","0.993","0.565958156063308","0.369358995053934","0.618653018887785","0.391582020814885","0.57062904373335","10_05"
"5.74765447356049","0.57177545656756","0.725277879029916","0.876519108371591","0.747654473560486","0.146353538094955","0.9518","0.514866900027342","0.114746522158384","0.671780273388933","0.498123900722467","0.644327072083274","10_05"
"10.9036919065662","0.713311120921214","0.541538428756676","1.0887000199116","0.903691906566181","0.269686190927445","0.9768","0.547669540255993","0.463531515002345","0.982425559079275","0.413383723958874","0.606937216433297","10_05"
"10.7581687000292","0.672984925125945","0.599406642638488","1.07569923369729","0.758168700029221","0.215657598017657","0.9892","0.52936374772831","0.487269383467274","0.653907457244351","0.50658473200203","0.612678216299467","10_05"
"10.7190643101618","0.669689918058412","0.605910189685162","1.09635020904516","0.719064310161753","0.201538088938294","0.9912","0.545207151373654","0.4647355695118","0.625929985046856","0.447462586540684","0.609224829158311","10_05"
"10.7953681113091","0.65476419629798","0.620843045285924","1.02072743565861","0.795368111309053","0.219164545859663","0.978","0.504996669831843","0.494451153785261","0.672404592083537","0.499239284724697","0.645273806065065","10_05"
"10.7204238150118","0.669615625767389","0.607542322876468","1.0947315239845","0.720423815011838","0.198935731042598","0.991","0.547669540255993","0.463531515002345","0.636256190291216","0.413383723958874","0.606937216433297","10_05"
"10.6819252707201","0.680289248415372","0.594997661843892","1.13781250591691","0.681925270720148","0.20108287025009","0.9946","0.556697708533488","0.469473346532607","0.571297883270685","0.512371576040334","0.582470771849243","10_05"
"10.7242080145872","0.675735991216154","0.600414435919857","1.09851578474535","0.724208014587176","0.210719059229279","0.9914","0.534720814954149","0.492897179967452","0.607718845800634","0.52470592069582","0.588172347336545","10_05"
"10.7259231646168","0.693216292758644","0.578591044246033","1.13171701450852","0.725923164616797","0.219988245249816","0.9922","0.53974369946093","0.539591106319575","0.623932039756812","0.514145120019255","0.592883682285563","10_05"
"10.7387578692613","0.692676265525911","0.579077452379421","1.11889200479782","0.738757869261297","0.22367836168921","0.992","0.539315930236543","0.518469706195063","0.652455209335149","0.528169983221579","0.475323989855256","10_05"
"10.6534189810616","0.631596772711457","0.656232094628119","1.06498795414829","0.653418981061589","0.152423395865989","0.9926","0.5741987918036","0.509740701750764","0.542918957215038","0.163083263440058","0.560088435693999","10_05"
"10.7164292398631","0.673916857968155","0.600941895291929","1.10419057611429","0.716429239863142","0.204806739471953","0.9916","0.544553922073028","0.477454416006636","0.618937874611752","0.467151755193843","0.610510849653021","10_05"
"10.7953681113091","0.65476419629798","0.620843045285924","1.02072743565861","0.795368111309053","0.219164545859663","0.978","0.504996669831843","0.494451153785261","0.672404592083537","0.499239284724697","0.645273806065065","10_05"
"10.7903605630468","0.663131756958619","0.611815544391414","1.03768934178097","0.7903605630468","0.220967605498297","0.9826","0.510965671917692","0.493391230904559","0.671319245036175","0.518810204801864","0.629611033831264","10_05"
"10.7932195914331","0.658539302057137","0.617232637080172","1.02627555867181","0.793219591433102","0.220123176428846","0.98","0.507641671648353","0.493701104852608","0.671424583864663","0.509281576140027","0.637434212159054","10_05"
"10.7569493292156","0.652207891510825","0.631598555559419","1.03462319358314","0.756949329215642","0.200601321633294","0.9864","0.527307175936115","0.406829677672314","0.648353975622709","0.496268868142828","0.629570192064273","10_05"
"10.9036919065662","0.713311120921214","0.541538428756676","1.0887000199116","0.903691906566181","0.269686190927445","0.9768","0.547669540255993","0.463531515002345","0.982425559079275","0.413383723958874","0.606937216433297","10_05"
"10.6925091746399","0.680276196534283","0.594651352305754","1.13101922330172","0.692509174639908","0.200371477474795","0.994","0.561036114406826","0.470451875571842","0.617393235216113","0.424367102539417","0.605601986761156","10_05"
"10.79309281859","0.659390289248969","0.616135308525503","1.02764021131349","0.793092818590044","0.220386453547799","0.9802","0.508320670101181","0.494141279837212","0.672299253255049","0.508767913386535","0.637450627737275","10_05"
"10.7953681113091","0.65476419629798","0.620843045285924","1.02072743565861","0.795368111309053","0.219164545859663","0.978","0.504996669831843","0.494451153785261","0.672404592083537","0.499239284724697","0.645273806065065","10_05"
"10.7422740168076","0.641730783928438","0.647559913265721","1.01591257727326","0.74227401680756","0.193737814910658","0.9856","0.505001842355881","0.488618524888688","0.552633157889587","0.504247237506497","0.62526451349151","10_05"
"5.72539186424444","0.593087345318756","0.704518248433987","0.930006347175299","0.725391864244442","0.150384942905673","0.9702","0.532766875464881","0.17265241399787","0.649356282813081","0.449317619120324","0.623981709177313","10_05"
"10.7159645241456","0.688911573577151","0.581060221515449","1.13739675272145","0.715964524145584","0.215313418544194","0.9926","0.549003432252312","0.496850383141027","0.629179695339558","0.517438409299761","0.382738954880828","10_05"
"10.6844553856677","0.712783356685789","0.5543911341259","1.19720097667937","0.684455385667675","0.223780135321729","0.9954","0.56213516991642","0.556678990835265","0.620623119941148","0.490877710141813","0.57034555950272","10_05"
"10.6979196331213","0.644600161340574","0.636903833416358","1.06047463771633","0.697919633121266","0.178549477901319","0.9916","0.561689617742966","0.304978964580044","0.627977473958638","0.506861693011406","0.581647837730124","10_05"
"10.7202142754199","0.692848791078554","0.575837110255013","1.14134801340646","0.720214275419874","0.218707228075129","0.9926","0.548404602923977","0.517309199517364","0.640802789177401","0.496185407986361","0.520631379739158","10_05"
"10.6721178222568","0.708750355662724","0.559345230194145","1.19898778937414","0.672117822256788","0.219298960431125","0.9958","0.575331719078823","0.479761112516857","0.630642963428434","0.531311019332588","0.55860580315697","10_05"
"10.6009943789534","0.744594658184061","0.519943750298779","1.31249007023046","0.600994378953358","0.217047277031921","0.9988","0.62400255878588","0.489965773028933","0.633274649942746","0.460657137011206","0.529519716366309","10_05"
"10.6818225478356","0.732270260855042","0.530592947725156","1.22983289094372","0.681822547835642","0.233175604032578","0.9954","0.563770961364749","0.65870851976797","0.636476028306421","0.435429120218868","0.354297748715199","10_05"
"10.7164292398631","0.673916857968155","0.600941895291929","1.10419057611429","0.716429239863142","0.204806739471953","0.9916","0.544553922073028","0.477454416006636","0.618937874611752","0.467151755193843","0.610510849653021","10_05"
"10.5797874059593","0.722695408163627","0.549825185273662","1.27836052747465","0.579787405959335","0.198423069781064","0.9992","0.62665754803586","0.438367920344414","0.54898647119891","0.506622109047528","0.558534663019482","10_05"
"10.80375237878","0.677081290531395","0.597658480857621","1.0554867499139","0.803752378780013","0.231339122133264","0.9818","0.504996669831843","0.577510603936389","0.672404592083537","0.499239284724697","0.645273806065065","10_05"
"10.7294911160949","0.720710958058213","0.550170486177146","1.17487090052993","0.729491116094877","0.249448259845837","0.9934","0.539959986199019","0.474406434567941","0.640447100914655","0.896372553892434","0.610425696287138","10_05"
"10.7338039789231","0.638536687367023","0.645638203227022","1.02979961438254","0.733803978923135","0.186611767321567","0.987","0.533721198151863","0.376198359492007","0.615925389408258","0.464073638048688","0.586635429654017","10_05"
"10.9036919065662","0.713311120921214","0.541538428756676","1.0887000199116","0.903691906566181","0.269686190927445","0.9768","0.547669540255993","0.463531515002345","0.982425559079275","0.413383723958874","0.606937216433297","10_05"
"10.5226809485101","0.655080621864083","0.639568836858623","1.17348430385297","0.52268094851006","0.157543291275024","0.9984","0.604767071046896","0.506097282970712","0.129306000424549","0.543283661983069","0.526337926969873","10_05"
"0.810987981806754","0.507036562623463","0.808272220892703","0.62703522477581","0.810987981806754","0.169337020265676","0.7466","0.357248281361535","0.476394463901677","0.649716546620911","0.426642066066703","0.609189736445625","10_05"
"10.6591523147525","0.699342550377205","0.572669541167796","1.19100111619233","0.659152314752512","0.209896349292222","0.9954","0.571720246917032","0.488826759761388","0.578010698645909","0.524591715336001","0.604914828948884","10_05"
"10.7561350227078","0.685066820525223","0.586555930873409","1.09785597742812","0.756135022707805","0.222482828417444","0.9898","0.533540808107933","0.508327029071063","0.665765379285441","0.50853464145755","0.578740853844104","10_05"
"10.7164292398631","0.673916857968155","0.600941895291929","1.10419057611429","0.716429239863142","0.204806739471953","0.9916","0.544553922073028","0.477454416006636","0.618937874611752","0.467151755193843","0.610510849653021","10_05"
"10.774451214213","0.693550781059113","0.582135447530462","1.09321975187269","0.774451214212978","0.239797905172188","0.9884","0.512920960171333","0.487973147477231","0.637847877123042","0.81154990770509","0.612524828609827","10_05"
"10.6844553856677","0.712783356685789","0.5543911341259","1.19720097667937","0.684455385667675","0.223780135321729","0.9954","0.56213516991642","0.556678990835265","0.620623119941148","0.490877710141813","0.57034555950272","10_05"
"5.75888185078411","0.609968050921259","0.678325494550026","0.951958259777707","0.758881850784105","0.175173689087264","0.9728","0.512167322708473","0.307912324891498","0.632882660325121","0.496878054547195","0.624267747716466","10_05"
"10.7660083755226","0.668486490087538","0.603797414318782","1.06406184879655","0.766008375522637","0.215282967949833","0.9872","0.522505466464397","0.50268327529891","0.646461993756622","0.496932342668838","0.579324738054108","10_05"
"5.72216810275846","0.617423787574939","0.671230987092171","0.987692765352464","0.722168102758463","0.171740252744935","0.9858","0.525601395112288","0.35335861399506","0.569106780377547","0.456686802079626","0.624978474952357","10_05"
"10.9036919065662","0.713311120921214","0.541538428756676","1.0887000199116","0.903691906566181","0.269686190927445","0.9768","0.547669540255993","0.463531515002345","0.982425559079275","0.413383723958874","0.606937216433297","10_05"
"10.9036919065662","0.713311120921214","0.541538428756676","1.0887000199116","0.903691906566181","0.269686190927445","0.9768","0.547669540255993","0.463531515002345","0.982425559079275","0.413383723958874","0.606937216433297","10_05"
"10.80375237878","0.677081290531395","0.597658480857621","1.0554867499139","0.803752378780013","0.231339122133264","0.9818","0.504996669831843","0.577510603936389","0.672404592083537","0.499239284724697","0.645273806065065","10_05"
"10.7056752241941","0.668485084132966","0.608968986947982","1.09497456623022","0.705675224194116","0.204065824426866","0.9916","0.532040868383566","0.475051811979398","0.555232381681201","0.589069883693841","0.623165381168821","10_05"
"10.6991205932753","0.708826123959877","0.558740450079304","1.18020024432928","0.699120593275275","0.223518803543372","0.9952","0.561076396131911","0.530172725261206","0.646298358498671","0.493183164497652","0.552441857958892","10_05"
"10.7942780441145","0.656414738735851","0.619661803201537","1.02320822186988","0.794278044114491","0.219758867551926","0.978","0.505594858827786","0.494334257409787","0.671582788735926","0.506633716817529","0.645040161431","10_05"
"10.7677761896413","0.691410586364054","0.582207228012835","1.09699451002507","0.767776189641285","0.233609009004391","0.99","0.523939211530614","0.487919188505883","0.658583816817591","0.682037440088375","0.61768115383812","10_05"
"10.6844553856677","0.712783356685789","0.5543911341259","1.19720097667937","0.684455385667675","0.223780135321729","0.9954","0.56213516991642","0.556678990835265","0.620623119941148","0.490877710141813","0.57034555950272","10_05"
"10.7132660946636","0.677234744177302","0.598495349240666","1.11299756534427","0.713266094663573","0.206306356447709","0.9918","0.548235608896207","0.459787071425168","0.622172235263717","0.500754815318528","0.584580829745337","10_05"
"10.6918072817785","0.688971193812774","0.583971072795656","1.14701787727451","0.691807281778512","0.208522407729157","0.9946","0.558352522327401","0.47938931255785","0.607785539368956","0.502939234675086","0.60860327767743","10_05"
"10.7433223781909","0.70281485750708","0.566275013971471","1.13646459911927","0.743322378190866","0.230359425347749","0.9924","0.540374704021052","0.544975971769122","0.664201692910865","0.52586452886574","0.493227691399084","10_05"
"10.7654997425811","0.693984550574387","0.580974528743935","1.10116995179156","0.765499742581098","0.235710919339853","0.9904","0.524341444769586","0.48062852589927","0.654162537352114","0.723103027190594","0.630195170186293","10_05"
"10.5701217483714","0.589355452569351","0.718263895930984","1.00578282200672","0.570121748371396","0.129012041762113","0.982","0.55792164666266","0.486891863210173","0.0715024236124009","0.488804235854758","0.606822400924475","10_05"
"10.80375237878","0.677081290531395","0.597658480857621","1.0554867499139","0.803752378780013","0.231339122133264","0.9818","0.504996669831843","0.577510603936389","0.672404592083537","0.499239284724697","0.645273806065065","10_05"
"10.7586609334942","0.685883382468442","0.585366557801714","1.09719112507062","0.75866093349424","0.223887200223078","0.99","0.527709159798773","0.555511872254879","0.651763167488756","0.486514869176792","0.41711392811722","10_05"
"10.7247127303108","0.694931411761972","0.575759241970323","1.13926936193822","0.724712730310791","0.220939120909942","0.9928","0.546046354976691","0.514645369567936","0.643435565107041","0.523001641278897","0.437968083883467","10_05"
"10.6510740770902","0.705269228403328","0.564722306805459","1.21042120989123","0.651074077090153","0.210659588370918","0.996","0.583418608971496","0.473032002704507","0.599218828018729","0.505106578453697","0.619227639339211","10_05"
"10.6789806869113","0.702311899869843","0.566649949539361","1.18010804325677","0.678980686911326","0.213886131628897","0.995","0.569688915100038","0.503416957690954","0.626666668724641","0.468391639382006","0.534382064294008","10_05"
"10.7937816292512","0.656818335189915","0.618631557954817","1.02398321433886","0.793781629251153","0.219517556029257","0.979","0.50704348265241","0.493818001228082","0.672246387212273","0.501887144047195","0.637667856793119","10_05"
"10.7932195914331","0.658539302057137","0.617232637080172","1.02627555867181","0.793219591433102","0.220123176428846","0.98","0.507641671648353","0.493701104852608","0.671424583864663","0.509281576140027","0.637434212159054","10_05"
"10.7283520726746","0.687060141476006","0.58372510370368","1.12117209029259","0.728352072674593","0.217296676344448","0.9916","0.542273007512163","0.500674719768154","0.638199339567667","0.522606751242443","0.420094860852617","10_05"
"10.7287684224362","0.708036226848976","0.559522806341216","1.15235779127745","0.728768422436228","0.229221660579353","0.993","0.543703473214329","0.5968977523657","0.656137444682329","0.458195827182103","0.574618032757033","10_05"
"10.6029966332256","0.754046743773105","0.503918184153601","1.32651262670194","0.602996633225624","0.225334789223992","0.9986","0.616448813602262","0.543227806173243","0.627231101159253","0.483143207771012","0.565483211575021","10_05"
"10.788302774466","0.68338232545988","0.58972611108209","1.076508143736","0.788302774465969","0.230848759199749","0.9856","0.510941569585704","0.57396570588447","0.663691191013005","0.522219048761802","0.634284346780345","10_05"
"10.7028211022724","0.693983826612679","0.57531890404975","1.15314704308855","0.702821102272401","0.215498676959767","0.9942","0.555816264403608","0.504670009766636","0.628481599507106","0.495061362507118","0.582287844684532","10_05"
"0.994706929523474","0.662373041831136","0.605480428132859","0.922429408076996","0.994706929523474","0.266354434049672","0.9314","0.48998980014585","0.463531515002345","0.982425559079275","0.413383723958874","0.606937216433297","10_05"
"10.7679098411056","0.67574688076122","0.596877240884559","1.07373011160815","0.767909841105616","0.219569211878531","0.9878","0.526467456162715","0.497152626936502","0.664020810402974","0.515807744628094","0.423495867966796","10_05"
"10.9400194000634","0.723775312281955","0.53040043161563","1.0709795452556","0.940019400063372","0.287058597755124","0.9724","0.534289282563323","0.557526355199715","0.981463750286728","0.434675525253299","0.64399138494644","10_05"
"10.768071963969","0.693317102529319","0.581681967992217","1.10027840888746","0.768071963968972","0.237517159296208","0.9894","0.517288318917776","0.487953765527437","0.638584073093827","0.773717230737437","0.613919944274981","10_05"
"10.80375237878","0.677081290531395","0.597658480857621","1.0554867499139","0.803752378780013","0.231339122133264","0.9818","0.504996669831843","0.577510603936389","0.672404592083537","0.499239284724697","0.645273806065065","10_05"
"0.829230387313524","0.498689653079256","0.810038300778426","0.608995419033946","0.829230387313524","0.183559327904729","0.7038","0.33364394819364","0.564735725302761","0.665921564132545","0.502242353900955","0.519977011264729","10_05"
"10.7689225119818","0.694190029969499","0.575418124595547","1.10706504834174","0.768922511981802","0.232306731636847","0.99","0.52690093915451","0.55775085040275","0.670684720861857","0.522861459689483","0.61852448619942","10_05"
"10.7829273788715","0.660540418965702","0.613625256619562","1.04398943372805","0.782927378871479","0.216018530514153","0.9838","0.518376927524512","0.483515763739019","0.673366400876083","0.477947483430273","0.608219637551922","10_05"
"10.7655663066368","0.669193788662467","0.603408517800481","1.06545148468984","0.765566306636849","0.215546973853126","0.9876","0.522849034001858","0.497340094059734","0.646424916376966","0.508686150661544","0.634266849678941","10_05"
"10.7252206390454","0.692517454934094","0.575618281689203","1.13342151238784","0.725220639045416","0.22023563328446","0.992","0.54973063530756","0.493973623431082","0.660640109367405","0.50785503774402","0.602335436428102","10_05"
"10.9036919065662","0.713311120921214","0.541538428756676","1.0887000199116","0.903691906566181","0.269686190927445","0.9768","0.547669540255993","0.463531515002345","0.982425559079275","0.413383723958874","0.606937216433297","10_05"
"10.7095351997323","0.694866013013655","0.577382700671808","1.14229842348633","0.709535199732255","0.219188944345116","0.9938","0.540313084206515","0.542761185541842","0.595936478580255","0.542696986266399","0.596379532814297","10_05"
"10.675933668918","0.711017958343382","0.557480340033547","1.19975350162821","0.675933668918002","0.221469898480889","0.9954","0.569149057908592","0.514013654093343","0.624147988093028","0.514739952450153","0.561206352386601","10_05"
"10.7960471084981","0.66871346207251","0.608066714624981","1.04171224807676","0.796047108498107","0.224663318315179","0.9814","0.507625706807583","0.527209697319167","0.671837396191301","0.500900933926587","0.640475274563993","10_05"
"10.7070899840049","0.682086857020582","0.595754983848236","1.11727420946132","0.707089984004877","0.21249531356593","0.9926","0.530673619627765","0.533217147844678","0.558866808971298","0.560436902202732","0.601723053834039","10_05"
"10.7358352567923","0.704452855601575","0.564105885163844","1.14274899794353","0.735835256792339","0.22810412412775","0.9928","0.541377838061411","0.586611057648362","0.655773850528892","0.46625157153155","0.423459328015334","10_05"
"10.7174188016688","0.684330912238574","0.587992134473604","1.12644977207853","0.717418801668802","0.21185574833249","0.9918","0.547549186375722","0.485799871661963","0.627050804495155","0.505216144709399","0.535206918993211","10_05"
"10.7860862913321","0.686948209320737","0.589106887735591","1.07203853460686","0.786086291332088","0.23909740915564","0.9858","0.506976060417472","0.49151804552915","0.646561278193574","0.788570143667985","0.623514287894547","10_05"
"10.7837218210731","0.67771268872467","0.597381507310671","1.06450030162104","0.783721821073078","0.225259349086564","0.9852","0.513960577161165","0.545710085921236","0.663566104298705","0.505097923774722","0.625491926977242","10_05"
"10.7752025295752","0.69208998014491","0.583271582185554","1.09159228066831","0.775202529575181","0.236270861558154","0.9884","0.519571852784172","0.487938570455677","0.657847620846806","0.719870117056028","0.616286038172966","10_05"
"10.7992299027256","0.671681436689669","0.605431890927502","1.043382764812","0.799229902725607","0.227367660809488","0.981","0.505012634672613","0.544002011469831","0.671991779756898","0.507619926938137","0.642232743660126","10_05"
"10.7536883930585","0.689665805123632","0.580733893086181","1.10625885045669","0.753688393058469","0.224943920531157","0.9908","0.530034794951692","0.565798566972217","0.652126761642192","0.478459124827345","0.568272632858918","10_05"
"10.6739552380857","0.697194391128314","0.57343573666103","1.17619960653755","0.673955238085678","0.211090723167844","0.9952","0.567228781771869","0.487385408344488","0.604344097936766","0.505786182167228","0.595633056755212","10_05"
"10.7279781104891","0.683982360417188","0.588123891068482","1.11470723741224","0.727978110489055","0.215891762348767","0.9914","0.53543125739138","0.529188378803256","0.615433347783274","0.504568724609545","0.601403881111557","10_05"
"10.7932195914331","0.658539302057137","0.617232637080172","1.02627555867181","0.793219591433102","0.220123176428846","0.98","0.507641671648353","0.493701104852608","0.671424583864663","0.509281576140027","0.637434212159054","10_05"
"10.7548472996428","0.675277638608478","0.59675459718591","1.08028941685647","0.754847299642754","0.216450803851019","0.9896","0.529076408554573","0.497346536389599","0.648128740198658","0.5151478506679","0.438556255452002","10_05"
"10.6927336171672","0.691167331560191","0.580638472980609","1.15168047596637","0.692733617167223","0.210417889965994","0.9948","0.560315906039595","0.4736637181791","0.618506405032742","0.513368267282442","0.495989370836076","10_05"
"10.7245440751911","0.679773815326834","0.593410013906412","1.10975227925063","0.724544075191136","0.211919063469137","0.9914","0.542959430032648","0.474661919531359","0.63332077033623","0.518145421851572","0.469468771604743","10_05"
"10.9400194000634","0.723775312281955","0.53040043161563","1.0709795452556","0.940019400063372","0.287058597755124","0.9724","0.534289282563323","0.557526355199715","0.981463750286728","0.434675525253299","0.64399138494644","10_05"
"10.9036919065662","0.713311120921214","0.541538428756676","1.0887000199116","0.903691906566181","0.269686190927445","0.9768","0.547669540255993","0.463531515002345","0.982425559079275","0.413383723958874","0.606937216433297","10_05"
"10.7756250597449","0.682548262730432","0.590264544229361","1.08052176298699","0.775625059744869","0.224392922848069","0.9878","0.5201607855819","0.563917197772041","0.663775793457145","0.47395161622723","0.492000169781455","10_05"
"10.7340052758158","0.680724462138118","0.592145202648011","1.101337939403","0.734005275815833","0.215593476343582","0.9908","0.534475824320833","0.511928649909523","0.629401812633345","0.507013996135212","0.46144740578949","10_05"
"10.7836146372696","0.668081380647341","0.60813567256172","1.04586829717271","0.783614637269569","0.220955494405406","0.9838","0.51313392915808","0.490468643745163","0.660814315455918","0.552974945515648","0.634577067262713","10_05"
"10.7759560298792","0.686172667314189","0.587266538300764","1.08517636464626","0.775956029879243","0.228367240479324","0.9878","0.51793576858833","0.568833461077369","0.6570496884575","0.508346595451758","0.574630315468306","10_05"
"10.7600583040782","0.683033429149546","0.589469165742234","1.08951259430006","0.760058304078231","0.223004259002418","0.9898","0.526803661946902","0.520018910070405","0.652599959367826","0.527083814037775","0.605776754716245","10_05"
"10.7690740501197","0.688718332262325","0.582814538724602","1.0941618626871","0.769074050119748","0.228274197106719","0.9894","0.523040595949065","0.570930811779318","0.658768264197697","0.49233157813739","0.627926664170958","10_05"
"10.6847381078593","0.694500942903947","0.576655189077996","1.162379618146","0.684738107859285","0.21159128122547","0.995","0.5624574765376","0.486226834558504","0.610794037874223","0.508097227760044","0.553878226843641","10_05"
"10.7490086920559","0.67275960737334","0.599718253083295","1.0775171598349","0.749008692055872","0.214300605401376","0.99","0.528038573462412","0.503613642225685","0.63484673452619","0.501549500656071","0.607874124368579","10_05"
"10.7820920478798","0.678524905639454","0.597492831990617","1.06659622352352","0.78209204787982","0.226120846017773","0.986","0.519258150300549","0.483751449029008","0.673338056354662","0.59197265355723","0.610558138527424","10_05"
"10.7852505929722","0.658723070540958","0.617146339300283","1.03206035682373","0.785250592972163","0.217475603560001","0.9822","0.508772346848554","0.4988564238937","0.655764402916613","0.515064246344138","0.45016803423738","10_05"
"10.7638932349215","0.684279357974254","0.588810478809661","1.08835746800578","0.763893234921505","0.223224731338942","0.9892","0.527929768513602","0.525699809815066","0.664201733473346","0.500984538250349","0.628863495778615","10_05"
"10.7049430832744","0.710990795094776","0.556763880570195","1.17694473887655","0.704943083274398","0.227795200554671","0.9946","0.555745334787953","0.541961149826351","0.644397560422746","0.513134908015645","0.640037883864167","10_05"
"10.741400498518","0.69563645259925","0.579433018304694","1.12135227414211","0.741400498518023","0.230815282225261","0.9918","0.528199448228649","0.497108039188528","0.620681009262254","0.697355027627798","0.611913164568278","10_05"
"10.7428757515703","0.679876528842769","0.593908721159748","1.08984626315157","0.742875751570343","0.217388891932178","0.9904","0.53003184162512","0.514606265283332","0.634160275348587","0.512702579142234","0.578512730774069","10_05"
"10.7338096254524","0.694692262886152","0.578843540956906","1.12833077236415","0.733809625452354","0.225856395279726","0.9924","0.537633944197144","0.48743325202334","0.631717484902265","0.642755340143247","0.535483176552239","10_05"
"10.7095351997323","0.694866013013655","0.577382700671808","1.14229842348633","0.709535199732255","0.219188944345116","0.9938","0.540313084206515","0.542761185541842","0.595936478580255","0.542696986266399","0.596379532814297","10_05"
"10.7552694784586","0.683684678721089","0.590807292083822","1.0916100648369","0.755269478458586","0.223609991892353","0.9898","0.52948709496275","0.4863051900943","0.653180940439696","0.582330921622179","0.616009780613938","10_05"
"10.7441376823222","0.683641081076182","0.586215848822773","1.10412309489472","0.744137682322162","0.217637736716322","0.9902","0.539593980004023","0.50620962361534","0.66536445794783","0.470247438734592","0.539678795785802","10_05"
"10.6819553381945","0.693631650020402","0.577283589522213","1.16435067865991","0.681955338194488","0.210192646045138","0.995","0.565087211273864","0.474822291965083","0.612056465095285","0.511057221689625","0.537744200747647","10_05"
"10.7488585751045","0.681577748850715","0.591656981738031","1.0902435890526","0.748858575104531","0.219490129309787","0.9902","0.529965611362776","0.515553176813087","0.643288004055517","0.51543071743208","0.506652177812772","10_05"
"10.7978000017194","0.668351343000313","0.608943896561626","1.03680545470205","0.797800001719361","0.225310079412771","0.9804","0.505289086554337","0.53234095153358","0.671976299662454","0.501254473986627","0.641963967744957","10_05"
"10.7874043667292","0.683949504412354","0.592374552219388","1.07223983000483","0.787404366729186","0.234453459945494","0.9856","0.514079595274446","0.491171031563122","0.66845788925555","0.676176747680406","0.619143183069307","10_05"
"10.7397760167338","0.70048773541446","0.569046445505713","1.13286019934842","0.739776016733846","0.227628295699234","0.9924","0.54098481315317","0.548260262719041","0.659255005442784","0.501585562131361","0.594584805820474","10_05"
"10.7095351997323","0.694866013013655","0.577382700671808","1.14229842348633","0.709535199732255","0.219188944345116","0.9938","0.540313084206515","0.542761185541842","0.595936478580255","0.542696986266399","0.596379532814297","10_05"
"10.7170837035434","0.690732496946097","0.578495801018917","1.13917956099023","0.71708370354339","0.216619748808486","0.9928","0.550626724943054","0.498396461600685","0.640059781357882","0.502198012512591","0.608680569994893","10_05"
"10.7977563445752","0.672452152377375","0.604535771432931","1.04657176462208","0.797756344575233","0.226684559911115","0.9822","0.507349254925859","0.538870757255417","0.671852876285745","0.507266386878097","0.640744050479162","10_05"
"10.7401450217506","0.690130574973633","0.582208272413711","1.11383451532737","0.740145021750639","0.223283513096158","0.9916","0.533160914587265","0.543263995310691","0.637297574733781","0.51239367504349","0.611895352631193","10_05"
"10.7417798211133","0.679146756411315","0.593552171514493","1.09046600607253","0.741779821113296","0.216442462328048","0.9904","0.531933102191319","0.510787828926671","0.636166154130731","0.50494575180556","0.51824757126558","10_05"
"10.7960367911467","0.678539666335998","0.598202703370464","1.05786720608103","0.796036791146734","0.229286088480582","0.984","0.509456998076656","0.521717991117835","0.670569267710943","0.571969498929883","0.640080262111617","10_05"
"10.7814948218519","0.677738584809134","0.596817050409123","1.06894155511264","0.781494821851879","0.223097068058443","0.9866","0.520470680835477","0.520113747806251","0.669791493580744","0.501402251413039","0.617933371871578","10_05"
"10.7592644473003","0.676787902900414","0.59678095055755","1.07893893426189","0.759264447300347","0.217941566854884","0.9894","0.525933705388265","0.513256377955668","0.646148233258588","0.504347554680608","0.61507782948925","10_05"
"10.7663294319846","0.68771727145042","0.584139476681502","1.09457713758302","0.766329431984648","0.226812713399216","0.9896","0.524675469101604","0.562148805004463","0.656991408991207","0.493601769117583","0.620470239678322","10_05"
"10.7657395930174","0.685058521792032","0.58969712793268","1.08705553813452","0.765739593017422","0.2274660245335","0.989","0.524293170363887","0.496764510282761","0.656868989013973","0.599700151718701","0.610865849119739","10_05"
"10.7763181546759","0.672954265770947","0.602502050267972","1.06035388229322","0.776318154675949","0.220073658796701","0.986","0.514799590147834","0.525897191347086","0.645252208527469","0.519499060741141","0.637982959030454","10_05"
"10.7491018929974","0.692002029579184","0.579453511574014","1.11283423615201","0.749101892997396","0.226063177401803","0.991","0.534406723433065","0.534467011045509","0.659175924415477","0.512170885738098","0.636110638922586","10_05"
"10.7774354171325","0.671169795024999","0.604093578527517","1.05474453948395","0.777435417132537","0.219571877034257","0.9854","0.512772082032702","0.533827257605457","0.644104829752034","0.503482329771733","0.637647655852595","10_05"
"10.7167641783475","0.707053970367384","0.562394072701098","1.1634919725018","0.7167641783475","0.227297453728361","0.9942","0.554079673798199","0.506532602224429","0.659959667351195","0.546610792790152","0.636631992096426","10_05"
"10.9400194000634","0.723775312281955","0.53040043161563","1.0709795452556","0.940019400063372","0.287058597755124","0.9724","0.534289282563323","0.557526355199715","0.981463750286728","0.434675525253299","0.64399138494644","10_05"
"10.721943674372","0.701848631887653","0.567488771919626","1.15324546167258","0.721943674372021","0.223553610163342","0.9936","0.54926837986849","0.533193948595908","0.649423369480615","0.501948560527897","0.632790740720195","10_05"
"10.6989820274618","0.708431261038752","0.558282226157167","1.18140849777033","0.698982027461761","0.222863209333984","0.9952","0.563576352336882","0.52096238469428","0.653143688862409","0.490079255086285","0.498863530452456","10_05"
"10.7874043667292","0.683949504412354","0.592374552219388","1.07223983000483","0.787404366729186","0.234453459945494","0.9856","0.514079595274446","0.491171031563122","0.66845788925555","0.676176747680406","0.619143183069307","10_05"
"10.7782471627487","0.673485075398792","0.602871642029971","1.06109816129901","0.778247162748714","0.221854033081385","0.986","0.516729783908714","0.498047334713986","0.653935678784684","0.566416174917245","0.555701691425096","10_05"
"10.7800128661836","0.673961245042866","0.601085789755747","1.06085796082783","0.780012866183598","0.220838058607971","0.9858","0.516826136792761","0.520974377870839","0.656396598052979","0.511217413855279","0.565059987584925","10_05"
"10.7736950095859","0.669140901709553","0.604078451419753","1.06151891444144","0.773695009585855","0.217378137694299","0.987","0.52152965790259","0.487114279274014","0.655009664571625","0.530978993049073","0.510476123426222","10_05"
"10.7636443331863","0.684201335586938","0.589152704276363","1.08761243328533","0.763644333186305","0.224520762622232","0.9896","0.525168788794364","0.52880091684526","0.654376814574316","0.525813623057582","0.613233179208881","10_05"
"10.7583744001792","0.687471226351907","0.58823543361814","1.09578339357123","0.758374400179226","0.229138587943959","0.9908","0.523164428165312","0.484094977934775","0.637150076602943","0.689627529466327","0.611605453975963","10_05"
"10.7388765314512","0.683319227827489","0.589704601878564","1.09930678799403","0.738876531451165","0.218028447360357","0.9906","0.535445130661914","0.510623665328014","0.642244587439593","0.502050235086178","0.632711165868272","10_05"
"10.7679141783774","0.68692179913833","0.585607355155572","1.09312946478047","0.767914178377429","0.227465100133589","0.9894","0.5256779191089","0.541777689238815","0.665169044644201","0.510165819258384","0.616211664523555","10_05"
"10.7864022385625","0.67104031875583","0.605274622659774","1.04944159696958","0.786402238562546","0.222582690919697","0.9844","0.511288483357391","0.529872402504583","0.661994220534597","0.501852671111579","0.545133709521288","10_05"
"10.7740136269916","0.674713278847485","0.601552132840804","1.0646982374822","0.77401362699157","0.221967408711423","0.9868","0.51862250544494","0.496642675083502","0.652032814580583","0.56870464977231","0.528162017350804","10_05"
"10.9036919065662","0.713311120921214","0.541538428756676","1.0887000199116","0.903691906566181","0.269686190927445","0.9768","0.547669540255993","0.463531515002345","0.982425559079275","0.413383723958874","0.606937216433297","10_05"
"10.753398634822","0.668111498299374","0.605543961753896","1.0663654657435","0.753398634822037","0.212904081525106","0.9892","0.521671644518882","0.517777105042844","0.622688569690021","0.49492958283057","0.530880840076646","10_05"
"10.7471422031158","0.681410548422411","0.595617598529558","1.08895340282061","0.747142203115782","0.220607283342934","0.9904","0.527783785600758","0.489647000833539","0.635449073238295","0.589114936715076","0.457489193438814","10_05"
"10.7518779020267","0.679508544338831","0.594351258859354","1.08446215993189","0.751877902026669","0.218288527467436","0.9898","0.528031120927608","0.520003165503978","0.641435699567955","0.501001453780556","0.628820965593122","10_05"
"10.7955027840691","0.677677617548111","0.600350568888351","1.05517098119597","0.795502784069083","0.228969671697557","0.984","0.509911683752127","0.501793991978868","0.669864921207062","0.60546172273715","0.621026888702647","10_05"
"10.7774685889248","0.654888991446752","0.622189391084184","1.03136440168507","0.777468588924786","0.208001136672848","0.9836","0.514986806004859","0.548812857802179","0.658136069061331","0.363596866838634","0.513034710823413","10_05"
"10.7874043667292","0.683949504412354","0.592374552219388","1.07223983000483","0.787404366729186","0.234453459945494","0.9856","0.514079595274446","0.491171031563122","0.66845788925555","0.676176747680406","0.619143183069307","10_05"
"10.7617785772393","0.678643033546311","0.59463489309613","1.0826750395309","0.761778577239326","0.219040080059316","0.9892","0.527937221048406","0.509310286536773","0.657612768431581","0.501532585125864","0.607916654554072","10_05"
"10.7617293325855","0.690008203113399","0.580983270584319","1.10454311662791","0.761729332585499","0.227356724779627","0.9902","0.531964161194767","0.533432740470649","0.671799060678513","0.502504030096415","0.61751283722918","10_05"
"10.8094616107485","0.699052328599577","0.564602658085784","1.10633499677194","0.809461610748538","0.242840000443686","0.9874","0.538934983793827","0.494339595591016","0.782605626504179","0.497512388653886","0.548288225832206","10_05"
"10.7622551789688","0.692882969614571","0.580146716883434","1.10667968243099","0.762255178968832","0.229329542432356","0.9908","0.530484646808227","0.521278682226467","0.665727782642163","0.556425337584249","0.581538506581023","10_05"
"10.7814508839189","0.677400399221622","0.597156362015526","1.06842642471486","0.781450883918934","0.222943307644724","0.9862","0.520470680835477","0.520113747806251","0.669791493580744","0.501402251413039","0.53873871685937","10_05"
"10.7649745815136","0.677149094301148","0.596826383234575","1.07663638056448","0.764974581513552","0.219146915552807","0.988","0.524326108910403","0.515912992770828","0.653532941723258","0.503308899897801","0.572354270557182","10_05"
"10.7707580881211","0.676673058082854","0.599007612725157","1.07035423808294","0.770758088121053","0.22254408918346","0.9874","0.521975916706864","0.487143946559133","0.656475804605472","0.576532117230697","0.574608999315774","10_05"
"0.905439293777337","0.576959363113964","0.71355661830977","0.787197135048563","0.905439293777337","0.21715096713434","0.8936","0.414369291160256","0.557464472098906","0.747501021901531","0.404440775284333","0.593254615044006","10_05"
"10.7525073893542","0.687888984355838","0.584042162212325","1.10288984052663","0.752507389354164","0.224119128085985","0.9908","0.530423065345587","0.540890408214683","0.651191075881919","0.505288323620334","0.618500841122042","10_05"
"10.863386496943","0.703196508953214","0.555788246291197","1.09177508246678","0.863386496942957","0.257691247854452","0.9816","0.544089075671381","0.473651854986319","0.903757462023619","0.423037620449685","0.61660357234775","10_05"
"10.8496014903482","0.696316681886521","0.570369847038933","1.07368656916016","0.849601490348229","0.254447414173503","0.9806","0.518665583796695","0.550482316401802","0.793882236284864","0.495103074129306","0.630274710628907","10_05"
"10.7809880670367","0.67077306803601","0.604298218614318","1.05110535006947","0.780988067036748","0.220706220535967","0.9848","0.512896079835252","0.527215787689423","0.654609512069927","0.502891325894385","0.587857268453356","10_05"
"10.7617785772393","0.678643033546311","0.59463489309613","1.0826750395309","0.761778577239326","0.219040080059316","0.9892","0.527937221048406","0.509310286536773","0.657612768431581","0.501532585125864","0.607916654554072","10_05"
"10.7740136269916","0.674713278847485","0.601552132840804","1.0646982374822","0.77401362699157","0.221967408711423","0.9868","0.51862250544494","0.496642675083502","0.652032814580583","0.56870464977231","0.528162017350804","10_05"
"10.7677300603132","0.678015199395733","0.596647804351895","1.07745417695448","0.767730060313218","0.22199886784978","0.988","0.523846911559612","0.496734842997641","0.655402848980126","0.554147027537077","0.546732973230187","10_05"
"10.9036919065662","0.713311120921214","0.541538428756676","1.0887000199116","0.903691906566181","0.269686190927445","0.9768","0.547669540255993","0.463531515002345","0.982425559079275","0.413383723958874","0.606937216433297","10_05"
"10.7813269572272","0.682752762440702","0.592803880543447","1.07267785153139","0.781326957227185","0.22868124764561","0.9864","0.516928998891352","0.508291879785242","0.666407818272063","0.589273786537281","0.618684406821094","10_05"
"10.9465895566648","0.71981173349956","0.538737549246022","1.05824939370389","0.946589556664769","0.285190872332747","0.9704","0.52749391016292","0.552894531574326","0.964041504182532","0.457985118214465","0.639711726926141","10_05"
"10.8802949567227","0.682857571548416","0.582133008466329","1.03391540041048","0.880294956722718","0.250376111201615","0.9722","0.520023039819557","0.499064321915913","0.861814153109693","0.417724006416566","0.603782700122378","10_05"
"10.8635866134692","0.731898575115669","0.535521590596833","1.1077998742158","0.8635866134692","0.282576171495304","0.9816","0.529703294041074","0.498215070361035","0.856039403257415","0.737406677799299","0.632859857386839","10_05"
"10.7640690991764","0.650217151911278","0.62917406656254","1.03701788706378","0.76406909917641","0.199930761761959","0.9856","0.523084301771358","0.496135529733549","0.648198304242075","0.362171688117087","0.615536605737463","10_05"
"10.735963334851","0.694883617308649","0.575607847702039","1.12712337657613","0.73596333485096","0.223918821870363","0.9924","0.542548703605311","0.521401693585648","0.657985173931188","0.50562341643192","0.826114465016872","10_05"
"10.8881602672368","0.701104162535407","0.560587251639348","1.06288955134841","0.888160267236805","0.26132592033411","0.975","0.528646965471446","0.548874740902988","0.892098797446528","0.3938316168076","0.563771480725847","10_05"
"10.7517579029699","0.688260840389503","0.584573280294952","1.10379424848017","0.751757902969888","0.22474217516914","0.991","0.532448541055511","0.512510651503709","0.656183740776144","0.541614999089953","0.633179606271592","10_05"
"10.7876767732242","0.688610820381919","0.57980800926722","1.09133512074405","0.787676773224183","0.231619365349814","0.9882","0.531611585512219","0.509882825520003","0.72010379662361","0.491347557289745","0.619154609678668","10_05"
"10.7558854156225","0.68257671112","0.590426393201825","1.09142638022525","0.75588541562249","0.220520375084415","0.9898","0.530699984425227","0.511510946352147","0.656222556201875","0.507483580003306","0.630421989269786","10_05"
"10.7864022385625","0.67104031875583","0.605274622659774","1.04944159696958","0.786402238562546","0.222582690919697","0.9844","0.511288483357391","0.529872402504583","0.661994220534597","0.501852671111579","0.545133709521288","10_05"
"10.9400194000634","0.723775312281955","0.53040043161563","1.0709795452556","0.940019400063372","0.287058597755124","0.9724","0.534289282563323","0.557526355199715","0.981463750286728","0.434675525253299","0.64399138494644","10_05"
"10.7838873231898","0.672623369865642","0.602966562031848","1.05321719988005","0.783887323189763","0.222783571172408","0.9848","0.512453587683059","0.51983100494214","0.656630114374391","0.532404734926109","0.639611821708298","10_05"
"10.7814948218519","0.677738584809134","0.596817050409123","1.06894155511264","0.781494821851879","0.223097068058443","0.9866","0.520470680835477","0.520113747806251","0.669791493580744","0.501402251413039","0.617933371871578","10_05"
"10.9036919065662","0.713311120921214","0.541538428756676","1.0887000199116","0.903691906566181","0.269686190927445","0.9768","0.547669540255993","0.463531515002345","0.982425559079275","0.413383723958874","0.606937216433297","10_05"
"10.8255274590304","0.710159634942805","0.554086611673899","1.11293623769845","0.825527459030351","0.254248751048659","0.9874","0.538539972741431","0.503858914648834","0.808217825991257","0.528507216865787","0.61153615297944","10_05"
"0.518275055582899","0.319937294600452","1.02038392627655","0.0833552625650435","0.518275055582899","0.154952536029817","0.0178","0.191858440870419","0.542165502388085","0.925504820116951","0.508313672405435","0.634499455808362","10_05"
"10.8600707006509","0.70111886128104","0.5595325449198","1.0835349443594","0.860070700650912","0.256172032423149","0.981","0.536634881610579","0.495067657873542","0.87327973008913","0.442801357357424","0.610130309465763","10_05"
"10.7673703658187","0.67927632000508","0.594965351086253","1.07736173664397","0.767370365818702","0.221261230934487","0.988","0.522258031937843","0.529832125727862","0.652113951827142","0.504869654121434","0.598818065284089","10_05"
"10.7781153036184","0.683189945889996","0.590012226535496","1.08217626165568","0.778115303618412","0.226385119609396","0.9878","0.523520751403833","0.518704786839244","0.677917850162327","0.52543130658741","0.573320699009981","10_05"
"10.8174655663669","0.699925883003739","0.567753613651556","1.09734501241198","0.817465566366917","0.245613580914595","0.9862","0.529806243121308","0.534957245436058","0.765634506607034","0.492355591820681","0.625941562946185","10_05"
"10.7691611282717","0.680296140805366","0.594137840112346","1.07600537829524","0.769161128271702","0.222603429065","0.9878","0.521061113242997","0.538274070176244","0.653686636124704","0.503309995393285","0.607540044291308","10_05"
"10.8302684872406","0.693268501196305","0.567865900958206","1.09341050489862","0.830268487240641","0.242220756685023","0.9842","0.541578108570073","0.47218325185722","0.830391473864161","0.42649150618304","0.628580669725449","10_05"
"10.7795600629109","0.679990608125606","0.595178182992449","1.06989416291914","0.779560062910877","0.226249652023038","0.9864","0.51858306792602","0.50053510668765","0.664872030148885","0.579770261843644","0.53709034941204","10_05"
"10.9400194000634","0.723775312281955","0.53040043161563","1.0709795452556","0.940019400063372","0.287058597755124","0.9724","0.534289282563323","0.557526355199715","0.981463750286728","0.434675525253299","0.64399138494644","10_05"
"10.8075369537888","0.686964746712664","0.58088337447415","1.07904480110351","0.807536953788824","0.235012448014608","0.9856","0.526704049079096","0.506742033181014","0.742011234723821","0.498378514734573","0.54542265997393","10_05"
"10.8613685225999","0.696717961996015","0.567908980027039","1.07134285023857","0.861368522599894","0.256093961923515","0.9786","0.52457417737752","0.522920644869777","0.831951569430783","0.474781077573295","0.622316541238042","10_05"
"10.8481771942799","0.700333124407967","0.565377830506356","1.0842329845572","0.848177194279877","0.254460084555069","0.9824","0.523390413620877","0.5500876345108","0.801881428332492","0.48460629205421","0.635328557559677","10_05"
"10.8157477928744","0.687768029002617","0.578024870573606","1.07982220585782","0.815747792874364","0.238887548835167","0.9844","0.527867820073054","0.495465813693912","0.761317890716244","0.504485816992585","0.614579348530523","10_05"
"10.7907325952318","0.683423066762774","0.588689881064285","1.07820650963088","0.79073259523184","0.228787428191476","0.9864","0.523519418072122","0.517469964914586","0.702588612314956","0.500986545030892","0.547999275379564","10_05"
"10.8280027749226","0.698816603206521","0.560918398815922","1.10229682268287","0.828002774922562","0.246797288145064","0.986","0.542646244157633","0.478346682648806","0.829249625613755","0.461929923891195","0.615961516646202","10_05"
"10.9328880844345","0.711618718422198","0.550837607688338","1.04999198613545","0.932888084434497","0.277200379039659","0.9708","0.525402979133773","0.517726426632105","0.942496492722681","0.480943726514584","0.565842509020243","10_05"
"10.7795434251099","0.674390959599045","0.600715200571166","1.06276401809167","0.779543425109909","0.220919707039373","0.9864","0.519215349558238","0.49741732521176","0.660614349206416","0.545206878837332","0.572761355837381","10_05"
"10.7606950000879","0.677833458848015","0.592313124641906","1.09118166996295","0.760695000087949","0.216628205188862","0.9886","0.542737241957697","0.465918836176491","0.709720559937337","0.43384224885733","0.579833424272424","10_05"
"10.7931536352666","0.683479271387959","0.587957411257839","1.07805066824468","0.793153635266578","0.229206638481123","0.9864","0.523945169487594","0.514032826708168","0.709672317142874","0.49801830227159","0.576542162688533","10_05"
"10.8802949567227","0.682857571548416","0.582133008466329","1.03391540041048","0.880294956722718","0.250376111201615","0.9722","0.520023039819557","0.499064321915913","0.861814153109693","0.417724006416566","0.603782700122378","10_05"
"10.9465895566648","0.71981173349956","0.538737549246022","1.05824939370389","0.946589556664769","0.285190872332747","0.9704","0.52749391016292","0.552894531574326","0.964041504182532","0.457985118214465","0.639711726926141","10_05"
"10.7763116265243","0.678380429845721","0.596140167454466","1.07124403068153","0.77631162652425","0.222774089609321","0.987","0.519877836722179","0.519339097677993","0.661209958954911","0.524900022348017","0.573334033385001","10_05"
"10.7722958289595","0.691342692600367","0.577345194945265","1.10588690130393","0.772295828959454","0.23017079126115","0.9894","0.535793738262188","0.511665100085321","0.704237998643199","0.498790180720541","0.693527327413915","10_05"
"10.8635866134692","0.731898575115669","0.535521590596833","1.1077998742158","0.8635866134692","0.282576171495304","0.9816","0.529703294041074","0.498215070361035","0.856039403257415","0.737406677799299","0.632859857386839","10_05"
"10.7502317593342","0.691697120751418","0.577883790533937","1.11434936280124","0.750231759334154","0.225408300714816","0.991","0.538366550855343","0.51961941902033","0.6738509719116","0.498180793001124","0.751741747281625","10_05"
"10.7978337614708","0.687447074211092","0.581719424552053","1.08528817663562","0.797833761470799","0.232778248896475","0.9864","0.527885894141485","0.507522556572271","0.727542821431232","0.502385412276682","0.559603331597029","10_05"
"10.8106083275065","0.683625855655005","0.587360473691717","1.06863607494928","0.810608327506537","0.236039070991906","0.9834","0.518060236620176","0.523652732596871","0.722366748441841","0.515635639385144","0.628176335959172","10_05"
"10.8218007753023","0.685561113506722","0.581704153384929","1.07144866365951","0.821800775302342","0.240290210952388","0.9822","0.520470926187606","0.525407896485748","0.74835152630144","0.494095039598369","0.623487757361391","10_05"
"10.7758862469391","0.678432243968326","0.598530518541819","1.06634862750592","0.775886246939087","0.224577741964676","0.9862","0.516968436410273","0.504399448181094","0.65356860270376","0.578208174465947","0.609756074759858","10_05"
"10.7990091496427","0.687220654757811","0.583009757210708","1.08338812982162","0.799009149642663","0.233597451705849","0.9864","0.52379731214181","0.531010394537405","0.7176336418985","0.492387577539761","0.590285176201694","10_05"
"10.8713761129162","0.709004699946266","0.555789483950736","1.0814614067516","0.871376112916204","0.265086646701566","0.9784","0.528734872312211","0.52942309332612","0.863885041508848","0.485286755946406","0.570577820325339","10_05"
"10.8652761530008","0.677884688085373","0.587231639902165","1.03761625681943","0.865276153000753","0.243225408725492","0.9738","0.519508913791504","0.498290948273538","0.831653875445757","0.4178821442618","0.60138783415136","10_05"
"10.9400194000634","0.723775312281955","0.53040043161563","1.0709795452556","0.940019400063372","0.287058597755124","0.9724","0.534289282563323","0.557526355199715","0.981463750286728","0.434675525253299","0.64399138494644","10_05"
"10.7733323940649","0.677130052435702","0.597698258480413","1.07004596108238","0.773332394064879","0.221253415018744","0.9872","0.520248522535701","0.519352795691383","0.656443885062408","0.517279912709799","0.585066321439181","10_05"
"10.769152726977","0.684084924933516","0.589115046087644","1.08647681118512","0.76915272697704","0.226111482171779","0.9886","0.526752629450172","0.497816404873892","0.670321991446426","0.561180022401847","0.60125397762367","10_05"
"10.8280264867863","0.705901622165853","0.559919137798561","1.10558210888758","0.828026486786336","0.252007534885578","0.9864","0.534734696299231","0.50873705319273","0.796594629095298","0.521816577979473","0.611273956470476","10_05"
"10.7980295011007","0.684941635140382","0.584571619801658","1.08062028534321","0.798029501100702","0.230976851141124","0.9862","0.525293604978054","0.518610410451076","0.722015665936188","0.4825356753965","0.567516432981304","10_05"
"10.7824349347629","0.67099322868935","0.600219686499171","1.06631074636474","0.782434934762869","0.219143419855394","0.9866","0.530364163674675","0.482150985503734","0.711714694931189","0.430106234790978","0.590627412264954","10_05"
"10.8398817770395","0.695423115432606","0.570273813765851","1.08092804242852","0.839881777039481","0.250298848139607","0.9832","0.525219613703808","0.516052918199677","0.795021749876198","0.505773562973776","0.610394932648574","10_05"
"5.82480829970157","0.638161114204451","0.642557292499507","0.966819513495749","0.824808299701574","0.219260190639279","0.966","0.477129588834941","0.529818427714472","0.656880025719644","0.512489763759652","0.587085777229909","10_05"
"10.8499043581648","0.698864328688916","0.561177257719939","1.0897013896945","0.849904358164838","0.25161344010664","0.983","0.539339281218628","0.484872131892861","0.85816129444512","0.442431303319016","0.582251747173141","10_05"
"10.8174655663669","0.699925883003739","0.567753613651556","1.09734501241198","0.817465566366917","0.245613580914595","0.9862","0.529806243121308","0.534957245436058","0.765634506607034","0.492355591820681","0.625941562946185","10_05"
"10.7892739080239","0.679477023543487","0.594515570061749","1.068634569508","0.789273908023866","0.227692216543156","0.9854","0.519729475586291","0.498190698854134","0.690774626870352","0.545048740992098","0.575156221808399","10_05"
"10.7853523346094","0.688319264899062","0.581262051654342","1.09014603023702","0.785352334609395","0.230899627359954","0.9884","0.530378841022338","0.513828710300391","0.711415401533609","0.496048845399208","0.647883034160727","10_05"
"10.8241375817237","0.680257041449577","0.587798797680995","1.05957295508727","0.824137581723748","0.239506297796265","0.9804","0.515961537370458","0.523244286270678","0.74117412341103","0.496836374919703","0.669132050614579","10_05"
"10.8635866134692","0.731898575115669","0.535521590596833","1.1077998742158","0.8635866134692","0.282576171495304","0.9816","0.529703294041074","0.498215070361035","0.856039403257415","0.737406677799299","0.632859857386839","10_05"
"10.8174655663669","0.699925883003739","0.567753613651556","1.09734501241198","0.817465566366917","0.245613580914595","0.9862","0.529806243121308","0.534957245436058","0.765634506607034","0.492355591820681","0.625941562946185","10_05"
"0.152360269641021","0.191741153953225","1.17493377257214","0.0157649846195231","0.152360269641021","0.173381785992714","0","0.0869782534427941","0.502667472270736","0.800624728654773","0.452663433768792","0.627911712776361","10_05"
"10.8664079254071","0.702981708100448","0.561452815769645","1.07641866997885","0.866407925407121","0.260399299754124","0.9788","0.526474349942871","0.523260578742043","0.844245957820868","0.488012562388859","0.621206251641089","10_05"
"10.8174655663669","0.699925883003739","0.567753613651556","1.09734501241198","0.817465566366917","0.245613580914595","0.9862","0.529806243121308","0.534957245436058","0.765634506607034","0.492355591820681","0.625941562946185","10_05"
"10.7745012730865","0.680560041025022","0.588806927249186","1.09002645128767","0.774501273086524","0.221289938788316","0.9886","0.540032842349648","0.476114362157173","0.724838995581348","0.434212302895737","0.607711986565046","10_05"
"10.8075369537888","0.686964746712664","0.58088337447415","1.07904480110351","0.807536953788824","0.235012448014608","0.9856","0.526704049079096","0.506742033181014","0.742011234723821","0.498378514734573","0.54542265997393","10_05"
"10.7820349187339","0.681871913761699","0.593354766513369","1.07184581223572","0.782034918733858","0.22811909757757","0.9864","0.518098961639845","0.50813625122401","0.671617744995631","0.572157718589393","0.616122515003647","10_05"
"10.8210150960202","0.650002131782159","0.628475027521031","1.01420888473578","0.821015096020177","0.210288337141745","0.9752","0.519698258548901","0.49818451550767","0.755867929418703","0.284426815342158","0.550415720318892","10_05"
"10.8424401352373","0.695673537796919","0.569897647106388","1.07963734944179","0.842440135237328","0.250741282461778","0.9828","0.523538270966661","0.533110066681563","0.793920103576866","0.490237016786038","0.621585544046516","10_05"
"10.9465895566648","0.71981173349956","0.538737549246022","1.05824939370389","0.946589556664769","0.285190872332747","0.9704","0.52749391016292","0.552894531574326","0.964041504182532","0.457985118214465","0.639711726926141","10_05"
"10.903908323909","0.709314714582852","0.554124028615408","1.05840413020826","0.903908323908973","0.274265045449753","0.9742","0.523630125559551","0.517820803020273","0.89839867694882","0.523839357705494","0.57164677504892","10_05"
"10.7907325952318","0.683423066762774","0.588689881064285","1.07820650963088","0.79073259523184","0.228787428191476","0.9864","0.523519418072122","0.517469964914586","0.702588612314956","0.500986545030892","0.547999275379564","10_05"
"10.7422710188433","0.688354468755824","0.582666333002146","1.10906868017648","0.742271018843311","0.222017746690587","0.9908","0.537236025625771","0.515882615977414","0.65580182961973","0.504231248877679","0.745375307037836","10_05"
"10.7757188977858","0.700248911210351","0.56777295038074","1.11771014757108","0.775718897785766","0.235097794602235","0.9898","0.537222726036035","0.545017097420967","0.715975992273451","0.474180031889969","0.661664504664388","10_05"
"10.8635866134692","0.731898575115669","0.535521590596833","1.1077998742158","0.8635866134692","0.282576171495304","0.9816","0.529703294041074","0.498215070361035","0.856039403257415","0.737406677799299","0.632859857386839","10_05"
"10.8207439217153","0.687837095565144","0.578128181964242","1.07759465551814","0.82074392171527","0.240421100220532","0.984","0.524391863484618","0.517940068309984","0.75706144331021","0.491713508981951","0.57073351415539","10_05"
"10.9400194000634","0.723775312281955","0.53040043161563","1.0709795452556","0.940019400063372","0.287058597755124","0.9724","0.534289282563323","0.557526355199715","0.981463750286728","0.434675525253299","0.64399138494644","10_05"
"10.8382815539079","0.668372813483677","0.599037598371932","1.03978416787137","0.838281553907892","0.229985160969786","0.977","0.51967031707107","0.498189012470121","0.781598501876272","0.393997200608462","0.597068071100045","10_05"
"10.894870976956","0.718225947213164","0.542875665681922","1.08292558093479","0.894870976955957","0.274354332833649","0.9774","0.534302582153059","0.528391873756161","0.921289587633008","0.464726742241008","0.727702187319888","10_05"
"10.9400194000634","0.723775312281955","0.53040043161563","1.0709795452556","0.940019400063372","0.287058597755124","0.9724","0.534289282563323","0.557526355199715","0.981463750286728","0.434675525253299","0.64399138494644","10_05"
"10.8477000266259","0.660768091135906","0.609944701924398","1.02081153864124","0.847700026625916","0.223955971356212","0.972","0.519536855269335","0.498286451311087","0.805923302988188","0.308311758995497","0.554735483370207","10_05"
"10.8166375328935","0.72964490628811","0.53687525031659","1.14579864928039","0.816637532893543","0.267094195747978","0.9892","0.539558097417925","0.487685051849314","0.797734113376324","0.732872369843389","0.619073557464988","10_05"
"10.8246975602013","0.681673273807997","0.583190339900205","1.07232587969155","0.824697560201291","0.235992624570374","0.9826","0.530178038972797","0.486644380668894","0.783144285462438","0.438746610851648","0.621498286486897","10_05"
"10.7922670568973","0.657054793295544","0.62064872716607","1.03249118895705","0.792267056897322","0.212335808801502","0.9826","0.522154548284808","0.444226187188178","0.704564943764612","0.441017853665943","0.584014510679221","10_05"
"10.8308282982396","0.702024515281746","0.563703264116371","1.09833058538383","0.830828298239644","0.250689549204098","0.9854","0.52838589914488","0.54986462202594","0.783423790644738","0.480222973835315","0.636085347606647","10_05"
"10.9465895566648","0.71981173349956","0.538737549246022","1.05824939370389","0.946589556664769","0.285190872332747","0.9704","0.52749391016292","0.552894531574326","0.964041504182532","0.457985118214465","0.639711726926141","10_05"
"10.834210900158","0.688676000012067","0.579142166668502","1.0670185352524","0.834210900158021","0.245765600876814","0.9814","0.519669576008487","0.51988347453326","0.769357798575075","0.508961025549351","0.598466294385749","10_05"
"10.8003573149994","0.69446114968336","0.569354053540013","1.10014846333883","0.800357314999355","0.238245699300409","0.9874","0.535474030765905","0.512600441220339","0.758768688337763","0.476098144807019","0.572196911275193","10_05"
"10.820414528374","0.689435180064591","0.574075640981478","1.08451837422035","0.820414528373988","0.240655590125587","0.9846","0.530434244384537","0.515769342777054","0.775868415183685","0.451620474555602","0.612438111843063","10_05"
"10.8545097232555","0.706023305187857","0.55954747218091","1.09054913478185","0.854509723255469","0.258458190811395","0.9826","0.529346896266077","0.515903289495776","0.829794420472941","0.512877888757064","0.726869432810472","10_05"
"10.8760016194818","0.706285530215867","0.559659406626967","1.06986398168905","0.876001619481798","0.266551216830682","0.9768","0.524531867052987","0.518491145161365","0.863352899574798","0.514661524120043","0.568429693874834","10_05"
"10.9292819697461","0.718226590466585","0.542116937115082","1.0623202714145","0.929281969746121","0.281173129370766","0.9728","0.528914254139348","0.537987154984444","0.946252220144828","0.470117736199832","0.629567942265679","10_05"
"5.83215616154434","0.645333826625049","0.633499601295104","0.976635959195129","0.832156161544337","0.224187782644124","0.9666","0.482679626530263","0.525987871380889","0.682543977020767","0.509302301184078","0.599014415492734","10_05"
"10.8453895523106","0.687690358621155","0.5748286643539","1.06903292406109","0.845389552310565","0.24538861936782","0.9808","0.529158855430777","0.490882101123597","0.821408272043544","0.448868833908497","0.577571268879253","10_05"
"10.7820349187339","0.681871913761699","0.593354766513369","1.07184581223572","0.782034918733858","0.22811909757757","0.9864","0.518098961639845","0.50813625122401","0.671617744995631","0.572157718589393","0.616122515003647","10_05"
"10.7896595505575","0.694904984029945","0.57479241555892","1.09897388205017","0.789659550557457","0.236649565663092","0.9884","0.531519254919245","0.517800129501911","0.724406086095609","0.515192717826109","0.590152649276283","10_05"
"10.9223335335638","0.726551889252867","0.53455167023197","1.07504436247303","0.922333533563784","0.288814433438312","0.9738","0.531537831627498","0.520231478742858","0.949860976527161","0.542027374625383","0.619614165563722","10_05"
"10.7820349187339","0.681871913761699","0.593354766513369","1.07184581223572","0.782034918733858","0.22811909757757","0.9864","0.518098961639845","0.50813625122401","0.671617744995631","0.572157718589393","0.616122515003647","10_05"
"10.7955209842132","0.686613470153314","0.579831716580332","1.0873576492993","0.795520984213243","0.231141336858276","0.9872","0.533136868931771","0.493455086061682","0.742890683974529","0.472828845126174","0.616859418768499","10_05"
"5.74965407011583","0.593635774213421","0.700173072432654","0.926393133487508","0.749654070115827","0.156531015967456","0.9642","0.529504080385998","0.140669456683099","0.701924765205993","0.453828173029762","0.625631197006388","10_05"
"10.9400194000634","0.723775312281955","0.53040043161563","1.0709795452556","0.940019400063372","0.287058597755124","0.9724","0.534289282563323","0.557526355199715","0.981463750286728","0.434675525253299","0.64399138494644","10_05"
"10.7853523346094","0.688319264899062","0.581262051654342","1.09014603023702","0.785352334609395","0.230899627359954","0.9884","0.530378841022338","0.513828710300391","0.711415401533609","0.496048845399208","0.647883034160727","10_05"
"10.7826168339081","0.684117114164299","0.587954335522257","1.08424581195421","0.782616833908122","0.227393062869589","0.988","0.527939090976158","0.492254207248598","0.697924378036928","0.534137122117133","0.581769123394132","10_05"
"10.7903661502648","0.694570349242734","0.573160001913733","1.10134713007168","0.790366150264781","0.236211772864268","0.9882","0.531699805131862","0.549378660073135","0.727158954908741","0.457011411061668","0.645318649961022","10_05"
"10.8090945072727","0.692878499762843","0.574955930818039","1.08946466163907","0.809094507272683","0.239709275467876","0.9856","0.528261351350763","0.51659868815717","0.748241640309531","0.508715803819915","0.631544039307751","10_05"
"10.7624114721438","0.690913310803045","0.58175015494617","1.1046451613994","0.762411472143823","0.228263669440461","0.9904","0.53193211540524","0.511791163043184","0.67185984576795","0.548893222930362","0.591645892313025","10_05"
"10.8227847816775","0.685493376331539","0.578336213116911","1.07807600534503","0.822784781677546","0.23816634500371","0.9838","0.530088700146679","0.499949508603601","0.778735518888604","0.449145145095377","0.603712678561166","10_05"
"10.7693102973778","0.642313670629627","0.633112725471595","1.02602561533705","0.769310297377843","0.195470688298899","0.984","0.527944062818455","0.508563163584264","0.675221367516726","0.277973299380392","0.636954891006698","10_05"
"10.8104657630399","0.680984156478392","0.586958507713207","1.06535788673786","0.810465763039869","0.23325421944249","0.9836","0.519719926753689","0.530966443887232","0.728542608440544","0.469007586048974","0.639164365962077","10_05"
"5.7627222005709","0.590637403164492","0.704775123910486","0.910390670043403","0.762722200570903","0.158351835567369","0.9578","0.520533739843728","0.138135377084836","0.707811779012514","0.567405554919574","0.627050658157676","10_05"
"10.8477000266259","0.660768091135906","0.609944701924398","1.02081153864124","0.847700026625916","0.223955971356212","0.972","0.519536855269335","0.498286451311087","0.805923302988188","0.308311758995497","0.554735483370207","10_05"
"10.8760016194818","0.706285530215867","0.559659406626967","1.06986398168905","0.876001619481798","0.266551216830682","0.9768","0.524531867052987","0.518491145161365","0.863352899574798","0.514661524120043","0.568429693874834","10_05"
"10.8528890285822","0.712422153221159","0.554363448520914","1.09170078749989","0.852889028582238","0.26633053658783","0.982","0.525227206334327","0.498211017817884","0.820814325600368","0.652503864364466","0.605939619459685","10_05"
"10.8015123834329","0.693006438721407","0.57646744989452","1.09247130564772","0.801512383432926","0.238281972851679","0.9864","0.528063638770276","0.525520141117368","0.733106528372135","0.505644292132533","0.586310431693027","10_05"
"10.8471069546471","0.68858817854783","0.575758293798632","1.06632145125218","0.847106954647061","0.248874232475422","0.9788","0.524146404777817","0.498193065013272","0.816823579533319","0.478900014043295","0.623988309027199","10_05"
"10.8594721195782","0.701834228175284","0.561372923334627","1.08467271347853","0.859472119578212","0.256541516456983","0.981","0.530815417963494","0.533825663286599","0.847736686159514","0.440621576325581","0.627106596276626","10_05"
"10.9020070175356","0.720017572106424","0.54226749154796","1.07698439965797","0.902007017535599","0.283339480769269","0.9754","0.525872945049076","0.530064338911104","0.907116640737619","0.561135250754885","0.616669875967711","10_05"
"10.93158444976","0.721007906755752","0.537699917269463","1.06725744754334","0.931584449759993","0.283656598142967","0.9724","0.532968318453799","0.521976405426971","0.965720196911596","0.473712959590839","0.646555769146145","10_05"
"10.7848714507352","0.684170491591365","0.587183732115615","1.08340888187347","0.78487145073523","0.227766089156013","0.9882","0.528801973826318","0.496236344093845","0.70468825937916","0.513230702954381","0.621184724657091","10_05"
"10.8244466583437","0.68406026643434","0.582013792340126","1.06820472370257","0.824446658343724","0.240634709475189","0.9818","0.52164087700051","0.508945529401165","0.758526587565444","0.499362640466049","0.596673533965815","10_05"
"10.9292819697461","0.718226590466585","0.542116937115082","1.0623202714145","0.929281969746121","0.281173129370766","0.9728","0.528914254139348","0.537987154984444","0.946252220144828","0.470117736199832","0.629567942265679","10_05"
"10.9400194000634","0.723775312281955","0.53040043161563","1.0709795452556","0.940019400063372","0.287058597755124","0.9724","0.534289282563323","0.557526355199715","0.981463750286728","0.434675525253299","0.64399138494644","10_05"
"10.9465895566648","0.71981173349956","0.538737549246022","1.05824939370389","0.946589556664769","0.285190872332747","0.9704","0.52749391016292","0.552894531574326","0.964041504182532","0.457985118214465","0.639711726926141","10_05"
"10.8517226667791","0.709492851960555","0.55454274429952","1.09921109774191","0.851722666779096","0.26072992350801","0.9838","0.531412955575987","0.515954899161714","0.831651442164142","0.52819107104485","0.598653912063945","10_05"
"10.894870976956","0.718225947213164","0.542875665681922","1.08292558093479","0.894870976955957","0.274354332833649","0.9774","0.534302582153059","0.528391873756161","0.921289587633008","0.464726742241008","0.727702187319888","10_05"
"10.8446076410211","0.692799011963346","0.571177634964342","1.07630231396285","0.844607641021099","0.247447049393037","0.9822","0.529504399668635","0.50670193529705","0.818541168338625","0.451344163368722","0.586296702161149","10_05"
"10.8308282982396","0.702024515281746","0.563703264116371","1.09833058538383","0.830828298239644","0.250689549204098","0.9854","0.52838589914488","0.54986462202594","0.783423790644738","0.480222973835315","0.636085347606647","10_05"
"10.938083552611","0.707276224523562","0.550822662642966","1.04741585883661","0.938083552610968","0.276943144923595","0.9686","0.528498143858677","0.501371288051897","0.963466266652242","0.450803216232345","0.638401374724189","10_05"
"10.7930398355945","0.674871430169778","0.5981005499684","1.06176756351256","0.793039835594534","0.225073954689642","0.985","0.52144763852606","0.500941765523221","0.704870211509733","0.483412573495684","0.616284270304805","10_05"
"10.8760016194818","0.706285530215867","0.559659406626967","1.06986398168905","0.876001619481798","0.266551216830682","0.9768","0.524531867052987","0.518491145161365","0.863352899574798","0.514661524120043","0.568429693874834","10_05"
"10.8503759923033","0.700523172933475","0.563564006222769","1.08844279989989","0.850375992303291","0.254119627940611","0.9826","0.52815462173502","0.542405344646025","0.821983509573833","0.456050735890618","0.578881621081204","10_05"
"10.8233471413878","0.677865058243082","0.588322201615543","1.05803707237022","0.823347141387821","0.237098497687311","0.981","0.519475026786325","0.498544287799059","0.750073771078909","0.49767362648666","0.616436076833454","10_05"
"10.7851701483976","0.69216574667749","0.578059175098383","1.09677292256519","0.785170148397601","0.235229650089666","0.9888","0.529788192045556","0.500649571762471","0.709638217460427","0.561573990219883","0.616697663467342","10_05"
"10.1966172818869","0.985161996682116","0.314555321817511","1.91775555245773","0.196617281886867","0.228095755698991","1","0.8","0.7","0.5","0.4","0.4","15_05"
"10.1966172818869","0.985161996682116","0.314555321817511","1.91775555245773","0.196617281886867","0.228095755698991","1","0.8","0.7","0.5","0.4","0.4","15_05"
"0.778928287634181","0.434735707345758","0.979313561082026","0.326678504556432","0.778928287634181","0.0780625412410987","0.2154","0.2655086631421","0.380035179434344","0.79423986072652","0.0706790471449494","0.34668348915875","15_05"
"0.771243136827934","0.421286800339799","1.00779009067899","0.276304941411587","0.771243136827934","0.0437338987015282","0.2472","0.37212389963679","0.777445221319795","0.107943625887856","0.0994661601725966","0.333774930797517","15_05"
"10.4677601034111","0.865458406849317","0.457322787801143","1.56938890968505","0.467760103411056","0.21657856535334","1","0.572853363351896","0.934705231105909","0.723710946040228","0.31627170718275","0.476351245073602","15_05"
"10.2738398346895","0.79253714535045","0.549562083017181","1.6010882478921","0.273839834689501","0.124753262637079","1","0.908207789994776","0.212142521282658","0.411274429643527","0.518634263193235","0.892198335845023","15_05"
"0.651756503258086","0.384020350185413","1.04087518473703","0.108013669682473","0.651756503258086","0.108475736900198","0.049","0.201681931037456","0.651673766085878","0.820946294115856","0.662005076417699","0.864339470630512","15_05"
"10.2038115331059","0.830623125870089","0.504062835073232","1.73064597385144","0.203811533105864","0.129545196468139","1","0.898389684967697","0.125555095961317","0.647060193819925","0.406830187188461","0.389989543473348","15_05"
"10.1086065593149","1.02271988309378","0.278509809910237","2.03763573247447","0.108606559314936","0.242563569496501","1","0.944675268605351","0.267220668727532","0.78293276228942","0.912875924259424","0.777320698834956","15_05"
"10.417230729107","0.749659992645195","0.598809961314964","1.42356239698895","0.417230729107019","0.137326971778725","1","0.660797792486846","0.386114092543721","0.553036311641335","0.293603372760117","0.960617997217923","15_05"
"10.4767730776112","0.633553465502703","0.740697073674355","1.1711109401844","0.476773077611181","0.0884284822801853","0.9986","0.62911404389888","0.0133903331588954","0.529719580197707","0.459065726259723","0.434659484773874","15_05"
"0.147898136402705","0.189108716142433","1.26340810837945","0.0153306314100715","0.147898136402705","0.166158456328625","0","0.0617862704675645","0.382387957070023","0.789356231689453","0.332394674187526","0.712514678714797","15_05"
"0.71834702882214","0.39783885393455","1.04043785799196","0.120518807457051","0.71834702882214","0.0759199705158418","0.1638","0.205974574899301","0.86969084572047","0.023331202333793","0.65087046707049","0.399994368897751","15_05"
"0.355716219676539","0.33861304999138","1.1097491849605","0.0370243327843287","0.355716219676539","0.114730614383024","0.0126","0.176556752528995","0.34034899668768","0.477230065036565","0.258016780717298","0.325352151878178","15_05"
"10.3367017137879","0.896253741985349","0.422105827915868","1.7035053329594","0.336701713787892","0.20739676821274","1","0.687022846657783","0.482080115471035","0.7323137386702","0.478545248275623","0.757087148027495","15_05"
"5.76697490294812","0.639209234090143","0.732770590744814","0.948454972937294","0.766974902948121","0.164629307534801","0.9842","0.384103718213737","0.599565825425088","0.692731556482613","0.766310670645908","0.202692255144939","15_05"
"10.3473013767158","0.745827434502768","0.608285663661897","1.47059864435155","0.34730137671583","0.112983212141969","1","0.769841419998556","0.493541307048872","0.477619622135535","0.0842469143681228","0.711121222469956","15_05"
"10.6498554805329","0.679222859148065","0.691753329774399","1.14243724891558","0.649855480532893","0.148640801557376","0.9974","0.497699242085218","0.186217601411045","0.8612094768323","0.875321330036968","0.121691921027377","15_05"
"10.2790746284728","0.923243353485199","0.388712914492319","1.77342652989057","0.279074628472806","0.202837326491495","1","0.717618508264422","0.827373318606988","0.438097107224166","0.339072937844321","0.245488513959572","15_05"
"10.0622358633914","1.13013519985708","0.123215287846235","2.17877013705186","0.0622358633913832","0.375653417744526","1","0.991906094830483","0.668466738192365","0.244797277031466","0.839440350187942","0.14330437942408","15_05"
"0.309010365354104","0.333388361267182","1.11395486214818","0.0321178208717812","0.309010365354104","0.106337667050123","0.0522","0.1","0.1","0.1","0.1","0.1","15_05"
"0.388662994714456","0.352325578329291","1.08951183548918","0.0408491944084118","0.388662994714456","0.0970060081787025","0.057","0.2","0.2","0.2","0.2","0.2","15_05"
"0.760535326501127","0.404621466532082","1.02568239050457","0.179683724835037","0.760535326501127","0.0538930079837823","0.1684","0.3","0.3","0.3","0.3","0.3","15_05"
"0.700304194095608","0.514559664571684","0.89895386166954","0.676667897132936","0.700304194095608","0.0715436317080103","0.775","0.4","0.4","0.4","0.4","0.4","15_05"
"10.592090467128","0.674285592629938","0.690736666418474","1.14848924680944","0.592090467128018","0.137002894822182","0.999","0.5","0.5","0.5","0.5","0.5","15_05"
"10.4261214149803","0.856837831565102","0.464087288551912","1.58025592282995","0.42612141498028","0.207274836671723","1","0.6","0.6","0.6","0.6","0.6","15_05"
"10.2361702593863","1.0132371294626","0.269619518762574","1.92560338784976","0.236170259386296","0.283015116364136","1","0.7","0.7","0.7","0.7","0.7","15_05"
"10.0903997959021","1.12249375539593","0.132216095642807","2.158716053503","0.0903997959021066","0.382741294209051","1","0.8","0.8","0.8","0.8","0.8","15_05"
"10.0242503079974","1.18877459968164","0.0582789491352171","2.28201227539994","0.0242503079974205","0.488679938043701","1","0.9","0.9","0.9","0.9","0.9","15_05"
"10.0042223877879","1.22391339944218","0.0226129508857404","2.34956820374829","0.00422238778785317","0.604626985819618","1","1","1","1","1","1","15_05"
"10.6054208442936","0.638941954548463","0.740091611867581","1.07886110313958","0.605420844293576","0.117736555620396","0.9962","0.504970036186859","0.281379597459151","0.576539905394414","0.847272420423321","0.454764339014131","15_05"
"10.2747314374007","0.869332346200535","0.456655432472592","1.70382118458822","0.274731437400668","0.164476112291812","1","0.794620857458703","0.476104691627545","0.505344418267902","0.298890759696296","0.468293230167621","15_05"
"10.3124190978886","0.914246325488252","0.397192179372175","1.73904284441635","0.312419097888646","0.209625663518762","1","0.68568728058383","0.81664056052659","0.571239813339609","0.319434725393878","0.448414276265418","15_05"
"10.6498554805329","0.679222859148065","0.691753329774399","1.14243724891558","0.649855480532893","0.148640801557376","0.9974","0.497699242085218","0.186217601411045","0.8612094768323","0.875321330036968","0.121691921027377","15_05"
"10.592090467128","0.674285592629938","0.690736666418474","1.14848924680944","0.592090467128018","0.137002894822182","0.999","0.5","0.5","0.5","0.5","0.5","15_05"
"10.1805737763287","0.982954915524778","0.315708248747528","1.92065677924965","0.1805737763287","0.223205725120152","1","0.948583327870027","0.528066835045224","0.249841573465905","0.470665261480736","0.567183696529065","15_05"
"10.433624715167","0.869243980062675","0.454821804199788","1.59741626294307","0.433624715167034","0.215826692210391","1","0.588243305217475","0.622480057156645","0.569790045195259","0.694235951965675","0.573043820657767","15_05"
"10.1464118699127","0.969115557466041","0.337305601676402","1.93638232953786","0.146411869912659","0.20189873935875","1","0.990859753618911","0.317777030013888","0.488759035856381","0.569316059420216","0.94734789724209","15_05"
"10.6498554805329","0.679222859148065","0.691753329774399","1.14243724891558","0.649855480532893","0.148640801557376","0.9974","0.497699242085218","0.186217601411045","0.8612094768323","0.875321330036968","0.121691921027377","15_05"
"10.2823974006617","0.836574907733312","0.490280978106696","1.67659555390147","0.282397400661749","0.157019349651638","1","0.762570625896915","0.398379311000766","0.762289193573421","0.11229582398177","0.378048804483202","15_05"
"10.2147566999514","0.971116745571652","0.331515157973469","1.88652684582507","0.21475669995142","0.221401597752909","1","0.783178002846172","0.717034767350717","0.47983934675767","0.390552529744247","0.37991935669221","15_05"
"10.3005379856118","0.924407433841528","0.388985989078868","1.75726038588945","0.300537985611837","0.215761229720425","1","0.704120559447303","0.526513995690862","0.547992015206897","0.662378461467323","0.536738680112938","15_05"
"10.4678554533024","0.750157174352851","0.594944185034713","1.40541328036676","0.467855453302363","0.150403208966098","1","0.610057989718032","0.433119076650517","0.643870660573408","0.295685025281077","0.765818443698905","15_05"
"10.196200598986","0.902466668375611","0.420245926194632","1.82281502629686","0.196200598985982","0.174791028479188","1","0.890111986007181","0.238558481096867","0.619400460313237","0.67760657519115","0.853212913707651","15_05"
"10.3573484338205","0.967982375064477","0.326634016265893","1.79235264073175","0.357348433820529","0.272248573835117","1","0.608064594402627","0.933267075999712","0.696106704586277","0.585109548685556","0.0222068231087178","15_05"
"10.1935494184969","0.986703471183439","0.312415851584289","1.92950264972342","0.193549418496873","0.230388664737821","1","0.799962024560557","0.60864700108246","0.656581555178651","0.391622755899758","0.762304535633573","15_05"
"10.3799317469402","0.886749848321312","0.430411392983616","1.65796862445911","0.379931746940173","0.211674525475742","1","0.623593166120711","0.887700246999113","0.632876597108156","0.31419005466179","0.67115079859262","15_05"
"10.1600736441203","1.05641067567361","0.224741835200238","2.02861473401205","0.160073644120255","0.294070292014616","1","0.768700973302001","0.764826014724872","0.64261047121196","0.58173476373349","0.811679513323101","15_05"
"10.5886696629642","0.666702827740827","0.695503132615481","1.15392373953724","0.588669662964239","0.131379567295998","0.9992","0.511756694782525","0.477519942843355","0.530209954804741","0.405764048034325","0.526956179342233","15_05"
"10.1055267486166","1.07761523813141","0.197422675706211","2.08602099584128","0.105526748616607","0.300109012568702","1","0.956694863779753","0.669904893298561","0.272401518485417","0.570602508685137","0.381945932810664","15_05"
"10.2606199503043","0.961521789863183","0.344660638293342","1.83456189014344","0.260619950304293","0.228520358554917","1","0.718095803987596","0.673584040185791","0.49187396933029","0.541027688002084","0.738985422137373","15_05"
"10.2865291573109","0.959716642541088","0.344754339138492","1.81738985746299","0.28652915731086","0.238759445729245","1","0.687166082768067","0.818064670579319","0.652471132700619","0.396836981788872","0.427936968808183","15_05"
"10.1924666139467","1.01004497071742","0.281370408802208","1.95151362007162","0.192466613946673","0.255006987739531","1","0.769879395438","0.684894305966413","0.621038066956884","0.492624158468364","0.748816686836383","15_05"
"10.3611776324928","0.863076319986664","0.460943806257349","1.63255780108999","0.361177632492767","0.187882165604199","1","0.666176935028144","0.610009400916176","0.547691893373434","0.394712613063821","0.892324767050302","15_05"
"10.2679093945699","0.803998346095375","0.532816016198116","1.62362488461363","0.267909394569882","0.130624667330534","1","0.87657728001218","0.235261701192924","0.467685419548515","0.416700379916104","0.713263827046334","15_05"
"10.3177534533342","0.795185534594293","0.54506923352347","1.57104871968775","0.31775345333424","0.130637311856655","1","0.801471929981153","0.470422127138606","0.421208632230546","0.186180797645254","0.890055731268646","15_05"
"10.2579037533446","0.942462269698739","0.367022144619016","1.81499357207658","0.257903753344607","0.209581109139008","1","0.734440505418251","0.81033855125627","0.458257760466497","0.348520408100075","0.265569157267362","15_05"
"10.0188843840419","1.19887092602329","0.049729769822605","2.29733189343849","0.0188843840418684","0.509485573688386","1","0.917348036375866","0.89436549126877","0.922515393787146","0.949318203773019","0.944850438602934","15_05"
"10.4261214149803","0.856837831565102","0.464087288551912","1.58025592282995","0.42612141498028","0.207274836671723","1","0.6","0.6","0.6","0.6","0.6","15_05"
"10.3388110653423","0.879239246679654","0.447538586278026","1.67201744930325","0.338811065342292","0.196985541932643","1","0.692096819184846","0.421288077818849","0.710425840429376","0.511868609026627","0.948938483894823","15_05"
"10.2513361361837","0.996586927908775","0.293794985772505","1.89111455373743","0.251336136183673","0.265369729306689","1","0.695958085490453","0.756310826497077","0.673307688797947","0.568532124985884","0.272775668533495","15_05"
"10.4678554533024","0.750157174352851","0.594944185034713","1.40541328036676","0.467855453302363","0.150403208966098","1","0.610057989718032","0.433119076650517","0.643870660573408","0.295685025281077","0.765818443698905","15_05"
"10.2169724607935","0.956427001193784","0.349010571689661","1.86342893548021","0.216972460793493","0.207486350732309","1","0.794620857458703","0.743514884263277","0.505344418267902","0.298890759696296","0.468293230167621","15_05"
"10.255777419842","0.927626930110721","0.385989725911495","1.80229083327752","0.255777419841951","0.203467013265144","1","0.757802883512877","0.556599000075456","0.685626955388215","0.326638360753383","0.571394114434181","15_05"
"10.3973686950273","0.766466960877005","0.577967974578497","1.46930137887943","0.397368695027319","0.142798855112425","1","0.670944677412182","0.451789711841485","0.624354131558639","0.180370076292208","0.698979457099324","15_05"
"10.5738958030786","0.624301679818777","0.758790456404281","1.06734452919366","0.573895803078586","0.104364487240664","0.9948","0.530228736585151","0.344879527116065","0.479604209323018","0.405855813158933","0.611082382722852","15_05"
"10.6054208442936","0.638941954548463","0.740091611867581","1.07886110313958","0.605420844293576","0.117736555620396","0.9962","0.504970036186859","0.281379597459151","0.576539905394414","0.847272420423321","0.454764339014131","15_05"
"10.5376150470055","0.720660767979511","0.632190092275807","1.2970726463949","0.53761504700551","0.14888190608421","1","0.553130880417646","0.498549342224908","0.590682182881263","0.359110612615977","0.756724892415598","15_05"
"10.2159198875434","0.973779499902233","0.323202237320764","1.89259135475714","0.215919887543372","0.227859348962259","1","0.783726679741731","0.609169332775635","0.468878954424242","0.5327838398677","0.400834064115696","15_05"
"10.3232682796022","0.912679180067605","0.401139007028714","1.72871075176756","0.323268279602166","0.214270363158634","1","0.691586692860266","0.526493720795982","0.694046327373406","0.502890900828897","0.545967212664411","15_05"
"10.6263382432799","0.66691616102558","0.703439849519541","1.13586292395291","0.62633824327985","0.14303242645875","0.999","0.499853599664674","0.28505164535169","0.739672926812412","0.674642369491125","0.197207608344601","15_05"
"5.60052433894327","0.606504073652861","0.783979489206458","0.982391136574151","0.600524338943272","0.0983573874526439","0.987","0.504970036186859","0.281379597459151","0.460255289217457","0.847272420423321","0.454764339014131","15_05"
"10.2747314374007","0.869332346200535","0.456655432472592","1.70382118458822","0.274731437400668","0.164476112291813","1","0.794620857458703","0.476104691627545","0.505344418267902","0.298890759696296","0.468293230167621","15_05"
"10.3508218410635","0.867746261592448","0.459552664363109","1.64620727407413","0.350821841063489","0.19035271196006","1","0.683409729818009","0.463849444489993","0.639904665947807","0.486186155898378","0.819671531244561","15_05"
"10.2574067708826","0.994880375114421","0.295291634421891","1.88400789221785","0.257406770882607","0.264036399730823","1","0.681985904350174","0.861850555469047","0.643837082745214","0.509201582168036","0.498247841411605","15_05"
"10.3267279596949","0.896637989139847","0.419449738079773","1.70611726442088","0.326727959694947","0.200989857296246","1","0.686197406908409","0.711434917549456","0.587619326395578","0.328412433591608","0.85138554749583","15_05"
"10.4132784717393","0.88041877546165","0.43924291050507","1.62167049855491","0.413278471739302","0.21743566977601","1","0.602239537732915","0.710418910436313","0.643090797284926","0.489325609791683","0.554113464404184","15_05"
"10.3792046075212","0.879594867568297","0.438800867571271","1.64818039929679","0.379204607521161","0.206021513003494","1","0.627279997599913","0.799425659887872","0.582383484968379","0.361892238331625","0.860015056588397","15_05"
"10.1415260963003","1.00370610168876","0.295118087634668","1.97555294425246","0.141526096300319","0.220564085795942","1","0.94157357929543","0.518946248494523","0.478137841898635","0.38505262765259","0.812082990393755","15_05"
"10.2936403771519","0.95253865187243","0.352504516067835","1.79913516804398","0.293640377151932","0.236520224545421","1","0.684926545035151","0.707645760143006","0.609380335415693","0.507511371997189","0.473823504403999","15_05"
"10.6098068955756","0.684554737968836","0.675495285031331","1.18107813969114","0.609806895575631","0.145690668466727","0.9996","0.509602337203069","0.378685898902709","0.651746504824629","0.606443008580168","0.451440492025009","15_05"
"10.5906053854488","0.682315965273417","0.674769019982758","1.18828862460444","0.590605385448774","0.139082611453353","0.9996","0.520443784149362","0.434958576172211","0.600731129286309","0.431446501162574","0.656223131992495","15_05"
"10.4678554533024","0.750157174352851","0.594944185034713","1.40541328036676","0.467855453302363","0.150403208966098","1","0.610057989718032","0.433119076650517","0.643870660573408","0.295685025281077","0.765818443698905","15_05"
"10.6054208442936","0.638941954548463","0.740091611867581","1.07886110313958","0.605420844293576","0.117736555620396","0.9962","0.504970036186859","0.281379597459151","0.576539905394414","0.847272420423321","0.454764339014131","15_05"
"10.6498554805329","0.679222859148065","0.691753329774399","1.14243724891558","0.649855480532893","0.148640801557376","0.9974","0.497699242085218","0.186217601411045","0.8612094768323","0.875321330036968","0.121691921027377","15_05"
"10.2286832914381","0.901372827791393","0.420146218416006","1.78285513285665","0.228683291438136","0.170401483785725","1","0.858105238209555","0.367902116920214","0.518291165030238","0.416608614791496","0.629137623665714","15_05"
"10.5355546485237","0.704807578426669","0.651110679164997","1.26646109587238","0.535554648523676","0.140261829334083","1","0.556927109300386","0.434569734425609","0.553188477692145","0.4365744126651","0.509093551283307","15_05"
"10.3533063604945","0.880788957354992","0.438094510106248","1.6675343170188","0.353306360494494","0.199649782148911","1","0.662490103548942","0.698283988027417","0.59818500551321","0.347010429393986","0.703460509054526","15_05"
"10.344348338363","0.79947766497006","0.539752668132804","1.55326719844761","0.34434833836298","0.144966120231811","1","0.742781246430454","0.351068247164602","0.495927584965962","0.39513129716676","0.809756681246814","15_05"
"10.2419755460627","0.923367612282372","0.389913715520341","1.80426384396282","0.241975546062652","0.192294775434966","1","0.79997296860987","0.494202854944498","0.519449727955987","0.416281695813165","0.795831912849821","15_05"
"10.5859174892493","0.652725961940606","0.718825430599345","1.14372287755545","0.585917489249335","0.12247608171904","0.9988","0.520443784149362","0.434958576172211","0.600731129286309","0.239086773013696","0.656223131992495","15_05"
"10.379017227653","0.779337889045337","0.562708441387611","1.50731053326044","0.379017227653048","0.149381088130403","1","0.686662853294575","0.208060989733788","0.705702854622911","0.763992617943335","0.454800477773123","15_05"
"10.5843096786884","0.750521535586328","0.600411837987407","1.30165745579151","0.584309678688383","0.174148215001064","1","0.51748488468206","0.578531648645104","0.650275013437168","0.470701308362354","0.664546740007155","15_05"
"10.5998596140936","0.680321865867506","0.681271365667796","1.17794128321585","0.599859614093585","0.139761498754796","0.9998","0.516126968687525","0.383653336850871","0.618216023002932","0.548330004426837","0.62251980688201","15_05"
"10.6054208442936","0.638941954548463","0.740091611867581","1.07886110313958","0.605420844293576","0.117736555620396","0.9962","0.504970036186859","0.281379597459151","0.576539905394414","0.847272420423321","0.454764339014131","15_05"
"10.2638672238318","0.983986258580456","0.309594107573384","1.86483736367364","0.26386722383181","0.256195147295032","1","0.683987021690254","0.823779480352423","0.622936895508722","0.508231451283881","0.497036518658543","15_05"
"10.4099273410711","0.854384622578149","0.469010518106162","1.59204146212635","0.409927341071128","0.201802330709429","1","0.618480330556131","0.594958758638194","0.619171650447874","0.498267734950241","0.543945617414953","15_05"
"10.1620511190892","0.997138209221538","0.302480515047902","1.95639999169842","0.162051119089156","0.226030252441653","1","0.861267391343191","0.535670813352771","0.592281847804303","0.420811391505791","0.641256764424853","15_05"
"10.2428727872924","0.949736289497003","0.358361282241189","1.83882474105486","0.242872787292438","0.212144619038927","1","0.770396242296092","0.569394225760675","0.475738532635492","0.509322946708161","0.757455427022369","15_05"
"10.306835776554","0.945413343403688","0.360726668015056","1.779980227436","0.306835776553962","0.235506398195023","1","0.67622522991589","0.709332468504995","0.625664333452268","0.492513211581394","0.53864917943953","15_05"
"10.6498554805329","0.679222859148065","0.691753329774399","1.14243724891558","0.649855480532893","0.148640801557376","0.9974","0.497699242085218","0.186217601411045","0.8612094768323","0.875321330036968","0.121691921027377","15_05"
"10.4665204934574","0.783240215678355","0.559263385491065","1.44992189342699","0.466520493457442","0.167032505739164","1","0.605657246249346","0.454261303304801","0.660851040477292","0.410219471789929","0.135184673421875","15_05"
"10.6263382432799","0.66691616102558","0.703439849519541","1.13586292395291","0.62633824327985","0.14303242645875","0.999","0.499853599664674","0.28505164535169","0.739672926812412","0.674642369491125","0.197207608344601","15_05"
"10.6054208442936","0.638941954548463","0.740091611867581","1.07886110313958","0.605420844293576","0.117736555620396","0.9962","0.504970036186859","0.281379597459151","0.576539905394414","0.847272420423321","0.454764339014131","15_05"
"10.252603313073","0.932471578167748","0.380633765490868","1.80983662278751","0.252603313072971","0.202415109344531","1","0.763033743887666","0.654464003634159","0.584592813993106","0.308315432017514","0.533013191388171","15_05"
"10.4455719826076","0.797641591944161","0.542719878854636","1.48096494040972","0.445571982607632","0.172095051417376","1","0.615477284200873","0.45652062605898","0.641083379725671","0.44120793632716","0.774276408126344","15_05"
"10.332183565377","0.904751733579354","0.410289614029597","1.70841202752428","0.332183565376986","0.209813008372634","1","0.684799200785108","0.559986319601104","0.627570120555292","0.493246526585295","0.750862747739455","15_05"
"10.6498554805329","0.679222859148065","0.691753329774399","1.14243724891558","0.649855480532893","0.148640801557376","0.9974","0.497699242085218","0.186217601411045","0.8612094768323","0.875321330036968","0.121691921027377","15_05"
"10.373420268607","0.822089404614554","0.511856391263354","1.57156057361764","0.373420268606958","0.167360747563288","1","0.677990435335169","0.44044789508153","0.642691946795545","0.340663244852295","0.811213566817122","15_05"
"10.3209451098828","0.9188649672024","0.391231568744332","1.73829912159083","0.320945109882822","0.220123144707376","1","0.683537074068052","0.611508885031895","0.621714880808208","0.500451001310272","0.542632287909105","15_05"
"10.397677961504","0.888454229000052","0.429551032614775","1.64481687477152","0.39767796150399","0.219267761306684","1","0.610940852852177","0.708732202074324","0.626806799248351","0.504323770207477","0.489287789368654","15_05"
"10.4504407417873","0.843416681592073","0.483490298229607","1.54534061662603","0.450440741787328","0.202665289488009","1","0.583949357943405","0.701850373003064","0.625396561583649","0.44238034838037","0.610525355989147","15_05"
"10.4549748856262","0.814075769304557","0.522704278335864","1.50168054283276","0.454974885626152","0.18233833229278","1","0.604826347539916","0.550283632559211","0.679697670093066","0.369353489677744","0.646850012117238","15_05"
"10.3217040808122","0.834989577069852","0.50095460554103","1.61286827877203","0.321704080812241","0.157511029560455","1","0.756111683876093","0.390843354179562","0.489068006754713","0.418592190326299","0.453135318340142","15_05"
"10.3783242207491","0.820889715940893","0.515336993257125","1.5575597311683","0.378324220749114","0.167578672144421","1","0.673420320122323","0.441273943688456","0.606660414581458","0.388731372238213","0.580767234309437","15_05"
"10.286128786589","0.964388778107994","0.33583874202028","1.82298894923851","0.286128786588993","0.245335707385348","1","0.682925427695071","0.74571683525963","0.630280522652185","0.508481502881345","0.475034827157062","15_05"
"10.6042811340469","0.689694860270521","0.667439917782522","1.19700067335958","0.604281134046875","0.146099674175801","0.9998","0.513919152664907","0.429991138224049","0.634261611108006","0.489559505315905","0.485143817135494","15_05"
"10.355195025127","0.864671701116407","0.460387962635096","1.63662324354138","0.355195025127027","0.188665271308849","1","0.678314859429419","0.511589167807062","0.589090817783039","0.464154133809421","0.638279299513685","15_05"
"10.2501075441796","1.00068782315331","0.287253355840636","1.89428988856241","0.250107544179567","0.272685297156343","1","0.682545725685155","0.693694345578065","0.528946791379258","0.830385908484459","0.724939690373087","15_05"
"10.2192234266755","0.954980501990111","0.351441119973399","1.86509985234665","0.219223426675454","0.21108871951006","1","0.789389997083914","0.645649880704575","0.606378559663011","0.317213688432165","0.506674153213631","15_05"
"10.281735403226","0.950434232796625","0.35915157530558","1.80789793176131","0.281735403225981","0.231123739737474","1","0.715296308652714","0.560521569896396","0.713102679699659","0.501477540487813","0.756167955029862","15_05"
"10.434225573496","0.802233046809136","0.537686222058909","1.49217340867109","0.434225573495975","0.170644758554752","1","0.624925513137741","0.472391579917241","0.620342991586333","0.416070445365651","0.78174005458719","15_05"
"10.2581066716637","0.95157238834479","0.356095120072966","1.82716772888169","0.258106671663689","0.222595820481946","1","0.739899134428486","0.568858975465383","0.610068730133804","0.501091932805644","0.752150219731962","15_05"
"10.4573263822647","0.762615059678891","0.583782367929766","1.41385437003679","0.457326382264675","0.157042822830561","1","0.616258765922286","0.352227647485509","0.60100149232964","0.622426325975004","0.463953316485267","15_05"
"10.6498554805329","0.679222859148065","0.691753329774399","1.14243724891558","0.649855480532893","0.148640801557376","0.9974","0.497699242085218","0.186217601411045","0.8612094768323","0.875321330036968","0.121691921027377","15_05"
"10.5298128764689","0.716902849113173","0.63955547713024","1.27847182499403","0.529812876468938","0.148161537228563","1","0.562131590386897","0.370425893662098","0.582198827646233","0.61357746668653","0.571578256838301","15_05"
"10.4569133331953","0.861022695119748","0.463790066410903","1.56242380970373","0.45691333319528","0.214939609620039","1","0.583949357943405","0.701850373003064","0.707990671508014","0.44238034838037","0.610525355989147","15_05"
"10.3932213274691","0.807800460449736","0.529946116268488","1.52623974536419","0.393221327469149","0.165550109386205","1","0.662679712049252","0.389772491740333","0.606618813695432","0.494154511633692","0.547482537130819","15_05"
"10.6066931766526","0.654437140885926","0.719651064261187","1.12513555362059","0.606693176652645","0.129786789178161","0.9984","0.509158667061615","0.227587623108464","0.708692893691997","0.826591845306844","0.475100455883574","15_05"
"10.2657232842712","0.957215569177888","0.347365594496204","1.82728662100311","0.265723284271245","0.230157325311964","1","0.716802164002607","0.6988691202494","0.609688603268603","0.435612615716472","0.59623168575647","15_05"
"10.3529694726875","0.879273518491448","0.44214808695903","1.6625663548891","0.352969472687484","0.19959143162219","1","0.671545252753559","0.563015073802484","0.641520605657085","0.422860534436885","0.573419129644885","15_05"
"10.599855967911","0.639586522776511","0.736453050102466","1.09987810988418","0.599855967911026","0.119646829052156","0.9974","0.510783465845219","0.293866759223791","0.597926886696992","0.614801697171569","0.537107965166342","15_05"
"10.6263382432799","0.66691616102558","0.703439849519541","1.13586292395291","0.62633824327985","0.14303242645875","0.999","0.499853599664674","0.28505164535169","0.739672926812412","0.674642369491125","0.197207608344601","15_05"
"10.3870911290401","0.874643316573688","0.444052508081483","1.63729135574118","0.387091129040097","0.207148347608149","1","0.633298286481266","0.598416141423195","0.619583373569076","0.519645628440867","0.555379822549099","15_05"
"10.6013097579594","0.685464085841434","0.677734593124538","1.17314821268049","0.60130975795944","0.146990577286754","0.9996","0.510313539029165","0.37116617508623","0.596829041700354","0.78080072767859","0.540176180729799","15_05"
"10.4186411100266","0.746009347879475","0.606635756434072","1.42177624663236","0.418641110026581","0.139327738740292","1","0.655170223133341","0.207596026456717","0.696182980888603","0.56658580059978","0.10102623119019","15_05"
"10.5994861265257","0.630613466101623","0.744369718499093","1.08470810779654","0.599486126525696","0.117182753653503","0.9976","0.507719541648931","0.325527378620946","0.616509020733196","0.344376211011024","0.275203948124439","15_05"
"10.4872986626066","0.852283127617714","0.468927027893994","1.55717704105564","0.487298662606565","0.219173839967639","1","0.605657246249346","0.454261303304801","0.985662204911932","0.410219471789929","0.135184673421875","15_05"
"10.5956630214592","0.671678341651196","0.691284009259111","1.16579032566305","0.595663021459218","0.135818199021657","0.9996","0.520280759472776","0.332055000800348","0.612613038494527","0.693781153641924","0.718495368700434","15_05"
"10.6038149521386","0.785574049322561","0.557248537747799","1.3498997819289","0.603814952138634","0.202573721402511","1","0.520843878381296","0.49021074276139","0.754117313726737","0.772889663246609","0.611086804137314","15_05"
"10.6498554805329","0.679222859148065","0.691753329774399","1.14243724891558","0.649855480532893","0.148640801557376","0.9974","0.497699242085218","0.186217601411045","0.8612094768323","0.875321330036968","0.121691921027377","15_05"
"10.4549748856262","0.814075769304557","0.522704278335864","1.50168054283276","0.454974885626152","0.18233833229278","1","0.604826347539916","0.550283632559211","0.679697670093066","0.369353489677744","0.646850012117238","15_05"
"10.6431216664946","0.703632460946635","0.649069245255042","1.21084347388131","0.643121666494643","0.164570584497659","0.9998","0.50245972768851","0.38862111652663","0.78677819424831","0.538288990046029","0.131735282279297","15_05"
"10.5973910233602","0.736729414167492","0.608675657485726","1.30601473327182","0.597391023360237","0.17526603922431","1","0.541119189932942","0.29564879896231","0.845431585385413","0.77003189203964","0.502711104895433","15_05"
"10.6042811340469","0.689694860270521","0.667439917782522","1.19700067335958","0.604281134046875","0.146099674175801","0.9998","0.513919152664907","0.429991138224049","0.634261611108006","0.489559505315905","0.485143817135494","15_05"
"10.6054208442936","0.638941954548463","0.740091611867581","1.07886110313958","0.605420844293576","0.117736555620396","0.9962","0.504970036186859","0.281379597459151","0.576539905394414","0.847272420423321","0.454764339014131","15_05"
"10.3432279029889","0.916777008705038","0.3959292936689","1.71946567833028","0.343227902988872","0.223364307944393","1","0.651668827450705","0.694832034486342","0.581979414469049","0.508486692239221","0.668727507378408","15_05"
"10.4862234140254","0.816607162403298","0.514085875038558","1.48088084285199","0.486223414025401","0.197660742602531","1","0.566815703896512","0.609016675780099","0.621569544942579","0.536915827269852","0.564176502991454","15_05"
"10.3599575203431","0.938344975182257","0.367959612211007","1.73740369302351","0.359957520343112","0.247734448759103","1","0.614826256177854","0.700712684094788","0.572363938493858","0.764279564625608","0.666737538983825","15_05"
"10.4064614954812","0.831233380672389","0.498763826789033","1.55876282950638","0.406461495481191","0.17968609462511","1","0.630180937828464","0.657445256387822","0.600300772308152","0.315083164681412","0.547306861620848","15_05"
"10.7290447356782","0.973818791845878","0.739646920647879","1.27266618863812","0.729044735678163","0.108246133407637","1","0.8","0.7","0.5","0.4","0.4","05_10"
"10.7290447356782","0.973818791845878","0.739646920647879","1.27266618863812","0.729044735678163","0.108246133407637","1","0.8","0.7","0.5","0.4","0.4","05_10"
"0.219966039068717","0.35962150442886","1.53392892702699","0.0227077601839783","0.219966039068717","0.202986297800953","0.0024","0.2655086631421","0.380035179434344","0.79423986072652","0.0706790471449494","0.34668348915875","05_10"
"5.99289952993454","0.902944307270221","0.830482006958611","0.920701194401061","0.992899529934543","0.0275770650830568","0.953","0.37212389963679","0.777445221319795","0.107943625887856","0.0994661601725966","0.333774930797517","05_10"
"0.821352471050323","0.779581338965909","0.989477510833596","0.644663170578162","0.821352471050323","0.234520200903586","0.7472","0.572853363351896","0.934705231105909","0.723710946040228","0.31627170718275","0.476351245073602","05_10"
"10.603825639238","1.00213408509206","0.695502342768032","1.43472067966546","0.603825639237973","0.0712582948787058","1","0.908207789994776","0.212142521282658","0.411274429643527","0.518634263193235","0.892198335845023","05_10"
"0.194112388595454","0.239708041198242","1.64390725730926","0.0204076408368816","0.194112388595454","0.223013739871937","0.0128","0.201681931037456","0.651673766085878","0.820946294115856","0.662005076417699","0.864339470630512","05_10"
"10.5777353971203","1.01791237878887","0.676582715334354","1.47859038278174","0.577735397120307","0.106689745879014","1","0.898389684967697","0.125555095961317","0.647060193819925","0.406830187188461","0.389989543473348","05_10"
"10.4633241180871","1.06046588129696","0.620858469312694","1.63010411332249","0.463324118087132","0.121344357309363","1","0.944675268605351","0.267220668727532","0.78293276228942","0.912875924259424","0.777320698834956","05_10"
"5.98484485102647","0.873774140003208","0.860086389772468","0.857720003921691","0.98484485102647","0.123609218286194","0.9778","0.660797792486846","0.386114092543721","0.553036311641335","0.293603372760117","0.960617997217923","05_10"
"1.02435466307301","0.857631182580125","0.884599463429579","0.77313048473415","1.02435466307301","0.115423395441571","0.9364","0.62911404389888","0.0133903331588954","0.529719580197707","0.459065726259723","0.434659484773874","05_10"
"0.137879097049126","0.136860358381208","1.7123137836888","0.0142615835640761","0.137879097049126","0.220527287436834","0","0.0617862704675645","0.382387957070023","0.789356231689453","0.332394674187526","0.712514678714797","05_10"
"10.83499732913","0.937104359761176","0.785525361683706","1.1103848220252","0.834997329130027","0.00979693603787042","0.9814","0.205974574899301","0.86969084572047","0.023331202333793","0.65087046707049","0.399994368897751","05_10"
"0.348070034754931","0.563715226310241","1.28892188910964","0.0361805125809162","0.348070034754931","0.166060899830256","0.0012","0.176556752528995","0.34034899668768","0.477230065036565","0.258016780717298","0.325352151878178","05_10"
"5.93420519642738","0.869709615774268","0.865142458696411","0.875577667431668","0.934205196427385","0.171936982714269","0.9816","0.687022846657783","0.482080115471035","0.7323137386702","0.478545248275623","0.757087148027495","05_10"
"0.403329552061954","0.593623825451664","1.23278777554207","0.376098378534932","0.403329552061954","0.292514803132812","0.287","0.384103718213737","0.599565825425088","0.692731556482613","0.766310670645908","0.202692255144939","05_10"
"10.8080903407843","0.943782432281236","0.773325491665483","1.1719759725298","0.808090340784321","0.0925969174744874","1","0.769841419998556","0.493541307048872","0.477619622135535","0.0842469143681228","0.711121222469956","05_10"
"0.591755535633559","0.638184847101965","1.17745656677567","0.383279045769395","0.591755535633559","0.227634696288464","0.2978","0.497699242085218","0.186217601411045","0.8612094768323","0.875321330036968","0.121691921027377","05_10"
"10.8451330003731","0.932714397480575","0.790453552769744","1.10891046005439","0.845133000373101","0.10843802482386","1","0.717618508264422","0.827373318606988","0.438097107224166","0.339072937844321","0.245488513959572","05_10"
"10.4981366533157","1.04840096317454","0.651821316607229","1.57906692684357","0.498136653315686","0.0917469355345435","1","0.991906094830483","0.668466738192365","0.244797277031466","0.839440350187942","0.14330437942408","05_10"
"1.14315417813941","0.875648276044667","0.869869449565663","0.744682746774661","1.14315417813941","0.0272781356389427","0.7932","0.1","0.1","0.1","0.1","0.1","05_10"
"1.28587366714371","0.816570715969952","0.948461017956685","0.420519278105814","1.28587366714371","0.0558708096077572","0.3854","0.2","0.2","0.2","0.2","0.2","05_10"
"1.17003522656418","0.778239548568789","0.992714611960211","0.306954427948815","1.17003522656418","0.0870800267526529","0.2142","0.3","0.3","0.3","0.3","0.3","05_10"
"1.0384382506089","0.768232472293411","1.00446563566423","0.364878900055514","1.0384382506089","0.119310785760472","0.2706","0.4","0.4","0.4","0.4","0.4","05_10"
"0.976746663589962","0.782940820312997","0.980963103218251","0.526563719593376","0.976746663589962","0.159457195981453","0.561","0.5","0.5","0.5","0.5","0.5","05_10"
"0.953454019222449","0.826611930880946","0.920837889270277","0.724985895763564","0.953454019222449","0.181563793209246","0.8856","0.6","0.6","0.6","0.6","0.6","05_10"
"5.89122323241491","0.895646158195196","0.835069773755511","0.973604111636299","0.891223232414905","0.184819264269791","0.998","0.7","0.7","0.7","0.7","0.7","05_10"
"10.7227440090526","0.986133722013167","0.732640685847106","1.27758084253045","0.722744009052612","0.188931798773673","1","0.8","0.8","0.8","0.8","0.8","05_10"
"10.4832450003903","1.08243660200453","0.61153819699214","1.6431413729432","0.483245000390303","0.198538302947881","1","0.9","0.9","0.9","0.9","0.9","05_10"
"10.2485288932725","1.18422054073669","0.477698210464832","1.97174754135987","0.248528893272487","0.233506804213522","1","1","1","1","1","1","05_10"
"10.8584222442509","0.928863441815322","0.796550870265338","1.08732181927697","0.85842224425086","0.116793660487255","1","0.71981948596214","0.787932497675989","0.484036460784996","0.341233212055673","0.332799263758164","05_10"
"10.5311675573756","1.05455940455029","0.644365881083795","1.55797106858587","0.531167557375644","0.156681721144213","1","0.896135734743439","0.757339687412605","0.859692383557558","0.424847530759871","0.839091118634678","05_10"
"10.6966498909621","0.984374371293711","0.716516986775677","1.32825685431345","0.696649890962122","0.137105081505759","1","0.834497021594194","0.698003778810829","0.765494738590185","0.115063759890929","0.780232086494478","05_10"
"10.8451330003731","0.932714397480575","0.790453552769744","1.10891046005439","0.845133000373101","0.10843802482386","1","0.717618508264422","0.827373318606988","0.438097107224166","0.339072937844321","0.245488513959572","05_10"
"10.83499732913","0.937104359761176","0.785525361683706","1.1103848220252","0.834997329130027","0.00979693603787042","0.9814","0.205974574899301","0.86969084572047","0.023331202333793","0.65087046707049","0.399994368897751","05_10"
"5.95296820987388","0.907957177609852","0.823898254783","0.966747666596462","0.952968209873879","0.030295589188004","0.9828","0.428107927982736","0.738935571277278","0.114359583466156","0.302511021596487","0.368120910722031","05_10"
"5.93752010213527","0.888047721541287","0.840388676619861","0.93246799323161","0.937520102135267","0.138952669604102","0.9946","0.706806685576169","0.248039378145213","0.666883080713857","0.413737063101965","0.31072771638223","05_10"
"5.91863056231889","0.899384538334219","0.825511400234657","0.979274097564288","0.918630562318886","0.132659302401547","0.9992","0.719754732999328","0.20257563187103","0.654027820574041","0.437697304593582","0.548585803002055","05_10"
"10.8451330003731","0.932714397480575","0.790453552769744","1.10891046005439","0.845133000373101","0.10843802482386","1","0.717618508264422","0.827373318606988","0.438097107224166","0.339072937844321","0.245488513959572","05_10"
"10.7256704084135","0.973287462722465","0.740420739430426","1.27992863060308","0.725670408413545","0.1013875294395","1","0.797799022302283","0.739440820930998","0.45406064643917","0.397839725788648","0.312689250201408","05_10"
"10.5015571801848","1.04143776128179","0.644451529944684","1.58094086260497","0.501557180184792","0.106053568800722","1","0.937228743803841","0.259854577947352","0.661890361311","0.851744035822318","0.792250442324947","05_10"
"10.8336363013195","0.935189461556733","0.785059264728435","1.1234735232634","0.833636301319547","0.106493492292157","1","0.744015971654054","0.738509650042517","0.4935840424217","0.19695513857611","0.365654020075487","05_10"
"10.7290447356782","0.973818791845878","0.739646920647879","1.27266618863812","0.729044735678163","0.108246133407637","1","0.8","0.7","0.5","0.4","0.4","05_10"
"10.6164249598996","0.996267956179513","0.706926217811724","1.40713104183643","0.616424959899629","0.0632543293893678","1","0.906517404985008","0.154952066899527","0.357091473510755","0.78602550277939","0.339952038136973","05_10"
"10.8575538920699","0.928337484832482","0.792880390680808","1.09994291134547","0.85755389206991","0.0917425961943922","1","0.736422896623301","0.495074886432942","0.456311762033584","0.0920675459103209","0.0222068231087178","05_10"
"10.3318499973801","1.12851686846676","0.551893614894055","1.82650077964769","0.331849997380071","0.161807991290456","1","0.999748161621392","0.812679812987335","0.777563315466978","0.657666377723217","0.745526668475941","05_10"
"10.7290447356782","0.973818791845878","0.739646920647879","1.27266618863812","0.729044735678163","0.108246133407637","1","0.8","0.7","0.5","0.4","0.4","05_10"
"10.3893573309674","1.1114886421376","0.572937569770866","1.76214840451483","0.389357330967401","0.176276945015607","1","0.955030847201124","0.974504578695633","0.681350870174356","0.741390177747235","0.956370343826711","05_10"
"0.893019501930219","0.790231298450747","0.972108935760588","0.633284829459806","0.893019501930219","0.209446621858829","0.7344","0.575686717605264","0.477081543241193","0.672908669588681","0.759403794732404","0.281954082236057","05_10"
"6.0061623809829","0.89747085352134","0.837354553471115","0.888384804444966","1.0061623809829","0.0321910500800157","0.9512","0.405542423012046","0.775911641935725","0.129251485989807","0.0916455286303985","0.604158815160931","05_10"
"10.4401560066119","1.06807728621625","0.617509996338474","1.66448082651611","0.4401560066119","0.104379127828192","1","0.983778374813172","0.639069767254155","0.534765997340636","0.460245034597014","0.193341884760455","05_10"
"10.6535318924438","1.00549605993823","0.705326355688805","1.39076896199488","0.653531892443804","0.139528882436627","1","0.835344398404362","0.695537528238043","0.61212488354535","0.869183154477193","0.830889135975478","05_10"
"10.706290739421","0.99129179870755","0.726527338730581","1.29951661369572","0.706290739421049","0.179365440235779","1","0.800251838378608","0.887320187012665","0.722436684533022","0.742333622276783","0.654473331524059","05_10"
"10.679442342425","0.996003845408842","0.716196076052752","1.34575101265917","0.679442342425004","0.146602862975186","1","0.803864265256561","0.842660312587395","0.540307616442442","0.875152469240129","0.460908881365322","05_10"
"10.6323107060302","0.995318932938926","0.704473123029864","1.40605624551722","0.632310706030185","0.0901564313586854","1","0.875897832990657","0.172750378090357","0.522020069624028","0.405227406846187","0.399881550740644","05_10"
"10.7019251195161","0.981687361127694","0.722796044945983","1.31700887374346","0.70192511951609","0.124646488818405","1","0.822491851977039","0.65280471787096","0.625040124195897","0.401602780342274","0.390107992732704","05_10"
"10.5661546155634","1.01845112975889","0.677899987856479","1.49481650772009","0.566154615563427","0.0887895208689095","1","0.915654314796286","0.219508612062838","0.532316830621946","0.579766151630341","0.877268592355032","05_10"
"10.5831714814565","1.0303509714284","0.673831278800315","1.48378894084172","0.583171481456452","0.132802921296006","1","0.878634951968368","0.622979464090287","0.693032373245884","0.66913288259488","0.541403740471293","05_10"
"10.7290447356782","0.973818791845878","0.739646920647879","1.27266618863812","0.729044735678163","0.108246133407637","1","0.8","0.7","0.5","0.4","0.4","05_10"
"10.6438134323443","1.01065719286556","0.69333674278585","1.40079470619323","0.643813432344257","0.166837145843395","1","0.844969152798876","0.725495421304367","0.818649129825644","0.658609822252765","0.443629656173289","05_10"
"5.9559984929169","0.867482187900843","0.873359325093467","0.835532818956964","0.955998492916903","0.150663586924872","0.9742","0.601887410218118","0.75280105883817","0.465471919507505","0.72981443217598","0.752701985559112","05_10"
"10.7290447356782","0.973818791845878","0.739646920647879","1.27266618863812","0.729044735678163","0.108246133407637","1","0.8","0.7","0.5","0.4","0.4","05_10"
"10.5321086412462","1.0532997610549","0.645155717754297","1.55580587093796","0.532108641246218","0.155594557763855","1","0.896135734743439","0.743514884263277","0.859692383557558","0.424847530759871","0.839091118634678","05_10"
"10.5379208134491","1.03975336645691","0.659848009860246","1.53702872562261","0.537920813449073","0.110713727662315","1","0.911682094324289","0.575399152665583","0.560827273002208","0.799421558012745","0.859831941564859","05_10"
"10.6862048347694","0.984605871618289","0.721706551416098","1.33443930316614","0.686204834769431","0.10469333731314","1","0.83931661887636","0.339646987635298","0.583614441165088","0.64952774809479","0.848325786765651","05_10"
"10.7499447854437","0.964225025067114","0.742734467939311","1.25340604808635","0.7499447854437","0.119195302004397","1","0.806948333495136","0.459013062408964","0.631029881099881","0.403790516618037","0.577118550385949","05_10"
"10.8575538920699","0.928337484832482","0.792880390680808","1.09994291134547","0.85755389206991","0.0917425961943922","1","0.736422896623301","0.495074886432942","0.456311762033584","0.0920675459103209","0.0222068231087178","05_10"
"10.7808094519468","0.95737995241098","0.760987274220549","1.20433591616623","0.780809451946758","0.109781264908264","1","0.771042457627196","0.737674369659823","0.497628043027209","0.336968694493097","0.398825036647296","05_10"
"10.5216326499288","1.03451401382921","0.653093143879686","1.55908572402323","0.521632649928807","0.0987432343313311","1","0.933030565016248","0.460799276565147","0.576295505209559","0.441427987774936","0.263822280660111","05_10"
"10.644993339258","1.00662810152102","0.697511435086568","1.39700819220152","0.644993339257957","0.144824364668479","1","0.849867693181647","0.57367044720685","0.764332688615518","0.66455420573653","0.360158965043063","05_10"
"10.8388677955405","0.935533334471047","0.788201927910471","1.11526722935463","0.838867795540535","0.116802094315799","1","0.7321074517737","0.758098462369621","0.489897960132228","0.366348907991615","0.345321240916049","05_10"
"0.961513889166306","0.819689672800635","0.938017248643958","0.670348406282356","0.961513889166306","0.176562876623968","0.8152","0.520098032164614","0.843207092414443","0.460255289217457","0.628843596653528","0.308917690672202","05_10"
"10.5311675573756","1.05455940455029","0.644365881083795","1.55797106858587","0.531167557375644","0.156681721144213","1","0.896135734743439","0.757339687412605","0.859692383557558","0.424847530759871","0.839091118634678","05_10"
"10.6473192442193","1.00764963309246","0.701243283162166","1.39545076442802","0.647319244219294","0.143945852673441","1","0.842802962382797","0.706198178111427","0.693956954077945","0.596013694655637","0.430264468491593","05_10"
"10.9158201646176","0.917607413878862","0.81256746412477","1.0162726315031","0.915820164617585","0.0672538813713232","0.9974","0.63899941119829","0.718648111335598","0.275904450027653","0.231014250931612","0.682345965577298","05_10"
"10.6084305670728","1.00337185170113","0.694679589354409","1.43134876414781","0.608430567072801","0.0732706970799881","1","0.901618864602237","0.306777040997044","0.411407914720881","0.780081119295626","0.423422729267199","05_10"
"10.697174563186","0.987054151475206","0.720647348747016","1.32872288156604","0.697174563185968","0.138547315961926","1","0.823934323485229","0.637702445608336","0.680877306851659","0.547341562872107","0.430456216671424","05_10"
"10.6669917601183","1.00103885788191","0.709887130253657","1.37092105546676","0.66699176011835","0.13701762057999","1","0.831844888792004","0.743988354723914","0.632015391799843","0.565346164452836","0.507556506189509","05_10"
"10.8181297654061","0.941167954563761","0.774855854993191","1.15526054174497","0.818129765406065","0.119651271694143","1","0.770502542796253","0.380846122560038","0.612498312705118","0.456514351415659","0.478105407102399","05_10"
"10.5946722095549","1.02114685633872","0.67862168032268","1.47109949423425","0.594672209554868","0.122493083112999","1","0.877192480460179","0.638081736352912","0.637195190590123","0.523394100065048","0.501055516532574","05_10"
"10.7496883470563","0.968404293693767","0.747368502118023","1.24603610964084","0.749688347056321","0.108603326166826","1","0.78771203418844","0.729834035306369","0.494138500652768","0.374884304064059","0.387478022842115","05_10"
"10.7357109695517","0.971556856187322","0.736990958432239","1.2770764484002","0.73571096955174","0.134721154840644","1","0.802166190416079","0.71929724319294","0.624692175747699","0.462596127597128","0.413365187681696","05_10"
"10.7290447356782","0.973818791845878","0.739646920647879","1.27266618863812","0.729044735678163","0.108246133407637","1","0.8","0.7","0.5","0.4","0.4","05_10"
"10.8197036482328","0.937934858446864","0.783196971391581","1.14029855471756","0.819703648232768","0.0135698890599317","0.994","0.403495050999109","0.853857071913014","0.0348847789396091","0.361099808261283","0.336565192185121","05_10"
"10.8584222442509","0.928863441815322","0.796550870265338","1.08732181927697","0.85842224425086","0.116793660487255","1","0.71981948596214","0.787932497675989","0.484036460784996","0.341233212055673","0.332799263758164","05_10"
"10.5240714944622","1.04002163072981","0.656051994114482","1.55342990566161","0.524071494462186","0.0990227534951238","1","0.930280410308705","0.500841515538388","0.530860480211119","0.847953519204281","0.615131891938999","05_10"
"10.7852688953434","0.953385325020541","0.763498837174057","1.19892840153388","0.785268895343361","0.104671498796119","1","0.772973514026858","0.700835280382694","0.495955999394491","0.259986444083013","0.366828983428191","05_10"
"10.7274956075599","0.979882620434124","0.732730094123134","1.28538433001466","0.727495607559873","0.146437479453749","1","0.806516398058752","0.79667573667431","0.673786963232784","0.424870064678223","0.733584461670291","05_10"
"10.6493342654977","0.99614725343894","0.703168427396834","1.38466572660621","0.649334265497734","0.113370872803909","1","0.85242071627102","0.439956334812017","0.618971834492792","0.874706733253724","0.61369618626258","05_10"
"10.5644487748732","1.03486119820576","0.667533047543862","1.50777814718649","0.564448774873209","0.125377028671705","1","0.888672292789383","0.66255855572273","0.58322614326065","0.852189771808722","0.639463137427689","05_10"
"10.8238420628283","0.938984300760947","0.775755372819922","1.14779325940766","0.823842062828313","0.118709211414757","1","0.770502542796253","0.380846122560038","0.612498312705118","0.239086773013696","0.478105407102399","05_10"
"10.7184604800997","0.971305625627351","0.736476627447055","1.28821790350924","0.718460480099743","0.0755398394105035","1","0.806132815166255","0.68761306344302","0.335117023965423","0.337058084228177","0.433502284723525","05_10"
"10.8390270613984","0.936197609383979","0.788637687662687","1.12075524167863","0.839027061398363","0.111753235022917","1","0.737477788676847","0.567025466076619","0.492859747928301","0.614542314500766","0.488321827803877","05_10"
"10.8227557895382","0.938249722647368","0.780205715704812","1.14713596651788","0.822755789538235","0.0959786649166858","1","0.758419896679561","0.513238265869103","0.482368423699564","0.147830210953951","0.310110734696907","05_10"
"10.8388677955405","0.935533334471047","0.788201927910471","1.11526722935463","0.838867795540535","0.116802094315799","1","0.7321074517737","0.758098462369621","0.489897960132228","0.366348907991615","0.345321240916049","05_10"
"10.6227791847344","1.01404474053501","0.689933318874245","1.42846852917011","0.622779184734388","0.137877887914721","1","0.858597857214841","0.622179461574404","0.714312089875428","0.604415845457768","0.494067764988115","05_10"
"10.6863408553524","0.983681245450797","0.716865601850267","1.33399598968206","0.686340855352413","0.116722678254443","1","0.835250442674765","0.477258674539588","0.623063519195613","0.513989531974563","0.494416700068708","05_10"
"5.93526802324252","0.89090485439878","0.845348516473237","0.923171547990664","0.935268023242521","0.141438917062793","0.9948","0.648772381727225","0.748189044129817","0.489364631307771","0.616709808584931","0.519144363379982","05_10"
"10.5690500650864","1.02780226765059","0.671507964684437","1.49678930232089","0.569050065086364","0.106742648093597","1","0.898233159714685","0.538312072959941","0.55651353597025","0.799787166256278","0.521315411573245","05_10"
"10.6528871535911","0.998288960735911","0.704957450596586","1.37858528985257","0.652887153591132","0.125255718426685","1","0.844620018525118","0.650507650576914","0.636645533241767","0.446371081407091","0.392326398993605","05_10"
"10.9158201646176","0.917607413878862","0.81256746412477","1.0162726315031","0.915820164617585","0.0672538813713232","0.9974","0.63899941119829","0.718648111335598","0.275904450027653","0.231014250931612","0.682345965577298","05_10"
"10.8376449386324","0.937487364046463","0.78278266110379","1.13222909932571","0.837644938632351","0.0718964605438751","1","0.734485460634273","0.337812088889622","0.352195340783111","0.674037285999061","0.672266410120972","05_10"
"10.8584222442509","0.928863441815322","0.796550870265338","1.08732181927697","0.85842224425086","0.116793660487255","1","0.71981948596214","0.787932497675989","0.484036460784996","0.341233212055673","0.332799263758164","05_10"
"10.8197036482328","0.937934858446864","0.783196971391581","1.14029855471756","0.819703648232768","0.0135698890599317","0.994","0.403495050999109","0.853857071913014","0.0348847789396091","0.361099808261283","0.336565192185121","05_10"
"10.5668300670452","1.03077531488281","0.67176035773128","1.49881078036943","0.566830067045201","0.110878281276213","1","0.894583705881305","0.577887106948262","0.553879319717424","0.849392392877887","0.630405449248211","05_10"
"10.7495792609267","0.964907903150627","0.742904582941099","1.25186740619621","0.749579260926668","0.114704900735595","1","0.804910898472296","0.430188949410826","0.595822952846721","0.605392306775872","0.481678471878646","05_10"
"10.6573882015919","0.991575819669784","0.705498505446538","1.3710944242414","0.657388201591942","0.119134190846458","1","0.848981877540185","0.431930105391358","0.656640692276081","0.654502720473516","0.751201724913564","05_10"
"10.9158201646176","0.917607413878862","0.81256746412477","1.0162726315031","0.915820164617585","0.0672538813713232","0.9974","0.63899941119829","0.718648111335598","0.275904450027653","0.231014250931612","0.682345965577298","05_10"
"10.6675622880244","0.99364158028252","0.711784715935182","1.35545119832078","0.667562288024386","0.122223598287295","1","0.836571910820142","0.628755281417412","0.612483664066066","0.506731568916046","0.7800125025687","05_10"
"10.6741788198397","0.990145880592718","0.710896073701621","1.35874280516158","0.674178819839735","0.129296181412634","1","0.840202434517821","0.481387329450791","0.691306437504526","0.659579233357804","0.45728302689515","05_10"
"10.7336730571502","0.973854634538382","0.735903582719898","1.27850870950913","0.733673057150228","0.132014904378366","1","0.805247674656529","0.623162796629936","0.627687155373751","0.618183124329439","0.367832566049458","05_10"
"10.7312938223205","0.972209509750864","0.734761974064545","1.27887326561365","0.731293822320541","0.122179329533884","1","0.812444580581666","0.541669184373363","0.626629984099627","0.465918919506144","0.484744223566265","05_10"
"10.7088845646037","0.984013223650458","0.727041993557597","1.30795205943562","0.708884564603661","0.126891623560451","1","0.812512587687643","0.647932517007728","0.585270567018726","0.690930097433198","0.495934510782618","05_10"
"10.609859017205","1.02106357393745","0.686484013328269","1.44864560469892","0.609859017205006","0.127790750438163","1","0.863892139386024","0.706517797302361","0.606362336040712","0.613512517400839","0.601372986555262","05_10"
"10.6687844896267","0.990543168829164","0.711150483979117","1.35673074955741","0.668784489626733","0.110289868958555","1","0.846662247897992","0.395472161275041","0.610453888947042","0.617774025791184","0.62163403374747","05_10"
"10.6084650820815","1.01640051033266","0.684289387785749","1.44753925777141","0.608465082081474","0.129232906667914","1","0.868462316426985","0.589572721985358","0.687215789330213","0.58353246034381","0.367146716587521","05_10"
"10.8231193647499","0.939720301102491","0.778660047133881","1.14455078982236","0.823119364749927","0.0989209931464571","1","0.750976513970598","0.682671900946532","0.469899337728511","0.204223779039383","0.0789250718400012","05_10"
"10.6465449538604","1.00307803382086","0.701355937389343","1.39435658597936","0.646544953860391","0.124806347127057","1","0.847050379367873","0.631029331105018","0.616010046696719","0.626513326744573","0.470695599374751","05_10"
"10.7855207367587","0.958279949048154","0.763097413530017","1.19317682063607","0.785520736758749","0.122374050523158","1","0.753115028490893","0.704612014708353","0.476107288199734","0.830385908484459","0.633557622179129","05_10"
"10.5150507273236","1.04754076769949","0.650198650362941","1.56940976684533","0.515050727323631","0.111587555299635","1","0.924368997216783","0.585512964312856","0.560207303754345","0.850750898135116","0.624189580118477","05_10"
"10.559919534537","1.04192567474198","0.661070990057203","1.52132796090264","0.559919534536982","0.144624914832381","1","0.885439253914765","0.699633388434876","0.713102679699659","0.734976897848151","0.619733770285108","05_10"
"10.6628105313468","0.995744506873156","0.708481055566086","1.36470310468959","0.662810531346825","0.123943520849761","1","0.838957408990137","0.623538951203587","0.617554851199592","0.557677977624143","0.525600897707611","05_10"
"10.5491354184189","1.03765372598592","0.662078908100405","1.52800695107756","0.549135418418883","0.11695206204984","1","0.902821882688043","0.59239737318034","0.601042117428583","0.729286517687804","0.605828796388632","05_10"
"10.7182265295674","0.973843811745436","0.728830447504621","1.29417204313889","0.718226529567405","0.116770058930934","1","0.821074802438833","0.491700526688437","0.615350275990184","0.429061798884865","0.477565034152117","05_10"
"10.9158201646176","0.917607413878862","0.81256746412477","1.0162726315031","0.915820164617585","0.0672538813713232","0.9974","0.63899941119829","0.718648111335598","0.275904450027653","0.231014250931612","0.682345965577298","05_10"
"10.7643898616986","0.962794031022882","0.748207742615542","1.23555193897381","0.764389861698563","0.121215799931158","1","0.796478119725292","0.52017492697662","0.613158083411653","0.436538300873404","0.471235972325033","05_10"
"10.6751619480836","0.991215054880782","0.710915826035047","1.35685889133252","0.675161948083624","0.132020098033709","1","0.840202434517821","0.481387329450791","0.707990671508014","0.659579233357804","0.45728302689515","05_10"
"10.659346176856","0.995285696792469","0.709960398186429","1.37023523729455","0.659346176855973","0.100972267283233","1","0.847615044958304","0.531586731764171","0.516847500557945","0.625509587180435","0.62591406595855","05_10"
"10.8508993288077","0.930124849213734","0.790908466664273","1.10404449097045","0.850899328807735","0.0918181732668426","1","0.72337041233878","0.683788668120763","0.414655170178791","0.220506431997449","0.320396808134563","05_10"
"10.5964751712513","1.01490153585928","0.681395772009084","1.46290850684739","0.596475171251348","0.114293322182325","1","0.880544893518989","0.487458489390321","0.63840199698061","0.669161193758576","0.489207755455313","05_10"
"10.6276379420386","1.01093652667274","0.692379095564377","1.42054205871544","0.627637942038631","0.1368583954974","1","0.856212359044846","0.627395791788229","0.709240902741902","0.553469436749671","0.748479369849205","05_10"
"10.8316049105819","0.939742146212081","0.779263610951078","1.14274666623369","0.8316049105819","0.0857324766879913","1","0.744192580605971","0.382596703554132","0.415783377640549","0.795620826519531","0.653266004330332","05_10"
"10.8584222442509","0.928863441815322","0.796550870265338","1.08732181927697","0.85842224425086","0.116793660487255","1","0.71981948596214","0.787932497675989","0.484036460784996","0.341233212055673","0.332799263758164","05_10"
"10.6225143719638","1.00774637198297","0.692226092588111","1.42588687542845","0.622514371963831","0.10929345149803","1","0.867505189528591","0.502259356977499","0.583674425125387","0.779937013798271","0.56125502005366","05_10"
"10.7937737459578","0.949125381839117","0.769092383139543","1.17686443849069","0.793773745957806","0.102052503436612","1","0.743407908519194","0.659827400043844","0.412519251342296","0.708802367963989","0.652558027969769","05_10"
"10.6655434083685","0.996802179963586","0.71286825600768","1.37339952340038","0.665543408368504","0.106887899038497","1","0.835073699009307","0.71785109329185","0.476310799141055","0.518222972567639","0.10102623119019","05_10"
"10.8981471841609","0.911805293052493","0.814760949724399","1.00467526066103","0.898147184160905","0.133728500048279","1","0.712093114243975","0.557093781091136","0.576444607364708","0.543437081830534","0.624716264825966","05_10"
"10.7355862749482","0.980625981444295","0.734085899606894","1.26947108701961","0.735586274948156","0.197209132237142","1","0.812512587687643","0.647932517007728","0.985662204911932","0.690930097433198","0.495934510782618","05_10"
"10.8478445639907","0.931746552423029","0.788480010427484","1.10563987206867","0.847844563990661","0.115174486031592","1","0.74546827289081","0.428404818699855","0.549659930100594","0.652943544276393","0.540420109150536","05_10"
"5.92288113436901","0.907629850776751","0.820971832641205","0.990968004473797","0.922881134369008","0.100512550445859","0.999","0.667817851575008","0.707314815346108","0.40595598692731","0.326303795764812","0.605635300056067","05_10"
"10.9158201646176","0.917607413878862","0.81256746412477","1.0162726315031","0.915820164617585","0.0672538813713232","0.9974","0.63899941119829","0.718648111335598","0.275904450027653","0.231014250931612","0.682345965577298","05_10"
"10.6863408553524","0.983681245450797","0.716865601850267","1.33399598968206","0.686340855352413","0.116722678254443","1","0.835250442674765","0.477258674539588","0.623063519195613","0.513989531974563","0.494416700068708","05_10"
"10.9143504912325","0.91276466427182","0.815362360528854","1.01891594546403","0.914350491232495","0.074150782064758","0.9974","0.674048895539071","0.548097709083938","0.343617703548426","0.158338029888114","0.672059892139641","05_10"
"6.04416895095856","0.87620578005732","0.866751671198115","0.819512132410008","1.04416895095856","0.0751895736842554","0.9594","0.541119189932942","0.591743279655288","0.295282795509665","0.292969475876951","0.539308172629978","05_10"
"10.7855207367587","0.958279949048154","0.763097413530017","1.19317682063607","0.785520736758749","0.122374050523158","1","0.753115028490893","0.704612014708353","0.476107288199734","0.830385908484459","0.633557622179129","05_10"
"10.8231193647499","0.939720301102491","0.778660047133881","1.14455078982236","0.823119364749927","0.0989209931464571","1","0.750976513970598","0.682671900946532","0.469899337728511","0.204223779039383","0.0789250718400012","05_10"
"10.5573005816505","1.03353347062803","0.664244190617275","1.51916500647315","0.55730058165051","0.118813823772648","1","0.898011004009506","0.570988420233136","0.632291777702163","0.692150054777084","0.542187777081133","05_10"
"10.6844898094917","0.986425222929647","0.719577400816507","1.33241864215813","0.684489809491745","0.109796236174254","1","0.83198941482501","0.505816699381589","0.566027847438758","0.674847685855488","0.550828901073197","05_10"
"10.6208265545457","1.0084489046233","0.692210057699714","1.42861605630321","0.620826554545715","0.11535232403135","1","0.866560427725098","0.495911873530511","0.619221963556708","0.818180076715836","0.539284829932494","05_10"
"10.6350633393509","1.00887243049049","0.697297582132746","1.4132104525856","0.635063339350875","0.121705393044043","1","0.854241246880137","0.571815947008732","0.60678376024134","0.839810432477115","0.598480720688048","05_10"
"10.772986189169","0.959093681146193","0.754808978131589","1.21470561845048","0.77298618916904","0.125145580162346","1","0.787650168012646","0.484022712019997","0.611449037600944","0.800788804093824","0.648400278109074","05_10"
"0.429559085935286","0.627561602535548","1.19683435471657","0.0442446316296444","0.429559085935286","0.141614476556838","2e-04","0.0155072559136897","0.623701249741714","0.318124567240768","0.223160168538648","0.676330256662227","05_10"
"10.9158201646176","0.917607413878862","0.81256746412477","1.0162726315031","0.915820164617585","0.0672538813713232","0.9974","0.63899941119829","0.718648111335598","0.275904450027653","0.231014250931612","0.682345965577298","05_10"
"10.8508993288077","0.930124849213734","0.790908466664273","1.10404449097045","0.850899328807735","0.0918181732668426","1","0.72337041233878","0.683788668120763","0.414655170178791","0.220506431997449","0.320396808134563","05_10"
"10.9143504912325","0.91276466427182","0.815362360528854","1.01891594546403","0.914350491232495","0.074150782064758","0.9974","0.674048895539071","0.548097709083938","0.343617703548426","0.158338029888114","0.672059892139641","05_10"
"10.8720844911046","0.924634263234094","0.793784917186259","1.07546853488917","0.872084491104646","0.0761277790733879","0.9998","0.65969747924062","0.675430223019086","0.283657153793818","0.641540308194192","0.672907750297951","05_10"
"10.6620340568811","0.998005200729629","0.70885606417141","1.37138388631656","0.662034056881127","0.122913349495585","1","0.840900128225522","0.569612863579714","0.610333628079964","0.753968745770101","0.487470970670882","05_10"
"10.6665867239201","0.993241872165473","0.711224380322044","1.36049587384299","0.666586723920089","0.110097197708907","1","0.84166799539318","0.554718903161075","0.561713081108019","0.588797015312109","0.568918011472415","05_10"
"10.8724516623177","0.912683532850308","0.804811433178014","1.04017198227906","0.872451662317741","0.152501514158929","1","0.731746681087272","0.617719648591485","0.669552862404975","0.494098584469593","0.415901903014131","05_10"
"10.6568718161783","0.998247221278556","0.707608137431804","1.37939911812842","0.656871816178254","0.115882959908468","1","0.838140220733964","0.716354244466874","0.532633285102547","0.533542072191968","0.295388089569252","05_10"
"10.6801689335512","0.984623872844575","0.715227980638608","1.34410173406184","0.680168933551181","0.123228812610855","1","0.836576829862745","0.483331824693181","0.654962541179855","0.665502396624006","0.493793477771961","05_10"
"10.686186470029","0.984070084496076","0.717163071452966","1.33378027409579","0.686186470028956","0.115241271758122","1","0.834415921093448","0.493903610117454","0.61180040815156","0.514903485591879","0.588574784169283","05_10"
"10.6490081462503","1.00189327871513","0.706660030667445","1.38863166330963","0.649008146250297","0.104902235634802","1","0.845933598953039","0.594887703346185","0.484982918329191","0.808488359401072","0.62938079431294","05_10"
"10.712904268139","0.97361401417398","0.733711932101548","1.30184061810628","0.712904268139048","0.0814956939851301","1","0.823102840318424","0.394485865064645","0.423556303596313","0.813012099141543","0.544150556153753","05_10"
"10.823026155307","0.943766060260196","0.778335276635548","1.13774351298196","0.823026155306953","0.118796772333115","1","0.74556780222218","0.613572887817366","0.512295022255619","0.628688641687578","0.496538399909727","05_10"
"10.5726153830539","1.03755944400541","0.668217017521805","1.49789121937182","0.572615383053858","0.139395123254204","1","0.881689642627394","0.659449625366266","0.705530946148139","0.729317640365747","0.553265575423021","05_10"
"10.6547129380743","0.998658886232154","0.707033508500937","1.37806427314921","0.654712938074256","0.115112147383377","1","0.844904458555261","0.600406779806683","0.572689270649518","0.594390549492469","0.582596952193746","05_10"
"10.5998053578219","1.01081161067876","0.685679364928239","1.44842319106165","0.599805357821907","0.108139514105088","1","0.88429450480636","0.256077501457185","0.645973730532131","0.674820451240981","0.555675950317399","05_10"
"10.8374730179624","0.940025325017107","0.785204777265721","1.11330586331951","0.837473017962363","0.125508481982599","1","0.720793736547905","0.710993295816367","0.471449825642936","0.79654233500194","0.673733518584973","05_10"
"10.6954751299608","0.979570205110628","0.727126426818409","1.33062815854645","0.695475129960822","0.0888872573406501","1","0.831826165769329","0.547456348980069","0.45309297928183","0.385987080885659","0.361777932015583","05_10"
"10.9031277286071","0.920358648425456","0.809386973937728","1.03460211171801","0.903127728607143","0.0681440535045527","0.9976","0.666980915856936","0.643044570677822","0.301397586335311","0.166192112281079","0.678075601054712","05_10"
"10.6695524461449","0.992355366278086","0.713419388547394","1.35621013631974","0.669552446144854","0.11501016633122","1","0.83589088726548","0.625035800028564","0.5612323652381","0.542358877999814","0.331239039328548","05_10"
"10.9114544082067","0.913744854502404","0.807665558623998","1.02716172803262","0.911454408206719","0.0577344821507505","0.9958","0.671320703141278","0.114746522158384","0.28056191258445","0.264857824414131","0.642170069171454","05_10"
"10.6972778774413","0.990748320824195","0.717163983884249","1.33080285980478","0.697277877441292","0.179572561374201","1","0.83198941482501","0.505816699381589","0.982425559079275","0.674847685855488","0.550828901073197","05_10"
"10.8629892826758","0.929176566981028","0.791741331271871","1.09816970811068","0.862989282675769","0.0851280136880701","1","0.723494512563642","0.425814591870644","0.408030673874383","0.385094769256951","0.662704219609679","05_10"
"10.6798417674849","0.987648139219259","0.716411974914254","1.34423688274068","0.67984176748491","0.118141654070257","1","0.835615019480086","0.5038722041392","0.619055977766917","0.668924522589286","0.514318450196386","05_10"
"10.9158201646176","0.917607413878862","0.81256746412477","1.0162726315031","0.915820164617585","0.0672538813713232","0.9974","0.63899941119829","0.718648111335598","0.275904450027653","0.231014250931612","0.682345965577298","05_10"
"10.6844898094917","0.986425222929647","0.719577400816507","1.33241864215813","0.684489809491745","0.109796236174254","1","0.83198941482501","0.505816699381589","0.566027847438758","0.674847685855488","0.550828901073197","05_10"
"10.7785891863902","0.958669432280858","0.758446194677041","1.20400258286378","0.778589186390209","0.130639763991393","1","0.774686619066445","0.611983668339667","0.57479879499593","0.801834562881658","0.565431847919849","05_10"
"10.835973394005","0.935140225500835","0.785891913598584","1.12061141864201","0.835973394005038","0.102562260648818","1","0.750876984639228","0.497503831829021","0.507264245573486","0.228478681628198","0.122806781080811","05_10"
"10.7854513590025","0.955009977041388","0.762901633750089","1.19470577701877","0.785451359002487","0.114576308480837","1","0.776785745446878","0.522497023926387","0.551068772895927","0.576744124518225","0.506417977082996","05_10"
"10.801961137814","0.947407383615154","0.769677769250338","1.18241450555353","0.801961137813965","0.084542892905526","1","0.762359979123696","0.487490798503484","0.414519627370298","0.385857375865133","0.488564601940427","05_10"
"10.6812587452256","0.98730152623371","0.717842511166311","1.33996089248607","0.681258745225577","0.111017908566301","1","0.839297273579025","0.622708748599873","0.600739360177931","0.163083263440058","0.411313176847456","05_10"
"10.6972778774413","0.990748320824195","0.717163983884249","1.33080285980478","0.697277877441292","0.179572561374201","1","0.83198941482501","0.505816699381589","0.982425559079275","0.674847685855488","0.550828901073197","05_10"
"10.9143504912325","0.91276466427182","0.815362360528854","1.01891594546403","0.914350491232495","0.074150782064758","0.9974","0.674048895539071","0.548097709083938","0.343617703548426","0.158338029888114","0.672059892139641","05_10"
"10.9031277286071","0.920358648425456","0.809386973937728","1.03460211171801","0.903127728607143","0.0681440535045527","0.9976","0.666980915856936","0.643044570677822","0.301397586335311","0.166192112281079","0.678075601054712","05_10"
"10.901602416737","0.920130959383891","0.808247350403013","1.03734909359211","0.901602416736958","0.067772017093875","0.9976","0.670916911527434","0.615286363554763","0.305495278125827","0.162368141087749","0.675070899019327","05_10"
"10.6489135883151","0.997164650283787","0.704062022366451","1.39029744120878","0.648913588315136","0.102885020734594","1","0.857667561299946","0.43832427361323","0.561461580876955","0.732382226239048","0.54943364804405","05_10"
"10.9158201646176","0.917607413878862","0.81256746412477","1.0162726315031","0.915820164617585","0.0672538813713232","0.9974","0.63899941119829","0.718648111335598","0.275904450027653","0.231014250931612","0.682345965577298","05_10"
"10.708668924606","0.978300136967416","0.729496251442211","1.30018475251063","0.708668924605967","0.110033087637033","1","0.823350442206853","0.497275695850256","0.578773243490812","0.425705584263316","0.269047670490477","05_10"
"10.9162129537856","0.912305314813374","0.81591700789818","1.01607901925675","0.916212953785609","0.0740033783794603","0.9974","0.670112899868573","0.575855916206998","0.33952001175791","0.162162001081444","0.675064594175026","05_10"
"10.9143504912325","0.91276466427182","0.815362360528854","1.01891594546403","0.914350491232495","0.074150782064758","0.9974","0.674048895539071","0.548097709083938","0.343617703548426","0.158338029888114","0.672059892139641","05_10"
"10.8668823109742","0.921131925922404","0.799245904749777","1.05834191959882","0.866882310974205","0.143680315388959","1","0.734052661332833","0.593423952013161","0.632509301154154","0.532977600706874","0.437773348407566","05_10"
"10.6436665513858","1.00510599700595","0.701858384562014","1.40105152654492","0.643666551385836","0.120485317204489","1","0.847124921645872","0.615611216817681","0.567625668867497","0.809947513268242","0.547982483532725","05_10"
"10.7372064379773","0.973569844196011","0.739320438150096","1.26671360511569","0.737206437977261","0.117880374847041","1","0.803197977868749","0.584979474008434","0.573026657511252","0.566848002761232","0.578695206996014","05_10"
"10.6865222675523","0.984316740574977","0.71900948543716","1.33209457161725","0.686522267552343","0.114169391596116","1","0.832768616464431","0.546759042522434","0.596003513912269","0.425476394053813","0.588277974637795","05_10"
"10.785257923312","0.950719853651128","0.765474893162073","1.18827133990174","0.785257923311967","0.101128314904055","1","0.75393646476914","0.613691941681513","0.428591615154193","0.738573098071387","0.43296517095173","05_10"
"10.7609176973698","0.959131909369568","0.752395402992479","1.23994207005739","0.760917697369757","0.0881364346644575","1","0.792960699209274","0.485780142347229","0.446604025785915","0.385224474277477","0.535917549684835","05_10"
"10.6678911815997","0.994971477001062","0.713249122681151","1.36089341689391","0.667891181599688","0.116248144048442","1","0.837493741911977","0.571939915008405","0.570826633140133","0.719610480044829","0.407396833151975","05_10"
"10.6375909489153","1.00013691287599","0.701578150643882","1.40549279156898","0.637590948915342","0.101207869594789","1","0.868369048962505","0.31334330009355","0.580040502343442","0.674525957149137","0.568004599172586","05_10"
"10.6759737296761","0.989320049005907","0.720189606224421","1.35132179023102","0.675973729676098","0.100281727728403","1","0.833473470398346","0.65870851976797","0.46888987352112","0.475414172423726","0.36207474154707","05_10"
"10.6972778774413","0.990748320824195","0.717163983884249","1.33080285980478","0.697277877441292","0.179572561374201","1","0.83198941482501","0.505816699381589","0.982425559079275","0.674847685855488","0.550828901073197","05_10"
"10.7127498835321","0.975383082404397","0.734456352383749","1.2943691469826","0.712749883532128","0.0956210068236444","1","0.815367546522679","0.664984429785435","0.471046473353789","0.290421693327133","0.516812431495773","05_10"
"10.8877729450517","0.925918157003055","0.801464514127468","1.05632425705746","0.887772945051741","0.0637911716769718","0.9978","0.671320703141278","0.577510603936389","0.28056191258445","0.264857824414131","0.642170069171454","05_10"
"10.8051537927408","0.949977910278401","0.770623056234737","1.16359262172244","0.805153792740846","0.129609881423434","1","0.760578504746095","0.575540562822394","0.564724600664093","0.896372553892434","0.449091181493559","05_10"
"10.8205421854813","0.939101424206643","0.777430259418696","1.14374574782361","0.820542185481329","0.109128499304071","1","0.761942463525823","0.494131746096219","0.540291410234233","0.317676582956761","0.442333894759618","05_10"
"10.9158201646176","0.917607413878862","0.81256746412477","1.0162726315031","0.915820164617585","0.0672538813713232","0.9974","0.63899941119829","0.718648111335598","0.275904450027653","0.231014250931612","0.682345965577298","05_10"
"10.6828591177232","0.977413213394599","0.731584978313375","1.314136033638","0.682859117723158","0.0363669489794306","1","0.857593451237035","0.497453104524709","0.129306000424549","0.589091509403953","0.556589362617227","05_10"
"0.717661575387259","0.705763957981337","1.08338830189407","0.322295088098305","0.717661575387259","0.202253209312002","0.1916","0.357248281361535","0.592270817318366","0.461379607115642","0.718240531602676","0.519705904750078","05_10"
"10.664993551592","0.998006744365555","0.70898473599422","1.37146231382267","0.664993551591975","0.130519374314267","1","0.838594147979962","0.593908560158038","0.647377189330786","0.71508972953282","0.465599525277447","05_10"
"10.8130530770194","0.944099818699758","0.776494609965938","1.1608728139786","0.813053077019399","0.0679704879635956","1","0.747023432380807","0.545614530529108","0.328233144324768","0.178684534937861","0.606641259322208","05_10"
"10.7127498835321","0.975383082404397","0.734456352383749","1.2943691469826","0.712749883532128","0.0956210068236444","1","0.815367546522679","0.664984429785435","0.471046473353789","0.290421693327133","0.516812431495773","05_10"
"10.8118302088843","0.944640194343032","0.772830826632433","1.16141171466749","0.811830208884269","0.114417346039016","1","0.765304933193213","0.495419826115987","0.550749771419896","0.520703890699541","0.497352499240516","05_10"
"10.6865222675523","0.984316740574977","0.71900948543716","1.33209457161725","0.686522267552343","0.114169391596116","1","0.832768616464431","0.546759042522434","0.596003513912269","0.425476394053813","0.588277974637795","05_10"
"10.7808503409158","0.955274314942285","0.759066005653387","1.20625132223808","0.780850340915817","0.109128814585405","1","0.789408579051283","0.390735869277555","0.573270543885584","0.365550360430484","0.53998265981148","05_10"
"10.8653725686068","0.924290931119087","0.797675939939144","1.07877836419411","0.865372568606844","0.095122366703161","1","0.712918182685403","0.583210182495944","0.419768467796457","0.372732051620695","0.607351891417339","05_10"
"10.6816140466885","0.987461810234634","0.720306049099402","1.34150989202327","0.681614046688476","0.101486363552666","1","0.840902933437045","0.416739176912214","0.547061368692091","0.626652179675413","0.470355834120724","05_10"
"10.9162129537856","0.912305314813374","0.81591700789818","1.01607901925675","0.916212953785609","0.0740033783794603","0.9974","0.670112899868573","0.575855916206998","0.33952001175791","0.162162001081444","0.675064594175026","05_10"
"10.9162129537856","0.912305314813374","0.81591700789818","1.01607901925675","0.916212953785609","0.0740033783794603","0.9974","0.670112899868573","0.575855916206998","0.33952001175791","0.162162001081444","0.675064594175026","05_10"
"10.9158201646176","0.917607413878862","0.81256746412477","1.0162726315031","0.915820164617585","0.0672538813713232","0.9974","0.63899941119829","0.718648111335598","0.275904450027653","0.231014250931612","0.682345965577298","05_10"
"10.7968191494664","0.947948863830816","0.767530872137546","1.179847543422","0.796819149466411","0.109507648006065","1","0.773423275779488","0.521208943906619","0.540610411710264","0.373716816775444","0.451399372602098","05_10"
"10.6517696407924","0.996881110776341","0.70935727775685","1.38175878399507","0.651769640792395","0.0963260712536416","1","0.853092123257175","0.551623365159842","0.48050746556117","0.608088002885791","0.536334852420406","05_10"
"10.9026298046621","0.917081397788931","0.808307691077543","1.0354798589848","0.90262980466211","0.0669591190102022","0.9976","0.672450413586049","0.562895335611721","0.30821327224465","0.164121219849882","0.672239179246213","05_10"
"10.8514097242772","0.930210264026169","0.790440562761277","1.10816572645927","0.851409724277222","0.0919810963963457","1","0.723178368871944","0.586031320616047","0.411238451216597","0.347605166196368","0.55169669011936","05_10"
"10.6865222675523","0.984316740574977","0.71900948543716","1.33209457161725","0.686522267552343","0.114169391596116","1","0.832768616464431","0.546759042522434","0.596003513912269","0.425476394053813","0.588277974637795","05_10"
"10.8424244648616","0.934769004261906","0.785318864685052","1.12121685078491","0.842424464861593","0.0891647110995414","1","0.739307969919583","0.480248635935892","0.432282247284343","0.276176610861851","0.586256050093845","05_10"
"10.7050281142145","0.982032220816642","0.727938068645131","1.30544083368974","0.705028114214479","0.110833800377018","1","0.818575818681558","0.597523772654421","0.544650198624036","0.509880931074611","0.504853605780285","05_10"
"10.8175572163839","0.940563321131701","0.77334225853668","1.14255458421455","0.817557216383869","0.144944144969926","1","0.765079832725956","0.521370302187262","0.664201692910865","0.877376060410596","0.46934569169038","05_10"
"10.8573468102685","0.92676722949584","0.793897437275765","1.09591386863351","0.857346810268503","0.0984362816112637","1","0.724524288102368","0.551752066865103","0.445325599805157","0.391507099409607","0.629792185982963","05_10"
"10.6857663674082","0.973888799014624","0.73452246093905","1.30827491134338","0.685766367408194","0.0358333040861197","1","0.818095629585538","0.646164221121982","0.0715024236124009","0.532381244110347","0.4359163427628","05_10"
"10.9158201646176","0.917607413878862","0.81256746412477","1.0162726315031","0.915820164617585","0.0672538813713232","0.9974","0.63899941119829","0.718648111335598","0.275904450027653","0.231014250931612","0.682345965577298","05_10"
"10.861120211097","0.927107391267062","0.79570184925403","1.08370176511578","0.86112021109697","0.0990015426782719","1","0.728587903655704","0.635426896229442","0.4698017781599","0.165233738592977","0.470496639453797","05_10"
"10.7353366948212","0.974200411307487","0.738972987924013","1.27016353557913","0.735336694821191","0.117419018381169","1","0.804189520277782","0.561695948139934","0.570168680662016","0.669698642135324","0.376447816723868","05_10"
"10.7484041607153","0.96136986194579","0.75148437209129","1.24593493045332","0.748404160715335","0.0962396363295717","1","0.792408486919434","0.506173346761276","0.472797037141038","0.614543645265311","0.635237490089847","05_10"
"10.681945933188","0.986748229361073","0.718563127358827","1.33630120582665","0.68194593318796","0.108650514747119","1","0.835808671783806","0.460187648643581","0.579503070301995","0.653834282214614","0.554059997836383","05_10"
"10.9149989086917","0.914110410854769","0.81520627033744","1.0164802022706","0.914998908691734","0.0747263604238279","0.9974","0.668579397809959","0.62824694415004","0.336802017639087","0.160408922319311","0.677896313948141","05_10"
"10.9031277286071","0.920358648425456","0.809386973937728","1.03460211171801","0.903127728607143","0.0681440535045527","0.9976","0.666980915856936","0.643044570677822","0.301397586335311","0.166192112281079","0.678075601054712","05_10"
"10.7818046205357","0.954217698109317","0.75985695329511","1.20256501341133","0.781804620535729","0.118960220346381","1","0.779739426675167","0.511120310532717","0.573329163492889","0.652379496020426","0.341691035260168","05_10"
"10.7817208471148","0.952910997098123","0.76164051923981","1.20971066191989","0.781720847114772","0.0871769036752819","1","0.777690285780257","0.630326423048254","0.432335168353341","0.164041637128159","0.618892138448371","05_10"
"10.6491502746917","0.998599110968016","0.703046992465856","1.38639386528227","0.649150274691682","0.108863897102057","1","0.854627505980571","0.524895667492083","0.577962024487229","0.504024338078247","0.583651624845462","05_10"
"10.8980629107853","0.921766005565797","0.80515701264121","1.04311251644804","0.898062910785278","0.0700074378859438","0.9976","0.661190679765342","0.715069017913468","0.291259640225126","0.225819122518145","0.680852811616181","05_10"
"10.7934481568609","0.952601435518293","0.766512981937003","1.18309900759569","0.79344815686086","0.118231990011658","1","0.766849637222756","0.607846911868829","0.536740774125117","0.540542458382528","0.40153810564761","05_10"
"1.12239194200358","0.836241542526302","0.912961825323811","0.646784290418077","1.12239194200358","0.0870200244638644","0.767","0.48998980014585","0.575855916206998","0.33952001175791","0.162162001081444","0.675064594175026","05_10"
"10.8742983420696","0.925966205203876","0.795651515023068","1.07610200997879","0.874298342069631","0.0748717793420755","0.9994","0.68615397686644","0.63748161204407","0.31683565484639","0.338842397416229","0.630613683970361","05_10"
"10.9213478493418","0.912338319072479","0.816154881345752","1.00685842652622","0.921347849341795","0.0788896268624766","0.9972","0.660357134859366","0.693611986097249","0.339322650891618","0.179237056085539","0.682102391890944","05_10"
"10.915121006681","0.914134628229815","0.815061067874084","1.01668289878826","0.915121006680951","0.0747781689758359","0.9974","0.667945799618111","0.633562220688174","0.335545040619588","0.162098285217666","0.677944822573928","05_10"
"10.9158201646176","0.917607413878862","0.81256746412477","1.0162726315031","0.915820164617585","0.0672538813713232","0.9974","0.63899941119829","0.718648111335598","0.275904450027653","0.231014250931612","0.682345965577298","05_10"
"0.84175796281547","0.702123328873832","1.09135765009774","0.162569825151751","0.84175796281547","0.133193881763518","0.0652","0.33364394819364","0.599246745891516","0.442486086960028","0.162508463265586","0.506486073758779","05_10"
"10.8758561782341","0.926756240571894","0.79576847461966","1.07433398178213","0.875856178234117","0.0788709602725264","0.9994","0.706317631447128","0.612036066544923","0.366835702957782","0.164887276408834","0.639075159870044","05_10"
"10.9138085846287","0.91636264631836","0.813832983444618","1.02156846554175","0.913808584628724","0.0632817405873475","0.9968","0.648755176207497","0.600892041445347","0.276101810893944","0.213939195927517","0.67530816786138","05_10"
"10.9147936663839","0.90963803024082","0.817305119157536","1.005886081492","0.914793666383898","0.0945807580619526","0.9986","0.677369722434219","0.632918566156631","0.40439439498642","0.28367895292499","0.681524467589899","05_10"
"10.8282277590367","0.936206432467476","0.781787318679581","1.1371126916341","0.828227759036695","0.0929888442720804","1","0.738719927495986","0.551881662124926","0.42385261229508","0.420670510403644","0.623602849667957","05_10"
"10.9162129537856","0.912305314813374","0.81591700789818","1.01607901925675","0.916212953785609","0.0740033783794603","0.9974","0.670112899868573","0.575855916206998","0.33952001175791","0.162162001081444","0.675064594175026","05_10"
"10.856753011003","0.928591373889897","0.793195744574195","1.07982299144587","0.856753011003038","0.131082921497619","1","0.736314027589641","0.538253345213039","0.575909258045018","0.705217023759541","0.557871545433869","05_10"
"10.7791555589504","0.954066921870996","0.762114177181912","1.20368831549404","0.77915555895041","0.103024091140745","1","0.773257675444154","0.585661895295967","0.48056466663048","0.496307414295158","0.432545080925115","05_10"
"5.93813599951855","0.910213086728544","0.821516666437185","0.984405194918706","0.938135999518548","0.0704981075146352","0.9962","0.639187207626006","0.661557142814399","0.302701457994022","0.173554648563988","0.679521443657754","05_10"
"10.844252604806","0.93578883971583","0.787760523524413","1.11922558840273","0.844252604805976","0.0690692177715946","1","0.723485406872498","0.558106987385481","0.327479387180625","0.174618511122965","0.613467574063794","05_10"
"10.859140079223","0.926291719394689","0.79470279691789","1.09287437675237","0.859140079223032","0.0983327419803615","1","0.722836715397939","0.55957115953658","0.443201266260264","0.386166276610429","0.608255948128598","05_10"
"10.8374637274447","0.93477137469812","0.785318096934049","1.12489620046408","0.837463727444727","0.0903648176598167","1","0.737451109014011","0.547547782661429","0.42587662253381","0.290759589430472","0.57588233392512","05_10"
"5.93621977785229","0.907532678975679","0.823383898566159","0.983929123671761","0.936219777852291","0.0731606633553127","0.9964","0.646388129242907","0.631826037572171","0.321446827441614","0.165604050732777","0.679389467909257","05_10"
"10.9079699543881","0.914151948943947","0.809929819123978","1.02778411463126","0.907969954388088","0.0828260402632288","0.9982","0.68146918726237","0.531520342813928","0.373390407006859","0.272245959957208","0.618049243560698","05_10"
"10.9034590635847","0.920230375084017","0.809255444227585","1.0345248679418","0.903459063584695","0.068149226021025","0.9976","0.667614514048784","0.637729294139688","0.30265456335481","0.164502749382723","0.678027092428925","05_10"
"10.9016825895983","0.920505789295408","0.808545575876699","1.04155576389811","0.90168258959826","0.0719359436389425","0.9976","0.669925103440858","0.632946884728197","0.31272300379154","0.219621603449068","0.677889116094569","05_10"
"10.8635258039515","0.924995153264535","0.797236243203031","1.08193220474474","0.863525803951483","0.0952217418821351","1","0.714605755389832","0.575391089824466","0.421892801341351","0.378072874419873","0.628888129271704","05_10"
"10.787082277659","0.949031650317155","0.767354846054762","1.18963624603841","0.787082277658964","0.100100860171369","1","0.766606742108851","0.537501867132294","0.468712892642415","0.566605186482362","0.618986531839228","05_10"
"10.8245806972","0.942498149648465","0.780487117193313","1.13864197978212","0.82458069720003","0.11552925761447","1","0.753290093238682","0.534869023839326","0.533618034671004","0.563666136060662","0.541266332239474","05_10"
"10.9158201646176","0.917607413878862","0.81256746412477","1.0162726315031","0.915820164617585","0.0672538813713232","0.9974","0.63899941119829","0.718648111335598","0.275904450027653","0.231014250931612","0.682345965577298","05_10"
"10.8733987122327","0.926493810761603","0.797945979553985","1.07734968613619","0.873398712232662","0.0659275760997828","0.9992","0.695988439094358","0.550402878755348","0.308967029388794","0.168187243664778","0.665412864504627","05_10"
"10.816767046056","0.94300820236562","0.778408100090108","1.1560055748357","0.81676704605598","0.109199550952485","1","0.754110213705572","0.562065373460014","0.500842465248133","0.520996394036534","0.495599425918114","05_10"
"10.8575896396276","0.929803386298003","0.791530985417213","1.10064184919177","0.85758963962762","0.0899092533806715","1","0.725035229777515","0.51873217389051","0.417644075967129","0.333022187627747","0.562070406288085","05_10"
"10.9213478493418","0.912338319072479","0.816154881345752","1.00685842652622","0.921347849341795","0.0788896268624766","0.9972","0.660357134859366","0.693611986097249","0.339322650891618","0.179237056085539","0.682102391890944","05_10"
"10.9162129537856","0.912305314813374","0.81591700789818","1.01607901925675","0.916212953785609","0.0740033783794603","0.9974","0.670112899868573","0.575855916206998","0.33952001175791","0.162162001081444","0.675064594175026","05_10"
"10.9152149641723","0.911170766769292","0.814088184058073","1.0151370713721","0.915214964172317","0.0829527768662716","0.998","0.674199223056757","0.543873696313874","0.369920896840106","0.258364514566151","0.60503586722671","05_10"
"10.8491113392048","0.932406202673904","0.793289593844558","1.09890052743279","0.849111339204824","0.116359064331778","1","0.733050251896977","0.558383694311275","0.510108749078336","0.629600543838981","0.618905476528057","05_10"
"10.8929735944243","0.920257134026609","0.805616115980171","1.04696324317539","0.892973594424257","0.0753122491350341","0.999","0.669921430779071","0.679000397859785","0.315980652325706","0.271674069226283","0.681433726023338","05_10"
"10.9092023569209","0.915128934805549","0.810015894244486","1.02583805669098","0.909202356920914","0.0797356684413741","0.9982","0.67669796032977","0.549262632647391","0.357390155096044","0.251690021199887","0.572976497112168","05_10"
"10.8559395095111","0.929055498631575","0.790248606617684","1.09580402727628","0.855939509511054","0.0820239449772679","1","0.700198120735895","0.559302884218671","0.345285447244814","0.654436003767082","0.593136706571152","05_10"
"10.87551289248","0.926321875481033","0.795801520875251","1.07676582872461","0.875512892479952","0.0750424602137592","0.9994","0.697092445655243","0.570361582688466","0.33635573176503","0.295271362355377","0.664402077037296","05_10"
"10.8352375617235","0.936461312729782","0.784230627392998","1.12713003600058","0.83523756172348","0.0861845964492004","1","0.729363683706569","0.623861893947071","0.388516215849432","0.287830574625124","0.654078136855021","05_10"
"10.8868818300421","0.918335221597667","0.805184561260689","1.05020593136925","0.886881830042101","0.103776455420068","1","0.707143060802888","0.599568233855484","0.45594129599271","0.36322652170963","0.531428498555331","05_10"
"10.9070555161869","0.918900818998226","0.810514602880611","1.02864417151246","0.907055516186886","0.0694844900763535","0.9976","0.662877122287839","0.641850621702254","0.302633750917097","0.193402938561179","0.678846286439529","05_10"
"5.91977874198004","0.908512661468275","0.819568896292697","0.994905953136206","0.919778741980039","0.0934037323736046","0.9984","0.670439991846825","0.578332234058919","0.394083448608464","0.37680548374104","0.631709237818451","05_10"
"10.865042033166","0.929706307750391","0.79194099222937","1.08873931912015","0.86504203316599","0.0783287573864122","0.9998","0.712111563161118","0.630621076453721","0.363354393352475","0.163365675896499","0.675123714027181","05_10"
"10.7756915623748","0.953604380435001","0.761470411843794","1.20265379299723","0.775691562374829","0.0903025346086426","1","0.756063603082705","0.65663710302706","0.37609320316123","0.561062448047835","0.680123730786131","05_10"
"10.9171874671572","0.905762533295334","0.819018950895211","1.00166271250018","0.917187467157227","0.122081984898287","1","0.706041010294605","0.611897345722564","0.543346814591744","0.270402623441527","0.642623954957286","05_10"
"10.8751236365265","0.92155883055554","0.802352531400782","1.06517734408304","0.875123636526519","0.110119060954685","1","0.717869531082497","0.55526074072623","0.487693310308033","0.453689354340433","0.567854198177515","05_10"
"10.8591150682795","0.92583355109121","0.794860787029563","1.08698964009557","0.859115068279548","0.0935772667055203","1","0.711243353838357","0.676512125729032","0.403760632078229","0.295819789841793","0.623797915116402","05_10"
"10.8245806972","0.942498149648465","0.780487117193313","1.13864197978212","0.82458069720003","0.11552925761447","1","0.753290093238682","0.534869023839326","0.533618034671004","0.563666136060662","0.541266332239474","05_10"
"10.8742577021898","0.927378063860192","0.796905829942012","1.08016506336605","0.874257702189768","0.0722463598028053","0.9994","0.688667253422972","0.590438554309362","0.311351620441977","0.350669843079996","0.680657746167737","05_10"
"10.845773896944","0.936017474144178","0.785467120739836","1.11937625199886","0.84577389694404","0.0804925494219458","1","0.720761110161616","0.607805362304833","0.360446182918564","0.294279276510663","0.634923655155945","05_10"
"10.9044261265744","0.912881491156813","0.813372241010398","1.02090144465033","0.904426126574386","0.0936453930840152","0.999","0.683631187645189","0.545466010757393","0.401643504234597","0.444378662590016","0.644297862893464","05_10"
"10.8809132519458","0.922770959741515","0.80164650977521","1.06309784025306","0.880913251945766","0.0894463384536451","0.9996","0.711725642931409","0.543424484776885","0.422874223431976","0.186202589471722","0.615146779847628","05_10"
"10.9253813054459","0.913078873397759","0.817393869711556","1.00655811377786","0.925381305445882","0.0650581446126401","0.9962","0.642061815576905","0.659562051983283","0.281884633031484","0.165724506381216","0.681672883335839","05_10"
"10.9193711383227","0.910167942600098","0.817067366534683","1.00045524739608","0.91937113832275","0.0895648750967729","0.9982","0.66863897142049","0.668987186210313","0.379673382885839","0.237824006216853","0.680943553182742","05_10"
"10.9220990227756","0.915674465994749","0.814995312892105","1.00731158667916","0.92209902277559","0.0683184600377405","0.9966","0.639104761052886","0.692348732959129","0.283206447035897","0.222316808394372","0.680642902310767","05_10"
"10.8245806972","0.942498149648465","0.780487117193313","1.13864197978212","0.82458069720003","0.11552925761447","1","0.753290093238682","0.534869023839326","0.533618034671004","0.563666136060662","0.541266332239474","05_10"
"10.804196364302","0.946855071594637","0.770108476376864","1.17837479910346","0.804196364302018","0.0826081108448764","1","0.755695015514226","0.558681556768692","0.3897665075212","0.345503180337676","0.535522471596906","05_10"
"10.9079982587488","0.915968254740473","0.809849400780139","1.02597575718119","0.907998258748818","0.0783134144336713","0.9982","0.664883395239497","0.69264828004049","0.329564857615756","0.227388029768063","0.678617904815387","05_10"
"5.93242765973456","0.9121509299916","0.819253498923994","0.993545570394338","0.932427659734558","0.0697315227536786","0.9962","0.63908185777141","0.687856521190868","0.295399460985778","0.182252091101228","0.681224506924285","05_10"
"10.8621856700087","0.928280217153689","0.796495380450548","1.09027902268326","0.862185670008676","0.107019237059609","1","0.720576823752591","0.545231739191502","0.462002064001836","0.687201677952597","0.608137630090867","05_10"
"5.91992693829518","0.907044100727142","0.821625534716903","0.996970852926062","0.919926938295178","0.106960116045188","0.9992","0.690943618761817","0.594345391880497","0.473992822511119","0.265536032404172","0.639521305613238","05_10"
"10.8836531103114","0.916886101260729","0.805433922803571","1.04852786228203","0.88365311031143","0.119547069586507","1","0.721862663845739","0.584150839992104","0.542680842904744","0.316333686098645","0.569443804045155","05_10"
"10.8740195353186","0.922173309885017","0.800211614761634","1.06760421234904","0.874019535318592","0.0924628796908596","1","0.701650182930625","0.675650270002557","0.397046310652257","0.286421171605631","0.668524621097064","05_10"
"10.8817732847196","0.920038916965148","0.804604923854321","1.05560066946153","0.881773284719624","0.0962635048423797","1","0.702776546667652","0.594530256490465","0.421493220179397","0.360742766974631","0.576191997453312","05_10"
"10.8885301494001","0.924151041506274","0.803645642983354","1.05495877059386","0.888530149400097","0.0701036444674529","0.9988","0.68389330779925","0.56142599600039","0.315973535386649","0.227209656194721","0.659382641614105","05_10"
"5.92057129112013","0.908677380745323","0.818861811606185","0.995325481508233","0.920571291120125","0.0911111325132275","0.9984","0.668433181290253","0.600474742690704","0.386632439558991","0.326635154487552","0.589369795316454","05_10"
"10.8579962340633","0.928840326397481","0.792900182779103","1.09796532254624","0.857996234063294","0.0904997758534498","1","0.721964069905969","0.551650241095042","0.414472304397811","0.332864114911048","0.563506479258927","05_10"
"5.92514535002744","0.904197224654621","0.824815440923785","0.984158762449885","0.925145350027442","0.115529137682637","0.9994","0.685932035943987","0.65393729307295","0.48450495877469","0.316179861484623","0.672038065283457","05_10"
"10.7980951237153","0.947826426754965","0.766012859805305","1.18198208340998","0.798095123715297","0.0729930307759623","1","0.75214522946347","0.650855094118479","0.332698925577965","0.246256055618187","0.624770581095838","05_10"
"10.9253813054459","0.913078873397759","0.817393869711556","1.00655811377786","0.925381305445882","0.0650581446126401","0.9962","0.642061815576905","0.659562051983283","0.281884633031484","0.165724506381216","0.681672883335839","05_10"
"10.8278480885134","0.939950089034917","0.778766671804228","1.14481750288116","0.827848088513431","0.0822053401496792","1","0.745456588539667","0.550455800450535","0.398168426555365","0.198841654898351","0.587162772185607","05_10"
"10.7834337660364","0.951120480610429","0.761136019892478","1.20101570954797","0.783433766036393","0.076905853710983","1","0.753166673962005","0.66821851150341","0.328338177997115","0.397454290448423","0.681237176449539","05_10"
"10.9152149641723","0.911170766769292","0.814088184058073","1.0151370713721","0.915214964172317","0.0829527768662716","0.998","0.674199223056757","0.543873696313874","0.369920896840106","0.258364514566151","0.60503586722671","05_10"
"10.9067120165228","0.909621186374778","0.816907086360283","1.01502777047843","0.906712016522823","0.104050894143536","0.9996","0.692513754039964","0.549649288208343","0.449626263238413","0.405897959742595","0.569716914096471","05_10"
"10.8927673547187","0.920714610375063","0.803898088606357","1.05218240245693","0.892767354718665","0.0842081636898786","0.9994","0.69388286103577","0.564700252097988","0.378131309939165","0.270564278720049","0.546122494503914","05_10"
"10.8840712294678","0.922586149042407","0.801659677603539","1.06121418116958","0.884071229467808","0.0881487704541531","0.9996","0.702053737372302","0.554874085165278","0.395457202165664","0.299481415797725","0.571113781193213","05_10"
"10.87536862711","0.926200273729111","0.797839183705815","1.07478385027348","0.875368627110019","0.0828153528998289","0.9996","0.701458959790479","0.575399560053485","0.370803807578343","0.297755117090376","0.619638578139316","05_10"
"10.8684872171737","0.924833502236508","0.796813073531388","1.069523909708","0.868487217173681","0.0852890300231441","1","0.679181935224484","0.639727509920535","0.331945662775261","0.62062928613354","0.612600351396576","05_10"
"10.8484591309752","0.933328564849343","0.791957853744893","1.09999488617788","0.848459130975187","0.11940318195662","1","0.737468439687547","0.562615529569786","0.534284006358004","0.517735073403544","0.614446483151605","05_10"
"10.8505142063116","0.929171392173347","0.790621881216434","1.09609065332406","0.850514206311588","0.0943007561390244","1","0.71575718737348","0.573433587448638","0.405277173189485","0.55124468857121","0.627810964427342","05_10"
"10.9076663728361","0.914009094121006","0.812730814409878","1.01831556134915","0.907666372836052","0.0901247008006459","0.9988","0.678232142328221","0.669849041936789","0.386387704311812","0.247222624453015","0.63621684720208","05_10"
"10.8858063066897","0.922339643274557","0.799998940224075","1.06212108008318","0.885806306689671","0.0804400771139218","0.9994","0.694672215932786","0.563719565259283","0.362220281151475","0.26687192471539","0.647118551487824","05_10"
"10.9220990227756","0.915674465994749","0.814995312892105","1.00731158667916","0.92209902277559","0.0683184600377405","0.9966","0.639104761052886","0.692348732959129","0.283206447035897","0.222316808394372","0.680642902310767","05_10"
"10.8942074470612","0.915588966964525","0.808455567393124","1.03229187615762","0.89420744706116","0.090821176970881","0.9996","0.67281835989977","0.667418989383435","0.363735677489821","0.435282226825694","0.68032028035993","05_10"
"10.8638428725249","0.928968227791324","0.794281118315414","1.09004038226675","0.86384287252488","0.0854545200876127","1","0.711389428103553","0.60940496133518","0.383686089794001","0.272648671109621","0.579936082479365","05_10"
"10.8889876758175","0.922491700351043","0.804650614573405","1.05742033053776","0.888987675817461","0.0725213851250813","0.9988","0.690246625062015","0.555550736679096","0.336383763478006","0.191126900838789","0.615279522915297","05_10"
"10.9144666468684","0.909604621144419","0.817532362834977","1.00868081724255","0.914466646868436","0.0976007127717479","0.9986","0.689296614589544","0.561425650155941","0.439274888920731","0.263231105603506","0.608138516570758","05_10"
"10.9072803587086","0.910783300751522","0.816114685233785","1.01820432016056","0.907280358708616","0.101093228491299","0.9994","0.689958160096888","0.584130614404887","0.435200141149588","0.363596866838634","0.558282501163585","05_10"
"10.9152149641723","0.911170766769292","0.814088184058073","1.0151370713721","0.915214964172317","0.0829527768662716","0.998","0.674199223056757","0.543873696313874","0.369920896840106","0.258364514566151","0.60503586722671","05_10"
"10.8674173153735","0.926211240036131","0.797217435831913","1.0851206918584","0.867417315373521","0.0892946199106371","1","0.710146271292366","0.57831230240715","0.397842080395946","0.345745531712929","0.680525003100068","05_10"
"10.9112679894895","0.911671077201409","0.812698217782354","1.00790458069088","0.911267989489518","0.0842310572222822","0.9986","0.649321783992465","0.648212401293106","0.329349574338751","0.518756392676929","0.622067706262011","05_10"
"5.91835144575535","0.908336177770806","0.820336501117705","0.996230078358139","0.918351445755348","0.0979678029006246","0.9984","0.678596272471697","0.546555826554083","0.419624902109747","0.398659975742209","0.571519630791699","05_10"
"10.8626261599013","0.925994438434113","0.795581494206625","1.08699071198447","0.862626159901306","0.0917875226899593","1","0.714112822973903","0.623514923171682","0.40845247354017","0.288708949405499","0.638441752072385","05_10"
"10.892765417594","0.92071393306472","0.803898088606357","1.05218215609896","0.892765417594041","0.0842043302318933","0.9994","0.69388286103577","0.564700252097988","0.378131309939165","0.270564278720049","0.53873871685937","05_10"
"10.8709397788568","0.92291120379348","0.799580408194169","1.0723933903278","0.870939778856756","0.0933094808245307","1","0.709317457663097","0.599851063165898","0.414416201368306","0.328122206092293","0.57369396744749","05_10"
"10.8788347842158","0.921521861066447","0.802137638887251","1.06314913850124","0.878834784215807","0.0907504623770207","0.9998","0.702594658674924","0.594779640216885","0.40221600747503","0.311477287044404","0.635177682012104","05_10"
"1.14190903074389","0.819627273898548","0.935756518951547","0.552896022609787","1.14190903074389","0.0875342910375351","0.59","0.414369291160256","0.691418922050867","0.306916997777256","0.224398080511478","0.672406002876234","05_10"
"10.8385804876919","0.932459134113994","0.786608182478681","1.11489970476764","0.838580487691929","0.094080243666254","1","0.723511537301508","0.593274995577616","0.40727115011015","0.505288323620334","0.577714106531626","05_10"
"10.9070403946067","0.914981208200711","0.810481627464434","1.02671956938861","0.907040394606659","0.0849990907993127","0.9984","0.681776045659252","0.549171153454151","0.378077769843208","0.29063463717501","0.615095943949383","05_10"
"10.9076640360572","0.915185011027165","0.810641736687844","1.02594151317706","0.907664036057192","0.0856691686483809","0.9986","0.679089506708707","0.65155452607934","0.373765197305948","0.215235401657783","0.613559073952705","05_10"
"10.8969714948533","0.915341050010244","0.810306363242146","1.03368933583917","0.896971494853298","0.0950880588407325","0.9994","0.69458572448042","0.559203186377625","0.418896151664107","0.350424424759923","0.575959029128346","05_10"
"10.8674173153735","0.926211240036131","0.797217435831913","1.0851206918584","0.867417315373521","0.0892946199106371","1","0.710146271292366","0.57831230240715","0.397842080395946","0.345745531712929","0.680525003100068","05_10"
"10.8836531103114","0.916886101260729","0.805433922803571","1.04852786228203","0.88365311031143","0.119547069586507","1","0.721862663845739","0.584150839992104","0.542680842904744","0.316333686098645","0.569443804045155","05_10"
"10.8780272793066","0.921137069021972","0.801919218068176","1.06390409616118","0.878027279306605","0.0987555889054739","1","0.701832070923353","0.675400886276136","0.416323523356624","0.335686651535858","0.609538936538272","05_10"
"10.9152149641723","0.911170766769292","0.814088184058073","1.0151370713721","0.915214964172317","0.0829527768662716","0.998","0.674199223056757","0.543873696313874","0.369920896840106","0.258364514566151","0.60503586722671","05_10"
"10.8996221134114","0.917152090130758","0.808664728555513","1.03286756534577","0.899622113411442","0.088473712807791","0.999","0.686202246292828","0.62299200326906","0.386139448510275","0.260081898864116","0.629865547720351","05_10"
"10.8812082833164","0.925680994624366","0.798928897473527","1.06718659727957","0.881208283316423","0.069571808604741","0.9992","0.668964912284905","0.683863841586558","0.285802535472407","0.324189701850982","0.671175547445332","05_10"
"10.9058070437469","0.915009121640677","0.811192420261491","1.02661155554864","0.90580704374687","0.0887240528476307","0.9986","0.688116704625024","0.546967157968134","0.399922257968771","0.265602498566537","0.603233150531482","05_10"
"10.9086419867066","0.91170112714173","0.813156910476327","1.00227027909609","0.908641986706629","0.088986270814449","0.999","0.652930468965085","0.59213814030883","0.343319576875124","0.737406677799299","0.626396310546719","05_10"
"10.8619027232781","0.925290114948547","0.79632957571463","1.08208784020833","0.861902723278147","0.0912995829095035","1","0.703419324138946","0.656262000002908","0.383934345595537","0.362171688117087","0.586287381961095","05_10"
"10.8296199959362","0.939275295056444","0.77952062854994","1.13877039376025","0.8296199959362","0.0813801250340921","1","0.728350465577647","0.606129238487669","0.359160593377675","0.37197644664643","0.826114465016872","05_10"
"10.9180458322448","0.915989367925921","0.815071601108683","1.0144321731996","0.918045832244847","0.0662374398204212","0.9966","0.652196924748147","0.562355806908652","0.29226298464529","0.225128384077615","0.667619541048638","05_10"
"10.8162462374635","0.943286874869454","0.774786782602366","1.15852636429613","0.816246237463534","0.0838969223142637","1","0.74489840226301","0.635644424479393","0.385147132611325","0.255861617943939","0.623713310196275","05_10"
"10.8618644457662","0.926046103282595","0.794815311150553","1.08292767471543","0.861864445766238","0.0928234652037507","1","0.708180364770985","0.568136130308362","0.397120300186383","0.518974565962351","0.617750887704669","05_10"
"10.8542349175922","0.930782782573593","0.791007458196321","1.10287183006196","0.854234917592214","0.0891584879815689","1","0.72472159790581","0.551711061363384","0.412390496624612","0.307233677667296","0.585640663107293","05_10"
"10.9067120165228","0.909621186374778","0.816907086360283","1.01502777047843","0.906712016522823","0.104050894143536","0.9996","0.692513754039964","0.549649288208343","0.449626263238413","0.405897959742595","0.569716914096471","05_10"
"10.9253813054459","0.913078873397759","0.817393869711556","1.00655811377786","0.925381305445882","0.0650581446126401","0.9962","0.642061815576905","0.659562051983283","0.281884633031484","0.165724506381216","0.681672883335839","05_10"
"10.8907518829753","0.921030347997542","0.803799719410244","1.05211164833056","0.890751882975277","0.0857719994833614","0.9994","0.696543441790005","0.576636319795026","0.386826681887372","0.253625543277754","0.609195787470321","05_10"
"10.8942074470612","0.915588966964525","0.808455567393124","1.03229187615762","0.89420744706116","0.090821176970881","0.9996","0.67281835989977","0.667418989383435","0.363735677489821","0.435282226825694","0.68032028035993","05_10"
"10.9220990227756","0.915674465994749","0.814995312892105","1.00731158667916","0.92209902277559","0.0683184600377405","0.9966","0.639104761052886","0.692348732959129","0.283206447035897","0.222316808394372","0.680642902310767","05_10"
"10.8583801883361","0.929922285755786","0.792880204641582","1.094585895913","0.858380188336111","0.0835030414484752","1","0.706679181703376","0.595132340479264","0.364175072827479","0.360363051534724","0.643779535361068","05_10"
"0.805783303196503","0.704531137590686","1.09083218601121","0.099888244871024","0.805783303196503","0.118544120408291","0.0264","0.191858440870419","0.636034218732467","0.328206176014402","0.237462576695747","0.639578941396876","05_10"
"10.905191270995","0.915899834626436","0.809680323008713","1.03156902855356","0.905191270995028","0.0855203511892665","0.9986","0.682447425660166","0.597703592470002","0.376669049378","0.259012525054137","0.611525261338063","05_10"
"10.8555221436205","0.928486050341925","0.792033032785617","1.10018019814408","0.855522143620482","0.102084243849861","1","0.722743401397958","0.585896546593827","0.443827733693183","0.472284728101817","0.572401980830316","05_10"
"10.890668912064","0.917168375756622","0.806607690711912","1.03844238375696","0.890668912063983","0.0907809180671232","0.9996","0.679211878014262","0.6620973913816","0.369850598963695","0.401370794894072","0.624363303054172","05_10"
"10.9111804302269","0.910699582329192","0.816191557714793","1.0119138338419","0.911180430226928","0.0966916945341566","0.999","0.687082396993937","0.577695227490022","0.425318912896213","0.299221018940012","0.593154912867571","05_10"
"10.8741053331663","0.921867167616361","0.801749754415548","1.067211968657","0.874105333166289","0.1122411177576","1","0.72263079974929","0.591529288975892","0.506124259321711","0.349337281617162","0.574755929746464","05_10"
"10.8849778127979","0.922444569360228","0.799495209603659","1.06317242932608","0.884977812797897","0.0806567082160866","0.9994","0.695870506931028","0.554870594322279","0.364906417390302","0.269977909677857","0.787370796882514","05_10"
"10.9144966867652","0.91131691637979","0.815748954249372","1.00635903646599","0.914496686765164","0.0894512698211687","0.9984","0.669607147047358","0.648035147238565","0.376033524017768","0.286228186312752","0.665062409233109","05_10"
"10.9220990227756","0.915674465994749","0.814995312892105","1.00731158667916","0.92209902277559","0.0683184600377405","0.9966","0.639104761052886","0.692348732959129","0.283206447035897","0.222316808394372","0.680642902310767","05_10"
"10.901847084738","0.915245893425941","0.810197065394275","1.02971940779849","0.90184708473796","0.0901220062861684","0.999","0.690978627771556","0.551238044280811","0.406308334543167","0.282529157881071","0.578457310623223","05_10"
"10.9185204230563","0.914762964857395","0.816056375074235","1.01558054186475","0.918520423056285","0.0729130745604779","0.9974","0.663605125405722","0.572822916565765","0.325090127729029","0.206281872233502","0.567506025425653","05_10"
"10.9032764816245","0.917715105342034","0.807240905161656","1.03330134560743","0.903276481624493","0.0779909135363576","0.9982","0.672339551206952","0.651439387515506","0.33492581524162","0.230006912867763","0.652905574769556","05_10"
"10.9103500796249","0.91289412308203","0.813132045242719","1.01593177320485","0.910350079624867","0.0888446957811085","0.9984","0.681723186510533","0.552288755969969","0.393807336494897","0.299513930498159","0.65919012783724","05_10"
"10.9004182590479","0.914649538639848","0.810602048809122","1.02951362848956","0.900418259047919","0.0934732940546183","0.9994","0.691723801333888","0.554932300064948","0.412510075089711","0.333497765445389","0.600734869036605","05_10"
"10.9119368618143","0.912843319573937","0.812848729949385","1.01704539186386","0.911936861814319","0.0853631233724581","0.9982","0.677954043689419","0.569162107112932","0.37939129597238","0.25943388837613","0.623376153608997","05_10"
"10.8921297133307","0.920518636821852","0.803155964526903","1.05472828998391","0.892129713330659","0.082845932627468","0.9994","0.692491494231071","0.575253997096164","0.372080073614032","0.254727042756341","0.607542530955983","05_10"
"10.8858302267443","0.92059165526544","0.804203060700739","1.05180622458589","0.885830226744259","0.0888969474771547","0.9996","0.69304323648035","0.597177062857645","0.38362113990754","0.354702197099913","0.657604992311988","05_10"
"10.9141533167204","0.91134970029774","0.81403862031568","1.01366651587341","0.914153316720429","0.0861654142492028","0.9982","0.678251170615691","0.545256019012736","0.384667505113445","0.257263015087564","0.606689123741047","05_10"
"10.8937647388711","0.919405448999582","0.804710470197592","1.04497051583909","0.893764738871092","0.0778857921242628","0.9988","0.677091593458032","0.628969903955247","0.334895838519695","0.271112892653607","0.651746838634852","05_10"
"10.9086419867066","0.91170112714173","0.813156910476327","1.00227027909609","0.908641986706629","0.088986270814449","0.999","0.652930468965085","0.59213814030883","0.343319576875124","0.737406677799299","0.626396310546719","05_10"
"10.9253813054459","0.913078873397759","0.817393869711556","1.00655811377786","0.925381305445882","0.0650581446126401","0.9962","0.642061815576905","0.659562051983283","0.281884633031484","0.165724506381216","0.681672883335839","05_10"
"10.891191532917","0.91657867184372","0.807422939208468","1.03536489424527","0.891191532916965","0.0933909997517909","0.9996","0.682369782094345","0.665021566742676","0.382330545057311","0.392057316770186","0.657892970060046","05_10"
"10.8687044195422","0.927372215491083","0.796097398275196","1.08255987163745","0.868704419542216","0.0863276230298231","1","0.708646576509791","0.624949668586898","0.385885999819639","0.257881683707309","0.627654690817351","05_10"
"10.9076640360572","0.915185011027165","0.810641736687844","1.02594151317706","0.907664036057192","0.0856691686483809","0.9986","0.679089506708707","0.65155452607934","0.373765197305948","0.215235401657783","0.613559073952705","05_10"
"10.8462021171661","0.933742855720955","0.788033916346867","1.11387536555425","0.846202117166091","0.0851791235490295","1","0.722454072046047","0.633686759161555","0.385400581301961","0.258061833100745","0.625924167099275","05_10"
"10.8963057229065","0.919665733115636","0.804645058026134","1.04777260137192","0.8963057229065","0.0812060801975279","0.999","0.679990023451897","0.601861095599444","0.350828954921483","0.318679307763912","0.622661859341962","05_10"
"10.884297438718","0.918110588177828","0.806540743427665","1.04935764065829","0.884297438717953","0.108629468668073","1","0.716662649142085","0.607678673242919","0.496359299921827","0.244595615784113","0.611537745984118","05_10"
"10.894458238805","0.915085177312439","0.809732862419772","1.03426694844858","0.894458238805013","0.0950106849932745","0.9996","0.691633603338856","0.594946063987382","0.410446798852474","0.366758839666699","0.60642754894925","05_10"
"10.8613629128306","0.932363999106749","0.791055530749081","1.09611672296613","0.861362912830586","0.0676745425566765","0.9998","0.695901207027552","0.612465014143019","0.296595693342012","0.291587058815984","0.615308925682544","05_10"
"10.8968028243493","0.918982546426929","0.805369657632802","1.04640228574466","0.89680282434934","0.0836298081937656","0.999","0.689621450859451","0.564440073442235","0.373956003157369","0.273529789874942","0.619616644761009","05_10"
"10.9013708093387","0.917505972676039","0.806559475465998","1.03871934136624","0.901370809338657","0.0798817129674294","0.9986","0.68431830228107","0.558170620605688","0.361189920809888","0.235299407647896","0.568368896655961","05_10"
"10.8980240044538","0.917689546395328","0.807904484242854","1.03852343022213","0.898024004453755","0.0876662854893955","0.999","0.684525122601008","0.624153920358947","0.377170923744821","0.286313125821212","0.664486692273457","05_10"
"10.9220990227756","0.915674465994749","0.814995312892105","1.00731158667916","0.92209902277559","0.0683184600377405","0.9966","0.639104761052886","0.692348732959129","0.283206447035897","0.222316808394372","0.680642902310767","05_10"
"10.8661204272328","0.923898392441345","0.798573622669891","1.08193035877172","0.86612042723275","0.0949650140062888","1","0.715107848206038","0.60766229476443","0.427098163149884","0.288636770843075","0.626381157020898","05_10"
"10.8828212133972","0.921245670467732","0.803702453590137","1.05660485737035","0.88282121339718","0.0879094834576902","0.9996","0.690220995514271","0.604623907703688","0.372261200025187","0.384610681014141","0.604798125122165","05_10"
"10.9149367106498","0.913830955464486","0.811112621139867","1.01897795973223","0.914936710649814","0.0797352637717051","0.9976","0.669203967906335","0.562855562406343","0.348104451007639","0.287055244920054","0.676811452652474","05_10"
"5.9248265576747","0.910083391952999","0.818452566886897","0.997267741673581","0.924826557674704","0.0798570023926819","0.9972","0.665480030767671","0.556602344367105","0.358270162138214","0.208561178849552","0.616720729737783","05_10"
"10.8805126987217","0.920111694931259","0.803435808445322","1.04871558767647","0.880512698721719","0.0899751021393082","1","0.679597007989779","0.584153172224766","0.360121543257788","0.720329342557102","0.736955654776759","05_10"
"10.9037618170538","0.91537311123686","0.810630440357732","1.02595048031937","0.903761817053823","0.0895471123019908","0.999","0.682723694896583","0.595436200294595","0.386691131550848","0.3160445714025","0.593587596599579","05_10"
"1.03471835478277","0.793787533912742","0.965640952980215","0.522059440668591","1.03471835478277","0.130862750552387","0.5464","0.477129588834941","0.595148718957752","0.433436209599422","0.316321896475763","0.628936124324288","05_10"
"10.8875779829376","0.918074277687841","0.806530147329868","1.05052738836275","0.887577982937614","0.0959720071747894","0.9996","0.702886381165147","0.580563842999347","0.427029758065004","0.306369378006819","0.574058497349505","05_10"
"10.901847084738","0.915245893425941","0.810197065394275","1.02971940779849","0.90184708473796","0.0901220062861684","0.999","0.690978627771556","0.551238044280811","0.406308334543167","0.282529157881071","0.578457310623223","05_10"
"10.9040823362796","0.914547711692358","0.811914402952776","1.02140281014634","0.90408233627958","0.0909531103086895","0.999","0.6781252609267","0.621058289737262","0.382483740180487","0.354617257591453","0.65818070927164","05_10"
"10.8868397234746","0.9228905254431","0.802255639390493","1.05963713938963","0.886839723474585","0.0856323445009655","0.9994","0.695816111048061","0.629120102667294","0.377594625370519","0.241606540556516","0.644110513592282","05_10"
"1.08614824244613","0.850699701948627","0.897290564289939","0.704505766099525","1.08614824244613","0.0914968030814989","0.8692","0.515961537370458","0.647268953435111","0.34321718969074","0.246282056018556","0.636449751994626","05_10"
"10.9141533167204","0.91134970029774","0.81403862031568","1.01366651587341","0.914153316720429","0.0861654142492028","0.9982","0.678251170615691","0.545256019012736","0.384667505113445","0.257263015087564","0.606689123741047","05_10"
"10.901847084738","0.915245893425941","0.810197065394275","1.02971940779849","0.90184708473796","0.0901220062861684","0.999","0.690978627771556","0.551238044280811","0.406308334543167","0.282529157881071","0.578457310623223","05_10"
"0.369436062249854","0.585318085962823","1.25030311496483","0.0382130721303805","0.369436062249854","0.154918847316591","0","0.0869782534427941","0.584120122794871","0.389456736266848","0.301855755301424","0.622229175609954","05_10"
"10.9185779292457","0.909408757256267","0.815409686543666","1.00705119839438","0.918577929245672","0.0839690052829567","0.9978","0.670265450896208","0.565890340240888","0.370208541462308","0.253511622466677","0.577594439392916","05_10"
"10.901847084738","0.915245893425941","0.810197065394275","1.02971940779849","0.90184708473796","0.0901220062861684","0.999","0.690978627771556","0.551238044280811","0.406308334543167","0.282529157881071","0.578457310623223","05_10"
"10.8800930989317","0.920355113171006","0.802261976377272","1.06303813055129","0.880093098931704","0.10336305521724","1","0.706939417226748","0.583027931084502","0.442116888524393","0.46513636903501","0.591498396348383","05_10"
"10.894458238805","0.915085177312439","0.809732862419772","1.03426694844858","0.894458238805013","0.0950106849932745","0.9996","0.691633603338856","0.594946063987382","0.410446798852474","0.366758839666699","0.60642754894925","05_10"
"10.848318874756","0.931963168837547","0.788638755937002","1.11198181342297","0.848318874756042","0.0897683980465832","1","0.722621462705701","0.601879779429219","0.39869308004241","0.342436417640949","0.577050242402812","05_10"
"10.9135538968538","0.910468945579282","0.816731871615074","1.00823286343412","0.913553896853792","0.094609028474641","0.9986","0.680714683833878","0.612405783742859","0.410099474028219","0.284426815342158","0.620300046968611","05_10"
"10.9059414564064","0.914634013459643","0.811055092134301","1.0242075811987","0.905941456406393","0.0878896472778386","0.9986","0.684593229882153","0.563102679623898","0.39193140695156","0.280711183379559","0.647116014032214","05_10"
"10.9253813054459","0.913078873397759","0.817393869711556","1.00655811377786","0.925381305445882","0.0650581446126401","0.9962","0.642061815576905","0.659562051983283","0.281884633031484","0.165724506381216","0.681672883335839","05_10"
"10.8792949401237","0.92594764650374","0.79781200530996","1.07248053197061","0.879294940123703","0.07363406849923","0.9994","0.69399560156908","0.571091166520939","0.331726382981117","0.267698603061807","0.738156092570384","05_10"
"10.891191532917","0.91657867184372","0.807422939208468","1.03536489424527","0.891191532916965","0.0933909997517909","0.9996","0.682369782094345","0.665021566742676","0.382330545057311","0.392057316770186","0.657892970060046","05_10"
"10.8738247870147","0.922324393428132","0.800676230286826","1.06872749757661","0.873824787014717","0.10849149380175","1","0.722463409089635","0.623336268708228","0.492831760581262","0.264962697076959","0.623629854442927","05_10"
"10.4541636636646","1.25656421972883","0.627571402037684","1.79957252677023","0.454163663664593","0.25446945582034","1","0.8","0.7","0.5","0.4","0.4","10_10"
"10.4541636636646","1.25656421972883","0.627571402037684","1.79957252677023","0.454163663664593","0.25446945582034","1","0.8","0.7","0.5","0.4","0.4","10_10"
"0.805632084247565","0.698920539578488","1.32467780640359","0.321557200125568","0.805632084247565","0.178686328317847","0.291","0.2655086631421","0.380035179434344","0.79423986072652","0.0706790471449494","0.34668348915875","10_10"
"5.9341902718069","0.985828185145886","0.980173694146796","0.972190403171481","0.934190271806901","0.0571244258757911","0.9852","0.37212389963679","0.777445221319795","0.107943625887856","0.0994661601725966","0.333774930797517","10_10"
"10.7770496006279","1.11266142098777","0.815214463511548","1.33323828994844","0.77704960062788","0.327491287302596","0.9998","0.572853363351896","0.934705231105909","0.723710946040228","0.31627170718275","0.476351245073602","10_10"
"10.4589454993269","1.20803185930082","0.700520379936384","1.73094132112021","0.458945499326895","0.143728202590364","1","0.908207789994776","0.212142521282658","0.411274429643527","0.518634263193235","0.892198335845023","10_10"
"0.667532643689676","0.625112014417861","1.40774002437172","0.472156509812912","0.667532643689676","0.2744712610429","0.4428","0.201681931037456","0.651673766085878","0.820946294115856","0.662005076417699","0.864339470630512","10_10"
"10.4082524887182","1.23954546529823","0.646954043156979","1.82990947090536","0.408252488718152","0.168297271527825","1","0.898389684967697","0.125555095961317","0.647060193819925","0.406830187188461","0.389989543473348","10_10"
"10.2942608511018","1.34204587729227","0.533728993362033","2.03757288846471","0.29426085110179","0.247559751893513","1","0.944675268605351","0.267220668727532","0.78293276228942","0.912875924259424","0.777320698834956","10_10"
"10.7149684884156","1.11554285486705","0.80939177673065","1.38961044375616","0.714968488415613","0.19618119440047","1","0.660797792486846","0.386114092543721","0.553036311641335","0.293603372760117","0.960617997217923","10_10"
"10.8023601170664","1.05367871823781","0.888463134962075","1.22921822651584","0.802360117066448","0.146062056102913","0.9988","0.62911404389888","0.0133903331588954","0.529719580197707","0.459065726259723","0.434659484773874","10_10"
"0.230092054286341","0.403412533337776","1.70652581525396","0.0238163642678492","0.230092054286341","0.207984992760244","2e-04","0.0617862704675645","0.382387957070023","0.789356231689453","0.332394674187526","0.712514678714797","10_10"
"10.8786442988997","1.00021470926339","0.963469686437369","1.05828080006101","0.878644298899667","0.0457679912352636","0.9892","0.205974574899301","0.86969084572047","0.023331202333793","0.65087046707049","0.399994368897751","10_10"
"0.925840453076939","0.754593993854477","1.28610980057367","0.17916647453881","0.925840453076939","0.139368406955157","0.1428","0.176556752528995","0.34034899668768","0.477230065036565","0.258016780717298","0.325352151878178","10_10"
"10.6591622309797","1.17423679589591","0.737965533416054","1.51462190863749","0.659162230979676","0.275706735238212","1","0.687022846657783","0.482080115471035","0.7323137386702","0.478545248275623","0.757087148027495","10_10"
"5.82937943443808","0.920777660783636","1.05114117725775","0.956967077496991","0.829379434438085","0.352672136267832","0.958","0.384103718213737","0.599565825425088","0.692731556482613","0.766310670645908","0.202692255144939","10_10"
"10.5979089779876","1.14682820501292","0.763720136617215","1.54238410015642","0.597908977987598","0.152211535178771","1","0.769841419998556","0.493541307048872","0.477619622135535","0.0842469143681228","0.711121222469956","10_10"
"10.8483444351968","0.967516168289667","0.984726535703123","1.02397104482369","0.848344435196797","0.288512333475049","0.9592","0.497699242085218","0.186217601411045","0.8612094768323","0.875321330036968","0.121691921027377","10_10"
"10.5443831600673","1.20815318302981","0.699098019546731","1.65561814627084","0.544383160067279","0.242270971902624","1","0.717618508264422","0.827373318606988","0.438097107224166","0.339072937844321","0.245488513959572","10_10"
"10.2678843399725","1.3645208975491","0.488777064465244","2.06984022744587","0.26788433997246","0.320239251408717","1","0.991906094830483","0.668466738192365","0.244797277031466","0.839440350187942","0.14330437942408","10_10"
"1.19322708215191","0.932723421702059","1.06388653196671","0.648856092692316","1.19322708215191","0.0290718152534406","0.696","0.1","0.1","0.1","0.1","0.1","10_10"
"1.18639566108443","0.905502946508472","1.09807594018346","0.550225900662654","1.18639566108443","0.0566142099980141","0.5898","0.2","0.2","0.2","0.2","0.2","10_10"
"1.05518460006111","0.901850697509898","1.08991202511496","0.656432148343884","1.05518460006111","0.103493316518488","0.7836","0.3","0.3","0.3","0.3","0.3","10_10"
"0.91679865709171","0.948142300210848","1.01873603277137","0.896763459269264","0.91679865709171","0.174744747731429","0.9408","0.4","0.4","0.4","0.4","0.4","10_10"
"10.8228191949805","1.03516538035768","0.920544077274966","1.14285196976202","0.822819194980457","0.240059820251691","0.9942","0.5","0.5","0.5","0.5","0.5","10_10"
"10.7348900346053","1.1325160289622","0.800262652123751","1.4009560273728","0.73489003460534","0.29217187422889","1","0.6","0.6","0.6","0.6","0.6","10_10"
"10.571961930129","1.23605459715044","0.654565805263724","1.67325525035584","0.571961930128992","0.334050044368046","1","0.7","0.7","0.7","0.7","0.7","10_10"
"10.393049581923","1.33915015410624","0.514669126032824","1.9584795348504","0.393049581923033","0.375076682250817","1","0.8","0.8","0.8","0.8","0.8","10_10"
"10.2178578089455","1.43985332841422","0.379206856542288","2.21140886700531","0.217857808945491","0.422441943384627","1","0.9","0.9","0.9","0.9","0.9","10_10"
"10.0967472774048","1.52901188335825","0.26150376098102","2.40739589417606","0.0967472774047734","0.490324824009572","1","1","1","1","1","1","10_10"
"0.872764821359224","0.839037831015203","1.17292735037177","0.623418176331223","0.872764821359224","0.208701068824811","0.6948","0.218126039229751","0.71995254623181","0.416435776421759","0.638202945232144","0.71678938911155","10_10"
"10.520186282218","1.20778161841419","0.696337747405966","1.67786055155658","0.520186282218026","0.19913247978628","1","0.794620857458703","0.476104691627545","0.505344418267902","0.298890759696296","0.468293230167621","10_10"
"10.6238496082131","1.15638880127918","0.763817139754388","1.50994677037328","0.623849608213114","0.197021606602174","1","0.714000758980138","0.358778221405797","0.509464075778552","0.45683439009453","0.421977557398597","10_10"
"10.8786442988997","1.00021470926339","0.963469686437369","1.05828080006101","0.878644298899667","0.0457679912352636","0.9892","0.205974574899301","0.86969084572047","0.023331202333793","0.65087046707049","0.399994368897751","10_10"
"10.7770496006279","1.11266142098777","0.815214463511548","1.33323828994844","0.77704960062788","0.327491287302596","0.9998","0.572853363351896","0.934705231105909","0.723710946040228","0.31627170718275","0.476351245073602","10_10"
"10.3303102241856","1.31655172361058","0.556151817075287","1.96453674223294","0.330310224185573","0.28109338378369","1","0.940628442483661","0.634421640478031","0.250610128837341","0.67767110399883","0.38015816915671","10_10"
"10.7507043411916","1.0795458022691","0.859624648555612","1.30561509645765","0.750704341191597","0.159461336773604","1","0.635651451056839","0.245271050101143","0.439901363989012","0.513626890901314","0.652316249874507","10_10"
"10.2418411292869","1.38493484441948","0.461447465792356","2.12335137477742","0.241841129286888","0.306809759302267","1","0.971881748922094","0.850518792471805","0.512051469950821","0.408660297566432","0.631484201970084","10_10"
"10.8786442988997","1.00021470926339","0.963469686437369","1.05828080006101","0.878644298899667","0.0457679912352636","0.9892","0.205974574899301","0.86969084572047","0.023331202333793","0.65087046707049","0.399994368897751","10_10"
"10.6719070596068","1.09872046644855","0.843800250249738","1.38819866918962","0.671907059606774","0.135002111662076","1","0.648646328156396","0.535852392032381","0.15993173755337","0.306270894598463","0.643822977004125","10_10"
"10.4472242557621","1.23399397179135","0.655348742624954","1.78807899638741","0.447224255762132","0.190471415069507","1","0.857879242080994","0.202380724775287","0.664301731771595","0.452289675770804","0.430279165680257","10_10"
"10.6459171432378","1.19281573119167","0.724239284540862","1.55091054236446","0.645917143237849","0.31168776996559","1","0.651277652346823","0.634045097714333","0.594187148194125","0.761769246189113","0.36314621026737","10_10"
"10.7775274057992","1.09052294311233","0.833360670614821","1.30676000805763","0.777527405799151","0.232992115466911","1","0.610057989718032","0.433119076650517","0.643870660573408","0.295685025281077","0.765818443698905","10_10"
"10.4973145523578","1.23773227706178","0.655477461765006","1.73564471854656","0.497314552357808","0.269068336723096","1","0.734183048353992","0.794060491136734","0.418762147006062","0.496463631029882","0.376666837100303","10_10"
"10.7589191052814","1.07156869743396","0.865634385302867","1.28814648500895","0.758919105281359","0.140529870807196","1","0.659597927594491","0.0169288953950998","0.513296862365293","0.654526777350067","0.0222068231087178","10_10"
"10.3074294584108","1.3249909139869","0.55162074416677","2.00547102514064","0.307429458410818","0.234601482315509","1","0.944317812388806","0.341457796673614","0.680657953753281","0.559546231373852","0.855061155799745","10_10"
"10.703722513284","1.15358362977795","0.768199578720773","1.4530130511287","0.703722513283983","0.291422956381477","1","0.623593166120711","0.887700246999113","0.632876597108156","0.31419005466179","0.67115079859262","10_10"
"10.4046993627","1.27358876653249","0.619311822824984","1.85704063744972","0.40469936269998","0.2301462261335","1","0.867176494505813","0.295501832901456","0.66635003124917","0.778021278992925","0.764426630297328","10_10"
"5.91821724849166","0.960222136488206","1.01579854345634","0.921397546207991","0.918217248491665","0.159130702906202","0.9544","0.449113091466933","0.307220467869196","0.44860313069108","0.263024153009219","0.565234237848695","10_10"
"10.3083091099806","1.33361179773816","0.532978879702527","1.99905439158669","0.308309109980608","0.285615381590146","1","0.961422211134873","0.66492817595616","0.26121999486388","0.643979299097598","0.352072099823393","10_10"
"10.4686904525622","1.20392649801192","0.699018350890427","1.71624741846689","0.468690452562153","0.147631736999338","1","0.891643249905207","0.245455348752911","0.430609389861631","0.361243570007674","0.761020012704292","10_10"
"10.6304147822193","1.15264198890244","0.764158896663726","1.50656002040263","0.630414782219301","0.19257853181378","1","0.715113284918742","0.354612111753098","0.520255504419155","0.402231336165193","0.412681927375278","10_10"
"10.7145458614509","1.1316243157052","0.786374998841832","1.41543125580117","0.71454586145089","0.236514413454807","1","0.661155248703392","0.311876964597639","0.655311120177474","0.64693306564569","0.882877540253134","10_10"
"10.6576991469971","1.1599000591649","0.75948279694873","1.50066880457429","0.657699146997142","0.249077059910887","1","0.666176935028144","0.610009400916176","0.547691893373434","0.394712613063821","0.892324767050302","10_10"
"10.5793948797951","1.20167065827957","0.706843920221553","1.62410920785924","0.579394879795115","0.256615535852523","1","0.704629309966672","0.791120314150541","0.535825880877892","0.328402992339483","0.952156189566074","10_10"
"10.6786314133261","1.12259264945645","0.806019730469575","1.42122943338833","0.678631413326136","0.179315153939929","1","0.673786990784597","0.422367097000168","0.45530753798761","0.304273318264955","0.253950321611422","10_10"
"10.529221533044","1.25218481457466","0.637952695982761","1.73017102662118","0.529221533043966","0.309599788127609","1","0.740510442886702","0.62317437118603","0.68275846204833","0.654540511417657","0.659710377793091","10_10"
"10.4650398353814","1.33742691440634","0.517691466791481","1.88769613718171","0.465039835381423","0.440247849895827","1","0.745736759342329","0.976854526135182","0.926045637273346","0.930412640277889","0.614004311989488","10_10"
"10.8483444351968","0.967516168289667","0.984726535703123","1.02397104482369","0.848344435196797","0.288512333475049","0.9592","0.497699242085218","0.186217601411045","0.8612094768323","0.875321330036968","0.121691921027377","10_10"
"10.6410051409327","1.20147640277017","0.703786703803677","1.57125963918066","0.641005140932682","0.318419297905386","1","0.677498774099539","0.571718835826076","0.71658273104025","0.734854645266499","0.612894068537627","10_10"
"10.4624782692772","1.23450455157708","0.660592372677988","1.75301221115561","0.462478269277231","0.202755055653367","1","0.839611080939735","0.345240157408307","0.568971161054752","0.430429040321699","0.565234841999305","10_10"
"10.703722513284","1.15358362977795","0.768199578720773","1.4530130511287","0.703722513283983","0.291422956381477","1","0.623593166120711","0.887700246999113","0.632876597108156","0.31419005466179","0.67115079859262","10_10"
"10.5013128228437","1.30272765186499","0.565109411899696","1.82395790479979","0.501312822843723","0.399958982646755","1","0.745736759342329","0.743514884263277","0.926045637273346","0.930412640277889","0.614004311989488","10_10"
"10.4434923964206","1.23166683645361","0.671937925690392","1.76904280342469","0.443492396420622","0.174488193886056","1","0.882911875594988","0.327063541185246","0.462634358396569","0.392351571070075","0.630060100171181","10_10"
"10.6372610030911","1.13580283791587","0.788875970545047","1.47628047391004","0.637261003091093","0.166098092742066","1","0.723844659228961","0.273003919320763","0.488230535884218","0.371123335102792","0.543641839908388","10_10"
"10.7430854312453","1.11811685874792","0.799852720753394","1.38367410735497","0.743085431245325","0.245884375843492","1","0.635455825093716","0.512476412653934","0.658311290224863","0.315348827921088","0.562386524937088","10_10"
"10.8483444351968","0.967516168289667","0.984726535703123","1.02397104482369","0.848344435196797","0.288512333475049","0.9592","0.497699242085218","0.186217601411045","0.8612094768323","0.875321330036968","0.121691921027377","10_10"
"10.7554294115377","1.07020600168092","0.86922763203728","1.28988051747698","0.755429411537743","0.13142487123092","1","0.666447747598685","0.0257229139286727","0.476745987451538","0.41300265339624","0.246022461682355","10_10"
"10.4813266482687","1.21525184718062","0.70385062031652","1.71250492570372","0.481326648268679","0.181736957043436","1","0.846154601526447","0.500787969675564","0.319555510565947","0.331630456438493","0.41687726249835","10_10"
"10.6093052084024","1.16428694625391","0.751823632319778","1.53708271984683","0.60930520840236","0.202144544483595","1","0.720417201267823","0.389999491734941","0.508979271481793","0.449465771852061","0.459266234447849","10_10"
"0.944265487980039","0.939133798119146","1.04016702933186","0.851845248721794","0.944265487980039","0.167808031739706","0.9334","0.275732727798478","0.680433864926834","0.255381866413538","0.649187704060596","0.489973324185962","10_10"
"10.7477814021973","1.09134687524174","0.844786526932319","1.32182987410409","0.747781402197263","0.181261796108357","1","0.629182915232061","0.277394920718384","0.460255289217457","0.629176477773814","0.460544103727434","10_10"
"10.4650398353814","1.33742691440634","0.517691466791481","1.88769613718171","0.465039835381423","0.440247849895827","1","0.745736759342329","0.976854526135182","0.926045637273346","0.930412640277889","0.614004311989488","10_10"
"10.635651128944","1.15711820594746","0.758514925892896","1.5068930230012","0.635651128943987","0.204630413167713","1","0.711455159813388","0.323279103823985","0.566536208071597","0.502847495270462","0.56316626511783","10_10"
"10.4765914664843","1.240219986626","0.657299653791228","1.75947515612948","0.476591466484328","0.225695312598958","1","0.819820016367813","0.350829751018405","0.631942297117684","0.531348527217346","0.702508241175717","10_10"
"10.5340031780157","1.20021545484186","0.705676816858586","1.65772676467466","0.534003178015697","0.194879247572103","1","0.788204415171018","0.444883421298401","0.50582922256466","0.306259377938765","0.431004553118369","10_10"
"10.6093306619949","1.17744782592406","0.738415546059616","1.55654748138936","0.609330661994869","0.247675753855102","1","0.667924200157258","0.703205244116175","0.441811092278249","0.450142149234457","0.754806813344506","10_10"
"10.6469811289414","1.16994319889608","0.750186988153845","1.52109893748072","0.646981128941402","0.258269222924379","1","0.680755375525882","0.502703213968335","0.600210046329843","0.537806035553938","0.441929475615347","10_10"
"10.7800002663757","1.06689660469097","0.879952920490336","1.24379833492597","0.780000266375699","0.203651581738537","0.9998","0.543586932424146","0.440854138671663","0.379657748962475","0.609064800569556","0.528515144507056","10_10"
"10.5374513638996","1.22411762696307","0.677470869461203","1.69149400666135","0.537451363899601","0.263119772618585","1","0.732435783224877","0.700864647936736","0.524642948101247","0.441034094859246","0.514184790806099","10_10"
"10.717826097567","1.10815597284229","0.829447553124028","1.36709469680107","0.717826097567026","0.232276399738351","1","0.591397095804215","0.501133945391275","0.423260456097729","0.648615828655584","0.792898584964923","10_10"
"10.697420768018","1.13357099205279","0.785353258042352","1.42583690585095","0.697420768017999","0.227534455905662","1","0.663700847870142","0.347376082179451","0.598238987884429","0.600919960469758","0.741688832533901","10_10"
"10.6786314133261","1.12259264945645","0.806019730469575","1.42122943338833","0.678631413326136","0.179315153939929","1","0.673786990784597","0.422367097000168","0.45530753798761","0.304273318264955","0.253950321611422","10_10"
"10.7679438098239","1.07032385488764","0.867273770507918","1.27370704915379","0.767943809823879","0.157930865882437","1","0.640473002080461","0.172653051327233","0.516934081245926","0.321035324857331","0.327481163080188","10_10"
"10.8786442988997","1.00021470926339","0.963469686437369","1.05828080006101","0.878644298899667","0.0457679912352636","0.9892","0.205974574899301","0.86969084572047","0.023331202333793","0.65087046707049","0.399994368897751","10_10"
"10.3999233755799","1.28786843277469","0.584352295798732","1.89378634308773","0.399923375579917","0.266945592602029","1","0.846016583107989","0.577604559120467","0.638867038654887","0.451130902511506","0.539043439335789","10_10"
"10.6691134200703","1.13900296607391","0.786057689442976","1.44407893268898","0.669113420070312","0.216855042929116","1","0.666937170780403","0.413573078466595","0.491858412901365","0.545797442218783","0.0301346830377842","10_10"
"10.6142670416627","1.18525383048235","0.728956035550855","1.57090287957524","0.6142670416627","0.253789270089514","1","0.711856683492399","0.423627733610839","0.636628189129562","0.599279945877754","0.583646520297558","10_10"
"10.5837301274102","1.19432981757322","0.707719257276761","1.60956905615993","0.583730127410185","0.241696643014591","1","0.743173198450859","0.316515570614455","0.682756846201034","0.729474132476364","0.528687189204877","10_10"
"10.4991808865413","1.24052192441407","0.651162684128261","1.75824266870154","0.499180886541325","0.253865110067578","1","0.792204817729674","0.457583989986909","0.698127616610811","0.457670188560939","0.514486045013007","10_10"
"10.7672161528537","1.06703186716384","0.87201908154687","1.27273559993004","0.767216152853666","0.153804762360536","1","0.629182915232061","0.277394920718384","0.460255289217457","0.239086773013696","0.460544103727434","10_10"
"10.6922869773898","1.14205794912746","0.786508651792245","1.44685097960491","0.692286977389775","0.29951606517649","1","0.549484128551398","0.860183314629497","0.417801154408913","0.704859744739512","0.605673174466493","10_10"
"10.7391778894937","1.09783217421334","0.840494586928642","1.3360922844673","0.739177889493667","0.181796474561342","1","0.644041413966567","0.303189160836338","0.516751546564944","0.383738382733307","0.397701363867919","10_10"
"10.7606469948637","1.09880880122995","0.833850370161763","1.32502211257016","0.760646994863667","0.239852102949491","1","0.598875739584606","0.447176553366973","0.562806209622767","0.511527325163325","0.556811940359237","10_10"
"10.7679438098239","1.07032385488764","0.867273770507918","1.27370704915379","0.767943809823879","0.157930865882437","1","0.640473002080461","0.172653051327233","0.516934081245926","0.321035324857331","0.327481163080188","10_10"
"10.5138949583418","1.26278232890541","0.616498984854999","1.75988352111424","0.513894958341795","0.329021378940203","1","0.736685393738705","0.732985118651926","0.682569627170078","0.649523760810442","0.609053771994417","10_10"
"10.6167173358071","1.20096079474218","0.710750617284178","1.58942388954604","0.616717335807107","0.28887770061168","1","0.699917014380935","0.452097849878742","0.659518177077389","0.888053091104977","0.569612621385218","10_10"
"10.4633905464302","1.251432540855","0.640631211972223","1.78272489622491","0.463390546430154","0.248784475176651","1","0.803635969366629","0.563276899447442","0.537140134720987","0.483595289438472","0.202046416654782","10_10"
"10.5088383502417","1.20850414763747","0.704765454299581","1.68184845933039","0.50883835024175","0.188858898555239","1","0.812919216408336","0.385029498404867","0.457353543076475","0.402201142704129","0.73885169302097","10_10"
"10.5713009287523","1.19856894307128","0.71638838461684","1.62457875269184","0.571300928752326","0.240606901781075","1","0.725543236434901","0.526125798144187","0.50880622332139","0.527434514684278","0.123365378428388","10_10"
"10.8786442988997","1.00021470926339","0.963469686437369","1.05828080006101","0.878644298899667","0.0457679912352636","0.9892","0.205974574899301","0.86969084572047","0.023331202333793","0.65087046707049","0.399994368897751","10_10"
"10.8462401405779","0.997488047177821","0.969051784225549","1.08548988058313","0.846240140577922","0.33563653216483","0.9866","0.402227205690232","0.75302241535425","0.531575685198227","0.876423362608867","0.408325506420746","10_10"
"10.8483444351968","0.967516168289667","0.984726535703123","1.02397104482369","0.848344435196797","0.288512333475049","0.9592","0.497699242085218","0.186217601411045","0.8612094768323","0.875321330036968","0.121691921027377","10_10"
"10.7554294115377","1.07020600168092","0.86922763203728","1.28988051747698","0.755429411537743","0.13142487123092","1","0.666447747598685","0.0257229139286727","0.476745987451538","0.41300265339624","0.246022461682355","10_10"
"10.5040696211258","1.22745026519584","0.670560888981407","1.72460579351239","0.504069621125808","0.225281066342179","1","0.798939993981013","0.398763255607505","0.625745611114441","0.439681692299806","0.533378081542711","10_10"
"10.6222198291021","1.16497421927008","0.753420133064729","1.52972000404742","0.622219829102114","0.231069473730508","1","0.673353842384062","0.636228766663424","0.445822304599899","0.415701827086851","0.332612968144713","10_10"
"10.5659177883873","1.2123053374452","0.695369170913235","1.65214381220371","0.565917788387312","0.259543456724151","1","0.730708064520338","0.532951332441071","0.591376188031544","0.546887774906056","0.569826643543797","10_10"
"10.8786442988997","1.00021470926339","0.963469686437369","1.05828080006101","0.878644298899667","0.0457679912352636","0.9892","0.205974574899301","0.86969084572047","0.023331202333793","0.65087046707049","0.399994368897751","10_10"
"10.6699337099511","1.13174552230782","0.792471971656341","1.44234766641612","0.669933709951145","0.196953015002611","1","0.668357348557794","0.489343574452919","0.451296325665959","0.338713640412562","0.676144166811214","10_10"
"10.5807558025421","1.20384775659258","0.70595834345406","1.61961425370227","0.580755802542052","0.259744498521881","1","0.713584402196938","0.591541049106504","0.569894949199265","0.493426265830943","0.52800466755986","10_10"
"10.6339672681732","1.16658205501142","0.753117841326781","1.5232542586009","0.633967268173156","0.245205304702724","1","0.673829717570379","0.588311928259143","0.507695137681222","0.459397022393751","0.420954095415495","10_10"
"10.6511501549444","1.19604147493648","0.713638587084717","1.5523298992484","0.651150154944433","0.3136236265442","1","0.675002660193455","0.568811955102919","0.726782749413414","0.671536026946726","0.504935794331704","10_10"
"10.6596124061823","1.16652584062673","0.746468166299637","1.50736777189277","0.659612406182332","0.262151792370381","1","0.687138165561377","0.448228874653324","0.681514162714464","0.527568511596392","0.466504378837613","10_10"
"10.5334506943809","1.21258455687229","0.694944348385519","1.672356120952","0.533450694380872","0.242748034084098","1","0.73791685934391","0.645239286896554","0.447091907598343","0.440292577600403","0.646015220494717","10_10"
"10.6107184985378","1.15855017250079","0.765461929527175","1.52202664118615","0.610718498537813","0.179452830670806","1","0.734249567400358","0.286750036051968","0.476868743113804","0.559278154738361","0.508525769902828","10_10"
"10.5142776489893","1.27402836079965","0.602509425920396","1.7781853457105","0.514277648989296","0.347698339793618","1","0.741487148828501","0.711394413548086","0.768118958204514","0.721922974326693","0.51913533080117","10_10"
"10.7681044183713","1.08469714759692","0.852140440477411","1.29589633846443","0.768104418371346","0.217593686412476","1","0.580167017933256","0.506153997958624","0.475162829564571","0.41288630332732","0.534089729084906","10_10"
"10.6486721285372","1.13196194459573","0.79136913590053","1.46097033176446","0.648672128537174","0.16863503855947","1","0.716848789381717","0.259463382225836","0.509161806162775","0.386762713976086","0.389046033660117","10_10"
"10.5968243865844","1.19396762700055","0.719962882055204","1.58924333194456","0.596824386584373","0.264369521092067","1","0.709317784521764","0.42790073813962","0.593585316835266","0.830385908484459","0.367131705718791","10_10"
"10.4500489644994","1.25290074219682","0.641992425251396","1.80160826236054","0.450048964499392","0.230448212243497","1","0.832875904688396","0.40406089178771","0.641353166551122","0.448417536582833","0.546342805469601","10_10"
"10.5531591020165","1.23192071132316","0.661392760410839","1.69002318730126","0.553159102016502","0.282083085563884","1","0.743995484680533","0.580573213209125","0.713102679699659","0.465909422619656","0.532328717587605","10_10"
"10.6556322819325","1.18666732556074","0.730140071554199","1.53258732042392","0.655632281932532","0.301854226109276","1","0.677700984490436","0.476227406256477","0.723432886827782","0.784458671546259","0.562480253821435","10_10"
"10.5416776427684","1.2076077861384","0.699322448821479","1.66168147248444","0.541677642768417","0.222256764780417","1","0.768528911497417","0.409731091504884","0.576332767922417","0.467198535511092","0.529054031514967","10_10"
"10.7204560664181","1.15106761811524","0.773263109223689","1.44595598380645","0.720456066418064","0.336779151294033","1","0.598899600003696","0.619684876086953","0.635480847238374","0.882126012441842","0.420087646189992","10_10"
"10.8786442988997","1.00021470926339","0.963469686437369","1.05828080006101","0.878644298899667","0.0457679912352636","0.9892","0.205974574899301","0.86969084572047","0.023331202333793","0.65087046707049","0.399994368897751","10_10"
"10.7955914195241","1.06748100411102","0.883502029119278","1.22980902596317","0.795591419524097","0.313431091268927","0.9976","0.503244620067471","0.585435389146039","0.555613015037242","0.882350441272003","0.557850481615972","10_10"
"10.7004305762314","1.14448531184118","0.765475180004323","1.45183154571741","0.700430576231366","0.254061901069177","1","0.668357348557794","0.489343574452919","0.707990671508014","0.338713640412562","0.676144166811214","10_10"
"10.6029487082688","1.17697072170087","0.746569431080618","1.5585936074682","0.60294870826876","0.233442303053556","1","0.704868624286693","0.435293405417095","0.506700790039537","0.655366070348703","0.434389212430542","10_10"
"10.7675227893176","1.07568959857355","0.875209342364113","1.2721010349959","0.767522789317586","0.243912010693888","1","0.470342877462699","0.807996178299471","0.32697722129957","0.62080827602419","0.530384236944166","10_10"
"10.6005692219169","1.17465948899945","0.736024828231629","1.56639518927149","0.600569221916941","0.218931697600483","1","0.719046148069602","0.50467197023896","0.540328132642724","0.354403649858385","0.663772328349109","10_10"
"10.6044153970419","1.21206066323926","0.693333871782256","1.61657712375387","0.604415397041924","0.30148291619289","1","0.697218690083954","0.544682398725184","0.662868039663021","0.775130446505443","0.512068161895487","10_10"
"10.7965223613232","1.0611806935806","0.884241026436179","1.22591362762027","0.796522361323223","0.250742964529096","0.999","0.520484715351235","0.694950445945946","0.494976115399973","0.380802500496956","0.43395727097343","10_10"
"10.8483444351968","0.967516168289667","0.984726535703123","1.02397104482369","0.848344435196797","0.288512333475049","0.9592","0.497699242085218","0.186217601411045","0.8612094768323","0.875321330036968","0.121691921027377","10_10"
"10.5937431381538","1.18568189885344","0.731106729109989","1.58071289160087","0.593743138153759","0.247545816811121","1","0.707574615990652","0.489168180814996","0.549424730156239","0.584482156451182","0.491893410264342","10_10"
"10.8385333633962","1.02628766803937","0.931379532474175","1.13048030940152","0.838533363396214","0.223483247572245","0.994","0.510925405571058","0.335466890126688","0.496854859015711","0.734707635125607","0.43491233917475","10_10"
"10.5385471081598","1.20377075965244","0.70387311100624","1.65871962650771","0.538547108159765","0.256583633964712","1","0.666554798002595","0.831388923571584","0.298379269215153","0.582096009137843","0.10102623119019","10_10"
"5.86002921102024","0.945715240900011","1.03127386340243","0.947701578330292","0.860029211020238","0.276920255670325","0.9526","0.379070492063746","0.633057649310909","0.53012872151865","0.534586998578157","0.445030809774656","10_10"
"10.7798179787825","1.1212650918873","0.793733737930104","1.35440425849082","0.779817978782539","0.304638932307334","0.9996","0.644041413966567","0.303189160836338","0.985662204911932","0.383738382733307","0.397701363867919","10_10"
"10.8354589453412","1.00901081936431","0.956721297268346","1.09067366416321","0.835458945341176","0.292616887139738","0.9878","0.431608148803897","0.604479045989124","0.501743638272494","0.780335446998526","0.482462063893032","10_10"
"1.03865470868078","0.931289896725257","1.04870493577245","0.746440617241837","1.03865470868078","0.0908602144242099","0.8888","0.273669344297064","0.325051958200855","0.201820676232445","0.628052612671009","0.502812816503407","10_10"
"10.8786442988997","1.00021470926339","0.963469686437369","1.05828080006101","0.878644298899667","0.0457679912352636","0.9892","0.205974574899301","0.86969084572047","0.023331202333793","0.65087046707049","0.399994368897751","10_10"
"10.6922869773898","1.14205794912746","0.786508651792245","1.44685097960491","0.692286977389775","0.29951606517649","1","0.549484128551398","0.860183314629497","0.417801154408913","0.704859744739512","0.605673174466493","10_10"
"5.94308993823145","0.965872677142397","1.00542515078447","0.916602961468439","0.943089938231449","0.105405741610003","0.9758","0.315798715369858","0.567848665379623","0.171516810598794","0.44294849437362","0.403699861038492","10_10"
"10.6328452701185","1.12112116234481","0.821631206112561","1.46055777138311","0.632845270118461","0.16203012392389","1","0.541119189932942","0.683809749776534","0.0560086904379097","0.627810793655657","0.511775499482332","10_10"
"10.7672161528537","1.06703186716384","0.87201908154687","1.27273559993004","0.767216152853666","0.153804762360536","1","0.629182915232061","0.277394920718384","0.460255289217457","0.239086773013696","0.460544103727434","10_10"
"10.7681044183713","1.08469714759692","0.852140440477411","1.29589633846443","0.768104418371346","0.217593686412476","1","0.580167017933256","0.506153997958624","0.475162829564571","0.41288630332732","0.534089729084906","10_10"
"10.5645007528874","1.179508850001","0.736790357849512","1.59830833086372","0.564500752887363","0.182547216953842","1","0.767647547842467","0.399580328252889","0.454022999859793","0.349530306689458","0.70804325492249","10_10"
"10.6962355657412","1.14386520141682","0.770416829361648","1.45062376966567","0.696235565741183","0.25406964696275","1","0.663095448069911","0.499621153451474","0.678949517265732","0.376527590889207","0.487786024264262","10_10"
"10.6033743181044","1.16571202816684","0.755348227787628","1.54233706660264","0.60337431810442","0.202611551560105","1","0.713629017123663","0.474792744604897","0.454626868882642","0.391384476427233","0.706952604909694","10_10"
"10.5804020181012","1.21796216219186","0.678768492763877","1.64289353001508","0.580402018101174","0.30957931715227","1","0.685996594226896","0.717656722865885","0.593537820193314","0.633833751364619","0.621425610456522","10_10"
"10.2557700783222","1.48259294891264","0.447292675541225","2.20046314496604","0.255770078322208","0.334048978766624","1","0.8","0.7","0.5","0.4","0.4","15_10"
"10.2557700783222","1.48259294891264","0.447292675541225","2.20046314496604","0.255770078322208","0.334048978766624","1","0.8","0.7","0.5","0.4","0.4","15_10"
"0.981170150299235","0.924811695112985","1.17168438151007","0.732748334622212","0.981170150299235","0.148597914704268","0.7802","0.2655086631421","0.380035179434344","0.79423986072652","0.0706790471449494","0.34668348915875","15_10"
"10.887589845357","1.04855754675196","1.03716013173249","1.07726358156879","0.887589845356973","0.0646197286501288","0.9954","0.37212389963679","0.777445221319795","0.107943625887856","0.0994661601725966","0.333774930797517","15_10"
"10.5563837099061","1.35621712675818","0.601835013632617","1.83187431818044","0.55638370990608","0.341989592461447","1","0.572853363351896","0.934705231105909","0.723710946040228","0.31627170718275","0.476351245073602","15_10"
"10.3141452056842","1.36794612877618","0.618770783168469","2.02055723122545","0.31414520568419","0.195712398265629","1","0.908207789994776","0.212142521282658","0.411274429643527","0.518634263193235","0.892198335845023","15_10"
"0.951052861652125","0.880906432458197","1.20648346929747","0.681373225114228","0.951052861652125","0.211379169372195","0.774","0.201681931037456","0.651673766085878","0.820946294115856","0.662005076417699","0.864339470630512","15_10"
"10.2625597463701","1.39873600684178","0.567023245151932","2.09594697701437","0.262559746370133","0.187592513545183","1","0.898389684967697","0.125555095961317","0.647060193819925","0.406830187188461","0.389989543473348","15_10"
"10.1510432172386","1.53905426024604","0.383981058594254","2.35178107402426","0.151043217238575","0.334000994761375","1","0.944675268605351","0.267220668727532","0.78293276228942","0.912875924259424","0.777320698834956","15_10"
"10.4969049634551","1.2999648133719","0.693084184346586","1.78980197115044","0.496904963455062","0.221239705801501","1","0.660797792486846","0.386114092543721","0.553036311641335","0.293603372760117","0.960617997217923","15_10"
"10.6107949584597","1.19139692615012","0.837470877760713","1.55617528536277","0.610794958459735","0.133835163405465","1","0.62911404389888","0.0133903331588954","0.529719580197707","0.459065726259723","0.434659484773874","15_10"
"0.4264835319608","0.64939232912656","1.52711642330774","0.0439562995273151","0.4264835319608","0.167742734916725","0.0032","0.0617862704675645","0.382387957070023","0.789356231689453","0.332394674187526","0.712514678714797","15_10"
"10.886503954168","1.05197248571721","1.0338140581295","1.08683032314977","0.886503954168045","0.071242948207625","0.9918","0.205974574899301","0.86969084572047","0.023331202333793","0.65087046707049","0.399994368897751","15_10"
"1.15041561776202","0.885360322203688","1.23026697985056","0.457688673238701","1.15041561776202","0.0891678221376258","0.4506","0.176556752528995","0.34034899668768","0.477230065036565","0.258016780717298","0.325352151878178","15_10"
"10.4105869890807","1.40453783861566","0.547210438259453","1.98899950756046","0.410586989080703","0.314310311025472","1","0.687022846657783","0.482080115471035","0.7323137386702","0.478545248275623","0.757087148027495","15_10"
"10.8387041367748","1.15189707557793","0.865210589397568","1.34006891099817","0.838704136774772","0.318081572672366","0.9992","0.384103718213737","0.599565825425088","0.692731556482613","0.766310670645908","0.202692255144939","15_10"
"10.4177397252461","1.30359412406978","0.685168428744212","1.85205536253599","0.417739725246062","0.169081189300344","1","0.769841419998556","0.493541307048872","0.477619622135535","0.0842469143681228","0.711121222469956","15_10"
"10.7770450518984","1.19296512494829","0.809927149247267","1.44485586478115","0.777045051898357","0.258849934949121","0.9998","0.497699242085218","0.186217601411045","0.8612094768323","0.875321330036968","0.121691921027377","15_10"
"10.3345790879845","1.43176246508768","0.518952544923424","2.08072717553547","0.334579087984511","0.304869487394771","1","0.717618508264422","0.827373318606988","0.438097107224166","0.339072937844321","0.245488513959572","15_10"
"10.119271150441","1.60590107412628","0.278304456938432","2.43762442618748","0.119271150441033","0.458406456350862","1","0.991906094830483","0.668466738192365","0.244797277031466","0.839440350187942","0.14330437942408","15_10"
"1.20359416182609","0.963007494500259","1.15798267587646","0.622123053943263","1.20359416182609","0.0228316637744647","0.6536","0.1","0.1","0.1","0.1","0.1","15_10"
"1.16654084325248","0.961538251973825","1.15033000990699","0.648086816513889","1.16654084325248","0.0425989668670344","0.7154","0.2","0.2","0.2","0.2","0.2","15_10"
"6.00170496205209","1.0022152263671","1.08871622505299","0.884732097870444","1.00170496205209","0.0827766479750831","0.9586","0.3","0.3","0.3","0.3","0.3","15_10"
"10.8233399119902","1.08963965553715","0.971479902495657","1.20919420401166","0.823339911990203","0.155061599222363","0.9994","0.4","0.4","0.4","0.4","0.4","15_10"
"10.6670575342857","1.2274398836961","0.79770559128113","1.5565905488053","0.667057534285674","0.245994128108068","1","0.5","0.5","0.5","0.5","0.5","15_10"
"10.4977226257059","1.36443773001673","0.603588581823255","1.87829252520615","0.49772262570589","0.325066382788943","1","0.6","0.6","0.6","0.6","0.6","15_10"
"10.3182358353652","1.49442768869793","0.430757933638664","2.15990737668234","0.318235835365228","0.403733608169381","1","0.7","0.7","0.7","0.7","0.7","15_10"
"10.1682094582964","1.59977613176077","0.287804334218561","2.39632590137865","0.168209458296381","0.484699692482573","1","0.8","0.8","0.8","0.8","0.8","15_10"
"10.071336064305","1.68014711081877","0.175384848471185","2.54812828329969","0.0713360643049681","0.56688470317162","1","0.9","0.9","0.9","0.9","0.9","15_10"
"10.0212007255346","1.74389252542951","0.104947607471236","2.65998579701763","0.021200725534648","0.669596803474267","1","1","1","1","1","1","15_10"
"0.960152746667604","0.972202235228201","1.11296765256898","0.872735773444937","0.960152746667604","0.210361344930318","0.9492","0.21577643711541","0.889822383156799","0.543096777578994","0.639006690177902","0.443141815615385","15_10"
"10.369220141659","1.29438929735364","0.708188104453809","1.87112230273431","0.369220141659004","0.121654645798696","1","0.897422867331157","0.0703722748568341","0.42321003388854","0.462025988367275","0.836461976645187","15_10"
"10.5281464803727","1.27105323826337","0.733610367730341","1.72108551050011","0.528146480372673","0.202882490432058","1","0.647572498949277","0.261944929668489","0.568384910366365","0.400258025163724","0.39633716763268","15_10"
"10.887589845357","1.04855754675196","1.03716013173249","1.07726358156879","0.887589845356973","0.0646197286501288","0.9954","0.37212389963679","0.777445221319795","0.107943625887856","0.0994661601725966","0.333774930797517","15_10"
"10.886503954168","1.05197248571721","1.0338140581295","1.08683032314977","0.886503954168045","0.071242948207625","0.9918","0.205974574899301","0.86969084572047","0.023331202333793","0.65087046707049","0.399994368897751","15_10"
"10.2173649222222","1.45539042174917","0.493993380186504","2.2033120900105","0.217364922222219","0.230435661096685","1","0.903386707421747","0.141003489328441","0.778788957617845","0.606275413586431","0.599608009051763","15_10"
"10.6060523735172","1.23886230944819","0.792334387976287","1.61211299665552","0.606052373517249","0.212811823126598","1","0.524794062791445","0.665260172607455","0.334755061988172","0.33640086086429","0.226238354172028","15_10"
"10.1674877298664","1.55332647637068","0.356755520067984","2.34570991054275","0.167487729866368","0.378102499562359","1","0.878792713946204","0.538114059279123","0.754383620769219","0.522919166509779","0.830199016624967","15_10"
"10.887589845357","1.04855754675196","1.03716013173249","1.07726358156879","0.887589845356973","0.0646197286501288","0.9954","0.37212389963679","0.777445221319795","0.107943625887856","0.0994661601725966","0.333774930797517","15_10"
"10.494042617813","1.29709325296991","0.707005129536176","1.7691217091616","0.494042617813001","0.231414926582484","1","0.563051501135788","0.91457369366958","0.203945370795027","0.328135484075338","0.433203798355968","15_10"
"10.2969554639689","1.38187970226208","0.592915223586942","2.04942121656477","0.296955463968942","0.188980984577049","1","0.872140602778444","0.174769166558709","0.591876462370063","0.356809789566357","0.431724503546643","15_10"
"10.526897499353","1.250531158442","0.75446048778907","1.6942905303613","0.526897499352984","0.173162988296686","1","0.670402605082485","0.139607512557986","0.533863384869282","0.765666236932717","0.612372174557067","15_10"
"10.6558176044648","1.3181698083438","0.64114922546448","1.7244695984049","0.655817604464784","0.359668299111328","1","0.52949296715803","0.870572497882855","0.79688871828273","0.367609711778021","0.333687149986248","15_10"
"10.4277267538894","1.353713620314","0.620714293301074","1.9212669061368","0.427726753889352","0.254584059198411","1","0.689681983932706","0.500776664721731","0.520229510784622","0.356293735727923","0.653314716146901","15_10"
"10.7166023677586","1.22627202441964","0.766484423348926","1.54124854840414","0.716602367758645","0.263152265819867","1","0.535256749677177","0.186655160133692","0.856697662974625","0.894619306290447","0.0222068231087178","15_10"
"10.2297935929231","1.51453313232478","0.40376331615392","2.26056522090662","0.229793592923117","0.360826817762118","1","0.799713978796601","0.846550092612032","0.599523042261868","0.352228317054699","0.432382259499816","15_10"
"10.6978863496246","1.24029193807878","0.756438523217453","1.58392531711302","0.697886349624619","0.271461529949474","1","0.541059638279085","0.250350334634099","0.788031704589799","0.823983325441697","0.264356016114731","15_10"
"10.2641777444665","1.52103265266779","0.394738091191956","2.23880291383972","0.264177744466508","0.411130274593034","1","0.732546270801686","0.774504578695633","0.608810522104614","0.670695088873617","0.778185171913356","15_10"
"10.8803310655338","1.05746174663764","1.01850664762926","1.09222772311309","0.880331065533765","0.0997818932908669","0.9964","0.392824445472977","0.362113145999533","0.303342045235994","0.202672076980031","0.219250159787543","15_10"
"10.1806353658331","1.51375960567168","0.410819794442527","2.30587480923321","0.180635365833139","0.322952073463255","1","0.907117761013393","0.266783110004885","0.787444576147095","0.893577948005946","0.307536154621297","15_10"
"10.313549341879","1.48317757639909","0.443003805742191","2.15811265151534","0.313549341879009","0.370881433630313","1","0.714959370989499","0.808676769356292","0.650181335109745","0.461324450392021","0.349260945840165","15_10"
"10.5357223894433","1.25254004609919","0.762752331876515","1.69469089143021","0.535722389443282","0.185689420006372","1","0.65081718601842","0.263610166292829","0.47867528345356","0.406572162024737","0.393652375840668","15_10"
"10.5494316023047","1.33844119075685","0.632366759968165","1.81461173580385","0.549431602304749","0.312520925520676","1","0.573139384555295","0.788155138493877","0.62418790377836","0.364043390128051","0.443968985573786","15_10"
"10.5699146593529","1.22566293314572","0.787501407720291","1.62343672456332","0.569914659352946","0.163100118766155","1","0.6398989665625","0.155160579584719","0.517783975952694","0.515674001085683","0.490395843973711","15_10"
"10.4469340796202","1.38543242348781","0.571318404249025","1.94248344375562","0.446934079620174","0.309920712536353","1","0.660923737593107","0.519266919428893","0.724999085867549","0.440465934406408","0.479673067579004","15_10"
"10.5025585368095","1.38809206183654","0.564465235167125","1.90709706496786","0.502558536809506","0.353275846268022","1","0.598952472416573","0.897518427148051","0.731025598842879","0.354351021051965","0.753765325522092","15_10"
"10.3641220346202","1.34977822621664","0.623038893212657","1.95665130578354","0.364122034620229","0.196284511743332","1","0.796090502187809","0.44432723645148","0.532803353585397","0.134267311990227","0.669386262396661","15_10"
"10.2689167656749","1.55936534419569","0.341181744706567","2.2697925703923","0.26891676567494","0.49120195328486","1","0.708230132711579","0.843966056191912","0.877930117900981","0.855626081765844","0.826888131402527","15_10"
"10.6670575342857","1.2274398836961","0.79770559128113","1.5565905488053","0.667057534285674","0.245994128108068","1","0.5","0.5","0.5","0.5","0.5","15_10"
"10.5841264919588","1.32071519822051","0.647982852661729","1.7659938887034","0.584126491958785","0.328072031360447","1","0.567453729198314","0.525495421304367","0.691189477895387","0.629304911126383","0.521814828086644","15_10"
"10.3366200380165","1.4167938712511","0.532791506690787","2.07069715687733","0.336620038016491","0.275380414258106","1","0.764313042340007","0.358530010377046","0.74553175754247","0.39950688172919","0.700604719356374","15_10"
"10.6060523735172","1.23886230944819","0.792334387976287","1.61211299665552","0.606052373517249","0.212811823126598","1","0.524794062791445","0.665260172607455","0.334755061988172","0.33640086086429","0.226238354172028","15_10"
"10.2690252068223","1.48352152414097","0.443066847042281","2.19734023223599","0.269025206822253","0.343490582920586","1","0.772986902006769","0.743514884263277","0.596627471468034","0.379348918038422","0.410105158978072","15_10"
"10.4094696013493","1.36795059172536","0.608823060769679","1.94693194475846","0.409469601349291","0.265734868388119","1","0.71275554230117","0.308464678427374","0.608628182305683","0.692307143682911","0.448179281073877","15_10"
"10.3882824553821","1.42357736500635","0.531826405811337","2.02113541426918","0.388282455382055","0.331115538687744","1","0.672606433770814","0.639819603486904","0.575416537673344","0.534683543641826","0.513453839323355","15_10"
"10.6594972020617","1.30288050388988","0.667673090193137","1.70167586169648","0.659497202061655","0.333234276480955","1","0.534082022103119","0.76310461550471","0.774386936401937","0.340757602010298","0.497458488946476","15_10"
"10.886503954168","1.05197248571721","1.0338140581295","1.08683032314977","0.886503954168045","0.071242948207625","0.9918","0.205974574899301","0.86969084572047","0.023331202333793","0.65087046707049","0.399994368897751","15_10"
"10.6685624734357","1.24246182267079","0.75799421762829","1.60007797026065","0.668562473435658","0.252596204166113","1","0.553801478212331","0.256318274956498","0.72699170882742","0.689739016782919","0.513007256732951","15_10"
"10.2637759312542","1.50440064241975","0.415320116552187","2.22194198655184","0.263775931254151","0.379041689606177","1","0.76065620303801","0.677959286389193","0.659502176672594","0.547369749698773","0.788504719073187","15_10"
"10.5122707926508","1.28967561309185","0.720259143612525","1.75123818484081","0.512270792650811","0.228651883567975","1","0.573129846363115","0.804459847427042","0.241165918781604","0.329449164191973","0.610414760387156","15_10"
"10.7910206591321","1.11299815131247","0.936131508780414","1.27760254637544","0.791020659132142","0.168134517538232","1","0.396241302034398","0.809041758782041","0.36091078780368","0.214065105340152","0.333758573992889","15_10"
"10.749774055425","1.14728255862254","0.902934573533218","1.36216006241942","0.74977405542505","0.202470240030653","1","0.450050738893942","0.320295317880701","0.460255289217457","0.780090923880879","0.23776743431346","15_10"
"10.2716704727881","1.45579948209325","0.47959963888022","2.16244378226515","0.271670472788133","0.299517883317915","1","0.814113071761174","0.44687532648907","0.645430326011774","0.438785321919955","0.370880290408735","15_10"
"10.524086513834","1.32171238547688","0.667851381376683","1.79480396927383","0.524086513834003","0.27468799704862","1","0.561434966908305","0.881269604839671","0.435972981018915","0.337690162905983","0.402718600910637","15_10"
"10.2872009025163","1.50454752383741","0.414793261138261","2.20027066665986","0.287200902516317","0.393275311301658","1","0.738026137498312","0.679991906099446","0.764282798918253","0.561119552909206","0.652768615217481","15_10"
"10.4216108855593","1.3695289411002","0.604779411928841","1.9451791050412","0.421610885559276","0.269170923747956","1","0.679603638705379","0.610890510964269","0.483008962798045","0.354980055611289","0.476103754115713","15_10"
"10.5824439400408","1.2711990826165","0.726261502184926","1.69098394196167","0.582443940040839","0.237382192073311","1","0.578867615361104","0.614054940510108","0.549140293317826","0.238871360512233","0.504084269055649","15_10"
"10.5276727810445","1.27437614243378","0.739751247870883","1.72454814546819","0.527672781044527","0.203969742029969","1","0.649549091348799","0.223055333068463","0.547922325163408","0.61672866368023","0.580813177935373","15_10"
"10.1695394095903","1.5703899145659","0.332041679268664","2.36311331097812","0.169539409590311","0.417607731856514","1","0.850682781709879","0.634659351585563","0.703691966201239","0.646244505684623","0.819879469465136","15_10"
"10.297050960052","1.44032781124039","0.500769307325306","2.1297717316907","0.297050960051978","0.283147218601341","1","0.790362271382001","0.618427434435249","0.607850964045931","0.259439341606045","0.609270978914798","15_10"
"10.6577028654347","1.24675122483323","0.758535556576234","1.60284126933542","0.657702865434681","0.256446722838095","1","0.505375564760422","0.838975960420608","0.543921556366906","0.253010766610466","0.333703506790877","15_10"
"10.592429012193","1.3076720172813","0.666795326510551","1.74281205933766","0.592429012192975","0.308074216809982","1","0.531109501385513","0.903876586712764","0.564861108058842","0.358055032947377","0.364172347431579","15_10"
"10.5841264919588","1.32071519822051","0.647982852661729","1.7659938887034","0.584126491958785","0.328072031360447","1","0.567453729198314","0.525495421304367","0.691189477895387","0.629304911126383","0.521814828086644","15_10"
"10.7780117594824","1.16403874121752","0.847363085494914","1.3834191248286","0.778011759482445","0.222448773306512","0.9996","0.483833344858119","0.29216816275293","0.774530355893186","0.246564478540849","0.245838741588815","15_10"
"10.887589845357","1.04855754675196","1.03716013173249","1.07726358156879","0.887589845356973","0.0646197286501288","0.9954","0.37212389963679","0.777445221319795","0.107943625887856","0.0994661601725966","0.333774930797517","15_10"
"10.2845865229699","1.49491955985606","0.430471224762952","2.18915643836258","0.284586522969913","0.398176493922672","1","0.698942173399905","0.746121613294657","0.438298243487215","0.851269340619835","0.555667996628079","15_10"
"10.611413878673","1.32348360464044","0.63865627841709","1.76021842634613","0.611413878673027","0.353882539773141","1","0.554711889265068","0.519527480981968","0.752229473657765","0.763549219785161","0.273163587468425","15_10"
"10.5209276035537","1.26495583550848","0.741660166182604","1.72257816405771","0.520927603553734","0.184063726687021","1","0.668426012682963","0.178497109158012","0.554325970072238","0.549195598416211","0.427896164254374","15_10"
"10.4214658615143","1.32081329871775","0.678388883760505","1.86876106173125","0.421465861514261","0.196106921243455","1","0.743853056878809","0.163903323476865","0.571397932910839","0.757880921759679","0.529072419736957","15_10"
"10.3864130011769","1.31797008322141","0.667247886217462","1.89957163618233","0.386413001176938","0.170520031567106","1","0.798690150982121","0.150473355639831","0.554341914328506","0.364595104739395","0.515024258366753","15_10"
"10.7781787203178","1.16374242553837","0.847980130166507","1.3825193358222","0.77817872031775","0.221102960651215","0.9996","0.483833344858119","0.29216816275293","0.774530355893186","0.239086773013696","0.245838741588815","15_10"
"10.5990735735975","1.21722578395844","0.807871974341017","1.5939495782793","0.599073573597522","0.178573505523527","1","0.560693253941764","0.732313662721055","0.303004671886731","0.186324494422053","0.424232143188648","15_10"
"10.9396447050875","1.03500517087132","1.05712986987097","1.00515301493843","0.939644705087478","0.0553384705318766","0.98","0.22261913412131","0.716158464631538","0.0353966567602272","0.449721873198255","0.455457507576569","15_10"
"10.8012321664132","1.16185439448077","0.874303973762968","1.36030282467007","0.801232166413205","0.272806009170601","1","0.373196356981196","0.818710365841085","0.5170660675016","0.516608155568624","0.271209823950233","15_10"
"10.886503954168","1.05197248571721","1.0338140581295","1.08683032314977","0.886503954168045","0.071242948207625","0.9918","0.205974574899301","0.86969084572047","0.023331202333793","0.65087046707049","0.399994368897751","15_10"
"10.5159596837443","1.30332279378901","0.695559668818874","1.77362132150817","0.51595968374429","0.251853920356242","1","0.565171435739634","0.82342313607162","0.359328670384754","0.334179254867465","0.600114088413164","15_10"
"10.6459250923731","1.23006647511379","0.783217526403937","1.58156548105068","0.645925092373055","0.228728896844847","1","0.538025530790025","0.484176368572765","0.546359595240393","0.317793996736861","0.504953246868317","15_10"
"10.3509604755302","1.43035198472484","0.521064215721086","2.06934771748728","0.350960475530169","0.307915439461635","1","0.709654481103469","0.751853124006958","0.560156077121214","0.33602325467017","0.359512338563094","15_10"
"10.3715243253435","1.45926008713768","0.480756406097123","2.08162872896574","0.371524325343483","0.376912238750987","1","0.682493575380601","0.656182962399688","0.745746209736669","0.572740765077103","0.538563833950968","15_10"
"10.5678946180307","1.29153351878097","0.700402788172399","1.73418916276673","0.567894618030684","0.261721311954435","1","0.55553572663585","0.855545415323938","0.488118050873982","0.267853377667019","0.346996190986111","15_10"
"10.887589845357","1.04855754675196","1.03716013173249","1.07726358156879","0.887589845356973","0.0646197286501288","0.9954","0.37212389963679","0.777445221319795","0.107943625887856","0.0994661601725966","0.333774930797517","15_10"
"10.7699758910878","1.11351213896722","0.948899360682008","1.2816963297605","0.769975891087799","0.12563275587261","1","0.479856658377989","0.223628667756752","0.359264924073363","0.462337264166755","0.337438951863243","15_10"
"10.886503954168","1.05197248571721","1.0338140581295","1.08683032314977","0.886503954168045","0.071242948207625","0.9918","0.205974574899301","0.86969084572047","0.023331202333793","0.65087046707049","0.399994368897751","15_10"
"10.7910206591321","1.11299815131247","0.936131508780414","1.27760254637544","0.791020659132142","0.168134517538232","1","0.396241302034398","0.809041758782041","0.36091078780368","0.214065105340152","0.333758573992889","15_10"
"10.513509319964","1.30696753531881","0.683605089150246","1.78730070453453","0.513509319963992","0.244913385953534","1","0.603992828824416","0.70705740975523","0.446663962588165","0.283218681512997","0.609988969774551","15_10"
"10.6069626193027","1.30870138318339","0.661862494148937","1.73574065058488","0.606962619302724","0.318198778607625","1","0.533862409519926","0.870304186195177","0.627133250106649","0.353971027544444","0.476525066277853","15_10"
"10.5358175268353","1.32982265128367","0.646473739240243","1.80587857893148","0.53581752683527","0.297808855037825","1","0.558888991880793","0.89496191305516","0.51277883710264","0.351312614450096","0.371841382975321","15_10"
"10.887589845357","1.04855754675196","1.03716013173249","1.07726358156879","0.887589845356973","0.0646197286501288","0.9954","0.37212389963679","0.777445221319795","0.107943625887856","0.0994661601725966","0.333774930797517","15_10"
"10.6430100930159","1.30043241172985","0.673684584857504","1.70462865520167","0.643010093015908","0.322858371103296","1","0.531329113968706","0.796677016022297","0.712114794354131","0.344841607413231","0.385105770100202","15_10"
"10.5705726884858","1.30321304394872","0.688262361707184","1.73628432386528","0.570572688485825","0.284998046760655","1","0.533655476413025","0.890184278497274","0.488055251975117","0.344432581403263","0.395049565366895","15_10"
"10.6168768206454","1.27046085014423","0.726246206723915","1.66040142207734","0.616876820645444","0.27148663999001","1","0.511274805032877","0.86470014993634","0.491776486511838","0.322847551849429","0.389425916715403","15_10"
"10.6544546136003","1.21687105220036","0.805970378478631","1.55709763447591","0.654454613600302","0.213742043726245","1","0.518937660431209","0.612451641607207","0.469336679434396","0.25821964599596","0.351300255107654","15_10"
"10.6592189319316","1.18024897249992","0.861989540866118","1.47929887178558","0.659218931931554","0.18097196991852","1","0.459126225531774","0.804697732607027","0.249529127241462","0.282423762057852","0.364327495736232","15_10"
"10.4838104509062","1.38333097537883","0.574724137003314","1.91806134271851","0.483810450906187","0.342477918523379","1","0.622986291316026","0.549304365004125","0.709726067076971","0.617683698958486","0.636019609353157","15_10"
"10.6167547664985","1.23547104429336","0.794691897486476","1.60182528679348","0.61675476649849","0.214149100938288","1","0.510244922865739","0.808803873602056","0.352547579343821","0.261090507474272","0.579845838643813","15_10"
"10.5002248657567","1.30835269103952","0.690465619346964","1.78991543769794","0.5002248657567","0.247872747593165","1","0.569393377531786","0.862306316195092","0.317810229415764","0.33296007223049","0.413019272884629","15_10"
"5.95963672623187","1.02422464489244","1.06672700432848","0.963534375849965","0.959636726231872","0.0938853117962227","0.9856","0.316611562776224","0.343148642632315","0.280795490725379","0.380826790042715","0.374623286536333","15_10"
"10.5385641827047","1.33237609049121","0.641611071534264","1.8078021694738","0.538564182704657","0.307357191606603","1","0.562223056139095","0.76758732159904","0.537074838891391","0.440019954384468","0.448621130376831","15_10"
"10.4697994405282","1.41442553679125","0.52664685778761","1.96419089050542","0.46979944052818","0.394575475696604","1","0.568707985663723","0.830637720676927","0.580392950713726","0.830385908484459","0.384296327205855","15_10"
"10.3258823587363","1.41717299007174","0.535994907817942","2.07233255831447","0.325882358736273","0.27946701672948","1","0.7594992889207","0.715829872107061","0.40235292023937","0.305669824285021","0.609696769527404","15_10"
"10.4220060786024","1.40467795740693","0.545666158052148","1.9828800635412","0.422006078602443","0.321093945824991","1","0.671624089302838","0.558778612019211","0.713102679699659","0.457934792137937","0.614837307628012","15_10"
"10.5306210977931","1.33296284135347","0.640479068138762","1.81461002147626","0.53062109779314","0.302923539211025","1","0.562999630650538","0.842724044491446","0.52615517812307","0.38418377782101","0.416945339532545","15_10"
"10.333212436703","1.46637329081454","0.471034501288261","2.11910988209316","0.333212436703035","0.358070423780009","1","0.710861490933888","0.706355625091975","0.674295643661207","0.465418731105569","0.630879071252549","15_10"
"10.6053506219797","1.24825424344189","0.76606021457173","1.63631367541454","0.605350621979683","0.226028097655727","1","0.533494876067638","0.763853217522458","0.430552994943544","0.247974635536283","0.353903149859435","15_10"
"10.9396447050875","1.03500517087132","1.05712986987097","1.00515301493843","0.939644705087478","0.0553384705318766","0.98","0.22261913412131","0.716158464631538","0.0353966567602272","0.449721873198255","0.455457507576569","15_10"
"10.6953234004673","1.18458055620782","0.854748001211815","1.47507236539757","0.695323400467311","0.196316711693308","1","0.466739254791176","0.752245951014813","0.377021755448301","0.249309151316866","0.589844393908005","15_10"
"10.6291382347476","1.31542183687829","0.652617592882446","1.73912647141936","0.629138234747622","0.336338601779811","1","0.533655476413025","0.890184278497274","0.707990671508014","0.344432581403263","0.395049565366895","15_10"
"10.5300592932981","1.31906512131244","0.668584623071083","1.79386119087647","0.530059293298053","0.27859765188276","1","0.552031735170781","0.848417675898729","0.426465717833119","0.388601340318012","0.308096750770523","15_10"
"10.7632565453453","1.11785592124585","0.946216710416682","1.29069756855934","0.763256545345348","0.126371651277581","1","0.44823747993242","0.683458797949861","0.276839973722229","0.145304086032348","0.337337703011355","15_10"
"10.3874945813178","1.4180664278009","0.538956586361921","2.02227038850772","0.387494581317827","0.314607464469362","1","0.664219408681411","0.881481351036613","0.515811446509999","0.344008070078772","0.388496304939551","15_10"
"10.5023082322736","1.31224912353374","0.686380460802239","1.79046606324443","0.502308232273594","0.25551599283277","1","0.568616803020343","0.787169593302686","0.328729890184086","0.388796248793948","0.444695063728915","15_10"
"10.7147146173381","1.201044360815","0.826270018011293","1.48161153087144","0.714714617338125","0.242057489050349","1","0.449136299781228","0.793527106969401","0.492572722421679","0.315673927148506","0.310522620161383","15_10"
"10.887589845357","1.04855754675196","1.03716013173249","1.07726358156879","0.887589845356973","0.0646197286501288","0.9954","0.37212389963679","0.777445221319795","0.107943625887856","0.0994661601725966","0.333774930797517","15_10"
"10.4481446018997","1.35479371301202","0.614835676754386","1.90673120074275","0.448144601899729","0.271583120921901","1","0.657827651187639","0.614791219711833","0.550355599641571","0.330834240025442","0.427134913899649","15_10"
"10.7275106777915","1.19869119616387","0.834127868070762","1.46884528315366","0.72751067779149","0.248935326957181","1","0.442997717631178","0.637634900478891","0.493830024514316","0.459153874416079","0.311987458896504","15_10"
"10.481284798162","1.36251547021016","0.610002675738452","1.88066069230125","0.481284798161952","0.305233259822815","1","0.590840019021557","0.762455306095722","0.472894886256613","0.488583209559376","0.10102623119019","15_10"
"10.7615137458447","1.16087892596909","0.872457092148733","1.38622660817157","0.761513745844711","0.214093135115532","1","0.445213260485459","0.613197177433901","0.519803531605182","0.281663272686638","0.382935634150356","15_10"
"10.7076097160257","1.33149474462087","0.620463083574428","1.72509495367879","0.707609716025724","0.399913567311218","1","0.533862409519926","0.870304186195177","0.985662204911932","0.353971027544444","0.476525066277853","15_10"
"10.7517845572332","1.17906579673583","0.86601160905752","1.41856707321103","0.751784557233218","0.239974022870063","1","0.390557999342201","0.832599006137449","0.408410579084245","0.460966887481103","0.37613234606434","15_10"
"10.8091359607382","1.09602279175265","0.967229677216657","1.22628509125481","0.809135960738181","0.142486697625313","1","0.404270171931259","0.564294280228197","0.344774806708214","0.228566649571707","0.620109838099667","15_10"
"10.9396447050875","1.03500517087132","1.05712986987097","1.00515301493843","0.939644705087478","0.0553384705318766","0.98","0.22261913412131","0.716158464631538","0.0353966567602272","0.449721873198255","0.455457507576569","15_10"
"10.5990735735975","1.21722578395844","0.807871974341017","1.5939495782793","0.599073573597522","0.178573505523527","1","0.560693253941764","0.732313662721055","0.303004671886731","0.186324494422053","0.424232143188648","15_10"
"10.8586055047551","1.06781829230061","1.01273952537075","1.1381477355605","0.858605504755083","0.0943860104168708","0.998","0.403743078082359","0.317615091126685","0.19036857623899","0.416499338307003","0.333876179649406","15_10"
"10.7001114055318","1.1317229899044","0.930076057706262","1.37306500836211","0.700111405531841","0.108987676520388","1","0.541119189932942","0.648424412458659","0.134499689523068","0.13559688422282","0.455792543515478","15_10"
"10.6592189319316","1.18024897249992","0.861989540866118","1.47929887178558","0.659218931931554","0.18097196991852","1","0.459126225531774","0.804697732607027","0.249529127241462","0.282423762057852","0.364327495736232","15_10"
"10.7781787203178","1.16374242553837","0.847980130166507","1.3825193358222","0.77817872031775","0.221102960651215","0.9996","0.483833344858119","0.29216816275293","0.774530355893186","0.239086773013696","0.245838741588815","15_10"
"10.3838691023921","1.39613089053952","0.566010777689354","2.00367182250717","0.383869102392051","0.284327996280898","1","0.688772987583265","0.740150667504493","0.449476095828348","0.337828386993554","0.504239809221386","15_10"
"10.5511507802471","1.30357663305261","0.684902332002463","1.76418425937467","0.551150780247134","0.263602671534582","1","0.589852360705855","0.62123827286789","0.556160072720037","0.322983011381588","0.437330671531762","15_10"
"10.4755548590507","1.34736299942951","0.634312226221759","1.86699288817853","0.475554859050724","0.274613854551986","1","0.604381777750459","0.865863483099842","0.440932076386139","0.31227401869473","0.500506525672913","15_10"
"10.5350930603531","1.32240934707081","0.658044459795987","1.79601859590545","0.535093060353103","0.283078042533759","1","0.579090548835083","0.76055605146762","0.532399882586332","0.33644776599466","0.366065598990438","15_10"
"10.7361756520856","1.18028820587931","0.845920666376445","1.43589454986186","0.736175652085611","0.219435945653716","1","0.470177633569793","0.61526364188346","0.548083522180473","0.250195987259521","0.612307204128157","15_10"
"1.15740482986402","0.973830403502596","1.13785932977052","0.703660182521888","1.15740482986402","0.0111386757711156","0.7198","0.0155072559136897","0.716158464631538","0.0353966567602272","0.449721873198255","0.455457507576569","15_10"
"10.9396447050875","1.03500517087132","1.05712986987097","1.00515301493843","0.939644705087478","0.0553384705318766","0.98","0.22261913412131","0.716158464631538","0.0353966567602272","0.449721873198255","0.455457507576569","15_10"
"10.887589845357","1.04855754675196","1.03716013173249","1.07726358156879","0.887589845356973","0.0646197286501288","0.9954","0.37212389963679","0.777445221319795","0.107943625887856","0.0994661601725966","0.333774930797517","15_10"
"10.887589845357","1.04855754675196","1.03716013173249","1.07726358156879","0.887589845356973","0.0646197286501288","0.9954","0.37212389963679","0.777445221319795","0.107943625887856","0.0994661601725966","0.333774930797517","15_10"
"10.9482101989325","1.03354536540206","1.05832243285018","1.00582484600677","0.948210198932546","0.0556761528153027","0.9828","0.258361241348622","0.696627972543584","0.0525437509594962","0.288919668753695","0.508897198521321","15_10"
"10.6863220738421","1.25058243749427","0.737889390814827","1.60911762273358","0.68632207384208","0.300466364504039","1","0.476094877050122","0.888600748650159","0.583848048489935","0.368786895878923","0.377682126567525","15_10"
"10.6491471351007","1.17991867040056","0.857746993042125","1.49462948623202","0.64914713510068","0.161152209393694","1","0.517831858195295","0.726127847077653","0.268977077332827","0.187764543938267","0.513678655130552","15_10"
"10.8633713351364","1.13685415603297","0.871603970647158","1.29858798084051","0.863371335136399","0.294101658357723","0.9966","0.413071980117667","0.498027072863824","0.881449300093827","0.377537109084484","0.43340187022124","15_10"
"10.7180795258572","1.13900600877161","0.920308399217135","1.36964095834236","0.718079525857225","0.132802690075904","1","0.482389859443119","0.650072187014024","0.23120780186018","0.179747671825744","0.517158820912941","15_10"
"10.7230090031914","1.27595966449573","0.69475531888077","1.62345103872664","0.72300900319136","0.347779063287032","1","0.496460407654041","0.864192990298516","0.801475862379173","0.339114251567856","0.411735205606604","15_10"
"10.7029575300507","1.22799886155121","0.778714219209358","1.5472982331775","0.702957530050711","0.288800339926513","1","0.448118598705105","0.834182535984564","0.532553202102324","0.436612573005443","0.393499784863709","15_10"
"10.6388237209247","1.18188050003261","0.852609717262135","1.50336827014428","0.638823720924674","0.156494031874739","1","0.539486448279633","0.709950006189098","0.278998887587506","0.16310916207458","0.342357482500336","15_10"
"10.6372836386613","1.20735853464533","0.825384082367227","1.54902703719634","0.637283638661269","0.193422596199787","1","0.52394489906732","0.570268911212627","0.352851357247778","0.301353673693774","0.445133305503273","15_10"
"10.7828423772159","1.10292882197637","0.957673324339223","1.26654836850461","0.782842377215891","0.146557949136604","1","0.403752602229467","0.497257334762009","0.262702223728196","0.406340906671791","0.361092988411308","15_10"
"10.5077450610803","1.31314998907818","0.683742528421772","1.79136377443928","0.50774506108033","0.259331590952696","1","0.564313439308282","0.797691040062074","0.34874110858524","0.388399638878016","0.430563979763327","15_10"
"10.6923997841765","1.15045877088148","0.894615301410901","1.41066569676267","0.692399784176496","0.145772494265561","1","0.490026586528823","0.674542516395819","0.242544367638542","0.197141491601419","0.531958282292931","15_10"
"10.6433568028206","1.19764883994556","0.826478489913791","1.53324457974109","0.643356802820561","0.175798078368788","1","0.567302994362599","0.256077501457185","0.506143959721916","0.384580387736942","0.431076423498133","15_10"
"10.8388828781292","1.08347249880617","0.994376398798362","1.16940669269456","0.838882878129208","0.117284187214613","0.9994","0.384334951990458","0.698325165058585","0.271223104258206","0.162493063221225","0.434606204074432","15_10"
"10.582103282388","1.25263192364395","0.774634586510181","1.6466845392665","0.582103282388012","0.222759644565084","1","0.524533507484618","0.689892204458039","0.294581481057096","0.392933256766963","0.376999375706019","15_10"
"10.9396447050875","1.03500517087132","1.05712986987097","1.00515301493843","0.939644705087478","0.0553384705318766","0.98","0.22261913412131","0.716158464631538","0.0353966567602272","0.449721873198255","0.455457507576569","15_10"
"10.6270422052373","1.19908972028576","0.833497658768373","1.54534839935915","0.627042205237258","0.175794046399608","1","0.525468585280999","0.750598176459448","0.280313643111189","0.205158363713942","0.528478116510541","15_10"
"1.08707007481936","0.994599343976949","1.11427357919754","0.820601085369247","1.08707007481936","0.0140404792624604","0.8322","0.286521662063272","0.114746522158384","0.0410135262242503","0.432532896009378","0.358189006513491","15_10"
"10.8476522919694","1.22098666707758","0.768759478712226","1.44064173265242","0.847652291969391","0.358915623514849","0.9988","0.449136299781228","0.793527106969401","0.982425559079275","0.315673927148506","0.310522620161383","15_10"
"10.8198641226639","1.0915690617415","0.965287496970167","1.22436684461903","0.819864122663871","0.163222241207803","1","0.368528064703947","0.583824772316151","0.327627712508945","0.389368854016266","0.566670147154916","15_10"
"10.7124377171765","1.24817490058101","0.743076435783385","1.5807590579603","0.712437717176528","0.302063965624434","1","0.486538301647114","0.799638302866062","0.676759064954438","0.330530703125093","0.375312480832631","15_10"
"10.9396447050875","1.03500517087132","1.05712986987097","1.00515301493843","0.939644705087478","0.0553384705318766","0.98","0.22261913412131","0.716158464631538","0.0353966567602272","0.449721873198255","0.455457507576569","15_10"
"10.7147146173381","1.201044360815","0.826270018011293","1.48161153087144","0.714714617338125","0.242057489050349","1","0.449136299781228","0.793527106969401","0.492572722421679","0.315673927148506","0.310522620161383","15_10"
"10.721021022331","1.13727698671758","0.907671081822738","1.37356874727931","0.721021022331044","0.149208679076632","1","0.469444285594551","0.705822454481818","0.300845758021454","0.168519418379821","0.419212363699666","15_10"
"10.8550955600185","1.07101487758526","1.00739630611859","1.13558133357866","0.855095560018511","0.102345935404366","0.998","0.404260647784151","0.384652036592874","0.272441159219008","0.238725081206919","0.592893029337766","15_10"
"10.7636305302094","1.14782713509796","0.905552969381467","1.3571052045653","0.763630530209393","0.205834249510256","1","0.396850817487624","0.743421467939176","0.391900984012135","0.355726087900473","0.539174181499225","15_10"
"10.7630002222713","1.11959443508576","0.932273846082391","1.31129907367167","0.76300022227133","0.158547281007379","1","0.420360403492129","0.591964590495514","0.30414001403102","0.304488763444242","0.42949130232942","15_10"
"10.6208070134896","1.22361391350408","0.793070714628484","1.5878361999965","0.620807013489621","0.200293844651919","1","0.551473242688485","0.706391770311998","0.459802125002527","0.163083263440058","0.471342223657976","15_10"
"10.7211373554057","1.13558454098075","0.915253341088696","1.36355852491054","0.721137355405713","0.141565167115247","1","0.472716307506382","0.668724316145521","0.267641732127558","0.178678350780483","0.449135953423374","15_10"
"10.9396447050875","1.03500517087132","1.05712986987097","1.00515301493843","0.939644705087478","0.0553384705318766","0.98","0.22261913412131","0.716158464631538","0.0353966567602272","0.449721873198255","0.455457507576569","15_10"
"10.887589845357","1.04855754675196","1.03716013173249","1.07726358156879","0.887589845356973","0.0646197286501288","0.9954","0.37212389963679","0.777445221319795","0.107943625887856","0.0994661601725966","0.333774930797517","15_10"
"10.9001955566887","1.04815007703473","1.03847471911729","1.07011433420395","0.900195556688709","0.0796484861510835","0.994","0.288868126947587","0.759527720335615","0.100902548329483","0.269997571723475","0.394552453659858","15_10"
"10.5780662334625","1.26033449863761","0.761359434755768","1.6620672181847","0.578066233462489","0.230357862874559","1","0.525414669685068","0.72102216550216","0.324269926734562","0.380348427036593","0.425791793648858","15_10"
"10.9482101989325","1.03354536540206","1.05832243285018","1.00582484600677","0.948210198932546","0.0556761528153027","0.9828","0.258361241348622","0.696627972543584","0.0525437509594962","0.288919668753695","0.508897198521321","15_10"
"10.7456128066288","1.15966469808179","0.883292696251268","1.38921659568563","0.745612806628843","0.204913115472792","1","0.438459018489502","0.597113022651289","0.44045998106973","0.338623869765904","0.486245468088876","15_10"
"10.8682539512614","1.05685613667044","1.02666025227112","1.11276773023958","0.868253951261431","0.071363556827764","0.9942","0.305874906810513","0.734075965615718","0.0424377343186004","0.279190461647376","0.394679984714229","15_10"
"10.9396447050875","1.03500517087132","1.05712986987097","1.00515301493843","0.939644705087478","0.0553384705318766","0.98","0.22261913412131","0.716158464631538","0.0353966567602272","0.449721873198255","0.455457507576569","15_10"
"10.8851007546953","1.0527745833922","1.01651926814178","1.09288021155515","0.885100754695309","0.11459742615079","0.9946","0.376247261276611","0.514135338432895","0.357030913567454","0.142121925757532","0.363510183106627","15_10"
"10.6555867362598","1.18423837331859","0.845643171196669","1.50467741400323","0.655586736259836","0.173673521710291","1","0.508343055217766","0.782491329041732","0.325316939872131","0.176570630221243","0.423984549814135","15_10"
"10.7593560691563","1.15136856144249","0.895851949446282","1.36634393685669","0.759356069156292","0.204625299927027","1","0.420813546997551","0.633930411346377","0.428299450918489","0.349316693264299","0.338018585817074","15_10"
"10.7147146173381","1.201044360815","0.826270018011293","1.48161153087144","0.714714617338125","0.242057489050349","1","0.449136299781228","0.793527106969401","0.492572722421679","0.315673927148506","0.310522620161383","15_10"
"10.7529569970687","1.12051759881775","0.935419407286322","1.31238783787632","0.7529569970687","0.143291793412649","1","0.434488714423481","0.673193634794541","0.274001204030176","0.209149686773588","0.569425530689518","15_10"
"10.7781682811564","1.12995851840195","0.905234117405668","1.32493131998483","0.778168281156449","0.184979906674582","1","0.433036544073249","0.586214553066761","0.460873867609668","0.249910244911182","0.473924347169729","15_10"
"10.7054032914542","1.14283733118052","0.918350928023681","1.37593574196575","0.705403291454207","0.13020878100886","1","0.533661609869409","0.27581357822284","0.315318912052216","0.352624169761705","0.473412854970709","15_10"
"10.5826848981206","1.25025178338373","0.776938351807207","1.64129700316434","0.582684898120642","0.218921213652709","1","0.522029741135757","0.696840547862118","0.274546256964645","0.392230878710252","0.504250777287628","15_10"
"10.7327618305664","1.17787758127379","0.854834452802804","1.43015532709827","0.732761830566354","0.22335552453239","1","0.449136299781228","0.65870851976797","0.492572722421679","0.315673927148506","0.310522620161383","15_10"
"10.7126562409182","1.13866615227879","0.910382932249609","1.37438366991765","0.712656240918164","0.140909442221648","1","0.479117837531288","0.687170325350321","0.264411827754075","0.169588739425081","0.487235231189234","15_10"
"10.7205190166099","1.13595495596214","0.921756916806886","1.36057539441832","0.720519016609856","0.13548253986013","1","0.495240518641669","0.462056578257781","0.278753598300021","0.234733758147273","0.551945615158789","15_10"
"5.97233604032417","1.02500434285076","1.07328134486867","0.949423895288487","0.972336040324166","0.044407593457149","0.9618","0.22261913412131","0.577510603936389","0.0353966567602272","0.449721873198255","0.455457507576569","15_10"
"10.7305022905548","1.3325450248479","0.628059360299591","1.6923019788885","0.730502290554783","0.445956643204651","1","0.476529679864365","0.831819156970923","0.844438444511214","0.896372553892434","0.350234060595013","15_10"
"10.7780788023649","1.13745334784931","0.917842282351228","1.32816323238151","0.778078802364911","0.202308515339886","1","0.379205345995672","0.780238856634264","0.379740453860894","0.366418911398867","0.390947299227423","15_10"
"10.9482101989325","1.03354536540206","1.05832243285018","1.00582484600677","0.948210198932546","0.0556761528153027","0.9828","0.258361241348622","0.696627972543584","0.0525437509594962","0.288919668753695","0.508897198521321","15_10"
"10.6639899214595","1.15659178414725","0.892765019173763","1.44399927661851","0.663989921459506","0.13213085790561","1","0.520335624544156","0.719179503673574","0.129306000424549","0.188466921994978","0.386427253548943","15_10"
"10.9145831212803","1.10193086966604","0.921357299212707","1.19923584626394","0.914583121280302","0.328352914970095","0.9922","0.357248281361535","0.825900940296995","0.939462976947234","0.335779739991261","0.372023765172975","15_10"
"10.5996092716026","1.21527576778308","0.820177066601647","1.58823752919904","0.599609271602563","0.183056917319851","1","0.563179632722778","0.519387384344084","0.257056672042318","0.341924622152006","0.401341171189024","15_10"
"10.787917853488","1.09432818813397","0.97972695699407","1.24639516937072","0.787917853488042","0.112931983516612","1","0.381389624993478","0.706041159453665","0.132892858335902","0.266527137082508","0.482426077587418","15_10"
"10.7327618305664","1.17787758127379","0.854834452802804","1.43015532709827","0.732761830566354","0.22335552453239","1","0.449136299781228","0.65870851976797","0.492572722421679","0.315673927148506","0.310522620161383","15_10"
"10.7549543432457","1.12382292667308","0.925618928253763","1.32591540569992","0.754954343245728","0.159571446177586","1","0.430165000001643","0.586475664851713","0.30877921308232","0.29268260308299","0.435776900388562","15_10"
"10.7147146173381","1.201044360815","0.826270018011293","1.48161153087144","0.714714617338125","0.242057489050349","1","0.449136299781228","0.793527106969401","0.492572722421679","0.315673927148506","0.310522620161383","15_10"
"10.7114912500179","1.1586893094847","0.879178336868409","1.42037213055845","0.711491250017928","0.179704808956197","1","0.456877093496769","0.663313237179478","0.347535942530931","0.267409416709596","0.436524346652021","15_10"
"10.8692782558506","1.0650449029416","1.01329343570091","1.12155963445682","0.869278255850606","0.115814074564235","0.9988","0.34196721637759","0.726680195676492","0.242010894023757","0.212620121414556","0.481551906761958","15_10"
"10.6479170081591","1.23155644839685","0.792428839968935","1.58301242788468","0.647917008159138","0.232938195240077","1","0.501574120261548","0.643923481389443","0.437607851813299","0.362849255238179","0.463191794166565","15_10"
"10.9482101989325","1.03354536540206","1.05832243285018","1.00582484600677","0.948210198932546","0.0556761528153027","0.9828","0.258361241348622","0.696627972543584","0.0525437509594962","0.288919668753695","0.508897198521321","15_10"
"10.9482101989325","1.03354536540206","1.05832243285018","1.00582484600677","0.948210198932546","0.0556761528153027","0.9828","0.258361241348622","0.696627972543584","0.0525437509594962","0.288919668753695","0.508897198521321","15_10"
"10.9396447050875","1.03500517087132","1.05712986987097","1.00515301493843","0.939644705087478","0.0553384705318766","0.98","0.22261913412131","0.716158464631538","0.0353966567602272","0.449721873198255","0.455457507576569","15_10"
"10.7866467749013","1.1251599062299","0.913626467136219","1.30834020893967","0.786646774901278","0.184954303029487","1","0.423231947563736","0.591703478710562","0.456234668558367","0.261716405272435","0.467638749110586","15_10"
"10.7043453716699","1.19287620047296","0.846185013788207","1.47657007911832","0.704345371669875","0.21942241270349","1","0.445891622849281","0.784308879103729","0.4015640746252","0.318811044715106","0.325676015922983","15_10"
"5.97396936410384","1.02329552609888","1.07254948988242","0.963085566322828","0.973969364103843","0.061715535547874","0.9778","0.237601890750675","0.722917635371081","0.0903277889110364","0.317385627641959","0.45364234480083","15_10"
"10.8053955967315","1.09193250314466","0.979884719158218","1.21617231953613","0.805395596731526","0.11449853443836","1","0.395935534235526","0.718966048595895","0.192425172443313","0.191116686816683","0.403794065247982","15_10"
"10.7147146173381","1.201044360815","0.826270018011293","1.48161153087144","0.714714617338125","0.242057489050349","1","0.449136299781228","0.793527106969401","0.492572722421679","0.315673927148506","0.310522620161383","15_10"
"10.8186678140621","1.08098877946583","0.996596376758138","1.19635147890927","0.818667814062087","0.113062534456426","1","0.3436561910959","0.594537642958283","0.125614405179402","0.427593481034537","0.417591310061179","15_10"
"10.697179645123","1.16433384365227","0.871441352164014","1.43921158004157","0.69717964512299","0.175582129765978","1","0.480046629755302","0.617881477970816","0.35567295576455","0.245069858342173","0.452219427304373","15_10"
"10.8425248081715","1.13746717459647","0.885907236404669","1.30482702314329","0.842524808171457","0.273568067248486","0.9992","0.382450022927619","0.789457084499937","0.664201692910865","0.363281793832268","0.375793903465822","15_10"
"10.8086764415003","1.09250768891871","0.982183562965108","1.21584712366614","0.808676441500296","0.118996130329825","1","0.396548768893393","0.650443763219414","0.219658467475563","0.212838236800157","0.359472167878955","15_10"
"10.6669634872294","1.15248087879131","0.8994242211117","1.44141756978663","0.666963487229375","0.137404541479416","1","0.478748013278356","0.698411048354046","0.0715024236124009","0.282020933418709","0.420453294333446","15_10"
"10.9396447050875","1.03500517087132","1.05712986987097","1.00515301493843","0.939644705087478","0.0553384705318766","0.98","0.22261913412131","0.716158464631538","0.0353966567602272","0.449721873198255","0.455457507576569","15_10"
"10.8339993175952","1.08017504474526","0.995576656300852","1.17848206548132","0.833999317595192","0.116648323638637","1","0.356886693226433","0.732423083167859","0.192889870058245","0.239044254965823","0.466672786105514","15_10"
"10.7018711107556","1.24926399787713","0.745468465375673","1.57994789991067","0.701871110755603","0.322843393975677","1","0.446821755615209","0.78936312159495","0.559818562983505","0.621645372878848","0.374520455358115","15_10"
"10.6904409419163","1.15082963250597","0.902286383224689","1.40029606661556","0.690440941916283","0.155233716332772","1","0.442142575748187","0.641008206017339","0.166838923623143","0.364053014315724","0.439207368704414","15_10"
"10.7086388479293","1.16839197895063","0.87199671247883","1.43755048243947","0.70863884792932","0.191420666309545","1","0.463060505936892","0.574661348836897","0.3800683265436","0.335206150537909","0.390524703984405","15_10"
"10.8692203691053","1.05877130448386","1.02572709540324","1.12274915610931","0.869220369105284","0.0783944921188324","0.9944","0.273885370318222","0.752768549596072","0.0459714161786734","0.402333817279771","0.396367616435597","15_10"
"10.9001955566887","1.04815007703473","1.03847471911729","1.07011433420395","0.900195556688709","0.0796484861510835","0.994","0.288868126947587","0.759527720335615","0.100902548329483","0.269997571723475","0.394552453659858","15_10"
"10.7867207167765","1.21384288581221","0.78544357116939","1.47930488847885","0.786720716776487","0.348671725091895","1","0.408913270244828","0.822694892010237","0.664360335388604","0.641146092412453","0.36666090446432","15_10"
"10.781138972741","1.10025662713597","0.970897188739558","1.25463178728796","0.781138972741026","0.115231418567964","1","0.411099271252443","0.714274962518077","0.172424506025313","0.200542056182733","0.415114898743577","15_10"
"10.5632433294128","1.2716232555458","0.740664831056154","1.70007370237339","0.563243329412835","0.232967957818682","1","0.549255426567114","0.738253142476589","0.369561067920397","0.322392398762603","0.321339087366002","15_10"
"10.7907824203556","1.10078361066871","0.962425727961089","1.25785230679005","0.790782420355642","0.14866115808358","1","0.342526226216215","0.7190604471655","0.193948489057204","0.443361626440642","0.428725071883098","15_10"
"10.7224604113276","1.23321384683785","0.76662365511699","1.54235660784554","0.722460411327628","0.317901246618453","1","0.43935739914193","0.789440718911379","0.575965591636062","0.562912963139951","0.374747138707151","15_10"
"10.6529060284856","1.16011046053231","0.890817965594664","1.4646945237748","0.652906028485639","0.138767395221333","1","0.48998980014585","0.696627972543584","0.0525437509594962","0.288919668753695","0.508897198521321","15_10"
"10.8193071442272","1.08286249582861","1.00174695537062","1.19344665630409","0.819307144227198","0.0939534916788287","0.9994","0.349538936115721","0.734047975850858","0.0765217773778053","0.266758732275634","0.414821849322507","15_10"
"10.9487134817902","1.03342521058115","1.05703198571812","1.00716857290251","0.948713481790225","0.0574920480188739","0.9832","0.247154153556613","0.712734132892396","0.0524905538285818","0.328797907905584","0.457245151936661","15_10"
"10.8543062849897","1.11828820854486","0.912701995048548","1.25513451948479","0.854306284989654","0.254206319339846","0.9978","0.372317359593104","0.768970590359329","0.647468529616678","0.326990008479984","0.400382451935698","15_10"
"10.9396447050875","1.03500517087132","1.05712986987097","1.00515301493843","0.939644705087478","0.0553384705318766","0.98","0.22261913412131","0.716158464631538","0.0353966567602272","0.449721873198255","0.455457507576569","15_10"
"10.8632466760838","1.09627274005626","0.952245909344964","1.20204580781319","0.86324667608378","0.239782863327583","0.9972","0.33364394819364","0.757990501423167","0.532487870838675","0.471312667606224","0.382282801445051","15_10"
"10.7334451008197","1.13637946666536","0.925187329673373","1.35082727389884","0.733445100819665","0.174685492467742","1","0.337962934996706","0.780862855218609","0.167269121310156","0.619555298004483","0.439835610595839","15_10"
"10.9361994273438","1.03603576789172","1.05511763762207","1.01062126806001","0.9361994273438","0.0555490271543861","0.9824","0.233826221913318","0.700052304282726","0.0354498538911416","0.409843634046366","0.507109554161229","15_10"
"10.8215600082247","1.08245227093738","0.994912659105606","1.19748656622133","0.821560008224688","0.11623972562474","1","0.335445705454944","0.732995536263291","0.141874144826181","0.33611714118687","0.396660665856668","15_10"
"10.7417527626846","1.11335538362268","0.950991941617141","1.30810533696982","0.741752762684589","0.122578941116283","1","0.412991168274786","0.702938227087117","0.128164701243546","0.269598738017184","0.446310047762753","15_10"
"10.9482101989325","1.03354536540206","1.05832243285018","1.00582484600677","0.948210198932546","0.0556761528153027","0.9828","0.258361241348622","0.696627972543584","0.0525437509594962","0.288919668753695","0.508897198521321","15_10"
"10.744365838206","1.14796308359862","0.895719864613715","1.37506455407214","0.744365838205997","0.186994852076988","1","0.422156863041348","0.749486960557738","0.363428122193724","0.274878993567102","0.368231084265192","15_10"
"10.6868880032219","1.17167418277497","0.869427057786938","1.45715482033113","0.686888003221933","0.180844104773671","1","0.467441607786568","0.659311227589488","0.30889960786379","0.300137208162544","0.38526442291095","15_10"
"10.8585443803134","1.0632408038185","1.02216223463655","1.13325850883543","0.858544380313378","0.0806815980983634","0.9944","0.273575934879393","0.738131158481059","0.0415169728841207","0.441880801669913","0.41928921781127","15_10"
"10.7356829451461","1.14220868931141","0.900898602282755","1.37273614713796","0.735682945146102","0.173087748444801","1","0.437641664925007","0.703545179049765","0.341695952613949","0.246108768143389","0.433118336176331","15_10"
"10.788654266986","1.1215067776774","0.920747109265863","1.298792179663","0.78865426698601","0.177875760827528","1","0.419262943284819","0.623335310674721","0.434306567945671","0.241633335967721","0.406366189012016","15_10"
"10.729425483774","1.17332359039852","0.868090094774192","1.42443253051408","0.729425483773967","0.209198634790761","1","0.446952298776829","0.661800582681005","0.436626910714451","0.310979978285318","0.348120317368566","15_10"
"5.9434512917363","1.00197143699356","1.07092322596286","0.942668749736189","0.943451291736301","0.180338968660922","0.967","0.262542930832714","0.786555101965975","0.505649860613888","0.36964204058988","0.402526339159293","15_10"
"10.8249606570025","1.15736220708689","0.863832521196936","1.34950861872682","0.824960657002508","0.287861866449297","0.9996","0.389914379400899","0.789379487183508","0.648054664258307","0.422014203571165","0.375567220116786","15_10"
"10.8011873050488","1.09537878917954","0.976240899856585","1.23514077040878","0.801187305048803","0.135561641688711","1","0.367019356560948","0.752909577308468","0.209623033352432","0.275336040318107","0.442084237635638","15_10"
"5.94756250381143","1.03274853083441","1.06182674258409","0.993748227575786","0.947562503811429","0.0536125145773988","0.9782","0.222928569560138","0.730795855746552","0.0398511000547798","0.410174888808112","0.432535906200896","15_10"
"10.7952230568171","1.09766808771628","0.975299480576651","1.23688097912396","0.795223056817054","0.122788923702153","1","0.399904538514443","0.687334216631736","0.214353273056009","0.211199756121396","0.465066625346553","15_10"
"10.7017515420805","1.13308998111988","0.924288892043493","1.38076521672089","0.701751542080453","0.126856124937985","1","0.447146469997047","0.701513980720594","0.0762305807047568","0.278949332484033","0.456569324158111","15_10"
"10.7202096804208","1.1447815515521","0.899265924432068","1.38517541653801","0.720209680420782","0.168059670391954","1","0.438078707992323","0.75831510892974","0.301569106253268","0.241336989764137","0.357406434639768","15_10"
"10.8692203691053","1.05877130448386","1.02572709540324","1.12274915610931","0.869220369105284","0.0783944921188324","0.9944","0.273885370318222","0.752768549596072","0.0459714161786734","0.402333817279771","0.396367616435597","15_10"
"10.7800373322348","1.1049280851728","0.967218544304557","1.26050532843876","0.780037332234766","0.121740656374857","1","0.415170962807289","0.678734106725607","0.198265162360295","0.21241733538289","0.407200075723673","15_10"
"10.6802398135127","1.16387925628857","0.879238392975946","1.44873286995001","0.680239813512728","0.17251184696752","1","0.460442705273016","0.697808340532528","0.25517553817029","0.297557652404671","0.34571149158388","15_10"
"10.7306593801564","1.16017988871483","0.884971220235606","1.40401402693864","0.730659380156358","0.191737621408221","1","0.432349001006041","0.71820218914011","0.364725024789548","0.297376551946178","0.39817920318138","15_10"
"10.9487134817902","1.03342521058115","1.05703198571812","1.00716857290251","0.948713481790225","0.0574920480188739","0.9832","0.247154153556613","0.712734132892396","0.0524905538285818","0.328797907905584","0.457245151936661","15_10"
"10.9482101989325","1.03354536540206","1.05832243285018","1.00582484600677","0.948210198932546","0.0556761528153027","0.9828","0.258361241348622","0.696627972543584","0.0525437509594962","0.288919668753695","0.508897198521321","15_10"
"10.8249862218522","1.08112937599544","0.997079821306219","1.18478631802428","0.824986221852233","0.110055929774422","1","0.341459819480696","0.709554594690697","0.134400419372036","0.313391362476657","0.427891533323445","15_10"
"10.7506696174222","1.13599402699068","0.906629420428619","1.3530807156005","0.750669617422215","0.177037543293765","1","0.434878477491231","0.660067777058682","0.381262020779441","0.245074311534795","0.410126682418713","15_10"
"10.7885517858643","1.10133325787717","0.962609681121865","1.26059324421596","0.788551785864283","0.143624465575911","1","0.340961470516914","0.744560076996076","0.176154673897391","0.428871371347842","0.386678867726519","15_10"
"10.827390202171","1.08270739946298","0.988303085431276","1.19987935515413","0.827390202171023","0.145290428312293","1","0.328003856806656","0.745267164965663","0.226391959122629","0.388939101198284","0.373148566154847","15_10"
"10.7981143409849","1.09103289013809","0.984882810720336","1.22938347947669","0.798114340984912","0.11371409159692","1","0.370806048572354","0.70961970192846","0.140177958288242","0.27655488344184","0.431721405086136","15_10"
"10.7810215520319","1.10371031737652","0.961343636353436","1.26750336572065","0.781021552031919","0.135650175559372","1","0.367728941114085","0.742350954073134","0.178553135955216","0.327820694038731","0.414371735921616","15_10"
"10.6626118066376","1.16677569181478","0.882290869576565","1.45087701370645","0.66261180663759","0.15667070625853","1","0.474426912515039","0.6934771797505","0.169295906412887","0.292338813305508","0.457089946817527","15_10"
"10.7433328645412","1.12477223731246","0.935288924479184","1.32785863301016","0.743332864541238","0.139348935331923","1","0.423652231083919","0.690247083155398","0.203252915672753","0.261179416517667","0.4318572032354","15_10"
"10.8173432220207","1.0837907692068","0.993547020615976","1.20030196340721","0.817343222020685","0.114222037334267","1","0.345839054951762","0.733051619322145","0.141754780960235","0.303426506758373","0.40192570874833","15_10"
"5.97042292198122","1.01620559341228","1.07493757797518","0.942309376795632","0.970422921981218","0.107937035587985","0.98","0.281656479542942","0.629879481619103","0.309238481364177","0.242576364927059","0.40579120002169","15_10"
"10.6843353649996","1.15798208522009","0.898594098458557","1.41449602580906","0.684335364999648","0.168347090019457","1","0.4114918340601","0.74622437865169","0.171039502760167","0.401390788320432","0.396942605425924","15_10"
"10.687580208578","1.15164553480835","0.901417501308765","1.405458079782","0.687580208578025","0.152706077533667","1","0.447213950345892","0.696698196470661","0.177516572661263","0.302607801329039","0.45299559297853","15_10"
"10.7606724666845","1.10697326497013","0.957806458396253","1.29075996449645","0.760672466684539","0.126755194934705","1","0.377630825157376","0.726314061421948","0.129860887781485","0.329160995762215","0.411249308533285","15_10"
"10.7689303872611","1.12649656913832","0.917307150252952","1.32222065337067","0.76893038726113","0.176470443323919","1","0.422026130718595","0.666812712665804","0.394740499780178","0.242667792576315","0.429357842769635","15_10"
"10.7666229512667","1.12291769805249","0.92663414946347","1.3164164034937","0.766622951266709","0.169824155459801","1","0.403000891561499","0.730304032045704","0.321053223373302","0.277758232110825","0.398235908987328","15_10"
"10.7224604113276","1.23321384683785","0.76662365511699","1.54235660784554","0.722460411327628","0.317901246618453","1","0.43935739914193","0.789440718911379","0.575965591636062","0.562912963139951","0.374747138707151","15_10"
"10.7761446622661","1.09675412803953","0.971993550934171","1.26331555078112","0.776144662266148","0.115342445605469","1","0.378887045560263","0.721946132945263","0.120193578794052","0.286377052110988","0.414765143516558","15_10"
"10.7314298455789","1.11958893962587","0.940941829379544","1.32328263239733","0.731429845578866","0.130586437891583","1","0.406977054249034","0.726379168659711","0.135638426697691","0.292324516727397","0.415079180295976","15_10"
"10.6611273907053","1.17100645148772","0.876140078393654","1.4626454058421","0.661127390705282","0.161048069243558","1","0.483004495417379","0.662462020382572","0.192147452410399","0.296718063610731","0.437071674614744","15_10"
"10.7496173237642","1.13101407646471","0.926621044706959","1.33371998072117","0.749617323764231","0.17569918553965","1","0.379645363291818","0.710148857826202","0.25699396180037","0.436744528869245","0.430778535582376","15_10"
"10.9256113993874","1.03996523011062","1.04980494217486","1.03193774560495","0.925611399387446","0.0596366832805239","0.988","0.238064308879454","0.736659962446905","0.0365048546438364","0.402728968914247","0.490173401073095","15_10"
"10.8605281022407","1.08101326189915","0.977571469096467","1.17388937584855","0.860528102240747","0.184969293654434","0.998","0.342221413792447","0.747478400277949","0.432854974319089","0.309200028534016","0.410425783041039","15_10"
"10.7594731581737","1.10642276652624","0.959028948793795","1.29014033335105","0.759473158173707","0.125391442290145","1","0.356033166246786","0.707705343771348","0.0952848628071711","0.42668935100799","0.389285456585551","15_10"
"10.7224604113276","1.23321384683785","0.76662365511699","1.54235660784554","0.722460411327628","0.317901246618453","1","0.43935739914193","0.789440718911379","0.575965591636062","0.562912963139951","0.374747138707151","15_10"
"10.7341585442664","1.13351216762431","0.911416625652807","1.36053176009965","0.734158544266402","0.16105237485425","1","0.442757182197947","0.634602208239917","0.307284232977674","0.259403251934087","0.431078309934727","15_10"
"10.880534650942","1.05350470249275","1.03271567580402","1.09755524427959","0.880534650941995","0.0741557707176523","0.9936","0.269647283352087","0.716160891431893","0.0449164154259786","0.40944848241189","0.413303769523731","15_10"
"10.8561832307135","1.07049333568144","1.00979730815468","1.14556073134728","0.856183230713498","0.12098217906462","0.9994","0.327028673147539","0.706261461392719","0.195287332123346","0.320590174594936","0.411883542574898","15_10"
"10.7749772003188","1.10958988312802","0.945662068979881","1.28120715726412","0.774977200318834","0.151034772660267","1","0.400522527849404","0.712456768389063","0.278650479870782","0.252725865714786","0.431064872477054","15_10"
"10.8434869033719","1.07950992818976","0.984989198079935","1.1765300498177","0.843486903371897","0.169452137872359","0.9994","0.335480334127199","0.746907841355096","0.350289262650874","0.34143577755176","0.407348794039925","15_10"
"10.8055755121389","1.11290167683695","0.937653307738739","1.26902095459858","0.805575512138884","0.192088104741545","0.9994","0.377378827128268","0.729186774788968","0.415376097471914","0.308167550957459","0.441161163686257","15_10"
"10.774806242002","1.10131111179962","0.969078147436509","1.26521530944665","0.774806242001955","0.123966183907429","1","0.388975146230598","0.693215075655847","0.159116611538187","0.28520744509961","0.417335815380912","15_10"
"10.7636748779347","1.11465910912412","0.948676703782836","1.29677553147142","0.763674877934725","0.13783244806438","1","0.397628925769372","0.712435938783131","0.199280157592437","0.284779482752544","0.419677550059202","15_10"
"10.7669364737477","1.10952335848388","0.959147294629147","1.28028071509287","0.76693647374767","0.129953815698731","1","0.411323141761499","0.636531643613198","0.192442273187676","0.275297185443371","0.431575365686162","15_10"
"10.8238965790706","1.08216982355703","0.995134868402058","1.19114225614076","0.823896579070554","0.117835061403479","1","0.35086549740146","0.705823095739067","0.16786212911509","0.294109990717365","0.436331446575811","15_10"
"10.7405138943622","1.12952022255438","0.921096987035464","1.34665514440356","0.740513894362167","0.155774680090967","1","0.417731430343377","0.702224040166799","0.250898995150876","0.289195883115362","0.447943419886891","15_10"
"10.862493018361","1.06808764456487","1.01590602551568","1.13971274212186","0.862493018361033","0.140864394505271","1","0.316123624580707","0.705063145371726","0.255782782266024","0.379439226537875","0.415855282450648","15_10"
"10.657838589997","1.16820532584131","0.881216193761227","1.45622644897165","0.657838589996954","0.156836668803403","1","0.469400470065341","0.720705703333579","0.143188558258032","0.301655329346517","0.422684208990046","15_10"
"10.9487134817902","1.03342521058115","1.05703198571812","1.00716857290251","0.948713481790225","0.0574920480188739","0.9832","0.247154153556613","0.712734132892396","0.0524905538285818","0.328797907905584","0.457245151936661","15_10"
"10.6962938108937","1.1480135672177","0.902394889045215","1.39607740160814","0.696293810893714","0.148359707851282","1","0.457218010021065","0.703709907972764","0.197047391132793","0.255868795904933","0.44021139940769","15_10"
"10.65001918391","1.18085109391665","0.864941575158787","1.48791158237832","0.650019183910016","0.168092149436134","1","0.479127821527744","0.703834563235985","0.181347762239497","0.314302197712945","0.417777598132921","15_10"
"10.827390202171","1.08270739946298","0.988303085431276","1.19987935515413","0.827390202171023","0.145290428312293","1","0.328003856806656","0.745267164965663","0.226391959122629","0.388939101198284","0.373148566154847","15_10"
"10.7988086104567","1.08951881038578","0.982808287876675","1.23358170385992","0.798808610456706","0.116232127004814","1","0.355354678326584","0.710634958853038","0.131187076410228","0.325430029153088","0.41730122729846","15_10"
"10.7920750624057","1.09227807615039","0.979800638152909","1.24491345873168","0.792075062405735","0.117791976527073","1","0.364493170993894","0.729643603745691","0.137216992471297","0.300541390261779","0.410224308602252","15_10"
"10.7860348318246","1.09460636410436","0.977324217156705","1.25425865675423","0.786034831824647","0.119964054375472","1","0.363735966311488","0.725233697259608","0.133074230743292","0.317122329085784","0.42183961455827","15_10"
"10.7869629906129","1.10773107746018","0.948663249465558","1.26630559456302","0.786962990612879","0.153465344300914","1","0.403284250509486","0.676322906827936","0.315653920981793","0.244265361934759","0.42444543622699","15_10"
"10.767842470941","1.11169137532189","0.947178283277612","1.29034407393354","0.767842470941018","0.147284704705313","1","0.402240089008803","0.707690266555179","0.25501991807824","0.260660949932555","0.4312243493347","15_10"
"10.7322635570376","1.12980540700074","0.92626406229672","1.34273743279322","0.732263557037578","0.147388248186574","1","0.41205653701007","0.714989821959642","0.194995449508438","0.303640278905597","0.422260212333312","15_10"
"10.7784127736849","1.09697850571888","0.972933577464444","1.26308811954004","0.778412773684892","0.108369249467731","1","0.396280840969328","0.645699954300084","0.0964178661376286","0.289412507808101","0.42852679700781","15_10"
"10.8464397377275","1.07218519111598","1.01465137170647","1.1529150172413","0.846439737727504","0.0971593979683268","0.999","0.304324368205408","0.713192898931445","0.0890527195605446","0.385420453829947","0.427825157378219","15_10"
"10.7470834545361","1.12353683281005","0.933956679700587","1.32329388529553","0.747083454536056","0.159896850740645","1","0.374871230298283","0.72503609268897","0.202922275080723","0.418210257243738","0.379307625428416","15_10"
"10.9482101989325","1.03354536540206","1.05832243285018","1.00582484600677","0.948210198932546","0.0556761528153027","0.9828","0.258361241348622","0.696627972543584","0.0525437509594962","0.288919668753695","0.508897198521321","15_10"
"10.7939000180902","1.09835583281666","0.972771040636983","1.24767815457454","0.793900018090169","0.131988779288234","1","0.37160561500372","0.700978411219721","0.189352826126117","0.310236559936517","0.433665812403438","15_10"
"10.7668223602857","1.18214801466059","0.847568860311362","1.42317736269652","0.766822360285675","0.266395299182035","1","0.405945988324343","0.773959220913107","0.507443735927376","0.45809406837287","0.42333104660218","15_10"
"10.7953122547442","1.09379674255835","0.979760995452816","1.23332591283963","0.795312254744209","0.117885925806389","1","0.3791987796751","0.716030954322562","0.163257905530306","0.255014408701175","0.431024720745317","15_10"
"10.8397464200823","1.07969667115238","0.982906825364644","1.1876394555218","0.839746420082331","0.162631332892286","0.9996","0.334744936471904","0.745837723888517","0.308957670790844","0.35670335218054","0.37622555515596","15_10"
"10.7708046235949","1.10242468725431","0.965514410651407","1.27367916234859","0.770804623594948","0.125720717405885","1","0.360232929518131","0.725354148521718","0.12473136728299","0.363596866838634","0.406466543662636","15_10"
"10.827390202171","1.08270739946298","0.988303085431276","1.19987935515413","0.827390202171023","0.145290428312293","1","0.328003856806656","0.745267164965663","0.226391959122629","0.388939101198284","0.373148566154847","15_10"
"10.7473932943887","1.12580237563603","0.925659575863729","1.33184273494825","0.747393294388665","0.159816959418226","1","0.39895457333168","0.722739875488449","0.245253462121961","0.326872452775826","0.411289460265021","15_10"
"10.91933312725","1.04083785420252","1.04739088308158","1.0392576620862","0.91933312725003","0.072447644033025","0.99","0.285171574138099","0.656508857832945","0.0940780831558435","0.299485766598915","0.432522632754853","15_10"
"10.9228454737644","1.04090762197404","1.04987919567596","1.03152175075491","0.922845473764409","0.110156600262483","0.9944","0.27669984266256","0.71948051555685","0.212442631027595","0.353377887805028","0.382997256049701","15_10"
"10.7805031465717","1.10644332661438","0.953050158886126","1.27105800575859","0.780503146571666","0.154193415822707","1","0.370944736465576","0.704276374371688","0.23946386846395","0.355983456703112","0.425952172725768","15_10"
"10.8259922348892","1.08315074529701","0.987145040201777","1.20154219949889","0.825992234889218","0.146147600284208","1","0.328003856806656","0.745267164965663","0.226391959122629","0.388939101198284","0.53873871685937","15_10"
"10.7904964950738","1.10125162068334","0.962510874910411","1.25686513318463","0.790496495073824","0.14595722651262","1","0.357435129132279","0.728629117791695","0.210586386552704","0.360727000661767","0.387994616998597","15_10"
"10.7856910825089","1.09557398851084","0.975555070456602","1.25443235293155","0.785691082508933","0.121539094757874","1","0.370334804734311","0.701052978189771","0.14497525550954","0.314800922691961","0.426110775536767","15_10"
"10.7177130926862","1.12830265793801","0.929984544332682","1.34893403112227","0.717713092686158","0.137061445517201","1","0.414369291160256","0.712685050831619","0.135974431329663","0.314042698303687","0.449142519033019","15_10"
"10.725572741787","1.13796404247556","0.921824813428538","1.35797946968661","0.725572741786951","0.167916208685766","1","0.369535081756761","0.729512379697689","0.177280160799961","0.505288323620334","0.405934860930729","15_10"
"10.9149632473098","1.04426427148869","1.04323899388728","1.05214372606165","0.914963247309803","0.0938018159681252","0.9946","0.285268802030538","0.710486581561256","0.157491494037121","0.307559642034702","0.471101440918732","15_10"
"10.8708941225247","1.06542768601458","1.01923095711955","1.11839991867699","0.870894122524689","0.127727380387345","0.9994","0.315437329773849","0.716361888965114","0.23095856233377","0.331960109231349","0.429701424857946","15_10"
"10.8181692173069","1.08555973594946","0.985222756579654","1.20690197207347","0.818169217306889","0.143446225120441","1","0.337542736857756","0.742562754618539","0.223102651521131","0.359573218357407","0.39469748182","15_10"
"10.774806242002","1.10131111179962","0.969078147436509","1.26521530944665","0.774806242001955","0.123966183907429","1","0.388975146230598","0.693215075655847","0.159116611538187","0.28520744509961","0.417335815380912","15_10"
"10.7953122547442","1.09379674255835","0.979760995452816","1.23332591283963","0.795312254744209","0.117885925806389","1","0.3791987796751","0.716030954322562","0.163257905530306","0.255014408701175","0.431024720745317","15_10"
"10.794497818218","1.09673520544543","0.975429537415625","1.24580053486835","0.794497818217989","0.130146336497304","1","0.365006776580897","0.725159130289557","0.177451801359869","0.312557966330341","0.42939465142494","15_10"
"10.9482101989325","1.03354536540206","1.05832243285018","1.00582484600677","0.948210198932546","0.0556761528153027","0.9828","0.258361241348622","0.696627972543584","0.0525437509594962","0.288919668753695","0.508897198521321","15_10"
"10.8271982865424","1.07904067864147","1.00162084805661","1.17587788002436","0.827198286542375","0.10286998904812","0.9996","0.317763256092471","0.722620458034464","0.0923312891824079","0.374383130665007","0.425414832058537","15_10"
"10.7919206194129","1.09063908849043","0.984528955069462","1.23125157025242","0.791920619412944","0.0984891290617945","1","0.358263420387842","0.701925229359536","0.0548303368103668","0.31872464911477","0.453249316189618","15_10"
"10.8687088918122","1.06361121651736","1.01940132954288","1.12237833271387","0.868708891812192","0.102610812144536","0.9984","0.316406335157966","0.722985180875251","0.149058790722745","0.292245133129207","0.50212549762758","15_10"
"10.8430173163652","1.07124341093896","1.00433024546049","1.16430744118865","0.843017316365231","0.146089053699423","1","0.267197157909963","0.743280085282378","0.171821254145686","0.737406677799299","0.43489252111864","15_10"
"10.7933781654409","1.09045200098314","0.980537946882593","1.24233539801679","0.793378165440907","0.118098493391756","1","0.346794041631068","0.715926589418699","0.121452797661127","0.362171688117087","0.408876868982319","15_10"
"10.7595358211788","1.11726359299061","0.943781482620338","1.30762335574006","0.75953582117882","0.141956952327874","1","0.402396898136196","0.704496678972802","0.213366304934868","0.279324565739695","0.826114465016872","15_10"
"10.9147832806212","1.04264156128579","1.04517946345673","1.04919576124676","0.914783280621211","0.0729288111383991","0.9912","0.277470071113873","0.705872177799844","0.0843782516140092","0.308865200319261","0.444434079479453","15_10"
"10.7387633638684","1.13085864927406","0.919213321442717","1.35005544947684","0.738763363868434","0.164009253368117","1","0.406015432909589","0.702706931364924","0.253302406480111","0.340261303274884","0.445903633792906","15_10"
"10.7769989940603","1.15052816408782","0.905121346284915","1.34910559598922","0.776998994060309","0.222607691976417","1","0.379038427642427","0.760100611895435","0.40249599284975","0.439454095091864","0.461126804204769","15_10"
"10.7743304952013","1.10402072655393","0.961400209491904","1.27327418939557","0.774330495201276","0.132926830597273","1","0.369829319535416","0.725167316736971","0.162859106752058","0.33943151171483","0.383597073099938","15_10"
"10.8397464200823","1.07969667115238","0.982906825364644","1.1876394555218","0.839746420082331","0.162631332892286","0.9996","0.334744936471904","0.745837723888517","0.308957670790844","0.35670335218054","0.37622555515596","15_10"
"10.9487134817902","1.03342521058115","1.05703198571812","1.00716857290251","0.948713481790225","0.0574920480188739","0.9832","0.247154153556613","0.712734132892396","0.0524905538285818","0.328797907905584","0.457245151936661","15_10"
"10.8570802839197","1.0724847940646","1.01145165641499","1.14406578213654","0.857080283919725","0.135367877664139","1","0.327839622014495","0.7045802541736","0.253379370936789","0.328373806378353","0.417895068544633","15_10"
"10.827390202171","1.08270739946298","0.988303085431276","1.19987935515413","0.827390202171023","0.145290428312293","1","0.328003856806656","0.745267164965663","0.226391959122629","0.388939101198284","0.373148566154847","15_10"
"10.9482101989325","1.03354536540206","1.05832243285018","1.00582484600677","0.948210198932546","0.0556761528153027","0.9828","0.258361241348622","0.696627972543584","0.0525437509594962","0.288919668753695","0.508897198521321","15_10"
"10.8455248050957","1.07431448833104","1.01230207355549","1.15653503088015","0.845524805095744","0.0957107892961778","0.9992","0.336703566136524","0.693817934095066","0.109451895190315","0.285586908059605","0.492851213619237","15_10"
"1.04735875507589","1.00167756460802","1.10093578098678","0.857257062117409","1.04735875507589","0.0456917570453104","0.9264","0.191858440870419","0.710190172998665","0.0881715937523885","0.328595900131303","0.442486052636674","15_10"
"10.9197085189021","1.04099445177362","1.04679521321725","1.03740867372295","0.919708518902106","0.0737423021301225","0.99","0.276851500652711","0.706056984778543","0.0962100038529748","0.295952979932897","0.499019038112322","15_10"
"10.8137731168124","1.08951155869241","0.978584566359494","1.21971532303859","0.813773116812448","0.146313340976697","1","0.350864004423537","0.704522113453469","0.243220639628182","0.351161041420389","0.420776987142321","15_10"
"10.8890000104451","1.05579372492905","1.02957359387659","1.08361662188021","0.889000010445086","0.118401732853922","0.998","0.302829231833946","0.716102316123646","0.21854386750481","0.327083540940439","0.459753390268085","15_10"
"10.9174482782376","1.04414403505584","1.04526355523533","1.04730883879064","0.917448278237629","0.0807368867850375","0.992","0.285255243432319","0.6771497075887","0.118357329189617","0.305392498180621","0.447555560418509","15_10"
"10.8256766711551","1.0860982109602","0.987794859555723","1.20164558967955","0.825676671155139","0.143386243351657","1","0.347920354056534","0.704334515091819","0.249622599772557","0.333196221661076","0.423070254128081","15_10"
"10.8784649623247","1.06006096552698","1.02899891255223","1.10794985332902","0.878464962324678","0.086095046488952","0.9956","0.310632821442696","0.696025114104365","0.102208467307369","0.288540205793701","0.433381800282996","15_10"
"10.9021590550925","1.04647275494749","1.04236969142033","1.06781369490715","0.902159055092509","0.137599658563706","0.9964","0.268609368757592","0.730349035520629","0.244665913201069","0.517358596477967","0.433216041944108","15_10"
"10.9482101989325","1.03354536540206","1.05832243285018","1.00582484600677","0.948210198932546","0.0556761528153027","0.9828","0.258361241348622","0.696627972543584","0.0525437509594962","0.288919668753695","0.508897198521321","15_10"
"10.9195482290464","1.04570628863346","1.04587712865529","1.04757228518798","0.919548229046422","0.0861581039194775","0.9934","0.281818608798349","0.708875961415058","0.132883642205889","0.307820173023442","0.44687678238512","15_10"
"10.9114150849012","1.04452028787862","1.04302233708029","1.05059827397185","0.911415084901239","0.077683967570532","0.9926","0.275944024377412","0.722107421615902","0.0958403980116082","0.314657432144816","0.49309276049496","15_10"
"10.9002454453836","1.04904215725552","1.03911735578403","1.07296070092167","0.900245445383615","0.0822814422810645","0.9938","0.287616464337167","0.713611892151745","0.105708946539719","0.306385608889975","0.466277889069281","15_10"
"10.8965645918858","1.05301532559382","1.03390345634588","1.08027435858313","0.896564591885828","0.102309819023356","0.9964","0.297876899970441","0.710746154402724","0.169906188866081","0.312436210325612","0.441049475508593","15_10"
"10.9125913202803","1.04459705635652","1.04274522990796","1.05330329087202","0.912591320280296","0.0801997067260063","0.9928","0.280920264346061","0.707482797946042","0.108986103445242","0.308604669330521","0.468658738013065","15_10"
"10.9401340808904","1.03564742585774","1.05617638666836","1.01131104218254","0.940134080890449","0.0749931963896005","0.9886","0.266778542726448","0.701057569326297","0.113825241143643","0.300526330855501","0.480979601327731","15_10"
"10.8719419831597","1.0575466701147","1.02699611948438","1.11471810020754","0.871941983159727","0.0783788625798041","0.9946","0.305880315923339","0.721873115860786","0.0648704800412126","0.291472181141789","0.504816741199597","15_10"
"10.8452711418233","1.07712347973031","0.999114488913831","1.17071841429361","0.845271141823335","0.148152154544345","1","0.32855158435207","0.744864889814266","0.271266125715761","0.348064565611524","0.402792920953599","15_10"
"5.94697457476635","1.03441656445663","1.05971740616291","0.999720057557745","0.946974574766347","0.0790780247762227","0.9888","0.268887260583249","0.69774003755805","0.136732061641029","0.289692620741114","0.506205954949304","15_10"
"10.9167126036008","1.04437638418463","1.04434573305876","1.04727864655228","0.916712603600842","0.0993560251783881","0.9946","0.27486549972539","0.730130281354351","0.165656717111983","0.347988719229632","0.445246771058188","15_10"
"10.9228454737644","1.04090762197404","1.04987919567596","1.03152175075491","0.922845473764409","0.110156600262483","0.9944","0.27669984266256","0.71948051555685","0.212442631027595","0.353377887805028","0.382997256049701","15_10"
"10.9487134817902","1.03342521058115","1.05703198571812","1.00716857290251","0.948713481790225","0.0574920480188739","0.9832","0.247154153556613","0.712734132892396","0.0524905538285818","0.328797907905584","0.457245151936661","15_10"
"10.8631122177813","1.06723363725254","1.01460811048623","1.13987389079103","0.863112217781287","0.140762331319839","0.9998","0.321630681893683","0.717334723039365","0.268650107408853","0.340598895800364","0.403134059060307","15_10"
"10.8541092668728","1.07131717663155","1.01304474505887","1.14291696988893","0.854109266872806","0.111679419607306","0.9994","0.330056431190019","0.709559784677109","0.171762551949767","0.292839474350874","0.598678276486386","15_10"
"10.9228454737644","1.04090762197404","1.04987919567596","1.03152175075491","0.922845473764409","0.110156600262483","0.9944","0.27669984266256","0.71948051555685","0.212442631027595","0.353377887805028","0.382997256049701","15_10"
"10.8191378639784","1.08764418822571","0.991392957910607","1.20618665794691","0.819137863978376","0.129577077489744","1","0.357609268976715","0.705423475856948","0.199095247022222","0.294044733423523","0.698537629449218","15_10"
"10.8327552783774","1.07554195171209","0.999084706197404","1.18050597374705","0.832755278377426","0.142598484162074","1","0.27760046021511","0.723636385489283","0.163656031070824","0.696977600604369","0.460747190979184","15_10"
"10.8607612128522","1.06990804972393","1.01450975845487","1.13306897272768","0.860761212852247","0.125568472015373","0.9994","0.322581963337249","0.707124214067331","0.217698331012983","0.328575814152634","0.43265416784462","15_10"
"10.9208669041519","1.04493119894433","1.04611560442591","1.04491772051551","0.920866904151891","0.0849682607891096","0.993","0.285185132736317","0.6898457318055","0.133212248003348","0.301652910452996","0.456068513255076","15_10"
"10.7890670935232","1.10202657125879","0.962475533180774","1.25909211793403","0.789067093523204","0.153643463252465","1","0.326427411166866","0.71751130393535","0.180534711881406","0.548421887699685","0.419571547719165","15_10"
"10.6671445319596","1.43452797713949","0.611258768065541","1.75216011534847","0.667144531959611","0.0780704391111558","1","0.8","0.7","0.5","0.4","0.4","05_15"
"10.6671445319596","1.43452797713949","0.611258768065541","1.75216011534847","0.667144531959611","0.0780704391111558","1","0.8","0.7","0.5","0.4","0.4","05_15"
"0.404831603070025","0.863010194040578","1.41469973280668","0.0422632701899076","0.404831603070025","0.19303411291961","0.002","0.2655086631421","0.380035179434344","0.79423986072652","0.0706790471449494","0.34668348915875","05_15"
"10.8269095829729","1.40550285770069","0.645244404846482","1.59757294045981","0.826909582972871","0.0228568825531811","1","0.37212389963679","0.777445221319795","0.107943625887856","0.0994661601725966","0.333774930797517","05_15"
"6.2046280240995","1.26155271885206","0.852351663676598","0.90476333034126","1.2046280240995","0.158748219275685","0.9852","0.572853363351896","0.934705231105909","0.723710946040228","0.31627170718275","0.476351245073602","05_15"
"10.5084429038133","1.4638708747478","0.562955719084858","1.9242844035124","0.508442903813313","0.0593520232113247","1","0.908207789994776","0.212142521282658","0.411274429643527","0.518634263193235","0.892198335845023","05_15"
"0.295284496237054","0.718153469948987","1.60639905268906","0.0312582524227766","0.295284496237054","0.207621255251884","0.0022","0.201681931037456","0.651673766085878","0.820946294115856","0.662005076417699","0.864339470630512","05_15"
"10.4963488390237","1.46918224740966","0.556770282708899","1.94012815413384","0.496348839023699","0.0898904886972215","1","0.898389684967697","0.125555095961317","0.647060193819925","0.406830187188461","0.389989543473348","05_15"
"10.3924765025335","1.49983912276857","0.519676616637286","2.0603248033883","0.392476502533524","0.104972275943141","1","0.944675268605351","0.267220668727532","0.78293276228942","0.912875924259424","0.777320698834956","05_15"
"11.0140915143132","1.35229105775271","0.709008936548504","1.37580017226981","1.01409151431319","0.0943321751711057","1","0.660797792486846","0.386114092543721","0.553036311641335","0.293603372760117","0.960617997217923","05_15"
"11.0793069300738","1.34136964554544","0.727262937019564","1.30296981435331","1.07930693007381","0.0922089860805422","1","0.62911404389888","0.0133903331588954","0.529719580197707","0.459065726259723","0.434659484773874","05_15"
"0.217139259654248","0.498540012870349","1.89838537726303","0.0224387170900583","0.217139259654248","0.217260329250744","0","0.0617862704675645","0.382387957070023","0.789356231689453","0.332394674187526","0.712514678714797","05_15"
"10.6534620964373","1.43955645766848","0.603763530681401","1.77364806315546","0.653462096437251","0.00883941415573555","1","0.205974574899301","0.86969084572047","0.023331202333793","0.65087046707049","0.399994368897751","05_15"
"0.95774683662541","1.09209357386831","1.07358141014248","0.110330636796587","0.95774683662541","0.140323036467161","0.0234","0.176556752528995","0.34034899668768","0.477230065036565","0.258016780717298","0.325352151878178","05_15"
"11.0380638544939","1.33964540336156","0.731925156345938","1.31583800454292","1.03806385449386","0.126654650742835","1","0.687022846657783","0.482080115471035","0.7323137386702","0.478545248275623","0.757087148027495","05_15"
"0.909357068224346","1.09883320098237","1.07588623375623","0.332716777977246","0.909357068224346","0.200441038038807","0.2008","0.384103718213737","0.599565825425088","0.692731556482613","0.766310670645908","0.202692255144939","05_15"
"10.731845269484","1.41322519065433","0.629164474149219","1.68420360572418","0.731845269483959","0.0726866258147332","1","0.769841419998556","0.493541307048872","0.477619622135535","0.0842469143681228","0.711121222469956","05_15"
"1.08314991342039","1.12214094102437","1.03617735769338","0.464254963483591","1.08314991342039","0.166029812104582","0.4326","0.497699242085218","0.186217601411045","0.8612094768323","0.875321330036968","0.121691921027377","05_15"
"10.8018843097601","1.40302013651163","0.649861361920139","1.60753285861195","0.801884309760063","0.0731164896285416","1","0.717618508264422","0.827373318606988","0.438097107224166","0.339072937844321","0.245488513959572","05_15"
"10.4398164067375","1.48384644850465","0.535666739638921","1.9996283379034","0.439816406737476","0.0538447421973671","1","0.991906094830483","0.668466738192365","0.244797277031466","0.839440350187942","0.14330437942408","05_15"
"10.9655991137055","1.3862156552651","0.674670950642642","1.47220820153035","0.965599113705537","0.0245413111910216","1","0.1","0.1","0.1","0.1","0.1","05_15"
"11.2995143608958","1.33226557187562","0.747701287413586","1.1347172465622","1.29951436089582","0.0435990370755668","0.9974","0.2","0.2","0.2","0.2","0.2","05_15"
"6.46901949613603","1.29540772706216","0.798677699735184","0.922508687952589","1.46901949613603","0.0614094097496393","0.9622","0.3","0.3","0.3","0.3","0.3","05_15"
"6.45377283826586","1.2767546420961","0.821662475426944","0.867417087187459","1.45377283826586","0.079734308742838","0.952","0.4","0.4","0.4","0.4","0.4","05_15"
"6.34508856763648","1.28384419817493","0.810721764449999","0.957991690049604","1.34508856763647","0.0996413792283429","0.991","0.5","0.5","0.5","0.5","0.5","05_15"
"11.1883157779788","1.31136338683665","0.773378772561071","1.13818427209794","1.18831577797878","0.115532454050806","1","0.6","0.6","0.6","0.6","0.6","05_15"
"10.9705661095785","1.35565264780762","0.711154186139301","1.39736777338391","0.970566109578515","0.125931817443522","1","0.7","0.7","0.7","0.7","0.7","05_15"
"10.7029638460955","1.41705805753678","0.629689691385425","1.70102232274523","0.702963846095546","0.133876015859109","1","0.8","0.8","0.8","0.8","0.8","05_15"
"10.4301259945125","1.4941117045088","0.535295934749065","2.01439058485449","0.430125994512455","0.153438907212019","1","0.9","0.9","0.9","0.9","0.9","05_15"
"10.2100234351459","1.57920138826394","0.428662696505017","2.29990478144756","0.210023435145858","0.195782727586686","1","1","1","1","1","1","05_15"
"11.0034974258807","1.37910449198276","0.68300958174183","1.43798780616312","1.00349742588072","0.0285494424316659","1","0.197328310459852","0.169035256863572","0.125788034289144","0.196454327297397","0.14349238879513","05_15"
"10.6753721834267","1.4347436131435","0.609648878868785","1.74971519305116","0.675372183426686","0.0100892127117971","1","0.201879436220679","0.320669162489775","0.0310570435573747","0.127375541750477","0.363449726046836","05_15"
"10.6878955277614","1.42366449610557","0.616694389274442","1.73059650978854","0.68789552776145","0.0764092944479586","1","0.796895323563967","0.346292374462214","0.513508052336377","0.480059697931575","0.806524417007932","05_15"
"11.2995143608958","1.33226557187562","0.747701287413586","1.1347172465622","1.29951436089582","0.0435990370755668","0.9974","0.2","0.2","0.2","0.2","0.2","05_15"
"11.0140915143132","1.35229105775271","0.709008936548504","1.37580017226981","1.01409151431319","0.0943321751711057","1","0.660797792486846","0.386114092543721","0.553036311641335","0.293603372760117","0.960617997217923","05_15"
"10.4489839759033","1.48341575990145","0.540865139461223","1.996119892884","0.44898397590332","0.107710468706046","1","0.912661545096312","0.482420267991605","0.781575577150152","0.769053975401484","0.73722024742108","05_15"
"10.9992535833137","1.35166688996172","0.716253168488169","1.37815579769577","0.999253583313728","0.112386674569956","1","0.687386221550639","0.567238726091541","0.656776898844593","0.409132583260241","0.282223565378532","05_15"
"0.904352090771566","1.12154652725301","1.0442237293088","0.481595133512989","0.904352090771566","0.231937489600976","0.473","0.439830161537975","0.7463687219657","0.747354346327484","0.757884998992086","0.59536656755954","05_15"
"11.2995143608958","1.33226557187562","0.747701287413586","1.1347172465622","1.29951436089582","0.0435990370755668","0.9974","0.2","0.2","0.2","0.2","0.2","05_15"
"11.3138041015123","1.33298153663401","0.748141722870106","1.1278502815492","1.31380410151226","0.0404429885890099","0.9954","0.102671689540148","0.130964743136428","0.174211965710856","0.103545672702603","0.15650761120487","05_15"
"10.5302848562419","1.46311863379801","0.570076173660279","1.90140335928424","0.530284856241893","0.097336875470087","1","0.878298873723284","0.215754614642504","0.696869924207023","0.467795872724161","0.443275379633268","05_15"
"10.8913750868117","1.37288781513414","0.685286854331501","1.49395102118604","0.891375086811714","0.114697935615873","1","0.73201372350904","0.484800400735927","0.701357185139268","0.843821948857941","0.740100451413876","05_15"
"11.3171704291391","1.31445513501027","0.769949897450634","1.07561270886537","1.31717042913912","0.0656900430986382","0.9982","0.423553972251109","0.124515139650261","0.341109398332452","0.1177787631618","0.446189369528555","05_15"
"10.6671445319596","1.43452797713949","0.611258768065541","1.75216011534847","0.667144531959611","0.0780704391111558","1","0.8","0.7","0.5","0.4","0.4","05_15"
"10.973815395349","1.35359704552835","0.712148608989105","1.39451028264235","0.973815395348969","0.123930264127153","1","0.708672291413734","0.480919497383593","0.735231382998541","0.701732404063897","0.0222068231087178","05_15"
"10.5035292991277","1.46768362300217","0.559641599324567","1.93085203651351","0.503529299127725","0.0771056358864948","1","0.898992646485567","0.40047950129956","0.544101304747164","0.443555170297623","0.560702224634588","05_15"
"6.42649935901723","1.30029833228244","0.791513152090996","0.963180727048408","1.42649935901723","0.0627982641084891","0.9822","0.337243820235738","0.36159895289346","0.311926913308883","0.275824609598317","0.614428627689369","05_15"
"10.5421628856855","1.45913010076197","0.578016106170566","1.88520673035575","0.54216288568555","0.132535711150407","1","0.855030847201124","0.883003052463755","0.772540348069742","0.813796725915745","0.88545678127557","05_15"
"11.2069013980035","1.29099455914436","0.801959767189391","1.04331743932518","1.20690139800354","0.131295501681581","0.9992","0.610313020534579","0.318978875319504","0.704432577987707","0.866188746776727","0.239468355648846","05_15"
"10.4317765007162","1.48882133263901","0.535676962227992","2.01249396104648","0.431776500716217","0.105580676609158","1","0.9230258238494","0.268381286814974","0.780015117961079","0.68968876847115","0.762822541088291","05_15"
"10.6671445319596","1.43452797713949","0.611258768065541","1.75216011534847","0.667144531959611","0.0780704391111558","1","0.8","0.7","0.5","0.4","0.4","05_15"
"10.705043364978","1.42238318933384","0.623564582372342","1.71110432932121","0.705043364978045","0.0932342443204901","1","0.798335313088592","0.347930262291479","0.63008011597735","0.517119813537282","0.842761066864586","05_15"
"0.734377858403497","1.05913660803333","1.11945093220084","0.0784745169247731","0.734377858403497","0.147974643488009","0.0046","0.101007353514433","0.59952049870044","0.455898695252836","0.556444829702377","0.439297775365412","05_15"
"10.9282653364951","1.39171229469741","0.667223637285788","1.50465061767323","0.928265336495052","0.0228910529617679","1","0.104095138678622","0.649021683230695","0.0922741587764184","0.623494925320013","0.136544642850915","05_15"
"10.6821996103541","1.42692560549673","0.612951692091917","1.74211463815809","0.682199610354085","0.0294006078589868","1","0.702187653949276","0.70636274957622","0.166648217730462","0.329476350007311","0.334558542451687","05_15"
"6.35560856745714","1.29110167363108","0.801242281537878","0.978975081501069","1.35560856745714","0.087731207163826","0.9922","0.469936245687514","0.771082471743575","0.441295408157394","0.169989810165286","0.39921638834583","05_15"
"10.6509622680124","1.42864558949392","0.610044711599623","1.76334740759604","0.650962268012423","0.117936993221872","1","0.820090811244413","0.709800481318814","0.750190269612902","0.739034314464301","0.74671416384008","05_15"
"10.7414454689402","1.4123222244121","0.632074257086273","1.67634818053938","0.741445468940157","0.0701929927598675","1","0.760169838462025","0.4536312780343","0.452645653672516","0.442115001007915","0.60463343244046","05_15"
"11.1883157779788","1.31136338683665","0.773378772561071","1.13818427209794","1.18831577797878","0.115532454050806","1","0.6","0.6","0.6","0.6","0.6","05_15"
"10.8816496508841","1.37455153853457","0.690585880275346","1.48914167222156","0.881649650884125","0.14418655330317","1","0.744969152798876","0.716996947536245","0.827459651930258","0.786203274084255","0.71454321872443","05_15"
"10.5561945895062","1.45686857670812","0.578243972448894","1.87347790553428","0.556194589506152","0.0952185235874174","1","0.866063878251774","0.291254611614426","0.675616715353597","0.548051711825543","0.815194548560023","05_15"
"10.9992535833137","1.35166688996172","0.716253168488169","1.37815579769577","0.999253583313728","0.112386674569956","1","0.687386221550639","0.567238726091541","0.656776898844593","0.409132583260241","0.282223565378532","05_15"
"10.6479183611207","1.43007437226171","0.609529522002099","1.7644436988865","0.647918361120741","0.119562077116876","1","0.820090811244413","0.743514884263277","0.750190269612902","0.739034314464301","0.74671416384008","05_15"
"10.6741032492365","1.42875818299327","0.61398143382246","1.74403712175124","0.674103249236525","0.0732376757905088","1","0.798029954578809","0.515808883308027","0.483083243946317","0.431963525190965","0.47693323682491","05_15"
"10.7351482787591","1.41713384890453","0.631511545165362","1.67665528125353","0.735148278759069","0.0738760480720085","1","0.762139883883216","0.637822394726272","0.4695624097262","0.41015147581695","0.52770019561555","05_15"
"11.0079595135869","1.34593635044129","0.727365585221661","1.34177013825959","1.00795951358688","0.134714763298858","1","0.69587460915369","0.7401249455098","0.750472847540044","0.412528059538455","0.554610237809168","05_15"
"11.3138041015123","1.33298153663401","0.748141722870106","1.1278502815492","1.31380410151226","0.0404429885890099","0.9954","0.102671689540148","0.130964743136428","0.174211965710856","0.103545672702603","0.15650761120487","05_15"
"11.1066690332077","1.32841657985873","0.749359182348992","1.24234722483018","1.10666903320767","0.11568289039682","1","0.64218600484392","0.599289402802218","0.635786678840119","0.468383639265649","0.29309458043921","05_15"
"10.6977661280861","1.42268609175538","0.620642838304917","1.71721509818599","0.697766128086065","0.0901185678342402","1","0.79980776272519","0.442558508563757","0.607873432390802","0.219263953004704","0.434534075449233","05_15"
"10.7671225276018","1.40631773953455","0.638446878518489","1.65228017021862","0.767122527601812","0.0704475947742929","1","0.749538830909608","0.339473885623502","0.456732866188814","0.463605758633655","0.449805663459026","05_15"
"11.1974723244012","1.34127413634467","0.73453039351642","1.21595399914064","1.19747232440116","0.0508923787277744","1","0.388884037402899","0.139620075639681","0.262047605218379","0.151403053607796","0.389785751198181","05_15"
"1.54300626441416","1.22388941723195","0.893917761196883","0.587209551258436","1.54300626441416","0.0934539423555519","0.6252","0.358401610731314","0.244517832873894","0.460255289217457","0.819125983851992","0.216202915455918","05_15"
"10.6509622680124","1.42864558949392","0.610044711599623","1.76334740759604","0.650962268012423","0.117936993221872","1","0.820090811244413","0.709800481318814","0.750190269612902","0.739034314464301","0.74671416384008","05_15"
"10.702882383616","1.42110195088924","0.62196828532486","1.71390826436599","0.70288238361602","0.0789753584612324","1","0.790339425818021","0.376433056155829","0.528976052073114","0.434928218314701","0.853728309971723","05_15"
"10.5787030894594","1.45042782021262","0.586850151532118","1.84810419234734","0.57870308945936","0.103463431336052","1","0.855297258686218","0.325056937492027","0.734478518584832","0.658756870182889","0.790389059392855","05_15"
"10.8352389560419","1.40509315153542","0.647456617038849","1.59037617532013","0.835238956041872","0.020438413392286","1","0.249235928875038","0.327487651328487","0.0878322297049373","0.143829481048398","0.720168479595741","05_15"
"10.8169168797339","1.39775769402102","0.654686706201462","1.59214051354827","0.816916879733875","0.0863309410096386","1","0.733760478975006","0.593768557814939","0.535996896536292","0.602047023561871","0.649400948087341","05_15"
"10.8121998559744","1.39666890997937","0.657183792597738","1.58990990060164","0.812199855974442","0.0977283047005432","1","0.746285202736357","0.633276162128662","0.605289186860344","0.582362731425717","0.620689360706016","05_15"
"11.2708635427282","1.29993810357682","0.786900617560119","1.06332311565847","1.27086354272822","0.102146624920342","0.9994","0.548427356685608","0.544278577822322","0.530291899973615","0.418521729884742","0.407957692529864","05_15"
"10.7003773167071","1.41952329848333","0.626498963252328","1.71469115017446","0.700377316707095","0.101757483051639","1","0.798253244534034","0.591031842920989","0.665360288602976","0.64177492529607","0.490699503326535","05_15"
"11.2715999291313","1.33526109384873","0.742877699768127","1.16077891288692","1.27159992913125","0.0438156460267513","0.9986","0.231998245308062","0.153930320874152","0.204849827403217","0.162830036851401","0.199896007125503","05_15"
"10.9887115803535","1.35942015356736","0.702046879300389","1.40507240380661","0.988711580353501","0.0907342356669239","1","0.667353690232792","0.355973410850106","0.537568311904598","0.338734852376992","0.913414104254132","05_15"
"10.9992535833137","1.35166688996172","0.716253168488169","1.37815579769577","0.999253583313728","0.112386674569956","1","0.687386221550639","0.567238726091541","0.656776898844593","0.409132583260241","0.282223565378532","05_15"
"1.2896982602386","1.16845227491004","0.981011276889036","0.4511702789989","1.2896982602386","0.134587391215668","0.4346","0.451911409803265","0.27446104244561","0.690381277329832","0.247062762924734","0.223265440192928","05_15"
"11.3171704291391","1.31445513501027","0.769949897450634","1.07561270886537","1.31717042913912","0.0656900430986382","0.9982","0.423553972251109","0.124515139650261","0.341109398332452","0.1177787631618","0.446189369528555","05_15"
"10.5774672578124","1.45075534926312","0.586970058188764","1.84820606716049","0.577467257812445","0.106515616605465","1","0.846542459598073","0.710116833045496","0.678844399374292","0.810401249637531","0.613070108844934","05_15"
"11.0923422775992","1.33340618045824","0.741405341877067","1.27081368159792","1.09234227759919","0.112050589310032","1","0.645200216706719","0.567949323289323","0.620990220004474","0.540748943994592","0.589128984939322","05_15"
"10.8068821856328","1.39276882220283","0.659567706206128","1.59909300051152","0.806882185632793","0.106609287978124","1","0.758853788524544","0.537352063441883","0.674816118742431","0.645955543666452","0.698487290458873","05_15"
"10.7021747308818","1.41912882459067","0.627539706782657","1.71090360507601","0.70217473088176","0.104293302264453","1","0.794707625241503","0.750316281681369","0.659618000121992","0.449192446872118","0.734125918974521","05_15"
"10.6377445002414","1.43886051346399","0.6010029877708","1.78506498022567","0.637744500241434","0.0858924832691207","1","0.820493060421646","0.586318048816686","0.565568001620267","0.806719280051542","0.755964294741509","05_15"
"11.1119993255341","1.32841657985873","0.750042791538295","1.24112972158382","1.11199932553406","0.11375554975324","1","0.64218600484392","0.599289402802218","0.635786678840119","0.239086773013696","0.29309458043921","05_15"
"10.9460714216224","1.37356684835414","0.686932063695058","1.45956228919679","0.946071421622429","0.0760975652655749","1","0.663005299800165","0.148480142042961","0.457680477355254","0.13737906901496","0.434987801367025","05_15"
"11.2644997763161","1.3362041705455","0.741993617934316","1.16812924965571","1.26449977631611","0.0446789881074772","0.9986","0.256920520160859","0.287563249779365","0.212287375097282","0.295675389487611","0.548283234228625","05_15"
"6.38757481486773","1.27639278572802","0.819607913868455","0.905778688032145","1.38757481486773","0.0930140041989862","0.9752","0.478858649058975","0.193244135525846","0.488088363059016","0.264298563442002","0.277755869029278","05_15"
"11.2708635427282","1.29993810357682","0.786900617560119","1.06332311565847","1.27086354272822","0.102146624920342","0.9994","0.548427356685608","0.544278577822322","0.530291899973615","0.418521729884742","0.407957692529864","05_15"
"10.6925586841415","1.42561944067962","0.618723214699983","1.72176065638583","0.692558684141514","0.0898155398246128","1","0.798181904255473","0.53438041307054","0.593645750784408","0.55238909273317","0.477615973549061","05_15"
"10.830515080332","1.39438638650975","0.657991141832481","1.57717433172251","0.830515080332028","0.0913831152766096","1","0.736764450337926","0.568000695121585","0.570460878187377","0.437084887779723","0.423753921823311","05_15"
"10.7259106428148","1.41632518159258","0.626211485927237","1.69284109965485","0.725910642814829","0.0427752431916332","1","0.720086477903873","0.294419459361168","0.268882106422082","0.409430114955008","0.752268725567717","05_15"
"10.6480057096591","1.43535515497877","0.609356004048512","1.77258664731469","0.648005709659135","0.0965473146937804","1","0.81496138450232","0.652998270900945","0.622516540884143","0.751294953429636","0.470687206582877","05_15"
"10.7510671286859","1.40978439712602","0.634814123678916","1.66902736644735","0.751067128685853","0.0601427546249104","1","0.740479081151648","0.430736819320698","0.386382628384505","0.231109396584856","0.6759715010499","05_15"
"11.3171704291391","1.31445513501027","0.769949897450634","1.07561270886537","1.31717042913912","0.0656900430986382","0.9982","0.423553972251109","0.124515139650261","0.341109398332452","0.1177787631618","0.446189369528555","05_15"
"11.2152707523883","1.31694327438953","0.761848543741931","1.15202430729654","1.21527075238825","0.0901513416914359","1","0.560356435176134","0.418593506171057","0.491302353368","0.199663647151545","0.445735643610763","05_15"
"11.3138041015123","1.33298153663401","0.748141722870106","1.1278502815492","1.31380410151226","0.0404429885890099","0.9954","0.102671689540148","0.130964743136428","0.174211965710856","0.103545672702603","0.15650761120487","05_15"
"11.1974723244012","1.34127413634467","0.73453039351642","1.21595399914064","1.19747232440116","0.0508923787277744","1","0.388884037402899","0.139620075639681","0.262047605218379","0.151403053607796","0.389785751198181","05_15"
"10.6844965272594","1.42851532332992","0.617287153230866","1.7331420428098","0.684496527259396","0.0923215179976531","1","0.80616612394726","0.41593540312079","0.623970465357781","0.581724878956538","0.593622088621751","05_15"
"10.9146729996832","1.37710611495948","0.68091531726461","1.48948565936453","0.91467299968325","0.0844027760931446","1","0.691978113883856","0.393793025878461","0.516186970324168","0.450744383823188","0.308543382659923","05_15"
"10.7112198815555","1.41661787097401","0.629911017652476","1.70158502521177","0.711219881555508","0.102055602752689","1","0.794945462464791","0.55851975927827","0.670995122047473","0.64457142098002","0.657146517199567","05_15"
"11.3171704291391","1.31445513501027","0.769949897450634","1.07561270886537","1.31717042913912","0.0656900430986382","0.9982","0.423553972251109","0.124515139650261","0.341109398332452","0.1177787631618","0.446189369528555","05_15"
"10.8222272443734","1.39518677151652","0.657551798020984","1.58242644454911","0.822227244373433","0.0948090392283086","1","0.74494693857639","0.512919585836582","0.597322794709239","0.421993958070708","0.423485846177635","05_15"
"10.795313488211","1.39645278923849","0.655702475553907","1.61343796800403","0.795313488211027","0.106377556954703","1","0.762161570593787","0.569864147084602","0.669181285297934","0.643159047982502","0.532040276585841","05_15"
"1.57088335374685","1.25590905216764","0.853078328218407","0.716757917554286","1.57088335374685","0.0774766115697881","0.8004","0.307010092257425","0.487782674928778","0.366809889923408","0.554495009759612","0.534896481872375","05_15"
"10.9001665987876","1.37960291734956","0.677856859263699","1.50278757977084","0.900166598787552","0.0903820344371724","1","0.703451509084803","0.54709759098866","0.548409044599059","0.46326227667689","0.346273895440808","05_15"
"10.8866572488508","1.38279517922836","0.672870008040641","1.52388884044292","0.886657248850792","0.0808287386613245","1","0.697589450520964","0.520143052362488","0.493748341073091","0.446806741205163","0.313407697502304","05_15"
"10.7189332719296","1.41797990382512","0.626008362421063","1.6999141306818","0.718933271929581","0.0773113925417021","1","0.78111990600536","0.396592447768053","0.513060724678962","0.52271205484155","0.592188565721083","05_15"
"10.8335655468715","1.39088498849351","0.663297901517161","1.56910713470219","0.833565546871522","0.100221929194765","1","0.742626508901765","0.594955233747757","0.625121581713345","0.45354042325145","0.456620119761816","05_15"
"10.6855615911958","1.42839099011141","0.615816181740662","1.7329790663428","0.685561591195835","0.0845696983402201","1","0.798101294857371","0.572460313158475","0.554797781764884","0.521349357753864","0.490016766602383","05_15"
"6.38303384325627","1.30021938295981","0.79202429165299","0.977677330335397","1.38303384325627","0.0709262076215319","0.9928","0.395325601093006","0.559975588150524","0.352548143184321","0.366915112675048","0.215234718535435","05_15"
"10.7558642354731","1.4102276317156","0.636468398151541","1.65724718384571","0.755864235473099","0.0793242617866493","1","0.765417150965224","0.242800127250616","0.521538504379049","0.302082865678491","0.505341082868601","05_15"
"1.4829311707781","1.22516140999378","0.890246770218786","0.622264138050301","1.4829311707781","0.103381009861507","0.6896","0.395213329222939","0.324322803581745","0.494566838636453","0.830385908484459","0.783094302588047","05_15"
"10.5938490944625","1.44892935221922","0.588538878756784","1.83645527537314","0.593849094462488","0.0858909355474122","1","0.847161089317767","0.424930417679265","0.593591297173368","0.508995516417316","0.673700207596013","05_15"
"11.1029656480372","1.32385436118718","0.753688928818237","1.22856288361438","1.10296564803716","0.126780173491819","1","0.659789011833379","0.424130377673408","0.713102679699659","0.471743791180367","0.289129279517207","05_15"
"10.7217015347344","1.41916798016794","0.624915343445576","1.69688196236033","0.72170153473436","0.0455173539678752","1","0.728544525213546","0.484770716368809","0.285055755397179","0.483989161387288","0.507903859783506","05_15"
"6.2926786086068","1.27352415207491","0.822622765604192","0.940385582441381","1.2926786086068","0.119633646842672","0.9916","0.541702713206887","0.551780613597905","0.592684037450738","0.476896200451219","0.519727527639979","05_15"
"11.0051442516232","1.35665318528652","0.706489700918227","1.38775647109449","1.00514425162323","0.0899556436140408","1","0.659291653354997","0.314535579497549","0.53134640142904","0.348026987675404","0.396190920956984","05_15"
"11.3171704291391","1.31445513501027","0.769949897450634","1.07561270886537","1.31717042913912","0.0656900430986382","0.9982","0.423553972251109","0.124515139650261","0.341109398332452","0.1177787631618","0.446189369528555","05_15"
"11.0780416874749","1.35378475696822","0.71270259050846","1.3334319466322","1.07804168747493","0.0589083249821442","1","0.527774288303375","0.359464909212672","0.324346954573747","0.355765158665563","0.471210803790258","05_15"
"10.8028831225545","1.39251445711143","0.658579353777112","1.59597390777413","0.802883122554538","0.109294966853913","1","0.765417150965224","0.242800127250616","0.707990671508014","0.302082865678491","0.505341082868601","05_15"
"10.7315974477191","1.4165280664797","0.629194813314466","1.68517669448075","0.731597447719067","0.0827762394103196","1","0.777136524835815","0.49749343875533","0.537837238775937","0.445521159661622","0.454028232054462","05_15"
"11.2146073445067","1.31370654037443","0.767086846981499","1.14084645735449","1.21460734450674","0.0980509696036222","1","0.578018287120509","0.205087550522896","0.539142421505735","0.133102407013791","0.297325088765278","05_15"
"11.248880328082","1.30862602894493","0.775307606226482","1.10476781069719","1.24888032808195","0.0935815366634139","1","0.55283523949576","0.239682375484495","0.508661416941882","0.300175475860439","0.463373115476661","05_15"
"10.7158116750407","1.41843017374228","0.625079567304794","1.69831890090316","0.715811675040712","0.0860992560994614","1","0.7897238569458","0.3440291560629","0.577472101809312","0.47783004630089","0.721980839333272","05_15"
"11.0571387076168","1.3457306635818","0.720837221030603","1.33188101806029","1.05713870761683","0.0908884702279117","1","0.634917533988577","0.434283274669582","0.520607859919338","0.404649493170293","0.396914337743091","05_15"
"11.3138041015123","1.33298153663401","0.748141722870106","1.1278502815492","1.31380410151226","0.0404429885890099","0.9954","0.102671689540148","0.130964743136428","0.174211965710856","0.103545672702603","0.15650761120487","05_15"
"10.6783930593505","1.42933063839252","0.614161777838423","1.74365110426346","0.678393059350518","0.0839630151283277","1","0.803765077407149","0.487485215868511","0.56149560403513","0.495977408295083","0.52146373768605","05_15"
"11.069728708242","1.34334160975929","0.72454791509796","1.31758561777904","1.06972870824195","0.0914025579892253","1","0.62889041027236","0.531407822490136","0.519103538047721","0.258276430658142","0.39509520130848","05_15"
"10.7706024884589","1.40543035325194","0.639712960492886","1.64529124800016","0.770602488458897","0.0725877298864483","1","0.750105658129725","0.153947220709122","0.47070082460559","0.420810187676775","0.10102623119019","05_15"
"11.2460296056142","1.31095554419635","0.770652023220343","1.11743978765215","1.24602960561423","0.0898235895450903","1","0.544282610163675","0.346090360342703","0.484502579604552","0.392356428013018","0.408055798998064","05_15"
"10.9351792452163","1.35992767764235","0.717424621777755","1.40777926329456","0.935179245216287","0.163452757095053","1","0.74494693857639","0.512919585836582","0.985662204911932","0.421993958070708","0.423485846177635","05_15"
"11.2092936607892","1.3127751573197","0.767944950913917","1.14351432107826","1.20929366078924","0.10112670565677","1","0.581401814595793","0.455480480486268","0.547110865376471","0.306531580223093","0.469323385105363","05_15"
"11.3378829606232","1.29853056391468","0.791571557075541","1.01132255066345","1.33788296062318","0.0822198132654579","0.9964","0.471549608978755","0.543028232099615","0.425206355491746","0.21831793323889","0.487709748773608","05_15"
"11.3171704291391","1.31445513501027","0.769949897450634","1.07561270886537","1.31717042913912","0.0656900430986382","0.9982","0.423553972251109","0.124515139650261","0.341109398332452","0.1177787631618","0.446189369528555","05_15"
"10.795313488211","1.39645278923849","0.655702475553907","1.61343796800403","0.795313488211027","0.106377556954703","1","0.762161570593787","0.569864147084602","0.669181285297934","0.643159047982502","0.532040276585841","05_15"
"11.3197600176981","1.30070255265382","0.787678665405398","1.03371607433626","1.31976001769808","0.0838536948810271","0.998","0.487721689974519","0.518716991929583","0.437753655666837","0.223763129161705","0.441958861202486","05_15"
"11.0940486600012","1.35003206483896","0.7179035773913","1.31808767495272","1.09404866000119","0.0632598546659956","1","0.541119189932942","0.298567831670046","0.350355159800991","0.172229076353945","0.351541268032795","05_15"
"10.9146729996832","1.37710611495948","0.68091531726461","1.48948565936453","0.91467299968325","0.0844027760931446","1","0.691978113883856","0.393793025878461","0.516186970324168","0.450744383823188","0.308543382659923","05_15"
"11.1974723244012","1.34127413634467","0.73453039351642","1.21595399914064","1.19747232440116","0.0508923787277744","1","0.388884037402899","0.139620075639681","0.262047605218379","0.151403053607796","0.389785751198181","05_15"
"11.2098810979527","1.31734311352623","0.762632474798947","1.1514460523743","1.20988109795268","0.0920240472136839","1","0.568598645614942","0.200156729020946","0.506480825095642","0.2956453752584","0.389569321042112","05_15"
"10.811630461309","1.39836190914254","0.653108426929536","1.59560709458882","0.811630461308955","0.0916947524377919","1","0.746847520995421","0.484542792799413","0.580504737737297","0.476280384799123","0.498510365350771","05_15"
"10.9457778398466","1.37137375102568","0.688788573805584","1.45151388436272","0.94577783984661","0.0833403804202993","1","0.675677154409257","0.235887533755516","0.503146042342423","0.270736053862093","0.393527630855767","05_15"
"10.9092500043865","1.37904993809561","0.678560911187864","1.49307642494801","0.909250004386466","0.0816141648693107","1","0.691440560528439","0.196361887291968","0.500965450496182","0.266205953260053","0.319723836421218","05_15"
"11.124175158011","1.32293800958348","0.758242763723166","1.21826220527145","1.12417515801101","0.119183325779446","1","0.643414737456858","0.5315913556068","0.664212795888334","0.249948545923899","0.307344812197149","05_15"
"0.935034199444059","1.10894113432186","1.06247203384116","0.105660973128967","0.935034199444059","0.133636640446811","0.021","0.0155072559136897","0.310038428854338","0.372770780417178","0.207452716058251","0.463426963209663","05_15"
"11.3197600176981","1.30070255265382","0.787678665405398","1.03371607433626","1.31976001769808","0.0838536948810271","0.998","0.487721689974519","0.518716991929583","0.437753655666837","0.223763129161705","0.441958861202486","05_15"
"11.248880328082","1.30862602894493","0.775307606226482","1.10476781069719","1.24888032808195","0.0935815366634139","1","0.55283523949576","0.239682375484495","0.508661416941882","0.300175475860439","0.463373115476661","05_15"
"11.3197600176981","1.30070255265382","0.787678665405398","1.03371607433626","1.31976001769808","0.0838536948810271","0.998","0.487721689974519","0.518716991929583","0.437753655666837","0.223763129161705","0.441958861202486","05_15"
"11.3022166374318","1.30512248404204","0.781770021526758","1.05866846599896","1.30221663743176","0.082013518515865","0.9996","0.492498649272563","0.499567373743425","0.431521192066224","0.156357631125302","0.42591835256838","05_15"
"10.9627104234003","1.36830664241462","0.693011724732671","1.4390614696732","0.96271042340034","0.0798102094725858","1","0.65872586549005","0.481103292493918","0.474355831609593","0.451094104336772","0.473447302060714","05_15"
"10.9170250214974","1.36706879138513","0.692615465617213","1.46061954173978","0.917025021497409","0.118684072626777","1","0.728363130187511","0.423761372696782","0.725340312353917","0.435183761296504","0.37385152741952","05_15"
"11.224617709455","1.31434958118324","0.766486338750095","1.13516533626199","1.22461770945496","0.0920056325970259","1","0.561642387345329","0.238443641225374","0.503868760578113","0.281831377097981","0.414642135133821","05_15"
"10.9351792452163","1.35992767764235","0.717424621777755","1.40777926329456","0.935179245216287","0.163452757095053","1","0.74494693857639","0.512919585836582","0.985662204911932","0.421993958070708","0.423485846177635","05_15"
"10.9939949192764","1.36051988449341","0.701711462178009","1.39769934604866","0.993994919276405","0.0860932236397541","1","0.657683983192867","0.251679163888041","0.509668648132397","0.322685730142736","0.394849444313926","05_15"
"11.0271264965705","1.35892196263645","0.706909660098986","1.37135491102584","1.02712649657051","0.0746331010517765","1","0.615895943808747","0.362904409518167","0.430495860701451","0.380951439127914","0.496273867080316","05_15"
"10.7785723242558","1.40807461662654","0.639207775113072","1.64109635248414","0.778572324255816","0.0480919250076522","1","0.694410885301979","0.1955687359453","0.298843468976642","0.216806242343999","0.396461233341551","05_15"
"10.9198976043793","1.37458289987224","0.682715431366577","1.47870843827545","0.919897604379318","0.0890700697298915","1","0.696765120257437","0.243360342000697","0.544110910915335","0.526312909072394","0.52202055315397","05_15"
"11.2545513491784","1.30832048376855","0.774364315065587","1.10051954537536","1.25455134917839","0.0911704790022528","0.9998","0.544721980684133","0.239815303058879","0.494798580335563","0.387128850924708","0.406297994070676","05_15"
"10.6833038341005","1.42497686974513","0.614296593068853","1.7356396491238","0.683303834100532","0.0486224420763781","1","0.765771271003831","0.48718027029941","0.310677931383182","0.480681435220554","0.480468595427347","05_15"
"10.9951296268979","1.35140902061067","0.721880439390344","1.36598510200835","0.995129626897866","0.131277010082877","1","0.708561922272735","0.48295123901826","0.776508862882183","0.437554580597392","0.358177701418038","05_15"
"10.8070179095241","1.40001465563314","0.650871351121381","1.60496220344492","0.807017909524145","0.0798087828028002","1","0.73990977904553","0.256077501457185","0.512215062789934","0.448828885828357","0.481463496410621","05_15"
"11.1681352293984","1.34539680560172","0.728460960208025","1.24826742580802","1.16813522939837","0.0509931629104784","1","0.41229764314703","0.323022977172843","0.265843284526176","0.15518140818518","0.470423545150909","05_15"
"10.9707001941269","1.36572713468409","0.6951409062208","1.42425120129362","0.970700194126868","0.0851517091145663","1","0.666870006559689","0.237126268014637","0.507938698706193","0.289080152624551","0.442258611198607","05_15"
"6.37820865700906","1.29582081042871","0.796604317588951","0.969621993451711","1.37820865700905","0.0759102761824297","0.9912","0.433232636334261","0.357504942895539","0.39354497340702","0.128643980342439","0.470472155092499","05_15"
"10.9351792452163","1.35992767764235","0.717424621777755","1.40777926329456","0.935179245216287","0.163452757095053","1","0.74494693857639","0.512919585836582","0.985662204911932","0.421993958070708","0.423485846177635","05_15"
"6.39056370741016","1.28935767124747","0.804828754792867","0.945621160498022","1.39056370741016","0.0806325875539417","0.9866","0.448136003234623","0.114746522158384","0.421410676183949","0.214539578661506","0.40707195482088","05_15"
"11.1074772533823","1.27321889293344","0.837741781062373","1.0174506496443","1.10747725338226","0.181434568039256","0.9978","0.659291653354997","0.314535579497549","0.982425559079275","0.348026987675404","0.396190920956984","05_15"
"11.2583717943932","1.30392992608168","0.780989284176579","1.08323732763426","1.25837179439319","0.0981509353730323","0.9998","0.5570692468267","0.248548408879086","0.532827584931256","0.195062709127379","0.359116484970505","05_15"
"11.0077592941814","1.35705943952758","0.706273920182743","1.38515588737815","1.0077592941814","0.0876875706142686","1","0.652910705204967","0.418491644537056","0.514085254129364","0.352699816889649","0.395592524284932","05_15"
"11.3378829606232","1.29853056391468","0.791571557075541","1.01132255066345","1.33788296062318","0.0822198132654579","0.9964","0.471549608978755","0.543028232099615","0.425206355491746","0.21831793323889","0.487709748773608","05_15"
"11.0051442516232","1.35665318528652","0.706489700918227","1.38775647109449","1.00514425162323","0.0899556436140408","1","0.659291653354997","0.314535579497549","0.53134640142904","0.348026987675404","0.396190920956984","05_15"
"1.33577202510459","1.18595575626405","0.957196015976789","0.508394025905464","1.33577202510459","0.12695631461016","0.5246","0.459890303066145","0.186851466944996","0.671194807749751","0.236679676942288","0.498665600725231","05_15"
"11.2025145294038","1.31962314138683","0.758210815116642","1.16893252450786","1.20251452940383","0.0899208973467019","1","0.568159275094484","0.306431786304771","0.496184824364631","0.30087295234671","0.391327125969501","05_15"
"11.0847781803153","1.32910083944098","0.746309228701032","1.25823801748089","1.08477818031526","0.124776354533059","1","0.666305048953241","0.494573160768456","0.7079706252792","0.335593327928464","0.312801430859848","05_15"
"11.1443035067642","1.32732108847737","0.746232244737024","1.22726833424692","1.14430350676415","0.0976458182552517","1","0.608704323026547","0.36302736039085","0.547231339296964","0.417585369139765","0.402498775347771","05_15"
"10.9200381297376","1.36913106929758","0.688681532318944","1.47252220275786","0.920038129737637","0.103712746711535","1","0.712182316592224","0.501601560057419","0.630388964918476","0.163083263440058","0.473988208972598","05_15"
"11.0051442516232","1.35665318528652","0.706489700918227","1.38775647109449","1.00514425162323","0.0899556436140408","1","0.659291653354997","0.314535579497549","0.53134640142904","0.348026987675404","0.396190920956984","05_15"
"11.3197600176981","1.30070255265382","0.787678665405398","1.03371607433626","1.31976001769808","0.0838536948810271","0.998","0.487721689974519","0.518716991929583","0.437753655666837","0.223763129161705","0.441958861202486","05_15"
"11.3022166374318","1.30512248404204","0.781770021526758","1.05866846599896","1.30221663743176","0.082013518515865","0.9996","0.492498649272563","0.499567373743425","0.431521192066224","0.156357631125302","0.42591835256838","05_15"
"11.3094348173784","1.30375740726703","0.783401708347997","1.05135044278743","1.30943481737836","0.0823909067115739","0.9994","0.489838470273638","0.505165863877965","0.432126086524523","0.189175810241186","0.433930201150476","05_15"
"11.2637745573601","1.31032332279795","0.772195540779642","1.10157434749911","1.26377455736013","0.0844550401710752","0.9998","0.523306240427531","0.408401359210686","0.455132645178203","0.136848088016433","0.438992977820081","05_15"
"11.3378829606232","1.29853056391468","0.791571557075541","1.01132255066345","1.33788296062318","0.0822198132654579","0.9964","0.471549608978755","0.543028232099615","0.425206355491746","0.21831793323889","0.487709748773608","05_15"
"11.0089048152856","1.36258617565064","0.702321838592684","1.39097145714112","1.00890481528556","0.0742665724218094","1","0.625180368949179","0.318502119298946","0.432634440699396","0.270521833108273","0.446694942822172","05_15"
"11.3152494961986","1.30210770236559","0.785602681745404","1.0420449837944","1.3152494961986","0.0834341606378875","0.9986","0.490381868973444","0.513118501795043","0.437148761208538","0.190944950045821","0.433947012620391","05_15"
"11.3197600176981","1.30070255265382","0.787678665405398","1.03371607433626","1.31976001769808","0.0838536948810271","0.998","0.487721689974519","0.518716991929583","0.437753655666837","0.223763129161705","0.441958861202486","05_15"
"6.28948494883743","1.26823586613415","0.834506432202501","0.915781973903756","1.28948494883743","0.123300119321519","0.9854","0.560688008501859","0.337037402780093","0.65325057065757","0.230987073200101","0.36361950124339","05_15"
"11.1663487278958","1.3287613640762","0.746024194329311","1.21164003345479","1.16634872789584","0.0822605101502471","1","0.562837101111697","0.36759522822191","0.452497582358181","0.344495709215655","0.42707170155735","05_15"
"11.0428966709142","1.33913102909308","0.733346541648798","1.31149369970454","1.04289667091419","0.127040541166395","1","0.685671610776353","0.519969433856604","0.732751033491318","0.351909798592828","0.352721082755339","05_15"
"10.9308170602098","1.37233636092127","0.686421538151552","1.46995047617429","0.930817060209775","0.0886459029269414","1","0.690046679305728","0.479939861544686","0.536228505356547","0.402368275028239","0.394801451924594","05_15"
"11.1019581148859","1.3400575147651","0.729891715768603","1.27823120362676","1.10195811488593","0.0819585761211444","1","0.594753543980114","0.204637590704474","0.46324007886831","0.224538196469524","0.408018509182817","05_15"
"11.1253057933676","1.31554913430708","0.769092595149333","1.1771205205845","1.12530579336757","0.131830766140352","1","0.652692838741949","0.359606254111905","0.737938940527102","0.320144687318067","0.419052041546928","05_15"
"10.9686265323203","1.35764276519999","0.722935067113321","1.37496951471922","0.968626532320323","0.149371472619858","1","0.729529742241604","0.254678367779861","0.899384150908791","0.509375049432557","0.471518190359007","05_15"
"10.863241326349","1.37872864782598","0.680522802882842","1.51872678407208","0.863241326349017","0.134003952306628","1","0.757991206646781","0.492115896947891","0.838847277744907","0.480480523514351","0.427416408303381","05_15"
"11.0632629022532","1.33134442977701","0.748275818705665","1.26704476052752","1.06326290225316","0.134996626486631","1","0.676199226159875","0.65870851976797","0.749949005658034","0.35787203571189","0.35822569380737","05_15"
"11.0051442516232","1.35665318528652","0.706489700918227","1.38775647109449","1.00514425162323","0.0899556436140408","1","0.659291653354997","0.314535579497549","0.53134640142904","0.348026987675404","0.396190920956984","05_15"
"10.8584849921355","1.39129912699101","0.661337379919405","1.55808107628849","0.858484992135527","0.055636403579806","1","0.661299728667194","0.2293747864662","0.339472150686444","0.274099422972456","0.403084859292554","05_15"
"11.3022166374318","1.30512248404204","0.781456561562228","1.06064750188229","1.30221663743176","0.082269928288937","0.9996","0.492498649272563","0.577510603936389","0.431521192066224","0.156357631125302","0.42591835256838","05_15"
"11.0837746714921","1.34512479860653","0.723520579786754","1.30764283730941","1.08377467149208","0.079043346765797","1","0.595791464453596","0.337032868608281","0.446092280855862","0.896372553892434","0.432503687560068","05_15"
"11.2772839243321","1.3208221101255","0.760551108130782","1.1207149742152","1.27728392433206","0.0650975128239107","0.9992","0.444801257390718","0.256200021761938","0.342877491959177","0.207345305219644","0.418578046642663","05_15"
"11.3378829606232","1.29853056391468","0.791571557075541","1.01132255066345","1.33788296062318","0.0822198132654579","0.9964","0.471549608978755","0.543028232099615","0.425206355491746","0.21831793323889","0.487709748773608","05_15"
"10.6378403821618","1.43595067864696","0.599602270977318","1.78740268481897","0.637840382161796","0.0231692700355556","1","0.752727002933441","0.507983959188101","0.129306000424549","0.422194869776911","0.476538033301602","05_15"
"1.52613128111255","1.21131351492979","0.911196193081868","0.522799240232098","1.52613128111255","0.0996259555609096","0.5388","0.357248281361535","0.332303327214658","0.48058840421022","0.369559845887519","0.455097305489749","05_15"
"10.8816265730647","1.37922420274266","0.673789859148326","1.52033783745688","0.881626573064678","0.0970937375664968","1","0.724744368512353","0.335272378795776","0.604917326627603","0.399259397223782","0.369348511146635","05_15"
"11.105168505189","1.33843590246324","0.730922990494476","1.27728446628791","1.10516850518896","0.0860762713113146","1","0.601958277626926","0.498603365923416","0.48310483198398","0.197526674463417","0.373063061461951","05_15"
"11.0837746714921","1.34512479860653","0.723520579786754","1.30764283730941","1.08377467149208","0.079043346765797","1","0.595791464453596","0.337032868608281","0.446092280855862","0.896372553892434","0.432503687560068","05_15"
"1.26909269316275","1.24321676638239","0.879232741039353","0.790806281103169","1.26909269316275","0.142479966519571","0.9302","0.552616369717868","0.40618555154906","0.729568096149017","0.28049485615388","0.421872931062523","05_15"
"11.0051442516232","1.35665318528652","0.706489700918227","1.38775647109449","1.00514425162323","0.0899556436140408","1","0.659291653354997","0.314535579497549","0.53134640142904","0.348026987675404","0.396190920956984","05_15"
"6.32941390239777","1.25767088982398","0.846443661658299","0.860551386834201","1.32941390239777","0.117664105559607","0.9616","0.532953566387137","0.367587142309451","0.619507658453002","0.149477474962914","0.380426210491452","05_15"
"6.28344416821023","1.26358405980733","0.842653762398858","0.888675115265211","1.28344416821023","0.129990241932687","0.977","0.554185241599953","0.501135658723005","0.656991879819743","0.327242463706234","0.373668570548372","05_15"
"11.2345130458727","1.31305062195682","0.767512918044753","1.12739679093777","1.23451304587271","0.0901317444940008","1","0.551040682542254","0.377851619681327","0.488875557382771","0.21835768625362","0.42218626857202","05_15"
"11.3378829606232","1.29853056391468","0.791571557075541","1.01132255066345","1.33788296062318","0.0822198132654579","0.9964","0.471549608978755","0.543028232099615","0.425206355491746","0.21831793323889","0.487709748773608","05_15"
"11.3378829606232","1.29853056391468","0.791571557075541","1.01132255066345","1.33788296062318","0.0822198132654579","0.9964","0.471549608978755","0.543028232099615","0.425206355491746","0.21831793323889","0.487709748773608","05_15"
"11.3197600176981","1.30070255265382","0.787678665405398","1.03371607433626","1.31976001769808","0.0838536948810271","0.998","0.487721689974519","0.518716991929583","0.437753655666837","0.223763129161705","0.441958861202486","05_15"
"11.036754405899","1.35431702001069","0.7119735334116","1.35318343597818","1.03675440589901","0.0802977205110083","1","0.623382709451613","0.36182206177353","0.463503489556288","0.17649791918062","0.436172088304486","05_15"
"10.9697388453534","1.36811053926719","0.694031134524024","1.42490564728215","0.969738845353376","0.0786440394326088","1","0.654816326712022","0.351343731065884","0.467748243778578","0.347808679681968","0.40200939229313","05_15"
"11.3145225269658","1.30270278562418","0.784757873638919","1.0438729245357","1.31452252696585","0.0827043209212837","0.9992","0.488200417313706","0.516605026051283","0.433034557325622","0.198295477362586","0.441719581800724","05_15"
"11.2454353708693","1.3027348615147","0.782768444887434","1.08569656708722","1.24543537086933","0.10509207202415","1","0.571577463025843","0.455439798517976","0.563463709087111","0.229574777517996","0.420895458920249","05_15"
"11.0051442516232","1.35665318528652","0.706489700918227","1.38775647109449","1.00514425162323","0.0899556436140408","1","0.659291653354997","0.314535579497549","0.53134640142904","0.348026987675404","0.396190920956984","05_15"
"11.1385797879494","1.34012453555531","0.732349791700321","1.2604670768818","1.13857978794936","0.0720020096789335","1","0.549412270781921","0.339879549345028","0.397752142180993","0.234096057308774","0.414758005919276","05_15"
"10.9898173281058","1.36180529808703","0.700470067840282","1.40512479576359","0.989817328105832","0.0841087740649136","1","0.654909908010055","0.365032672376938","0.496311685354166","0.439502887358333","0.446644934465898","05_15"
"6.2764719021792","1.26966189798574","0.831915950982626","0.927543028649955","1.2764719021792","0.125790899471531","0.9888","0.567312427754672","0.330787076653575","0.664201692910865","0.344714017209091","0.421253230221204","05_15"
"11.2587912882036","1.29170203914421","0.799878248356867","1.03075241767801","1.25879128820364","0.114074214417936","0.9984","0.573614024988669","0.403733829337354","0.605996423506215","0.246927540925372","0.42407493519506","05_15"
"10.6433504669826","1.43722627258395","0.602229497552052","1.78450782228524","0.643350466982627","0.0155220971225935","1","0.653063873035765","0.473601756288762","0.0715024236124009","0.619952929974158","0.459846962066768","05_15"
"11.3197600176981","1.30070255265382","0.787678665405398","1.03371607433626","1.31976001769808","0.0838536948810271","0.998","0.487721689974519","0.518716991929583","0.437753655666837","0.223763129161705","0.441958861202486","05_15"
"6.26086635190052","1.26818943174958","0.835502102881786","0.921924617806469","1.26086635190052","0.132948235412341","0.987","0.575533510853692","0.411334781399406","0.694996903704638","0.287884541827623","0.463178982315065","05_15"
"11.0526840525484","1.34456308574861","0.721227236154803","1.33307926132314","1.05268405254839","0.0971251984766278","1","0.64817679151334","0.394549368006103","0.561100400899562","0.348066345673456","0.397072957962563","05_15"
"11.0134569526343","1.36210522827324","0.700017666987229","1.40070037435782","1.01345695263427","0.0660376778518727","1","0.599609147859792","0.408212229050754","0.379473664172288","0.263766494825387","0.430285714575764","05_15"
"11.0592894957898","1.33742600482746","0.735069711340659","1.30073962985224","1.05928949578977","0.117920592507029","1","0.671342449241602","0.456310913754018","0.67823745308421","0.446581027878059","0.423697460401121","05_15"
"11.3162746546774","1.30176974136946","0.786102037558991","1.03959131650761","1.31627465467743","0.083447739395924","0.9984","0.489359742934451","0.507277829756265","0.436845184865737","0.214643462040306","0.434169480552238","05_15"
"11.3094348173784","1.30375740726703","0.783401708347997","1.05135044278743","1.30943481737836","0.0823909067115739","0.9994","0.489838470273638","0.505165863877965","0.432126086524523","0.189175810241186","0.433930201150476","05_15"
"11.2097410030365","1.30456987634595","0.783750084979473","1.10572077306467","1.20974100303654","0.116928862762145","1","0.60033192037471","0.493015294072411","0.624148214949936","0.348339162135027","0.382719826350126","05_15"
"11.1115301967108","1.32753752333098","0.748832955469196","1.24266011724982","1.11153019671078","0.112632581581468","1","0.64383470166155","0.348509450258419","0.636513333728676","0.410666317846121","0.442269409194418","05_15"
"10.8532821217798","1.38242252657408","0.67263935957452","1.5418331474457","0.853282121779773","0.109765308141624","1","0.745940410760176","0.350340562691422","0.691956226089736","0.381926483311696","0.399909868859245","05_15"
"11.3142975031928","1.30194154435077","0.785840540062316","1.04069070210653","1.31429750319277","0.0834199730867223","0.9986","0.489309724503807","0.518180486099161","0.43633467625733","0.221218199950253","0.439264711961551","05_15"
"11.0057427459802","1.36103726225275","0.704039457884688","1.38636325358708","1.00574274598024","0.0791918976869914","1","0.635685980529948","0.478374549400477","0.46223785149347","0.31174751842838","0.407691536553223","05_15"
"11.2983079930242","1.30640505132241","0.779858891988487","1.06538587474395","1.29830799302416","0.0812116388787287","0.9996","0.48998980014585","0.543028232099615","0.425206355491746","0.21831793323889","0.487709748773608","05_15"
"11.1790740163268","1.32693998998639","0.749547845468666","1.19822448924362","1.17907401632681","0.0804293903935591","1","0.547521275540174","0.429273756840452","0.436189230499453","0.667303024922776","0.432647746438976","05_15"
"11.3291048697266","1.30069375632605","0.788383740981532","1.02495555089815","1.32910486972655","0.0818055989464192","0.9974","0.476620432876919","0.522979544606558","0.42524528222547","0.219668317868186","0.443489302615784","05_15"
"11.2385588071067","1.31601661741249","0.765188047577986","1.12783982216815","1.23855880710665","0.0815155523992536","1","0.522237758806934","0.487304365073042","0.436789016199634","0.200976999014251","0.430403469947244","05_15"
"11.3197600176981","1.30070255265382","0.787678665405398","1.03371607433626","1.31976001769808","0.0838536948810271","0.998","0.487721689974519","0.518716991929583","0.437753655666837","0.223763129161705","0.441958861202486","05_15"
"1.18573311696604","1.11760707854753","1.04503287138365","0.208833429875515","1.18573311696604","0.1380058435959","0.1112","0.33364394819364","0.451884188159176","0.594840134639779","0.244843995196549","0.442214774798872","05_15"
"11.1459195024717","1.33170891673943","0.741360618136821","1.2360335907374","1.14591950247174","0.0867760671790465","1","0.584378882244642","0.415342254028826","0.479426854755733","0.389585451811276","0.442013495598032","05_15"
"11.3277206267688","1.29848380310983","0.790980118483503","1.020463028169","1.32772062676879","0.0843355622913779","0.9974","0.482650866076355","0.538765679422641","0.437714728933113","0.222412744532409","0.486179307360309","05_15"
"11.2159098790089","1.32010517188777","0.758995838705062","1.15642466869793","1.21590987900885","0.0823156405437632","1","0.536470606227129","0.424364137819111","0.442937607682031","0.427365006332243","0.441575522921816","05_15"
"11.0796911180512","1.337054045021","0.731717309101213","1.30155486795013","1.07969111805124","0.10404818988302","1","0.646830396883819","0.399380657783439","0.592997428458468","0.452156791806058","0.452513122489991","05_15"
"11.3378829606232","1.29853056391468","0.791571557075541","1.01132255066345","1.33788296062318","0.0822198132654579","0.9964","0.471549608978755","0.543028232099615","0.425206355491746","0.21831793323889","0.487709748773608","05_15"
"11.0448762931912","1.35616384450262","0.709650085575518","1.35719998058862","1.04487629319122","0.0713614572198044","1","0.596901287862989","0.368658101183585","0.40634695029014","0.487919215929919","0.431509474265131","05_15"
"11.2473024398361","1.29993376037279","0.788323651241493","1.070066948793","1.24730243983613","0.109214348666493","0.9998","0.576948335736595","0.394140065503426","0.586577958775199","0.25638298749313","0.385754843839473","05_15"
"11.3130471359225","1.30285863817658","0.784477678274023","1.04580959656368","1.31304713592251","0.082951808880608","0.9994","0.489825693700022","0.510583856257205","0.434496607369364","0.218040133432658","0.437044604337544","05_15"
"11.0453404720251","1.35656152440211","0.708143838598715","1.36544576892273","1.04534047202508","0.067021970752617","1","0.583765141646925","0.35881389089329","0.380161857050245","0.255482618193445","0.428669855008454","05_15"
"11.1174323142981","1.33672249501202","0.733753913226016","1.26430473376923","1.11743231429806","0.0852499255563448","1","0.594317884601653","0.459151663044547","0.47601023380944","0.207929342720149","0.41307823321166","05_15"
"11.0784852956141","1.34143907056984","0.727197851088074","1.30630532762402","1.07848529561414","0.0926034908622865","1","0.628903897830321","0.421936050490961","0.528867418532137","0.231638558207068","0.432427567304227","05_15"
"11.3154672657653","1.30253611101811","0.785007683630048","1.04261915316163","1.31546726576527","0.0827933710897242","0.999","0.488250435744351","0.505702369708387","0.433545065934029","0.191720739452638","0.436624350391411","05_15"
"11.2732025605627","1.31003319641768","0.774602761076374","1.09162453665905","1.2732025605627","0.0816509900203212","0.9998","0.508968816455713","0.378135045543372","0.437636478809631","0.225236971494775","0.428248056890383","05_15"
"6.30781199341251","1.28535004265384","0.807653720789934","0.979723857036145","1.30781199341251","0.106918029234028","0.9948","0.539178174492547","0.4733012973229","0.558800779412","0.217773588744931","0.424422190123481","05_15"
"11.3188045657805","1.30160850147506","0.786331801742833","1.03740483036244","1.31880456578052","0.0832226788962628","0.998","0.487734466548135","0.513298999550343","0.435383134821995","0.194898805970234","0.438844458015418","05_15"
"11.130608245465","1.34093821175599","0.730864068928504","1.26759851830585","1.13060824546499","0.0731452196510326","1","0.557052663807194","0.379331252223898","0.404846740355533","0.223693389052041","0.374742834169567","05_15"
"10.6843722643356","1.42826286837971","0.610974155778082","1.74079260498337","0.684372264335579","0.021222069291799","1","0.650068177813495","0.422730548763742","0.115018328882609","0.578462456014221","0.449603248771194","05_15"
"11.0538527961378","1.35425622444582","0.712786824184002","1.34436873240847","1.05385279613776","0.0738020881904397","1","0.598499324450399","0.37658699647545","0.41921899473801","0.672219832787902","0.431279927870701","05_15"
"11.3094348173784","1.30375740726703","0.783401708347997","1.05135044278743","1.30943481737836","0.0823909067115739","0.9994","0.489838470273638","0.505165863877965","0.432126086524523","0.189175810241186","0.433930201150476","05_15"
"11.1036168709239","1.34683795469111","0.723526597039279","1.29892203629946","1.10361687092389","0.0711951694444692","1","0.565256276994788","0.389277887502492","0.397063949303036","0.242379933940716","0.416373865486586","05_15"
"11.1889728965962","1.31391369287911","0.768153755588402","1.15238877975842","1.18897289659617","0.107716092909909","1","0.604182022163881","0.367996444812128","0.594030100577365","0.24116083314324","0.391744324614542","05_15"
"11.0389852149269","1.34426679383875","0.722134667606875","1.34333482569892","1.03898521492689","0.105605025307541","1","0.665821260862894","0.396196925036587","0.612873524108361","0.391440388851611","0.42744198140138","05_15"
"10.5112043538745","1.66909490321413","0.668774739867004","2.01961298686834","0.511204353874451","0.17959154478717","1","0.8","0.7","0.5","0.4","0.4","10_15"
"10.5112043538745","1.66909490321413","0.668774739867004","2.01961298686834","0.511204353874451","0.17959154478717","1","0.8","0.7","0.5","0.4","0.4","10_15"
"0.969729483483266","1.10347672105235","1.43794591197766","0.274421121901795","0.969729483483266","0.18583523278032","0.2858","0.2655086631421","0.380035179434344","0.79423986072652","0.0706790471449494","0.34668348915875","10_15"
"10.9264584732836","1.54717432816176","0.819164620489151","1.54692489854462","0.926458473283568","0.0337779781583724","1","0.37212389963679","0.777445221319795","0.107943625887856","0.0994661601725966","0.333774930797517","10_15"
"10.8434376210018","1.50399093662556","0.893797283211951","1.4537249026779","0.843437621001786","0.271048328892664","1","0.572853363351896","0.934705231105909","0.723710946040228","0.31627170718275","0.476351245073602","10_15"
"10.4703114156483","1.66463691042448","0.656268309190622","2.05702069510002","0.470311415648295","0.103577547709631","1","0.908207789994776","0.212142521282658","0.411274429643527","0.518634263193235","0.892198335845023","10_15"
"0.65788920543419","0.983174068797963","1.60111613811601","0.396872747879079","0.65788920543419","0.259622503754691","0.3804","0.201681931037456","0.651673766085878","0.820946294115856","0.662005076417699","0.864339470630512","10_15"
"10.4143591541471","1.69323696281029","0.623381724269007","2.13258940310468","0.414359154147088","0.148340657863548","1","0.898389684967697","0.125555095961317","0.647060193819925","0.406830187188461","0.389989543473348","10_15"
"10.3021556531827","1.74415459933844","0.554040533884098","2.27996941018522","0.302155653182691","0.186697601099472","1","0.944675268605351","0.267220668727532","0.78293276228942","0.912875924259424","0.777320698834956","10_15"
"10.7889589510774","1.56967559927317","0.80123053002545","1.65040136434899","0.788958951077442","0.156210045399059","1","0.660797792486846","0.386114092543721","0.553036311641335","0.293603372760117","0.960617997217923","10_15"
"10.8721084484978","1.54928085117851","0.831324622831387","1.55645817236134","0.872108448497798","0.13617442480453","1","0.62911404389888","0.0133903331588954","0.529719580197707","0.459065726259723","0.434659484773874","10_15"
"0.314413943609288","0.769389067629924","1.89657826008457","0.0328587920330208","0.314413943609288","0.217492233076738","0.0018","0.0617862704675645","0.382387957070023","0.789356231689453","0.332394674187526","0.712514678714797","10_15"
"10.8098967339479","1.57289455326127","0.785102259982552","1.66475948105603","0.809896733947907","0.0111858109068679","1","0.205974574899301","0.86969084572047","0.023331202333793","0.65087046707049","0.399994368897751","10_15"
"1.32236826001895","1.26634286965809","1.21950433432491","0.339580192737008","1.32236826001895","0.131563370910917","0.3414","0.176556752528995","0.34034899668768","0.477230065036565","0.258016780717298","0.325352151878178","10_15"
"10.7384965688717","1.58403495993767","0.780830893154176","1.70603887072781","0.738496568871722","0.219495752767752","1","0.687022846657783","0.482080115471035","0.7323137386702","0.478545248275623","0.757087148027495","10_15"
"5.85925229067943","1.3288828002646","1.13734647099178","0.994812307395152","0.859252290679431","0.307974332022439","0.9576","0.384103718213737","0.599565825425088","0.692731556482613","0.766310670645908","0.202692255144939","10_15"
"10.6243360039131","1.61884547973247","0.723878915055202","1.87383370893682","0.624336003913099","0.124752829533183","1","0.769841419998556","0.493541307048872","0.477619622135535","0.0842469143681228","0.711121222469956","10_15"
"10.9326467091765","1.37731407114514","1.06043888166995","1.09050657917686","0.932646709176458","0.25542275208967","0.9786","0.497699242085218","0.186217601411045","0.8612094768323","0.875321330036968","0.121691921027377","10_15"
"10.6173300960463","1.62953827245556","0.721806773263708","1.874259260693","0.617330096046327","0.171126606977409","1","0.717618508264422","0.827373318606988","0.438097107224166","0.339072937844321","0.245488513959572","10_15"
"10.3216845370352","1.74441475892029","0.568869397127507","2.259019548104","0.321684537035217","0.220876683817606","1","0.991906094830483","0.668466738192365","0.244797277031466","0.839440350187942","0.14330437942408","10_15"
"11.1057044431611","1.51895886645965","0.860208160679139","1.36723653122193","1.10570444316108","0.0296559050958685","1","0.1","0.1","0.1","0.1","0.1","10_15"
"11.29889490086","1.47261926352091","0.924068438288993","1.13061815267604","1.29889490086003","0.0554259141587533","0.9948","0.2","0.2","0.2","0.2","0.2","10_15"
"11.2829673898444","1.44673914690071","0.963059231609584","1.06247748696337","1.28296738984442","0.0870260195372542","0.9902","0.3","0.3","0.3","0.3","0.3","10_15"
"11.1519719421431","1.45414247357279","0.955810717634687","1.13482980439081","1.15197194214307","0.130810909402977","0.9968","0.4","0.4","0.4","0.4","0.4","10_15"
"10.9938225382512","1.48720426914857","0.916721419035086","1.31359541189233","0.993822538251204","0.17921526784336","1","0.5","0.5","0.5","0.5","0.5","10_15"
"10.8320621097389","1.54144725290368","0.840601446342577","1.54744333915336","0.832062109738879","0.222503879311279","1","0.6","0.6","0.6","0.6","0.6","10_15"
"10.6492350196236","1.61926452744387","0.741805448137176","1.81508280139516","0.649235019623552","0.261050663406596","1","0.7","0.7","0.7","0.7","0.7","10_15"
"10.4440950304888","1.70434511355599","0.625363588812326","2.11265635390795","0.444095030488794","0.299718092302426","1","0.8","0.8","0.8","0.8","0.8","10_15"
"10.2530986266282","1.79493984840882","0.498976783952414","2.36995858107291","0.253098626628227","0.351718028480122","1","0.9","0.9","0.9","0.9","0.9","10_15"
"10.1113866560351","1.88850036043426","0.369247643324851","2.60881028898314","0.111386656035117","0.422886463561563","1","1","1","1","1","1","10_15"
"1.31496961331912","1.36549608819949","1.08048985875896","0.768485167273623","1.31496961331912","0.125405895896745","0.8458","0.308792905486004","0.211252052858479","0.470479416087445","0.305639950035188","0.376092858106502","10_15"
"10.7076257073816","1.59177920519614","0.759909788583369","1.77004325533845","0.707625707381632","0.118262144646246","1","0.714198460997439","0.246757982882757","0.44732981596948","0.453102677257495","0.268532898397754","10_15"
"11.1151797122765","1.48157698727396","0.913786257760359","1.25781346892836","1.11517971227648","0.106526664929444","1","0.447721380461007","0.401820296095684","0.372621676139534","0.111333151930012","0.209770189528354","10_15"
"11.29889490086","1.47261926352091","0.924068438288993","1.13061815267604","1.29889490086003","0.0554259141587533","0.9948","0.2","0.2","0.2","0.2","0.2","10_15"
"10.9326467091765","1.37731407114514","1.06043888166995","1.09050657917686","0.932646709176458","0.25542275208967","0.9786","0.497699242085218","0.186217601411045","0.8612094768323","0.875321330036968","0.121691921027377","10_15"
"10.5003223430199","1.66586579831855","0.666240037573953","2.02602548172995","0.500322343019899","0.164672319886598","1","0.829532184821142","0.449707576461892","0.638237613043261","0.199170755864633","0.360835237080324","10_15"
"10.8206269876194","1.52082898876437","0.874787288882189","1.49653852471149","0.820626987619404","0.276944701190284","1","0.582321585511593","0.674047828424778","0.696845254327001","0.701274059635971","0.489545695852999","10_15"
"10.3764306959777","1.72122462372811","0.597084047972401","2.19405735945236","0.376430695977707","0.215668529651835","1","0.878792713946204","0.538114059279123","0.754383620769219","0.522919166509779","0.830199016624967","10_15"
"11.29889490086","1.47261926352091","0.924068438288993","1.13061815267604","1.29889490086003","0.0554259141587533","0.9948","0.2","0.2","0.2","0.2","0.2","10_15"
"10.8559155366049","1.55283332526439","0.813389291694217","1.5963333411152","0.855915536604944","0.0939231221631711","1","0.620321138412877","0.102138280300416","0.359240164110262","0.453425776224535","0.358566626667372","10_15"
"10.5598278916793","1.65021084128219","0.691682043609725","1.95140265808512","0.559827891679257","0.175765761171458","1","0.771575421987879","0.658021244428085","0.517272968036004","0.383501929428455","0.472859114377525","10_15"
"10.8874803955559","1.5534874577704","0.809015052432061","1.58522542194723","0.887480395555869","0.0373274827009507","1","0.440981399783345","0.45329274081922","0.116766206664521","0.307125591496425","0.362929237190541","10_15"
"10.9988364073465","1.50751316552256","0.887282167921985","1.37530213901047","0.998836407346501","0.135514478059893","1","0.554621308127517","0.0550845532223615","0.513902591766468","0.462824755597143","0.460943145868491","10_15"
"10.7201312211132","1.59073169713837","0.775049093435416","1.72764919198179","0.720131221113155","0.225381779517524","1","0.68815072003468","0.493879797065687","0.709020581236227","0.6726567409114","0.74550761715026","10_15"
"10.9535812821778","1.50587759530065","0.89267604520553","1.38241995231494","0.953581282177826","0.174353472542912","1","0.533475002528034","0.497977340373139","0.508476444422378","0.452123332114104","0.0222068231087178","10_15"
"10.5431769561657","1.65419203790081","0.681826453038623","1.97513556501816","0.543176956165709","0.175132492829662","1","0.799784821789443","0.308840433671181","0.679759439049969","0.605477891853645","0.645050969916153","10_15"
"10.9068504933666","1.52882502143747","0.858980893770531","1.47699221578783","0.906850493366575","0.170853894767331","1","0.574492735771364","0.458305779936534","0.515816988431239","0.49624097066258","0.473716338905384","10_15"
"10.6054993932888","1.63287268999239","0.720492705021942","1.89072501195998","0.605499393288799","0.169328960817784","1","0.703793871318898","0.798083188050405","0.35895367719775","0.498058447000313","0.76609793421888","10_15"
"10.8936794651706","1.44284151880166","0.975524418944627","1.27666604353821","0.893679465170562","0.298842913657387","0.9998","0.501782132702144","0.625517997000311","0.695886302155612","0.765036611009936","0.41314655929194","10_15"
"10.4635767289897","1.67707574754584","0.647920800099408","2.07038441577387","0.463576728989736","0.149011383485339","1","0.864914682439662","0.127577755588178","0.638583749397547","0.454706855074357","0.468816486291404","10_15"
"10.676488607831","1.60677869149355","0.752401786840888","1.78280706495875","0.676488607831026","0.245251271632702","1","0.698872126623103","0.688200318405348","0.723293157433973","0.505888507364223","0.711579530877235","10_15"
"10.9813829981139","1.52519192696974","0.848179102849995","1.45263315101235","0.981382998113855","0.0709286602830201","1","0.452278619538993","0.398179703904316","0.227378323860466","0.388666848069988","0.290229810471647","10_15"
"10.8088900719842","1.55200105776289","0.82826533362866","1.58484424616829","0.808890071984182","0.220987107783125","1","0.629329222109438","0.504549899487715","0.649960141147738","0.653587834406079","0.589608514857722","10_15"
"10.8029865823311","1.56669755042993","0.807347237322623","1.62729845095476","0.802986582331091","0.170704240646225","1","0.632534091165864","0.594005668883126","0.520486871452393","0.34503598684655","0.411615100335692","10_15"
"10.7795017044197","1.56430633830559","0.806036798215214","1.6387301053973","0.779501704419656","0.224873236401393","1","0.660923737593107","0.519266919428893","0.724999085867549","0.440465934406408","0.479673067579004","10_15"
"10.8027324756352","1.52705933171813","0.863138047361362","1.53032825592672","0.802732475635233","0.271249826333908","1","0.598952472416573","0.897518427148051","0.731025598842879","0.354351021051965","0.753765325522092","10_15"
"10.7337225323262","1.58782872476707","0.77614418558486","1.72549181581686","0.733722532326222","0.154623274913752","1","0.689222370498968","0.428092848115637","0.535763343605332","0.310101443331662","0.887758882840398","10_15"
"10.6104693874687","1.64049615658539","0.730527132156946","1.85776271420642","0.610469387468717","0.34165340438243","1","0.708230132711579","0.843966056191912","0.877930117900981","0.855626081765844","0.826888131402527","10_15"
"11.2829673898444","1.44673914690071","0.963059231609584","1.06247748696337","1.28296738984442","0.0870260195372542","0.9902","0.3","0.3","0.3","0.3","0.3","10_15"
"10.9824769313162","1.45335074022226","0.955271539572589","1.24184088142377","0.982476931316229","0.225505847901812","1","0.468330028317892","0.77936203326939","0.548989948690106","0.401407713172283","0.367676996578638","10_15"
"10.636743758748","1.62142285833258","0.729002567731688","1.84845068276728","0.636743758748003","0.161560418229402","1","0.739538209937569","0.491198709642696","0.556248823465848","0.318890562889759","0.394103843825287","10_15"
"10.9326467091765","1.37731407114514","1.06043888166995","1.09050657917686","0.932646709176458","0.25542275208967","0.9786","0.497699242085218","0.186217601411045","0.8612094768323","0.875321330036968","0.121691921027377","10_15"
"10.6435872170863","1.61932944573726","0.746640273980979","1.81101340202728","0.643587217086348","0.313547424314225","1","0.702326877437678","0.743514884263277","0.865329428258083","0.780203360602393","0.796657852285184","10_15"
"10.6769415466838","1.61085798471467","0.746784032530247","1.79890237742621","0.676941546683811","0.161887035616938","1","0.710000731211386","0.439489351600259","0.519716999954949","0.605262530458708","0.389243312845822","10_15"
"10.8436777898125","1.5541226438801","0.825391376054381","1.57964238528741","0.843677789812496","0.164939051171381","1","0.63352695189549","0.311818530770213","0.577572957162269","0.501427981204865","0.468898100409653","10_15"
"10.9460859161131","1.50875648096446","0.887120889293019","1.39644488380355","0.94608591611309","0.185744041132607","1","0.508134477268301","0.521224184585105","0.454696592588281","0.872155773628645","0.41266994578105","10_15"
"11.2829673898444","1.44673914690071","0.963059231609584","1.06247748696337","1.28296738984442","0.0870260195372542","0.9902","0.3","0.3","0.3","0.3","0.3","10_15"
"10.9148712088679","1.49857420117834","0.892389141309688","1.40492035133737","0.914871208867907","0.216852286876336","1","0.519580447564827","0.772398272501531","0.528080915278304","0.466801840890137","0.4700887719688","10_15"
"10.5212021438857","1.66612866725128","0.672576331610078","1.99836678165237","0.521202143885671","0.197609741957416","1","0.792183586854715","0.609049423272044","0.599839949250252","0.499851587578729","0.543755353518811","10_15"
"10.8173337850994","1.53170161829162","0.855040400035535","1.53693723191474","0.817333785099351","0.250001498503296","1","0.606136928926693","0.772601493444294","0.708046994410562","0.352286624755709","0.861643332831625","10_15"
"6.36624685273648","1.42067978536159","1.00234139914626","0.925178231845436","1.36624685273648","0.0883173984853294","0.9532","0.25110630031805","0.30109876016427","0.313266516482692","0.307752238453684","0.16687056981268","10_15"
"11.0536973548827","1.47246441474508","0.93748598265864","1.23404863373782","1.05369735488266","0.163446642286453","1","0.455677362484858","0.543083523818122","0.460255289217457","0.380915457227863","0.274595556648112","10_15"
"10.6391337725159","1.62115256037704","0.737045443406391","1.82426071837043","0.639133772515919","0.270772450346254","1","0.704775381897004","0.777103288541284","0.735893847076871","0.581311228527674","0.741809809994577","10_15"
"10.864331045904","1.52303248629237","0.862073940867225","1.49511872189307","0.864331045903994","0.215372394940882","1","0.595798384360344","0.595109558315341","0.643938782410375","0.378016665324091","0.529665079440373","10_15"
"10.6724293781777","1.61096094193391","0.745861623905872","1.80540702899845","0.67242937817775","0.173238988025896","1","0.722528066049437","0.552514535702322","0.602475661029806","0.225316179821424","0.378346493590729","10_15"
"10.7318075602932","1.59024099843954","0.771108729917943","1.72339895419122","0.731807560293216","0.172338946749406","1","0.682037913988847","0.553009781819393","0.558741948037648","0.312165839627918","0.779880875530866","10_15"
"11.1036454302668","1.48053329043671","0.916569401552135","1.25438017025444","1.10364543026678","0.12071126209344","1","0.448001101695307","0.348712100232249","0.388234512096496","0.386647568937242","0.33775520108222","10_15"
"10.833997220873","1.52433500141895","0.866940880894044","1.50499064810718","0.833997220872953","0.255694229026049","1","0.586391428055323","0.620166471137757","0.669054170087053","0.673024372596966","0.574991059048662","10_15"
"10.421005833895","1.69955071254594","0.621553091181258","2.13359338672614","0.421005833895029","0.200186437382295","1","0.858184549079367","0.587085880435164","0.671816639554971","0.406569508359506","0.759302777483681","10_15"
"10.7126378645004","1.59561848346341","0.755246670554584","1.77122199048195","0.712637864500424","0.056812449611145","1","0.707178759085477","0.351338623469728","0.175861510537505","0.373580699816678","0.293706934506075","10_15"
"11.0449046982814","1.49420406565319","0.896694315903889","1.32848446725336","1.04490469828142","0.124220022769385","1","0.482368702209985","0.396878580208869","0.395209927939687","0.34437109366042","0.0553362532960374","10_15"
"10.8963151664764","1.49900895607798","0.899284041837205","1.40813452512263","0.896315166476426","0.238090276045","1","0.536629090584263","0.800386209205849","0.595563260854882","0.428457687841978","0.246307069190437","10_15"
"10.9068504933666","1.52882502143747","0.858980893770531","1.47699221578783","0.906850493366575","0.170853894767331","1","0.574492735771364","0.458305779936534","0.515816988431239","0.49624097066258","0.473716338905384","10_15"
"11.0763859754317","1.44151511358678","0.973430226229828","1.14984694199528","1.0763859754317","0.170336402242139","0.995","0.460374046294042","0.638098805546953","0.544077094659139","0.131825407874432","0.302851629458879","10_15"
"11.29889490086","1.47261926352091","0.924068438288993","1.13061815267604","1.29889490086003","0.0554259141587533","0.9948","0.2","0.2","0.2","0.2","0.2","10_15"
"10.7303183153252","1.58666630876956","0.777214069763348","1.7147408512072","0.730318315325245","0.225735022127718","1","0.693358636135815","0.463076604876345","0.765466561441769","0.501224003408636","0.475119909465207","10_15"
"10.977097856133","1.49189572113929","0.911176213543434","1.33336500004635","0.977097856133016","0.180515264939348","1","0.523242316524429","0.465269540704393","0.536726021843041","0.430846842944727","0.371304563515222","10_15"
"10.8011242318089","1.55080640876784","0.830555201962884","1.5875612045964","0.801124231808897","0.241975176210341","1","0.625259379565708","0.558431256774735","0.677751225387685","0.681837521445084","0.504163151662059","10_15"
"10.7168372387419","1.57647084995376","0.794849957065","1.69506092695557","0.716837238741855","0.295078428599823","1","0.658056123323173","0.739077853318559","0.797457057586312","0.657434982819259","0.69902223589513","10_15"
"10.6978024987935","1.59810930795131","0.772428436189781","1.7477368061999","0.697802498793512","0.268040577605243","1","0.679503231497844","0.609438102361068","0.730433201462406","0.851778933352664","0.717474410365119","10_15"
"11.0561477197463","1.49306867353862","0.89692577879988","1.31830962067758","1.05614771974634","0.118550307297262","1","0.482368702209985","0.396878580208869","0.395209927939687","0.239086773013696","0.0553362532960374","10_15"
"10.9157981145073","1.54653844544347","0.818350698581843","1.55928287183265","0.915798114507283","0.0517619890410595","1","0.522773165991709","0.211403572053553","0.189451914788453","0.233524446393399","0.290059041576662","10_15"
"11.0639014195716","1.48474992634162","0.909542111629572","1.28890370847524","1.06390141957162","0.130457125296938","1","0.458447635043116","0.471411255029035","0.392147053231656","0.350283666974206","0.573336919944601","10_15"
"11.0745171637691","1.48876375815286","0.904651501447323","1.29677567443456","1.0745171637691","0.121455549164961","1","0.468684312107542","0.352963968315926","0.392819189787503","0.372608357414652","0.101817037097389","10_15"
"11.0763859754317","1.44151511358678","0.973430226229828","1.14984694199528","1.0763859754317","0.170336402242139","0.995","0.460374046294042","0.638098805546953","0.544077094659139","0.131825407874432","0.302851629458879","10_15"
"10.7199130861089","1.5831007253129","0.792938215305019","1.70388632009339","0.719913086108915","0.278973889021334","1","0.664908391576681","0.641444400779789","0.771087391160143","0.740231226556678","0.716559276465189","10_15"
"10.8436822259628","1.54599580970649","0.831189912327664","1.54971008489987","0.843682225962759","0.193438973340339","1","0.602005539988771","0.476546421205211","0.538616844460813","0.780427714569713","0.525936600409206","10_15"
"10.5444836690439","1.6553968058551","0.684914412537183","1.9694560543371","0.544483669043869","0.194297563856542","1","0.78208580882899","0.605717026765053","0.619050891355509","0.414075712030234","0.419599394109935","10_15"
"10.6099947760139","1.63448427317526","0.716970930814272","1.8842852561744","0.609994776013853","0.207212742776487","1","0.737838754635877","0.601248824585816","0.619598379954485","0.530868468685338","0.509226999265166","10_15"
"10.7515130480366","1.56895034362133","0.804033264037892","1.66435949399183","0.751513048036571","0.253605574126054","1","0.645278119736755","0.776367327597861","0.699931304236375","0.468592845611276","0.333502483732011","10_15"
"11.29889490086","1.47261926352091","0.924068438288993","1.13061815267604","1.29889490086003","0.0554259141587533","0.9948","0.2","0.2","0.2","0.2","0.2","10_15"
"11.040450551878","1.52094956499758","0.856855088767036","1.42424398084453","1.04045055187799","0.0543408620533451","1","0.384405593093768","0.339935051416174","0.186409595749052","0.340056253423278","0.203647892929413","10_15"
"11.2829673898444","1.44673914690071","0.963059231609584","1.06247748696337","1.28296738984442","0.0870260195372542","0.9902","0.3","0.3","0.3","0.3","0.3","10_15"
"11.0536973548827","1.47246441474508","0.93748598265864","1.23404863373782","1.05369735488266","0.163446642286453","1","0.455677362484858","0.543083523818122","0.460255289217457","0.380915457227863","0.274595556648112","10_15"
"10.6786910573288","1.61050354260216","0.749261312800247","1.79562265787618","0.678691057328781","0.162197405717522","1","0.714197225762317","0.466563222453077","0.540190205407777","0.416158861895754","0.391052721822406","10_15"
"10.8668099222094","1.51437459412136","0.877356728505067","1.46694429177628","0.86680992220938","0.233436811229868","1","0.576830638064437","0.69764579392334","0.650915258753641","0.386274927908815","0.53464270106224","10_15"
"10.7427098313239","1.57211967930296","0.803319336098461","1.67141564336429","0.742709831323933","0.262057293488317","1","0.653697246382516","0.759382023759508","0.744176615062804","0.453315402726819","0.829288775384273","10_15"
"11.29889490086","1.47261926352091","0.924068438288993","1.13061815267604","1.29889490086003","0.0554259141587533","0.9948","0.2","0.2","0.2","0.2","0.2","10_15"
"10.8565020129637","1.54037755976292","0.839159411813006","1.53425275162816","0.856502012963721","0.19373799980752","1","0.60379902663362","0.533261479457488","0.57294872408816","0.462252667509474","0.800716970674769","10_15"
"10.7812288658102","1.53496194446956","0.853708723844835","1.55489733454642","0.78122886581021","0.288575056408414","1","0.610495805867351","0.752297323003345","0.761327436934071","0.556406204848148","0.731376793342481","10_15"
"10.8492713506863","1.4954366699129","0.910888973378702","1.42025799945977","0.849271350686346","0.291370361095581","1","0.549407094170681","0.763096734926546","0.693089014204819","0.617299825049961","0.611826821353556","10_15"
"10.9150427236934","1.50545060277003","0.886362349646378","1.41139719211216","0.915042723693372","0.199008169268801","1","0.559866393719057","0.529770261364726","0.58702628494128","0.41572231244337","0.246874063251951","10_15"
"10.9255900014128","1.52246845486299","0.870065216652821","1.44500628554528","0.925590001412781","0.166741099160783","1","0.56329323456808","0.437277071563308","0.511021190218013","0.498934803293697","0.0922310681417135","10_15"
"10.7163993714908","1.59350699738674","0.771474502027813","1.72840228815032","0.716399371490812","0.223701999244449","1","0.679604211784547","0.566231855460963","0.657992794683452","0.650820640338475","0.538691505915705","10_15"
"10.8089460074177","1.56381681294323","0.804261640962865","1.63904214876664","0.808946007417674","0.123886431423927","1","0.629076198853291","0.399090860245819","0.403905737676623","0.450698820825431","0.352348498000146","10_15"
"10.6963532706435","1.59728777896726","0.772929406289404","1.74432001490052","0.696353270643452","0.28757007692196","1","0.672650963244336","0.707071554899838","0.756802867888576","0.768982689615245","0.69993736979506","10_15"
"11.0749080691401","1.48686871774009","0.907747201794367","1.28619823589611","1.07490806914014","0.123771213337324","1","0.46168549179775","0.392626712125192","0.39062525024868","0.35841030518301","0.291274417280869","10_15"
"10.763162690244","1.5772392579367","0.790666300729943","1.68707715796133","0.763162690243998","0.162136112375923","1","0.671591380641039","0.430310627022608","0.554829406902488","0.348529741590954","0.544299156668485","10_15"
"10.7537410199604","1.5666469026777","0.816291361298692","1.64440598006984","0.753741019960407","0.282819884261257","1","0.612727830834639","0.78175506287596","0.648329009054344","0.830385908484459","0.586010452564183","10_15"
"10.6350709698257","1.62247062212779","0.728491858638845","1.851125555849","0.635070969825707","0.163688091035848","1","0.735341715386638","0.464124838789878","0.535775618013019","0.507994231452713","0.392294434848704","10_15"
"10.6991084911197","1.59912083694983","0.768895425494736","1.746302696509","0.699108491119659","0.255115748348571","1","0.678256264973824","0.766404193521214","0.713102679699659","0.500477526118069","0.474910087667152","10_15"
"10.814921301922","1.55221022726949","0.828427626825501","1.58050355405825","0.814921301922018","0.223012362977021","1","0.604524314633539","0.70701369832548","0.582330227310088","0.511357649031453","0.73902342126476","10_15"
"10.6746880403232","1.60693202217531","0.75300078696916","1.79047948658555","0.674688040323202","0.224213624319375","1","0.704860609398809","0.611211958662463","0.690671453300088","0.498983788178545","0.367819395330025","10_15"
"10.8912122222728","1.48332753604134","0.916861674683893","1.38084588220434","0.89121222227276","0.253356992141436","1","0.559553813393522","0.68869935815238","0.720511301042067","0.340019056742168","0.334102562760949","10_15"
"11.29889490086","1.47261926352091","0.924068438288993","1.13061815267604","1.29889490086003","0.0554259141587533","0.9948","0.2","0.2","0.2","0.2","0.2","10_15"
"10.9602730492328","1.47400283128218","0.929593047704771","1.32073354268066","0.960273049232763","0.217530807475502","1","0.51131603876787","0.701696770397918","0.584893230551142","0.348212555980412","0.70012586004041","10_15"
"10.9100865919773","1.48182820572953","0.916763414306218","1.36692444466787","0.910086591977312","0.239401379071024","1","0.559866393719057","0.529770261364726","0.707990671508014","0.41572231244337","0.246874063251951","10_15"
"10.793548615185","1.56875507315372","0.803535353506636","1.64406252311798","0.793548615184963","0.163959709924636","1","0.652900577849608","0.496507033934883","0.548966101969291","0.282873167839253","0.365656028841608","10_15"
"11.1841263803871","1.46924055823995","0.932861291164958","1.19370742342455","1.18412638038706","0.0922779364154112","0.9992","0.389826429794681","0.225959022340507","0.329580967401553","0.221803910542498","0.104530152576422","10_15"
"10.7440311819618","1.58615046114012","0.778249013506603","1.70913573648052","0.744031181961774","0.178234524679448","1","0.674355906527728","0.525793671444125","0.568996098294332","0.415744349901554","0.273461402294857","10_15"
"10.8242143376497","1.52336055472242","0.863642411801328","1.51591211836062","0.824214337649703","0.256205624407222","1","0.609770517867432","0.578545104135353","0.751945933712142","0.507301223326169","0.79307034275249","10_15"
"11.1858124485894","1.46292596869616","0.943061136886643","1.15486256693197","1.18581244858941","0.104260580363332","0.998","0.382560702128628","0.320928540234845","0.347287209501259","0.339102783023542","0.434168819863693","10_15"
"11.2829673898444","1.44673914690071","0.963059231609584","1.06247748696337","1.28296738984442","0.0870260195372542","0.9902","0.3","0.3","0.3","0.3","0.3","10_15"
"10.8095795758583","1.56181495106903","0.811637415306911","1.60785077577203","0.809579575858298","0.181237700250459","1","0.615191389200351","0.548239534759912","0.49994148138586","0.618146178250599","0.400230856198449","10_15"
"11.1749032514335","1.46546918093908","0.942511267718154","1.15502451212334","1.17490325143347","0.110339326761215","0.998","0.375886932914488","0.45048271479419","0.344859843730397","0.311180883950664","0.439168100080908","10_15"
"10.9556082548487","1.51783313919494","0.865908300156607","1.43523876837124","0.955608254848745","0.137077279338677","1","0.559839627287253","0.238224013070326","0.471889350229214","0.673341572458482","0.10102623119019","10_15"
"6.29055420918366","1.42274758636299","1.00309713618939","0.95681258858807","1.29055420918366","0.109045201614247","0.9652","0.324399909902836","0.310263743931348","0.383385524562576","0.232618365539893","0.158454016251204","10_15"
"10.8550340907583","1.43013380722376","0.993875170394727","1.30036737845109","0.855034090758283","0.318196566585858","0.9996","0.56329323456808","0.437277071563308","0.985662204911932","0.498934803293697","0.0922310681417135","10_15"
"11.0432281229703","1.45435843498947","0.957938198734492","1.20375731246694","1.04322812297031","0.177894282747016","0.9988","0.479064849085473","0.571902398634677","0.549940399592336","0.197481981626133","0.481494757285755","10_15"
"1.28118380740472","1.39457505777006","1.04576736236055","0.846052904945254","1.28118380740472","0.135313236567932","0.92","0.252888203547387","0.743531049805634","0.37643965882513","0.357044336025977","0.56569135867277","10_15"
"11.29889490086","1.47261926352091","0.924068438288993","1.13061815267604","1.29889490086003","0.0554259141587533","0.9948","0.2","0.2","0.2","0.2","0.2","10_15"
"10.9157981145073","1.54653844544347","0.818350698581843","1.55928287183265","0.915798114507283","0.0517619890410595","1","0.522773165991709","0.211403572053553","0.189451914788453","0.233524446393399","0.290059041576662","10_15"
"11.2735212461045","1.45864366013806","0.944226987246741","1.10755113663757","1.27352124610451","0.077054176336491","0.9948","0.278857882312861","0.327004945975419","0.263238222385951","0.350804446872153","0.197286884520967","10_15"
"10.9058026778215","1.54925419533593","0.816053190195179","1.56934077477772","0.905802677821499","0.0586574082028784","1","0.541119189932942","0.28661483627752","0.211824403377111","0.206468407473803","0.0968822370448337","10_15"
"11.0639014195716","1.48474992634162","0.909542111629572","1.28890370847524","1.06390141957162","0.130457125296938","1","0.458447635043116","0.471411255029035","0.392147053231656","0.350283666974206","0.573336919944601","10_15"
"11.0749080691401","1.48686871774009","0.907747201794367","1.28619823589611","1.07490806914014","0.123771213337324","1","0.46168549179775","0.392626712125192","0.39062525024868","0.35841030518301","0.291274417280869","10_15"
"10.7388385919658","1.58834766421745","0.776950665366596","1.71974741697377","0.738838591965764","0.171504815151719","1","0.68038904548729","0.473281756153055","0.563955646815028","0.431443116044512","0.320848871813569","10_15"
"10.939106920468","1.47440932056415","0.926147574772067","1.33625427286988","0.939106920468035","0.225514701775944","1","0.53982827625397","0.555710600348794","0.652071314442402","0.389923284378342","0.355042766892648","10_15"
"10.8404298812295","1.54961886305167","0.82795301438221","1.56781872094684","0.840429881229532","0.188147642794052","1","0.614819063618405","0.520613344001549","0.558846256139271","0.49227342785157","0.318319626287086","10_15"
"10.8761999956268","1.53810987644405","0.848883023437474","1.51332133005335","0.876199995626765","0.177777167039031","1","0.599707712953646","0.470539812373678","0.558220392054726","0.41613682443757","0.364465382779499","10_15"
"10.2880005225314","1.89338272969675","0.55215250235492","2.37939974559295","0.288000522531439","0.327063067784047","1","0.8","0.7","0.5","0.4","0.4","15_15"
"10.2880005225314","1.89338272969675","0.55215250235492","2.37939974559295","0.288000522531439","0.327063067784047","1","0.8","0.7","0.5","0.4","0.4","15_15"
"1.0892551313953","1.37065191417435","1.23292928905151","0.875195726137784","1.0892551313953","0.184250788050829","0.8304","0.2655086631421","0.380035179434344","0.79423986072652","0.0706790471449494","0.34668348915875","15_15"
"10.8561379035728","1.64214216155858","0.882319262234614","1.62497177587944","0.856137903572821","0.0584155676372317","1","0.37212389963679","0.777445221319795","0.107943625887856","0.0994661601725966","0.333774930797517","15_15"
"10.571998868965","1.76736434914432","0.726719396150173","1.98823440120423","0.571998868964983","0.359826949605583","1","0.572853363351896","0.934705231105909","0.723710946040228","0.31627170718275","0.476351245073602","15_15"
"10.3303785791533","1.83804691330651","0.61599536006555","2.28918869882228","0.330378579153326","0.18199061681156","1","0.908207789994776","0.212142521282658","0.411274429643527","0.518634263193235","0.892198335845023","15_15"
"0.92146882866033","1.28927822433333","1.33739042488883","0.889893872971895","0.92146882866033","0.284937175923962","0.899","0.201681931037456","0.651673766085878","0.820946294115856","0.662005076417699","0.864339470630512","15_15"
"10.2770450037358","1.86669389071855","0.567907885206776","2.37388061344787","0.277045003735813","0.198137114613913","1","0.898389684967697","0.125555095961317","0.647060193819925","0.406830187188461","0.389989543473348","15_15"
"10.1695675227591","1.95896885372667","0.462966768668252","2.54949833857888","0.169567522759087","0.314183147301222","1","0.944675268605351","0.267220668727532","0.78293276228942","0.912875924259424","0.777320698834956","15_15"
"10.5329810772719","1.76231901498651","0.723912047148344","2.01887669680086","0.532981077271944","0.220297665277073","1","0.660797792486846","0.386114092543721","0.553036311641335","0.293603372760117","0.960617997217923","15_15"
"10.6438470436181","1.70755728729015","0.797685538197454","1.8618189018252","0.643847043618069","0.153368538200047","1","0.62911404389888","0.0133903331588954","0.529719580197707","0.459065726259723","0.434659484773874","15_15"
"0.683804095963334","1.08226978083426","1.62629429946586","0.0713087714726573","0.683804095963334","0.190988299601627","0.0618","0.0617862704675645","0.382387957070023","0.789356231689453","0.332394674187526","0.712514678714797","15_15"
"10.8033898263916","1.65655286616838","0.865061311350379","1.69243169261142","0.803389826391577","0.0457708735992609","1","0.205974574899301","0.86969084572047","0.023331202333793","0.65087046707049","0.399994368897751","15_15"
"1.32370026857017","1.43665163649875","1.16729275424647","0.811334380425304","1.32370026857017","0.12377426336102","0.8288","0.176556752528995","0.34034899668768","0.477230065036565","0.258016780717298","0.325352151878178","15_15"
"10.447575126623","1.8235947238671","0.64734092118406","2.16241264786728","0.447575126622972","0.323105551957909","1","0.687022846657783","0.482080115471035","0.7323137386702","0.478545248275623","0.757087148027495","15_15"
"10.7977287504693","1.58689910032299","0.959922235803668","1.51977913885029","0.797728750469256","0.356165391171236","1","0.384103718213737","0.599565825425088","0.692731556482613","0.766310670645908","0.202692255144939","15_15"
"10.434261759595","1.79030585695369","0.677511634180981","2.1426233761531","0.434261759594966","0.175256775589363","1","0.769841419998556","0.493541307048872","0.477619622135535","0.0842469143681228","0.711121222469956","15_15"
"10.7753829247083","1.6262632602183","0.895776848265616","1.61475507706529","0.775382924708302","0.296469346254968","1","0.497699242085218","0.186217601411045","0.8612094768323","0.875321330036968","0.121691921027377","15_15"
"10.3616066354208","1.84738420430167","0.611636607780741","2.26393786192328","0.361606635420787","0.301828159957552","1","0.717618508264422","0.827373318606988","0.438097107224166","0.339072937844321","0.245488513959572","15_15"
"10.1513249070084","1.9886353997522","0.413124749782147","2.59669911166721","0.151324907008384","0.448200990189451","1","0.991906094830483","0.668466738192365","0.244797277031466","0.839440350187942","0.14330437942408","15_15"
"11.1182992895128","1.59565887697851","0.952969786281679","1.376132671214","1.11829928951276","0.0295549229440701","0.9998","0.1","0.1","0.1","0.1","0.1","15_15"
"11.1824419862184","1.57004287950368","0.987273139225294","1.26459918310923","1.18244198621838","0.0568376806083243","0.9982","0.2","0.2","0.2","0.2","0.2","15_15"
"11.0602437106693","1.57629715621142","0.976861173620813","1.32636337731735","1.06024371066929","0.100129930147985","0.9994","0.3","0.3","0.3","0.3","0.3","15_15"
"10.8744692415484","1.61495264662897","0.925498626825841","1.51583840393503","0.8744692415484","0.168299405462512","1","0.4","0.4","0.4","0.4","0.4","15_15"
"10.6983858534084","1.69004343155114","0.828350326652982","1.76869621472441","0.69838585340841","0.251499890412237","1","0.5","0.5","0.5","0.5","0.5","15_15"
"10.5260380572562","1.78548438908646","0.706624576019143","2.04188066763946","0.526038057256196","0.331942632251634","1","0.6","0.6","0.6","0.6","0.6","15_15"
"10.3528368612568","1.88500877894203","0.563538477897641","2.29664700389606","0.352836861256845","0.411424177708349","1","0.7","0.7","0.7","0.7","0.7","15_15"
"10.204783664419","1.97562719914001","0.430479779271796","2.53022400751169","0.204783664418988","0.485532652594452","1","0.8","0.8","0.8","0.8","0.8","15_15"
"10.095657398443","2.05449719101004","0.315550446387232","2.71122942939726","0.0956573984430426","0.574341700234819","1","0.9","0.9","0.9","0.9","0.9","15_15"
"10.0356265288931","2.12165642123681","0.216250192624622","2.8504304315276","0.0356265288930798","0.671744686957609","1","1","1","1","1","1","15_15"
"1.26571894306101","1.25037465437013","1.40282516510145","0.250672217138318","1.26571894306101","0.152921280200224","0.279","0.110625289052038","0.12669705881532","0.664908515934573","0.12749035675658","0.112257586397018","15_15"
"10.426148914289","1.82072104852103","0.663164550784073","2.17002366605183","0.426148914289018","0.275059758533074","1","0.709120244468975","0.370035943445143","0.48073373498971","0.848672433197092","0.230407889974896","15_15"
"10.6401897515297","1.72231248515973","0.789006776821132","1.86913809690475","0.640189751529705","0.28160942428843","1","0.549023448769003","0.550910148047842","0.60446625710465","0.411333151930012","0.509770189528354","15_15"
"11.1824419862184","1.57004287950368","0.987273139225294","1.26459918310923","1.18244198621838","0.0568376806083243","0.9982","0.2","0.2","0.2","0.2","0.2","15_15"
"10.8033898263916","1.65655286616838","0.865061311350379","1.69243169261142","0.803389826391577","0.0457708735992609","1","0.205974574899301","0.86969084572047","0.023331202333793","0.65087046707049","0.399994368897751","15_15"
"10.2835709800438","1.89284842297501","0.557988419526928","2.38792367220509","0.283570980043825","0.302890351528418","1","0.831099644425036","0.361257015291779","0.647807600429626","0.649700224686165","0.292852477671654","15_15"
"10.2530146560905","1.93222452899232","0.494245262606612","2.4498379260572","0.253014656090503","0.395455401312415","1","0.803613820657682","0.61591051495811","0.848498458635544","0.488564215731178","0.859884773359343","15_15"
"10.1516724319528","1.98601856676022","0.415017963155959","2.58825522899825","0.151672431952789","0.401434625162975","1","0.952881887168445","0.609179896680241","0.553250301157659","0.625210076473751","0.366362018952559","15_15"
"11.1824419862184","1.57004287950368","0.987273139225294","1.26459918310923","1.18244198621838","0.0568376806083243","0.9982","0.2","0.2","0.2","0.2","0.2","15_15"
"10.806392921358","1.65146530166425","0.877550986750457","1.6445436763223","0.806392921358","0.109580843688939","1","0.487073953033181","0.159520542595725","0.296300960897727","0.847830973280388","0.109434334630359","15_15"
"10.3514838409819","1.83397239548909","0.623200386248643","2.26601455620649","0.351483840981937","0.194474187227588","1","0.857687579857459","0.235409287623378","0.457443712172658","0.483740530116784","0.901090301422971","15_15"
"10.8014987097118","1.6116993907361","0.916372899161249","1.57528361813967","0.801498709711819","0.275385026800124","1","0.451393758756398","0.363863906094627","0.691984149872912","0.523440633148204","0.299829320946633","15_15"
"10.9910176275206","1.56410847501812","0.998961462711716","1.32663166318601","0.991017627520553","0.16055059844649","0.9978","0.329387818366748","0.244779701175153","0.41528423541345","0.854709815489197","0.233640949839172","15_15"
"10.5891367679756","1.73331048443246","0.76172550017932","1.92795513986616","0.589136767975581","0.206508271100945","1","0.614761297093379","0.59423559404631","0.511782866182087","0.147927508874983","0.622539777711214","15_15"
"10.7354424725894","1.67483975468724","0.841122154131342","1.74144100738478","0.735442472589401","0.114212393139235","1","0.416343790761226","0.773923870585707","0.139017919390116","0.25740965063851","0.0222068231087178","15_15"
"10.3122616919756","1.87969773236758","0.572854139160811","2.35113604898151","0.312261691975593","0.312572559952346","1","0.799619345336374","0.379193950041671","0.660692476896969","0.671197454428289","0.28196335992296","15_15"
"10.7681492011094","1.64230044306402","0.900006216439426","1.62628723706775","0.768149201109443","0.301493736801237","1","0.374285998617771","0.811128745956362","0.469256443752644","0.671481981618261","0.288045340085957","15_15"
"10.3619480876953","1.87085630075516","0.590973136351947","2.28333084957964","0.361948087695313","0.366915294491644","1","0.706487482779345","0.691464628019521","0.622827485526253","0.557885895708382","0.385652551552745","15_15"
"10.1071410632285","2.04633967614904","0.327199905814377","2.69035292655613","0.107141063228529","0.571652417391584","1","0.883409026000101","0.866169600512925","0.883815280034656","0.989981032544445","0.897202374668151","15_15"
"10.3323302524948","1.83699909735978","0.607918150319924","2.29621024662954","0.332330252494848","0.18550029946137","1","0.85416979384326","0.129076446695405","0.615985900317666","0.248886696722548","0.349709499204435","15_15"
"10.3518497762371","1.86097165012096","0.60019403413098","2.28875314006342","0.351849776237056","0.310867879373386","1","0.755080122905177","0.499305713002562","0.565836755953448","0.536319405493139","0.688581444758742","15_15"
"10.5851272362179","1.74610030098145","0.759139005729787","1.94714885129905","0.585127236217916","0.296701892194265","1","0.550976551230997","0.549089851952158","0.49553374289535","0.688666848069988","0.590229810471647","15_15"
"10.6928058470588","1.67803236633386","0.834606000024061","1.76166131282482","0.692805847058753","0.33309278994559","1","0.498079896748845","0.507023651369374","0.700516999935332","0.604123875608679","0.239728561104418","15_15"
"10.6925266056342","1.67223774418324","0.841876649609972","1.75455178475647","0.692526605634187","0.354545698920483","1","0.506197505880666","0.643554976572889","0.818572849066757","0.365721834684197","0.136772545012053","15_15"
"10.5549168984894","1.76390005637405","0.733900556928495","1.99275580892217","0.554916898489444","0.30062368244596","1","0.577140030497685","0.591784193436615","0.51497350782156","0.576533873844892","0.501183255319484","15_15"
"10.6703119851009","1.70719702064692","0.809864023555481","1.82064259294854","0.670311985100851","0.286417849898671","1","0.522859969502315","0.508215806563385","0.58502649217844","0.523466126155108","0.598816744680516","15_15"
"10.4692048540289","1.78740925422594","0.690510884670052","2.10500776983306","0.46920485402891","0.215249663851626","1","0.711318002624163","0.362847326203001","0.506867029112204","0.328497105836568","0.951726031639976","15_15"
"10.4036045382041","1.82961007780431","0.646718092066319","2.19006603482822","0.4036045382041","0.31076564000178","1","0.639024207662038","0.659286841512124","0.291546975873807","0.814230273714191","0.376942360471521","15_15"
"11.1182992895128","1.59565887697851","0.952969786281679","1.376132671214","1.11829928951276","0.0295549229440701","0.9998","0.1","0.1","0.1","0.1","0.1","15_15"
"10.6908299393431","1.69057175971077","0.835128742171611","1.76612225736168","0.690829939343073","0.311275753959923","1","0.477616235434392","0.608101197405568","0.56990407095636","0.608424774937525","0.217039703592194","15_15"
"10.4238898764214","1.81688449339673","0.65348635735182","2.17901852009172","0.423889876421404","0.264275222605131","1","0.717340959093421","0.609678159317471","0.614046399275932","0.20898449316142","0.704387361257356","15_15"
"10.7354424725894","1.67483975468724","0.841122154131342","1.74144100738478","0.735442472589401","0.114212393139235","1","0.416343790761226","0.773923870585707","0.139017919390116","0.25740965063851","0.0222068231087178","15_15"
"10.270692546204","1.90753261042558","0.532854913921133","2.40407282572497","0.270692546203969","0.356912334040171","1","0.792960328595998","0.743514884263277","0.466276187280847","0.495079437191277","0.845377180089425","15_15"
"10.4361773954243","1.81283683477139","0.661237261989385","2.16101746434479","0.436177395424272","0.269126876036565","1","0.701950600548988","0.618773889521877","0.583158165132126","0.246744617988029","0.47471180669742","15_15"
"10.4949051536252","1.79343397654998","0.694494723920515","2.07748624573308","0.494905153625221","0.31292823961086","1","0.619298179323737","0.666926332543954","0.551452186576214","0.459068786595337","0.533480522566539","15_15"
"10.846265392851","1.61498829778757","0.919999270981599","1.53712553344425","0.846265392851015","0.196808641248512","1","0.438512332117293","0.42085918307385","0.525063495688059","0.257338135807341","0.170088872377482","15_15"
"11.1182992895128","1.59565887697851","0.952969786281679","1.376132671214","1.11829928951276","0.0295549229440701","0.9998","0.1","0.1","0.1","0.1","0.1","15_15"
"10.8070756575895","1.62387740240041","0.924043399000005","1.56689394895488","0.807075657589488","0.284762623451789","1","0.346989443191079","0.861824537079556","0.450163790006274","0.618635440526761","0.245211195498967","15_15"
"10.2226247356443","1.95064906149521","0.468442333637444","2.48743874033332","0.22262473564432","0.430009048995574","1","0.815724504510967","0.578081818459217","0.738388590853806","0.93723600973333","0.404026784813642","15_15"
"10.5558572693787","1.76330671326351","0.737874066389256","1.99195125650762","0.555857269378655","0.28830443177583","1","0.587644153440282","0.532775667526705","0.510944146413241","0.58923008164932","0.283182424335545","15_15"
"11.1365373121778","1.54889457456234","1.01609936308882","1.20454577192833","1.13653731217781","0.102832505400556","0.9944","0.226709985813231","0.407345828510197","0.298865699393958","0.401501536902401","0.216406096109527","15_15"
"11.0000934656025","1.53110535939696","1.03314652942188","1.263613027702","1.0000934656025","0.206898146603755","0.9958","0.281744054770482","0.478600115254506","0.460255289217457","0.665270654668641","0.301933898468457","15_15"
"10.3243994916951","1.86278103035989","0.596884459173517","2.31833566296101","0.324399491695074","0.264795185419054","1","0.819807374166639","0.348687378329932","0.55700428084526","0.524980498418646","0.744294566092288","15_15"
"10.5224879672807","1.7828752399049","0.708242080913837","2.04446492846057","0.522487967280739","0.333509802896433","1","0.567368433027604","0.757804010190737","0.497083736113508","0.599515923859522","0.435892155433957","15_15"
"10.4091067767885","1.84709293154645","0.615913073910827","2.21913322686122","0.409106776788536","0.348698733987134","1","0.701034158657641","0.600467949686949","0.746234925541699","0.427507231444741","0.778037189813202","15_15"
"10.4174870589146","1.82642478590907","0.653848575846624","2.18502252833886","0.417487058914555","0.298245464121269","1","0.698616121526378","0.429044469355053","0.484763096398029","0.835976225392663","0.448408720958835","15_15"
"10.6761220012137","1.69329941023631","0.829482484756989","1.78422711898761","0.676122001213683","0.329561444551414","1","0.483496570745229","0.650312983267862","0.613366295068599","0.580893388124377","0.262006128955399","15_15"
"10.6556737333751","1.71063888523614","0.79466947626428","1.84140223295534","0.655673733375103","0.236643213420302","1","0.5547149217127","0.564682787336726","0.549528308785647","0.255289620601219","0.606066081604461","15_15"
"10.1663814468521","1.98955978515597","0.408367732483362","2.57691402832664","0.166381446852125","0.451295742665499","1","0.867303866825507","0.667281732095379","0.806119166077819","0.723942477239405","0.775138949777469","15_15"
"10.3746481241211","1.85796777523864","0.603314421409496","2.25698604913973","0.374648124121106","0.350303559935546","1","0.700607147468508","0.649252842157227","0.579365261414014","0.58541728252153","0.340686126189539","15_15"
"10.885474587348","1.6056287393994","0.936423701840477","1.49520661670986","0.885474587348022","0.190278142021424","1","0.34757601280454","0.603782917446164","0.370390744358686","0.46998044471586","0.271639243976429","15_15"
"10.7971405374511","1.63056271988501","0.915295725918012","1.58603468344867","0.797140537451064","0.278825462950803","1","0.384057596087853","0.64510892920224","0.487146215460696","0.648499931603631","0.353336439971483","15_15"
"10.6928058470588","1.67803236633386","0.834606000024061","1.76166131282482","0.692805847058753","0.33309278994559","1","0.498079896748845","0.507023651369374","0.700516999935332","0.604123875608679","0.239728561104418","15_15"
"10.7811709135351","1.6589980219869","0.861986836066343","1.70516430161872","0.781170913535138","0.0635342230909305","1","0.253618338495567","0.635870431641117","0.0342493114169509","0.840309627891046","0.331701420268466","15_15"
"11.1824419862184","1.57004287950368","0.987273139225294","1.26459918310923","1.18244198621838","0.0568376806083243","0.9982","0.2","0.2","0.2","0.2","0.2","15_15"
"10.4097593441889","1.80400628360772","0.673645146917526","2.17816086054946","0.409759344188926","0.181110385385179","1","0.832001252487194","0.482141134207262","0.229940324019722","0.248958211553717","0.201827449935671","15_15"
"10.8321030680475","1.63456693054576","0.90027279061197","1.5782434618766","0.832103068047456","0.163507569900148","1","0.357065028457067","0.514889960010287","0.273684412262851","0.636358902152408","0.394511734503201","15_15"
"10.5662873638409","1.75594386404654","0.738581383004199","1.9819512925972","0.566287363840914","0.262185002260998","1","0.609069824149682","0.580462954757427","0.566720814501089","0.303971040203776","0.526243885635107","15_15"
"10.5309647975274","1.76049546893513","0.724999511188931","2.01700613101733","0.530964797527428","0.215230502928237","1","0.661404458497944","0.332907057253004","0.509342450306648","0.412711910327167","0.690214638076592","15_15"
"10.3830473722654","1.84038526036307","0.628841328696745","2.2439757091237","0.383047372265449","0.281608847496037","1","0.745306570128518","0.453412378418217","0.552567518970661","0.482361771719629","0.720645852874733","15_15"
"11.083189549281","1.52320131880831","1.0537038074779","1.17068507095921","1.08318954928101","0.156022018630527","0.9862","0.281744054770482","0.478600115254506","0.460255289217457","0.239086773013696","0.301933898468457","15_15"
"10.8188566050714","1.64627277196489","0.876941553829579","1.63801001214157","0.818856605071388","0.113776264961706","1","0.493641985600134","0.210014728355934","0.335177080175343","0.241082038743546","0.671131199678355","15_15"
"11.061618915091","1.55642779227322","1.00221323940071","1.26624798034333","1.061618915091","0.128094513783543","0.9984","0.238171984447008","0.553269484131462","0.306082373029435","0.489085267184921","0.240703563410896","15_15"
"11.0832737583925","1.52908892890926","1.04605660648372","1.18588351101199","1.0832737583925","0.151131003108614","0.9906","0.25983075104088","0.413635759345507","0.404940988474662","0.489094232679419","0.287857649967383","15_15"
"11.1365373121778","1.54889457456234","1.01609936308882","1.20454577192833","1.13653731217781","0.102832505400556","0.9944","0.226709985813231","0.407345828510197","0.298865699393958","0.401501536902401","0.216406096109527","15_15"
"10.5723553617655","1.74830922798012","0.745712388548132","1.96444960164012","0.572355361765477","0.226282482026392","1","0.625790537757452","0.394025254968756","0.544146041705422","0.350297851829475","0.682082523652881","15_15"
"10.8809714200797","1.63379042280869","0.898737191060108","1.56608689968471","0.88097142007974","0.0939497314912794","1","0.44070466687006","0.187294148087481","0.275114746606936","0.368738652162057","0.519482264516495","15_15"
"10.3541428943232","1.86929698234305","0.590486818952998","2.28579491436797","0.354142894323185","0.368086874132265","1","0.704794502437407","0.602865897045141","0.538943038071458","0.827977002423499","0.298859836727108","15_15"
"10.4659217639724","1.81382911067096","0.665918484243858","2.11840586887604","0.465921763972391","0.3428060655398","1","0.63467117785179","0.627334370676004","0.61008954612536","0.588605551863928","0.252641046391835","15_15"
"10.5114234849561","1.78738909711956","0.70117754573505","2.0561295681822","0.511423484956116","0.332277499853555","1","0.581490594283961","0.751595018818535","0.510417392572751","0.563481040381552","0.299339627056771","15_15"
"11.1824419862184","1.57004287950368","0.987273139225294","1.26459918310923","1.18244198621838","0.0568376806083243","0.9982","0.2","0.2","0.2","0.2","0.2","15_15"
"10.9462295138597","1.59266499087391","0.953369396597408","1.4259498600856","0.94622951385974","0.139840723428762","1","0.36776247289781","0.322892328897069","0.374165370131305","0.371629871583621","0.219083438398236","15_15"
"11.1365373121778","1.54889457456234","1.01609936308882","1.20454577192833","1.13653731217781","0.102832505400556","0.9944","0.226709985813231","0.407345828510197","0.298865699393958","0.401501536902401","0.216406096109527","15_15"
"11.1182992895128","1.59565887697851","0.952969786281679","1.376132671214","1.11829928951276","0.0295549229440701","0.9998","0.1","0.1","0.1","0.1","0.1","15_15"
"10.5434371662469","1.77095889928288","0.721847369121079","2.01291492960595","0.543437166246937","0.299135977885909","1","0.592648736389612","0.598431315590189","0.52817801985206","0.522154022325978","0.541896190474866","15_15"
"10.8699082343802","1.57455948345323","0.973561187032627","1.4528776503056","0.869908234380192","0.270733389512294","0.9994","0.367483337507275","0.50889967016787","0.573660183568761","0.611734718111659","0.370202068442492","15_15"
"10.5553148778803","1.74326325906583","0.751231320301184","1.98115611926003","0.555314877880329","0.203380592990875","1","0.592889506396943","0.697635892836546","0.311847943252756","0.272825235104594","0.122488375762816","15_15"
"11.1824419862184","1.57004287950368","0.987273139225294","1.26459918310923","1.18244198621838","0.0568376806083243","0.9982","0.2","0.2","0.2","0.2","0.2","15_15"
"10.6781222133534","1.69915504922526","0.821114375463905","1.80233101182368","0.678122213353412","0.238320667463225","1","0.487661587698636","0.513013941211791","0.400541228629421","0.628748059649428","0.264038227165127","15_15"
"10.7868842998794","1.64952789156921","0.878558253548609","1.64275228230887","0.78688429987935","0.195279204472864","1","0.432524108513966","0.656750932506588","0.393890790638449","0.288555455737691","0.425962332981009","15_15"
"10.8562630670414","1.59853209057449","0.94951671480244","1.49058281098592","0.856263067041417","0.241250846046351","1","0.3745686730568","0.690692473018449","0.506467211934613","0.359125440348986","0.472115454077304","15_15"
"11.0711384870754","1.57243664491357","0.983690415919163","1.31202490797515","1.07113848707538","0.0992376017713733","0.9986","0.320699791627885","0.245612909165523","0.334227703699712","0.14397325816511","0.270732373560096","15_15"
"11.016694221082","1.52159911825026","1.0540090774575","1.23421090785026","1.01669422108195","0.203971667845962","0.9938","0.266152241613863","0.723651925343359","0.469350655871677","0.395935486270157","0.137114156554702","15_15"
"10.6070761096236","1.74739022445371","0.757084421283938","1.93015376215458","0.607076109623627","0.326732244006715","1","0.564015866365563","0.528942122850596","0.669792715223985","0.600935606266281","0.327773640902122","15_15"
"10.9133012813374","1.63006167042034","0.90109934803343","1.57280208573901","0.913301281337371","0.0420400168615354","1","0.401216191413741","0.134152084847377","0.127733080241831","0.303580437589365","0.398777998879255","15_15"
"10.513593787041","1.77692550727957","0.710641545639764","2.04747801482955","0.513593787041","0.258645731022163","1","0.644683744890175","0.519344757041674","0.531917223102315","0.366385098701468","0.534376000058818","15_15"
"11.0663177378865","1.54554832684995","1.02167978413542","1.23370984826932","1.06631773788647","0.146070834285092","0.9968","0.248623289542833","0.472310184419196","0.354180000136753","0.577677958891624","0.230482344610601","15_15"
"10.7391874805845","1.65914860153443","0.863394234795725","1.68730139411701","0.739187480584535","0.282745588096025","1","0.472034572111453","0.504389327646597","0.606149621433122","0.493309657841857","0.23770866165403","15_15"
"10.6545098473265","1.6989471442376","0.80818964464709","1.82380211826851","0.65450984732646","0.413387752924312","1","0.45791944526464","0.837040458493632","0.649609342788621","0.830385908484459","0.350378143585501","15_15"
"10.3612548689918","1.85621690885352","0.602937533149905","2.27309747742213","0.361254868991822","0.330321085444802","1","0.72002626676651","0.612785073018765","0.521473235232109","0.559723673253173","0.614641817833824","15_15"
"10.662504403583","1.70000807623907","0.805576083409057","1.82257279989676","0.662504403583019","0.339513647541653","1","0.521091637200707","0.526587693976132","0.713102679699659","0.595331805354998","0.29244568277306","15_15"
"10.8729362908474","1.63546556806727","0.894497839223971","1.57406056176614","0.872936290847424","0.0955956706770454","1","0.446437990410038","0.205317459577071","0.27810592839906","0.302160424511129","0.65440780746037","15_15"
"10.5406535002029","1.76911389245444","0.731611168399546","2.00871353216087","0.540653500202951","0.301143844094781","1","0.548060544781891","0.738021266054193","0.413206482741124","0.596897294675982","0.270932171448838","15_15"
"11.0196181750922","1.59489876999252","0.949989295554873","1.40618340555554","1.01961817509218","0.0857259194010119","1","0.360064367506519","0.148746745347828","0.29099293959998","0.169179728911613","0.141650723299713","15_15"
"11.1824419862184","1.57004287950368","0.987273139225294","1.26459918310923","1.18244198621838","0.0568376806083243","0.9982","0.2","0.2","0.2","0.2","0.2","15_15"
"11.0818728496364","1.59452823787812","0.948830144405963","1.39621370955309","1.08187284963644","0.0430365672544437","1","0.233577618093615","0.161267983008106","0.144184140575363","0.171902309831933","0.629480476378643","15_15"
"10.9321243148843","1.52160316716589","1.03553402306287","1.29648440537293","0.932124314884297","0.241267509638242","0.9916","0.36776247289781","0.322892328897069","0.707990671508014","0.371629871583621","0.219083438398236","15_15"
"10.808559924792","1.64242522160687","0.887206642314662","1.60931874396799","0.808559924791977","0.169484938101718","1","0.41431144054813","0.57729635589212","0.34207299799427","0.322775596058729","0.270915056071635","15_15"
"11.1993695992273","1.536843159979","1.03412008253586","1.14093092180607","1.19936959922729","0.0958406834187634","0.988","0.242270640116416","0.236255436562205","0.337727222980471","0.236518421715536","0.285429856559739","15_15"
"10.768612826517","1.66949871289882","0.853574706633932","1.7060707138914","0.768612826517032","0.0958773647289447","1","0.543229414046195","0.163361618170034","0.281889813147575","0.314614253363236","0.425169781968988","15_15"
"10.8249612979726","1.64431041422576","0.881000245634126","1.63045083426049","0.824961297972561","0.112885325594394","1","0.487908662060156","0.191991416866344","0.332185898383218","0.307660266394474","0.536205656734481","15_15"
"11.1044215625679","1.56154431292475","0.999407041791573","1.25876947921908","1.10442156256795","0.102720171981833","0.997","0.275684300632633","0.387598969360076","0.317012459896291","0.201236261677821","0.243072426199907","15_15"
"11.1365373121778","1.54889457456234","1.01609936308882","1.20454577192833","1.13653731217781","0.102832505400556","0.9944","0.226709985813231","0.407345828510197","0.298865699393958","0.401501536902401","0.216406096109527","15_15"
"10.7305776067695","1.67677915140964","0.838496835140107","1.74737900144913","0.730577606769491","0.149218126502301","1","0.510696321468577","0.4661808648248","0.327745643851712","0.236147121393814","0.191414244186306","15_15"
"11.1144244848206","1.56023061357959","1.00366157137782","1.24394717977361","1.11442448482063","0.100107289864636","0.996","0.271725476808483","0.265359768315644","0.316080943197379","0.344238533389691","0.244066043469717","15_15"
"10.8838847252459","1.61608025240325","0.927769490006577","1.51895339230775","0.883884725245911","0.154464900359495","1","0.437175232016403","0.219999794382386","0.446309639655522","0.420239146832938","0.10102623119019","15_15"
"11.1878028604052","1.54362270237491","1.02488884158003","1.17280222589635","1.18780286040525","0.0906688079153036","0.9906","0.253175309750278","0.225545948832297","0.326097161725335","0.153245033952041","0.220313631503373","15_15"
"10.8146130702582","1.3194794767961","1.30033704750838","1.06662033233681","0.814613070258239","0.334556696235728","0.9576","0.266152241613863","0.723651925343359","0.985662204911932","0.395935486270157","0.137114156554702","15_15"
"11.1014708043115","1.54122849995117","1.02592057191613","1.19494732982673","1.1014708043115","0.128766670803385","0.9932","0.244922653779067","0.486800405124666","0.350683492038137","0.367281396581363","0.371453373018901","15_15"
"11.1493442129512","1.53081891927018","1.04103208459489","1.14229703906375","1.14934421295122","0.121080515403315","0.9876","0.234859340095049","0.48438953326421","0.3598399817776","0.273070511008919","0.235723726190294","15_15"
"11.1824419862184","1.57004287950368","0.987273139225294","1.26459918310923","1.18244198621838","0.0568376806083243","0.9982","0.2","0.2","0.2","0.2","0.2","15_15"
"11.016694221082","1.52159911825026","1.0540090774575","1.23421090785026","1.01669422108195","0.203971667845962","0.9938","0.266152241613863","0.723651925343359","0.469350655871677","0.395935486270157","0.137114156554702","15_15"
"11.1407528256393","1.5589757817788","1.00548691270962","1.22768099786939","1.14075282563932","0.0916724922047131","0.9956","0.217560110924464","0.377380322783301","0.267213765494191","0.452575810963882","0.202427793407644","15_15"
"10.783167843864","1.66611542830768","0.856064389167588","1.70903703763544","0.783167843863991","0.0755550286397542","1","0.541119189932942","0.220066960333226","0.208130541974377","0.190728224213069","0.250418742056724","15_15"
"11.083189549281","1.52320131880831","1.0537038074779","1.17068507095921","1.08318954928101","0.156022018630527","0.9862","0.281744054770482","0.478600115254506","0.460255289217457","0.239086773013696","0.301933898468457","15_15"
"11.1182992895128","1.59565887697851","0.952969786281679","1.376132671214","1.11829928951276","0.0295549229440701","0.9998","0.1","0.1","0.1","0.1","0.1","15_15"
"10.6388040774393","1.71804265544596","0.787735329433548","1.87311752393316","0.638804077439275","0.219223338037083","1","0.557961788188297","0.491941496010573","0.445177829710304","0.370736294802102","0.379471605706869","15_15"
"10.8891038889941","1.62090858904628","0.912885639883473","1.53208548401613","0.889103888994102","0.123564057041275","1","0.40289297655625","0.477067937177269","0.318330003100756","0.18065137187589","0.201806505136606","15_15"
"10.8245111684505","1.63478578038141","0.896062992651629","1.59474414637736","0.824511168450537","0.182894503735924","1","0.454484429599688","0.350295589928171","0.460904763523316","0.367278675482986","0.373987832750185","15_15"
"10.7332417405886","1.67058772812242","0.844963707192577","1.72827154590769","0.733241740588592","0.218746313609249","1","0.450635513757157","0.569221782267532","0.374021286946317","0.511120206552107","0.515504407385132","15_15"
"11.0600412181837","1.57373335829844","0.981563144107864","1.31217349242192","1.06004121818368","0.105136224051347","0.9988","0.313571408563864","0.211442639903503","0.329703460865969","0.419377886476845","0.216676389373119","15_15"
"1.58655913943792","1.4308946231356","1.18933225621938","0.572306636539161","1.58655913943792","0.0828035563403449","0.5974","0.0155072559136897","0.230293373525071","0.330475724583087","0.227519108883292","0.247347272572608","15_15"
"11.1878028604052","1.54362270237491","1.02488884158003","1.17280222589635","1.18780286040525","0.0906688079153036","0.9906","0.253175309750278","0.225545948832297","0.326097161725335","0.153245033952041","0.220313631503373","15_15"
"11.1824419862184","1.57004287950368","0.987273139225294","1.26459918310923","1.18244198621838","0.0568376806083243","0.9982","0.2","0.2","0.2","0.2","0.2","15_15"
"11.1878028604052","1.54362270237491","1.02488884158003","1.17280222589635","1.18780286040525","0.0906688079153036","0.9906","0.253175309750278","0.225545948832297","0.326097161725335","0.153245033952041","0.220313631503373","15_15"
"11.1777452797447","1.5378253172759","1.03240245289317","1.14990064176648","1.1777452797447","0.101582802424289","0.99","0.237408535310021","0.254404801302704","0.333819057849751","0.393613985220461","0.258490641132099","15_15"
"10.9653885325335","1.59464920656243","0.944807266205171","1.42999334452669","0.965388532533546","0.117319739414426","1","0.351723607394691","0.474607641773197","0.317784028006021","0.184953374406786","0.239691743294716","15_15"
"10.9616557771133","1.57980575045251","0.976279620391477","1.38218158397308","0.961655777113348","0.160185841574833","1","0.330661776260888","0.579024582559244","0.389891485958753","0.273208234284876","0.139691748409161","15_15"
"11.1189389046472","1.58640366627318","0.960866130706675","1.35201043855005","1.11893890464719","0.0449404326123887","0.9998","0.202407346443558","0.187356870246702","0.151498084301112","0.182491952339659","0.499647210777322","15_15"
"11.0196181750922","1.59489876999252","0.949989295554873","1.40618340555554","1.01961817509218","0.0857259194010119","1","0.360064367506519","0.148746745347828","0.29099293959998","0.169179728911613","0.141650723299713","15_15"
"11.1500088772156","1.56692569739785","0.992813443832218","1.25681490849666","1.15000887721564","0.0750921309822782","0.9972","0.254840498686354","0.18652654772584","0.262247881368427","0.197965497600181","0.501640811104942","15_15"
"11.0231907742968","1.58233117653442","0.965584191750012","1.36649308045501","1.02319077429684","0.108824652028359","1","0.326853669794192","0.390059264764149","0.317558434991027","0.196934259146925","0.205187188041797","15_15"
"10.9274250040055","1.6273923312841","0.903244948450946","1.55912938506323","0.92742500400555","0.0376528322381806","1","0.381107035184969","0.1571076548047","0.114695960025656","0.187748559130727","0.132027422407492","15_15"
"10.8922357611909","1.6272036592283","0.909917620347471","1.54194306113863","0.892235761190898","0.111209987893574","1","0.391897364420756","0.357929099746143","0.269696203011441","0.340858190881511","0.521957060769007","15_15"
"11.1507115812212","1.54451621779301","1.02329479748187","1.18236629835609","1.15071158122121","0.103349258569436","0.9922","0.234546757423444","0.406460889463925","0.316448001696599","0.28277341224458","0.232557749694025","15_15"
"11.0180858075912","1.59297273949408","0.956299373657181","1.38786044323413","1.01808580759122","0.095470401529335","1","0.330464663151256","0.315440819399524","0.286941904405642","0.208373264242723","0.192720272692307","15_15"
"11.0891445539064","1.55560981137027","1.00760914426103","1.24541600070364","1.08914455390639","0.119642984604899","0.9958","0.295554832859495","0.293374088131944","0.370452109512904","0.291906980896893","0.139073131445253","15_15"
"10.8021636391547","1.59835592907789","0.930889401854798","1.55996312644982","0.802163639154715","0.298993619867505","1","0.476806768395549","0.256077501457185","0.906850842480667","0.378290446240503","0.194812625919118","15_15"
"11.1020119963729","1.59820055023394","0.948757326183384","1.3894004163561","1.10201199637292","0.0312720113237539","1","0.140295719404714","0.161946299337302","0.105530419298109","0.10770852471722","0.252696529310199","15_15"
"11.1361803292419","1.57921507289549","0.971590964740234","1.31746242847199","1.1361803292419","0.055884497738994","0.9996","0.231170271650057","0.173911112761405","0.192686056274251","0.189410357492275","0.329833265601321","15_15"
"11.1917862062242","1.54142396855888","1.02917524209956","1.16275954556223","1.19178620622419","0.092666928869163","0.99","0.250976304975681","0.231508011869431","0.333348660122719","0.162244346784285","0.258396215490504","15_15"
"11.0196181750922","1.59489876999252","0.949989295554873","1.40618340555554","1.01961817509218","0.0857259194010119","1","0.360064367506519","0.148746745347828","0.29099293959998","0.169179728911613","0.141650723299713","15_15"
"11.3009650249032","1.5206990067909","1.06251734693621","1.03675870850199","1.30096502490325","0.0852825389575485","0.9668","0.201974920711702","0.114746522158384","0.332196803682362","0.228809896998316","0.132733327249539","15_15"
"0.879080257703794","1.32788781006784","1.28939336176929","0.978051472027101","0.879080257703794","0.266753588052045","0.914","0.281744054770482","0.478600115254506","0.982425559079275","0.239086773013696","0.301933898468457","15_15"
"11.1627210563468","1.55609565598879","1.00743664014967","1.21237036822481","1.16272105634681","0.0864486577726087","0.995","0.222422215730859","0.359230958042803","0.271121930624911","0.295480247458958","0.229367008835284","15_15"
"11.121768957111","1.54698360625127","1.01525654796279","1.20872590577464","1.121768957111","0.113646087732275","0.9938","0.260481174177743","0.453341550536772","0.342191548424393","0.213023585245449","0.429773563742158","15_15"
"11.1993695992273","1.536843159979","1.03412008253586","1.14093092180607","1.19936959922729","0.0958406834187634","0.988","0.242270640116416","0.236255436562205","0.337727222980471","0.236518421715536","0.285429856559739","15_15"
"11.083189549281","1.52320131880831","1.0537038074779","1.17068507095921","1.08318954928101","0.156022018630527","0.9862","0.281744054770482","0.478600115254506","0.460255289217457","0.239086773013696","0.301933898468457","15_15"
"11.3050913360556","1.53700522794678","1.041103833585","1.0873446297816","1.30509133605558","0.0692179583284681","0.9822","0.165330955225069","0.148209804772372","0.263409968373405","0.214411865380402","0.622380385052877","15_15"
"11.1412580468103","1.53959724668493","1.02434682668596","1.18018212258332","1.1412580468103","0.111192433259984","0.993","0.217872693596069","0.455308966583587","0.310605745575192","0.442872909728222","0.205593769903913","15_15"
"11.1276353042255","1.56097560697391","1.00001441013739","1.24560690746432","1.12763530422552","0.09320613819733","0.9966","0.269146010033083","0.26784426129569","0.304411265013695","0.240851100252221","0.462721253361025","15_15"
"11.1505630964441","1.54608923814434","1.02151502291719","1.18610505126845","1.15056309644406","0.10439548732672","0.9918","0.258269317141802","0.274163458559295","0.339094202263831","0.306690951719443","0.189386277913651","15_15"
"11.0476346156618","1.58887895730349","0.958738593109239","1.37666780106185","1.04763461566182","0.0842995152597799","1","0.339935963102533","0.155745755289032","0.287733466876453","0.163083263440058","0.167825590920921","15_15"
"11.111295393673","1.59207227170382","0.951618896948247","1.37513399636329","1.11129539367299","0.0380319399902478","1","0.186708497784713","0.170447805633769","0.129580273624606","0.114830513313089","0.424201389821067","15_15"
"11.1993695992273","1.536843159979","1.03412008253586","1.14093092180607","1.19936959922729","0.0958406834187634","0.988","0.242270640116416","0.236255436562205","0.337727222980471","0.236518421715536","0.285429856559739","15_15"
"11.1878028604052","1.54362270237491","1.02488884158003","1.17280222589635","1.18780286040525","0.0906688079153036","0.9906","0.253175309750278","0.225545948832297","0.326097161725335","0.153245033952041","0.220313631503373","15_15"
"11.1921942421741","1.54111926109814","1.02946924207266","1.16448380595241","1.19219424217413","0.0918995174161214","0.9902","0.247102749500059","0.2286769230804","0.327225922365383","0.193788921836868","0.252837621065648","15_15"
"11.0037487586128","1.5552149090032","1.00441906903015","1.30742108272561","1.00374875861282","0.16231345142742","0.9958","0.364296015622714","0.198726738727178","0.520918293929727","0.371121019408679","0.322964191732469","15_15"
"11.3050913360556","1.53700522794678","1.041103833585","1.0873446297816","1.30509133605558","0.0692179583284681","0.9822","0.165330955225069","0.148209804772372","0.263409968373405","0.214411865380402","0.622380385052877","15_15"
"11.1205381882766","1.55962865554298","1.00258895850136","1.24379177635913","1.12053818827664","0.0980680136853555","0.9954","0.290161855353472","0.193297177470892","0.336266055885312","0.26265189180614","0.387802549152542","15_15"
"11.1934489214213","1.53942013831023","1.0312875303158","1.15219427490758","1.19344892142135","0.0944016286687251","0.9892","0.248343200366635","0.233124462314102","0.336598462340423","0.195974533830709","0.252905866997464","15_15"
"11.3009650249032","1.5206990067909","1.06251734693621","1.03675870850199","1.30096502490325","0.0852825389575485","0.9668","0.201974920711702","0.114746522158384","0.332196803682362","0.228809896998316","0.132733327249539","15_15"
"11.1659807033976","1.55480730238979","1.01028950474234","1.21278227858882","1.16598070339762","0.0871519189300908","0.9942","0.254808127831681","0.270946166259312","0.301604272052813","0.161492734841892","0.211881124832305","15_15"
"11.0877054974809","1.51262066983143","1.05859690563122","1.15818498993227","1.08770549748091","0.151909212510052","0.9784","0.314918099216393","0.244707632976709","0.537430632852053","0.189661379171483","0.371495644963971","15_15"
"11.1300771152149","1.55770049496809","1.00563863018466","1.23598909096722","1.13007711521493","0.0958838305895592","0.9952","0.281249321512765","0.212056374562094","0.328288725867637","0.249021378244852","0.17799268918917","15_15"
"11.0891445539064","1.55560981137027","1.00760914426103","1.24541600070364","1.08914455390639","0.119642984604899","0.9958","0.295554832859495","0.293374088131944","0.370452109512904","0.291906980896893","0.139073131445253","15_15"
"11.1401483433012","1.56585541854936","0.994469958738708","1.26297823319358","1.14014834330122","0.0833496638519239","0.9966","0.273245526846195","0.177687844645552","0.290396695041624","0.212227432363051","0.21241784084076","15_15"
"11.1186423092561","1.54696659831896","1.02027415295864","1.20652781011742","1.11864230925605","0.117306916012838","0.993","0.274694051027713","0.273615430875353","0.365176965098824","0.378830014397911","0.208177494663701","15_15"
"10.9909699943427","1.5994144350353","0.946757711441707","1.42164243497622","0.990969994342685","0.097308248686513","1","0.350593067555243","0.30844180945832","0.290201377129169","0.202009563363325","0.166545405071099","15_15"
"10.9258567952163","1.61549586887151","0.924362519291352","1.49515194033783","0.925856795216331","0.109271435268129","1","0.380004413444609","0.317817465803531","0.286360714889327","0.340270463918491","0.167883534210382","15_15"
"10.9974087977661","1.56881657102737","0.994593599496842","1.33104231092073","0.997408797766054","0.156264337430779","0.9992","0.295554832859495","0.65870851976797","0.370452109512904","0.291906980896893","0.139073131445253","15_15"
"11.1343758352572","1.58824713162762","0.957274120101771","1.35434551088763","1.13437583525721","0.0375276898717792","0.9998","0.155994568063558","0.178855363950234","0.127448229974615","0.175369963743789","0.328142350266454","15_15"
"10.9423465337913","1.62056462134981","0.914016729135725","1.51586396851822","0.942346533791283","0.0576594177733625","1","0.345270043648795","0.233824611461851","0.158118322833782","0.369135111988138","0.178100222698832","15_15"
"11.1312956862649","1.54542740507734","1.01645866482538","1.2008751337714","1.13129568626495","0.110648638609443","0.9936","0.250976304975681","0.577510603936389","0.333348660122719","0.162244346784285","0.258396215490504","15_15"
"11.0510060913638","1.5517633268723","1.01053018585395","1.26700624767535","1.05100609136377","0.146602794574954","0.9976","0.244452499262157","0.41022710135383","0.325317608608603","0.896372553892434","0.307997872108711","15_15"
"11.1386587126814","1.56009261056716","1.00221039881439","1.24260425737788","1.13865871268141","0.0902554016562547","0.9962","0.260233476192376","0.286603458386893","0.296433934996019","0.227220586690934","0.252911393397653","15_15"
"11.3050913360556","1.53700522794678","1.041103833585","1.0873446297816","1.30509133605558","0.0692179583284681","0.9822","0.165330955225069","0.148209804772372","0.263409968373405","0.214411865380402","0.622380385052877","15_15"
"10.9360129479416","1.62393983688366","0.906873821349578","1.54776705191271","0.936012947941624","0.0425642716162257","1","0.371957318482667","0.188858379290439","0.129306000424549","0.169767455874633","0.495724249858337","15_15"
"10.9553858026839","1.60466589027158","0.936111099648157","1.45839528279415","0.955385802683888","0.107085295650253","1","0.357248281361535","0.402345407225745","0.287995870440702","0.224753486666581","0.351142700468731","15_15"
"11.0390583581466","1.582709479293","0.969821210687696","1.35970233090088","1.03905835814656","0.0984148974617874","0.9996","0.328831845069854","0.270040601972509","0.311434794078164","0.200125563352872","0.201152779363375","15_15"
"11.1676630074624","1.54688180644381","1.02214445629559","1.17915548252923","1.16766300746243","0.0976262921376216","0.9918","0.253683507841426","0.267447549361393","0.330095822964915","0.235988123435128","0.269089346910431","15_15"
"11.1343758352572","1.58824713162762","0.957274120101771","1.35434551088763","1.13437583525721","0.0375276898717792","0.9998","0.155994568063558","0.178855363950234","0.127448229974615","0.175369963743789","0.328142350266454","15_15"
"11.1826955408024","1.54195944003645","1.02854578027376","1.15912237499351","1.18269554080236","0.0982606437226724","0.9908","0.249632327876588","0.230742487107999","0.338742910493812","0.282268532318353","0.198362247055526","15_15"
"11.1205381882766","1.55962865554298","1.00258895850136","1.24379177635913","1.12053818827664","0.0980680136853555","0.9954","0.290161855353472","0.193297177470892","0.336266055885312","0.26265189180614","0.387802549152542","15_15"
"11.0623616738697","1.59041932917389","0.953781226320233","1.39023188747499","1.06236167386974","0.0581066889643727","1","0.272437342645633","0.231620970476999","0.186920274349847","0.217312809211382","0.194765099806226","15_15"
"11.1679388406185","1.55183958769538","1.01379834607664","1.20027280325124","1.16793884061852","0.0889152993275065","0.9934","0.248820608467366","0.255411345587705","0.304065335011575","0.227750884971342","0.269251903046961","15_15"
"11.0385566883728","1.58444441171821","0.965580027100426","1.35680280834847","1.03855668837282","0.0967099612605664","1","0.31993545050322","0.230880564065252","0.298423970849318","0.345611224613624","0.236172743958253","15_15"
"11.3050913360556","1.53700522794678","1.041103833585","1.0873446297816","1.30509133605558","0.0692179583284681","0.9822","0.165330955225069","0.148209804772372","0.263409968373405","0.214411865380402","0.622380385052877","15_15"
"11.3050913360556","1.53700522794678","1.041103833585","1.0873446297816","1.30509133605558","0.0692179583284681","0.9822","0.165330955225069","0.148209804772372","0.263409968373405","0.214411865380402","0.622380385052877","15_15"
"11.3009650249032","1.5206990067909","1.06251734693621","1.03675870850199","1.30096502490325","0.0852825389575485","0.9668","0.201974920711702","0.114746522158384","0.332196803682362","0.228809896998316","0.132733327249539","15_15"
"11.1641725920054","1.54784788970614","1.02001661193169","1.18808878448114","1.16417259200541","0.0965716772374283","0.9918","0.255739738765273","0.272097894531696","0.327577214135401","0.218211341237959","0.243861651923773","15_15"
"11.1150768849429","1.5620008240942","1.0010058255358","1.25101757743587","1.11507688494291","0.0975010635207417","0.9958","0.2884457427479","0.215668559353377","0.328063993488716","0.255888224800408","0.356244750174745","15_15"
"11.3009650249032","1.5206990067909","1.06251734693621","1.03675870850199","1.30096502490325","0.0852825389575485","0.9668","0.201974920711702","0.114746522158384","0.332196803682362","0.228809896998316","0.132733327249539","15_15"
"11.178289497387","1.54231201599162","1.02789759841592","1.16152493751759","1.17828949738703","0.0988505288847077","0.991","0.250168282377849","0.248207249299403","0.338315839952783","0.267887398736498","0.215171361187473","15_15"
"11.1205381882766","1.55962865554298","1.00258895850136","1.24379177635913","1.12053818827664","0.0980680136853555","0.9954","0.290161855353472","0.193297177470892","0.336266055885312","0.26265189180614","0.387802549152542","15_15"
"11.1917743989199","1.54172913029484","1.02702559273326","1.16603906976609","1.19177439891991","0.0910334255164636","0.9906","0.247060562893378","0.210731122946237","0.323746466995503","0.222921637532507","0.180607678334281","15_15"
"11.1092958859831","1.56136085121819","1.00082564615411","1.25486722303631","1.1092958859831","0.100159841656267","0.9968","0.278174264425248","0.28775541689481","0.316603308445118","0.267522895390872","0.214106197753929","15_15"
"1.17897487513754","1.41009224323432","1.18565200685555","0.885137395597108","1.17897487513754","0.159059790285917","0.8514","0.25489142235585","0.203174566949812","0.664201692910865","0.160008700957773","0.25187143048117","15_15"
"11.1738304458477","1.54236141431048","1.02751086577965","1.16390540178163","1.17383044584769","0.10043015824671","0.991","0.250371674880369","0.262211645822096","0.338505585291518","0.275321974698482","0.259644773285917","15_15"
"10.9363470287487","1.62589378809116","0.905600652029484","1.556131707013","0.936347028748689","0.0274921611408163","1","0.277614044626623","0.292222129624026","0.0715024236124009","0.251604672196955","0.177878327088977","15_15"
"11.3050913360556","1.53700522794678","1.041103833585","1.0873446297816","1.30509133605558","0.0692179583284681","0.9822","0.165330955225069","0.148209804772372","0.263409968373405","0.214411865380402","0.622380385052877","15_15"
"11.1731012572306","1.53820434915501","1.03245847686442","1.15464428514908","1.17310125723056","0.103754745625978","0.9894","0.253862741451498","0.250250261702788","0.353169944448625","0.280389221781139","0.225316573696712","15_15"
"11.1792448288671","1.54267133098722","1.02564363123834","1.1744527450235","1.17924482886708","0.0942200087398101","0.9912","0.251647543757088","0.287806516316503","0.328907236539472","0.157579116380681","0.23567906747236","15_15"
"11.1369978097109","1.55986767356974","1.00354499784674","1.24384705784594","1.13699780971092","0.0908429295367342","0.9954","0.283746202888178","0.174056001184656","0.319885130765023","0.206013822818681","0.153278428278634","15_15"
"11.1181520935554","1.5683856031977","0.994602688306173","1.27486226528298","1.11815209355541","0.0889250561706416","0.9976","0.296239062320647","0.163317135154954","0.313082372233834","0.188566360296843","0.19402479281922","15_15"
"11.3009650249032","1.5206990067909","1.06251734693621","1.03675870850199","1.30096502490325","0.0852825389575485","0.9668","0.201974920711702","0.114746522158384","0.332196803682362","0.228809896998316","0.132733327249539","15_15"
"11.3009650249032","1.5206990067909","1.06251734693621","1.03675870850199","1.30096502490325","0.0852825389575485","0.9668","0.201974920711702","0.114746522158384","0.332196803682362","0.228809896998316","0.132733327249539","15_15"
"11.137913511233","1.54675794641831","1.01621013676724","1.20003965672238","1.13791351123296","0.106490660091738","0.993","0.252504070968871","0.515250036452184","0.330538585308582","0.157910264355645","0.243030779521516","15_15"
"11.1440776795678","1.54476680990579","1.02279793624621","1.18456014585746","1.14407767956775","0.108159579170402","0.9916","0.263101949692631","0.25962060573477","0.34973424363067","0.334959214332308","0.268290777526728","15_15"
"11.0460217002872","1.58419997999635","0.967548141439271","1.35961683752514","1.04602170028718","0.0934441975451581","0.9996","0.333858756135359","0.18572579760497","0.310917150527931","0.237168794949355","0.361603347254243","15_15"
"11.2378618889256","1.53617943125845","1.03871270145544","1.12088887360824","1.23786188892561","0.0873756324346538","0.9846","0.235798722165922","0.118546670585677","0.330066069530756","0.228376639839715","0.148798355012536","15_15"
"11.1260889291424","1.55912911459737","1.00393351861213","1.24125081315595","1.12608892914241","0.0960455811954516","0.9956","0.28364683921917","0.211591079891821","0.327396115221006","0.248394106944259","0.324980029281305","15_15"
"10.8454901367238","1.64424257237211","0.883331515581277","1.62312732811861","0.845490136723817","0.0841395032104582","1","0.48998980014585","0.148209804772372","0.263409968373405","0.214411865380402","0.622380385052877","15_15"
"11.2270439215345","1.53413930405379","1.0406665703379","1.11901953971685","1.22704392153445","0.0902366297436956","0.9848","0.231618420185974","0.191271164158016","0.331080736614151","0.221689189540688","0.242124541942959","15_15"
"11.287608232347","1.5410356043651","1.03563707221384","1.10798495504401","1.28760823234703","0.0691741495217728","0.9858","0.176820824460933","0.120613726130251","0.263623372594586","0.217982513868456","0.149112815712946","15_15"
"11.1842996287337","1.54198132848083","1.02580600182954","1.17229829573443","1.1842996287337","0.0922711134998171","0.9912","0.248079946090128","0.217919163151562","0.324278891445139","0.24025782099641","0.185411424384889","15_15"
"11.3009650249032","1.5206990067909","1.06251734693621","1.03675870850199","1.30096502490325","0.0852825389575485","0.9668","0.201974920711702","0.114746522158384","0.332196803682362","0.228809896998316","0.132733327249539","15_15"
"11.044025676498","1.58790389109289","0.963488313898729","1.3690141424358","1.04402567649801","0.0891145751227917","0.9998","0.33364394819364","0.190303001529999","0.295541276186035","0.215916377352681","0.331377441339059","15_15"
"11.2128723469213","1.55157766877129","1.01448384564188","1.17785935218182","1.21287234692129","0.0761132920867328","0.9924","0.217023478345337","0.213318148830077","0.271934027198945","0.226246372999063","0.56025484676078","15_15"
"11.3150662493366","1.51533628136439","1.06968883699327","1.0105234131992","1.31506624933664","0.0855042945984969","0.9616","0.190485051475838","0.142342600800505","0.331983399461181","0.225239248510263","0.60600089658947","15_15"
"11.2328022527207","1.53262222415494","1.04308101196721","1.11029441390853","1.23280225272068","0.0895891015228218","0.9838","0.226096239291001","0.195573252532064","0.328693281203613","0.225332048695587","0.134470437230353","15_15"
"11.1258610296945","1.5626117958543","0.997968662961029","1.25658450695389","1.12586102969451","0.090229623817109","0.9966","0.276423126868031","0.227072368672014","0.30459304686563","0.229617958764197","0.3230717790992","15_15"
"11.3050913360556","1.53700522794678","1.041103833585","1.0873446297816","1.30509133605558","0.0692179583284681","0.9822","0.165330955225069","0.148209804772372","0.263409968373405","0.214411865380402","0.622380385052877","15_15"
"11.1423173128018","1.57396021369521","0.979225025708527","1.29064956034275","1.1423173128018","0.061589144572611","0.9988","0.226743220814362","0.230669920225411","0.208178267906398","0.190550044938944","0.281640737328264","15_15"
"11.0344372353076","1.57423539089031","0.975311726213","1.3314046537017","1.03443723530759","0.116250994923421","0.9996","0.302795742533047","0.51024766397854","0.321979610599494","0.194501883126977","0.323648200780279","15_15"
"11.3009650249032","1.5206990067909","1.06251734693621","1.03675870850199","1.30096502490325","0.0852825389575485","0.9668","0.201974920711702","0.114746522158384","0.332196803682362","0.228809896998316","0.132733327249539","15_15"
"11.1278232629952","1.55579489175218","1.00838468151237","1.22599121065241","1.1278232629952","0.101257158250545","0.9948","0.278704501436967","0.234469098813851","0.336902494855422","0.267604088861228","0.370893775050557","15_15"
"11.1671163212038","1.54659829655198","1.02293053498958","1.17771098295878","1.1671163212038","0.0983314133601133","0.9918","0.253709569102909","0.263173066188953","0.332013766272095","0.248618631810983","0.227080056314042","15_15"
"11.1293985387341","1.55808210002273","1.00543368785611","1.23686560191997","1.1293985387341","0.0967920706841847","0.9954","0.281369609284262","0.228492366583604","0.328971049272221","0.232339539083825","0.187801795258777","15_15"
"11.2536281289329","1.52845570369838","1.04984445602761","1.0851807109325","1.25362812893285","0.0884232835030357","0.9808","0.213236761439158","0.206930974518944","0.325877201147109","0.223354894691108","0.164542650571284","15_15"
"11.18159196442","1.54355865526177","1.02377688943685","1.17866397277672","1.18159196442","0.0923293202726796","0.9916","0.251859466422108","0.214808602407793","0.324414345263213","0.230415755388656","0.21187239922772","15_15"
"11.1872587669504","1.53967460923673","1.02991889683859","1.15456410723627","1.18725876695037","0.096538207515667","0.9902","0.248612944679838","0.223554446902674","0.338210486044176","0.26493234885445","0.193558501004918","15_15"
"11.3009650249032","1.5206990067909","1.06251734693621","1.03675870850199","1.30096502490325","0.0852825389575485","0.9668","0.201974920711702","0.114746522158384","0.332196803682362","0.228809896998316","0.132733327249539","15_15"
"11.1725078894524","1.5388792496792","1.03220225663633","1.15625323685","1.17250788945244","0.103108657721975","0.9898","0.253836680190015","0.254524744875228","0.351252001141445","0.267758713405285","0.2673258642931","15_15"
"11.0803391114232","1.57438938380973","0.982569687726098","1.31068653097156","1.08033911142315","0.0934317830699804","0.9988","0.306256237734695","0.214064774520661","0.310389438673877","0.235301721156499","0.307783471202003","15_15"
"11.2477670822595","1.55066694761878","1.02095891126564","1.15398955032745","1.2477670822595","0.0680010332497153","0.9906","0.18499108601447","0.22028333825652","0.246847176203618","0.203031260042804","0.290363264861963","15_15"
"11.3009650249032","1.5206990067909","1.06251734693621","1.03675870850199","1.30096502490325","0.0852825389575485","0.9668","0.201974920711702","0.114746522158384","0.332196803682362","0.228809896998316","0.132733327249539","15_15"
"11.1631685218588","1.54418111731663","1.02524813500609","1.1770396374254","1.16316852185876","0.10138893765428","0.9912","0.265320095368003","0.209078340359829","0.352533505478515","0.275437024726051","0.242225347798697","15_15"
"11.1334761990158","1.5600063456159","1.00342264016441","1.24532114018261","1.13347619901575","0.0914609233626635","0.9958","0.283567084571183","0.190728170078613","0.319476125237019","0.200577176178023","0.28098592599548","15_15"
"11.1566794964378","1.54829534488387","1.01926514400498","1.18984094512954","1.15667949643783","0.0990923327075209","0.992","0.265478543296547","0.205184240335822","0.340648325123473","0.308633498067164","0.233767410546585","15_15"
"11.3150662493366","1.51533628136439","1.06968883699327","1.0105234131992","1.31506624933664","0.0855042945984969","0.9616","0.190485051475838","0.142342600800505","0.331983399461181","0.225239248510263","0.60600089658947","15_15"
"11.3050913360556","1.53700522794678","1.041103833585","1.0873446297816","1.30509133605558","0.0692179583284681","0.9822","0.165330955225069","0.148209804772372","0.263409968373405","0.214411865380402","0.622380385052877","15_15"
"11.2724972998554","1.53545828848265","1.03973523441048","1.09364443666269","1.27249729985543","0.0783237521827515","0.984","0.190177128496713","0.216013729077494","0.289133044503989","0.212387076653932","0.24099028723633","15_15"
"11.1772732135314","1.54602855883087","1.02058462451878","1.18400335571414","1.17727321353142","0.0922480506147611","0.9922","0.248301922184222","0.232188892975281","0.317364953177055","0.258163502666781","0.519078432006699","15_15"
"11.2506740809295","1.54578012621416","1.02653640557703","1.13551341406136","1.25067408092947","0.0719379418323592","0.9884","0.194156129647435","0.17394680278881","0.265496875653923","0.223461289226982","0.154029330018201","15_15"
"11.2500015989398","1.53020939150396","1.04761976465239","1.0937466347941","1.25000159893985","0.0883879072456357","0.9814","0.218864037994751","0.179580395643468","0.327649511924889","0.232439034731699","0.180337921484302","15_15"
"11.1936887056638","1.55640016662177","1.00930011674064","1.20168108805099","1.19368870566376","0.075545933787571","0.9948","0.216384332551988","0.24691318205987","0.259764553738892","0.260989856110132","0.274095020165634","15_15"
"11.2367591376837","1.53467139832156","1.04078192023625","1.11578237671849","1.23675913768371","0.0885647847817627","0.9846","0.231190828807079","0.153085289666478","0.328826183202612","0.236628683263027","0.137806830150125","15_15"
"11.0647104435803","1.56724575864359","0.987233615562608","1.29859522872201","1.06471044358029","0.109864673738268","0.999","0.284593216690381","0.486338111290361","0.314061247366567","0.205205383629176","0.323406656230529","15_15"
"11.2153804942459","1.53807762147095","1.03429342984135","1.14065209242118","1.21538049424589","0.0884009725247498","0.9886","0.226733001996568","0.231420881355893","0.313855860188278","0.247909501980499","0.464105358122797","15_15"
"11.2941964466678","1.51941400727699","1.06320727608585","1.03049686393054","1.29419644666776","0.0868703474239756","0.967","0.192406393759197","0.207642503627298","0.325732855507136","0.213775774855814","0.201018848950197","15_15"
"11.2505733719564","1.53919116431211","1.03398999297576","1.11695811448937","1.25057337195645","0.0798141451143743","0.9864","0.202779336294237","0.208334347292071","0.291342391629965","0.226261416372608","0.535669320680149","15_15"
"11.2616373040976","1.53405491757593","1.04318757564466","1.10239712288081","1.26163730409756","0.0823738183697602","0.9836","0.216219062762802","0.119730323696391","0.312788439251342","0.228794853624771","0.15731885333017","15_15"
"11.1557515062089","1.55288870623528","1.01234205133469","1.21484886410431","1.15575150620894","0.0916781031466049","0.9936","0.276898963644844","0.147898899678864","0.329702229354582","0.248070647214934","0.139476084950124","15_15"
"11.2399889807175","1.52799828207909","1.04904895184555","1.09204235071301","1.2399889807175","0.0924900673196534","0.9808","0.222443433652496","0.227894901071878","0.33833462360617","0.209800117337956","0.28359410898943","15_15"
"11.2186440135857","1.54045234829214","1.03192116248419","1.14056467351364","1.21864401358566","0.085723950360528","0.9888","0.22255823635113","0.235654000730023","0.305821075163335","0.235841583737566","0.308502279047181","15_15"
"11.1991025432784","1.54147706589278","1.02993590772281","1.15655929153774","1.19910254327838","0.091886532094138","0.9882","0.254959934960837","0.139016856035011","0.339044782592528","0.257209042288509","0.233477898966881","15_15"
"11.1334761990158","1.5600063456159","1.00342264016441","1.24532114018261","1.13347619901575","0.0914609233626635","0.9958","0.283567084571183","0.190728170078613","0.319476125237019","0.200577176178023","0.28098592599548","15_15"
"11.1970216322943","1.54000020321024","1.03088350974441","1.15590638891622","1.19702163229428","0.0926556984470085","0.9896","0.246317330501632","0.184714054886488","0.331669612061701","0.279801095618369","0.14908786659224","15_15"
"11.169982109733","1.55902257007296","1.00350657077694","1.22501873354961","1.16998210973296","0.0814326571170556","0.9952","0.246673423939865","0.219078211586818","0.282128476962842","0.221059938777527","0.261245376853353","15_15"
"11.0941394038198","1.56874256542418","0.99039220791368","1.28306473134671","1.09413940381982","0.0957533857887257","0.998","0.294625652710697","0.250981921360193","0.312511410098557","0.218914458261998","0.32331332364895","15_15"
"11.2061604192551","1.53480104949414","1.03635345565884","1.13282448195092","1.20616041925511","0.09508298122192","0.9868","0.240289174901162","0.227602468998328","0.339688037730101","0.223234650210366","0.253903938119856","15_15"
"11.3009650249032","1.5206990067909","1.06251734693621","1.03675870850199","1.30096502490325","0.0852825389575485","0.9668","0.201974920711702","0.114746522158384","0.332196803682362","0.228809896998316","0.132733327249539","15_15"
"11.2957946471381","1.52383959819476","1.05750113730993","1.05087814252128","1.29579464713806","0.0823612254581464","0.972","0.192809877078737","0.161083057626094","0.313547104232057","0.208379867814138","0.269067262093302","15_15"
"11.1781166095968","1.56022257026271","1.00264480978192","1.22150885632378","1.17811660959677","0.0775045955646767","0.9952","0.244387081062309","0.178546385360212","0.27621154502754","0.217573883785288","0.432692196040678","15_15"
"11.1334761990158","1.5600063456159","1.00342264016441","1.24532114018261","1.13347619901575","0.0914609233626635","0.9958","0.283567084571183","0.190728170078613","0.319476125237019","0.200577176178023","0.28098592599548","15_15"
"11.1337954169891","1.56262595270059","0.998139250739192","1.25563702412922","1.13379541698912","0.0868196473235084","0.9966","0.268994977785737","0.216366366288035","0.29498066186609","0.245940959879792","0.46704326368854","15_15"
"11.3009650249032","1.5206990067909","1.06251734693621","1.03675870850199","1.30096502490325","0.0852825389575485","0.9668","0.201974920711702","0.114746522158384","0.332196803682362","0.228809896998316","0.132733327249539","15_15"
"11.2175937957811","1.5460555995786","1.02400415684031","1.1556929693065","1.21759379578108","0.0816480366082263","0.9904","0.227200111897454","0.183728193932821","0.297587862019742","0.232139702751613","0.497471660214202","15_15"
"11.1956950576632","1.53632422226201","1.03370689465631","1.14286607698311","1.19569505766323","0.0970558673690575","0.988","0.245165925474828","0.218193440034916","0.342644700025495","0.266213252735607","0.255546468116204","15_15"
"11.3002856309853","1.52251626953854","1.0602356590389","1.04121651880209","1.30028563098527","0.083815520253436","0.968","0.197629428069961","0.12670261006017","0.324738684822442","0.220550742844628","0.143986796607875","15_15"
"11.2663145751125","1.52898677525979","1.04993988957077","1.07980869345864","1.26631457511248","0.0865942229808729","0.9776","0.216176900212906","0.137727981791056","0.328364401525337","0.227050107577891","0.349303474584992","15_15"
"11.2236791490468","1.53198451425726","1.04270308571746","1.11291203832939","1.22367914904682","0.093021901432546","0.9836","0.231662006338155","0.214676711414647","0.337599856017363","0.224138157549299","0.159066213504684","15_15"
"11.2459882017685","1.54258384723391","1.03015411611188","1.13192692266655","1.24598820176845","0.0765720992102892","0.9878","0.204890540374121","0.17491856477286","0.28340069824394","0.223789424987664","0.162885710500283","15_15"
"11.2308403272498","1.53916637379659","1.03437463782711","1.13045948798495","1.23084032724985","0.0842381792042729","0.987","0.218396203746218","0.227304408857478","0.304944671509731","0.213182509528292","0.243922826569535","15_15"
"11.2665115135945","1.53393053033165","1.04287458292933","1.0922747079721","1.26651151359453","0.08080472926383","0.9836","0.195400207616962","0.213644809731049","0.296581605777252","0.240802808342249","0.366937324207944","15_15"
"11.2329811100542","1.54164353657828","1.03175868084851","1.1355155606667","1.23298111005424","0.0820942968650426","0.9872","0.220038358823645","0.175750948241982","0.301077169214577","0.246340281407612","0.278718419205625","15_15"
"11.2759998788181","1.52527642770883","1.05630116277145","1.06381862942581","1.27599987881812","0.0874841300805722","0.9736","0.216200274770968","0.118049003164904","0.337700559617289","0.234489765761241","0.147195083846883","15_15"
"11.1605916947097","1.55004769882731","1.01488638684237","1.20743010480303","1.16059169470967","0.0930356546494552","0.993","0.266001163927972","0.210364060184284","0.324131911595974","0.218913926393358","0.301124788430793","15_15"
"11.3150662493366","1.51533628136439","1.06968883699327","1.0105234131992","1.31506624933664","0.0855042945984969","0.9616","0.190485051475838","0.142342600800505","0.331983399461181","0.225239248510263","0.60600089658947","15_15"
"11.1751623846011","1.54907873154168","1.0177723549207","1.19438674055423","1.17516238460108","0.0898595255953833","0.9926","0.259639941115436","0.180482298728953","0.319967451769969","0.22799178217993","0.396426986424648","15_15"
"11.1196097358774","1.57192459288338","0.984462483562155","1.29028306963709","1.1196097358774","0.0805299415587249","0.998","0.280560227510333","0.182037506612939","0.276593559344349","0.213514902252177","0.173077693036288","15_15"
"11.2957946471381","1.52383959819476","1.05750113730993","1.05087814252128","1.29579464713806","0.0823612254581464","0.972","0.192809877078737","0.161083057626094","0.313547104232057","0.208379867814138","0.269067262093302","15_15"
"11.2765114143785","1.5206384789482","1.06107600946458","1.04840764957245","1.27651141437853","0.0895720624322389","0.9708","0.203944929159521","0.208948032302611","0.33465311567487","0.210740725478923","0.253565746070901","15_15"
"11.2871901977863","1.52433033236507","1.05657501245493","1.05712108209796","1.2871901977863","0.083400552145232","0.9752","0.193394041591979","0.197302076434828","0.313055541232585","0.215414762018055","0.170647791190718","15_15"
"11.2556814026862","1.52656990746098","1.05291873390609","1.07521212069481","1.25568140268618","0.0893609234708138","0.978","0.210904898252172","0.226589372396565","0.329414363438436","0.212835166714848","0.231047211868726","15_15"
"11.2626220619235","1.53246107692732","1.04497089028296","1.09476593880288","1.2626220619235","0.0834817837463416","0.9834","0.208129627268065","0.178608633659418","0.309745689334871","0.232110898971017","0.17148154100222","15_15"
"11.2529794788481","1.52832913560587","1.04897903289705","1.0858293739483","1.25297947884809","0.0881056480402455","0.981","0.212070099651656","0.216311789218344","0.323876410724359","0.222439217336006","0.250971398786651","15_15"
"11.2056306721885","1.55350322443871","1.01445017343865","1.18677440502729","1.20563067218854","0.0765269567034576","0.9924","0.230185101561105","0.15556492572754","0.280043947184565","0.219333673205713","0.216122048705226","15_15"
"11.2266999767144","1.53716068922498","1.0375925650672","1.12884402870437","1.2266999767144","0.0897723039429534","0.9854","0.240734580901571","0.135714375028491","0.333541026657601","0.251529173525584","0.219016142369537","15_15"
"11.2816874067771","1.52393909529607","1.05786722242905","1.05685693928715","1.28168740677712","0.0869866647650162","0.9718","0.210602089274709","0.127672279742066","0.3342849853951","0.227906389659383","0.227571051864711","15_15"
"11.2569166721611","1.52854691146185","1.04825215477791","1.09128017528806","1.2569166721611","0.0859188982517624","0.9816","0.210146853779502","0.202003833569091","0.318048164085959","0.215371282335464","0.412811581524218","15_15"
"11.3050913360556","1.53700522794678","1.041103833585","1.0873446297816","1.30509133605558","0.0692179583284681","0.9822","0.165330955225069","0.148209804772372","0.263409968373405","0.214411865380402","0.622380385052877","15_15"
"11.2805450184341","1.52851646417578","1.05064816936221","1.07175080307846","1.28054501843412","0.0821162149026861","0.9784","0.197162986708285","0.182637466254484","0.308379441546593","0.210523563152828","0.261937562977392","15_15"
"11.2110036814247","1.55060285841995","1.01565111231643","1.17466842700686","1.21100368142469","0.0780373454452555","0.9914","0.226646621042003","0.184185055418419","0.283896236448717","0.215978376305638","0.220899463466656","15_15"
"11.2230858092854","1.53533435518905","1.03670439940564","1.13045353475249","1.22308580928536","0.0877993527677421","0.9862","0.229244799337794","0.19408406015909","0.320412645435175","0.226571822542067","0.534863142867949","15_15"
"11.2949737391157","1.5234687425412","1.05836821409526","1.04940108352521","1.29497373911572","0.0837565723687506","0.971","0.197155369720478","0.149126969724308","0.321005223091978","0.216639021967827","0.257813792734966","15_15"
"11.2553952622128","1.54105205147265","1.02991385882947","1.12232516379577","1.25539526221279","0.0768227355705309","0.9872","0.193168481814653","0.184287229981281","0.278174189928474","0.363596866838634","0.184400387777679","15_15"
"11.2957946471381","1.52383959819476","1.05750113730993","1.05087814252128","1.29579464713806","0.0823612254581464","0.972","0.192809877078737","0.161083057626094","0.313547104232057","0.208379867814138","0.269067262093302","15_15"
"11.2612885834308","1.53610805815213","1.04027187734454","1.10327947187854","1.26128858343083","0.0805396854869887","0.9846","0.204725365763523","0.167335576799459","0.299755929397402","0.236318277093569","0.138613007962325","15_15"
"6.32146964117831","1.5116937327356","1.07322125890635","0.997649934203024","1.32146964117831","0.0858796880228978","0.957","0.176949289875144","0.213951085433287","0.325898647311539","0.213238425121617","0.285496816878734","15_15"
"11.3149401348409","1.52566918690617","1.05733433786923","1.04311627129376","1.31494013484088","0.0767368031468968","0.97","0.172068489350523","0.171007791332422","0.294368784906233","0.215365559955372","0.193704700203025","15_15"
"11.2411854189115","1.53389652444997","1.04108514917239","1.11597624380088","1.24118541891146","0.0858533586043176","0.9848","0.22124777496416","0.189734987949126","0.31648796417443","0.210379411331099","0.282356791228522","15_15"
"11.2815525383524","1.52393909529607","1.05778098477371","1.05686987161486","1.28155253835235","0.0870519190148975","0.9718","0.210602089274709","0.127672279742066","0.3342849853951","0.227906389659383","0.53873871685937","15_15"
"11.2556226719421","1.52834240872078","1.04813813958297","1.0901488177425","1.2556226719421","0.0865895749958882","0.9816","0.210020040929858","0.213272465072911","0.31883355885662","0.219514838738475","0.201907797953114","15_15"
"11.2649894131535","1.52850031485967","1.04911359777147","1.08573626015807","1.26498941315354","0.0849256498907643","0.9806","0.20845537397757","0.178680556504118","0.316292470700903","0.221014726407659","0.325652592176009","15_15"
"10.9405118563261","1.61216340511015","0.925182079590084","1.49167792353304","0.940511856326081","0.0962242601463745","1","0.414369291160256","0.148641166564968","0.314962130743875","0.212850271513861","0.479489893980246","15_15"
"11.223957372703","1.53276046877024","1.03802927076752","1.11739420849547","1.22395737270302","0.0898958844420823","0.987","0.218387885598996","0.179049380970675","0.316249763905881","0.505288323620334","0.221897892498685","15_15"
"11.2923426838997","1.53645193987508","1.04298668207653","1.09300450821819","1.2923426838997","0.0720431731734177","0.9822","0.175005778836202","0.162384426500773","0.272992235899451","0.214276412496941","0.455210425641576","15_15"
"11.3022939399646","1.52139911590483","1.06179610097014","1.03630040659826","1.3022939399646","0.0844158778952719","0.967","0.195641739030779","0.143062804625903","0.325404280023831","0.223087331412226","0.413795073055324","15_15"
"11.2849250148415","1.52337913523096","1.05757401067063","1.05462938732035","1.28492501484151","0.0849431645094903","0.9742","0.195444100313778","0.200341400580261","0.318098393100324","0.218339140615586","0.219711392024256","15_15"
"11.2553952622128","1.54105205147265","1.02991385882947","1.12232516379577","1.25539526221279","0.0768227355705309","0.9872","0.193168481814653","0.184287229981281","0.278174189928474","0.363596866838634","0.184400387777679","15_15"
"11.2663145751125","1.52898677525979","1.04993988957077","1.07980869345864","1.26631457511248","0.0865942229808729","0.9776","0.216176900212906","0.137727981791056","0.328364401525337","0.227050107577891","0.349303474584992","15_15"
"11.2525798508126","1.53203917048513","1.04486386954014","1.1018144659549","1.25257985081262","0.0845944384965989","0.9836","0.209821107069997","0.201931910724391","0.311501382719927","0.226467454898823","0.25864053035043","15_15"
"11.3002856309853","1.52251626953854","1.0602356590389","1.04121651880209","1.30028563098527","0.083815520253436","0.968","0.197629428069961","0.12670261006017","0.324738684822442","0.220550742844628","0.143986796607875","15_15"
"11.2784048482329","1.52514867768527","1.05479504318137","1.06533765782927","1.27840484823287","0.084251250226322","0.9766","0.197439507420851","0.203897089803114","0.314496281194817","0.215490412209222","0.267025139037454","15_15"
"11.246201135291","1.54699527924385","1.02529056687535","1.14191515127846","1.24620113529097","0.0720098499884292","0.9888","0.199286563602097","0.160848091735649","0.266925684500302","0.214008606973633","0.567930780042869","15_15"
"11.2765585556351","1.5363326455474","1.04183216625945","1.09811942284139","1.2765585556351","0.0752608621777826","0.9832","0.186656507466525","0.174504089874777","0.282096724699756","0.214461067443085","0.59932347604057","15_15"
"11.2793336871536","1.51800186086124","1.06289628525646","1.03665157808888","1.27933368715363","0.0893250186870326","0.971","0.191998682165538","0.14840676589891","0.327584342529327","0.737406677799299","0.450019616269113","15_15"
"11.2593483486944","1.52683680890525","1.05153451470803","1.07710552683543","1.25934834869436","0.0883829050620376","0.9796","0.207440469309542","0.173497757041324","0.322927233761599","0.362171688117087","0.253013521842498","15_15"
"11.2126190100357","1.53860268135757","1.03238454968387","1.14636097339218","1.21261901003574","0.0879140713021879","0.988","0.237563266042548","0.181712129861252","0.321191051653601","0.216914382876398","0.826114465016872","15_15"
"11.2931244824999","1.53261481168599","1.04699064456131","1.07627257165465","1.29312448249986","0.0758951894568156","0.9806","0.176618226288746","0.208516670510015","0.2831009533044","0.212302319345464","0.396456237143533","15_15"
"11.2297211864746","1.54391469527429","1.02877768245937","1.14420410793512","1.22972118647458","0.0813040155751054","0.9882","0.222745038850894","0.180255735936469","0.298488033730603","0.211678657190762","0.223961405158091","15_15"
"11.2445680981242","1.5398307213079","1.03412919305962","1.12239150467846","1.24456809812415","0.0810096448413043","0.9864","0.208721380135085","0.213129787129077","0.295362403983684","0.213317962411752","0.411092785980836","15_15"
"11.2367450830702","1.5345638155283","1.03989510974847","1.11660710618879","1.23674508307022","0.0856634632520729","0.985","0.218986541006863","0.193643312847833","0.313908570864166","0.230280207807036","0.484446791371484","15_15"
"11.2871901977863","1.52433033236507","1.05657501245493","1.05712108209796","1.2871901977863","0.083400552145232","0.9752","0.193394041591979","0.197302076434828","0.313055541232585","0.215414762018055","0.170647791190718","15_15"
"11.3150662493366","1.51533628136439","1.06968883699327","1.0105234131992","1.31506624933664","0.0855042945984969","0.9616","0.190485051475838","0.142342600800505","0.331983399461181","0.225239248510263","0.60600089658947","15_15"
"11.2767527693994","1.53326745240766","1.04547261437661","1.0857632177066","1.27675276939942","0.0794810121108014","0.9816","0.196711459269846","0.165012377108044","0.298955306950171","0.212679586929015","0.266005320401867","15_15"
"11.2816874067771","1.52393909529607","1.05786722242905","1.05685693928715","1.28168740677712","0.0869866647650162","0.9718","0.210602089274709","0.127672279742066","0.3342849853951","0.227906389659383","0.227571051864711","15_15"
"11.3050913360556","1.53700522794678","1.041103833585","1.0873446297816","1.30509133605558","0.0692179583284681","0.9822","0.165330955225069","0.148209804772372","0.263409968373405","0.214411865380402","0.622380385052877","15_15"
"11.247741530392","1.53149112904067","1.04457509220318","1.10316036311424","1.24774153039197","0.0870057583452741","0.9834","0.220786304517344","0.174885063983","0.323154485784768","0.217545380774578","0.486053382304603","15_15"
"11.2854894090545","1.53056088835226","1.04974946160033","1.07205008464988","1.28548940905448","0.0794549453513803","0.9796","0.191858440870419","0.160624695916853","0.300406945572824","0.22093113637316","0.252065383690802","15_15"
"11.28649004545","1.52418414066303","1.05771463145094","1.05345142106036","1.28649004544999","0.0856807016662537","0.9716","0.205922149007748","0.132591519430752","0.329099329724209","0.224905678237727","0.446449884967249","15_15"
"11.236063540983","1.5306404153738","1.04261229315903","1.1056013463189","1.236063540983","0.0888177384114473","0.9852","0.213760775639675","0.178751122958198","0.316261293468422","0.45563592586998","0.288540921298317","15_15"
"11.2709047004918","1.52602828213012","1.05273594132951","1.07482339975608","1.27090470049183","0.0853970356337093","0.9778","0.202940442785263","0.200529454856057","0.317840238282026","0.217971813956416","0.238385709012523","15_15"
"11.2702777665023","1.52700330854719","1.05256932174817","1.07095626700797","1.27027776650228","0.0866302946741632","0.9776","0.208488281426274","0.172553040836642","0.324295792850813","0.225338402930999","0.344026136964102","15_15"
"11.2496620744023","1.53032601536531","1.04462237246137","1.10140186171145","1.24966207440232","0.0857896799311299","0.9834","0.213082483936892","0.178978814516595","0.316280941138362","0.270667124158013","0.259009563376378","15_15"
"11.2671973376405","1.52851806814654","1.04988949387638","1.08112306387362","1.26719733764051","0.0857226762655779","0.979","0.212418700555983","0.149889870504155","0.323440845892664","0.222456333514046","0.753856155767592","15_15"
"11.2742460201111","1.52645751934865","1.05383828502067","1.0672209551135","1.27424602011106","0.0868845980573904","0.9762","0.208635188951629","0.164996781502675","0.327074667735913","0.224261590264685","0.327985307131108","15_15"
"11.3149401348409","1.52566918690617","1.05733433786923","1.04311627129376","1.31494013484088","0.0767368031468968","0.97","0.172068489350523","0.171007791332422","0.294368784906233","0.215365559955372","0.193704700203025","15_15"
"11.2868176864192","1.52094800291955","1.0614246535335","1.04158041399807","1.28681768641916","0.0873002680593782","0.9688","0.20237185925529","0.134909483691263","0.332029738310574","0.329579838790201","0.429643556347726","15_15"
"11.296312579784","1.52270577085138","1.05882405481869","1.04890522033402","1.29631257978399","0.0833550910322486","0.9712","0.193073525541522","0.163071248152781","0.317156964703093","0.220380531456917","0.334433729735125","15_15"
"11.2951301412562","1.52423096999379","1.05690399831028","1.05313179537297","1.29513014125622","0.0818339483203525","0.9726","0.194122985204163","0.144283729755768","0.313781741708258","0.217538303982361","0.537572487256212","15_15"
"11.2890631451998","1.52267464204499","1.05958231931781","1.04821553130868","1.28906314519983","0.0857792469508108","0.9698","0.205101153910297","0.131039914689123","0.330941028307891","0.225424987912189","0.256210481889642","15_15"
"11.2727138982712","1.52083130901205","1.06041504110541","1.04890578128522","1.27271389827115","0.0898002392823927","0.9734","0.200228912184957","0.141169561949713","0.329839589613853","0.635733228668481","0.247947111786098","15_15"
"11.2962631354046","1.52057294781127","1.06233535423893","1.0380475382309","1.29626313540463","0.0857321532871215","0.9672","0.20032167929774","0.138143564937217","0.330589935694722","0.226088042833881","0.506083904947445","15_15"
"11.3046386782124","1.5199170448153","1.06278597566336","1.03292443890002","1.30463867821236","0.0837158309237504","0.967","0.188285908231792","0.17317751716286","0.319873116145322","0.216466107078464","0.525589841050553","15_15"
"11.2614597105955","1.52953826803975","1.04790272677769","1.08889546254179","1.26145971059546","0.0843216494179928","0.9814","0.203998896352715","0.173217701641587","0.311343268536576","0.309978434444991","0.259467981893723","15_15"
"11.2729654197871","1.53721917842022","1.04143975801743","1.10240453981788","1.27296541978713","0.0761290554206935","0.9834","0.194012338265512","0.144389377337821","0.287627888578265","0.221082291776846","0.487528708045341","15_15"
"11.2711820043083","1.52735158638121","1.05194907158004","1.07351467560679","1.27118200430833","0.0858233852071893","0.9774","0.209366289806204","0.158226845798741","0.324032692611214","0.227258197250402","0.297605337840725","15_15"
"11.2931244824999","1.53261481168599","1.04699064456131","1.07627257165465","1.29312448249986","0.0758951894568156","0.9806","0.176618226288746","0.208516670510015","0.2831009533044","0.212302319345464","0.396456237143533","15_15"
"11.3150662493366","1.51533628136439","1.06968883699327","1.0105234131992","1.31506624933664","0.0855042945984969","0.9616","0.190485051475838","0.142342600800505","0.331983399461181","0.225239248510263","0.60600089658947","15_15"
"11.2745980252137","1.5283608092403","1.05044454114507","1.07375482979578","1.27459802521372","0.0833005908663466","0.9792","0.200153032226673","0.165292432507781","0.310539272175194","0.26487284060111","0.259550860350642","15_15"
"11.1422919103635","1.55828623645657","1.00531517079576","1.23820387147162","1.14229191036347","0.0908806814355598","0.995","0.288518918595339","0.130916722983755","0.329349710029785","0.220056983429558","0.51744716747684","15_15"
"11.2923426838997","1.53645193987508","1.04298668207653","1.09300450821819","1.2923426838997","0.0720431731734177","0.9822","0.175005778836202","0.162384426500773","0.272992235899451","0.214276412496941","0.455210425641576","15_15"
"11.0566899419434","1.58202086846336","0.971909537497674","1.34799168982723","1.05668994194343","0.0934411267807929","0.9992","0.336452461839626","0.145396723323279","0.31989740610919","0.220699677743686","0.500781443362776","15_15"
"11.2753142261204","1.52708684043118","1.05281340818259","1.06858347149459","1.27531422612039","0.0859723572757334","0.976","0.209691173446075","0.148125990447443","0.326544763484789","0.221662918816639","0.255618306199995","15_15"
"11.2672053415301","1.52898995896743","1.04885191846876","1.08445529976543","1.26720534153006","0.0853843640758801","0.9794","0.213302690351546","0.148111077206626","0.322326240858746","0.221484531160103","0.290942791097215","15_15"
"11.2987726685925","1.52042639010044","1.06168335567706","1.03670233997719","1.29877266859248","0.0858119531844144","0.9676","0.197557908162213","0.155460639485685","0.328087585644612","0.22090712734397","0.414423971919524","15_15"
"11.2601050166395","1.53080868894266","1.04520023544647","1.09753749187451","1.26010501663946","0.0845209554594228","0.9828","0.215997085238848","0.151411756792499","0.317582204490327","0.223803243720864","0.346970759629893","15_15"
